Timesteps,75% Efficiency: (0.75),85% Efficiency: (0.85),95% Efficiency: (0.95)
19583,0.834900141,0.176515102,0.629451156
23898,0.965412676,0.171130091,1.001800299
25001,0.941650569,0.192158267,1.36503768
26389,0.891892791,0.16826877,1.525015473
26831,0.88490957,0.196735203,1.53928721
27184,0.904812396,0.155191958,1.499315619
29136,0.957918465,0.234264225,1.804056168
29624,0.956756473,0.232554778,1.914683342
30435,0.935473979,0.223591104,1.965783358
32736,0.965619862,0.307694405,2.00078845
34377,1.128933311,0.335607916,2.078612566
35197,1.102404594,0.338406473,2.085437059
35488,1.074570179,0.401596874,2.159307957
35785,1.244096994,0.444377512,1.907488704
36182,1.172392249,0.515971124,2.43596673
36701,1.214056492,0.552532256,2.27840066
42516,1.204150677,0.591416717,2.188601732
43242,1.386617541,0.610177398,2.178449154
50605,1.388335943,0.619550169,2.389231443
51716,1.47869277,0.622908235,2.138947725
52480,1.390707135,0.694827199,2.191537619
52807,1.60700357,0.657883942,1.986588001
54524,1.419972539,0.672140539,2.28578949
55387,1.580919862,0.684936345,2.36945796
56150,1.522017121,0.674533308,1.880062342
56538,1.766299963,0.673311412,2.069410086
57092,1.381662846,0.721779346,2.080905199
58994,1.635787725,0.775972307,2.114321232
59266,1.560777187,0.787842155,2.059103727
59775,1.747541189,0.832654357,1.908233881
63501,1.740966558,0.778268337,2.376337051
64313,2.02594924,0.801800132,2.311931133
64797,1.603412628,0.745008469,2.407331944
65602,1.954080701,0.811222315,2.313113689
70232,1.847122073,0.805505991,2.392404795
71985,2.046233654,0.856032312,2.07066679
74761,2.182405472,0.865386009,2.490665674
77771,2.092822552,0.911305487,2.095882416
78164,2.197108984,0.883546174,1.714406371
81775,2.29192853,0.92036128,2.388803959
82161,2.368231535,1.001575112,2.20765686
82434,2.45697093,1.078068018,2.172458887
83877,2.306868553,1.016478896,2.07595253
85766,2.472221375,0.986675978,2.259108543
88182,3.058721066,1.015782237,2.216990471
89564,2.325588942,1.054003239,2.3037076
92490,2.529683113,1.021045566,2.197565556
93061,2.37906909,1.080832839,2.360161781
93314,2.582459927,1.070871472,2.621224403
94743,2.952405691,1.139213204,2.11735177
95243,2.545170784,1.176008105,2.389558792
95770,2.653509855,1.152462363,2.093044043
96988,2.508478403,0.973285913,2.204096556
97494,2.573899031,1.378445268,2.253493547
101124,2.598886013,1.213962436,2.107267141
101691,2.480835199,1.290048361,2.289890051
102294,3.266388655,1.291082978,2.314731121
102830,3.16507864,1.206542253,2.492841244
105410,2.396545649,1.238490462,2.765102625
108083,2.692928791,1.346778154,2.44325161
109650,2.748127699,1.257282853,2.301756382
110601,2.792946577,1.261783361,1.895044565
110891,2.457638502,1.405938745,2.15343523
111511,2.528731108,1.354809761,2.406045437
112629,2.678903103,1.458890319,2.210376501
113134,2.893703222,1.191687942,2.339602232
115522,2.741979599,1.412920713,2.318478107
115859,2.693287373,1.379709601,2.270075798
116393,2.889009714,1.500860572,2.21804595
117544,3.474118948,1.474751115,1.939617395
117819,2.671908855,1.45753336,2.309308529
119369,2.747549295,1.723575115,2.173164606
119506,2.909909487,1.395279884,2.333699226
119998,2.681286097,1.47810173,2.203583479
120919,2.586868525,1.484468937,2.227575779
121662,2.334162712,1.481747985,2.239681482
122137,2.94670105,1.238507271,2.158539772
123606,2.718439579,1.538060904,1.843343973
124787,2.961392164,1.513597131,1.822488904
124849,2.547262192,1.454403639,1.704270482
124975,2.96912837,1.575870991,2.213400602
125235,2.878204107,1.342050552,2.260895729
125303,3.051336288,1.370204568,1.937656879
127468,2.969765663,1.112406015,2.092915773
127726,3.218261957,1.340499997,1.814966083
128307,2.648636103,1.53322196,2.063522816
128622,2.790032148,1.598750949,1.995276332
129632,3.069868326,1.359033585,1.772055745
130253,3.386791468,1.635442615,2.017519236
132089,2.798480988,1.560080528,1.847937107
132557,2.749515772,1.527364731,1.7763381
132810,3.415580273,1.395815372,1.823340297
135424,2.829283237,1.337605357,1.837039948
136365,2.907141924,1.639920592,2.036080837
136452,2.128632069,1.565179706,1.885854959
137263,3.25006485,1.553624034,2.111986637
138007,3.178594828,1.610218763,1.753233314
139374,3.172336102,1.638926983,2.049852371
139522,2.784180164,1.630319715,1.963695288
139693,3.128620386,1.611371875,1.791150331
140220,3.071077585,1.638437271,2.395102739
142794,2.899808645,1.531693578,2.033667088
143886,3.364801168,1.844416499,2.310341835
144450,3.307083368,1.396046162,1.958342791
144709,2.948992491,1.460938692,1.71993053
144877,3.182254791,1.41171658,1.794636965
144981,3.568498611,1.436353207,1.63767314
145174,4.997055054,1.491530061,1.961839199
145522,3.118617296,1.47020936,1.681813955
146161,3.052893162,1.540491104,1.592484951
147272,3.096835375,1.677758932,1.878062487
148104,3.193306923,1.651975393,1.700758219
148221,2.853592157,1.689414978,1.555746794
148580,3.140393734,1.387168646,1.759283304
149266,2.765612125,1.790084958,1.919542193
149450,3.215662956,1.711432099,1.544717431
149705,3.260911465,1.541061401,1.596329808
150232,2.961480141,1.772235632,1.445496321
150583,3.086462259,1.654327869,1.823588371
151117,2.967770576,1.737030268,1.71871233
152674,3.096000433,1.567681074,1.770654559
153159,3.418997288,1.538061857,1.927196026
153344,2.884739399,1.61942327,1.603466749
154119,3.168047428,1.516542435,1.693396688
154266,3.292729139,1.517497659,1.628390312
154436,3.062695742,1.775875092,1.553962827
155543,3.438370943,1.656700611,1.694666386
155874,3.421567917,1.715310454,1.474048615
156284,3.070298433,1.650068283,1.516795754
156506,3.59968853,1.937908649,1.79131341
157802,3.083942175,1.603776574,1.446861982
158411,3.295726538,1.855444789,1.422731996
158785,3.283148527,1.714728832,1.574039102
158926,3.666983366,1.711045146,1.512998104
160073,4.439522266,2.270668983,1.338365316
160751,3.285058022,1.61256659,1.438463569
161145,3.005861044,1.701011419,1.355686069
162148,3.05685401,1.64119947,1.309370756
162726,3.1361444,1.9015131,1.749009013
163204,3.440539837,1.648841739,1.369166493
164117,3.545027733,1.619151831,1.504926801
164317,3.635914564,1.706403375,1.498710036
164938,3.845020533,1.454782367,1.471698165
166795,2.886862993,1.486298203,1.452428699
169073,3.114440918,1.51333034,1.822693348
169392,3.79247117,1.563535452,1.366548777
171154,2.896105528,1.519410968,1.429746747
171420,2.893829346,1.519180536,1.536244631
172007,3.17551446,1.573093414,1.384661794
172460,3.200358152,1.596632838,1.678819656
173800,3.323692799,1.356401205,1.32784605
173836,3.729914188,2.035794258,1.657461286
174004,3.127406359,1.549502254,1.320387959
175296,3.04603529,1.79175663,1.651826262
175415,3.382434845,1.668150544,1.316858172
175983,3.066623449,1.825633049,1.536009192
176858,3.522740364,1.604573965,1.482948542
178218,3.124901533,1.708446503,1.419929028
178279,3.369554281,1.651693821,1.416769862
178334,2.978880167,1.742663741,1.342363477
178565,3.171659708,1.653498054,1.325248361
178748,3.126100063,1.214719892,1.390120149
180981,3.140443563,1.543238163,1.627899885
181422,2.969170332,1.780810595,1.600605488
184036,3.082777262,1.553667188,1.445106268
184472,3.101292849,1.600049496,1.580392599
184654,3.366318464,1.715982914,1.575888753
185814,3.39915514,1.617549181,1.478122592
186163,3.65448308,1.598733783,1.504659534
186582,3.145343065,1.782774806,1.538328886
186866,3.137328625,1.353834271,1.205026746
187267,3.061438084,1.698281407,1.513129711
187738,3.20955348,1.887665987,1.465272069
187863,3.021212339,1.597040415,1.294196367
188419,2.764977217,1.856399298,1.485830069
189083,3.211855412,1.442011714,1.505581141
189487,3.419259071,1.894950032,1.38608253
190104,3.224933147,1.735093832,1.695828795
191929,3.187625885,1.764290094,1.398599505
192022,3.412410021,1.629523516,1.557751536
192473,3.585683584,1.731333137,1.524706721
193483,3.210500002,1.727878332,1.465227842
193878,3.251017332,1.684153438,1.47274363
193957,4.606739521,1.785662174,1.585342169
194815,3.102653503,1.852707386,1.491290212
194988,3.086529016,1.67553401,1.382496834
195235,3.687644243,1.74990797,1.508661509
195646,3.319760799,1.823444009,1.483407974
196063,3.922142029,1.915359259,1.631522298
196540,3.248403072,1.653920054,1.090265512
196901,2.844996929,1.566623807,1.30435133
197345,3.110675097,1.765408039,1.288680911
199090,2.948292255,1.754823327,1.583571553
199158,2.819511652,1.724040866,1.323374748
199386,3.426497698,1.811322451,1.286949873
199831,3.684734821,1.856557131,1.520184994
200162,2.778814316,1.74472034,1.398202658
200854,3.092154503,1.648036599,1.437031627
201168,3.082482338,1.857466221,1.46903336
201591,3.336867094,1.774952888,1.401375413
201827,3.083560705,1.671089649,1.332194686
202431,2.935869932,1.686603904,1.381179094
202977,3.435225725,1.430857539,1.210324764
203894,3.219880581,1.671689153,1.188095927
203971,2.961995363,1.888318658,1.255218983
204397,3.158085346,1.688838363,1.343956113
204668,2.586673975,1.795668006,1.25551939
204783,4.148783684,2.035579205,1.327030897
204951,4.713832855,1.414696455,1.565159321
205464,2.976123571,1.865056038,1.203591585
205589,3.665276766,1.730084896,1.222119689
206815,3.271184921,2.18827343,1.444614291
207762,3.087821245,1.877690792,1.238435984
208333,2.836387396,1.855500698,1.158584237
210226,3.413717747,1.766961217,1.370498896
210789,3.109619617,1.764391065,1.532992721
210991,4.467697144,1.717242956,1.183710337
212186,2.890476704,1.61665988,1.47444737
212750,2.743602276,1.74224174,1.504739046
213883,2.989955902,1.648086429,1.208734751
215278,3.03968358,1.669414043,1.260544062
215512,2.813483715,1.903956771,1.52515924
215672,2.820231915,1.653619647,1.261710167
216086,2.963502407,1.757735848,1.335044384
216156,3.042205334,1.620755434,1.28766942
217065,2.604223013,1.97060883,1.274081469
217319,3.37438941,1.541608691,1.256273627
218145,3.235978842,1.835415244,1.303457141
218366,3.284743786,1.893563032,1.33688128
218851,3.734531403,1.932877302,1.255035996
218927,3.464149475,1.851062417,1.428495169
219142,3.17367363,1.811138391,1.212848902
219661,3.062558174,1.671822548,1.264801979
219863,2.89513588,2.006786823,1.302473426
220575,2.985194683,1.737896681,1.205401421
220887,3.779829502,1.731070876,1.239688039
220989,3.050328732,1.873714685,1.269259691
221723,3.144684076,1.554081202,1.219350338
222123,2.100681782,1.983080983,0.940242767
222164,2.905683517,1.639588237,1.201559067
222655,3.232891798,1.726196527,1.001737833
222984,2.919703245,1.929570556,1.204879045
223051,2.719421864,1.710709453,1.138680577
223704,3.012357473,1.761759043,1.064382076
223864,3.223608255,1.750716209,1.033216
224411,2.79817915,1.67868185,1.073453307
224485,3.52142787,1.540409684,1.218076468
224797,3.004648209,1.465637803,1.091824293
224867,3.214031219,1.901660681,1.386997342
225886,2.904858112,1.823411822,1.065181255
226129,2.860203505,1.581837773,1.090687633
226911,3.637196779,1.704347372,1.282372355
227881,3.317860126,1.765705824,1.157554746
228170,2.925810099,1.800162315,1.235223413
228588,3.084468603,1.877534747,1.110351563
228902,2.881859779,1.849230886,1.188324571
229507,2.80458951,1.711391568,1.253154397
230301,2.465102196,1.704603791,0.992392361
231001,3.034561634,1.793605924,1.122380376
231555,3.715778112,1.796349764,1.154528856
231706,3.265921831,2.128368378,1.051406503
233456,2.795660973,1.599032044,1.084013581
233542,2.93606782,1.603253245,1.172760606
233821,3.215063572,1.745614767,1.057006836
233965,2.52986002,2.014419556,1.088567019
234600,2.736755371,1.708075166,0.908742309
235500,2.542024612,1.692585349,0.961377621
236314,2.774456978,1.732021689,1.038730025
236877,2.82920146,1.738345742,1.015938163
237064,2.878438711,1.791732907,1.126052856
237120,3.340113163,1.749833107,1.126307487
237419,2.614254951,1.52512598,0.979079247
237926,2.849363089,1.561498284,1.032948494
238122,2.893264771,1.813492775,1.064032197
238221,2.977962255,1.603938341,0.994960606
238672,3.029189348,1.63686204,1.007996917
238972,2.346391678,1.676397204,0.918802261
239104,2.598380089,1.624333501,1.134365678
240019,2.929459333,1.798523784,1.186383843
240069,2.908625126,1.801886797,1.053617239
240670,2.638036489,1.900953293,1.07329762
241299,2.797297478,1.633213878,1.178833127
241787,2.741746426,1.662909746,1.089751482
241895,2.750920296,1.745990396,1.173516393
242028,2.094121695,1.66560638,1.022339582
242096,2.92614913,1.718164206,1.056104302
242222,2.978983164,1.745072603,1.209270716
242759,3.134098768,1.642508507,1.010745645
242830,3.024689674,1.687098384,1.006769061
243203,3.150803804,1.832948089,1.022218466
243415,3.291056395,1.693968654,1.136989713
243480,2.678689241,1.857280374,0.863729715
244058,1.449792743,1.976132631,0.985468149
244107,2.902602911,2.127292871,1.026040316
244593,3.102784395,1.745569706,0.842833519
244682,2.764503002,1.558680773,1.105263948
245039,2.664230824,1.595413685,1.120110154
245498,2.229548216,1.769755006,1.115909576
245697,2.793337584,1.713547111,0.982804179
245727,2.126435757,1.745479107,1.101982713
245999,2.007066727,1.668229461,1.081744671
246731,2.400658607,1.741702318,1.19108808
246748,3.08873558,1.725133896,1.189329386
247159,2.752138853,1.577407598,1.137503743
247323,2.842948437,1.753358364,1.225982308
247625,2.337879658,1.785594106,1.30108726
247654,2.646060705,1.761063814,1.126973152
247749,3.130320072,1.70558548,1.270436406
248486,2.894276381,1.746355653,1.144251943
248587,2.738002539,1.887540698,1.118015885
248756,2.965784311,1.543624878,1.170658112
248868,2.700415134,1.97315371,1.198826075
248950,4.173767567,1.523972511,1.130672932
249187,2.720206261,1.721298099,1.173162699
249971,2.766981602,1.593295455,1.171997547
250073,3.35133934,1.751127362,1.263729692
250203,2.794821501,1.60009706,1.347275138
250604,1.351012707,1.746664762,1.15827775
250972,3.094646931,1.692697287,1.08098948
251008,2.532465696,1.574438572,1.046895742
251123,2.621409893,1.813171625,1.093264818
251663,2.969774008,1.71335721,0.926634908
252046,2.94112277,1.874637127,0.901642442
252300,2.452445269,1.738551974,0.822531283
252501,2.804885149,1.679586172,1.075773597
253619,3.059366703,1.522424102,0.972681403
253832,2.539573669,1.596357703,1.076340318
254635,2.64599371,1.584862947,1.047676802
254732,2.801893234,1.550259829,0.932384253
254829,2.532094955,1.593845487,0.801366448
255295,2.825354099,1.757247806,0.865210056
256201,2.814755917,1.698378205,0.891842961
256345,2.83311367,1.607863903,1.149799943
256422,2.487626076,1.604762197,0.82739538
256861,2.18363452,1.669996262,0.904643953
257150,2.290853977,1.77449584,0.879186511
257335,3.257829666,1.631791115,0.835552335
257747,2.816958189,1.790862203,0.821294308
258086,2.261552811,1.484174728,0.859249115
258347,2.940901995,2.188447714,0.958242357
258788,2.498750925,1.501101851,0.991825342
259381,3.398030996,1.74516964,1.080989838
259471,2.597623825,1.626809478,0.924846947
259510,4.03622961,1.917236209,1.008168459
259769,2.74388051,1.706157684,0.895312369
260038,3.034286261,1.667104602,1.040215135
260067,2.48821044,1.642478466,0.88989675
260138,2.934623241,1.941095114,0.854973733
260474,2.540773153,1.872529745,1.024246693
260605,2.700164557,1.76976335,0.813632011
260870,2.363325119,1.661943316,0.861165226
260940,2.732043982,1.701828599,0.938560426
261058,2.443158865,1.713979006,0.983536184
261284,2.761476517,1.5307796,0.751971722
261315,3.143748522,1.737553,0.910721183
261408,3.395172834,1.350020051,0.835563838
261633,3.041290045,1.760528803,0.888049841
261670,2.446297646,1.556419849,0.898615599
262009,1.75880146,1.488478184,0.820586383
262322,2.584894896,1.672510862,0.940715671
262438,3.684401989,1.700919747,0.961325169
262563,2.809146881,1.690488458,0.808297217
262634,3.239729643,1.689029813,0.836576819
262706,3.032069206,1.686912775,0.938241065
262842,2.858832359,1.695809245,0.856474638
262899,1.964626789,1.852455258,0.866281688
263182,3.672217131,1.59629178,0.912143946
263225,2.723724365,1.638751507,0.964106202
263304,2.786350727,1.742784023,0.831650794
263375,2.312253714,1.760798693,0.854874551
264092,2.745835781,1.713400841,0.893043816
264328,2.41448164,1.873874068,0.852257073
264403,2.851229668,1.737782717,1.041462541
264720,2.656617641,1.61745429,1.040171742
264920,3.987609148,1.68842864,0.94772613
264967,2.344617128,1.257615328,0.993545651
265111,1.644418955,1.684629321,0.955521941
266004,2.673851967,1.607394934,0.982893765
266548,2.306839943,1.567412734,0.814431965
266639,2.745159149,1.689555287,1.129335403
266720,2.709738255,1.629742861,0.825353265
267021,2.54898572,1.698249459,0.986115515
267106,3.081662655,1.774022937,0.991217792
267319,2.345626831,1.650066614,1.072191834
267388,2.541669846,1.907667875,1.082320452
267448,2.551893234,2.031903505,0.913307846
267658,2.416176081,1.761264443,0.969537616
267799,2.771607876,1.488661289,0.842226088
268150,2.429485321,1.600988865,0.913615823
268240,3.45746398,1.526848078,0.803929925
268364,2.123368979,1.7593683,0.920358539
268814,2.90587163,1.323295355,1.075330496
269589,2.992039204,1.542386413,0.879082501
269993,3.015982151,1.708219528,0.857001364
270551,2.645403147,1.687856913,0.898243368
270979,2.597584009,1.669857502,0.88416487
271061,2.722050667,1.777936101,0.777191758
271230,2.47185421,1.503469706,0.897591233
271249,2.162573576,1.711463213,0.788301229
271266,3.011216402,1.809939861,1.127697825
271399,2.744962931,1.561721444,0.749466896
271492,2.610357046,1.218971968,0.822277665
271656,2.999120235,1.817123652,1.010286331
272066,2.195530415,1.660204887,0.731458485
272593,2.36477828,1.631051898,0.978461325
273032,2.553680897,1.605508685,0.832437992
273251,3.226207256,1.531724215,0.920157492
273470,2.399984837,1.68447578,0.811306536
273511,2.559096336,1.647797108,0.842392743
273553,2.909590721,1.322460651,1.107998013
273687,2.067824841,1.552648544,1.00022316
273862,1.768018007,1.394659162,1.015892267
274280,2.402254105,1.527303815,0.788605928
274342,2.343666077,1.674549341,0.855232239
274440,2.707970381,1.578824639,0.822121501
274648,2.50643754,1.873125315,0.910569727
275005,2.825329781,1.555475831,0.912847757
275140,2.373548746,1.680663824,0.941085041
275183,2.681365013,1.521035194,1.053891897
275321,2.379592419,1.736518145,0.954228222
275594,2.456551075,1.385038376,0.871236503
275834,2.415689707,1.737580895,0.834256113
276014,1.63125217,1.642038226,0.788835526
276193,1.765531898,1.579427123,1.012857437
276357,3.537893772,1.701809764,0.881172776
276708,2.581768513,1.780218601,0.789758086
276812,2.189983368,1.441430807,0.929675698
277100,2.92415905,1.449516654,0.879468441
277707,2.572558403,1.685625672,0.81560427
277896,2.503470421,1.58298564,0.828491211
277986,2.594593525,1.340853214,0.871838987
278056,1.794389486,1.591190815,0.798816442
278178,2.561776638,1.541156292,0.7961514
278257,2.579516172,1.517216921,0.933694839
278330,1.5182693,1.7312181,1.011410236
278657,2.134678841,1.519619584,0.893710315
279153,1.749441147,1.489365101,0.868789792
279411,2.187633038,1.699204445,0.875834823
279608,2.844014406,1.581042051,0.944096088
279695,2.648470163,1.572036028,0.869257987
279947,2.297347069,1.532016873,0.924055576
280032,2.074860811,1.370092034,0.866504371
280241,2.083664417,1.59916234,0.917926013
280498,2.346003771,1.66330564,1.150239229
280694,2.424304962,1.639718771,0.999633312
280973,2.36073184,1.873741508,0.99855864
281080,2.959769726,1.284169912,1.050169349
281203,2.37408638,1.59162271,0.93708545
281228,2.502306223,1.318957806,0.9776057
281246,1.85980618,1.352884531,0.895250559
281426,3.062415838,1.721467495,0.87938422
281538,2.194298506,1.683486223,0.762586713
281875,1.773647189,1.835309148,0.749171913
282024,2.433757067,1.591165066,0.881791055
282158,2.427778006,1.522828817,0.765669465
282192,2.606577635,1.52263999,0.778063893
282905,2.223007441,1.69067955,0.796845436
283092,2.351652622,1.530071855,0.844554186
283166,1.988283515,1.59826684,0.882520914
283249,2.396098852,1.610372186,0.872951806
283470,2.438181639,1.419578314,0.876824617
284205,2.216249943,1.708711624,0.842302024
284307,2.53417778,1.534124374,0.857402802
284407,2.439690113,1.469385862,0.872020721
284430,2.099634886,1.601117253,1.014530063
284533,2.118267536,1.439288735,0.940349817
284571,2.738906145,1.601940513,1.108323932
284842,2.222728252,1.525126219,1.001924038
284930,2.362928867,1.507440209,0.799559295
284979,2.592092037,1.584785223,0.860771775
285107,2.301194668,1.493265033,1.188351035
285132,2.31319046,1.739750028,0.972080767
285251,2.54872942,1.664222479,1.015290618
285310,2.277235746,1.865272522,1.146131158
285378,2.738923311,1.583943486,0.959863007
285412,2.463515759,1.706729889,0.798391461
285448,2.437472105,1.477352977,1.076557279
285704,2.227993965,1.363868475,1.016587496
285753,2.782879114,1.433070779,0.893963337
285790,2.367084503,1.95114243,0.921685338
286150,2.166922569,1.549923658,0.802790821
286585,2.440666676,1.541969299,0.853879631
286637,2.551678896,1.48502934,0.846861303
286907,2.490488768,1.481740952,0.985390544
287104,2.344604731,1.693326712,0.776137531
287178,2.304467678,1.604400516,0.824986875
287229,2.492247581,1.578843474,0.747005582
287655,2.144429445,1.787379146,0.852336287
287727,2.09611845,1.612786412,0.651480794
288067,2.388977289,1.517986774,0.694874287
288280,2.645787239,1.554718137,0.703745425
288318,2.77650404,1.488781095,0.761611819
288406,2.024617434,1.301138878,0.660331309
288520,2.158592224,1.620910287,0.81560725
288607,2.400561333,1.662986994,0.670275688
289010,2.353302479,1.61062789,0.848937213
289294,2.135501385,1.591468573,0.723309398
289557,2.186342478,1.670090914,0.702574611
289727,2.151858568,1.516412377,0.726988018
289806,2.41794014,1.651554227,0.686713099
289827,2.341802835,1.555050611,0.730875254
289905,2.103524446,1.738982558,0.700116336
290000,3.325237989,1.655002713,0.776305735
290454,2.101175547,1.53878212,0.79663223
290527,2.293359041,1.637212515,0.648193538
291008,2.734817743,2.059020281,0.718037605
291025,2.296288013,1.579080582,0.74398011
291057,1.548024654,1.559554338,0.904124498
291102,2.542437315,1.649824381,0.89847672
291306,2.176682472,1.917498231,0.667007267
291657,2.291671991,2.035122156,0.88884455
291864,2.184920788,1.619433641,0.842059135
291926,2.349718332,1.489336491,0.791616917
292400,2.324580669,1.236750603,0.789699316
293313,2.605413914,1.469577312,0.766722858
293333,2.336813927,1.32844007,0.65464735
293606,2.27850008,1.331605196,0.815795124
293809,2.077856302,1.697750449,0.809832811
293870,2.140361786,1.480540752,0.769706666
294143,2.120978355,1.125073791,0.760343909
294262,1.903942704,1.367199421,0.821147203
294367,2.207773447,1.584424853,0.755141675
294445,1.874323487,1.576327682,0.828929603
294700,2.417462587,1.994276881,0.734329522
294890,1.746880054,1.595358253,0.746349275
294911,2.01053071,1.260855675,0.842642367
294933,1.860128403,1.325750232,0.91642642
295169,1.886563659,1.692372441,0.773039222
295278,2.036310911,1.288552999,0.789601624
295598,2.156419992,1.374023795,0.648662567
295723,2.018503666,1.518710852,0.678438127
295767,2.223427534,1.562204719,0.789202452
295961,2.270625114,1.393475056,0.7904585
295994,1.533583283,1.482446909,0.635898769
296227,2.510287762,1.722779036,0.791470766
296499,1.87795651,1.243169904,0.761716485
296652,2.048748493,1.674431443,0.834332585
296685,1.896729708,1.643994808,0.613372147
296719,2.6095469,1.582750559,0.779958904
296807,2.40584898,1.642279744,0.887349606
297274,2.734247446,1.492892504,0.792369068
297310,2.068908215,1.421829462,0.752545118
297421,2.247855663,1.385095835,0.789539099
297634,2.292638063,1.505404234,0.799470603
297763,2.406923294,1.447256088,0.847042084
298051,1.96579206,1.436055064,0.732830465
298079,1.884800911,1.513902068,0.752161264
298183,3.165127277,1.42165637,0.748687387
298212,2.279072285,1.737857223,0.654699385
298527,2.156742334,1.312225103,0.806145608
298856,2.415410042,1.698799491,0.840807676
298892,1.948748469,1.424400568,0.810522795
298918,2.363194227,1.729065418,0.825241208
298958,2.279744148,1.517620325,0.909667611
299055,2.149566412,1.480388403,0.976018846
299099,1.931628227,1.46689713,0.957034945
299431,1.728879213,1.667988062,1.228867769
299517,2.476663351,1.497989893,0.973668694
299783,2.283263445,1.443725705,1.101004004
299875,2.097666025,1.340023279,0.976636291
300052,1.862272382,1.44704771,0.92204982
300093,2.253026962,1.281286836,0.939774275
300151,2.048538923,1.534090757,0.818473101
300209,1.981788516,1.466966987,0.974227011
300308,1.290679574,1.250233173,0.926347256
300366,1.951212287,1.255817413,0.941613078
300600,1.921931267,1.387330413,0.958622634
300643,1.778686285,1.42391932,0.86956358
300679,1.401556015,1.292797327,1.137703776
300752,1.691074133,1.338440895,0.858073294
301144,2.225691319,1.233942986,0.856316209
301232,2.132158041,1.344210505,0.623275876
301462,1.696478963,1.384401202,0.80891341
301513,1.865922213,1.291576743,0.676342905
302215,2.176579475,1.239302039,0.850227475
302304,2.100164413,1.399577022,0.84812361
302442,2.310017586,1.353204489,0.938955426
302483,2.003829002,1.307905555,0.834517717
302630,2.200653315,1.245207906,0.74676156
302801,2.042679071,1.509176493,0.704356074
302828,2.157035351,1.431827426,0.660732687
302867,2.199292183,1.262174845,0.762156129
303100,2.0586555,1.311646223,0.698932648
303261,2.349039793,1.446334481,0.816953897
303521,2.456213713,1.50012362,0.759082913
303760,1.464467049,1.42325449,0.66442591
303784,2.030904531,1.580897808,0.684657574
303877,1.892811775,1.644595385,0.873154104
303911,2.443439007,1.38138032,0.750673056
303935,1.981937885,1.334544778,0.73786217
304012,2.575157881,1.375397325,0.765766919
304237,2.013512611,1.398407936,0.767222285
304412,1.888154984,1.322217345,0.780832112
304433,2.673415422,1.240440011,0.697698712
304593,2.027207375,1.135014415,0.684509337
304680,1.899542689,1.418917894,0.721005321
304733,1.622728348,1.311437726,0.767576158
304781,1.927188873,1.392345548,0.656181276
304803,2.332736731,1.498359442,0.685861707
304899,2.257864475,1.059362888,0.753968
304950,2.157173872,1.479178667,0.765005529
304988,2.11202383,1.397876143,0.730141342
305005,1.627239227,1.192623615,0.685640812
305149,2.334418535,1.275084734,0.810842752
305201,2.037019253,1.570918798,0.813493133
305421,2.036152363,1.296876311,0.800352335
305462,1.967845559,1.312806129,0.637739241
305583,2.049075603,1.30931282,0.717078328
305799,2.309424639,1.430724502,0.681925774
306270,2.012402534,1.487660289,0.70510602
306693,1.859743953,1.308685899,0.771356761
306777,2.162664652,1.314652324,0.901511312
306943,1.741969466,1.166978121,0.790419102
307170,1.878890991,1.142472029,0.725300252
307267,1.923119307,1.428900957,0.716199875
307476,0.970068932,1.23715806,0.764035225
307765,2.302973509,1.385715485,0.824069798
307961,2.584079742,1.266572833,0.834797382
308003,1.768170714,1.210058928,0.70465827
308247,2.497298479,1.288319707,0.770574868
308491,2.498041153,1.055554748,0.55196774
308535,0.69668287,1.244898438,0.89393568
308549,2.004591703,1.188163042,0.640671968
308605,1.162551761,1.339812756,0.82780695
308805,1.735788226,1.098390102,0.692165136
309022,2.304627895,1.240890265,0.752287984
309133,1.998262048,1.403476,0.67124629
309452,1.616314411,1.133462906,0.734129667
310159,1.472773075,1.459697843,0.81168443
310387,2.280454159,1.216454148,0.644610405
310696,1.841562986,1.412008524,0.568983614
310776,2.346465588,1.281872392,0.67706573
310820,2.148603916,1.288657546,0.685654283
310916,1.902962685,1.353348374,0.718966722
311005,1.718995214,1.063759685,0.714542806
311028,1.686814547,1.275812507,0.767206013
311337,2.711023092,1.317493081,0.874211073
311420,1.95770812,1.305875659,0.673451126
311485,1.749414682,1.313208342,0.782755911
311570,2.068793297,1.413019061,0.853197992
311637,1.887476921,1.604965806,0.77156806
311707,2.022888422,1.300825,0.780838609
311832,1.669708014,1.123860836,0.631299376
311858,1.943583131,0.937118769,0.690454602
311890,2.006874323,1.339825392,0.583873212
311959,1.747547269,1.363957524,0.597589374
312218,1.619249225,1.361600757,0.580008745
312257,2.254868269,1.132638574,0.730197012
312377,1.672638178,1.287888288,0.628591776
312450,2.025580406,1.160079837,0.685672164
312534,1.103814244,1.40280664,0.723743618
312653,1.478384018,1.291422725,0.616186738
312685,2.134867668,1.387335658,0.796776474
312746,1.811621428,1.414402843,0.686913431
312926,1.620725513,1.463976026,0.711188674
313157,1.820653796,1.281157732,0.678669751
313256,1.702205539,1.480626225,0.676837981
313561,1.770023346,1.177645445,0.69451654
313593,1.749755979,1.589265227,0.685802817
313685,1.760436058,1.309797168,0.632724047
313721,1.616770864,1.291230083,0.715773821
313782,1.402554035,1.405882716,0.72688216
313836,1.992850661,1.171688557,0.724820197
314266,2.504020691,1.340938568,0.868047655
314416,1.868512392,1.070448637,0.848243296
314472,1.455718398,1.148422956,0.739450097
314549,1.68672514,1.036127448,0.747220993
314617,2.256917238,1.361250043,0.845226586
314640,2.114735126,1.382191658,0.766942799
314693,2.017058134,1.26269412,0.736523986
315078,2.111715317,1.302987695,0.64986819
315344,1.726357579,1.285815716,0.682548046
315370,2.459299088,1.240190744,0.876745701
315497,1.669850111,1.336736441,0.742322505
315845,1.771069765,1.373870134,0.741658092
315895,1.960894823,1.276912689,0.849557579
316345,1.935594916,1.255242825,0.824610114
316461,1.385765553,1.111960769,0.676415503
316861,1.838265061,1.316143632,0.680343151
316904,2.066812277,1.432586074,0.728629887
316923,1.921255827,1.410650492,0.689672112
316979,1.970497131,1.306856155,0.70844686
316999,1.79652369,1.401033759,0.667414367
317030,1.945317507,1.367762685,0.62862426
317164,1.878479004,1.214220524,0.742424667
317341,1.28045094,1.310127854,0.658563852
317364,1.492295384,1.239412069,0.709456503
317502,1.52978003,1.258139253,0.762658238
317520,1.597172737,1.18606317,0.596220374
317640,1.861936927,1.333989739,0.872240424
317709,1.795407414,1.32900095,0.993876338
317775,1.941527367,1.414656878,0.928451478
317988,1.682009697,1.34141767,0.828334272
318061,1.811267138,1.325863719,1.092091203
318272,2.050724745,1.079099894,1.103550196
318290,1.70637846,1.254744768,1.22657609
318392,1.534214735,1.250154614,1.223087788
318544,1.279553175,1.342499375,1.247337699
318594,1.625501871,1.301674366,1.201555252
318733,1.707982302,1.343310237,1.142828345
318955,1.588315725,1.308069348,0.786626875
318980,1.880696058,1.388552547,0.829900563
319023,1.866104007,1.320221186,0.775542974
319077,1.843514562,1.191164494,0.7189821
319172,1.752364635,1.263144374,0.788297594
319656,1.846215606,1.161373854,0.858598828
319815,1.807309866,1.2114079,0.729180574
319884,1.788452506,1.242479086,0.760651767
319961,1.74717021,1.10923779,0.826278865
319972,1.911102653,1.155959129,0.651870191
320005,1.587133169,1.193954468,0.711294293
320046,1.571642041,1.251950383,0.580876589
320130,1.554286122,1.219818354,0.687125862
320250,1.772936702,1.161468029,0.72819531
320344,1.796470165,1.072033167,0.603203297
320389,1.998944402,1.195506811,0.713933468
320472,2.17871356,1.264230013,0.637383342
320550,1.772128224,1.216206551,0.737722158
320692,1.932548761,1.145984888,0.691458285
320860,1.473334789,1.316843271,0.638141632
320941,1.937814832,1.149503469,0.78298378
321084,2.012945175,1.207060456,0.709252894
321182,1.980321169,1.179103851,0.706632078
321501,1.65563643,1.110503197,0.653902531
321587,1.715466022,1.028291345,0.611264467
321614,1.630186439,1.183412433,0.537287235
321701,1.878000855,1.01463449,0.680182755
321758,1.876894593,1.329322577,0.617701411
321979,1.675343513,0.922354043,0.569841921
322065,2.246498346,1.155666351,0.582332969
322235,1.384154797,0.752434194,0.547788143
322371,1.939720035,1.187821507,0.741901755
322451,1.885617495,1.251698494,0.596713781
322667,1.634537339,1.131970167,0.685083807
322736,1.834165096,1.054697275,0.768050194
322842,1.935217142,1.097619772,0.641017437
322894,2.045778275,1.220025659,0.727742255
323007,1.647271514,1.16895175,0.66796428
323046,2.377560139,1.076347351,0.758058369
323137,1.95636034,1.109990597,0.558515549
323214,1.655902028,1.254083514,0.608764112
323573,1.879440546,1.271035194,0.733747125
323664,1.772739768,1.147509813,0.746561885
323717,1.991231322,1.216230273,0.719441712
324379,1.939961314,1.248630047,0.674114645
324440,1.92598021,1.155629754,0.649607956
324494,1.357553482,1.100539446,0.691101611
324646,1.783616781,1.296642423,0.804255188
324665,2.13778019,0.998166561,0.839329362
324681,1.290371656,1.200917482,0.904331684
324959,1.706018806,1.089914799,1.005712867
324985,1.762634397,1.326070189,0.99308449
325292,1.573635578,1.15666604,0.976218939
325312,1.951960206,1.263809085,1.115791321
325323,1.406431675,1.028737307,1.237899899
325369,2.017250299,1.129271984,1.120595813
325429,2.604911089,1.096652389,0.850976825
325461,1.867781162,1.153456211,1.043438911
325529,1.547892332,1.054097056,0.844479084
325681,1.710460782,0.904206038,0.868704915
325723,1.890293241,1.13244462,0.844836891
325801,1.774920344,1.171044827,0.9435727
325831,1.968708634,1.065101862,1.076781869
326102,2.069709063,1.039988875,0.87891984
326135,1.601330042,1.023195863,0.886461198
326212,1.365472913,0.993983328,0.863833487
326413,1.633774519,0.996936679,0.767846525
326566,1.657662392,1.107383966,0.874517858
326790,1.786458492,1.118490338,0.864836335
326862,1.386702895,1.119577885,0.987043917
326967,1.990527153,1.079792738,0.846677482
326992,2.081972599,1.011090398,0.88017416
327233,1.954040051,1.135767221,0.828021169
327336,1.766007304,1.078931808,0.805491745
327534,1.635163069,0.952198863,0.835234106
327600,1.58097446,0.933829427,0.779333055
327640,1.849566936,0.921341002,0.83348465
327715,1.863569021,1.253117442,0.787917197
327939,1.443324924,1.082318902,0.792884231
328050,2.149468184,1.195249557,0.81340456
328192,1.647054911,0.899845362,0.844070077
328426,1.823516607,1.2501477,0.937759817
328859,1.747330189,1.245088816,0.688985467
328985,1.561107874,1.102783322,0.827817678
329095,1.688739061,0.874234796,0.900271654
329107,1.663850307,1.05065918,0.632787108
329151,1.559322238,1.113626719,0.978952289
329717,1.51311636,1.05381155,0.819455683
329808,1.847985148,1.264974356,0.654097319
329838,1.710722446,1.117774606,0.707678378
329896,1.952018738,0.885008693,0.780097842
329912,1.664081335,1.139071822,0.842802405
329991,1.577765703,1.199119091,0.821537554
330032,1.845992327,1.013778925,1.07386601
330272,1.760404944,1.046991348,0.836254597
330317,1.503496051,1.029678226,0.772138238
330393,1.693619967,0.947153389,0.825236619
330428,1.412365437,1.04628706,0.766306341
330585,1.538236499,1.292775035,0.680934727
330746,1.92806673,1.024324656,0.650608957
330773,2.022693872,1.065964699,0.696136951
331035,1.798598886,1.016792893,0.786925197
331064,1.640965104,0.919111311,0.799176693
331125,1.386882663,1.036560178,0.761090755
331524,1.529112339,0.973376989,0.76479876
331613,1.51657176,1.042414784,0.75569874
331685,1.575138092,1.019677639,0.678925693
331837,1.673780084,1.188346267,0.833886683
331922,1.797782183,1.036951065,0.87536782
331973,1.530547857,0.99321574,0.727393448
332079,1.664397955,1.057165861,0.73671478
332203,1.011203408,1.097658753,0.799690366
332437,1.734241247,0.964798629,0.765015483
332512,1.319481373,0.780488431,1.058477879
332674,1.585226536,0.90587455,0.882695615
332706,1.365026951,0.872137189,0.798517585
332914,0.820901453,1.040658474,0.973050416
333173,1.640749931,0.944726646,0.827365696
333192,1.805715322,1.250395417,0.772102237
333207,1.847923517,0.990767479,0.78267771
333273,1.426742077,0.991499424,0.819886625
333295,1.608061552,0.897280216,0.721661985
333361,1.575250506,0.940910399,0.90205884
333425,1.502496243,0.875374794,0.715267479
333509,1.520112038,0.944955826,0.825898647
333662,1.741590738,1.060164452,0.733031094
333682,1.663942814,0.919843554,0.738081038
333935,1.776689649,1.069437623,0.65762645
334047,1.72069943,0.8825773,0.675139904
334105,1.582495213,0.93967855,0.812814951
334172,1.465191483,0.98620981,0.824624717
334194,1.640794873,1.09834671,0.675527573
334273,1.723912954,1.006797194,0.620995343
334551,1.722791076,0.871897757,0.691369534
334574,1.857370853,1.120854855,0.697396636
334667,1.876130939,1.061668754,0.604920387
334717,1.455654621,0.846003056,0.664977312
334973,1.870908976,0.898039639,0.647064388
335178,1.502043009,1.028104305,0.566989124
335207,1.546301723,0.889820337,0.662808061
335529,1.644395232,1.071514487,0.57182616
335654,1.362442374,0.950823784,0.592842221
335677,1.668226838,0.928284585,0.6188007
335739,1.604843616,1.004057407,0.652713895
335891,1.659456611,0.841280401,0.727314711
335937,1.907837152,0.824783385,0.615543008
335998,1.790542841,1.000819325,0.651405275
336020,1.317369223,1.160575867,0.637819231
336040,1.770792961,0.939845741,0.716116548
336095,1.480905533,1.116042376,0.576289237
336189,1.395704627,1.112171888,0.584417105
336265,1.62547493,1.032069087,0.663914442
336508,1.422645211,1.043013692,0.67668432
336548,1.641374826,0.955525577,0.794454336
336718,1.895400524,1.006463885,0.601483703
336835,1.395637393,1.008036733,0.78229785
336953,2.084962606,0.943407297,0.688172698
336971,1.668047071,0.950820684,0.699934065
337007,1.372944355,1.112419724,0.621222436
337031,1.646666288,1.021235585,0.664589643
337253,1.765134573,1.020761728,0.775087297
337420,1.525658846,0.892847717,0.810481727
337462,1.425939322,1.022459745,0.787230611
337520,1.760861874,0.878831148,0.577618361
337733,1.445995569,0.959476948,0.784914017
337835,1.605694056,1.119131446,0.741685867
337870,1.800187707,0.904680848,0.734536469
338153,1.489045978,1.002493024,0.671842217
338183,1.483133435,1.005186319,0.656508148
338205,1.469969034,0.923198521,0.835536897
338255,1.153626919,0.967883348,0.734546185
338518,1.647633553,0.909689724,0.803076804
338585,1.258192539,0.954186857,0.766101897
338746,1.536172509,0.918981016,0.737287998
338850,1.570027232,1.054404616,0.698378146
338966,1.837253451,0.978167534,0.566256821
339141,1.453138232,1.121156216,0.563364565
339212,1.306316733,0.831348658,0.633456111
339323,1.460148573,0.948624492,0.636338353
339609,1.441980004,0.826384187,0.626474023
339696,1.525899172,1.124481678,0.694425881
339731,1.298369527,0.914634466,0.594630182
340015,1.367928028,0.960799098,0.611984611
340094,1.503862381,0.975239575,0.612297833
340147,1.640861988,0.930647612,0.636937141
340439,1.291046143,1.051989436,0.664509714
340525,1.437915087,1.243258476,0.66227144
340573,1.308356404,0.898795724,0.677276611
340665,1.524197817,0.840176284,0.611123621
340694,1.283933163,1.093620896,0.618349731
340742,1.411115408,1.006297708,0.704779208
340888,1.415732861,0.95019865,0.593007207
340981,1.539831877,0.940660596,0.708509803
341151,1.479060769,0.880330026,0.590963125
341305,1.63337481,0.888378739,0.651372492
341390,1.393811464,0.958158076,0.635349691
341456,1.770289063,0.931930244,0.64616704
341502,1.509894133,0.843478203,0.778934479
341714,1.497920036,0.970983624,0.64250493
341978,1.48433888,0.996289492,0.565972686
342005,1.462638855,0.84170866,0.746220708
342043,1.263893366,0.90089649,0.700141191
342061,1.752992034,0.754175544,0.720707655
342096,1.438616753,1.012576103,0.606718838
342115,1.653543949,0.79655087,0.606475711
342202,1.390582204,0.939045548,0.594864488
342289,1.831403852,0.76091224,0.524247348
342514,1.586856008,0.897637486,0.591568112
342578,1.652634621,0.995440245,0.516959071
342619,1.608346701,0.677949786,0.648927093
342658,1.362460852,0.977681041,0.646417499
342754,1.475161672,0.993577003,0.549002349
342795,1.418166399,0.827389181,0.616925836
342805,1.426903009,0.814520657,0.558776259
342859,1.370838404,0.950202346,0.564603746
343171,1.53504765,1.145296335,0.593888998
343257,1.381428957,0.852889955,0.600356162
343340,1.370026469,0.81479001,0.611313224
343355,2.048995972,0.947803378,0.654842973
343389,1.571236491,0.802200258,0.548807979
343441,1.75619483,0.807488203,0.618386686
343540,1.507444263,0.955157757,0.627872407
343634,0.945285618,0.915534437,0.741014838
343670,1.355700612,0.835855663,0.597077131
343731,1.525925279,0.842694938,0.629820943
343776,1.584576964,0.774634182,0.856617689
343860,1.321681499,0.881922781,0.79491353
343910,1.030876756,0.678025961,0.586774945
343998,1.391787291,0.843326807,0.67538774
344010,1.379315734,0.873856604,0.724011302
344050,1.284348488,0.86976999,0.636675954
344184,1.278021455,0.812097728,0.825370967
344385,1.340335369,0.917915225,0.592393339
344413,1.527909994,1.102210402,0.689876556
344431,1.645512819,0.867339671,0.608792841
344462,1.543641686,0.844129562,0.660843194
344504,1.503225565,0.892478824,0.524536848
344541,1.340530634,0.852300763,0.823212147
344555,1.734606624,0.827208459,0.545305967
344801,1.429587245,0.842442214,0.646828771
345093,1.554706573,0.814458907,0.565702677
345112,1.306595683,0.864868581,0.571415305
345168,1.221869588,0.886439443,0.701370299
345390,1.280412197,0.902360916,0.470061958
345457,1.469652891,0.940883398,0.590833902
345493,1.9973315,0.90361172,0.719770551
345512,1.492852688,0.84708333,0.651336372
345527,1.43337965,0.694887877,0.631459892
345622,1.269923449,0.870024741,0.57970494
345800,1.17027092,0.949704468,0.615818322
345898,1.290253639,0.863207161,0.633195043
345999,1.903732419,0.769162595,0.692401707
346025,1.498953104,0.740985751,0.653332531
346050,1.119587421,0.874551773,0.646538615
346075,1.38163805,0.835704803,0.591093898
346089,1.481428266,0.94880271,0.813015997
346210,1.350054741,0.791210413,0.695802867
346245,1.162390947,0.859489441,0.70881325
346258,1.301541805,0.80868119,0.767593741
346333,1.516347885,0.894954324,0.62790519
346501,1.693240523,0.829322994,0.62560308
346646,1.5085392,0.914729774,0.760474205
346683,1.383644581,0.931742191,0.71673435
346872,1.34874928,0.968961477,0.723846436
346909,1.179188251,0.819697618,0.605399251
347005,1.756486893,0.825630307,0.63345623
347036,1.401942849,0.875459969,0.555269778
347138,1.658341169,0.912138581,0.60379827
347194,1.504972219,0.959131122,0.673106253
347208,1.826061726,0.890665591,0.687952697
347298,1.438743711,0.872282267,0.730958998
347367,1.378986597,0.986958086,0.783032656
347434,1.304302335,1.010932088,0.761149883
347455,1.37086761,0.830162466,0.765595973
347532,1.344843149,0.920031309,1.03367424
347593,1.353398681,0.992612004,0.646618545
347640,1.453535795,0.857336223,0.740417063
347663,1.362196445,0.86998409,0.635734737
347697,1.533822298,1.06086576,0.641285062
347713,1.341540575,0.970146477,0.643654823
347756,1.58605206,0.882039607,0.683249712
347964,1.396254539,0.77299428,0.693182588
348030,1.304466724,0.816057682,0.607799172
348060,1.455295563,0.921230853,0.713053644
348073,1.587300539,0.78502816,0.596533656
348142,1.386581898,0.806800127,0.523121595
348203,1.382403851,0.889097273,0.561188877
348257,1.360963702,0.92181778,0.515670121
348408,1.445782781,0.950985551,0.610498488
348486,1.194054484,0.810352027,0.614955187
348519,1.330431581,0.837834537,0.540124953
348575,1.433814645,0.96897006,0.552541137
348633,1.154647946,0.830389261,0.601083636
348682,1.400333643,0.992278934,0.655967593
348703,1.22250545,0.74611932,0.697235763
348900,1.226507068,0.941065133,0.589756846
348987,1.496145606,0.873591781,0.558555067
349008,1.415980101,0.784373879,0.566551447
349265,1.463051558,0.936235785,0.578065336
349289,1.506945968,1.014039516,0.520272732