,sites,1,2,3,4,5,6,7,8,9,10,11,12,13,14,15,16,17,18,19,20,21,22,23,24
0,SACR_SUNN_in,0.80349981,0.629464996,0.525598867,0.437977889,0.353680004,0.284732694,0.221996333,0.170629735,0.131954727,0.102905431,0.076981978,0.055787302,0.039154825,0.026499525,0.017443136,0.009806207,0.00388654,-0.000115468,-0.003246836,-0.005667152,-0.007420183,-0.008462434,-0.009138486,-0.009631272
1,SACR_SUNN_out,0.847162879,0.705874548,0.582485655,0.4742994,0.385008369,0.308901769,0.243365862,0.1921494,0.151100006,0.11669009,0.089835995,0.06838714,0.052311033,0.040043153,0.030624846,0.023403402,0.017689182,0.013234194,0.009632147,0.006856437,0.004806562,0.003225971,0.002094022,0.001265627
2,LOND_NEWY_in,0.8542732,0.722123001,0.599428264,0.48842921,0.371010246,0.261418262,0.15275133,0.052079788,-0.047753621,-0.144241177,-0.235265959,-0.321077493,-0.402188785,-0.475185727,-0.544876849,-0.609264324,-0.672010337,-0.72848715,-0.779964471,-0.829369535,-0.876676665,-0.920171791,-0.96163955,-1.00095164
3,LOND_NEWY_out,0.759151167,0.508100539,0.233876413,-0.038109562,-0.283768875,-0.50432769,-0.696601605,-0.863076562,-0.99995,-1.113317115,-1.206982763,-1.284153391,-1.347091371,-1.398843148,-1.439918649,-1.472782988,-1.49914428,-1.520610215,-1.53801176,-1.551819501,-1.562924464,-1.571906096,-1.578970102,-1.584656029
4,JGI_SACR_in,-0.677827914,-0.500091853,-0.521305551,-0.517637865,-0.51819356,-0.518104578,-0.518117298,-0.518115196,-0.518115509,-0.518115462,-0.518115469,-0.518115468,-0.518115468,-0.518115468,-0.518115468,-0.518115468,-0.518115468,-0.518115468,-0.518115468,-0.518115468,-0.518115468,-0.518115468,-0.518115468,-0.518115468
5,JGI_SACR_out,0.345788531,0.095021312,0.02878674,0.013904918,0.00561845,0.003701395,-0.000171846,-0.001170598,-0.001617216,-0.001844269,-0.002000496,-0.002010551,-0.002069417,-0.002080836,-0.002085142,-0.002088658,-0.002091881,-0.002093081,-0.002094297,-0.002094521,-0.002094604,-0.002094642,-0.002094681,-0.002094703
6,HOUS_PANTEX_in,0.582996365,0.119037332,-0.309457723,-0.703196489,-1.067612974,-1.390335778,-1.671753953,-1.91518632,-2.126455107,-2.306156107,-2.452535885,-2.574110357,-2.680234142,-2.764486519,-2.833828508,-2.893380936,-2.942489912,-2.983975269,-3.019934646,-3.049621854,-3.074727525,-3.095096303,-3.111446934,-3.125705401
7,HOUS_PANTEX_out,0.719732778,0.456000056,0.27140107,0.167367632,0.107645021,0.067776508,0.043645425,0.02435182,0.018042033,0.022437354,0.028602771,0.027940487,0.01935399,0.011069767,0.006042692,0.002216175,0.001158757,0.002075901,0.003142989,0.0046486,0.005866371,0.00727302,0.008069752,0.008210729
8,BOIS_PNWG_in,0.455899372,0.327658843,0.194172728,0.051654663,-0.070771282,-0.198949594,-0.283933939,-0.352425657,-0.401089517,-0.429639145,-0.419662437,-0.413150277,-0.401555771,-0.38063941,-0.351081112,-0.323328006,-0.292185231,-0.275676241,-0.253987479,-0.240887444,-0.232673543,-0.22649672,-0.228693412,-0.2371292
9,BOIS_PNWG_out,0.348763568,-0.261567423,-0.967793039,-1.687015651,-2.344100464,-3.014648512,-3.68125689,-4.332927939,-4.97183937,-5.574940997,-6.137122878,-6.663504486,-7.147082252,-7.585143413,-7.998162228,-8.372092209,-8.722689316,-9.044539141,-9.339602131,-9.611520387,-9.853453089,-10.0680477,-10.25881183,-10.43252429
10,DENV_NREL_in,0.352212488,0.075257098,0.036225947,0.015339939,0.002646329,-0.002139244,-0.003008781,-0.003499469,-0.003603937,-0.003759696,-0.003906723,-0.003992724,-0.004016891,-0.004035958,-0.004047837,-0.004051077,-0.004051725,-0.004052149,-0.00405217,-0.004052141,-0.00405215,-0.004052152,-0.004052121,-0.004052119
11,DENV_NREL_out,0.399542461,0.182322686,0.096218359,0.038017428,0.016268486,0.005757007,0.002203556,0.000466255,-3.78E-05,-1.81E-05,-9.42E-06,-1.12E-05,-5.69E-06,-7.90E-06,-9.90E-06,-8.42E-06,-7.23E-06,-7.28E-06,-7.41E-06,-7.48E-06,-7.68E-06,-7.82E-06,-7.87E-06,-7.91E-06
12,CHIC_WASH_in,0.814136294,0.67300863,0.56845623,0.456512276,0.340039055,0.225039653,0.117322595,0.006461509,-0.125436064,-0.249671027,-0.370448909,-0.489866871,-0.613884442,-0.735212368,-0.851897573,-0.964578517,-1.078939261,-1.189446467,-1.291577723,-1.381369467,-1.478520102,-1.568698362,-1.654604597,-1.733825551
13,CHIC_WASH_out,0.758637588,0.614815122,0.542081753,0.50192242,0.458320144,0.423619674,0.388719879,0.343230321,0.297940741,0.265652523,0.230129853,0.194044,0.146887083,0.114804363,0.088415875,0.065053482,0.034400043,0.010830299,-0.010343976,-0.030706869,-0.057396251,-0.076806023,-0.09397645,-0.113417067
14,LLNL_SUNN_in,0.807847463,0.565316324,0.296722566,0.018765478,-0.236863204,-0.460591563,-0.653406909,-0.815856723,-0.951503254,-1.059943778,-1.147395363,-1.218652364,-1.280115658,-1.329212096,-1.371562546,-1.407414469,-1.439286767,-1.467925439,-1.493708545,-1.517350693,-1.540566699,-1.562401251,-1.583881849,-1.605166027
15,LLNL_SUNN_out,0.402060076,0.092522458,0.054824553,0.04512409,0.016803114,-0.007343416,-0.030957643,-0.044580265,-0.049361939,-0.051292398,-0.052474662,-0.053741366,-0.053806097,-0.053439579,-0.053356984,-0.053315579,-0.053326589,-0.053247835,-0.05332236,-0.05338635,-0.053455191,-0.053466673,-0.05346662,-0.053504053
16,LSVN_SUNN_in,0.362333165,0.20508842,0.081532395,-0.006482029,-0.067586612,-0.103690967,-0.134555734,-0.151971518,-0.159879804,-0.165001132,-0.167039763,-0.168829141,-0.16993748,-0.170556966,-0.170875476,-0.171000397,-0.171238402,-0.171397735,-0.171526332,-0.171618919,-0.171695884,-0.171747275,-0.171782077,-0.171810994
17,LSVN_SUNN_out,-0.165382113,-0.175433905,-0.175826847,-0.175839795,-0.17584036,-0.175840379,-0.17584038,-0.17584038,-0.17584038,-0.17584038,-0.17584038,-0.17584038,-0.17584038,-0.17584038,-0.17584038,-0.17584038,-0.17584038,-0.17584038,-0.17584038,-0.17584038,-0.17584038,-0.17584038,-0.17584038,-0.17584038
18,CHIC_KANS_in,0.71360349,0.496756373,0.374707409,0.281773564,0.198492152,0.126852554,0.060434878,0.002949121,-0.047667551,-0.086052105,-0.119361592,-0.149330255,-0.173864189,-0.195782224,-0.213237759,-0.229280544,-0.240595639,-0.249375923,-0.256706551,-0.26284487,-0.267224973,-0.270991223,-0.273812542,-0.276318113
19,CHIC_KANS_out,0.840606445,0.70576082,0.597259354,0.495357023,0.401997876,0.326884252,0.256973734,0.196130225,0.141540658,0.095044912,0.056077994,0.023702741,-0.003616562,-0.025718114,-0.04489722,-0.061834289,-0.075974401,-0.08747611,-0.096779038,-0.104860194,-0.111148101,-0.116137274,-0.120350467,-0.124101241
20,CHIC_STAR_in,0.773404428,0.567189844,0.430560828,0.325240754,0.245313514,0.18935871,0.16827364,0.152013457,0.129054602,0.101520974,0.078821967,0.064594186,0.046682784,0.026870488,0.014420112,0.003644466,-0.004428092,-0.01344209,-0.020259662,-0.026835175,-0.032533713,-0.037688891,-0.041528467,-0.045607682
21,CHIC_STAR_out,0.575869731,0.41473578,0.316752642,0.243395704,0.149072421,0.079394948,0.018771447,-0.03826861,-0.094406714,-0.144960982,-0.194427544,-0.237052736,-0.274358072,-0.308412741,-0.340674309,-0.372193025,-0.391173771,-0.409581221,-0.428303567,-0.440253025,-0.453226426,-0.466273838,-0.476298916,-0.485325803
22,DENV_LSVN_in,-0.094190644,-0.177028488,-0.19688874,-0.20027951,-0.2008755,-0.201008293,-0.201030575,-0.201034549,-0.20103523,-0.201035356,-0.201035376,-0.20103538,-0.201035381,-0.201035381,-0.201035381,-0.201035381,-0.201035381,-0.201035381,-0.201035381,-0.201035381,-0.201035381,-0.201035381,-0.201035381,-0.201035381
23,DENV_LSVN_out,0.48911102,0.25563479,0.020770308,-0.202699142,-0.394100431,-0.545268265,-0.674923245,-0.777939662,-0.855897228,-0.909489556,-0.950399655,-0.98384958,-1.009848034,-1.028892317,-1.043466843,-1.053543794,-1.061379824,-1.06749931,-1.072694131,-1.076581718,-1.079423613,-1.08171575,-1.083599143,-1.08497351
24,PPPL_WASH_in,0.530445519,0.213934361,0.095596395,0.060870988,0.033502897,0.006665316,-0.007578068,-0.012580118,-0.015989855,-0.017608901,-0.015233178,-0.014279744,-0.012856405,-0.012152402,-0.011299399,-0.010669709,-0.010670384,-0.010598709,-0.010314657,-0.010155234,-0.010012262,-0.009852471,-0.009802447,-0.009827297
25,PPPL_WASH_out,-0.205217095,-0.421930073,-0.395739737,-0.421882585,-0.40100899,-0.431843016,-0.46574396,-0.492733687,-0.522837457,-0.5399803,-0.555459115,-0.575274568,-0.588916486,-0.597851336,-0.606081501,-0.616500641,-0.620864729,-0.624797973,-0.628791057,-0.63054781,-0.633587098,-0.635590833,-0.637421749,-0.638288502
26,HOUS_NASH_in,0.554577426,0.385993035,0.2533087,0.170873614,0.113950946,0.068436239,0.029010492,0.002982021,-0.009738113,-0.014954504,-0.017226416,-0.019683426,-0.023293368,-0.017890299,-0.017032836,-0.013841977,-0.011235715,-0.008459944,-0.01001467,-0.009947374,-0.01200308,-0.013306936,-0.013546441,-0.014106094
27,HOUS_NASH_out,0.784984475,0.663014599,0.549723739,0.455349392,0.365966401,0.289873567,0.226503024,0.175550728,0.131654293,0.096060777,0.072942927,0.054507372,0.038944961,0.025958088,0.014955532,0.005733699,-0.001818485,-0.007817985,-0.012326902,-0.015543708,-0.019129381,-0.02239581,-0.025034422,-0.026786071
28,ALBQ_SNLA_in,0.690069016,0.382022537,0.306740092,0.267877441,0.229931036,0.212323684,0.183304206,0.146360175,0.12169741,0.102694729,0.084380188,0.070712231,0.06012313,0.050643578,0.043476965,0.037714175,0.033207091,0.029448478,0.025495996,0.021801112,0.018874032,0.016410431,0.014336026,0.01216958
29,ALBQ_SNLA_out,0.902568477,0.749293961,0.574105427,0.399952395,0.24264834,0.110669467,4.60E-05,-0.085585806,-0.14226811,-0.173603347,-0.178423913,-0.165309097,-0.1431213,-0.11038531,-0.065080784,-0.01335453,0.041540464,0.095940909,0.147145452,0.195627331,0.238044614,0.268986948,0.283926951,0.278561737
30,EASH_WASH_in,0.777408264,0.594637052,0.468693405,0.359412697,0.277000039,0.199619308,0.110334363,0.028699875,-0.054111603,-0.134308932,-0.216423972,-0.29564059,-0.374792286,-0.452209334,-0.524715289,-0.592608735,-0.649982993,-0.708676006,-0.769101329,-0.834228018,-0.898340825,-0.965548301,-1.024637973,-1.08581596
31,EASH_WASH_out,0.678279245,0.446841937,0.29973966,0.156895698,0.051755922,-0.052168812,-0.153160163,-0.239463263,-0.332279406,-0.402577237,-0.465257056,-0.548227798,-0.633881646,-0.734863726,-0.824717376,-0.910661118,-0.995455024,-1.076566723,-1.158859325,-1.237894028,-1.317671702,-1.396168156,-1.473019386,-1.548118026
32,SLAC_SUNN_in,-1.019176609,-0.995900043,-1.140292291,-1.254076656,-1.513220994,-1.754304294,-2.038586823,-2.32641273,-2.595505984,-2.858043915,-3.072156125,-3.27839742,-3.457087553,-3.617469085,-3.779016902,-3.912856729,-4.026730846,-4.127598679,-4.221265,-4.304797519,-4.370548762,-4.434310205,-4.486359418,-4.532890983
33,SLAC_SUNN_out,-1.375618213,-1.425683448,-1.426671938,-1.426691613,-1.426692026,-1.426692033,-1.426692034,-1.426692034,-1.426692034,-1.426692034,-1.426692034,-1.426692034,-1.426692034,-1.426692034,-1.426692034,-1.426692034,-1.426692034,-1.426692034,-1.426692034,-1.426692034,-1.426692034,-1.426692034,-1.426692034,-1.426692034
34,ELPA_SUNN_in,0.847144663,0.743500811,0.630160461,0.532118072,0.434380803,0.352582889,0.284765082,0.229572382,0.186165079,0.146652298,0.116512031,0.091455137,0.071553795,0.054441898,0.040744975,0.028653657,0.020056152,0.0126262,0.006225859,0.001032662,-0.004531947,-0.008748494,-0.012405254,-0.015502251
35,ELPA_SUNN_out,0.85052383,0.739108176,0.634204769,0.551043178,0.4720697,0.403750376,0.334911651,0.280278476,0.234964229,0.192756616,0.158742455,0.129134784,0.105873412,0.086253707,0.068837107,0.052769763,0.0394426,0.028294306,0.017750308,0.009834055,0.002398645,-0.004021437,-0.009509462,-0.014517873
36,ATLA_NASH_in,0.853563292,0.735165996,0.630534988,0.530057169,0.443305495,0.367464156,0.304657465,0.249925331,0.202690186,0.163870594,0.133318164,0.106468179,0.083480293,0.062210574,0.044009426,0.028401978,0.014326904,0.003026467,-0.007000674,-0.016077438,-0.023214572,-0.02937192,-0.034413925,-0.038765416
37,ATLA_NASH_out,0.477004468,0.225612706,0.217126491,0.20220804,0.190896527,0.17662201,0.173228827,0.168944354,0.157358366,0.139386377,0.131889793,0.122322813,0.112445645,0.095057772,0.089471623,0.086558406,0.075772883,0.064450792,0.055824728,0.049997327,0.043045271,0.037399419,0.033455118,0.028398427
38,CHIC_ECHI_in,0.789997803,0.616293548,0.494970052,0.387759556,0.304763081,0.228940497,0.144387066,0.070501974,-0.004308413,-0.072976902,-0.142244475,-0.209760352,-0.275872207,-0.338936875,-0.396662357,-0.451233713,-0.49525355,-0.542861184,-0.590975845,-0.64189317,-0.694573536,-0.753888208,-0.805415688,-0.859434491
39,CHIC_ECHI_out,0.689000295,0.463362992,0.319097915,0.185103886,0.086157049,-0.01371131,-0.110049338,-0.191469137,-0.279251538,-0.346880675,-0.409573653,-0.492797154,-0.581642049,-0.685891591,-0.778388624,-0.866308926,-0.954434179,-1.038644827,-1.125399355,-1.206272619,-1.286654907,-1.365911794,-1.444767258,-1.520100767
40,NERSC_SUNN_in,0.002506693,-0.001137184,-0.001063892,-0.001048914,-0.001051557,-0.001051439,-0.001051449,-0.001051448,-0.001051448,-0.001051448,-0.001051448,-0.001051448,-0.001051448,-0.001051448,-0.001051448,-0.001051448,-0.001051448,-0.001051448,-0.001051448,-0.001051448,-0.001051448,-0.001051448,-0.001051448,-0.001051448
41,NERSC_SUNN_out,-0.027765706,-0.039825865,-0.038993193,-0.038982217,-0.038984317,-0.038983983,-0.038984008,-0.038984008,-0.038984008,-0.038984008,-0.038984008,-0.038984008,-0.038984008,-0.038984008,-0.038984008,-0.038984008,-0.038984008,-0.038984008,-0.038984008,-0.038984008,-0.038984008,-0.038984008,-0.038984008,-0.038984008
42,AMST_BOST_in,0.783884974,0.606249545,0.451811161,0.323237508,0.230179326,0.14633799,0.090635853,0.049237903,0.022651065,0.005420127,0.004112189,0.003641004,0.007536145,0.011398654,0.015468577,0.023065113,0.031133705,0.036385564,0.043477404,0.045898307,0.048052543,0.047940379,0.045395771,0.042601721
43,AMST_BOST_out,0.605934099,0.367285638,0.2525052,0.224791221,0.225493761,0.188705555,0.131459085,0.063405393,0.019881339,-0.012419333,-0.033514497,-0.058771982,-0.089490825,-0.113487653,-0.125049308,-0.137764036,-0.150456922,-0.161609363,-0.177380273,-0.189022681,-0.198030192,-0.203958502,-0.206948048,-0.210986383
44,BNL_NEWY_in,0.019814431,-0.381622507,-0.465183832,-0.481225684,-0.484259678,-0.484833139,-0.484941176,-0.484961584,-0.484965428,-0.484966154,-0.484966291,-0.484966317,-0.484966322,-0.484966323,-0.484966323,-0.484966323,-0.484966323,-0.484966323,-0.484966323,-0.484966323,-0.484966323,-0.484966323,-0.484966323,-0.484966323
45,BNL_NEWY_out,-0.069361054,-0.05194268,-0.052758033,-0.052712084,-0.05271447,-0.052714379,-0.052714384,-0.052714384,-0.052714384,-0.052714384,-0.052714384,-0.052714384,-0.052714384,-0.052714384,-0.052714384,-0.052714384,-0.052714384,-0.052714384,-0.052714384,-0.052714384,-0.052714384,-0.052714384,-0.052714384,-0.052714384
46,DENV_PNWG_in,0.332563146,0.127811541,0.103868832,0.043509333,0.005409612,-0.012257046,-0.035244052,-0.052590219,-0.064513159,-0.070589142,-0.074998702,-0.078720102,-0.082947137,-0.085339813,-0.086947963,-0.089142388,-0.089815182,-0.090322253,-0.090490338,-0.090847282,-0.091301832,-0.091569025,-0.091672977,-0.09184827
47,DENV_PNWG_out,0.602700489,0.398836558,0.297110994,0.228370207,0.168301838,0.121788238,0.086150357,0.065910031,0.050586708,0.038602002,0.030579746,0.024535648,0.018281366,0.013560408,0.010484182,0.008079545,0.005744158,0.00396347,0.002825445,0.00220697,0.00162569,0.001179927,0.00084896,0.000620035
48,ATLA_ORNL_in,0.399135668,0.035490182,-0.001252811,-0.027943189,-0.077351878,-0.112257626,-0.131507204,-0.159693328,-0.20073469,-0.220385206,-0.235627996,-0.260956669,-0.279756475,-0.297386738,-0.308880292,-0.317202005,-0.328383609,-0.338636439,-0.348000726,-0.352944195,-0.359292393,-0.365696196,-0.371199113,-0.376851334
49,ATLA_ORNL_out,0.821546503,0.632917727,0.459134512,0.322001808,0.219120229,0.145261859,0.096083558,0.060825604,0.038233016,0.023041929,0.013024928,0.00627087,0.001604672,-0.001642998,-0.003837762,-0.005307707,-0.006267648,-0.006898735,-0.007339017,-0.007638432,-0.00784456,-0.007986579,-0.008084017,-0.008150801
50,AOFA_LOND_in,0.808570023,0.688441395,0.616598939,0.557409677,0.512853623,0.466960878,0.4166983,0.374310346,0.335643158,0.298836435,0.261462542,0.231777955,0.198598677,0.169000856,0.142001415,0.118136595,0.095220157,0.075230089,0.0558397,0.036537775,0.018470127,0.003403071,-0.010220715,-0.022179474
51,AOFA_LOND_out,0.688267041,0.461751953,0.328685114,0.221792951,0.123081887,0.04242607,-0.037382006,-0.117246315,-0.196810335,-0.264594629,-0.331683065,-0.390025981,-0.444041648,-0.49583889,-0.545205032,-0.591166476,-0.631069685,-0.668388779,-0.699449274,-0.727695145,-0.753779507,-0.774262132,-0.794527627,-0.813834951
52,ELPA_HOUS_in,0.75661198,0.61137295,0.4869958,0.401517589,0.333879928,0.277057458,0.219191238,0.178050142,0.148017042,0.121020524,0.101562821,0.083743987,0.070556055,0.060031848,0.050442102,0.041020001,0.033643867,0.027851163,0.021606724,0.016932984,0.012132989,0.008071232,0.005582326,0.003086973
53,ELPA_HOUS_out,0.815772093,0.721570501,0.610540659,0.515713202,0.422763472,0.342810883,0.280231527,0.222378272,0.177629717,0.136695024,0.107804909,0.082359267,0.062012024,0.043545111,0.028293219,0.01546241,0.005479956,-0.003002803,-0.010394355,-0.01609816,-0.022386736,-0.027103012,-0.031114017,-0.034148062
54,ANL_STAR_in,-109310.6919,-340179.1435,-602613.2527,-853366.482,-1074292.361,-1260223.506,-1412290.049,-1534320.628,-1630971.89,-1706812.727,-1765924.365,-1811769.812,-1847196.324,-1874496.938,-1895492.34,-1911613.752,-1923978.15,-1933452.662,-1940707.83,-1946260.668,-1950508.943,-1953758.176,-1956242.741,-1958142.263
55,ANL_STAR_out,-346033.238,-1062303.723,-1858993.354,-2604134.036,-3247125.955,-3777436.665,-4202715.245,-4537523.116,-4797795.165,-4998335.23,-5151872.252,-5268882.058,-5357754.085,-5425086.92,-5476006.842,-5514461.838,-5543473.554,-5565344.216,-5581822.113,-5594231.642,-5603574.269,-5610606.251,-5615898.103,-5619879.895
56,CERN-513_WASH_in,0.803463938,0.703220158,0.64168812,0.59250262,0.565336529,0.538088356,0.508265456,0.490802105,0.454093791,0.435817103,0.412371082,0.395507084,0.378401841,0.357368597,0.336201365,0.321642068,0.302455118,0.283953041,0.269960274,0.25768267,0.243855068,0.233385295,0.224118081,0.213148072
57,CERN-513_WASH_out,0.875548003,0.801880335,0.743553985,0.695813695,0.646532441,0.603683431,0.555840608,0.519448498,0.482713909,0.449926241,0.418752222,0.390020411,0.35905183,0.331704596,0.309059497,0.290919056,0.272147982,0.252189089,0.235179507,0.217926851,0.197047481,0.180093834,0.164521472,0.150184633
58,DENV_KANS_in,0.830704813,0.69177075,0.576507065,0.474102003,0.386448388,0.317940614,0.256563001,0.204838798,0.161006511,0.12623901,0.098178358,0.076547773,0.05964458,0.04652076,0.036456154,0.028152631,0.021311415,0.016010049,0.011787645,0.008388649,0.005887093,0.003992439,0.002682797,0.001684254
59,DENV_KANS_out,0.773685953,0.589183123,0.47551095,0.382048067,0.29641068,0.22386648,0.154808792,0.09817943,0.050973982,0.014856877,-0.016719793,-0.043903404,-0.065905924,-0.083828941,-0.097582371,-0.109905992,-0.119241158,-0.125800438,-0.130878106,-0.135157402,-0.138599072,-0.141063759,-0.142976186,-0.144478228
60,BOIS_DENV_in,0.416798206,0.321531358,0.229344134,0.148159384,0.097853299,0.049622165,0.019942458,-0.001885213,-0.018300176,-0.029930789,-0.033878881,-0.034728447,-0.036056315,-0.03581722,-0.036099599,-0.036301759,-0.036479754,-0.036990854,-0.037503979,-0.037847452,-0.038108889,-0.038371779,-0.038576521,-0.038747398
61,BOIS_DENV_out,-0.098954523,-0.269328896,-0.357933937,-0.388023385,-0.398198242,-0.401473694,-0.402635136,-0.402966402,-0.403083455,-0.403121145,-0.403132124,-0.403136057,-0.40313717,-0.40313755,-0.403137661,-0.403137699,-0.403137712,-0.403137716,-0.403137717,-0.403137717,-0.403137717,-0.403137717,-0.403137717,-0.403137717
62,AOFA_NEWY_in,0.771784154,0.60204101,0.432140925,0.258539662,0.095627333,-0.078023483,-0.251681172,-0.422953771,-0.578885998,-0.732100806,-0.871590611,-1.004500808,-1.126801109,-1.239370306,-1.34276726,-1.435195115,-1.517653137,-1.592397885,-1.661172711,-1.722483808,-1.77758458,-1.827242438,-1.870305176,-1.9103111
63,AOFA_NEWY_out,0.777747896,0.622189955,0.503330344,0.391639002,0.268260648,0.152841295,0.04332638,-0.051086856,-0.144800455,-0.236922046,-0.31684286,-0.389351355,-0.460874296,-0.524580478,-0.581761487,-0.631123016,-0.680922265,-0.723114194,-0.76266492,-0.798494032,-0.833173728,-0.863296083,-0.891097841,-0.916918242
64,AOFA_STAR_in,0.576129134,0.268611818,0.097700776,-0.033198548,-0.127511069,-0.181268008,-0.236614516,-0.304725802,-0.369392046,-0.434484379,-0.490233226,-0.531767532,-0.586124793,-0.640557398,-0.687046022,-0.748248914,-0.810505226,-0.871782759,-0.916387241,-0.961362085,-1.009597663,-1.056865898,-1.107977794,-1.160972206
65,AOFA_STAR_out,0.68400641,0.490121649,0.36747071,0.275569747,0.217624962,0.164041178,0.076067603,-0.000308608,-0.051492175,-0.127626669,-0.195747712,-0.277102529,-0.354425296,-0.424511191,-0.510016402,-0.580361498,-0.654218402,-0.719404009,-0.789531352,-0.862374486,-0.930823817,-0.994913288,-1.055358907,-1.119695656
66,DENV_SACR_in,0.799794574,0.624007342,0.521158767,0.43822331,0.355492613,0.2876413,0.225451805,0.174429959,0.135752985,0.10708866,0.081237693,0.059627282,0.042755642,0.029843302,0.02050148,0.012647312,0.006401446,0.002108597,-0.001172429,-0.003712954,-0.005575337,-0.006655868,-0.007304747,-0.007793973
67,DENV_SACR_out,0.850778725,0.712882631,0.592283948,0.485982562,0.397147157,0.321188467,0.255408048,0.203300824,0.161572802,0.126206865,0.098263262,0.075945642,0.05893589,0.045669169,0.035277391,0.027285494,0.020940355,0.015964769,0.011946471,0.008770215,0.006370574,0.004514594,0.003201235,0.002228578
68,NASH_WASH_in,0.82335738,0.728268437,0.678809627,0.630590194,0.585050387,0.538680676,0.491443503,0.450903337,0.415260743,0.382112411,0.344381175,0.314893189,0.289702195,0.264799854,0.238117407,0.21694047,0.198657052,0.175648477,0.148774341,0.125304151,0.1013924,0.081671392,0.065184383,0.047244452
69,NASH_WASH_out,0.760461619,0.586569537,0.50270809,0.445242747,0.398323531,0.355669395,0.30241467,0.256476381,0.209458796,0.172279326,0.155330149,0.1387681,0.124747481,0.118944396,0.112357659,0.105514861,0.096321054,0.091091267,0.087268559,0.082590155,0.073613215,0.066871955,0.062078281,0.056607951
70,ALBQ_DENV_in,0.928283643,0.841795965,0.743610209,0.661190896,0.581284084,0.512039981,0.442346365,0.38271964,0.327271849,0.276354902,0.232132,0.195864018,0.165765718,0.139795223,0.116557355,0.095120449,0.077117625,0.062399318,0.050235099,0.040780478,0.032637368,0.025744055,0.019460589,0.014030399
71,ALBQ_DENV_out,0.925489601,0.89397506,0.86127715,0.843695725,0.813822,0.789422274,0.76631299,0.7479412,0.731611915,0.705574599,0.68548538,0.665345619,0.649722076,0.62837617,0.606774804,0.577121268,0.555244951,0.538229952,0.516161041,0.498801191,0.47939099,0.466604165,0.447743048,0.437286867
72,AOFA_WASH_in,0.81887643,0.677494285,0.617868144,0.586703517,0.54775952,0.51406831,0.493843187,0.477981905,0.451987472,0.42768069,0.406178257,0.383312918,0.357505759,0.343124841,0.326122425,0.309162786,0.292773001,0.283315222,0.272624414,0.262623426,0.251848333,0.246613202,0.237753002,0.22516792
73,AOFA_WASH_out,0.75261729,0.583278098,0.507325019,0.4604718,0.446915018,0.427300234,0.410252451,0.395808194,0.373168393,0.352437802,0.336189769,0.331585575,0.322666744,0.306637285,0.292640159,0.286773636,0.288773661,0.280840142,0.271001449,0.260255051,0.252509263,0.242847135,0.238972577,0.234817574
74,CHIC_NASH_in,0.222417192,-0.108207778,-0.147133131,-0.133366408,-0.127998864,-0.113443603,-0.104252574,-0.090383221,-0.063432201,-0.06469389,-0.031652621,-0.034337322,-0.032596478,-0.037300198,-0.022296177,-0.007403607,-2.52E-05,0.000714878,-0.000928663,-0.002458538,-0.005432804,-0.004753733,-0.006030991,-0.010461384
75,CHIC_NASH_out,0.785601075,0.616007021,0.477020246,0.376342775,0.313501396,0.262336913,0.209022996,0.169592035,0.127860817,0.094275248,0.069025816,0.044160018,0.022954053,0.001362106,-0.015411211,-0.028310702,-0.042259055,-0.052811107,-0.06238438,-0.071627655,-0.078957895,-0.086320554,-0.092566721,-0.097631196
76,ALBQ_ELPA_in,0.788142426,0.647200797,0.520100018,0.417771588,0.32088245,0.246104454,0.193105938,0.155846751,0.130767663,0.103923853,0.090652111,0.07828732,0.073043904,0.06651932,0.059652518,0.05108193,0.04888824,0.047916623,0.04552147,0.045500937,0.044387165,0.044409445,0.041155465,0.037696708
77,ALBQ_ELPA_out,0.904577001,0.830431757,0.750838789,0.684954748,0.6192623,0.560336651,0.496615143,0.440771476,0.386138672,0.332577504,0.283998765,0.243032792,0.208241284,0.177097983,0.148001271,0.119808419,0.095713442,0.075254749,0.057715131,0.043727452,0.031454921,0.020941017,0.011053152,0.002340148
78,EASH_ECHI_in,0.685574627,0.457848734,0.315813281,0.182295432,0.086173129,-0.010190559,-0.102894345,-0.183187344,-0.268754088,-0.334251437,-0.394810976,-0.477004516,-0.565104073,-0.669637047,-0.762048559,-0.850588181,-0.93852776,-1.022661614,-1.108491737,-1.189519591,-1.269246126,-1.347542201,-1.42565533,-1.500655751
79,EASH_ECHI_out,0.787929303,0.614619053,0.495567693,0.391067392,0.311096474,0.237462668,0.154644997,0.08137213,0.005950897,-0.064569093,-0.136495697,-0.207397901,-0.277396982,-0.344789736,-0.407374193,-0.467003169,-0.516128606,-0.568759516,-0.621549136,-0.677080863,-0.734325021,-0.79722379,-0.85191704,-0.908394958
80,SACR_SNLL_in,-0.169005981,-0.320113227,-0.354271967,-0.361850913,-0.363319435,-0.363594309,-0.363652107,-0.363662903,-0.363665091,-0.363665497,-0.363665575,-0.36366559,-0.363665593,-0.363665594,-0.363665594,-0.363665594,-0.363665594,-0.363665594,-0.363665594,-0.363665594,-0.363665594,-0.363665594,-0.363665594,-0.363665594
81,SACR_SNLL_out,0.644971193,0.304036641,0.246956976,0.231263567,0.198773174,0.18339271,0.162542947,0.139029894,0.121172772,0.102242348,0.081388477,0.067093905,0.056177596,0.047377739,0.040550327,0.035229034,0.030385257,0.026083984,0.022443355,0.019263575,0.016073572,0.013499144,0.011286419,0.009374593
82,ATLA_SRS_in,0.703288618,0.400907793,0.183665502,0.037025483,-0.045068506,-0.070236673,-0.071637847,-0.063421143,-0.055381682,-0.048748482,-0.040163459,-0.032551784,-0.029348592,-0.028188861,-0.027853509,-0.028075303,-0.028289329,-0.028177596,-0.027417431,-0.026648987,-0.026587887,-0.026593317,-0.026681066,-0.026446479
83,ATLA_SRS_out,0.889752523,0.685677097,0.479900694,0.28427703,0.099206817,-0.068693537,-0.21341229,-0.330503598,-0.430740411,-0.50954274,-0.543726429,-0.524848228,-0.465124375,-0.377000712,-0.278235339,-0.183928508,-0.098508871,-0.018734095,0.05299731,0.113796976,0.163064688,0.202443289,0.230455961,0.234688108
84,HOUS_KANS_in,0.417228263,0.225254936,0.137075957,0.078251853,0.061446825,0.045132194,0.037506029,0.027318679,0.015936858,0.010860826,0.007360651,0.002295124,-6.91E-05,-0.002223985,-0.003498118,-0.005694779,-0.006901438,-0.007840375,-0.008207369,-0.008670483,-0.008974054,-0.009076406,-0.009269711,-0.009359879
85,HOUS_KANS_out,0.611169281,0.361552056,0.23251218,0.146903643,0.079268139,0.019333706,-0.028395342,-0.064147421,-0.088632434,-0.106114278,-0.121297182,-0.133526026,-0.141624358,-0.148028016,-0.153311862,-0.157632305,-0.160503937,-0.162397374,-0.16390452,-0.165264852,-0.166327368,-0.167198183,-0.167756079,-0.168154924
86,AMST_LOND_in,0.755940097,0.564725299,0.440335954,0.346361093,0.256228653,0.16871166,0.088434602,0.021604044,-0.038296456,-0.086451954,-0.124530505,-0.16079413,-0.196377948,-0.22810569,-0.258298918,-0.282544207,-0.303976847,-0.321582152,-0.337610355,-0.353981602,-0.367647568,-0.377642037,-0.386719033,-0.394904398
87,AMST_LOND_out,0.570957357,0.295409096,0.127273131,-0.031416,-0.139056798,-0.226481435,-0.298716433,-0.361591233,-0.414243137,-0.453324583,-0.484479787,-0.508408285,-0.527061118,-0.542525857,-0.553697102,-0.561446837,-0.567498969,-0.572920907,-0.577094651,-0.580488363,-0.582902691,-0.584834203,-0.586322301,-0.587413679
88,FNAL_STAR_in,0.110186705,-0.094669153,-0.159518601,-0.191739397,-0.207295728,-0.213325205,-0.21676893,-0.218477248,-0.218933502,-0.219181192,-0.219231218,-0.219273449,-0.219292526,-0.219302775,-0.219304942,-0.219306275,-0.219306668,-0.219306995,-0.219307151,-0.219307198,-0.219307223,-0.219307233,-0.219307236,-0.219307236
89,FNAL_STAR_out,-3.045029708,-3.451101314,-3.478771845,-3.480656152,-3.480782314,-3.480790941,-3.480791533,-3.480791572,-3.480791575,-3.480791575,-3.480791575,-3.480791575,-3.480791575,-3.480791575,-3.480791575,-3.480791575,-3.480791575,-3.480791575,-3.480791575,-3.480791575,-3.480791575,-3.480791575,-3.480791575,-3.480791575
90,BOST_STAR_in,0.653186168,0.341975873,0.192405806,0.09077307,0.008917724,-0.063688799,-0.123281782,-0.172797442,-0.209499996,-0.233650388,-0.24939832,-0.266988456,-0.27833363,-0.2894364,-0.30072384,-0.311800185,-0.323046835,-0.334459042,-0.342161699,-0.351717894,-0.361467316,-0.372598645,-0.384770193,-0.396878115
91,BOST_STAR_out,0.516068212,0.194814261,0.1016303,0.099164694,0.117544548,0.093700346,0.056684391,0.006198887,-0.03172072,-0.046833343,-0.054895989,-0.068565405,-0.084027811,-0.097852767,-0.104158057,-0.109472721,-0.114310671,-0.11874588,-0.124418985,-0.128840527,-0.131829453,-0.133236296,-0.133819298,-0.135100745
92,BOST_NEWY_in,0.141551165,-0.565055589,-0.826795007,-1.027117212,-1.255143168,-1.507728234,-1.739663975,-1.963925317,-2.168785909,-2.367182648,-2.545985461,-2.701605054,-2.838090131,-2.956104186,-3.060375179,-3.150940511,-3.229519507,-3.297798076,-3.35639952,-3.407396715,-3.45125582,-3.488881712,-3.520770531,-3.548051945
93,BOST_NEWY_out,0.190506211,-0.476094004,-0.596844153,-0.609728989,-0.654923667,-0.712140177,-0.782746788,-0.81387403,-0.816217706,-0.913373246,-1.097439148,-1.211514427,-1.308721065,-1.402201431,-1.494078742,-1.583514864,-1.674002993,-1.757145355,-1.84148667,-1.91865094,-1.999917413,-2.073793801,-2.146900337,-2.209091326
94,ATLA_WASH_in,0.635277377,0.569065877,0.502285097,0.483053715,0.435267083,0.421354097,0.380724762,0.356304026,0.313582198,0.290440301,0.262190959,0.265357651,0.241982428,0.225781549,0.210631847,0.208496177,0.192085315,0.178691292,0.164899919,0.154216088,0.134272616,0.126506378,0.099455334,0.098304675
95,ATLA_WASH_out,0.66993822,0.491642721,0.364482789,0.263506936,0.179973003,0.116841345,0.069488341,0.035981328,0.007822869,-0.011064776,-0.022571291,-0.032011134,-0.041575522,-0.05148862,-0.058524702,-0.062724988,-0.067445905,-0.071248593,-0.073715156,-0.075343742,-0.077243403,-0.079128985,-0.080602941,-0.081986034