71.198.187.191.,10.52.3.98.22:,507.705,348.425,139.37,19.91, A-C
10.52.3.98.22,71.198.187.191.,487.795,298.65,139.37,19.91, A-C
10.52.3.98.22,71.198.187.191.,467.885,318.56,129.415,19.91, A-C
10.52.3.98.22,71.198.187.191.,457.93,308.605,149.325,19.91, A-C
10.52.3.98.22,71.198.187.191.,497.75,358.38,139.37,19.91, A-C
10.52.3.98.22,71.198.187.191.,537.57,388.245,169.235,39.82, A-C
10.52.3.98.22,71.198.187.191.,457.93,338.47,139.37,29.865, A-C
10.52.3.98.22,71.198.187.191.,497.75,338.47,149.325,19.91, A-C
10.52.3.98.22,71.198.187.191.,438.02,288.695,139.37,19.91, A-C
10.52.3.98.22,71.198.187.191.,487.795,308.605,149.325,9.955, A-C
192.5.86.175.,10.52.3.98 ,537.57,368.335,149.325,19.91, A-C
192.5.86.175.,10.52.3.98 ,477.84,338.47,159.28,19.91, A-C
192.5.86.175.,10.52.3.98 ,477.84,298.65,139.37,9.955, A-C
10.52.3.98.,192.5.86.175.,428.065,298.65,109.505,9.955, A-C
10.52.3.98.,192.5.86.175.,577.39,398.2,119.46,19.91, A-C
129.114.108.45,10.52.3.98:,567.435,438.02,149.325,39.82, A-C
10.52.3.98,129.114.108.45:,537.57,388.245,129.415,39.82, A-C
71.198.187.191.,10.52.3.98.22:,507.705,348.425,139.37,29.865, A-C
10.52.3.98.22,71.198.187.191.,567.435,378.29,169.235,29.865, A-C
10.52.3.98.22,71.198.187.191.,507.705,378.29,149.325,29.865, A-C
71.198.187.191.,10.52.3.98.22:,537.57,338.47,169.235,19.91, A-C
10.52.3.98.22,71.198.187.191.,507.705,368.335,149.325,39.82, A-C
71.198.187.191.,10.52.3.98.22:,457.93,358.38,99.55,19.91, A-C
71.198.187.191.,10.52.3.98.22:,507.705,328.515,169.235,49.775, A-C
71.198.187.191.,10.52.3.98.22:,477.84,338.47,189.145,19.91, A-C
71.198.187.191.,10.52.3.98.22:,497.75,298.65,159.28,19.91, A-C
71.198.187.191.,10.52.3.98.22:,497.75,338.47,159.28,39.82, A-C
71.198.187.191.,10.52.3.98.22:,517.66,348.425,149.325,19.91, A-C
10.52.3.98.22,71.198.187.191.,517.66,338.47,139.37,19.91, A-C
10.52.3.98.22,71.198.187.191.,467.885,318.56,159.28,19.91, A-C
10.52.3.98.22,71.198.187.191.,477.84,308.605,159.28,19.91, A-C
10.52.3.98.22,71.198.187.191.,537.57,338.47,149.325,39.82, A-C
10.52.3.98.22,71.198.187.191.,517.66,408.155,149.325,9.955, A-C
10.52.3.98.22,71.198.187.191.,547.525,418.11,139.37,19.91, A-C
10.52.3.98.22,71.198.187.191.,487.795,308.605,149.325,9.955, A-C
10.52.3.98.22,71.198.187.191.,497.75,318.56,119.46,19.91, A-C
10.52.3.98.22,71.198.187.191.,547.525,348.425,129.415,19.91, A-C
10.52.3.98.22,71.198.187.191.,487.795,308.605,149.325,9.955, A-C
10.52.3.98.22,71.198.187.191.,438.02,298.65,129.415,19.91, A-C
10.52.3.98.22,71.198.187.191.,507.705,338.47,149.325,19.91, A-C
10.52.3.98.22,71.198.187.191.,497.75,348.425,129.415,29.865, A-C
10.52.3.98.22,71.198.187.191.,447.975,228.965,129.415,29.865, A-C
10.52.3.98.22,71.198.187.191.,438.02,318.56,129.415,19.91, A-C
10.52.3.98.22,71.198.187.191.,497.75,348.425,159.28,59.73, A-C
10.52.3.98.22,71.198.187.191.,507.705,378.29,189.145,39.82, A-C
192.5.86.175.,10.52.3.98 ,477.84,298.65,139.37,29.865, A-C
192.5.86.175.,10.52.3.98 ,507.705,378.29,159.28,19.91, A-C
10.52.3.98.,192.5.86.175 ,457.93,318.56,139.37,19.91, A-C
10.52.3.98.,192.5.86.175 ,527.615,368.335,149.325,19.91, A-C
192.5.86.175.,10.52.3.98 ,497.75,328.515,139.37,19.91, A-C
192.5.86.175.,10.52.3.98 ,696.85,318.56,467.885,139.37, A-D
192.5.86.175.,10.52.3.98 ,637.12,318.56,447.975,149.325, A-D
10.52.3.98.,192.5.86.175 ,686.895,308.605,487.795,149.325, A-D
71.198.187.191.,10.52.3.98.22:,547.525,228.965,398.2,129.415, A-D
10.52.3.98.22,71.198.187.191.,647.075,278.74,457.93,149.325, A-D
10.52.3.98.,192.5.86.175 ,567.435,278.74,447.975,129.415, A-D
71.198.187.191.,10.52.3.98.22:,627.165,328.515,467.885,159.28, A-D
10.52.3.98.22,71.198.187.191.,487.795,238.92,328.515,99.55, A-D
71.198.187.191.,10.52.3.98.22:,657.03,288.695,457.93,129.415, A-D
71.198.187.191.,10.52.3.98.22:,517.66,268.785,388.245,139.37, A-D
71.198.187.191.,10.52.3.98.22:,497.75,199.1,348.425,99.55, A-D
71.198.187.191.,10.52.3.98.22:,587.345,298.65,418.11,149.325, A-D
71.198.187.191.,10.52.3.98.22:,597.3,219.01,398.2,99.55, A-D
10.52.3.98.22,71.198.187.191.,607.255,288.695,467.885,139.37, A-D
10.52.3.98.22,71.198.187.191.,557.48,288.695,358.38,129.415, A-D
10.52.3.98.22,71.198.187.191.,666.985,308.605,438.02,139.37, A-D
10.52.3.98.22,71.198.187.191.,557.48,298.65,447.975,149.325, A-D
10.52.3.98.22,71.198.187.191.,577.39,268.785,408.155,99.55, A-D
10.52.3.98.22,71.198.187.191.,617.21,219.01,447.975,149.325, A-D
10.52.3.98.22,71.198.187.191.,557.48,248.875,388.245,109.505, A-D
10.52.3.98.22,71.198.187.191.,587.345,318.56,477.84,179.19, A-D
10.52.3.98.22,71.198.187.191.,607.255,278.74,398.2,129.415, A-D
10.52.3.98.22,71.198.187.191.,627.165,248.875,487.795,149.325, A-D
10.52.3.98.22,71.198.187.191.,607.255,278.74,467.885,119.46, A-D
10.52.3.98.22,71.198.187.191.,637.12,288.695,428.065,129.415, A-D
10.52.3.98.22,71.198.187.191.,657.03,298.65,438.02,139.37, A-D
10.52.3.98.22,71.198.187.191.,676.94,278.74,477.84,139.37, A-D
10.52.3.98.22,71.198.187.191.,666.985,298.65,497.75,169.235, A-D
10.52.3.98.22,71.198.187.191.,597.3,288.695,447.975,149.325, A-D
10.52.3.98.22,71.198.187.191.,567.435,258.83,348.425,99.55, A-D
10.52.3.98.22,71.198.187.191.,547.525,238.92,378.29,109.505, A-D
10.52.3.98.22,71.198.187.191.,547.525,238.92,368.335,99.55, A-D
10.52.3.98.22,71.198.187.191.,577.39,268.785,388.245,119.46, A-D
10.52.3.98.22,71.198.187.191.,597.3,268.785,507.705,159.28, A-D
10.52.3.98.22,71.198.187.191.,537.57,298.65,447.975,149.325, A-D
10.52.3.98.22,71.198.187.191.,597.3,338.47,447.975,159.28, A-D
10.52.3.98.22,71.198.187.191.,666.985,308.605,467.885,149.325, A-D
10.52.3.98.22,71.198.187.191.,627.165,228.965,438.02,129.415, A-D
10.52.3.98.22,71.198.187.191.,557.48,298.65,408.155,129.415, A-D
10.52.3.98.22,71.198.187.191.,547.525,248.875,398.2,129.415, A-D
10.52.3.98.22,71.198.187.191.,547.525,258.83,438.02,119.46, A-D
10.52.3.98.22,71.198.187.191.,607.255,298.65,457.93,139.37, A-D
10.52.3.98.22,71.198.187.191.,577.39,258.83,398.2,119.46, A-D
10.52.3.98.22,71.198.187.191.,497.75,228.965,328.515,99.55, A-D
71.198.187.191.,10.52.3.98.22:,557.48,268.785,418.11,129.415, A-D
10.52.3.98.22,71.198.187.191.,567.435,298.65,418.11,119.46, A-D
10.52.3.98.22,71.198.187.191.,567.435,288.695,418.11,129.415, A-D
10.52.3.98.22,71.198.187.191.,617.21,288.695,428.065,129.415, A-D
10.52.3.98.22,71.198.187.191.,507.705,248.875,298.65,109.505, A-D
10.52.3.98.22,71.198.187.191.,567.435,278.74,408.155,129.415, A-D
10.52.3.98.22,71.198.187.191.,627.165,328.515,597.3,248.875, B-C
192.5.86.175.,10.52.3.98 ,577.39,268.785,507.705,189.145, B-C
192.5.86.175.,10.52.3.98 ,706.805,298.65,587.345,209.055, B-C
10.52.3.98.,192.5.86.175.,627.165,288.695,557.48,179.19, B-C
10.52.3.98.,192.5.86.175.,647.075,298.65,577.39,219.01, B-C
192.5.86.175.,10.52.3.98 ,756.58,298.65,657.03,209.055, B-C
192.5.86.175.,10.52.3.98 ,487.795,248.875,447.975,169.235, B-C
71.198.187.191.,10.52.3.98.22:,726.715,288.695,627.165,179.19, B-C
10.52.3.98.22,71.198.187.191.,666.985,248.875,577.39,179.19, B-C
10.52.3.98.22,71.198.187.191.,716.76,358.38,607.255,248.875, B-C
10.52.3.98.22,71.198.187.191.,647.075,318.56,507.705,199.1, B-C
10.52.3.98.22,71.198.187.191.,637.12,268.785,527.615,189.145, B-C
10.52.3.98.22,71.198.187.191.,676.94,298.65,547.525,209.055, B-C
10.52.3.98.22,71.198.187.191.,567.435,248.875,497.75,199.1, B-C
10.52.3.98.22,71.198.187.191.,577.39,278.74,507.705,238.92, B-C
10.52.3.98.22,71.198.187.191.,637.12,318.56,527.615,228.965, B-C
10.52.3.98.22,71.198.187.191.,647.075,298.65,547.525,179.19, B-C
10.52.3.98.22,71.198.187.191.,766.535,378.29,666.985,219.01, B-C
10.52.3.98.22,71.198.187.191.,766.535,258.83,686.895,228.965, B-C
10.52.3.98.22,71.198.187.191.,597.3,219.01,497.75,149.325, B-C
10.52.3.98.22,71.198.187.191.,686.895,318.56,567.435,228.965, B-C
10.52.3.98.22,71.198.187.191.,557.48,278.74,487.795,199.1, B-C
10.52.3.98.22,71.198.187.191.,766.535,278.74,666.985,199.1, B-C
10.52.3.98.22,71.198.187.191.,627.165,268.785,487.795,179.19, B-C
10.52.3.98.22,71.198.187.191.,666.985,328.515,567.435,209.055, B-C
10.52.3.98.22,71.198.187.191.,716.76,318.56,597.3,179.19, B-C
10.52.3.98.22,71.198.187.191.,617.21,278.74,477.84,179.19, B-C
10.52.3.98.22,71.198.187.191.,607.255,298.65,487.795,179.19, B-C
10.52.3.98.22,71.198.187.191.,637.12,278.74,557.48,209.055, B-C
10.52.3.98.22,71.198.187.191.,716.76,298.65,577.39,159.28, B-C
10.52.3.98.22,71.198.187.191.,736.67,278.74,607.255,189.145, B-C
10.52.3.98.22,71.198.187.191.,786.445,378.29,637.12,199.1, B-C
10.52.3.98.22,71.198.187.191.,637.12,278.74,557.48,219.01, B-C
10.52.3.98.22,71.198.187.191.,627.165,278.74,507.705,149.325, B-C
10.52.3.98.22,71.198.187.191.,607.255,258.83,557.48,139.37, B-C
10.52.3.98.22,71.198.187.191.,766.535,298.65,607.255,228.965, B-C
10.52.3.98.22,71.198.187.191.,627.165,338.47,557.48,238.92, B-C
10.52.3.98.22,71.198.187.191.,637.12,308.605,547.525,179.19, B-C
10.52.3.98.22,71.198.187.191.,597.3,298.65,477.84,179.19, B-C
10.52.3.98.22,71.198.187.191.,686.895,308.605,537.57,209.055, B-C
10.52.3.98.22,71.198.187.191.,666.985,308.605,557.48,238.92, B-C
10.52.3.98.22,71.198.187.191.,686.895,308.605,507.705,228.965, B-C
10.52.3.98.22,71.198.187.191.,577.39,268.785,507.705,189.145, B-C
10.52.3.98.22,71.198.187.191.,676.94,318.56,587.345,228.965, B-C
10.52.3.98.22,71.198.187.191.,666.985,328.515,567.435,248.875, B-C
10.52.3.98.22,71.198.187.191.,666.985,298.65,517.66,228.965, B-C
10.52.3.98.22,71.198.187.191.,627.165,248.875,497.75,189.145, B-C
10.52.3.98.22,71.198.187.191.,647.075,298.65,517.66,199.1, B-C
10.52.3.98.22,71.198.187.191.,617.21,338.47,537.57,228.965, B-C
10.52.3.98.22,71.198.187.191.,587.345,298.65,507.705,179.19, B-C
10.52.3.98.22,71.198.187.191.,487.705,328.425,119.37,-0.09,B-D
10.52.3.98.22,71.198.187.191.,467.795,278.65,119.37,-0.09,B-D
10.52.3.98.22,71.198.187.191.,447.885,298.56,109.415,-0.09,B-D
10.52.3.98.22,71.198.187.191.,437.93,288.605,129.325,-0.09,B-D
10.52.3.98.22,71.198.187.191.,477.75,338.38,119.37,-0.09,B-D
192.5.86.175.,10.52.3.98 ,517.57,368.245,149.235,19.82,B-D
10.52.3.98.22,71.198.187.191.,437.93,318.47,119.37,9.865,B-D
10.52.3.98.22,71.198.187.191.,477.75,318.47,129.325,-0.09,B-D
10.52.3.98.22,71.198.187.191.,418.02,268.695,119.37,-0.09,B-D
10.52.3.98.22,71.198.187.191.,467.795,288.605,129.325,-10.045,B-D
10.52.3.98.22,71.198.187.191.,517.57,348.335,129.325,-0.09,B-D
10.52.3.98.22,71.198.187.191.,457.84,318.47,139.28,-0.09,B-D
10.52.3.98.22,71.198.187.191.,457.84,278.65,119.37,-10.045,B-D
10.52.3.98.22,71.198.187.191.,408.065,278.65,89.505,-10.045,B-D
10.52.3.98.22,71.198.187.191.,557.39,378.2,99.46,-0.09,B-D
10.52.3.98.22,71.198.187.191.,547.435,418.02,129.325,19.82,B-D
10.52.3.98.22,71.198.187.191.,517.57,368.245,109.415,19.82,B-D
10.52.3.98.22,71.198.187.191.,487.705,328.425,119.37,9.865,B-D
10.52.3.98.22,71.198.187.191.,547.435,358.29,149.235,9.865,B-D
10.52.3.98.22,71.198.187.191.,487.705,358.29,129.325,9.865,B-D
10.52.3.98.22,71.198.187.191.,517.57,318.47,149.235,-0.09,B-D
10.52.3.98.22,71.198.187.191.,487.705,348.335,129.325,19.82,B-D
192.5.86.175.,10.52.3.98 ,437.93,338.38,79.55,-0.09,B-D
71.198.187.191.,10.52.3.98.22:,487.705,308.515,149.235,29.775,B-D
10.52.3.98.22,71.198.187.191.,457.84,318.47,169.145,-0.09,B-D
10.52.3.98.22,71.198.187.191.,477.75,278.65,139.28,-0.09,B-D
10.52.3.98.22,71.198.187.191.,477.75,318.47,139.28,19.82,B-D
10.52.3.98.22,71.198.187.191.,497.66,328.425,129.325,-0.09,B-D
10.52.3.98.22,71.198.187.191.,497.66,318.47,119.37,-0.09,B-D
10.52.3.98.22,71.198.187.191.,447.885,298.56,139.28,-0.09,B-D
192.5.86.175.,10.52.3.98 ,457.84,288.605,139.28,-0.09,B-D
10.52.3.98.,192.5.86.175.,517.57,318.47,129.325,19.82,B-D
10.52.3.98.,192.5.86.175.,497.66,388.155,129.325,-10.045,B-D
71.198.187.191.,10.52.3.98.22:,527.525,398.11,119.37,-0.09,B-D
10.52.3.98.22,71.198.187.191.,467.795,288.605,129.325,-10.045,B-D
10.52.3.98.22,71.198.187.191.,477.75,298.56,99.46,-0.09,B-D
10.52.3.98.22,71.198.187.191.,527.525,328.425,109.415,-0.09,B-D
10.52.3.98.22,71.198.187.191.,467.795,288.605,129.325,-10.045,B-D
10.52.3.98.22,71.198.187.191.,418.02,278.65,109.415,-0.09,B-D
10.52.3.98.22,71.198.187.191.,487.705,318.47,129.325,-0.09,B-D
10.52.3.98.22,71.198.187.191.,477.75,328.425,109.415,9.865,B-D
10.52.3.98.22,71.198.187.191.,427.975,208.965,109.415,9.865,B-D
10.52.3.98.22,71.198.187.191.,418.02,298.56,109.415,-0.09,B-D
10.52.3.98.22,71.198.187.191.,477.75,328.425,139.28,39.73,B-D
192.5.86.175.,10.52.3.98 ,487.705,358.29,169.145,19.82,B-D
192.5.86.175.,10.52.3.98 ,457.84,278.65,119.37,9.865,B-D
10.52.3.98.,192.5.86.175.,487.705,358.29,139.28,-0.09,B-D
10.52.3.98.,192.5.86.175.,437.93,298.56,119.37,-0.09,B-D
129.114.109.157,10.52.3.98:,507.615,348.335,129.325,-0.09,B-D