<?xml version="1.0" encoding="UTF-8" standalone="yes"?>
<TrafficMatrixFile xmlns:xsi="http://www.w3.org/2001/XMLSchema-instance" xsi:noNamespaceSchemaLocation="http://totem.run.montefiore.ulg.ac.be/Schema/TrafficMatrix-v1_2.xsd">
  <info>
    <title>Intradomain traffic matrix generated by geant-TM-all.pl</title>
    <date>2005-03-11T02:30:00</date>
    <duration>900</duration>
    <author>Steve Uhlig</author>
    <units>
        <unit type="bandwidth" value="kbps"/>
    </units>
  </info>
  <IntraTM ASID="20965">
    <src id="12">
      <dst id="12">218682.8000</dst>
      <dst id="13">29397.6889</dst>
      <dst id="19">4242.5333</dst>
      <dst id="23">7392.9422</dst>
      <dst id="8">801.4756</dst>
      <dst id="18">194097.9022</dst>
      <dst id="4">31298.0178</dst>
      <dst id="1">28370.0178</dst>
      <dst id="5">4130.7556</dst>
      <dst id="3">1175.2267</dst>
      <dst id="10">33935.9378</dst>
      <dst id="22">14047.4844</dst>
      <dst id="7">11284.2222</dst>
      <dst id="2">62586.2489</dst>
      <dst id="6">158.0267</dst>
      <dst id="16">8394.4978</dst>
      <dst id="14">976.2044</dst>
      <dst id="20">5593.6889</dst>
      <dst id="11">85.1111</dst>
      <dst id="9">6932.4356</dst>
      <dst id="17">97773.6178</dst>
      <dst id="21">9660.4889</dst>
      <dst id="15">24228.3289</dst>
    </src>
    <src id="13">
      <dst id="12">58177.9644</dst>
      <dst id="13">0.5244</dst>
      <dst id="19">36014.6400</dst>
      <dst id="23">2380.3733</dst>
      <dst id="8">1588.2044</dst>
      <dst id="18">2275.0578</dst>
      <dst id="1">8299.5111</dst>
      <dst id="5">9260.9600</dst>
      <dst id="3">1697.4578</dst>
      <dst id="10">67.3156</dst>
      <dst id="22">10040.0089</dst>
      <dst id="7">19124.8711</dst>
      <dst id="2">59222.5067</dst>
      <dst id="6">131.4133</dst>
      <dst id="16">4123.5200</dst>
      <dst id="14">2719.1111</dst>
      <dst id="20">16187.5911</dst>
      <dst id="11">314.0444</dst>
      <dst id="9">6121.6978</dst>
      <dst id="17">90032.5689</dst>
      <dst id="21">19146.6756</dst>
      <dst id="15">1711.8044</dst>
    </src>
    <src id="19">
      <dst id="12">2331.3067</dst>
      <dst id="13">1128.7378</dst>
      <dst id="23">112.3733</dst>
      <dst id="8">1.5644</dst>
      <dst id="18">355.1822</dst>
      <dst id="4">16550.1600</dst>
      <dst id="1">292.7911</dst>
      <dst id="5">28.8622</dst>
      <dst id="3">14.6844</dst>
      <dst id="10">2439.3067</dst>
      <dst id="22">1591.9822</dst>
      <dst id="7">3537.2533</dst>
      <dst id="2">1152.0622</dst>
      <dst id="6">140.5689</dst>
      <dst id="16">3209.3333</dst>
      <dst id="14">17.2444</dst>
      <dst id="20">410.2933</dst>
      <dst id="11">865.4933</dst>
      <dst id="9">64.0978</dst>
      <dst id="17">5147.4222</dst>
      <dst id="21">895.7067</dst>
      <dst id="15">0.6044</dst>
    </src>
    <src id="23">
      <dst id="12">1811.6800</dst>
      <dst id="13">19.4578</dst>
      <dst id="19">2.5600</dst>
      <dst id="18">1304.8356</dst>
      <dst id="4">6632.7911</dst>
      <dst id="1">50.8356</dst>
      <dst id="3">28.6578</dst>
      <dst id="10">1130.0711</dst>
      <dst id="22">27.5911</dst>
      <dst id="7">900.8622</dst>
      <dst id="2">1592.1422</dst>
      <dst id="6">0.4978</dst>
      <dst id="16">167.0311</dst>
      <dst id="20">25.9556</dst>
      <dst id="11">0.9244</dst>
      <dst id="9">37.6800</dst>
      <dst id="17">42815.2711</dst>
      <dst id="21">4120.0267</dst>
    </src>
    <src id="8">
      <dst id="12">28393.1111</dst>
      <dst id="13">1281.2978</dst>
      <dst id="19">1.6000</dst>
      <dst id="18">374.7111</dst>
      <dst id="4">3333.1111</dst>
      <dst id="1">6815.5022</dst>
      <dst id="5">707.4933</dst>
      <dst id="3">449.6000</dst>
      <dst id="10">1613.4222</dst>
      <dst id="7">23.0222</dst>
      <dst id="2">808.5956</dst>
      <dst id="16">163047.1111</dst>
      <dst id="14">1.8489</dst>
      <dst id="11">9.4578</dst>
      <dst id="9">155305.0578</dst>
      <dst id="17">291008.5067</dst>
      <dst id="21">31.8578</dst>
      <dst id="15">1138.8622</dst>
    </src>
    <src id="18">
      <dst id="12">113637.4844</dst>
      <dst id="13">276.2311</dst>
      <dst id="19">161.3333</dst>
      <dst id="23">31.2089</dst>
      <dst id="8">224.8000</dst>
      <dst id="4">471.0311</dst>
      <dst id="1">10962.0533</dst>
      <dst id="5">217.5822</dst>
      <dst id="3">2233.2622</dst>
      <dst id="10">708.7733</dst>
      <dst id="22">1246.0889</dst>
      <dst id="7">155.9289</dst>
      <dst id="2">27512.7822</dst>
      <dst id="6">0.5689</dst>
      <dst id="16">670.9067</dst>
      <dst id="14">2.0356</dst>
      <dst id="20">6.7467</dst>
      <dst id="11">25.3067</dst>
      <dst id="9">914.2400</dst>
      <dst id="17">64569.8667</dst>
      <dst id="21">2274.3822</dst>
      <dst id="15">69.8667</dst>
    </src>
    <src id="4">
      <dst id="12">9224.8000</dst>
      <dst id="19">3180.7556</dst>
      <dst id="23">413.6711</dst>
      <dst id="8">1009.5111</dst>
      <dst id="18">2821.6089</dst>
      <dst id="4">6047.4400</dst>
      <dst id="1">143716.5422</dst>
      <dst id="5">3330.2222</dst>
      <dst id="3">1870.1067</dst>
      <dst id="7">92381.6356</dst>
      <dst id="2">39372.7022</dst>
      <dst id="6">9.7333</dst>
      <dst id="16">5114.5156</dst>
      <dst id="14">1125.7067</dst>
      <dst id="11">55.6978</dst>
      <dst id="9">7942.7111</dst>
      <dst id="17">56421.8578</dst>
      <dst id="21">6957.0400</dst>
      <dst id="15">409.2356</dst>
    </src>
    <src id="1">
      <dst id="12">1148547.8489</dst>
      <dst id="13">8033.0400</dst>
      <dst id="19">943.6089</dst>
      <dst id="23">32.6578</dst>
      <dst id="8">3.5378</dst>
      <dst id="18">20932.5689</dst>
      <dst id="4">8463.1644</dst>
      <dst id="1">371711.7156</dst>
      <dst id="5">352.2133</dst>
      <dst id="3">1002.3644</dst>
      <dst id="10">2415.1467</dst>
      <dst id="7">4575.9733</dst>
      <dst id="2">44819.6978</dst>
      <dst id="6">9.6356</dst>
      <dst id="16">8633.0133</dst>
      <dst id="14">498.5333</dst>
      <dst id="20">1968.0800</dst>
      <dst id="11">2190.6578</dst>
      <dst id="9">2087.3422</dst>
      <dst id="17">54867.4756</dst>
      <dst id="21">14413.5200</dst>
      <dst id="15">66.6756</dst>
    </src>
    <src id="5">
      <dst id="12">16397.2356</dst>
      <dst id="13">3221.9822</dst>
      <dst id="19">247.9467</dst>
      <dst id="23">0.4622</dst>
      <dst id="8">548.7289</dst>
      <dst id="18">201.8756</dst>
      <dst id="4">1619.4844</dst>
      <dst id="1">41268.0978</dst>
      <dst id="3">421.1644</dst>
      <dst id="10">4889.5378</dst>
      <dst id="7">7.7422</dst>
      <dst id="2">309.3067</dst>
      <dst id="16">123063.7333</dst>
      <dst id="14">0.4622</dst>
      <dst id="11">5.6978</dst>
      <dst id="9">73728.8800</dst>
      <dst id="17">233755.3422</dst>
      <dst id="21">137.1733</dst>
      <dst id="15">63.9822</dst>
    </src>
    <src id="3">
      <dst id="12">18178.8356</dst>
      <dst id="13">1827.2178</dst>
      <dst id="19">2096.0356</dst>
      <dst id="23">262.0089</dst>
      <dst id="8">230.8978</dst>
      <dst id="18">351.8222</dst>
      <dst id="4">13510.0178</dst>
      <dst id="1">7837.2444</dst>
      <dst id="5">674.2756</dst>
      <dst id="3">106.3556</dst>
      <dst id="10">5195.5733</dst>
      <dst id="7">1370.5422</dst>
      <dst id="2">9573.5022</dst>
      <dst id="6">4.4356</dst>
      <dst id="16">2276.7644</dst>
      <dst id="14">184.4000</dst>
      <dst id="20">441.6800</dst>
      <dst id="11">182.8800</dst>
      <dst id="9">2527.0667</dst>
      <dst id="17">21583.5556</dst>
      <dst id="21">4469.7689</dst>
      <dst id="15">151.4756</dst>
    </src>
    <src id="10">
      <dst id="12">10736.6667</dst>
      <dst id="19">2164.6933</dst>
      <dst id="23">335.2622</dst>
      <dst id="8">732.2133</dst>
      <dst id="18">5853.2889</dst>
      <dst id="1">3625.5911</dst>
      <dst id="5">871.5644</dst>
      <dst id="3">2962.7111</dst>
      <dst id="7">30598.1867</dst>
      <dst id="2">32192.0444</dst>
      <dst id="6">6.8089</dst>
      <dst id="16">1927.8400</dst>
      <dst id="14">707.8578</dst>
      <dst id="20">6083.6533</dst>
      <dst id="11">115.3956</dst>
      <dst id="9">3949.5289</dst>
      <dst id="17">57989.4133</dst>
      <dst id="21">10684.5689</dst>
      <dst id="15">75.1200</dst>
    </src>
    <src id="22">
      <dst id="12">11731.6267</dst>
      <dst id="13">2880.7111</dst>
      <dst id="19">653.3422</dst>
      <dst id="23">33.4756</dst>
      <dst id="8">535.7244</dst>
      <dst id="18">2015.0844</dst>
      <dst id="4">5857.0489</dst>
      <dst id="1">454.7200</dst>
      <dst id="5">3461.3600</dst>
      <dst id="3">20.7644</dst>
      <dst id="10">3868.1511</dst>
      <dst id="7">1008.9956</dst>
      <dst id="2">7373.1822</dst>
      <dst id="16">3.8400</dst>
      <dst id="14">1495.0667</dst>
      <dst id="11">28.2311</dst>
      <dst id="9">2852.2933</dst>
      <dst id="17">7931.6000</dst>
      <dst id="21">2835.2800</dst>
    </src>
    <src id="7">
      <dst id="12">8103.1289</dst>
      <dst id="13">494.0444</dst>
      <dst id="19">7285.5644</dst>
      <dst id="23">160.1600</dst>
      <dst id="8">1114.3644</dst>
      <dst id="18">4920.5511</dst>
      <dst id="4">54736.0533</dst>
      <dst id="1">21296.7200</dst>
      <dst id="5">620.4622</dst>
      <dst id="3">1080.0978</dst>
      <dst id="10">8888.5156</dst>
      <dst id="22">1000.9956</dst>
      <dst id="7">848.0889</dst>
      <dst id="2">6766.5422</dst>
      <dst id="6">100.9511</dst>
      <dst id="16">252.5244</dst>
      <dst id="14">373.3422</dst>
      <dst id="20">9714.6133</dst>
      <dst id="11">89.3600</dst>
      <dst id="9">570.6044</dst>
      <dst id="17">10222.0267</dst>
      <dst id="21">10213.4667</dst>
      <dst id="15">931.5378</dst>
    </src>
    <src id="2">
      <dst id="12">86285.1822</dst>
      <dst id="13">5567.3333</dst>
      <dst id="19">13879.6444</dst>
      <dst id="23">1.3867</dst>
      <dst id="8">1737.2622</dst>
      <dst id="18">101545.7422</dst>
      <dst id="4">35381.9556</dst>
      <dst id="1">18001.3956</dst>
      <dst id="5">435.0489</dst>
      <dst id="3">265.1556</dst>
      <dst id="10">28374.8889</dst>
      <dst id="22">2079.4489</dst>
      <dst id="7">13128.3911</dst>
      <dst id="2">2470.3111</dst>
      <dst id="6">23939.5111</dst>
      <dst id="16">944.8089</dst>
      <dst id="14">512.7200</dst>
      <dst id="20">430.1778</dst>
      <dst id="11">574.4800</dst>
      <dst id="9">1257.4667</dst>
      <dst id="17">16679.0756</dst>
      <dst id="21">4723.2533</dst>
      <dst id="15">1559.1111</dst>
    </src>
    <src id="6">
      <dst id="12">1567.3778</dst>
      <dst id="13">25.0844</dst>
      <dst id="19">13.6356</dst>
      <dst id="18">11.4667</dst>
      <dst id="4">49.0400</dst>
      <dst id="1">3256.5067</dst>
      <dst id="3">46.0533</dst>
      <dst id="10">822.9244</dst>
      <dst id="22">16.7378</dst>
      <dst id="7">187.4133</dst>
      <dst id="2">1033.9644</dst>
      <dst id="16">134.9156</dst>
      <dst id="11">11.4667</dst>
      <dst id="9">62.3467</dst>
      <dst id="17">24419.4400</dst>
      <dst id="21">596.8622</dst>
      <dst id="15">0.3378</dst>
    </src>
    <src id="16">
      <dst id="12">243210.9956</dst>
      <dst id="13">904.8000</dst>
      <dst id="19">3641.7422</dst>
      <dst id="23">5.8489</dst>
      <dst id="8">191300.7556</dst>
      <dst id="18">897.6622</dst>
      <dst id="4">2313.6000</dst>
      <dst id="1">20407.2356</dst>
      <dst id="5">287011.4133</dst>
      <dst id="3">13314.1600</dst>
      <dst id="10">858.4178</dst>
      <dst id="7">947.2089</dst>
      <dst id="2">1165.2533</dst>
      <dst id="16">765.7956</dst>
      <dst id="14">62561.2889</dst>
      <dst id="11">26139.1378</dst>
      <dst id="9">265613.9200</dst>
      <dst id="17">19204.7644</dst>
      <dst id="21">1.3156</dst>
    </src>
    <src id="14">
      <dst id="12">4543.7600</dst>
      <dst id="13">617.2800</dst>
      <dst id="19">29.5822</dst>
      <dst id="8">0.3556</dst>
      <dst id="18">11.4133</dst>
      <dst id="4">522.3644</dst>
      <dst id="1">3929.7156</dst>
      <dst id="5">1.3511</dst>
      <dst id="3">955.4844</dst>
      <dst id="10">1723.0222</dst>
      <dst id="7">298.7733</dst>
      <dst id="2">1706.3467</dst>
      <dst id="6">0.6222</dst>
      <dst id="16">1178.2222</dst>
      <dst id="11">5.0133</dst>
      <dst id="9">491.8400</dst>
      <dst id="17">36126.8889</dst>
      <dst id="21">198.8800</dst>
      <dst id="15">0.9244</dst>
    </src>
    <src id="20">
      <dst id="12">12132.5244</dst>
      <dst id="13">3930.4444</dst>
      <dst id="19">35.9200</dst>
      <dst id="23">2.2400</dst>
      <dst id="8">1940.4978</dst>
      <dst id="18">55.2978</dst>
      <dst id="4">5150.6222</dst>
      <dst id="1">120.9422</dst>
      <dst id="5">2343.1644</dst>
      <dst id="3">18.6044</dst>
      <dst id="10">6088.1600</dst>
      <dst id="7">388.3467</dst>
      <dst id="2">3152.6400</dst>
      <dst id="6">0.6222</dst>
      <dst id="16">200.3556</dst>
      <dst id="14">1.0756</dst>
      <dst id="20">53.3689</dst>
      <dst id="11">67.7333</dst>
      <dst id="9">2347.1644</dst>
      <dst id="17">3106.4622</dst>
      <dst id="21">210.2667</dst>
    </src>
    <src id="11">
      <dst id="12">44121.9378</dst>
      <dst id="13">3559.7333</dst>
      <dst id="19">708.6489</dst>
      <dst id="23">17.8133</dst>
      <dst id="8">502.2133</dst>
      <dst id="18">336.7733</dst>
      <dst id="4">2886.2044</dst>
      <dst id="1">43132.5778</dst>
      <dst id="5">4133.9289</dst>
      <dst id="3">805.3511</dst>
      <dst id="10">7767.2889</dst>
      <dst id="7">965.4756</dst>
      <dst id="2">71196.3022</dst>
      <dst id="6">4.4267</dst>
      <dst id="16">24726.3467</dst>
      <dst id="14">213.6800</dst>
      <dst id="20">8035.7422</dst>
      <dst id="11">1849.8933</dst>
      <dst id="9">11329.9022</dst>
      <dst id="17">641038.4267</dst>
      <dst id="21">1153.5644</dst>
      <dst id="15">541.2889</dst>
    </src>
    <src id="9">
      <dst id="12">29005.9733</dst>
      <dst id="13">1141.5022</dst>
      <dst id="19">21.1644</dst>
      <dst id="23">6.4178</dst>
      <dst id="8">146284.2489</dst>
      <dst id="18">1363.8400</dst>
      <dst id="4">2353.8933</dst>
      <dst id="1">10865.0222</dst>
      <dst id="5">4365.1733</dst>
      <dst id="3">457.1378</dst>
      <dst id="10">1412.8000</dst>
      <dst id="7">1149.8578</dst>
      <dst id="2">283.6711</dst>
      <dst id="6">0.9244</dst>
      <dst id="16">154862.1956</dst>
      <dst id="14">15.3778</dst>
      <dst id="11">29.6978</dst>
      <dst id="9">328129.1467</dst>
      <dst id="17">370786.3111</dst>
      <dst id="21">3.3067</dst>
      <dst id="15">14378.2044</dst>
    </src>
    <src id="17">
      <dst id="12">172851.8222</dst>
      <dst id="13">6026.6400</dst>
      <dst id="19">664.9067</dst>
      <dst id="23">961.4044</dst>
      <dst id="8">462.4978</dst>
      <dst id="18">3556.8356</dst>
      <dst id="4">36358.5867</dst>
      <dst id="1">6685.4933</dst>
      <dst id="5">205111.5378</dst>
      <dst id="3">8052.9067</dst>
      <dst id="10">14967.9467</dst>
      <dst id="7">16998.5156</dst>
      <dst id="2">33156.1600</dst>
      <dst id="6">65.3156</dst>
      <dst id="16">10400.3022</dst>
      <dst id="14">25910.5156</dst>
      <dst id="20">1447.1911</dst>
      <dst id="11">20578.6667</dst>
      <dst id="9">14526.4533</dst>
      <dst id="17">40405.2800</dst>
      <dst id="21">12353.1733</dst>
      <dst id="15">687.2000</dst>
    </src>
    <src id="21">
      <dst id="12">7393.2000</dst>
      <dst id="13">893.8578</dst>
      <dst id="19">818.5067</dst>
      <dst id="23">75.9200</dst>
      <dst id="8">199.1111</dst>
      <dst id="18">1208.4622</dst>
      <dst id="4">11444.7556</dst>
      <dst id="1">23585.0311</dst>
      <dst id="5">1615.4756</dst>
      <dst id="3">10070.2044</dst>
      <dst id="10">7170.3733</dst>
      <dst id="7">1975.2978</dst>
      <dst id="2">17428.1867</dst>
      <dst id="6">19.2800</dst>
      <dst id="16">2139.1822</dst>
      <dst id="14">136.5422</dst>
      <dst id="20">55.3511</dst>
      <dst id="11">131.0756</dst>
      <dst id="9">1779.2533</dst>
      <dst id="17">33316.8622</dst>
      <dst id="21">6172.5778</dst>
      <dst id="15">36.2844</dst>
    </src>
    <src id="15">
      <dst id="12">208.5156</dst>
      <dst id="13">881.1733</dst>
      <dst id="19">0.5333</dst>
      <dst id="8">53.5022</dst>
      <dst id="18">84.0889</dst>
      <dst id="4">523.4044</dst>
      <dst id="1">54.3022</dst>
      <dst id="5">1773.0311</dst>
      <dst id="3">0.8622</dst>
      <dst id="10">436.1067</dst>
      <dst id="7">27.5200</dst>
      <dst id="2">3658.0533</dst>
      <dst id="16">3.5289</dst>
      <dst id="9">4367.7333</dst>
      <dst id="17">14226.4800</dst>
      <dst id="21">88.2844</dst>
    </src>
  </IntraTM>
</TrafficMatrixFile>
