<?xml version="1.0" encoding="UTF-8" standalone="yes"?>
<TrafficMatrixFile xmlns:xsi="http://www.w3.org/2001/XMLSchema-instance" xsi:noNamespaceSchemaLocation="http://totem.run.montefiore.ulg.ac.be/Schema/TrafficMatrix-v1_2.xsd">
  <info>
    <title>Intradomain traffic matrix generated by geant-TM-all.pl</title>
    <date>2005-04-12T17:30:00</date>
    <duration>900</duration>
    <author>Steve Uhlig</author>
    <units>
        <unit type="bandwidth" value="kbps"/>
    </units>
  </info>
  <IntraTM ASID="20965">
    <src id="12">
      <dst id="12">288386.4356</dst>
      <dst id="13">15812.2044</dst>
      <dst id="19">4047.0578</dst>
      <dst id="23">1560.4000</dst>
      <dst id="8">93.9467</dst>
      <dst id="18">27064.2489</dst>
      <dst id="4">3050.1778</dst>
      <dst id="1">26416.5511</dst>
      <dst id="5">10707.0133</dst>
      <dst id="3">321.2178</dst>
      <dst id="10">745.5111</dst>
      <dst id="22">4807.0667</dst>
      <dst id="7">8272.7733</dst>
      <dst id="2">3957.6800</dst>
      <dst id="16">2185.4756</dst>
      <dst id="14">241.6444</dst>
      <dst id="20">695.1911</dst>
      <dst id="11">58.5956</dst>
      <dst id="9">31349.1111</dst>
      <dst id="17">22709.2533</dst>
      <dst id="21">199.6356</dst>
      <dst id="15">142.3822</dst>
    </src>
    <src id="13">
      <dst id="12">5519.0489</dst>
      <dst id="13">161.6889</dst>
      <dst id="19">5875.3956</dst>
      <dst id="23">56.2311</dst>
      <dst id="8">195.1644</dst>
      <dst id="18">1313.2622</dst>
      <dst id="4">1.2089</dst>
      <dst id="1">34246.3822</dst>
      <dst id="5">702.8267</dst>
      <dst id="3">9.7867</dst>
      <dst id="22">859.5378</dst>
      <dst id="7">131.8756</dst>
      <dst id="2">5715.2178</dst>
      <dst id="16">311.6711</dst>
      <dst id="14">134.6844</dst>
      <dst id="20">223.6178</dst>
      <dst id="11">773.9556</dst>
      <dst id="9">341.3778</dst>
      <dst id="17">3082.6222</dst>
      <dst id="21">334.4978</dst>
      <dst id="15">7.2889</dst>
    </src>
    <src id="19">
      <dst id="12">27021.6000</dst>
      <dst id="13">405.0667</dst>
      <dst id="23">0.3378</dst>
      <dst id="18">0.9867</dst>
      <dst id="4">286.3378</dst>
      <dst id="1">21462.2578</dst>
      <dst id="5">38.7378</dst>
      <dst id="3">0.4622</dst>
      <dst id="10">15.8489</dst>
      <dst id="22">335.2622</dst>
      <dst id="7">201.9644</dst>
      <dst id="2">420.6133</dst>
      <dst id="16">2603.0844</dst>
      <dst id="14">33.3689</dst>
      <dst id="20">0.7111</dst>
      <dst id="9">2180.4533</dst>
      <dst id="17">34676.8178</dst>
      <dst id="21">57.0133</dst>
    </src>
    <src id="23">
      <dst id="12">3804.0800</dst>
      <dst id="13">185.0400</dst>
      <dst id="8">53.3333</dst>
      <dst id="4">101.2089</dst>
      <dst id="1">176.1600</dst>
      <dst id="10">67.7956</dst>
      <dst id="22">21.8844</dst>
      <dst id="7">40.2844</dst>
      <dst id="2">120.4889</dst>
      <dst id="14">0.4622</dst>
      <dst id="11">28.1511</dst>
      <dst id="9">13.0667</dst>
      <dst id="17">261.0133</dst>
      <dst id="21">79.0222</dst>
    </src>
    <src id="8">
      <dst id="12">12060.8889</dst>
      <dst id="13">230.7822</dst>
      <dst id="19">0.4711</dst>
      <dst id="23">0.3556</dst>
      <dst id="4">77.0933</dst>
      <dst id="1">1211.4222</dst>
      <dst id="5">1965.2711</dst>
      <dst id="3">93.3689</dst>
      <dst id="10">34.0622</dst>
      <dst id="22">0.3556</dst>
      <dst id="2">117.4400</dst>
      <dst id="16">158253.6889</dst>
      <dst id="14">0.6667</dst>
      <dst id="11">241.1200</dst>
      <dst id="9">48461.0489</dst>
      <dst id="17">19786.1244</dst>
      <dst id="21">2.8089</dst>
      <dst id="15">0.3556</dst>
    </src>
    <src id="18">
      <dst id="12">83307.8489</dst>
      <dst id="13">99.0044</dst>
      <dst id="23">0.3556</dst>
      <dst id="8">0.3556</dst>
      <dst id="4">23.5378</dst>
      <dst id="1">11078.4622</dst>
      <dst id="5">63.1378</dst>
      <dst id="3">1812.0089</dst>
      <dst id="10">5.3600</dst>
      <dst id="22">8.9778</dst>
      <dst id="7">120.9511</dst>
      <dst id="2">2337.2267</dst>
      <dst id="16">195.6000</dst>
      <dst id="20">905.6267</dst>
      <dst id="11">26.6667</dst>
      <dst id="9">5887.7778</dst>
      <dst id="17">3480.2044</dst>
      <dst id="21">50.4267</dst>
      <dst id="15">1.2089</dst>
    </src>
    <src id="4">
      <dst id="12">6335.4489</dst>
      <dst id="13">4.2578</dst>
      <dst id="19">2340.0267</dst>
      <dst id="23">6783.9378</dst>
      <dst id="8">1171.7600</dst>
      <dst id="18">367.9022</dst>
      <dst id="4">839.2978</dst>
      <dst id="1">124710.7644</dst>
      <dst id="5">2560.6756</dst>
      <dst id="3">3.3956</dst>
      <dst id="22">1210.2044</dst>
      <dst id="7">6.4978</dst>
      <dst id="2">211789.4489</dst>
      <dst id="16">86762.2756</dst>
      <dst id="14">3977.0222</dst>
      <dst id="11">651.0933</dst>
      <dst id="9">13396.7200</dst>
      <dst id="17">26559.6000</dst>
      <dst id="21">2020.6756</dst>
      <dst id="15">3659.4578</dst>
    </src>
    <src id="1">
      <dst id="12">31937.2000</dst>
      <dst id="13">23734.0267</dst>
      <dst id="19">4986.0000</dst>
      <dst id="23">108.8889</dst>
      <dst id="8">2.0000</dst>
      <dst id="18">13022.5689</dst>
      <dst id="4">353.5200</dst>
      <dst id="1">483027.1644</dst>
      <dst id="5">400.7911</dst>
      <dst id="3">190.9333</dst>
      <dst id="10">82.1689</dst>
      <dst id="22">13.8667</dst>
      <dst id="7">186.2489</dst>
      <dst id="2">21709.8578</dst>
      <dst id="16">16176.3556</dst>
      <dst id="14">148.1689</dst>
      <dst id="20">31.7244</dst>
      <dst id="11">57.6533</dst>
      <dst id="9">374.3200</dst>
      <dst id="17">1703.1467</dst>
      <dst id="21">2076.4978</dst>
      <dst id="15">54.4889</dst>
    </src>
    <src id="5">
      <dst id="12">17733.7244</dst>
      <dst id="13">579.1556</dst>
      <dst id="19">92.6844</dst>
      <dst id="23">13.2444</dst>
      <dst id="8">91.2178</dst>
      <dst id="18">31.5733</dst>
      <dst id="4">151.0933</dst>
      <dst id="1">27483.3511</dst>
      <dst id="3">980.3289</dst>
      <dst id="10">36.5778</dst>
      <dst id="22">399.8311</dst>
      <dst id="2">826.5600</dst>
      <dst id="16">210898.4800</dst>
      <dst id="11">1.1289</dst>
      <dst id="9">42807.2089</dst>
      <dst id="17">25663.9911</dst>
      <dst id="21">27.7067</dst>
      <dst id="15">64.9778</dst>
    </src>
    <src id="3">
      <dst id="12">26590.4800</dst>
      <dst id="13">2662.1689</dst>
      <dst id="19">1205.1556</dst>
      <dst id="23">12.1600</dst>
      <dst id="8">1.3511</dst>
      <dst id="18">3.9022</dst>
      <dst id="4">325.7333</dst>
      <dst id="1">12259.3778</dst>
      <dst id="5">66.2044</dst>
      <dst id="3">218.9067</dst>
      <dst id="10">506.3289</dst>
      <dst id="22">439.4400</dst>
      <dst id="7">462.9333</dst>
      <dst id="2">3571.0044</dst>
      <dst id="16">5596.7822</dst>
      <dst id="14">203.8844</dst>
      <dst id="20">34.3644</dst>
      <dst id="11">380.2756</dst>
      <dst id="9">1956.6311</dst>
      <dst id="17">48595.6800</dst>
      <dst id="21">617.4933</dst>
      <dst id="15">4.8267</dst>
    </src>
    <src id="10">
      <dst id="12">535.0400</dst>
      <dst id="13">5.7422</dst>
      <dst id="19">3883.3511</dst>
      <dst id="23">307.1733</dst>
      <dst id="8">86.9422</dst>
      <dst id="18">268.6133</dst>
      <dst id="1">269.2444</dst>
      <dst id="5">1375.9556</dst>
      <dst id="3">49.0311</dst>
      <dst id="22">72.5956</dst>
      <dst id="7">13.3333</dst>
      <dst id="2">3513.2889</dst>
      <dst id="6">4.9067</dst>
      <dst id="16">11587.6711</dst>
      <dst id="14">1348.5956</dst>
      <dst id="20">4854.4800</dst>
      <dst id="11">13.3333</dst>
      <dst id="9">5462.5778</dst>
      <dst id="17">11266.4978</dst>
      <dst id="21">4333.8311</dst>
      <dst id="15">44.7467</dst>
    </src>
    <src id="22">
      <dst id="12">3438.7289</dst>
      <dst id="13">3057.9556</dst>
      <dst id="19">40.6311</dst>
      <dst id="23">6.3644</dst>
      <dst id="8">85.2533</dst>
      <dst id="18">18.7556</dst>
      <dst id="4">445.2178</dst>
      <dst id="1">134.4356</dst>
      <dst id="5">1063.5911</dst>
      <dst id="3">0.5867</dst>
      <dst id="10">58.1956</dst>
      <dst id="7">82.3200</dst>
      <dst id="2">140.8800</dst>
      <dst id="16">2024.7733</dst>
      <dst id="14">65.6800</dst>
      <dst id="11">640.6311</dst>
      <dst id="9">118.0000</dst>
      <dst id="17">1159.4311</dst>
      <dst id="21">172.9422</dst>
    </src>
    <src id="7">
      <dst id="12">2664.1156</dst>
      <dst id="13">3312.4889</dst>
      <dst id="19">73.3244</dst>
      <dst id="23">5.2089</dst>
      <dst id="8">766.4089</dst>
      <dst id="18">7.8222</dst>
      <dst id="4">1548.6222</dst>
      <dst id="1">417.1378</dst>
      <dst id="5">25.4578</dst>
      <dst id="3">34.8800</dst>
      <dst id="10">32.7200</dst>
      <dst id="22">68.3822</dst>
      <dst id="7">42.6222</dst>
      <dst id="2">385.0044</dst>
      <dst id="16">16.7200</dst>
      <dst id="14">60.2133</dst>
      <dst id="20">12.8711</dst>
      <dst id="11">1259.4667</dst>
      <dst id="9">40.2844</dst>
      <dst id="17">629.0756</dst>
      <dst id="21">1000.5867</dst>
      <dst id="15">1788.5956</dst>
    </src>
    <src id="2">
      <dst id="12">96697.1289</dst>
      <dst id="13">75904.0889</dst>
      <dst id="19">4022.9422</dst>
      <dst id="23">1.3867</dst>
      <dst id="8">48.0889</dst>
      <dst id="18">17585.9378</dst>
      <dst id="4">1558.3822</dst>
      <dst id="1">51127.3778</dst>
      <dst id="5">522.8711</dst>
      <dst id="3">41.6711</dst>
      <dst id="10">1788.9778</dst>
      <dst id="22">219.8311</dst>
      <dst id="7">2051.8933</dst>
      <dst id="2">1711.1022</dst>
      <dst id="16">40.8267</dst>
      <dst id="14">411.3422</dst>
      <dst id="20">407.5111</dst>
      <dst id="11">2520.3911</dst>
      <dst id="9">370.1422</dst>
      <dst id="17">3354.1689</dst>
      <dst id="21">3923.8133</dst>
      <dst id="15">82.6933</dst>
    </src>
    <src id="6">
      <dst id="12">229.8489</dst>
      <dst id="13">2.7822</dst>
      <dst id="19">1.1378</dst>
      <dst id="23">0.3378</dst>
      <dst id="18">0.3556</dst>
      <dst id="4">0.8889</dst>
      <dst id="1">525.6267</dst>
      <dst id="5">32.0533</dst>
      <dst id="3">0.7822</dst>
      <dst id="10">0.7378</dst>
      <dst id="22">0.8178</dst>
      <dst id="7">2.8356</dst>
      <dst id="2">234.0978</dst>
      <dst id="16">16.7200</dst>
      <dst id="9">714.4711</dst>
      <dst id="17">13670.9156</dst>
      <dst id="21">0.9422</dst>
    </src>
    <src id="16">
      <dst id="12">53982.0711</dst>
      <dst id="13">1446.6933</dst>
      <dst id="19">2483.1644</dst>
      <dst id="23">2.5511</dst>
      <dst id="8">40425.7778</dst>
      <dst id="18">6.2844</dst>
      <dst id="4">40.6578</dst>
      <dst id="1">8770.3911</dst>
      <dst id="5">179390.1244</dst>
      <dst id="3">1761.9022</dst>
      <dst id="10">156.5244</dst>
      <dst id="2">1609.3600</dst>
      <dst id="16">15439.2533</dst>
      <dst id="14">46743.1733</dst>
      <dst id="11">9485.6444</dst>
      <dst id="9">121957.2978</dst>
      <dst id="17">658.7200</dst>
    </src>
    <src id="14">
      <dst id="12">718.8267</dst>
      <dst id="13">217.6356</dst>
      <dst id="19">76.6933</dst>
      <dst id="23">0.8178</dst>
      <dst id="18">1.2889</dst>
      <dst id="4">65.6000</dst>
      <dst id="1">930.6578</dst>
      <dst id="5">0.9600</dst>
      <dst id="3">719.8400</dst>
      <dst id="10">62.0089</dst>
      <dst id="7">76.4356</dst>
      <dst id="2">104.4267</dst>
      <dst id="16">2752.9778</dst>
      <dst id="20">3.0578</dst>
      <dst id="11">6.1689</dst>
      <dst id="9">1172.1422</dst>
      <dst id="17">25402.7200</dst>
      <dst id="21">143.0933</dst>
      <dst id="15">0.5244</dst>
    </src>
    <src id="20">
      <dst id="12">129.8044</dst>
      <dst id="13">3640.6933</dst>
      <dst id="19">13.3333</dst>
      <dst id="8">0.3556</dst>
      <dst id="18">40.4622</dst>
      <dst id="4">466.8800</dst>
      <dst id="1">50.0089</dst>
      <dst id="5">295.1911</dst>
      <dst id="10">300.1067</dst>
      <dst id="7">5.5911</dst>
      <dst id="2">27.3956</dst>
      <dst id="16">5290.7822</dst>
      <dst id="14">28.7644</dst>
      <dst id="11">39.6444</dst>
      <dst id="9">1493.5911</dst>
      <dst id="17">465.6444</dst>
      <dst id="21">28.6222</dst>
    </src>
    <src id="11">
      <dst id="12">15282.5244</dst>
      <dst id="13">760.4178</dst>
      <dst id="19">933.6444</dst>
      <dst id="23">9.6178</dst>
      <dst id="8">17.1644</dst>
      <dst id="18">3.5822</dst>
      <dst id="4">391.9378</dst>
      <dst id="1">25498.4622</dst>
      <dst id="5">1190.6844</dst>
      <dst id="3">204.6222</dst>
      <dst id="10">166.6133</dst>
      <dst id="22">60.1422</dst>
      <dst id="2">2597.5467</dst>
      <dst id="16">5688.4622</dst>
      <dst id="14">64.9600</dst>
      <dst id="20">107.7422</dst>
      <dst id="11">1257.7156</dst>
      <dst id="9">28401.3244</dst>
      <dst id="17">325882.8178</dst>
      <dst id="21">257.8400</dst>
      <dst id="15">312.5867</dst>
    </src>
    <src id="9">
      <dst id="12">22174.5156</dst>
      <dst id="13">242.2667</dst>
      <dst id="19">143.7956</dst>
      <dst id="23">0.4622</dst>
      <dst id="8">49549.9733</dst>
      <dst id="18">513.0578</dst>
      <dst id="4">334.8000</dst>
      <dst id="1">4443.5378</dst>
      <dst id="5">216.4000</dst>
      <dst id="3">715.0844</dst>
      <dst id="10">71.3333</dst>
      <dst id="22">178.5511</dst>
      <dst id="2">69.0222</dst>
      <dst id="16">349596.7378</dst>
      <dst id="14">14.9689</dst>
      <dst id="11">28.9867</dst>
      <dst id="9">161440.6933</dst>
      <dst id="17">35251.9911</dst>
      <dst id="21">53.3333</dst>
      <dst id="15">1087.7422</dst>
    </src>
    <src id="17">
      <dst id="12">45760.9867</dst>
      <dst id="13">9088.5067</dst>
      <dst id="19">330.6222</dst>
      <dst id="23">19.4933</dst>
      <dst id="8">151.8933</dst>
      <dst id="18">3975.2978</dst>
      <dst id="4">5516.1067</dst>
      <dst id="1">909.6889</dst>
      <dst id="5">118644.7289</dst>
      <dst id="3">3479.7778</dst>
      <dst id="10">903.1111</dst>
      <dst id="22">26.4978</dst>
      <dst id="7">710.6400</dst>
      <dst id="2">12932.7289</dst>
      <dst id="16">28111.9556</dst>
      <dst id="14">22604.9956</dst>
      <dst id="20">491.7156</dst>
      <dst id="11">6639.2267</dst>
      <dst id="9">864.0089</dst>
      <dst id="17">4341.4400</dst>
      <dst id="21">2817.2444</dst>
      <dst id="15">36.1600</dst>
    </src>
    <src id="21">
      <dst id="12">601.6089</dst>
      <dst id="13">1387.1467</dst>
      <dst id="19">163.9822</dst>
      <dst id="23">3.9467</dst>
      <dst id="8">50.2667</dst>
      <dst id="18">144.0711</dst>
      <dst id="4">266.6400</dst>
      <dst id="1">3891.2444</dst>
      <dst id="5">75.4222</dst>
      <dst id="3">1377.1289</dst>
      <dst id="10">158.6044</dst>
      <dst id="22">108.7733</dst>
      <dst id="7">257.4400</dst>
      <dst id="2">808.6311</dst>
      <dst id="16">3004.0978</dst>
      <dst id="14">124.7467</dst>
      <dst id="20">30.6400</dst>
      <dst id="11">524.2222</dst>
      <dst id="9">2370.5511</dst>
      <dst id="17">19693.0400</dst>
      <dst id="21">205.0044</dst>
      <dst id="15">9.2533</dst>
    </src>
    <src id="15">
      <dst id="12">92.2933</dst>
      <dst id="13">151.9911</dst>
      <dst id="19">0.4267</dst>
      <dst id="23">0.5244</dst>
      <dst id="8">1.1644</dst>
      <dst id="18">0.6311</dst>
      <dst id="4">35.1111</dst>
      <dst id="1">4.0533</dst>
      <dst id="5">219.0311</dst>
      <dst id="10">832.2844</dst>
      <dst id="2">106.9422</dst>
      <dst id="16">1999.3600</dst>
      <dst id="14">13.7333</dst>
      <dst id="11">49.5378</dst>
      <dst id="9">11946.8267</dst>
      <dst id="17">380.2933</dst>
    </src>
  </IntraTM>
</TrafficMatrixFile>
