<?xml version="1.0" encoding="UTF-8" standalone="yes"?>
<TrafficMatrixFile xmlns:xsi="http://www.w3.org/2001/XMLSchema-instance" xsi:noNamespaceSchemaLocation="http://totem.run.montefiore.ulg.ac.be/Schema/TrafficMatrix-v1_2.xsd">
  <info>
    <title>Intradomain traffic matrix generated by geant-TM-all.pl</title>
    <date>2005-02-04T03:00:00</date>
    <duration>900</duration>
    <author>Steve Uhlig</author>
    <units>
        <unit type="bandwidth" value="kbps"/>
    </units>
  </info>
  <IntraTM ASID="20965">
    <src id="12">
      <dst id="12">435370.5511</dst>
      <dst id="13">40971.0756</dst>
      <dst id="19">2280.7467</dst>
      <dst id="23">254.9067</dst>
      <dst id="8">1221.0044</dst>
      <dst id="18">212766.8178</dst>
      <dst id="4">131765.2533</dst>
      <dst id="1">13948.0444</dst>
      <dst id="5">7663.9378</dst>
      <dst id="3">7735.4933</dst>
      <dst id="10">16421.0311</dst>
      <dst id="22">33706.3733</dst>
      <dst id="7">29148.6400</dst>
      <dst id="2">62893.8844</dst>
      <dst id="6">0.3378</dst>
      <dst id="16">21701.6889</dst>
      <dst id="14">2185.1022</dst>
      <dst id="20">41471.1111</dst>
      <dst id="11">4068.1333</dst>
      <dst id="9">26167.7333</dst>
      <dst id="17">100703.7956</dst>
      <dst id="21">40467.6000</dst>
      <dst id="15">6906.8711</dst>
    </src>
    <src id="13">
      <dst id="12">112061.3867</dst>
      <dst id="19">7149.1556</dst>
      <dst id="23">1349.0133</dst>
      <dst id="8">4258.7556</dst>
      <dst id="18">11382.2044</dst>
      <dst id="4">0.7111</dst>
      <dst id="1">8167.8400</dst>
      <dst id="5">23729.9467</dst>
      <dst id="3">19247.5556</dst>
      <dst id="22">21468.2578</dst>
      <dst id="7">27599.3333</dst>
      <dst id="2">123386.9867</dst>
      <dst id="6">355.6533</dst>
      <dst id="16">13646.7733</dst>
      <dst id="14">5161.3244</dst>
      <dst id="20">26564.5511</dst>
      <dst id="11">1015.1200</dst>
      <dst id="9">18745.4489</dst>
      <dst id="17">116302.8533</dst>
      <dst id="21">32862.0711</dst>
      <dst id="15">2833.1289</dst>
    </src>
    <src id="19">
      <dst id="12">11579.9378</dst>
      <dst id="13">656.8889</dst>
      <dst id="23">54.3289</dst>
      <dst id="8">4.1689</dst>
      <dst id="18">125.6889</dst>
      <dst id="4">21240.0267</dst>
      <dst id="1">643.5467</dst>
      <dst id="5">888.7644</dst>
      <dst id="3">649.7689</dst>
      <dst id="10">318.8089</dst>
      <dst id="22">133.4578</dst>
      <dst id="7">4466.0889</dst>
      <dst id="2">18965.9022</dst>
      <dst id="6">170.1867</dst>
      <dst id="16">7770.4089</dst>
      <dst id="14">44.8267</dst>
      <dst id="20">30.6578</dst>
      <dst id="11">12.1956</dst>
      <dst id="9">729.0578</dst>
      <dst id="17">1076.0800</dst>
      <dst id="21">1305.0222</dst>
      <dst id="15">1.3867</dst>
    </src>
    <src id="23">
      <dst id="12">695.5467</dst>
      <dst id="13">7.2356</dst>
      <dst id="19">5.0667</dst>
      <dst id="18">2095.3778</dst>
      <dst id="4">5895.7156</dst>
      <dst id="1">11.3778</dst>
      <dst id="5">0.3556</dst>
      <dst id="3">672.0622</dst>
      <dst id="10">180.1511</dst>
      <dst id="22">3652.5422</dst>
      <dst id="7">194.2044</dst>
      <dst id="2">148.2044</dst>
      <dst id="6">0.3556</dst>
      <dst id="16">6202.7289</dst>
      <dst id="14">0.4622</dst>
      <dst id="20">1022.5333</dst>
      <dst id="11">13.2978</dst>
      <dst id="9">86.6844</dst>
      <dst id="17">2989.1200</dst>
      <dst id="21">133.9289</dst>
      <dst id="15">1.1022</dst>
    </src>
    <src id="8">
      <dst id="12">48248.0533</dst>
      <dst id="13">1994.7467</dst>
      <dst id="19">68.1689</dst>
      <dst id="23">0.7111</dst>
      <dst id="18">342.1156</dst>
      <dst id="4">3505.0311</dst>
      <dst id="1">4260.4000</dst>
      <dst id="5">2866.0178</dst>
      <dst id="3">900.8267</dst>
      <dst id="10">205.6444</dst>
      <dst id="22">1214.4267</dst>
      <dst id="7">13548.1422</dst>
      <dst id="2">2663.1378</dst>
      <dst id="16">726.1422</dst>
      <dst id="20">208.6933</dst>
      <dst id="11">29.6889</dst>
      <dst id="9">246120.0889</dst>
      <dst id="17">340498.5244</dst>
      <dst id="21">180.4533</dst>
      <dst id="15">2329.3689</dst>
    </src>
    <src id="18">
      <dst id="12">208120.2667</dst>
      <dst id="13">1028.3200</dst>
      <dst id="19">274.9689</dst>
      <dst id="23">79.2533</dst>
      <dst id="8">197.3867</dst>
      <dst id="4">2205.5467</dst>
      <dst id="1">1949.3778</dst>
      <dst id="5">503.8667</dst>
      <dst id="3">1232.3467</dst>
      <dst id="10">261.4756</dst>
      <dst id="22">1226.9689</dst>
      <dst id="7">275.3156</dst>
      <dst id="2">62760.0444</dst>
      <dst id="6">3.1911</dst>
      <dst id="16">162.1778</dst>
      <dst id="14">16.0533</dst>
      <dst id="20">919.5556</dst>
      <dst id="11">13.3333</dst>
      <dst id="9">330.0889</dst>
      <dst id="17">24364.9244</dst>
      <dst id="21">3044.0711</dst>
      <dst id="15">2.8444</dst>
    </src>
    <src id="4">
      <dst id="12">18795.4133</dst>
      <dst id="19">8799.2444</dst>
      <dst id="23">624.9600</dst>
      <dst id="8">2221.2000</dst>
      <dst id="18">3864.2133</dst>
      <dst id="4">210.8000</dst>
      <dst id="1">2362.4089</dst>
      <dst id="5">2084.3111</dst>
      <dst id="3">13579.2178</dst>
      <dst id="22">4561.2356</dst>
      <dst id="7">71819.8400</dst>
      <dst id="2">50174.2222</dst>
      <dst id="6">40.4178</dst>
      <dst id="16">1010.4889</dst>
      <dst id="14">5202.7644</dst>
      <dst id="20">3698.0444</dst>
      <dst id="11">245.8133</dst>
      <dst id="9">3681.9822</dst>
      <dst id="17">42876.2133</dst>
      <dst id="21">7165.0222</dst>
      <dst id="15">1474.1244</dst>
    </src>
    <src id="1">
      <dst id="12">12092.0889</dst>
      <dst id="13">10005.6711</dst>
      <dst id="19">6892.5956</dst>
      <dst id="23">135.6178</dst>
      <dst id="8">37.0133</dst>
      <dst id="18">15979.2622</dst>
      <dst id="4">19708.1333</dst>
      <dst id="1">88.5333</dst>
      <dst id="5">1430.8533</dst>
      <dst id="3">47674.7911</dst>
      <dst id="10">3717.5022</dst>
      <dst id="22">16567.5022</dst>
      <dst id="7">13805.3067</dst>
      <dst id="2">32210.5422</dst>
      <dst id="6">7.4756</dst>
      <dst id="16">8484.0711</dst>
      <dst id="14">14.2578</dst>
      <dst id="20">930.5067</dst>
      <dst id="11">1770.5689</dst>
      <dst id="9">2262.0000</dst>
      <dst id="17">41192.7111</dst>
      <dst id="21">40592.4178</dst>
      <dst id="15">1332.2400</dst>
    </src>
    <src id="5">
      <dst id="12">63570.5333</dst>
      <dst id="13">14339.4311</dst>
      <dst id="19">747.1022</dst>
      <dst id="8">3444.7644</dst>
      <dst id="18">941.6711</dst>
      <dst id="4">6275.7067</dst>
      <dst id="1">3565.2178</dst>
      <dst id="3">853.1289</dst>
      <dst id="10">838.3911</dst>
      <dst id="22">9833.6178</dst>
      <dst id="7">66.8356</dst>
      <dst id="2">2507.4222</dst>
      <dst id="6">126.8711</dst>
      <dst id="16">2747.7422</dst>
      <dst id="14">723.1733</dst>
      <dst id="20">4759.3511</dst>
      <dst id="11">323.8133</dst>
      <dst id="9">96650.7556</dst>
      <dst id="17">509829.8933</dst>
      <dst id="21">847.4311</dst>
      <dst id="15">599.9556</dst>
    </src>
    <src id="3">
      <dst id="12">5145.4667</dst>
      <dst id="13">8515.1289</dst>
      <dst id="19">4162.3111</dst>
      <dst id="23">46.0089</dst>
      <dst id="8">155.5911</dst>
      <dst id="18">1023.4400</dst>
      <dst id="4">41229.5022</dst>
      <dst id="1">11387.2533</dst>
      <dst id="5">4555.2889</dst>
      <dst id="3">209.0489</dst>
      <dst id="10">890.6933</dst>
      <dst id="22">768.3644</dst>
      <dst id="7">2198.0800</dst>
      <dst id="2">10987.6267</dst>
      <dst id="6">24.8622</dst>
      <dst id="16">6582.4711</dst>
      <dst id="14">161.3156</dst>
      <dst id="20">380.4178</dst>
      <dst id="11">475.1378</dst>
      <dst id="9">451.9556</dst>
      <dst id="17">29637.0400</dst>
      <dst id="21">4390.7378</dst>
      <dst id="15">11511.1289</dst>
    </src>
    <src id="10">
      <dst id="12">222606.7556</dst>
      <dst id="19">6949.4933</dst>
      <dst id="23">2169.4756</dst>
      <dst id="8">205533.5556</dst>
      <dst id="18">6834.2756</dst>
      <dst id="1">3987.9289</dst>
      <dst id="5">314498.9333</dst>
      <dst id="3">29612.0622</dst>
      <dst id="22">4682.1067</dst>
      <dst id="7">20411.6711</dst>
      <dst id="2">25185.5733</dst>
      <dst id="6">23031.2800</dst>
      <dst id="16">1471.3778</dst>
      <dst id="14">53159.4489</dst>
      <dst id="20">1280.6667</dst>
      <dst id="11">25910.8622</dst>
      <dst id="9">343725.4844</dst>
      <dst id="17">77927.4844</dst>
      <dst id="21">34996.0533</dst>
      <dst id="15">404.2044</dst>
    </src>
    <src id="22">
      <dst id="12">15167.2889</dst>
      <dst id="13">11268.6756</dst>
      <dst id="19">230.0444</dst>
      <dst id="23">59.4667</dst>
      <dst id="8">1291.9733</dst>
      <dst id="18">1968.4267</dst>
      <dst id="4">18264.2578</dst>
      <dst id="1">485.4578</dst>
      <dst id="5">8704.9067</dst>
      <dst id="3">2922.1422</dst>
      <dst id="10">1653.5022</dst>
      <dst id="7">3175.4044</dst>
      <dst id="2">2630.3733</dst>
      <dst id="6">5.7333</dst>
      <dst id="14">41.3867</dst>
      <dst id="11">126.4711</dst>
      <dst id="9">2095.2622</dst>
      <dst id="17">8400.4267</dst>
      <dst id="21">1717.6000</dst>
    </src>
    <src id="7">
      <dst id="12">11061.7244</dst>
      <dst id="13">437.9911</dst>
      <dst id="19">6406.5867</dst>
      <dst id="23">409.9022</dst>
      <dst id="8">382.3644</dst>
      <dst id="18">1785.0667</dst>
      <dst id="4">30098.1778</dst>
      <dst id="1">2014.8000</dst>
      <dst id="5">2080.4267</dst>
      <dst id="3">9418.4978</dst>
      <dst id="10">994.5600</dst>
      <dst id="22">4280.9600</dst>
      <dst id="7">732.4089</dst>
      <dst id="2">12658.9956</dst>
      <dst id="6">75.3244</dst>
      <dst id="16">2417.5556</dst>
      <dst id="14">567.5467</dst>
      <dst id="20">3117.7867</dst>
      <dst id="11">267.6178</dst>
      <dst id="9">1363.2889</dst>
      <dst id="17">31526.8533</dst>
      <dst id="21">6334.3733</dst>
      <dst id="15">477.2089</dst>
    </src>
    <src id="2">
      <dst id="12">155473.2533</dst>
      <dst id="13">14377.6800</dst>
      <dst id="19">4087.9911</dst>
      <dst id="23">1.0667</dst>
      <dst id="8">612.9244</dst>
      <dst id="18">118515.9733</dst>
      <dst id="4">115135.1111</dst>
      <dst id="1">3763.1111</dst>
      <dst id="5">1775.4400</dst>
      <dst id="3">2053.8133</dst>
      <dst id="10">9448.3200</dst>
      <dst id="22">2630.3644</dst>
      <dst id="7">23697.5467</dst>
      <dst id="2">1821.9289</dst>
      <dst id="6">16675.6622</dst>
      <dst id="16">1312.4978</dst>
      <dst id="14">3627.1289</dst>
      <dst id="20">14526.0089</dst>
      <dst id="11">1785.1644</dst>
      <dst id="9">2150.6489</dst>
      <dst id="17">27432.2311</dst>
      <dst id="21">24414.7467</dst>
      <dst id="15">315.9467</dst>
    </src>
    <src id="6">
      <dst id="12">2367.7689</dst>
      <dst id="13">3.2978</dst>
      <dst id="19">18.7733</dst>
      <dst id="23">0.9244</dst>
      <dst id="4">214.7289</dst>
      <dst id="1">100.6844</dst>
      <dst id="5">1.7778</dst>
      <dst id="3">42.1511</dst>
      <dst id="10">4.7289</dst>
      <dst id="22">19.9911</dst>
      <dst id="7">80.8889</dst>
      <dst id="2">5448.6133</dst>
      <dst id="16">4.5867</dst>
      <dst id="20">0.4533</dst>
      <dst id="11">11.9111</dst>
      <dst id="9">83.2711</dst>
      <dst id="17">16133.4044</dst>
      <dst id="21">51.2533</dst>
    </src>
    <src id="16">
      <dst id="12">3787.3333</dst>
      <dst id="13">10026.0444</dst>
      <dst id="19">3169.0844</dst>
      <dst id="23">244.0889</dst>
      <dst id="8">11862.3822</dst>
      <dst id="18">218.9956</dst>
      <dst id="4">7513.3156</dst>
      <dst id="1">13276.9600</dst>
      <dst id="5">7136.0356</dst>
      <dst id="3">3023.7778</dst>
      <dst id="10">385.5022</dst>
      <dst id="7">1565.6178</dst>
      <dst id="2">1183.7156</dst>
      <dst id="6">1.1378</dst>
      <dst id="16">77.2444</dst>
      <dst id="14">121.2089</dst>
      <dst id="11">13.1822</dst>
      <dst id="9">9133.7156</dst>
      <dst id="17">14040.1244</dst>
      <dst id="21">376.5511</dst>
    </src>
    <src id="14">
      <dst id="12">5452.4444</dst>
      <dst id="13">108.7200</dst>
      <dst id="19">10.3644</dst>
      <dst id="23">0.4622</dst>
      <dst id="8">0.6222</dst>
      <dst id="18">31.5733</dst>
      <dst id="4">2403.3867</dst>
      <dst id="1">587.9378</dst>
      <dst id="5">79.2000</dst>
      <dst id="3">622.1422</dst>
      <dst id="10">573.8311</dst>
      <dst id="22">22.3467</dst>
      <dst id="7">128.4622</dst>
      <dst id="2">4791.3422</dst>
      <dst id="16">48.0000</dst>
      <dst id="20">259.3333</dst>
      <dst id="9">300.1422</dst>
      <dst id="17">29866.8267</dst>
      <dst id="21">199.0933</dst>
      <dst id="15">0.4978</dst>
    </src>
    <src id="20">
      <dst id="12">14777.6622</dst>
      <dst id="13">4836.0089</dst>
      <dst id="19">527.4933</dst>
      <dst id="23">80.7822</dst>
      <dst id="8">3506.6933</dst>
      <dst id="18">4231.3244</dst>
      <dst id="4">13844.5511</dst>
      <dst id="1">681.1822</dst>
      <dst id="5">3674.8711</dst>
      <dst id="3">9062.1244</dst>
      <dst id="10">1425.1200</dst>
      <dst id="7">2920.9067</dst>
      <dst id="2">16517.0489</dst>
      <dst id="14">1238.6044</dst>
      <dst id="11">15.9644</dst>
      <dst id="9">6318.6133</dst>
      <dst id="17">25503.6622</dst>
      <dst id="21">2625.4222</dst>
    </src>
    <src id="11">
      <dst id="12">88573.7067</dst>
      <dst id="13">6627.7244</dst>
      <dst id="19">724.8533</dst>
      <dst id="8">989.4044</dst>
      <dst id="18">1335.3689</dst>
      <dst id="4">18411.7778</dst>
      <dst id="1">881.3778</dst>
      <dst id="5">2425.4578</dst>
      <dst id="3">1207.6711</dst>
      <dst id="10">4123.7778</dst>
      <dst id="22">1575.0667</dst>
      <dst id="7">728.0533</dst>
      <dst id="2">145944.5778</dst>
      <dst id="6">67.5911</dst>
      <dst id="16">715.3867</dst>
      <dst id="14">4706.3644</dst>
      <dst id="20">1218.7911</dst>
      <dst id="11">10314.1244</dst>
      <dst id="9">4057.6444</dst>
      <dst id="17">841912.4533</dst>
      <dst id="21">12044.6578</dst>
      <dst id="15">1166.4711</dst>
    </src>
    <src id="9">
      <dst id="12">81287.6356</dst>
      <dst id="13">7100.4889</dst>
      <dst id="19">125.6000</dst>
      <dst id="23">17.9378</dst>
      <dst id="8">204042.6844</dst>
      <dst id="18">329.2089</dst>
      <dst id="4">7172.8000</dst>
      <dst id="1">16966.8889</dst>
      <dst id="5">6298.2844</dst>
      <dst id="3">530.4978</dst>
      <dst id="10">2646.3556</dst>
      <dst id="22">10681.2089</dst>
      <dst id="7">3328.2933</dst>
      <dst id="2">8528.3467</dst>
      <dst id="6">70.6400</dst>
      <dst id="16">16189.4400</dst>
      <dst id="14">108.8089</dst>
      <dst id="20">7049.0933</dst>
      <dst id="11">98.8000</dst>
      <dst id="9">687310.4267</dst>
      <dst id="17">655204.0711</dst>
      <dst id="21">1473.1911</dst>
      <dst id="15">8385.0933</dst>
    </src>
    <src id="17">
      <dst id="12">183401.0844</dst>
      <dst id="13">30933.4044</dst>
      <dst id="19">8112.0267</dst>
      <dst id="23">230.6044</dst>
      <dst id="8">130.2756</dst>
      <dst id="18">2390.7378</dst>
      <dst id="4">53132.5689</dst>
      <dst id="1">4489.9556</dst>
      <dst id="5">282132.3822</dst>
      <dst id="3">13006.1956</dst>
      <dst id="10">5368.7733</dst>
      <dst id="22">6402.5867</dst>
      <dst id="7">8251.8489</dst>
      <dst id="2">13879.3422</dst>
      <dst id="6">1200.6400</dst>
      <dst id="16">10869.7511</dst>
      <dst id="14">32585.0667</dst>
      <dst id="20">8893.9378</dst>
      <dst id="11">26333.7333</dst>
      <dst id="9">2778.4089</dst>
      <dst id="17">20241.2089</dst>
      <dst id="21">26155.9378</dst>
      <dst id="15">466.8178</dst>
    </src>
    <src id="21">
      <dst id="12">13749.7156</dst>
      <dst id="13">1833.9289</dst>
      <dst id="19">2421.8311</dst>
      <dst id="23">22.5511</dst>
      <dst id="8">214.2933</dst>
      <dst id="18">12693.8844</dst>
      <dst id="4">14705.0133</dst>
      <dst id="1">10294.9244</dst>
      <dst id="5">1018.8800</dst>
      <dst id="3">9924.3911</dst>
      <dst id="10">3605.6978</dst>
      <dst id="22">3029.2533</dst>
      <dst id="7">2087.7689</dst>
      <dst id="2">11798.6400</dst>
      <dst id="6">17.5378</dst>
      <dst id="16">616.3911</dst>
      <dst id="14">108.2844</dst>
      <dst id="20">671.7600</dst>
      <dst id="11">1183.4844</dst>
      <dst id="9">1328.7289</dst>
      <dst id="17">39564.5600</dst>
      <dst id="21">3947.8311</dst>
      <dst id="15">319.1378</dst>
    </src>
    <src id="15">
      <dst id="12">896.5156</dst>
      <dst id="13">1227.9822</dst>
      <dst id="19">57.3244</dst>
      <dst id="23">0.4267</dst>
      <dst id="8">1296.1244</dst>
      <dst id="18">1.0667</dst>
      <dst id="4">1011.6622</dst>
      <dst id="1">83.1022</dst>
      <dst id="5">771.2356</dst>
      <dst id="3">284.7111</dst>
      <dst id="10">12.0978</dst>
      <dst id="7">128.4622</dst>
      <dst id="2">2627.6711</dst>
      <dst id="14">0.8533</dst>
      <dst id="11">15.2178</dst>
      <dst id="9">1056.4000</dst>
      <dst id="17">2016.2222</dst>
      <dst id="21">474.2933</dst>
    </src>
  </IntraTM>
</TrafficMatrixFile>
