<?xml version="1.0" encoding="UTF-8" standalone="yes"?>
<TrafficMatrixFile xmlns:xsi="http://www.w3.org/2001/XMLSchema-instance" xsi:noNamespaceSchemaLocation="http://totem.run.montefiore.ulg.ac.be/Schema/TrafficMatrix-v1_2.xsd">
  <info>
    <title>Intradomain traffic matrix generated by geant-TM-all.pl</title>
    <date>2005-04-28T01:00:00</date>
    <duration>900</duration>
    <author>Steve Uhlig</author>
    <units>
        <unit type="bandwidth" value="kbps"/>
    </units>
  </info>
  <IntraTM ASID="20965">
    <src id="12">
      <dst id="12">488067.2889</dst>
      <dst id="13">45174.7289</dst>
      <dst id="19">9148.2222</dst>
      <dst id="23">14105.9822</dst>
      <dst id="8">2812.2044</dst>
      <dst id="18">143633.1378</dst>
      <dst id="4">13289.8133</dst>
      <dst id="1">19564.6933</dst>
      <dst id="5">6201.0222</dst>
      <dst id="3">573.3511</dst>
      <dst id="10">4691.0578</dst>
      <dst id="22">8532.9600</dst>
      <dst id="7">10367.4133</dst>
      <dst id="2">14486.4889</dst>
      <dst id="16">9059.9289</dst>
      <dst id="14">2669.7689</dst>
      <dst id="20">6302.4178</dst>
      <dst id="11">172.8889</dst>
      <dst id="9">35361.6444</dst>
      <dst id="17">105801.0756</dst>
      <dst id="21">13665.7689</dst>
      <dst id="15">239.5378</dst>
    </src>
    <src id="13">
      <dst id="12">39218.3733</dst>
      <dst id="13">222.1067</dst>
      <dst id="19">18262.4711</dst>
      <dst id="23">190.0267</dst>
      <dst id="8">180.0178</dst>
      <dst id="18">25102.6222</dst>
      <dst id="1">6393.9644</dst>
      <dst id="5">1266.7200</dst>
      <dst id="3">78.9600</dst>
      <dst id="22">5536.2844</dst>
      <dst id="7">3041.7867</dst>
      <dst id="2">9098.6578</dst>
      <dst id="16">4136.9333</dst>
      <dst id="14">72.0711</dst>
      <dst id="20">2874.5244</dst>
      <dst id="11">90.8622</dst>
      <dst id="9">8586.1422</dst>
      <dst id="17">34553.7778</dst>
      <dst id="21">2242.0089</dst>
      <dst id="15">1613.9822</dst>
    </src>
    <src id="19">
      <dst id="12">38466.5067</dst>
      <dst id="13">2347.4311</dst>
      <dst id="23">8.0267</dst>
      <dst id="8">0.7200</dst>
      <dst id="18">24.0533</dst>
      <dst id="4">1056.2311</dst>
      <dst id="1">3205.3778</dst>
      <dst id="5">63.4578</dst>
      <dst id="3">68.0711</dst>
      <dst id="10">300.8889</dst>
      <dst id="22">42.5600</dst>
      <dst id="7">6866.4533</dst>
      <dst id="2">2054.1333</dst>
      <dst id="16">36.2756</dst>
      <dst id="14">53.6711</dst>
      <dst id="20">134.2222</dst>
      <dst id="11">8.6578</dst>
      <dst id="9">452.7822</dst>
      <dst id="17">4919.5556</dst>
      <dst id="21">125.8933</dst>
      <dst id="15">1.5911</dst>
    </src>
    <src id="23">
      <dst id="12">6105.9111</dst>
      <dst id="13">1253.6444</dst>
      <dst id="19">58.9156</dst>
      <dst id="8">53.4756</dst>
      <dst id="18">3284.8000</dst>
      <dst id="4">212.0533</dst>
      <dst id="1">717.3600</dst>
      <dst id="5">52.7644</dst>
      <dst id="3">0.7111</dst>
      <dst id="10">3127.5200</dst>
      <dst id="22">26.6667</dst>
      <dst id="7">1575.8489</dst>
      <dst id="2">70.0533</dst>
      <dst id="16">9.5111</dst>
      <dst id="14">348.4978</dst>
      <dst id="20">16.4444</dst>
      <dst id="11">27.1289</dst>
      <dst id="9">3504.5422</dst>
      <dst id="17">5440.0711</dst>
      <dst id="21">644.6667</dst>
      <dst id="15">13.3333</dst>
    </src>
    <src id="8">
      <dst id="12">8423.2622</dst>
      <dst id="13">1229.6711</dst>
      <dst id="19">14.1600</dst>
      <dst id="23">49.7689</dst>
      <dst id="18">312.4800</dst>
      <dst id="4">605.3333</dst>
      <dst id="1">2509.7244</dst>
      <dst id="5">632.5689</dst>
      <dst id="3">144.3911</dst>
      <dst id="10">83.2622</dst>
      <dst id="2">112.7289</dst>
      <dst id="16">340623.1644</dst>
      <dst id="14">0.3556</dst>
      <dst id="11">37.5200</dst>
      <dst id="9">108819.4311</dst>
      <dst id="17">31067.1289</dst>
      <dst id="21">57.9556</dst>
    </src>
    <src id="18">
      <dst id="12">198688.4711</dst>
      <dst id="13">1139.1200</dst>
      <dst id="19">21.0844</dst>
      <dst id="23">66.2044</dst>
      <dst id="8">31.6711</dst>
      <dst id="4">143.9911</dst>
      <dst id="1">1195.6267</dst>
      <dst id="5">652.0533</dst>
      <dst id="3">5373.4756</dst>
      <dst id="10">80.6400</dst>
      <dst id="22">33.2089</dst>
      <dst id="7">418.1244</dst>
      <dst id="2">8699.2444</dst>
      <dst id="16">701.7422</dst>
      <dst id="14">0.3556</dst>
      <dst id="20">163.3244</dst>
      <dst id="11">14.0800</dst>
      <dst id="9">13264.8800</dst>
      <dst id="17">6617.9289</dst>
      <dst id="21">2251.9911</dst>
    </src>
    <src id="4">
      <dst id="12">32595.0400</dst>
      <dst id="13">53.3956</dst>
      <dst id="19">8532.0622</dst>
      <dst id="23">2152.3200</dst>
      <dst id="8">3342.2667</dst>
      <dst id="18">7889.1289</dst>
      <dst id="4">9816.0356</dst>
      <dst id="1">217556.6578</dst>
      <dst id="5">7815.0489</dst>
      <dst id="3">169.0844</dst>
      <dst id="7">10.8000</dst>
      <dst id="2">186615.7067</dst>
      <dst id="16">136261.2889</dst>
      <dst id="14">9591.2000</dst>
      <dst id="11">814.8444</dst>
      <dst id="9">37254.8711</dst>
      <dst id="17">136270.7911</dst>
      <dst id="21">47907.4933</dst>
      <dst id="15">1323.6178</dst>
    </src>
    <src id="1">
      <dst id="12">28794.1778</dst>
      <dst id="13">7183.2178</dst>
      <dst id="19">574.0622</dst>
      <dst id="23">257.6533</dst>
      <dst id="8">106.2400</dst>
      <dst id="18">17027.5111</dst>
      <dst id="4">1113.8133</dst>
      <dst id="1">907161.2178</dst>
      <dst id="5">376.6400</dst>
      <dst id="3">1035.5111</dst>
      <dst id="10">913.5467</dst>
      <dst id="7">44260.3644</dst>
      <dst id="2">26307.6267</dst>
      <dst id="16">42940.3378</dst>
      <dst id="14">141.2000</dst>
      <dst id="20">2718.2933</dst>
      <dst id="11">2324.9067</dst>
      <dst id="9">5878.4356</dst>
      <dst id="17">39962.6667</dst>
      <dst id="21">415878.4800</dst>
      <dst id="15">266.8978</dst>
    </src>
    <src id="5">
      <dst id="12">16280.7822</dst>
      <dst id="13">1625.2711</dst>
      <dst id="19">36.1689</dst>
      <dst id="23">56.0000</dst>
      <dst id="8">2918.0267</dst>
      <dst id="18">299.8933</dst>
      <dst id="4">397.2444</dst>
      <dst id="1">6031.1111</dst>
      <dst id="3">456.3911</dst>
      <dst id="10">1350.3022</dst>
      <dst id="2">858.5867</dst>
      <dst id="16">411610.2844</dst>
      <dst id="14">16.6133</dst>
      <dst id="11">5.0756</dst>
      <dst id="9">136650.8089</dst>
      <dst id="17">39154.0000</dst>
      <dst id="21">330.8622</dst>
      <dst id="15">56.1422</dst>
    </src>
    <src id="3">
      <dst id="12">2191.1644</dst>
      <dst id="13">70516.8711</dst>
      <dst id="19">2131.8489</dst>
      <dst id="23">76.4800</dst>
      <dst id="8">41.6000</dst>
      <dst id="18">143.3156</dst>
      <dst id="4">1318.7644</dst>
      <dst id="1">51148.6667</dst>
      <dst id="5">4927.7333</dst>
      <dst id="3">130.0622</dst>
      <dst id="10">1350.1156</dst>
      <dst id="7">6249.5467</dst>
      <dst id="2">2802.6933</dst>
      <dst id="16">14526.8800</dst>
      <dst id="14">214.9422</dst>
      <dst id="20">1098.9422</dst>
      <dst id="11">305.5911</dst>
      <dst id="9">8966.7378</dst>
      <dst id="17">34520.3911</dst>
      <dst id="21">16147.8133</dst>
      <dst id="15">29.8933</dst>
    </src>
    <src id="10">
      <dst id="12">7316.7022</dst>
      <dst id="13">86.6756</dst>
      <dst id="19">7836.5156</dst>
      <dst id="23">717.5111</dst>
      <dst id="8">1283.3956</dst>
      <dst id="18">1950.1511</dst>
      <dst id="1">3255.9111</dst>
      <dst id="5">1067.6000</dst>
      <dst id="3">3957.3511</dst>
      <dst id="7">1.2089</dst>
      <dst id="2">13973.5022</dst>
      <dst id="6">0.4622</dst>
      <dst id="16">52291.1556</dst>
      <dst id="14">3953.4400</dst>
      <dst id="20">1975.4667</dst>
      <dst id="11">335.0578</dst>
      <dst id="9">4779.3600</dst>
      <dst id="17">32358.1333</dst>
      <dst id="21">15025.9289</dst>
      <dst id="15">24.3556</dst>
    </src>
    <src id="22">
      <dst id="12">26131.6711</dst>
      <dst id="13">7514.3467</dst>
      <dst id="19">151.5467</dst>
      <dst id="23">17.5644</dst>
      <dst id="8">134.9333</dst>
      <dst id="18">533.3600</dst>
      <dst id="4">1102.8267</dst>
      <dst id="1">667.8578</dst>
      <dst id="5">2107.8133</dst>
      <dst id="3">50.8089</dst>
      <dst id="10">799.2978</dst>
      <dst id="7">294.6133</dst>
      <dst id="2">596.5067</dst>
      <dst id="16">116.9156</dst>
      <dst id="14">101.1289</dst>
      <dst id="11">80.6667</dst>
      <dst id="9">2961.1822</dst>
      <dst id="17">5735.8844</dst>
      <dst id="21">358.0356</dst>
    </src>
    <src id="7">
      <dst id="12">33604.7289</dst>
      <dst id="13">19129.6444</dst>
      <dst id="19">867.4133</dst>
      <dst id="23">160.9511</dst>
      <dst id="8">197.2622</dst>
      <dst id="18">1282.8711</dst>
      <dst id="4">5003.9022</dst>
      <dst id="1">8311.4756</dst>
      <dst id="5">448.1511</dst>
      <dst id="3">747.0222</dst>
      <dst id="10">530.6844</dst>
      <dst id="22">49.6000</dst>
      <dst id="7">24.4889</dst>
      <dst id="2">9201.3333</dst>
      <dst id="16">479.1822</dst>
      <dst id="14">356.9244</dst>
      <dst id="20">2663.6267</dst>
      <dst id="11">121.9556</dst>
      <dst id="9">3866.8889</dst>
      <dst id="17">4140.0356</dst>
      <dst id="21">18222.2578</dst>
      <dst id="15">166.4178</dst>
    </src>
    <src id="2">
      <dst id="12">139749.1911</dst>
      <dst id="13">32953.5378</dst>
      <dst id="19">1699.6800</dst>
      <dst id="23">1.3867</dst>
      <dst id="8">331.9556</dst>
      <dst id="18">97326.9600</dst>
      <dst id="4">4302.0267</dst>
      <dst id="1">35426.1867</dst>
      <dst id="5">8484.1689</dst>
      <dst id="3">277.0400</dst>
      <dst id="10">5317.0133</dst>
      <dst id="22">1695.5644</dst>
      <dst id="7">6214.2844</dst>
      <dst id="2">7171.3689</dst>
      <dst id="6">48.3200</dst>
      <dst id="16">307.7867</dst>
      <dst id="14">235.1733</dst>
      <dst id="20">1436.8978</dst>
      <dst id="11">347.8400</dst>
      <dst id="9">4104.6489</dst>
      <dst id="17">27529.5644</dst>
      <dst id="21">2684.4178</dst>
      <dst id="15">6.6400</dst>
    </src>
    <src id="6">
      <dst id="12">3238.1778</dst>
      <dst id="13">208.4178</dst>
      <dst id="19">18.9333</dst>
      <dst id="8">11.4667</dst>
      <dst id="18">23.4667</dst>
      <dst id="4">36.0444</dst>
      <dst id="1">255.2000</dst>
      <dst id="5">4.3822</dst>
      <dst id="3">69.3511</dst>
      <dst id="10">1.9200</dst>
      <dst id="22">1.0667</dst>
      <dst id="7">206.0533</dst>
      <dst id="2">349.1822</dst>
      <dst id="16">58.7822</dst>
      <dst id="20">57.8667</dst>
      <dst id="9">1134.6489</dst>
      <dst id="17">22489.4844</dst>
      <dst id="21">7.0044</dst>
    </src>
    <src id="16">
      <dst id="12">238965.5378</dst>
      <dst id="13">1897.3244</dst>
      <dst id="19">3694.3822</dst>
      <dst id="23">69.0933</dst>
      <dst id="8">135517.8933</dst>
      <dst id="18">107.9111</dst>
      <dst id="4">718.2133</dst>
      <dst id="1">31546.5778</dst>
      <dst id="5">340701.6711</dst>
      <dst id="3">12349.3511</dst>
      <dst id="10">216.0711</dst>
      <dst id="2">615.4844</dst>
      <dst id="16">36213.5289</dst>
      <dst id="14">69558.5689</dst>
      <dst id="11">29015.0756</dst>
      <dst id="9">282094.0089</dst>
      <dst id="17">10528.4089</dst>
      <dst id="21">1.4756</dst>
    </src>
    <src id="14">
      <dst id="12">1571.3867</dst>
      <dst id="13">607.9911</dst>
      <dst id="19">8.4267</dst>
      <dst id="23">21.1556</dst>
      <dst id="8">0.4267</dst>
      <dst id="18">0.7467</dst>
      <dst id="4">2056.1333</dst>
      <dst id="1">390.4356</dst>
      <dst id="5">17.0400</dst>
      <dst id="3">1168.4533</dst>
      <dst id="10">93.2444</dst>
      <dst id="7">142.4622</dst>
      <dst id="2">107.9111</dst>
      <dst id="16">3663.9022</dst>
      <dst id="11">12.9778</dst>
      <dst id="9">3185.1022</dst>
      <dst id="17">28293.0578</dst>
      <dst id="21">3391.7778</dst>
    </src>
    <src id="20">
      <dst id="12">3262.5333</dst>
      <dst id="13">4542.7111</dst>
      <dst id="19">566.3556</dst>
      <dst id="23">0.4622</dst>
      <dst id="8">14.5511</dst>
      <dst id="18">8783.4667</dst>
      <dst id="4">355.7689</dst>
      <dst id="1">161.3778</dst>
      <dst id="5">1250.0444</dst>
      <dst id="3">13.0400</dst>
      <dst id="10">188.4356</dst>
      <dst id="22">0.5867</dst>
      <dst id="7">2980.6311</dst>
      <dst id="2">121.9911</dst>
      <dst id="16">15233.1644</dst>
      <dst id="14">4.3111</dst>
      <dst id="20">64.4889</dst>
      <dst id="11">219.2000</dst>
      <dst id="9">3387.3867</dst>
      <dst id="17">9713.5022</dst>
      <dst id="21">1928.6578</dst>
    </src>
    <src id="11">
      <dst id="12">69433.8933</dst>
      <dst id="13">5610.7200</dst>
      <dst id="19">820.1333</dst>
      <dst id="23">12.7467</dst>
      <dst id="8">1443.3511</dst>
      <dst id="18">540.9867</dst>
      <dst id="4">1147.8222</dst>
      <dst id="1">7093.1200</dst>
      <dst id="5">1264.6133</dst>
      <dst id="3">1375.8489</dst>
      <dst id="10">1844.0889</dst>
      <dst id="2">5912.1867</dst>
      <dst id="16">45390.5156</dst>
      <dst id="14">14.7644</dst>
      <dst id="20">284.8089</dst>
      <dst id="11">2374.3289</dst>
      <dst id="9">88366.5778</dst>
      <dst id="17">780854.8000</dst>
      <dst id="21">2711.5733</dst>
      <dst id="15">290.6311</dst>
    </src>
    <src id="9">
      <dst id="12">31384.9689</dst>
      <dst id="13">4129.0756</dst>
      <dst id="19">1650.4889</dst>
      <dst id="23">111.4844</dst>
      <dst id="8">137707.6711</dst>
      <dst id="18">209.3689</dst>
      <dst id="4">1275.3511</dst>
      <dst id="1">3913.6089</dst>
      <dst id="5">4342.0356</dst>
      <dst id="3">720.9422</dst>
      <dst id="10">304.4800</dst>
      <dst id="2">295.0133</dst>
      <dst id="16">516441.0489</dst>
      <dst id="14">75.5200</dst>
      <dst id="11">211.7067</dst>
      <dst id="9">387142.5956</dst>
      <dst id="17">67881.3333</dst>
      <dst id="21">37.4844</dst>
      <dst id="15">68.6667</dst>
    </src>
    <src id="17">
      <dst id="12">205027.6889</dst>
      <dst id="13">89527.0133</dst>
      <dst id="19">5957.1200</dst>
      <dst id="23">289.0311</dst>
      <dst id="8">394.6133</dst>
      <dst id="18">3401.7511</dst>
      <dst id="4">13648.4356</dst>
      <dst id="1">15707.0311</dst>
      <dst id="5">258058.5956</dst>
      <dst id="3">7947.9200</dst>
      <dst id="10">16063.7333</dst>
      <dst id="7">23779.5911</dst>
      <dst id="2">17742.0978</dst>
      <dst id="16">113599.2711</dst>
      <dst id="14">23190.1867</dst>
      <dst id="20">11278.9867</dst>
      <dst id="11">20999.2622</dst>
      <dst id="9">24858.1689</dst>
      <dst id="17">30624.9422</dst>
      <dst id="21">8575.5733</dst>
      <dst id="15">151.7956</dst>
    </src>
    <src id="21">
      <dst id="12">3085.0133</dst>
      <dst id="13">3565.6000</dst>
      <dst id="19">456.0978</dst>
      <dst id="23">56.8089</dst>
      <dst id="8">231.9289</dst>
      <dst id="18">13572.5244</dst>
      <dst id="4">1998.3822</dst>
      <dst id="1">11146.6489</dst>
      <dst id="5">1152.0356</dst>
      <dst id="3">1809.2356</dst>
      <dst id="10">849.7244</dst>
      <dst id="7">1448.1600</dst>
      <dst id="2">4511.7689</dst>
      <dst id="16">11839.2533</dst>
      <dst id="14">187.4222</dst>
      <dst id="20">491.1822</dst>
      <dst id="11">342.8356</dst>
      <dst id="9">6719.4400</dst>
      <dst id="17">49239.3867</dst>
      <dst id="21">7244.3111</dst>
      <dst id="15">97.0044</dst>
    </src>
    <src id="15">
      <dst id="12">107.9467</dst>
      <dst id="13">481.6089</dst>
      <dst id="19">0.4622</dst>
      <dst id="23">1.0667</dst>
      <dst id="8">3.3067</dst>
      <dst id="4">509.2889</dst>
      <dst id="1">330.7467</dst>
      <dst id="5">99.0667</dst>
      <dst id="10">32.9156</dst>
      <dst id="2">90.9600</dst>
      <dst id="16">1467.2444</dst>
      <dst id="11">4268.8000</dst>
      <dst id="9">748.5333</dst>
      <dst id="17">1953.0667</dst>
      <dst id="21">1.8489</dst>
    </src>
  </IntraTM>
</TrafficMatrixFile>
