<?xml version="1.0" encoding="UTF-8" standalone="yes"?>
<TrafficMatrixFile xmlns:xsi="http://www.w3.org/2001/XMLSchema-instance" xsi:noNamespaceSchemaLocation="http://totem.run.montefiore.ulg.ac.be/Schema/TrafficMatrix-v1_2.xsd">
  <info>
    <title>Intradomain traffic matrix generated by geant-TM-all.pl</title>
    <date>2005-01-18T08:30:00</date>
    <duration>900</duration>
    <author>Steve Uhlig</author>
    <units>
        <unit type="bandwidth" value="kbps"/>
    </units>
  </info>
  <IntraTM ASID="20965">
    <src id="12">
      <dst id="12">270340.9067</dst>
      <dst id="13">34143.4400</dst>
      <dst id="19">2764.3733</dst>
      <dst id="23">67.1911</dst>
      <dst id="8">745.0489</dst>
      <dst id="18">57282.0444</dst>
      <dst id="4">49574.8267</dst>
      <dst id="1">8460.9156</dst>
      <dst id="5">3919.1911</dst>
      <dst id="3">7080.0356</dst>
      <dst id="10">1351.0667</dst>
      <dst id="22">9631.6089</dst>
      <dst id="7">4246.6933</dst>
      <dst id="2">50304.9511</dst>
      <dst id="16">8537.8044</dst>
      <dst id="14">647.1733</dst>
      <dst id="20">15333.3956</dst>
      <dst id="11">714.7467</dst>
      <dst id="9">6360.5778</dst>
      <dst id="17">40389.4578</dst>
      <dst id="21">6102.0356</dst>
      <dst id="15">1864.6222</dst>
    </src>
    <src id="13">
      <dst id="12">54717.4400</dst>
      <dst id="19">3083.5200</dst>
      <dst id="23">13.6800</dst>
      <dst id="8">982.5511</dst>
      <dst id="18">5996.0000</dst>
      <dst id="1">17553.8222</dst>
      <dst id="5">3625.0311</dst>
      <dst id="3">2679.4311</dst>
      <dst id="22">25358.2933</dst>
      <dst id="7">9770.2756</dst>
      <dst id="2">93765.9111</dst>
      <dst id="16">10734.6044</dst>
      <dst id="14">745.8667</dst>
      <dst id="20">8994.6933</dst>
      <dst id="11">16367.6000</dst>
      <dst id="9">7242.9156</dst>
      <dst id="17">47886.8978</dst>
      <dst id="21">8641.1733</dst>
      <dst id="15">2186.9244</dst>
    </src>
    <src id="19">
      <dst id="12">14831.0489</dst>
      <dst id="13">530.9422</dst>
      <dst id="23">0.3378</dst>
      <dst id="8">0.4711</dst>
      <dst id="18">1.4578</dst>
      <dst id="4">18403.8844</dst>
      <dst id="1">1129.2622</dst>
      <dst id="5">38.6222</dst>
      <dst id="3">413.9289</dst>
      <dst id="10">130.3467</dst>
      <dst id="22">87.9200</dst>
      <dst id="7">2661.8756</dst>
      <dst id="2">859.0756</dst>
      <dst id="16">18643.0044</dst>
      <dst id="14">11.0133</dst>
      <dst id="20">66.9689</dst>
      <dst id="11">9.9378</dst>
      <dst id="9">5438.2044</dst>
      <dst id="17">3008.8356</dst>
      <dst id="21">44.9333</dst>
      <dst id="15">0.8533</dst>
    </src>
    <src id="23">
      <dst id="12">1480.4533</dst>
      <dst id="13">83.6889</dst>
      <dst id="19">0.4711</dst>
      <dst id="8">268.3467</dst>
      <dst id="18">2.2044</dst>
      <dst id="1">5.2089</dst>
      <dst id="5">18.9156</dst>
      <dst id="3">12.6222</dst>
      <dst id="22">21.4667</dst>
      <dst id="7">878.2489</dst>
      <dst id="2">312.6667</dst>
      <dst id="16">420.1244</dst>
      <dst id="20">66.6667</dst>
      <dst id="11">79.6089</dst>
      <dst id="9">866.9867</dst>
      <dst id="17">760.4978</dst>
      <dst id="21">20.9422</dst>
      <dst id="15">102.5778</dst>
    </src>
    <src id="8">
      <dst id="12">25543.2978</dst>
      <dst id="13">273.1467</dst>
      <dst id="19">0.8267</dst>
      <dst id="23">10.4800</dst>
      <dst id="18">76.8444</dst>
      <dst id="4">3029.2533</dst>
      <dst id="1">3717.8667</dst>
      <dst id="5">562.8711</dst>
      <dst id="3">12.4178</dst>
      <dst id="10">113.9644</dst>
      <dst id="22">882.4356</dst>
      <dst id="7">16.5956</dst>
      <dst id="2">265.5467</dst>
      <dst id="16">290.6311</dst>
      <dst id="14">18.9156</dst>
      <dst id="20">33.7600</dst>
      <dst id="11">139.1022</dst>
      <dst id="9">144331.1467</dst>
      <dst id="17">351026.8178</dst>
      <dst id="21">77.6978</dst>
      <dst id="15">79.3689</dst>
    </src>
    <src id="18">
      <dst id="12">156856.4444</dst>
      <dst id="13">51.1022</dst>
      <dst id="19">1.8489</dst>
      <dst id="23">1.1111</dst>
      <dst id="8">1078.5867</dst>
      <dst id="4">1566.2489</dst>
      <dst id="1">730.7111</dst>
      <dst id="5">264.3556</dst>
      <dst id="3">189.9022</dst>
      <dst id="10">275.3244</dst>
      <dst id="22">364.5422</dst>
      <dst id="7">10.0978</dst>
      <dst id="2">47859.9378</dst>
      <dst id="16">145.7511</dst>
      <dst id="20">3.3956</dst>
      <dst id="11">205.8844</dst>
      <dst id="9">965.6978</dst>
      <dst id="17">22085.2533</dst>
      <dst id="21">183.1289</dst>
      <dst id="15">7.3244</dst>
    </src>
    <src id="4">
      <dst id="12">13711.5644</dst>
      <dst id="19">4506.5067</dst>
      <dst id="8">2744.4089</dst>
      <dst id="18">3681.2356</dst>
      <dst id="4">168.2133</dst>
      <dst id="1">44980.3022</dst>
      <dst id="5">797.9556</dst>
      <dst id="3">8.9600</dst>
      <dst id="22">1787.7156</dst>
      <dst id="7">28181.2000</dst>
      <dst id="2">35966.7111</dst>
      <dst id="16">872.3200</dst>
      <dst id="14">805.2000</dst>
      <dst id="20">1262.6667</dst>
      <dst id="11">830.8267</dst>
      <dst id="9">1979.3067</dst>
      <dst id="17">17314.2756</dst>
      <dst id="21">9710.5244</dst>
      <dst id="15">159.5467</dst>
    </src>
    <src id="1">
      <dst id="12">17263.5733</dst>
      <dst id="13">22472.8978</dst>
      <dst id="19">11.0133</dst>
      <dst id="23">141.9467</dst>
      <dst id="8">1.5467</dst>
      <dst id="18">12241.7333</dst>
      <dst id="4">15482.9422</dst>
      <dst id="1">30030.7911</dst>
      <dst id="5">516.2844</dst>
      <dst id="3">267.8756</dst>
      <dst id="10">955.2000</dst>
      <dst id="22">4491.9378</dst>
      <dst id="7">2601.4933</dst>
      <dst id="2">27418.5511</dst>
      <dst id="16">29311.9822</dst>
      <dst id="14">71.4756</dst>
      <dst id="20">185.1111</dst>
      <dst id="11">165.0667</dst>
      <dst id="9">947.4756</dst>
      <dst id="17">4960.4978</dst>
      <dst id="21">5809.9200</dst>
      <dst id="15">140.1689</dst>
    </src>
    <src id="5">
      <dst id="12">23493.7956</dst>
      <dst id="13">3727.9467</dst>
      <dst id="19">689.8844</dst>
      <dst id="23">2.1600</dst>
      <dst id="8">547.4933</dst>
      <dst id="18">104.1422</dst>
      <dst id="4">3871.7778</dst>
      <dst id="1">3128.3911</dst>
      <dst id="3">143.5289</dst>
      <dst id="10">121.6267</dst>
      <dst id="22">2011.2711</dst>
      <dst id="7">88.8267</dst>
      <dst id="2">500.0711</dst>
      <dst id="16">1952.7111</dst>
      <dst id="14">25.4844</dst>
      <dst id="20">2354.3111</dst>
      <dst id="11">927.1467</dst>
      <dst id="9">110279.9200</dst>
      <dst id="17">313329.4933</dst>
      <dst id="21">129.9733</dst>
      <dst id="15">677.3156</dst>
    </src>
    <src id="3">
      <dst id="12">16254.3822</dst>
      <dst id="13">8651.0667</dst>
      <dst id="19">4229.0044</dst>
      <dst id="23">1.7244</dst>
      <dst id="8">7.3156</dst>
      <dst id="18">2781.5289</dst>
      <dst id="4">56958.1511</dst>
      <dst id="1">23026.4444</dst>
      <dst id="5">309.9733</dst>
      <dst id="10">497.3778</dst>
      <dst id="22">5640.5156</dst>
      <dst id="7">11604.7733</dst>
      <dst id="2">12182.6222</dst>
      <dst id="16">1342.4267</dst>
      <dst id="14">91.8933</dst>
      <dst id="20">56.3556</dst>
      <dst id="11">327.2622</dst>
      <dst id="9">683.6533</dst>
      <dst id="17">10906.8622</dst>
      <dst id="21">12793.7422</dst>
      <dst id="15">62.2667</dst>
    </src>
    <src id="10">
      <dst id="12">28600.3644</dst>
      <dst id="19">5195.1911</dst>
      <dst id="8">102784.4000</dst>
      <dst id="18">3942.0978</dst>
      <dst id="1">236.6667</dst>
      <dst id="5">153955.5022</dst>
      <dst id="3">17547.2089</dst>
      <dst id="22">2507.2356</dst>
      <dst id="7">8197.7689</dst>
      <dst id="2">18366.8267</dst>
      <dst id="16">985.8400</dst>
      <dst id="14">33226.6489</dst>
      <dst id="20">13585.4578</dst>
      <dst id="11">115914.9511</dst>
      <dst id="9">196679.8844</dst>
      <dst id="17">28570.6578</dst>
      <dst id="21">11986.2489</dst>
      <dst id="15">756.0800</dst>
    </src>
    <src id="22">
      <dst id="12">11062.9511</dst>
      <dst id="13">1590.9422</dst>
      <dst id="19">296.2044</dst>
      <dst id="23">385.0133</dst>
      <dst id="8">655.3244</dst>
      <dst id="18">595.4933</dst>
      <dst id="4">10690.4711</dst>
      <dst id="1">658.0622</dst>
      <dst id="5">8169.3067</dst>
      <dst id="3">495.6000</dst>
      <dst id="10">2484.7200</dst>
      <dst id="7">287.2889</dst>
      <dst id="2">1651.7511</dst>
      <dst id="14">1.2622</dst>
      <dst id="11">2819.0756</dst>
      <dst id="9">4030.3911</dst>
      <dst id="17">6130.9867</dst>
      <dst id="21">3814.3911</dst>
    </src>
    <src id="7">
      <dst id="12">3567.2089</dst>
      <dst id="13">144.1156</dst>
      <dst id="19">1004.7644</dst>
      <dst id="23">82.0000</dst>
      <dst id="8">65.5111</dst>
      <dst id="18">142.0800</dst>
      <dst id="4">14917.1911</dst>
      <dst id="1">8623.7156</dst>
      <dst id="5">2593.3511</dst>
      <dst id="3">115.6533</dst>
      <dst id="10">351.8311</dst>
      <dst id="22">4474.3467</dst>
      <dst id="7">705.6089</dst>
      <dst id="2">15032.8800</dst>
      <dst id="16">608.6311</dst>
      <dst id="14">131.4933</dst>
      <dst id="20">210.8267</dst>
      <dst id="11">518.8889</dst>
      <dst id="9">1245.7778</dst>
      <dst id="17">20319.6711</dst>
      <dst id="21">3830.0178</dst>
      <dst id="15">412.1689</dst>
    </src>
    <src id="2">
      <dst id="12">77267.7600</dst>
      <dst id="13">17210.3289</dst>
      <dst id="19">589.8844</dst>
      <dst id="23">1.4222</dst>
      <dst id="8">636.6489</dst>
      <dst id="18">76192.5867</dst>
      <dst id="4">79290.0622</dst>
      <dst id="1">28054.7111</dst>
      <dst id="5">1600.4267</dst>
      <dst id="3">148.8622</dst>
      <dst id="10">10162.9956</dst>
      <dst id="22">4212.8978</dst>
      <dst id="7">8844.4978</dst>
      <dst id="2">314.6489</dst>
      <dst id="16">6819.8844</dst>
      <dst id="14">1308.7111</dst>
      <dst id="20">7446.7467</dst>
      <dst id="11">1065.7156</dst>
      <dst id="9">474.8089</dst>
      <dst id="17">14500.0089</dst>
      <dst id="21">7622.2044</dst>
      <dst id="15">188.0622</dst>
    </src>
    <src id="6">
      <dst id="12">103.1644</dst>
      <dst id="13">13.3511</dst>
      <dst id="19">21.0844</dst>
      <dst id="4">53.4844</dst>
      <dst id="1">30.1067</dst>
      <dst id="5">1.0933</dst>
      <dst id="3">0.4622</dst>
      <dst id="10">38.5867</dst>
      <dst id="22">4.3733</dst>
      <dst id="7">20.8178</dst>
      <dst id="2">1170.2578</dst>
      <dst id="16">20.7467</dst>
      <dst id="11">1.0667</dst>
      <dst id="9">20.7822</dst>
      <dst id="17">3506.6133</dst>
      <dst id="21">2.1156</dst>
    </src>
    <src id="16">
      <dst id="12">1899.8400</dst>
      <dst id="13">294.1867</dst>
      <dst id="19">5937.0844</dst>
      <dst id="23">34.8356</dst>
      <dst id="8">2964.8533</dst>
      <dst id="18">157.6444</dst>
      <dst id="4">2909.7778</dst>
      <dst id="1">14653.5467</dst>
      <dst id="5">2380.3733</dst>
      <dst id="3">15.5111</dst>
      <dst id="10">234.8356</dst>
      <dst id="7">195.1556</dst>
      <dst id="2">660.8356</dst>
      <dst id="16">26.9867</dst>
      <dst id="14">121.1111</dst>
      <dst id="11">14.3822</dst>
      <dst id="9">2896.6400</dst>
      <dst id="17">2621.0844</dst>
      <dst id="21">397.9911</dst>
    </src>
    <src id="14">
      <dst id="12">2641.3244</dst>
      <dst id="13">54.4978</dst>
      <dst id="19">28.5156</dst>
      <dst id="23">0.4622</dst>
      <dst id="8">1.3867</dst>
      <dst id="4">882.5156</dst>
      <dst id="1">602.5867</dst>
      <dst id="5">11.9911</dst>
      <dst id="3">50.3822</dst>
      <dst id="10">38.9422</dst>
      <dst id="22">3.6267</dst>
      <dst id="7">54.0089</dst>
      <dst id="2">3303.1822</dst>
      <dst id="16">6.2756</dst>
      <dst id="20">21.4400</dst>
      <dst id="11">31.1200</dst>
      <dst id="9">36.1067</dst>
      <dst id="17">22325.7778</dst>
      <dst id="21">82.0889</dst>
      <dst id="15">0.4622</dst>
    </src>
    <src id="20">
      <dst id="12">19403.4044</dst>
      <dst id="13">7683.6444</dst>
      <dst id="19">14.5156</dst>
      <dst id="8">41.8667</dst>
      <dst id="18">124.9422</dst>
      <dst id="4">11102.0533</dst>
      <dst id="1">269.6711</dst>
      <dst id="5">1228.9778</dst>
      <dst id="3">207.0222</dst>
      <dst id="10">58.9511</dst>
      <dst id="7">137.7244</dst>
      <dst id="2">22463.6356</dst>
      <dst id="14">1826.8089</dst>
      <dst id="11">6237.5200</dst>
      <dst id="9">2790.9156</dst>
      <dst id="17">1149.0400</dst>
      <dst id="21">2023.1378</dst>
    </src>
    <src id="11">
      <dst id="12">101245.7156</dst>
      <dst id="13">1698.0978</dst>
      <dst id="19">454.0711</dst>
      <dst id="23">7.6267</dst>
      <dst id="8">136.8267</dst>
      <dst id="18">150.5422</dst>
      <dst id="4">4042.1600</dst>
      <dst id="1">419.3156</dst>
      <dst id="5">3996.6044</dst>
      <dst id="3">442.9600</dst>
      <dst id="10">192.4000</dst>
      <dst id="22">1182.6844</dst>
      <dst id="7">309.0489</dst>
      <dst id="2">125314.9333</dst>
      <dst id="16">213.7689</dst>
      <dst id="14">45.2267</dst>
      <dst id="20">677.2000</dst>
      <dst id="11">1378.7911</dst>
      <dst id="9">5026.6844</dst>
      <dst id="17">562328.6844</dst>
      <dst id="21">1351.3511</dst>
      <dst id="15">330.0267</dst>
    </src>
    <src id="9">
      <dst id="12">49074.8089</dst>
      <dst id="13">1495.9111</dst>
      <dst id="19">189.3689</dst>
      <dst id="23">31.1644</dst>
      <dst id="8">129462.7733</dst>
      <dst id="18">1482.0178</dst>
      <dst id="4">6041.8311</dst>
      <dst id="1">7504.5867</dst>
      <dst id="5">15755.8578</dst>
      <dst id="3">62.7911</dst>
      <dst id="10">267.2711</dst>
      <dst id="22">3595.0844</dst>
      <dst id="7">199.8044</dst>
      <dst id="2">1774.5600</dst>
      <dst id="16">453.1289</dst>
      <dst id="14">38.4089</dst>
      <dst id="20">3053.6533</dst>
      <dst id="11">1261.8133</dst>
      <dst id="9">351342.2044</dst>
      <dst id="17">550027.2089</dst>
      <dst id="21">252.7822</dst>
      <dst id="15">598.5244</dst>
    </src>
    <src id="17">
      <dst id="12">10129.8311</dst>
      <dst id="13">2359.8578</dst>
      <dst id="19">162.9867</dst>
      <dst id="23">19.0400</dst>
      <dst id="8">207.6978</dst>
      <dst id="18">1518.3822</dst>
      <dst id="4">36614.0978</dst>
      <dst id="1">2048.9244</dst>
      <dst id="5">155917.1022</dst>
      <dst id="3">19492.2578</dst>
      <dst id="10">2307.7956</dst>
      <dst id="22">4523.8222</dst>
      <dst id="7">21085.6622</dst>
      <dst id="2">4806.5422</dst>
      <dst id="16">3373.7600</dst>
      <dst id="14">24771.5289</dst>
      <dst id="20">229.8133</dst>
      <dst id="11">102797.8489</dst>
      <dst id="9">3080.0533</dst>
      <dst id="17">821.9911</dst>
      <dst id="21">4963.8578</dst>
      <dst id="15">670.7378</dst>
    </src>
    <src id="21">
      <dst id="12">3042.7733</dst>
      <dst id="13">2608.0889</dst>
      <dst id="19">10.4267</dst>
      <dst id="23">3.9467</dst>
      <dst id="8">345.8578</dst>
      <dst id="18">1264.0889</dst>
      <dst id="4">80137.6267</dst>
      <dst id="1">6097.3333</dst>
      <dst id="5">540.6044</dst>
      <dst id="3">5837.9644</dst>
      <dst id="10">4099.4133</dst>
      <dst id="22">5450.6044</dst>
      <dst id="7">6986.1956</dst>
      <dst id="2">18985.7067</dst>
      <dst id="16">92.9333</dst>
      <dst id="14">83.2800</dst>
      <dst id="20">5867.2978</dst>
      <dst id="11">1063.7956</dst>
      <dst id="9">701.6444</dst>
      <dst id="17">29292.1600</dst>
      <dst id="21">528.2044</dst>
      <dst id="15">2349.9644</dst>
    </src>
    <src id="15">
      <dst id="12">435.8400</dst>
      <dst id="13">191.2800</dst>
      <dst id="19">1.1378</dst>
      <dst id="23">19.3067</dst>
      <dst id="8">19.0756</dst>
      <dst id="18">17.3956</dst>
      <dst id="4">982.9956</dst>
      <dst id="1">83.8844</dst>
      <dst id="5">562.6756</dst>
      <dst id="10">26.1067</dst>
      <dst id="7">5.6000</dst>
      <dst id="2">1864.0000</dst>
      <dst id="14">0.8889</dst>
      <dst id="11">10.8622</dst>
      <dst id="9">359.1911</dst>
      <dst id="17">233.9378</dst>
      <dst id="21">197.6000</dst>
    </src>
  </IntraTM>
</TrafficMatrixFile>
