<?xml version="1.0" encoding="UTF-8" standalone="yes"?>
<TrafficMatrixFile xmlns:xsi="http://www.w3.org/2001/XMLSchema-instance" xsi:noNamespaceSchemaLocation="http://totem.run.montefiore.ulg.ac.be/Schema/TrafficMatrix-v1_2.xsd">
  <info>
    <title>Intradomain traffic matrix generated by geant-TM-all.pl</title>
    <date>2005-03-06T00:00:00</date>
    <duration>900</duration>
    <author>Steve Uhlig</author>
    <units>
        <unit type="bandwidth" value="kbps"/>
    </units>
  </info>
  <IntraTM ASID="20965">
    <src id="12">
      <dst id="12">242309.4578</dst>
      <dst id="13">24405.0222</dst>
      <dst id="19">6707.5556</dst>
      <dst id="23">16065.8222</dst>
      <dst id="8">6646.7111</dst>
      <dst id="18">174289.7867</dst>
      <dst id="4">22486.4889</dst>
      <dst id="1">10818.5778</dst>
      <dst id="5">3076.6489</dst>
      <dst id="3">1252.6133</dst>
      <dst id="10">6029.6533</dst>
      <dst id="22">22951.3689</dst>
      <dst id="7">18480.2400</dst>
      <dst id="2">32284.9956</dst>
      <dst id="6">3.0933</dst>
      <dst id="16">27338.1422</dst>
      <dst id="14">3430.6933</dst>
      <dst id="20">2635.9378</dst>
      <dst id="11">120.9867</dst>
      <dst id="9">15909.6978</dst>
      <dst id="17">135735.7689</dst>
      <dst id="21">19974.8622</dst>
      <dst id="15">7026.6400</dst>
    </src>
    <src id="13">
      <dst id="12">51287.8222</dst>
      <dst id="19">20119.9644</dst>
      <dst id="23">14212.4889</dst>
      <dst id="8">6199.9467</dst>
      <dst id="18">6155.5467</dst>
      <dst id="1">11785.2622</dst>
      <dst id="5">7923.4222</dst>
      <dst id="3">3219.4222</dst>
      <dst id="22">13155.5911</dst>
      <dst id="7">36474.1422</dst>
      <dst id="2">66502.6844</dst>
      <dst id="6">169.2622</dst>
      <dst id="16">15413.0756</dst>
      <dst id="14">4870.3111</dst>
      <dst id="20">11464.5244</dst>
      <dst id="11">672.5689</dst>
      <dst id="9">9896.4267</dst>
      <dst id="17">151954.7733</dst>
      <dst id="21">16602.7644</dst>
      <dst id="15">4940.1244</dst>
    </src>
    <src id="19">
      <dst id="12">23271.8844</dst>
      <dst id="13">1622.6844</dst>
      <dst id="23">29.5556</dst>
      <dst id="8">4.0533</dst>
      <dst id="18">1.0667</dst>
      <dst id="4">21007.8844</dst>
      <dst id="1">1867.1733</dst>
      <dst id="5">14.4000</dst>
      <dst id="3">4724.1867</dst>
      <dst id="10">77.4400</dst>
      <dst id="22">96.0800</dst>
      <dst id="7">8979.5289</dst>
      <dst id="2">6643.9467</dst>
      <dst id="6">293.8311</dst>
      <dst id="16">5487.6089</dst>
      <dst id="14">42.3111</dst>
      <dst id="20">66.0267</dst>
      <dst id="11">13.5733</dst>
      <dst id="9">330.7467</dst>
      <dst id="17">8879.3867</dst>
      <dst id="21">407.0933</dst>
      <dst id="15">0.7289</dst>
    </src>
    <src id="23">
      <dst id="12">3416.4622</dst>
      <dst id="13">2786.7289</dst>
      <dst id="19">65.1467</dst>
      <dst id="8">0.4267</dst>
      <dst id="18">456.5422</dst>
      <dst id="4">1482.9156</dst>
      <dst id="1">199.3422</dst>
      <dst id="5">3.6622</dst>
      <dst id="3">0.7111</dst>
      <dst id="10">138.0000</dst>
      <dst id="22">2691.4756</dst>
      <dst id="7">5537.2800</dst>
      <dst id="2">375.2000</dst>
      <dst id="6">1.4933</dst>
      <dst id="16">1022.0356</dst>
      <dst id="14">52.2311</dst>
      <dst id="9">749.4756</dst>
      <dst id="17">43700.8622</dst>
      <dst id="21">2015.9200</dst>
      <dst id="15">13.3333</dst>
    </src>
    <src id="8">
      <dst id="12">35430.1956</dst>
      <dst id="13">15016.0356</dst>
      <dst id="19">105.5200</dst>
      <dst id="23">1.5022</dst>
      <dst id="18">684.4089</dst>
      <dst id="4">2400.1156</dst>
      <dst id="1">9932.4356</dst>
      <dst id="5">6834.4444</dst>
      <dst id="3">3.0933</dst>
      <dst id="10">169.5911</dst>
      <dst id="22">585.5822</dst>
      <dst id="7">179.3778</dst>
      <dst id="2">2192.5867</dst>
      <dst id="16">144542.4622</dst>
      <dst id="14">26.6933</dst>
      <dst id="11">158.3200</dst>
      <dst id="9">182126.7911</dst>
      <dst id="17">394271.5467</dst>
      <dst id="21">0.3556</dst>
      <dst id="15">1015.3600</dst>
    </src>
    <src id="18">
      <dst id="12">116818.8800</dst>
      <dst id="13">3037.3867</dst>
      <dst id="19">11.7867</dst>
      <dst id="23">11.9733</dst>
      <dst id="8">320.2578</dst>
      <dst id="4">1027.6533</dst>
      <dst id="1">2705.6978</dst>
      <dst id="5">392.4711</dst>
      <dst id="3">520.1867</dst>
      <dst id="10">97.5289</dst>
      <dst id="22">264.4089</dst>
      <dst id="7">142.7733</dst>
      <dst id="2">17384.5600</dst>
      <dst id="6">1.2267</dst>
      <dst id="16">16637.0311</dst>
      <dst id="14">13.3333</dst>
      <dst id="20">228.4800</dst>
      <dst id="11">0.9956</dst>
      <dst id="9">9282.3733</dst>
      <dst id="17">44172.6933</dst>
      <dst id="21">2208.1333</dst>
      <dst id="15">0.6400</dst>
    </src>
    <src id="4">
      <dst id="12">24164.3378</dst>
      <dst id="19">7936.4622</dst>
      <dst id="23">2309.2267</dst>
      <dst id="8">1210.3022</dst>
      <dst id="18">884.8978</dst>
      <dst id="4">5.5467</dst>
      <dst id="1">102257.2978</dst>
      <dst id="5">1766.7644</dst>
      <dst id="3">1078.9067</dst>
      <dst id="22">2704.0000</dst>
      <dst id="7">318352.4622</dst>
      <dst id="2">51422.9422</dst>
      <dst id="6">9537.8756</dst>
      <dst id="16">6396.3378</dst>
      <dst id="14">1364.8356</dst>
      <dst id="11">146.0800</dst>
      <dst id="9">4572.7644</dst>
      <dst id="17">58317.0044</dst>
      <dst id="21">6044.1778</dst>
      <dst id="15">4083.3600</dst>
    </src>
    <src id="1">
      <dst id="12">29718.9333</dst>
      <dst id="13">3548.4178</dst>
      <dst id="19">885.7778</dst>
      <dst id="23">90.4711</dst>
      <dst id="8">17073.1911</dst>
      <dst id="18">13500.4800</dst>
      <dst id="4">6480.3111</dst>
      <dst id="1">521754.2311</dst>
      <dst id="5">445.0933</dst>
      <dst id="3">1189.0400</dst>
      <dst id="10">354.0533</dst>
      <dst id="22">4145.0489</dst>
      <dst id="7">51347.6800</dst>
      <dst id="2">397086.7378</dst>
      <dst id="6">167.7600</dst>
      <dst id="16">15072.4178</dst>
      <dst id="14">105.2178</dst>
      <dst id="20">4680.0356</dst>
      <dst id="11">3044.7289</dst>
      <dst id="9">2850.0711</dst>
      <dst id="17">119158.4267</dst>
      <dst id="21">136933.1378</dst>
      <dst id="15">182.9244</dst>
    </src>
    <src id="5">
      <dst id="12">22712.6222</dst>
      <dst id="13">3650.3822</dst>
      <dst id="19">160.8000</dst>
      <dst id="23">0.3556</dst>
      <dst id="8">42196.1600</dst>
      <dst id="18">94.3822</dst>
      <dst id="4">2103.5289</dst>
      <dst id="1">4583.7600</dst>
      <dst id="3">105.3333</dst>
      <dst id="10">719.3956</dst>
      <dst id="22">3468.5778</dst>
      <dst id="7">88.7111</dst>
      <dst id="2">2003.2267</dst>
      <dst id="6">0.3556</dst>
      <dst id="16">132756.5600</dst>
      <dst id="14">13.6800</dst>
      <dst id="11">14.5778</dst>
      <dst id="9">86610.2756</dst>
      <dst id="17">246835.9111</dst>
      <dst id="21">13.6889</dst>
      <dst id="15">4761.5822</dst>
    </src>
    <src id="3">
      <dst id="12">47010.7911</dst>
      <dst id="13">2915.7867</dst>
      <dst id="19">3800.5600</dst>
      <dst id="23">101.0311</dst>
      <dst id="8">618.9244</dst>
      <dst id="18">434.7822</dst>
      <dst id="4">11477.7689</dst>
      <dst id="1">8768.2489</dst>
      <dst id="5">1510.5422</dst>
      <dst id="3">30.4356</dst>
      <dst id="10">4147.1822</dst>
      <dst id="22">772.3911</dst>
      <dst id="7">2635.2089</dst>
      <dst id="2">5029.7689</dst>
      <dst id="6">63.1289</dst>
      <dst id="16">6413.7600</dst>
      <dst id="14">113.2178</dst>
      <dst id="20">1653.3600</dst>
      <dst id="11">367.4667</dst>
      <dst id="9">1496.4000</dst>
      <dst id="17">79191.2533</dst>
      <dst id="21">8514.3644</dst>
      <dst id="15">336.5244</dst>
    </src>
    <src id="10">
      <dst id="12">15550.3111</dst>
      <dst id="19">3947.3867</dst>
      <dst id="23">7888.6489</dst>
      <dst id="8">1330.3111</dst>
      <dst id="18">2678.6844</dst>
      <dst id="1">3664.2933</dst>
      <dst id="5">1049.7689</dst>
      <dst id="3">811.4489</dst>
      <dst id="22">3543.3244</dst>
      <dst id="7">18741.1200</dst>
      <dst id="2">45112.2311</dst>
      <dst id="6">203.3689</dst>
      <dst id="16">8926.4622</dst>
      <dst id="14">2173.2889</dst>
      <dst id="20">1256.2933</dst>
      <dst id="11">368.1333</dst>
      <dst id="9">2783.0311</dst>
      <dst id="17">38265.3244</dst>
      <dst id="21">10648.5867</dst>
      <dst id="15">596.0444</dst>
    </src>
    <src id="22">
      <dst id="12">21538.4533</dst>
      <dst id="13">4673.3244</dst>
      <dst id="19">915.7600</dst>
      <dst id="23">82.4444</dst>
      <dst id="8">394.0089</dst>
      <dst id="18">1402.2133</dst>
      <dst id="4">6204.2133</dst>
      <dst id="1">660.5511</dst>
      <dst id="5">1583.7689</dst>
      <dst id="3">121.7956</dst>
      <dst id="10">494.1867</dst>
      <dst id="7">2545.8222</dst>
      <dst id="2">2640.3378</dst>
      <dst id="6">0.4622</dst>
      <dst id="14">209.1911</dst>
      <dst id="11">194.0000</dst>
      <dst id="9">1395.2800</dst>
      <dst id="17">10422.7822</dst>
      <dst id="21">462.1067</dst>
    </src>
    <src id="7">
      <dst id="12">16169.9378</dst>
      <dst id="13">2709.9644</dst>
      <dst id="19">3808.1778</dst>
      <dst id="23">931.6533</dst>
      <dst id="8">379.3867</dst>
      <dst id="18">720.5067</dst>
      <dst id="4">15679.6178</dst>
      <dst id="1">22854.1511</dst>
      <dst id="5">1268.7911</dst>
      <dst id="3">2557.4578</dst>
      <dst id="10">2281.2978</dst>
      <dst id="22">2640.2933</dst>
      <dst id="7">748.6400</dst>
      <dst id="2">32591.0489</dst>
      <dst id="6">78.1511</dst>
      <dst id="16">7468.1333</dst>
      <dst id="14">180.3467</dst>
      <dst id="20">220.8800</dst>
      <dst id="11">75.6178</dst>
      <dst id="9">1589.6711</dst>
      <dst id="17">18414.9511</dst>
      <dst id="21">3359.8044</dst>
      <dst id="15">874.9333</dst>
    </src>
    <src id="2">
      <dst id="12">101003.7689</dst>
      <dst id="13">13916.4622</dst>
      <dst id="19">1099.5200</dst>
      <dst id="23">2.0622</dst>
      <dst id="8">744.1422</dst>
      <dst id="18">132483.1378</dst>
      <dst id="4">36435.2800</dst>
      <dst id="1">55695.4133</dst>
      <dst id="5">1173.5289</dst>
      <dst id="3">1436.1333</dst>
      <dst id="10">3828.8178</dst>
      <dst id="22">1165.6000</dst>
      <dst id="7">30672.7911</dst>
      <dst id="2">1190.5600</dst>
      <dst id="6">51780.6756</dst>
      <dst id="16">2767.1378</dst>
      <dst id="14">590.1333</dst>
      <dst id="20">1502.0089</dst>
      <dst id="11">397.6178</dst>
      <dst id="9">1496.7911</dst>
      <dst id="17">37051.8400</dst>
      <dst id="21">10662.2933</dst>
      <dst id="15">31.9289</dst>
    </src>
    <src id="6">
      <dst id="12">3015.3422</dst>
      <dst id="13">165.2622</dst>
      <dst id="19">69.3867</dst>
      <dst id="23">0.4622</dst>
      <dst id="18">11.4667</dst>
      <dst id="4">122.4178</dst>
      <dst id="1">711.6089</dst>
      <dst id="5">30.2844</dst>
      <dst id="3">24.0000</dst>
      <dst id="10">14.4444</dst>
      <dst id="22">0.5600</dst>
      <dst id="7">144.4000</dst>
      <dst id="2">1878.1156</dst>
      <dst id="16">1716.2044</dst>
      <dst id="14">0.4267</dst>
      <dst id="20">0.5244</dst>
      <dst id="9">617.0133</dst>
      <dst id="17">17401.3511</dst>
      <dst id="21">25.8844</dst>
    </src>
    <src id="16">
      <dst id="12">289268.4178</dst>
      <dst id="13">1753.9911</dst>
      <dst id="19">2133.0844</dst>
      <dst id="23">16.4622</dst>
      <dst id="8">247410.9333</dst>
      <dst id="18">267.7778</dst>
      <dst id="4">2673.2000</dst>
      <dst id="1">15697.4400</dst>
      <dst id="5">294153.0844</dst>
      <dst id="3">14147.4667</dst>
      <dst id="10">251.6089</dst>
      <dst id="7">2310.9244</dst>
      <dst id="2">866.9067</dst>
      <dst id="6">99.3778</dst>
      <dst id="16">101.6267</dst>
      <dst id="14">81164.6133</dst>
      <dst id="11">41609.6889</dst>
      <dst id="9">305201.2267</dst>
      <dst id="17">41435.1556</dst>
      <dst id="21">2920.1511</dst>
    </src>
    <src id="14">
      <dst id="12">5123.2444</dst>
      <dst id="13">843.4222</dst>
      <dst id="19">13.7600</dst>
      <dst id="23">0.4622</dst>
      <dst id="8">80.3378</dst>
      <dst id="4">898.8356</dst>
      <dst id="1">296.6578</dst>
      <dst id="5">23.0311</dst>
      <dst id="3">1018.3289</dst>
      <dst id="10">101.8756</dst>
      <dst id="22">59.4756</dst>
      <dst id="7">148.2400</dst>
      <dst id="2">2548.5067</dst>
      <dst id="6">0.3556</dst>
      <dst id="16">8304.4178</dst>
      <dst id="20">15.4489</dst>
      <dst id="11">13.6889</dst>
      <dst id="9">2420.9422</dst>
      <dst id="17">41625.3333</dst>
      <dst id="21">122.6578</dst>
      <dst id="15">0.4089</dst>
    </src>
    <src id="20">
      <dst id="12">3450.5333</dst>
      <dst id="13">7757.0756</dst>
      <dst id="19">54.9867</dst>
      <dst id="23">0.8711</dst>
      <dst id="8">462.7822</dst>
      <dst id="18">309.1822</dst>
      <dst id="4">1630.6222</dst>
      <dst id="1">1134.4444</dst>
      <dst id="5">210.8356</dst>
      <dst id="3">5404.9600</dst>
      <dst id="10">95.5022</dst>
      <dst id="7">698.1422</dst>
      <dst id="2">6366.9956</dst>
      <dst id="16">40.3556</dst>
      <dst id="14">1.3689</dst>
      <dst id="20">44.5156</dst>
      <dst id="11">13.9022</dst>
      <dst id="9">8346.5067</dst>
      <dst id="17">23121.1556</dst>
      <dst id="21">408.2222</dst>
    </src>
    <src id="11">
      <dst id="12">52003.2533</dst>
      <dst id="13">891.6711</dst>
      <dst id="19">96.9511</dst>
      <dst id="23">1858.0800</dst>
      <dst id="8">1370.4800</dst>
      <dst id="18">402.0089</dst>
      <dst id="4">4829.2089</dst>
      <dst id="1">11218.0889</dst>
      <dst id="5">3294.9511</dst>
      <dst id="3">180.5867</dst>
      <dst id="10">7596.1511</dst>
      <dst id="22">1627.3156</dst>
      <dst id="7">578.0178</dst>
      <dst id="2">70301.4400</dst>
      <dst id="6">103.2444</dst>
      <dst id="16">116951.0578</dst>
      <dst id="14">60.4622</dst>
      <dst id="20">166.9156</dst>
      <dst id="11">4736.1422</dst>
      <dst id="9">52148.4889</dst>
      <dst id="17">626392.2133</dst>
      <dst id="21">778.4089</dst>
      <dst id="15">958.5244</dst>
    </src>
    <src id="9">
      <dst id="12">47915.8578</dst>
      <dst id="13">2908.8533</dst>
      <dst id="19">52.6489</dst>
      <dst id="23">19.7333</dst>
      <dst id="8">154133.8489</dst>
      <dst id="18">578.5156</dst>
      <dst id="4">3798.1422</dst>
      <dst id="1">20770.3822</dst>
      <dst id="5">1861.5022</dst>
      <dst id="3">2147.5022</dst>
      <dst id="10">228.3822</dst>
      <dst id="22">6706.3200</dst>
      <dst id="7">1975.4667</dst>
      <dst id="2">3475.6267</dst>
      <dst id="6">5.6622</dst>
      <dst id="16">135181.7600</dst>
      <dst id="14">5.2178</dst>
      <dst id="11">31.3778</dst>
      <dst id="9">360828.0533</dst>
      <dst id="17">376989.3067</dst>
      <dst id="21">3.3689</dst>
      <dst id="15">2726.5244</dst>
    </src>
    <src id="17">
      <dst id="12">253239.3244</dst>
      <dst id="13">25954.7111</dst>
      <dst id="19">3562.0267</dst>
      <dst id="23">6868.6311</dst>
      <dst id="8">14468.2400</dst>
      <dst id="18">2783.9733</dst>
      <dst id="4">24654.9244</dst>
      <dst id="1">15055.8133</dst>
      <dst id="5">191745.6356</dst>
      <dst id="3">9258.9067</dst>
      <dst id="10">5170.9511</dst>
      <dst id="22">3612.0800</dst>
      <dst id="7">27462.6933</dst>
      <dst id="2">36481.3156</dst>
      <dst id="6">1681.8756</dst>
      <dst id="16">12788.8711</dst>
      <dst id="14">31769.8667</dst>
      <dst id="20">3016.9156</dst>
      <dst id="11">26447.2178</dst>
      <dst id="9">2614.8356</dst>
      <dst id="17">51896.8978</dst>
      <dst id="21">18326.2044</dst>
      <dst id="15">1044.3022</dst>
    </src>
    <src id="21">
      <dst id="12">8230.9156</dst>
      <dst id="13">2594.0178</dst>
      <dst id="19">518.2578</dst>
      <dst id="23">58.4800</dst>
      <dst id="8">481.6356</dst>
      <dst id="18">4035.5467</dst>
      <dst id="4">6646.4356</dst>
      <dst id="1">25616.6133</dst>
      <dst id="5">542.4800</dst>
      <dst id="3">10796.2311</dst>
      <dst id="10">2086.4622</dst>
      <dst id="22">2034.1600</dst>
      <dst id="7">1968.2222</dst>
      <dst id="2">6303.3956</dst>
      <dst id="6">42.5689</dst>
      <dst id="16">3510.0533</dst>
      <dst id="14">71.6178</dst>
      <dst id="20">424.1956</dst>
      <dst id="11">290.1333</dst>
      <dst id="9">2667.0933</dst>
      <dst id="17">39192.7289</dst>
      <dst id="21">3432.6578</dst>
      <dst id="15">97.0400</dst>
    </src>
    <src id="15">
      <dst id="12">2799.4756</dst>
      <dst id="13">4028.7733</dst>
      <dst id="19">0.9511</dst>
      <dst id="23">1.0667</dst>
      <dst id="8">1304.4800</dst>
      <dst id="18">2.8356</dst>
      <dst id="4">1831.0311</dst>
      <dst id="1">104.1867</dst>
      <dst id="5">256.3200</dst>
      <dst id="3">29.8667</dst>
      <dst id="10">92.2044</dst>
      <dst id="7">169.2267</dst>
      <dst id="2">193.6711</dst>
      <dst id="6">0.6044</dst>
      <dst id="16">50.0356</dst>
      <dst id="14">13.3333</dst>
      <dst id="11">214.5422</dst>
      <dst id="9">2398.4444</dst>
      <dst id="17">3940.7733</dst>
      <dst id="21">1.3067</dst>
    </src>
  </IntraTM>
</TrafficMatrixFile>
