<?xml version="1.0" encoding="UTF-8" standalone="yes"?>
<TrafficMatrixFile xmlns:xsi="http://www.w3.org/2001/XMLSchema-instance" xsi:noNamespaceSchemaLocation="http://totem.run.montefiore.ulg.ac.be/Schema/TrafficMatrix-v1_2.xsd">
  <info>
    <title>Intradomain traffic matrix generated by geant-TM-all.pl</title>
    <date>2005-01-22T09:30:00</date>
    <duration>900</duration>
    <author>Steve Uhlig</author>
    <units>
        <unit type="bandwidth" value="kbps"/>
    </units>
  </info>
  <IntraTM ASID="20965">
    <src id="12">
      <dst id="12">239138.0000</dst>
      <dst id="13">22008.3289</dst>
      <dst id="19">3571.3778</dst>
      <dst id="23">39.1911</dst>
      <dst id="8">2103.9556</dst>
      <dst id="18">83615.6533</dst>
      <dst id="4">74994.9511</dst>
      <dst id="1">6026.6844</dst>
      <dst id="5">9039.7689</dst>
      <dst id="3">13060.4089</dst>
      <dst id="10">9221.4222</dst>
      <dst id="22">15277.9200</dst>
      <dst id="7">991.0133</dst>
      <dst id="2">67762.0800</dst>
      <dst id="16">11003.6978</dst>
      <dst id="14">484.6756</dst>
      <dst id="20">1365.4933</dst>
      <dst id="11">1947.1111</dst>
      <dst id="9">3939.9467</dst>
      <dst id="17">53649.7689</dst>
      <dst id="21">14875.1733</dst>
      <dst id="15">1422.1422</dst>
    </src>
    <src id="13">
      <dst id="12">95895.2089</dst>
      <dst id="19">14100.4711</dst>
      <dst id="23">14.7378</dst>
      <dst id="8">1208.1156</dst>
      <dst id="18">7449.5378</dst>
      <dst id="4">82.0622</dst>
      <dst id="1">7620.0089</dst>
      <dst id="5">5251.1467</dst>
      <dst id="3">5671.5911</dst>
      <dst id="22">14224.5867</dst>
      <dst id="7">12775.8578</dst>
      <dst id="2">72972.3556</dst>
      <dst id="16">6665.4933</dst>
      <dst id="14">4091.5556</dst>
      <dst id="20">4416.7022</dst>
      <dst id="11">7982.9511</dst>
      <dst id="9">9444.9689</dst>
      <dst id="17">141906.7822</dst>
      <dst id="21">30969.8311</dst>
      <dst id="15">979.5200</dst>
    </src>
    <src id="19">
      <dst id="12">15593.1111</dst>
      <dst id="13">485.7422</dst>
      <dst id="23">1.0844</dst>
      <dst id="8">2.2044</dst>
      <dst id="18">0.5778</dst>
      <dst id="4">19170.1422</dst>
      <dst id="1">323.1733</dst>
      <dst id="5">93.2978</dst>
      <dst id="3">0.8444</dst>
      <dst id="10">2768.2133</dst>
      <dst id="22">2874.1956</dst>
      <dst id="7">3111.2178</dst>
      <dst id="2">790.8267</dst>
      <dst id="16">17346.7911</dst>
      <dst id="14">0.3556</dst>
      <dst id="20">18.4800</dst>
      <dst id="11">2.6756</dst>
      <dst id="9">2235.2267</dst>
      <dst id="17">160.9600</dst>
      <dst id="21">726.9422</dst>
      <dst id="15">1.0489</dst>
    </src>
    <src id="23">
      <dst id="12">40.3289</dst>
      <dst id="13">20.4267</dst>
      <dst id="8">24.8533</dst>
      <dst id="18">1044.3822</dst>
      <dst id="4">88.3556</dst>
      <dst id="1">15.7600</dst>
      <dst id="3">28.4444</dst>
      <dst id="22">35.0578</dst>
      <dst id="7">69.0489</dst>
      <dst id="2">185.2356</dst>
      <dst id="16">37.9733</dst>
      <dst id="14">12.6222</dst>
      <dst id="11">59.1378</dst>
      <dst id="9">104.8533</dst>
      <dst id="17">23.9556</dst>
      <dst id="21">83.1022</dst>
    </src>
    <src id="8">
      <dst id="12">60322.1867</dst>
      <dst id="13">205.8933</dst>
      <dst id="23">28.5511</dst>
      <dst id="18">15.2089</dst>
      <dst id="4">3832.5600</dst>
      <dst id="1">1806.3911</dst>
      <dst id="5">780.1600</dst>
      <dst id="3">25.2444</dst>
      <dst id="10">381.3778</dst>
      <dst id="22">923.1556</dst>
      <dst id="7">101.4844</dst>
      <dst id="2">387.7422</dst>
      <dst id="16">290.8000</dst>
      <dst id="14">29.5822</dst>
      <dst id="20">50.4089</dst>
      <dst id="11">118.0178</dst>
      <dst id="9">140556.8622</dst>
      <dst id="17">276008.8533</dst>
      <dst id="21">476.2933</dst>
      <dst id="15">69.2978</dst>
    </src>
    <src id="18">
      <dst id="12">185810.5067</dst>
      <dst id="13">628.7733</dst>
      <dst id="19">0.4711</dst>
      <dst id="23">8.0356</dst>
      <dst id="8">9.6889</dst>
      <dst id="4">3075.7067</dst>
      <dst id="1">733.5644</dst>
      <dst id="5">131.2622</dst>
      <dst id="3">166.0000</dst>
      <dst id="10">419.0311</dst>
      <dst id="22">322.6044</dst>
      <dst id="7">138.1956</dst>
      <dst id="2">49795.6089</dst>
      <dst id="16">37.8844</dst>
      <dst id="14">2.1422</dst>
      <dst id="20">277.9822</dst>
      <dst id="11">567.3333</dst>
      <dst id="9">130.2578</dst>
      <dst id="17">32523.3422</dst>
      <dst id="21">2088.5867</dst>
      <dst id="15">8.9778</dst>
    </src>
    <src id="4">
      <dst id="12">9126.8000</dst>
      <dst id="19">4369.8489</dst>
      <dst id="8">3398.3644</dst>
      <dst id="18">5183.7867</dst>
      <dst id="4">79.2089</dst>
      <dst id="1">16522.5689</dst>
      <dst id="5">816.9689</dst>
      <dst id="3">280.8533</dst>
      <dst id="22">2795.7156</dst>
      <dst id="7">21225.0844</dst>
      <dst id="2">41909.0311</dst>
      <dst id="16">1733.5111</dst>
      <dst id="14">518.1778</dst>
      <dst id="20">303.6533</dst>
      <dst id="11">1156.7556</dst>
      <dst id="9">2801.9556</dst>
      <dst id="17">77141.9822</dst>
      <dst id="21">6413.4578</dst>
      <dst id="15">216.6933</dst>
    </src>
    <src id="1">
      <dst id="12">11983.7778</dst>
      <dst id="13">6708.9778</dst>
      <dst id="19">37.8578</dst>
      <dst id="23">49.0489</dst>
      <dst id="8">0.9244</dst>
      <dst id="18">13240.8711</dst>
      <dst id="4">11970.8178</dst>
      <dst id="1">47511.6444</dst>
      <dst id="5">334.3556</dst>
      <dst id="3">5690.1867</dst>
      <dst id="10">2293.5911</dst>
      <dst id="22">2790.8533</dst>
      <dst id="7">2392.9956</dst>
      <dst id="2">28258.8889</dst>
      <dst id="16">26504.8622</dst>
      <dst id="14">84.9956</dst>
      <dst id="20">223.2178</dst>
      <dst id="11">922.2933</dst>
      <dst id="9">1366.4444</dst>
      <dst id="17">6836.4622</dst>
      <dst id="21">5906.7822</dst>
      <dst id="15">2311.5378</dst>
    </src>
    <src id="5">
      <dst id="12">60701.9289</dst>
      <dst id="13">1746.5689</dst>
      <dst id="19">6237.4044</dst>
      <dst id="8">2150.7022</dst>
      <dst id="18">113.1644</dst>
      <dst id="4">7169.4756</dst>
      <dst id="1">1654.0267</dst>
      <dst id="3">74.8444</dst>
      <dst id="10">826.6400</dst>
      <dst id="22">2091.6089</dst>
      <dst id="7">64.2756</dst>
      <dst id="2">940.1422</dst>
      <dst id="16">1567.2267</dst>
      <dst id="14">0.6578</dst>
      <dst id="20">10013.0667</dst>
      <dst id="11">931.1289</dst>
      <dst id="9">65839.3956</dst>
      <dst id="17">310801.9289</dst>
      <dst id="21">150.7644</dst>
      <dst id="15">78.9156</dst>
    </src>
    <src id="3">
      <dst id="12">11880.0356</dst>
      <dst id="13">3474.1244</dst>
      <dst id="19">1035.0844</dst>
      <dst id="23">2.2489</dst>
      <dst id="8">107.6800</dst>
      <dst id="18">1413.1111</dst>
      <dst id="4">61456.5511</dst>
      <dst id="1">31252.8800</dst>
      <dst id="5">1533.2178</dst>
      <dst id="3">6.7200</dst>
      <dst id="10">3249.0400</dst>
      <dst id="22">3057.1111</dst>
      <dst id="7">604.9689</dst>
      <dst id="2">19648.0533</dst>
      <dst id="16">1150.4889</dst>
      <dst id="14">102.0978</dst>
      <dst id="20">118.0711</dst>
      <dst id="11">1261.9644</dst>
      <dst id="9">271.5467</dst>
      <dst id="17">20117.8933</dst>
      <dst id="21">8259.7778</dst>
      <dst id="15">2372.9511</dst>
    </src>
    <src id="10">
      <dst id="12">13588.5600</dst>
      <dst id="19">894.9244</dst>
      <dst id="8">100002.8267</dst>
      <dst id="18">6298.3200</dst>
      <dst id="1">113.7244</dst>
      <dst id="5">190944.4444</dst>
      <dst id="3">15182.3022</dst>
      <dst id="22">2343.3956</dst>
      <dst id="7">610.6667</dst>
      <dst id="2">14809.0133</dst>
      <dst id="16">7831.7156</dst>
      <dst id="14">25554.8356</dst>
      <dst id="20">4377.8133</dst>
      <dst id="11">193440.5511</dst>
      <dst id="9">272288.2133</dst>
      <dst id="17">13759.0222</dst>
      <dst id="21">14753.8133</dst>
      <dst id="15">430.0800</dst>
    </src>
    <src id="22">
      <dst id="12">4086.6844</dst>
      <dst id="13">2807.7244</dst>
      <dst id="19">314.8711</dst>
      <dst id="23">358.4178</dst>
      <dst id="8">644.3911</dst>
      <dst id="18">375.0578</dst>
      <dst id="4">13291.7689</dst>
      <dst id="1">222.0889</dst>
      <dst id="5">1803.3867</dst>
      <dst id="3">949.9022</dst>
      <dst id="10">1049.2978</dst>
      <dst id="7">693.6533</dst>
      <dst id="2">2546.8622</dst>
      <dst id="14">1.8756</dst>
      <dst id="11">3715.1289</dst>
      <dst id="9">1505.7689</dst>
      <dst id="17">6196.1689</dst>
      <dst id="21">2181.2533</dst>
    </src>
    <src id="7">
      <dst id="12">2212.4711</dst>
      <dst id="13">3400.2844</dst>
      <dst id="19">1020.4000</dst>
      <dst id="23">148.3822</dst>
      <dst id="8">587.2533</dst>
      <dst id="18">532.1422</dst>
      <dst id="4">41051.7600</dst>
      <dst id="1">2089.4133</dst>
      <dst id="5">1287.5733</dst>
      <dst id="3">662.5156</dst>
      <dst id="10">1473.2444</dst>
      <dst id="22">4354.8444</dst>
      <dst id="7">4.4800</dst>
      <dst id="2">8180.1244</dst>
      <dst id="16">1517.8489</dst>
      <dst id="14">118.3111</dst>
      <dst id="20">628.3022</dst>
      <dst id="11">1281.2711</dst>
      <dst id="9">1005.8044</dst>
      <dst id="17">7437.5022</dst>
      <dst id="21">3778.7378</dst>
      <dst id="15">315.8756</dst>
    </src>
    <src id="2">
      <dst id="12">82122.0711</dst>
      <dst id="13">5584.9600</dst>
      <dst id="19">512.0889</dst>
      <dst id="8">250.3022</dst>
      <dst id="18">76353.1822</dst>
      <dst id="4">85723.4844</dst>
      <dst id="1">13780.3911</dst>
      <dst id="5">1018.9511</dst>
      <dst id="3">131.9200</dst>
      <dst id="10">6905.3333</dst>
      <dst id="22">1546.6756</dst>
      <dst id="7">10562.6489</dst>
      <dst id="2">1954.6756</dst>
      <dst id="16">1807.9911</dst>
      <dst id="14">1328.1867</dst>
      <dst id="20">719.2356</dst>
      <dst id="11">4347.9556</dst>
      <dst id="9">1101.9822</dst>
      <dst id="17">33372.6222</dst>
      <dst id="21">35182.3911</dst>
      <dst id="15">273.0400</dst>
    </src>
    <src id="6">
      <dst id="12">540.6933</dst>
      <dst id="13">3.3511</dst>
      <dst id="19">0.7111</dst>
      <dst id="23">0.3378</dst>
      <dst id="18">27.2889</dst>
      <dst id="4">93.2622</dst>
      <dst id="1">8.8889</dst>
      <dst id="5">0.3556</dst>
      <dst id="3">1.6800</dst>
      <dst id="10">466.6667</dst>
      <dst id="22">33.5822</dst>
      <dst id="7">34.9956</dst>
      <dst id="2">2258.7022</dst>
      <dst id="16">69.2533</dst>
      <dst id="14">0.4267</dst>
      <dst id="11">0.5600</dst>
      <dst id="9">0.6844</dst>
      <dst id="17">7866.6044</dst>
      <dst id="15">11.0222</dst>
    </src>
    <src id="16">
      <dst id="12">3164.4444</dst>
      <dst id="13">299.2978</dst>
      <dst id="19">4766.9689</dst>
      <dst id="23">22.9689</dst>
      <dst id="8">1867.9111</dst>
      <dst id="18">101.0844</dst>
      <dst id="4">3787.4400</dst>
      <dst id="1">15029.6533</dst>
      <dst id="5">2064.5778</dst>
      <dst id="3">2.3822</dst>
      <dst id="10">441.9111</dst>
      <dst id="22">0.3644</dst>
      <dst id="7">2311.6711</dst>
      <dst id="2">600.6578</dst>
      <dst id="16">36.0356</dst>
      <dst id="14">531.9200</dst>
      <dst id="11">416.8711</dst>
      <dst id="9">3343.9556</dst>
      <dst id="17">1574.4800</dst>
      <dst id="21">81.2889</dst>
    </src>
    <src id="14">
      <dst id="12">3274.0356</dst>
      <dst id="13">28.8356</dst>
      <dst id="19">6.3289</dst>
      <dst id="23">0.6489</dst>
      <dst id="8">59.1733</dst>
      <dst id="4">1569.0489</dst>
      <dst id="1">243.4311</dst>
      <dst id="3">63.0844</dst>
      <dst id="10">86.7644</dst>
      <dst id="7">67.0311</dst>
      <dst id="2">4166.8800</dst>
      <dst id="16">1.0133</dst>
      <dst id="20">17.6622</dst>
      <dst id="11">439.7156</dst>
      <dst id="9">50.7467</dst>
      <dst id="17">20939.3778</dst>
      <dst id="21">1183.7422</dst>
    </src>
    <src id="20">
      <dst id="12">1071.3156</dst>
      <dst id="13">8233.5467</dst>
      <dst id="19">33.9822</dst>
      <dst id="23">1.3333</dst>
      <dst id="8">207.5822</dst>
      <dst id="18">135.3867</dst>
      <dst id="4">7142.8711</dst>
      <dst id="1">95.5200</dst>
      <dst id="5">3191.6800</dst>
      <dst id="3">126.8622</dst>
      <dst id="10">570.8800</dst>
      <dst id="7">2739.5022</dst>
      <dst id="2">7042.4089</dst>
      <dst id="14">15.1467</dst>
      <dst id="11">202.1422</dst>
      <dst id="9">2372.0622</dst>
      <dst id="17">1016.7556</dst>
      <dst id="21">963.0489</dst>
    </src>
    <src id="11">
      <dst id="12">123861.9556</dst>
      <dst id="13">4358.6844</dst>
      <dst id="19">33.2089</dst>
      <dst id="23">14.9244</dst>
      <dst id="8">348.7022</dst>
      <dst id="18">171.4667</dst>
      <dst id="4">5294.2222</dst>
      <dst id="1">2220.7022</dst>
      <dst id="5">917.4222</dst>
      <dst id="3">402.4800</dst>
      <dst id="10">460.1600</dst>
      <dst id="22">2271.6178</dst>
      <dst id="7">106.1067</dst>
      <dst id="2">144798.6844</dst>
      <dst id="16">482.7467</dst>
      <dst id="14">112.4889</dst>
      <dst id="20">1682.7378</dst>
      <dst id="11">2248.3644</dst>
      <dst id="9">1552.0800</dst>
      <dst id="17">669382.6756</dst>
      <dst id="21">830.4089</dst>
      <dst id="15">472.1156</dst>
    </src>
    <src id="9">
      <dst id="12">110577.5556</dst>
      <dst id="13">1534.2933</dst>
      <dst id="19">329.2800</dst>
      <dst id="23">2.7733</dst>
      <dst id="8">106319.3333</dst>
      <dst id="18">185.9822</dst>
      <dst id="4">10325.4667</dst>
      <dst id="1">2184.3556</dst>
      <dst id="5">1946.1867</dst>
      <dst id="3">48.1600</dst>
      <dst id="10">1694.1778</dst>
      <dst id="22">10410.0800</dst>
      <dst id="7">100.7289</dst>
      <dst id="2">5306.8978</dst>
      <dst id="16">328.1689</dst>
      <dst id="14">13.3333</dst>
      <dst id="20">2014.7822</dst>
      <dst id="11">1676.1956</dst>
      <dst id="9">430638.5067</dst>
      <dst id="17">553239.7867</dst>
      <dst id="21">740.0444</dst>
      <dst id="15">509.0489</dst>
    </src>
    <src id="17">
      <dst id="12">5746.3644</dst>
      <dst id="13">3853.8667</dst>
      <dst id="19">1604.0800</dst>
      <dst id="23">29.2000</dst>
      <dst id="8">177.5378</dst>
      <dst id="18">4394.5867</dst>
      <dst id="4">63606.2222</dst>
      <dst id="1">624.4178</dst>
      <dst id="5">151623.7333</dst>
      <dst id="3">15770.6489</dst>
      <dst id="10">3881.3867</dst>
      <dst id="22">1084.9067</dst>
      <dst id="7">3974.6489</dst>
      <dst id="2">9947.4400</dst>
      <dst id="16">3036.1600</dst>
      <dst id="14">18344.5244</dst>
      <dst id="20">395.2178</dst>
      <dst id="11">129329.5111</dst>
      <dst id="9">1273.5644</dst>
      <dst id="17">3090.0267</dst>
      <dst id="21">30875.6267</dst>
      <dst id="15">191.3689</dst>
    </src>
    <src id="21">
      <dst id="12">3536.9067</dst>
      <dst id="13">12898.4533</dst>
      <dst id="19">417.7333</dst>
      <dst id="23">5.7600</dst>
      <dst id="8">185.3156</dst>
      <dst id="18">6366.5156</dst>
      <dst id="4">27928.9778</dst>
      <dst id="1">2320.5244</dst>
      <dst id="5">1004.6578</dst>
      <dst id="3">5692.4978</dst>
      <dst id="10">9236.7289</dst>
      <dst id="22">7527.5911</dst>
      <dst id="7">1265.8844</dst>
      <dst id="2">27681.6889</dst>
      <dst id="16">981.3689</dst>
      <dst id="14">315.3156</dst>
      <dst id="20">2342.5778</dst>
      <dst id="11">3454.7556</dst>
      <dst id="9">1769.5467</dst>
      <dst id="17">29247.8044</dst>
      <dst id="21">1961.3244</dst>
      <dst id="15">3557.4133</dst>
    </src>
    <src id="15">
      <dst id="12">708.5244</dst>
      <dst id="13">1859.3956</dst>
      <dst id="19">4.7289</dst>
      <dst id="23">1.1378</dst>
      <dst id="8">194.2844</dst>
      <dst id="18">12.8800</dst>
      <dst id="4">3787.7422</dst>
      <dst id="1">172.4000</dst>
      <dst id="5">183.2356</dst>
      <dst id="3">98.1333</dst>
      <dst id="10">407.3778</dst>
      <dst id="7">52.4356</dst>
      <dst id="2">457.8489</dst>
      <dst id="14">1.1022</dst>
      <dst id="11">9528.3378</dst>
      <dst id="9">1048.2044</dst>
      <dst id="17">6961.4667</dst>
      <dst id="21">214.1333</dst>
    </src>
  </IntraTM>
</TrafficMatrixFile>
