<?xml version="1.0" encoding="UTF-8" standalone="yes"?>
<TrafficMatrixFile xmlns:xsi="http://www.w3.org/2001/XMLSchema-instance" xsi:noNamespaceSchemaLocation="http://totem.run.montefiore.ulg.ac.be/Schema/TrafficMatrix-v1_2.xsd">
  <info>
    <title>Intradomain traffic matrix generated by geant-TM-all.pl</title>
    <date>2005-03-01T20:15:00</date>
    <duration>900</duration>
    <author>Steve Uhlig</author>
    <units>
        <unit type="bandwidth" value="kbps"/>
    </units>
  </info>
  <IntraTM ASID="20965">
    <src id="12">
      <dst id="12">222549.8311</dst>
      <dst id="13">24936.0800</dst>
      <dst id="19">3967.3778</dst>
      <dst id="23">1663.3778</dst>
      <dst id="8">630.0356</dst>
      <dst id="18">64946.6933</dst>
      <dst id="4">9347.6178</dst>
      <dst id="1">11896.8800</dst>
      <dst id="5">2524.3111</dst>
      <dst id="3">36.5778</dst>
      <dst id="10">1622.1333</dst>
      <dst id="22">1663.0311</dst>
      <dst id="7">4023.9022</dst>
      <dst id="2">32850.1244</dst>
      <dst id="6">78.4800</dst>
      <dst id="16">5521.7511</dst>
      <dst id="14">76285.7956</dst>
      <dst id="20">1985.2533</dst>
      <dst id="11">108.8533</dst>
      <dst id="9">9823.8756</dst>
      <dst id="17">72335.0489</dst>
      <dst id="21">2609.6800</dst>
      <dst id="15">5.2800</dst>
    </src>
    <src id="13">
      <dst id="12">26814.2222</dst>
      <dst id="19">7257.3511</dst>
      <dst id="23">6312.8800</dst>
      <dst id="8">1971.6267</dst>
      <dst id="18">600.6311</dst>
      <dst id="1">2409.9200</dst>
      <dst id="5">4364.3733</dst>
      <dst id="3">555.3867</dst>
      <dst id="22">5627.0933</dst>
      <dst id="7">6401.2711</dst>
      <dst id="2">24328.7822</dst>
      <dst id="6">224.0800</dst>
      <dst id="16">10855.5822</dst>
      <dst id="14">3733.0044</dst>
      <dst id="20">4098.9422</dst>
      <dst id="11">999.0578</dst>
      <dst id="9">4145.7244</dst>
      <dst id="17">67227.9378</dst>
      <dst id="21">3125.9733</dst>
      <dst id="15">486.5422</dst>
    </src>
    <src id="19">
      <dst id="12">26569.4222</dst>
      <dst id="13">405.2178</dst>
      <dst id="23">47.7689</dst>
      <dst id="8">1.8400</dst>
      <dst id="18">15.4489</dst>
      <dst id="4">11923.2711</dst>
      <dst id="1">218.4711</dst>
      <dst id="5">1.1733</dst>
      <dst id="10">42.0978</dst>
      <dst id="22">48.8178</dst>
      <dst id="7">3213.9289</dst>
      <dst id="2">651.8311</dst>
      <dst id="6">1.5200</dst>
      <dst id="16">12446.0622</dst>
      <dst id="14">65.4578</dst>
      <dst id="20">2.4267</dst>
      <dst id="9">1.1378</dst>
      <dst id="17">933.2089</dst>
      <dst id="21">221.0400</dst>
      <dst id="15">56.0533</dst>
    </src>
    <src id="23">
      <dst id="12">6701.7867</dst>
      <dst id="13">23.9111</dst>
      <dst id="19">2465.6178</dst>
      <dst id="8">35.8044</dst>
      <dst id="4">1045.8667</dst>
      <dst id="1">12.8000</dst>
      <dst id="10">27.5644</dst>
      <dst id="22">24.4889</dst>
      <dst id="7">1.2533</dst>
      <dst id="2">187.5911</dst>
      <dst id="16">68.8533</dst>
      <dst id="20">93.3333</dst>
      <dst id="11">1.1378</dst>
      <dst id="9">43.3511</dst>
      <dst id="17">19485.6178</dst>
      <dst id="21">1.5111</dst>
    </src>
    <src id="8">
      <dst id="12">12801.0311</dst>
      <dst id="13">338.4089</dst>
      <dst id="19">34.6222</dst>
      <dst id="23">53.0667</dst>
      <dst id="18">14.5778</dst>
      <dst id="4">147.2711</dst>
      <dst id="1">3513.7067</dst>
      <dst id="5">1317.5022</dst>
      <dst id="3">0.8356</dst>
      <dst id="10">152.9422</dst>
      <dst id="22">584.4889</dst>
      <dst id="7">619.1911</dst>
      <dst id="2">84.5333</dst>
      <dst id="16">65196.4267</dst>
      <dst id="14">1.8400</dst>
      <dst id="20">5.7867</dst>
      <dst id="9">150252.5067</dst>
      <dst id="17">272416.4089</dst>
      <dst id="21">741.2267</dst>
      <dst id="15">179.1289</dst>
    </src>
    <src id="18">
      <dst id="12">95055.3156</dst>
      <dst id="13">81.7333</dst>
      <dst id="19">1.4044</dst>
      <dst id="23">2.9422</dst>
      <dst id="8">51.6000</dst>
      <dst id="4">42.1511</dst>
      <dst id="1">391.7422</dst>
      <dst id="5">279.8044</dst>
      <dst id="3">156.4267</dst>
      <dst id="10">59.0311</dst>
      <dst id="22">47.0756</dst>
      <dst id="7">61.0756</dst>
      <dst id="2">18845.4400</dst>
      <dst id="6">0.3556</dst>
      <dst id="16">29.6178</dst>
      <dst id="14">0.4000</dst>
      <dst id="11">4.2044</dst>
      <dst id="9">7698.7644</dst>
      <dst id="17">28586.8533</dst>
      <dst id="21">70.8711</dst>
      <dst id="15">1.0667</dst>
    </src>
    <src id="4">
      <dst id="12">9672.7911</dst>
      <dst id="19">4067.7600</dst>
      <dst id="23">127.8578</dst>
      <dst id="8">112.1778</dst>
      <dst id="18">93.9644</dst>
      <dst id="1">155288.1067</dst>
      <dst id="5">341.2622</dst>
      <dst id="3">334.4533</dst>
      <dst id="22">1362.5689</dst>
      <dst id="7">108422.4622</dst>
      <dst id="2">10476.9778</dst>
      <dst id="6">11.2978</dst>
      <dst id="16">1015.3067</dst>
      <dst id="14">19787.1022</dst>
      <dst id="20">169.2800</dst>
      <dst id="11">49.1111</dst>
      <dst id="9">2669.0044</dst>
      <dst id="17">87321.4667</dst>
      <dst id="21">925.6089</dst>
      <dst id="15">1672.2756</dst>
    </src>
    <src id="1">
      <dst id="12">31315.5822</dst>
      <dst id="13">464.3200</dst>
      <dst id="19">1104.9067</dst>
      <dst id="23">30.0711</dst>
      <dst id="8">840.8889</dst>
      <dst id="18">41.6889</dst>
      <dst id="4">1035.5644</dst>
      <dst id="1">4841.7600</dst>
      <dst id="5">786.4622</dst>
      <dst id="3">6.2489</dst>
      <dst id="10">83.6267</dst>
      <dst id="22">492.4533</dst>
      <dst id="7">369673.8756</dst>
      <dst id="2">11443.8578</dst>
      <dst id="16">20371.1733</dst>
      <dst id="14">158.9244</dst>
      <dst id="20">40.4356</dst>
      <dst id="11">43.9289</dst>
      <dst id="9">470.5511</dst>
      <dst id="17">299509.5200</dst>
      <dst id="21">410803.1644</dst>
      <dst id="15">239.7778</dst>
    </src>
    <src id="5">
      <dst id="12">9424.3200</dst>
      <dst id="13">2167.0044</dst>
      <dst id="19">0.3556</dst>
      <dst id="8">176.5956</dst>
      <dst id="18">48.4444</dst>
      <dst id="4">343.8489</dst>
      <dst id="1">2242.6489</dst>
      <dst id="3">2.0356</dst>
      <dst id="10">88.9422</dst>
      <dst id="22">1646.5067</dst>
      <dst id="7">58.0089</dst>
      <dst id="2">97.2444</dst>
      <dst id="6">26.3289</dst>
      <dst id="16">74172.7467</dst>
      <dst id="20">248.0089</dst>
      <dst id="11">19.5022</dst>
      <dst id="9">57684.8444</dst>
      <dst id="17">255346.1333</dst>
      <dst id="21">8.3200</dst>
      <dst id="15">70.4444</dst>
    </src>
    <src id="3">
      <dst id="12">9166.8178</dst>
      <dst id="13">363.2889</dst>
      <dst id="19">1459.3333</dst>
      <dst id="23">19.7511</dst>
      <dst id="8">527.4489</dst>
      <dst id="18">142.4356</dst>
      <dst id="4">10983.9022</dst>
      <dst id="1">1327.8044</dst>
      <dst id="5">140.4444</dst>
      <dst id="3">17.4933</dst>
      <dst id="10">460.7644</dst>
      <dst id="22">125.7600</dst>
      <dst id="7">625.1467</dst>
      <dst id="2">1822.6044</dst>
      <dst id="6">0.9422</dst>
      <dst id="16">2082.4533</dst>
      <dst id="14">205.1556</dst>
      <dst id="20">51.1822</dst>
      <dst id="11">138.2133</dst>
      <dst id="9">249.2889</dst>
      <dst id="17">41426.4711</dst>
      <dst id="21">1270.1778</dst>
      <dst id="15">7.3244</dst>
    </src>
    <src id="10">
      <dst id="12">8913.4667</dst>
      <dst id="19">5247.9200</dst>
      <dst id="23">658.1333</dst>
      <dst id="8">192.1244</dst>
      <dst id="18">4912.9244</dst>
      <dst id="1">319.5733</dst>
      <dst id="5">404.8889</dst>
      <dst id="3">98.9867</dst>
      <dst id="22">884.1244</dst>
      <dst id="7">1035.4933</dst>
      <dst id="2">10576.7378</dst>
      <dst id="16">485.6444</dst>
      <dst id="14">2073.1644</dst>
      <dst id="20">1358.2578</dst>
      <dst id="11">51.9822</dst>
      <dst id="9">2720.2667</dst>
      <dst id="17">18784.4356</dst>
      <dst id="21">6087.8222</dst>
      <dst id="15">89.2000</dst>
    </src>
    <src id="22">
      <dst id="12">10771.7422</dst>
      <dst id="13">4862.0267</dst>
      <dst id="19">1128.5778</dst>
      <dst id="23">115.9644</dst>
      <dst id="8">837.7244</dst>
      <dst id="18">38.7289</dst>
      <dst id="4">3481.6622</dst>
      <dst id="1">429.8044</dst>
      <dst id="5">1624.9511</dst>
      <dst id="3">1.7156</dst>
      <dst id="10">736.6044</dst>
      <dst id="7">429.4756</dst>
      <dst id="2">2178.7022</dst>
      <dst id="6">1.7689</dst>
      <dst id="14">289.6889</dst>
      <dst id="11">179.3333</dst>
      <dst id="9">68.1244</dst>
      <dst id="17">2300.0978</dst>
      <dst id="21">252.5244</dst>
    </src>
    <src id="7">
      <dst id="12">7101.6800</dst>
      <dst id="13">252.1067</dst>
      <dst id="19">175.7956</dst>
      <dst id="23">13.3333</dst>
      <dst id="8">193.5911</dst>
      <dst id="18">31.2711</dst>
      <dst id="4">3711.0044</dst>
      <dst id="1">25248.0889</dst>
      <dst id="5">980.3644</dst>
      <dst id="3">83.9733</dst>
      <dst id="10">1856.9511</dst>
      <dst id="22">1151.5200</dst>
      <dst id="7">683.8044</dst>
      <dst id="2">1617.4844</dst>
      <dst id="6">228.3467</dst>
      <dst id="16">233.3333</dst>
      <dst id="14">291.4044</dst>
      <dst id="20">152.4000</dst>
      <dst id="11">23.6978</dst>
      <dst id="9">249.2711</dst>
      <dst id="17">6888.7822</dst>
      <dst id="21">2807.4667</dst>
      <dst id="15">30.7022</dst>
    </src>
    <src id="2">
      <dst id="12">68750.3111</dst>
      <dst id="13">3835.2444</dst>
      <dst id="19">4319.3156</dst>
      <dst id="23">0.3556</dst>
      <dst id="8">243.3067</dst>
      <dst id="18">28005.1378</dst>
      <dst id="4">68253.1378</dst>
      <dst id="1">5019.7867</dst>
      <dst id="5">834.8178</dst>
      <dst id="3">50.8622</dst>
      <dst id="10">704.5333</dst>
      <dst id="22">612.8444</dst>
      <dst id="7">1957.9822</dst>
      <dst id="2">389.8222</dst>
      <dst id="6">27671.2533</dst>
      <dst id="16">544.9422</dst>
      <dst id="14">925.2356</dst>
      <dst id="20">47.3244</dst>
      <dst id="11">134.7467</dst>
      <dst id="9">2169.4044</dst>
      <dst id="17">6039.0578</dst>
      <dst id="21">442.8000</dst>
      <dst id="15">0.4622</dst>
    </src>
    <src id="6">
      <dst id="12">463.7422</dst>
      <dst id="13">16.5067</dst>
      <dst id="19">2.6844</dst>
      <dst id="18">12.6400</dst>
      <dst id="4">29.2622</dst>
      <dst id="1">36.6044</dst>
      <dst id="5">0.9956</dst>
      <dst id="10">3.0667</dst>
      <dst id="22">12.7733</dst>
      <dst id="7">27.3956</dst>
      <dst id="2">2506.3289</dst>
      <dst id="16">0.7556</dst>
      <dst id="9">547.6089</dst>
      <dst id="17">17124.9867</dst>
      <dst id="21">9.0044</dst>
      <dst id="15">1.5822</dst>
    </src>
    <src id="16">
      <dst id="12">112013.9378</dst>
      <dst id="13">3426.3911</dst>
      <dst id="19">5073.1556</dst>
      <dst id="23">5.2444</dst>
      <dst id="8">109087.0133</dst>
      <dst id="18">23.6978</dst>
      <dst id="4">636.9867</dst>
      <dst id="1">21326.7378</dst>
      <dst id="5">211207.3244</dst>
      <dst id="3">4690.1600</dst>
      <dst id="10">37.9200</dst>
      <dst id="7">22.8089</dst>
      <dst id="2">128.1956</dst>
      <dst id="6">0.3378</dst>
      <dst id="16">24.6578</dst>
      <dst id="14">40.5333</dst>
      <dst id="11">15267.3867</dst>
      <dst id="9">83885.9289</dst>
      <dst id="17">11194.1956</dst>
      <dst id="21">7797.8133</dst>
    </src>
    <src id="14">
      <dst id="12">2263.5644</dst>
      <dst id="13">54.5600</dst>
      <dst id="19">26.6844</dst>
      <dst id="4">1266.8711</dst>
      <dst id="1">254.4889</dst>
      <dst id="3">126.3022</dst>
      <dst id="10">124.8533</dst>
      <dst id="22">20.2933</dst>
      <dst id="7">114.6844</dst>
      <dst id="2">2015.3867</dst>
      <dst id="6">0.5689</dst>
      <dst id="16">3965.7244</dst>
      <dst id="20">26.6667</dst>
      <dst id="11">13.7956</dst>
      <dst id="9">928.7644</dst>
      <dst id="17">38843.8667</dst>
      <dst id="21">63.4222</dst>
      <dst id="15">0.8178</dst>
    </src>
    <src id="20">
      <dst id="12">1399.6267</dst>
      <dst id="13">423.4578</dst>
      <dst id="19">1.2178</dst>
      <dst id="23">15.5378</dst>
      <dst id="8">6.0444</dst>
      <dst id="18">1.2711</dst>
      <dst id="4">1948.0889</dst>
      <dst id="1">50.1511</dst>
      <dst id="5">177.3511</dst>
      <dst id="3">14.1511</dst>
      <dst id="10">13.6622</dst>
      <dst id="7">1434.2578</dst>
      <dst id="2">26.5778</dst>
      <dst id="6">0.8622</dst>
      <dst id="14">0.3911</dst>
      <dst id="20">20.2844</dst>
      <dst id="11">39.2000</dst>
      <dst id="9">82.8800</dst>
      <dst id="17">1687.2711</dst>
      <dst id="21">55.0667</dst>
    </src>
    <src id="11">
      <dst id="12">25408.5244</dst>
      <dst id="13">1670.5333</dst>
      <dst id="19">33.7600</dst>
      <dst id="23">0.9244</dst>
      <dst id="8">72.8533</dst>
      <dst id="18">138.8800</dst>
      <dst id="4">1066.9867</dst>
      <dst id="1">1994.3467</dst>
      <dst id="5">2513.5289</dst>
      <dst id="3">3.5733</dst>
      <dst id="10">4256.0711</dst>
      <dst id="22">378.8533</dst>
      <dst id="7">222.7200</dst>
      <dst id="2">52899.2533</dst>
      <dst id="6">0.7289</dst>
      <dst id="16">58630.8800</dst>
      <dst id="14">241.9289</dst>
      <dst id="20">3032.4000</dst>
      <dst id="11">922.6844</dst>
      <dst id="9">37384.0178</dst>
      <dst id="17">553413.5733</dst>
      <dst id="21">240.4000</dst>
      <dst id="15">220.0267</dst>
    </src>
    <src id="9">
      <dst id="12">4714.4267</dst>
      <dst id="13">356.2844</dst>
      <dst id="19">16.4978</dst>
      <dst id="23">2.2222</dst>
      <dst id="8">112673.1644</dst>
      <dst id="18">2.7378</dst>
      <dst id="4">121.1200</dst>
      <dst id="1">2198.7556</dst>
      <dst id="5">225.1378</dst>
      <dst id="10">29.0756</dst>
      <dst id="22">3801.6800</dst>
      <dst id="7">40.6044</dst>
      <dst id="2">80.6756</dst>
      <dst id="16">44583.1467</dst>
      <dst id="14">10.7911</dst>
      <dst id="20">114.5689</dst>
      <dst id="11">2.3822</dst>
      <dst id="9">131107.3067</dst>
      <dst id="17">151596.5156</dst>
      <dst id="21">62.0533</dst>
      <dst id="15">238.5422</dst>
    </src>
    <src id="17">
      <dst id="12">95073.7778</dst>
      <dst id="13">18154.2578</dst>
      <dst id="19">142.9778</dst>
      <dst id="23">73.1022</dst>
      <dst id="8">88.1867</dst>
      <dst id="18">112.1689</dst>
      <dst id="4">14305.0311</dst>
      <dst id="1">4449.4667</dst>
      <dst id="5">141447.2000</dst>
      <dst id="3">2915.3511</dst>
      <dst id="10">5305.5556</dst>
      <dst id="22">754.1689</dst>
      <dst id="7">4445.5200</dst>
      <dst id="2">26623.6356</dst>
      <dst id="6">95.9111</dst>
      <dst id="16">2725.6711</dst>
      <dst id="14">41086.6311</dst>
      <dst id="20">490.0533</dst>
      <dst id="11">13538.0178</dst>
      <dst id="9">1770.7822</dst>
      <dst id="17">8731.8667</dst>
      <dst id="21">9457.5111</dst>
      <dst id="15">84.5600</dst>
    </src>
    <src id="21">
      <dst id="12">4934.0267</dst>
      <dst id="13">795.2800</dst>
      <dst id="19">80.9778</dst>
      <dst id="23">27.3067</dst>
      <dst id="8">256.5333</dst>
      <dst id="18">605.4133</dst>
      <dst id="4">1540.6844</dst>
      <dst id="1">6861.1733</dst>
      <dst id="5">407.6978</dst>
      <dst id="3">339.4756</dst>
      <dst id="10">1529.8311</dst>
      <dst id="22">206.3911</dst>
      <dst id="7">968.0356</dst>
      <dst id="2">11598.4356</dst>
      <dst id="6">69.7244</dst>
      <dst id="16">262.8267</dst>
      <dst id="14">190.7111</dst>
      <dst id="20">29.7778</dst>
      <dst id="11">57.6800</dst>
      <dst id="9">1233.8400</dst>
      <dst id="17">23475.4578</dst>
      <dst id="21">242.5689</dst>
      <dst id="15">22.9689</dst>
    </src>
    <src id="15">
      <dst id="12">6083.3600</dst>
      <dst id="13">2512.8000</dst>
      <dst id="19">3109.7244</dst>
      <dst id="23">0.7644</dst>
      <dst id="8">286.4089</dst>
      <dst id="18">80.5778</dst>
      <dst id="4">65.6000</dst>
      <dst id="1">35.5022</dst>
      <dst id="5">173.8133</dst>
      <dst id="3">59.8044</dst>
      <dst id="10">31.1200</dst>
      <dst id="7">16.9511</dst>
      <dst id="2">3.2444</dst>
      <dst id="6">0.3556</dst>
      <dst id="14">14.0444</dst>
      <dst id="9">150.3733</dst>
      <dst id="17">5386.3822</dst>
      <dst id="21">46.0178</dst>
    </src>
  </IntraTM>
</TrafficMatrixFile>
