<?xml version="1.0" encoding="UTF-8" standalone="yes"?>
<TrafficMatrixFile xmlns:xsi="http://www.w3.org/2001/XMLSchema-instance" xsi:noNamespaceSchemaLocation="http://totem.run.montefiore.ulg.ac.be/Schema/TrafficMatrix-v1_2.xsd">
  <info>
    <title>Intradomain traffic matrix generated by geant-TM-all.pl</title>
    <date>2005-04-28T13:15:00</date>
    <duration>900</duration>
    <author>Steve Uhlig</author>
    <units>
        <unit type="bandwidth" value="kbps"/>
    </units>
  </info>
  <IntraTM ASID="20965">
    <src id="12">
      <dst id="12">357926.0178</dst>
      <dst id="13">17971.7511</dst>
      <dst id="19">3110.0978</dst>
      <dst id="23">969.6356</dst>
      <dst id="8">242.0356</dst>
      <dst id="18">43441.6178</dst>
      <dst id="4">14656.2578</dst>
      <dst id="1">9359.9556</dst>
      <dst id="5">3626.1956</dst>
      <dst id="3">372.7733</dst>
      <dst id="10">18970.6667</dst>
      <dst id="22">1511.9289</dst>
      <dst id="7">8150.4533</dst>
      <dst id="2">2961.0578</dst>
      <dst id="16">19413.4133</dst>
      <dst id="14">1929.1822</dst>
      <dst id="20">13855.3511</dst>
      <dst id="11">286.2044</dst>
      <dst id="9">29606.4978</dst>
      <dst id="17">37680.2400</dst>
      <dst id="21">382.2933</dst>
      <dst id="15">2399.8667</dst>
    </src>
    <src id="13">
      <dst id="12">10906.1067</dst>
      <dst id="13">90.8089</dst>
      <dst id="19">930.7111</dst>
      <dst id="23">47.4489</dst>
      <dst id="8">1673.0133</dst>
      <dst id="18">1939.8489</dst>
      <dst id="4">1.2800</dst>
      <dst id="1">52062.4800</dst>
      <dst id="5">502.5333</dst>
      <dst id="3">108.9422</dst>
      <dst id="22">1735.4756</dst>
      <dst id="7">258.8178</dst>
      <dst id="2">2972.1778</dst>
      <dst id="16">269.7333</dst>
      <dst id="14">69.5644</dst>
      <dst id="20">242.7022</dst>
      <dst id="11">605.5467</dst>
      <dst id="9">1126.2400</dst>
      <dst id="17">6423.0044</dst>
      <dst id="21">414.9511</dst>
      <dst id="15">7.7422</dst>
    </src>
    <src id="19">
      <dst id="12">36947.9556</dst>
      <dst id="13">1445.9822</dst>
      <dst id="23">0.4622</dst>
      <dst id="8">0.9600</dst>
      <dst id="18">25.1111</dst>
      <dst id="4">299.9111</dst>
      <dst id="1">48.3378</dst>
      <dst id="5">70.0533</dst>
      <dst id="3">8.0000</dst>
      <dst id="10">65.5556</dst>
      <dst id="22">2.1689</dst>
      <dst id="7">258.5333</dst>
      <dst id="2">47.2444</dst>
      <dst id="16">24.9156</dst>
      <dst id="14">3.8311</dst>
      <dst id="20">4.3644</dst>
      <dst id="11">2.4356</dst>
      <dst id="9">18.4889</dst>
      <dst id="17">448.1067</dst>
      <dst id="21">52.1511</dst>
      <dst id="15">44.2844</dst>
    </src>
    <src id="23">
      <dst id="12">1527.4756</dst>
      <dst id="13">2228.3467</dst>
      <dst id="19">81.1378</dst>
      <dst id="4">1388.3289</dst>
      <dst id="1">107.0489</dst>
      <dst id="5">66.6667</dst>
      <dst id="10">374.2756</dst>
      <dst id="22">13.1556</dst>
      <dst id="7">33.8933</dst>
      <dst id="2">13.8222</dst>
      <dst id="16">0.3556</dst>
      <dst id="20">10.5778</dst>
      <dst id="11">27.6178</dst>
      <dst id="9">1221.4578</dst>
      <dst id="17">510.8444</dst>
      <dst id="21">2.4711</dst>
      <dst id="15">12.4622</dst>
    </src>
    <src id="8">
      <dst id="12">3399.2533</dst>
      <dst id="13">206.6578</dst>
      <dst id="19">1.6089</dst>
      <dst id="18">1.8222</dst>
      <dst id="4">177.7867</dst>
      <dst id="1">2878.2489</dst>
      <dst id="5">591.6444</dst>
      <dst id="3">468.8089</dst>
      <dst id="10">628.2933</dst>
      <dst id="2">120.7111</dst>
      <dst id="16">286728.4356</dst>
      <dst id="14">0.7111</dst>
      <dst id="11">47.0578</dst>
      <dst id="9">71731.9022</dst>
      <dst id="17">35778.2133</dst>
      <dst id="21">141.7689</dst>
      <dst id="15">0.7111</dst>
    </src>
    <src id="18">
      <dst id="12">113836.5244</dst>
      <dst id="13">277.6356</dst>
      <dst id="19">16.3556</dst>
      <dst id="8">4.5867</dst>
      <dst id="4">263.8489</dst>
      <dst id="1">899.0933</dst>
      <dst id="5">603.6711</dst>
      <dst id="3">1614.2844</dst>
      <dst id="10">206.4178</dst>
      <dst id="22">1.9200</dst>
      <dst id="7">54.4711</dst>
      <dst id="2">3235.6089</dst>
      <dst id="16">569.6533</dst>
      <dst id="20">4.5156</dst>
      <dst id="11">13.8667</dst>
      <dst id="9">10110.7378</dst>
      <dst id="17">2704.2933</dst>
      <dst id="21">522.0000</dst>
      <dst id="15">3.2622</dst>
    </src>
    <src id="4">
      <dst id="12">13738.5956</dst>
      <dst id="13">9.5200</dst>
      <dst id="19">4464.4178</dst>
      <dst id="23">237.1556</dst>
      <dst id="8">1537.5467</dst>
      <dst id="18">968.5422</dst>
      <dst id="4">1136.6311</dst>
      <dst id="1">206913.3244</dst>
      <dst id="5">5060.2311</dst>
      <dst id="3">47.6978</dst>
      <dst id="7">8.3467</dst>
      <dst id="2">210700.0978</dst>
      <dst id="16">54838.7467</dst>
      <dst id="14">1407.7422</dst>
      <dst id="11">370.4978</dst>
      <dst id="9">24530.8444</dst>
      <dst id="17">52236.6756</dst>
      <dst id="21">45318.5067</dst>
      <dst id="15">486.5067</dst>
    </src>
    <src id="1">
      <dst id="12">30324.4000</dst>
      <dst id="13">1049.6800</dst>
      <dst id="19">106.4889</dst>
      <dst id="23">92.9867</dst>
      <dst id="8">0.4622</dst>
      <dst id="18">14195.9733</dst>
      <dst id="4">1424.9867</dst>
      <dst id="1">324967.2533</dst>
      <dst id="5">58.5600</dst>
      <dst id="3">8.9689</dst>
      <dst id="10">5549.5289</dst>
      <dst id="7">820.0533</dst>
      <dst id="2">30238.8800</dst>
      <dst id="16">36914.0089</dst>
      <dst id="14">68.0444</dst>
      <dst id="20">36.8889</dst>
      <dst id="11">109.5289</dst>
      <dst id="9">2816.1956</dst>
      <dst id="17">21770.0089</dst>
      <dst id="21">165977.2444</dst>
      <dst id="15">114.2400</dst>
    </src>
    <src id="5">
      <dst id="12">7984.2844</dst>
      <dst id="13">3999.8222</dst>
      <dst id="19">43.4133</dst>
      <dst id="23">0.9244</dst>
      <dst id="8">344.6578</dst>
      <dst id="18">67.4400</dst>
      <dst id="4">1253.5644</dst>
      <dst id="1">2634.1867</dst>
      <dst id="3">853.1111</dst>
      <dst id="10">136.3378</dst>
      <dst id="2">139.7156</dst>
      <dst id="16">289563.6889</dst>
      <dst id="11">1.1378</dst>
      <dst id="9">53335.2800</dst>
      <dst id="17">26479.5467</dst>
      <dst id="21">129.5911</dst>
      <dst id="15">45.2889</dst>
    </src>
    <src id="3">
      <dst id="12">5372.8178</dst>
      <dst id="13">39553.6533</dst>
      <dst id="19">502.6400</dst>
      <dst id="23">3.4844</dst>
      <dst id="8">18.0978</dst>
      <dst id="18">0.9244</dst>
      <dst id="4">1199.5022</dst>
      <dst id="1">46989.3956</dst>
      <dst id="5">201.7333</dst>
      <dst id="3">312.0533</dst>
      <dst id="10">361.7511</dst>
      <dst id="7">50236.0178</dst>
      <dst id="2">1201.5200</dst>
      <dst id="16">11317.4844</dst>
      <dst id="14">63.5200</dst>
      <dst id="20">145.8578</dst>
      <dst id="11">199.2444</dst>
      <dst id="9">1251.6533</dst>
      <dst id="17">28360.5067</dst>
      <dst id="21">753.7067</dst>
      <dst id="15">6.0978</dst>
    </src>
    <src id="10">
      <dst id="12">1382.6844</dst>
      <dst id="13">4.1156</dst>
      <dst id="19">3995.0044</dst>
      <dst id="23">1192.7022</dst>
      <dst id="8">85.3333</dst>
      <dst id="18">3532.2844</dst>
      <dst id="1">368.5156</dst>
      <dst id="5">617.3956</dst>
      <dst id="3">3.3600</dst>
      <dst id="7">655.9467</dst>
      <dst id="2">40184.8711</dst>
      <dst id="16">24809.3067</dst>
      <dst id="14">1451.0578</dst>
      <dst id="20">2957.9200</dst>
      <dst id="11">101.3778</dst>
      <dst id="9">4767.6356</dst>
      <dst id="17">32956.0978</dst>
      <dst id="21">4205.9911</dst>
      <dst id="15">17.6356</dst>
    </src>
    <src id="22">
      <dst id="12">8467.9556</dst>
      <dst id="13">3084.6133</dst>
      <dst id="19">5.6267</dst>
      <dst id="23">19.8756</dst>
      <dst id="8">635.9467</dst>
      <dst id="18">30.9422</dst>
      <dst id="4">1163.0311</dst>
      <dst id="1">237.7511</dst>
      <dst id="5">997.3956</dst>
      <dst id="3">23.8222</dst>
      <dst id="10">203.4578</dst>
      <dst id="7">68.0800</dst>
      <dst id="2">253.2356</dst>
      <dst id="16">86.8889</dst>
      <dst id="14">259.3067</dst>
      <dst id="11">69.4756</dst>
      <dst id="9">445.6978</dst>
      <dst id="17">2855.2267</dst>
      <dst id="21">305.9644</dst>
    </src>
    <src id="7">
      <dst id="12">16879.8933</dst>
      <dst id="13">2353.5911</dst>
      <dst id="19">44.0178</dst>
      <dst id="23">3.6267</dst>
      <dst id="8">4.5867</dst>
      <dst id="18">9.0667</dst>
      <dst id="4">1245.8578</dst>
      <dst id="1">1830.2756</dst>
      <dst id="5">154.5600</dst>
      <dst id="3">1.7867</dst>
      <dst id="10">366.9956</dst>
      <dst id="22">17.0489</dst>
      <dst id="7">27.1556</dst>
      <dst id="2">487.6000</dst>
      <dst id="16">157.9289</dst>
      <dst id="14">7.1378</dst>
      <dst id="20">53.8311</dst>
      <dst id="11">94.6222</dst>
      <dst id="9">594.2311</dst>
      <dst id="17">749.8400</dst>
      <dst id="21">241.5022</dst>
      <dst id="15">4.1511</dst>
    </src>
    <src id="2">
      <dst id="12">85346.7022</dst>
      <dst id="13">21935.4133</dst>
      <dst id="19">331.9556</dst>
      <dst id="23">0.4622</dst>
      <dst id="8">100.2400</dst>
      <dst id="18">29600.2044</dst>
      <dst id="4">4462.2311</dst>
      <dst id="1">36053.9467</dst>
      <dst id="5">1046.6667</dst>
      <dst id="3">235.1200</dst>
      <dst id="10">3614.4533</dst>
      <dst id="22">205.5289</dst>
      <dst id="7">1509.9644</dst>
      <dst id="2">2659.2533</dst>
      <dst id="6">1.3156</dst>
      <dst id="16">114.8800</dst>
      <dst id="14">168.0267</dst>
      <dst id="20">12602.0178</dst>
      <dst id="11">438.4800</dst>
      <dst id="9">427.4756</dst>
      <dst id="17">10351.0756</dst>
      <dst id="21">584.7289</dst>
      <dst id="15">11.3778</dst>
    </src>
    <src id="6">
      <dst id="12">1020.7467</dst>
      <dst id="13">42.9778</dst>
      <dst id="19">9.8044</dst>
      <dst id="4">51.6622</dst>
      <dst id="1">124.3022</dst>
      <dst id="3">10.9156</dst>
      <dst id="10">1.5200</dst>
      <dst id="2">276.2311</dst>
      <dst id="16">1.6711</dst>
      <dst id="9">925.0844</dst>
      <dst id="17">13533.5644</dst>
      <dst id="21">1.2089</dst>
      <dst id="15">0.8711</dst>
    </src>
    <src id="16">
      <dst id="12">103726.9067</dst>
      <dst id="13">2295.8044</dst>
      <dst id="19">4416.1333</dst>
      <dst id="23">22.2133</dst>
      <dst id="8">49303.5911</dst>
      <dst id="18">4.5600</dst>
      <dst id="4">545.4933</dst>
      <dst id="1">26458.9422</dst>
      <dst id="5">163405.2978</dst>
      <dst id="3">4396.5689</dst>
      <dst id="10">602.0800</dst>
      <dst id="2">395.6356</dst>
      <dst id="16">20096.9333</dst>
      <dst id="14">20290.4533</dst>
      <dst id="11">11707.1556</dst>
      <dst id="9">117541.3778</dst>
      <dst id="17">777.7778</dst>
      <dst id="21">0.7733</dst>
    </src>
    <src id="14">
      <dst id="12">2149.5200</dst>
      <dst id="13">280.8000</dst>
      <dst id="19">18.1689</dst>
      <dst id="23">0.4978</dst>
      <dst id="8">10.8089</dst>
      <dst id="18">0.6133</dst>
      <dst id="4">220.9244</dst>
      <dst id="1">225.9467</dst>
      <dst id="5">3.3422</dst>
      <dst id="3">245.0933</dst>
      <dst id="10">38.9867</dst>
      <dst id="7">32.2311</dst>
      <dst id="2">164.7822</dst>
      <dst id="16">1758.7556</dst>
      <dst id="20">0.6311</dst>
      <dst id="11">13.2089</dst>
      <dst id="9">911.4667</dst>
      <dst id="17">17890.2578</dst>
      <dst id="21">68.4000</dst>
    </src>
    <src id="20">
      <dst id="12">1721.0133</dst>
      <dst id="13">1384.7822</dst>
      <dst id="19">1.9911</dst>
      <dst id="8">57.4222</dst>
      <dst id="18">100.9778</dst>
      <dst id="4">807.9556</dst>
      <dst id="1">34.6933</dst>
      <dst id="5">215.0667</dst>
      <dst id="3">1.6533</dst>
      <dst id="10">175.2978</dst>
      <dst id="7">1598.0444</dst>
      <dst id="2">482.1333</dst>
      <dst id="16">3847.4933</dst>
      <dst id="20">77.4133</dst>
      <dst id="11">1.6000</dst>
      <dst id="9">503.2978</dst>
      <dst id="17">2056.7733</dst>
      <dst id="21">58.1689</dst>
    </src>
    <src id="11">
      <dst id="12">58989.6978</dst>
      <dst id="13">2206.1600</dst>
      <dst id="19">49.4844</dst>
      <dst id="23">42.0089</dst>
      <dst id="8">243.0667</dst>
      <dst id="18">73.5111</dst>
      <dst id="4">2038.7022</dst>
      <dst id="1">2934.0800</dst>
      <dst id="5">1225.3867</dst>
      <dst id="3">1680.7467</dst>
      <dst id="10">901.9022</dst>
      <dst id="2">3114.1422</dst>
      <dst id="16">34479.1022</dst>
      <dst id="14">6.1689</dst>
      <dst id="20">520.8622</dst>
      <dst id="11">1272.5511</dst>
      <dst id="9">56285.4133</dst>
      <dst id="17">690753.1200</dst>
      <dst id="21">619.8844</dst>
      <dst id="15">37.6356</dst>
    </src>
    <src id="9">
      <dst id="12">9968.2311</dst>
      <dst id="13">1947.7067</dst>
      <dst id="19">203.4044</dst>
      <dst id="23">35.4044</dst>
      <dst id="8">70165.5378</dst>
      <dst id="18">0.4622</dst>
      <dst id="4">1116.7467</dst>
      <dst id="1">8793.5644</dst>
      <dst id="5">2495.8756</dst>
      <dst id="3">989.2444</dst>
      <dst id="10">300.2756</dst>
      <dst id="2">165.9200</dst>
      <dst id="16">557999.4222</dst>
      <dst id="14">2.5867</dst>
      <dst id="11">72.1778</dst>
      <dst id="9">228146.7111</dst>
      <dst id="17">60380.7822</dst>
      <dst id="21">208.0000</dst>
      <dst id="15">55.5911</dst>
    </src>
    <src id="17">
      <dst id="12">96999.6978</dst>
      <dst id="13">39237.5289</dst>
      <dst id="19">542.4978</dst>
      <dst id="23">20.1600</dst>
      <dst id="8">62.8533</dst>
      <dst id="18">1438.5067</dst>
      <dst id="4">6385.9467</dst>
      <dst id="1">3447.4222</dst>
      <dst id="5">154317.5022</dst>
      <dst id="3">2109.9200</dst>
      <dst id="10">7158.8978</dst>
      <dst id="7">7721.6267</dst>
      <dst id="2">13615.8400</dst>
      <dst id="16">37786.8978</dst>
      <dst id="14">6594.6933</dst>
      <dst id="20">6924.6044</dst>
      <dst id="11">9746.6933</dst>
      <dst id="9">5057.4400</dst>
      <dst id="17">15051.1289</dst>
      <dst id="21">5808.9600</dst>
      <dst id="15">53.7244</dst>
    </src>
    <src id="21">
      <dst id="12">1062.7378</dst>
      <dst id="13">2201.4578</dst>
      <dst id="19">375.6800</dst>
      <dst id="23">10.9067</dst>
      <dst id="8">178.6667</dst>
      <dst id="18">790.8267</dst>
      <dst id="4">1187.9022</dst>
      <dst id="1">14921.2978</dst>
      <dst id="5">441.1378</dst>
      <dst id="3">568.3467</dst>
      <dst id="10">187.8756</dst>
      <dst id="7">4820.7289</dst>
      <dst id="2">2380.3467</dst>
      <dst id="16">3944.8533</dst>
      <dst id="14">35.9644</dst>
      <dst id="20">544.5867</dst>
      <dst id="11">85.5022</dst>
      <dst id="9">3775.2356</dst>
      <dst id="17">32200.8711</dst>
      <dst id="21">2668.6667</dst>
      <dst id="15">4.8000</dst>
    </src>
    <src id="15">
      <dst id="12">17.4044</dst>
      <dst id="13">278.0178</dst>
      <dst id="19">1.5111</dst>
      <dst id="8">0.6578</dst>
      <dst id="18">24.4622</dst>
      <dst id="4">46.6133</dst>
      <dst id="1">96.3378</dst>
      <dst id="5">663.4756</dst>
      <dst id="10">229.0311</dst>
      <dst id="2">15.8667</dst>
      <dst id="16">2050.7556</dst>
      <dst id="11">2.1511</dst>
      <dst id="9">7364.4000</dst>
      <dst id="17">291.1556</dst>
    </src>
  </IntraTM>
</TrafficMatrixFile>
