<?xml version="1.0" encoding="UTF-8" standalone="yes"?>
<TrafficMatrixFile xmlns:xsi="http://www.w3.org/2001/XMLSchema-instance" xsi:noNamespaceSchemaLocation="http://totem.run.montefiore.ulg.ac.be/Schema/TrafficMatrix-v1_2.xsd">
  <info>
    <title>Intradomain traffic matrix generated by geant-TM-all.pl</title>
    <date>2005-02-07T20:15:00</date>
    <duration>900</duration>
    <author>Steve Uhlig</author>
    <units>
        <unit type="bandwidth" value="kbps"/>
    </units>
  </info>
  <IntraTM ASID="20965">
    <src id="12">
      <dst id="12">323703.0044</dst>
      <dst id="13">28894.8444</dst>
      <dst id="19">1940.8711</dst>
      <dst id="23">32.6844</dst>
      <dst id="8">1088.2933</dst>
      <dst id="18">71848.6489</dst>
      <dst id="4">63804.5244</dst>
      <dst id="1">16693.5556</dst>
      <dst id="5">2728.9689</dst>
      <dst id="3">1807.3956</dst>
      <dst id="10">6287.7778</dst>
      <dst id="22">15306.8622</dst>
      <dst id="7">2224.4356</dst>
      <dst id="2">39374.5867</dst>
      <dst id="6">28.6489</dst>
      <dst id="16">10674.6489</dst>
      <dst id="14">497.0756</dst>
      <dst id="20">4494.2044</dst>
      <dst id="11">82.6044</dst>
      <dst id="9">7689.8044</dst>
      <dst id="17">58971.6000</dst>
      <dst id="21">15582.7556</dst>
      <dst id="15">3324.6044</dst>
    </src>
    <src id="13">
      <dst id="12">47694.1511</dst>
      <dst id="19">7002.4711</dst>
      <dst id="23">1599.6889</dst>
      <dst id="8">1705.8756</dst>
      <dst id="18">4045.2889</dst>
      <dst id="1">1671.8222</dst>
      <dst id="5">6471.3778</dst>
      <dst id="3">806.3289</dst>
      <dst id="22">15302.5511</dst>
      <dst id="7">10612.4444</dst>
      <dst id="2">38700.4889</dst>
      <dst id="6">269.7156</dst>
      <dst id="16">12136.5778</dst>
      <dst id="14">2784.5422</dst>
      <dst id="20">25312.5689</dst>
      <dst id="11">435.7689</dst>
      <dst id="9">14974.9778</dst>
      <dst id="17">75663.8400</dst>
      <dst id="21">6369.3511</dst>
      <dst id="15">7865.8933</dst>
    </src>
    <src id="19">
      <dst id="12">3063.9378</dst>
      <dst id="13">1705.8311</dst>
      <dst id="8">3.8756</dst>
      <dst id="18">1.9467</dst>
      <dst id="4">5809.5644</dst>
      <dst id="1">6.5600</dst>
      <dst id="5">1.0667</dst>
      <dst id="3">23.5467</dst>
      <dst id="10">7.9644</dst>
      <dst id="22">35.3333</dst>
      <dst id="7">1461.4667</dst>
      <dst id="2">324.6667</dst>
      <dst id="16">4697.7067</dst>
      <dst id="20">6.8978</dst>
      <dst id="11">0.4622</dst>
      <dst id="9">52.4889</dst>
      <dst id="17">1304.4533</dst>
      <dst id="21">208.5333</dst>
      <dst id="15">38.8267</dst>
    </src>
    <src id="23">
      <dst id="12">736.4978</dst>
      <dst id="13">126.6311</dst>
      <dst id="19">28.2311</dst>
      <dst id="18">9042.2756</dst>
      <dst id="4">1583.5556</dst>
      <dst id="1">238.3556</dst>
      <dst id="3">0.3556</dst>
      <dst id="10">29.7867</dst>
      <dst id="22">205.9022</dst>
      <dst id="7">217.9200</dst>
      <dst id="2">108.6667</dst>
      <dst id="16">357.1556</dst>
      <dst id="14">13.0933</dst>
      <dst id="20">345.2800</dst>
      <dst id="9">133.4933</dst>
      <dst id="17">368.8711</dst>
      <dst id="21">1.3422</dst>
      <dst id="15">0.3378</dst>
    </src>
    <src id="8">
      <dst id="12">82096.3111</dst>
      <dst id="13">558.9244</dst>
      <dst id="19">656.0711</dst>
      <dst id="23">2.4978</dst>
      <dst id="18">485.0844</dst>
      <dst id="4">2505.1467</dst>
      <dst id="1">4421.2089</dst>
      <dst id="5">959.6356</dst>
      <dst id="3">2.9867</dst>
      <dst id="10">35.3156</dst>
      <dst id="22">728.2400</dst>
      <dst id="7">210.5156</dst>
      <dst id="2">400.2578</dst>
      <dst id="16">2011.1911</dst>
      <dst id="20">21.6089</dst>
      <dst id="11">1.7778</dst>
      <dst id="9">186245.5467</dst>
      <dst id="17">283729.0222</dst>
      <dst id="21">561.9111</dst>
      <dst id="15">5.6622</dst>
    </src>
    <src id="18">
      <dst id="12">160436.9422</dst>
      <dst id="13">506.3556</dst>
      <dst id="19">119.2711</dst>
      <dst id="23">103.5378</dst>
      <dst id="8">107.7156</dst>
      <dst id="4">1541.1111</dst>
      <dst id="1">749.6889</dst>
      <dst id="5">944.5689</dst>
      <dst id="3">694.8978</dst>
      <dst id="10">115.6889</dst>
      <dst id="22">141.2800</dst>
      <dst id="7">66.1333</dst>
      <dst id="2">47375.7511</dst>
      <dst id="16">32.8622</dst>
      <dst id="14">25.7067</dst>
      <dst id="20">86.2489</dst>
      <dst id="11">14.5333</dst>
      <dst id="9">199.0933</dst>
      <dst id="17">14000.9689</dst>
      <dst id="21">122.4978</dst>
      <dst id="15">17.6978</dst>
    </src>
    <src id="4">
      <dst id="12">6206.3200</dst>
      <dst id="19">2403.3333</dst>
      <dst id="23">46.0533</dst>
      <dst id="8">251.2444</dst>
      <dst id="18">1925.5289</dst>
      <dst id="4">115.8489</dst>
      <dst id="1">119377.2000</dst>
      <dst id="5">594.2578</dst>
      <dst id="3">5837.9911</dst>
      <dst id="22">4004.3733</dst>
      <dst id="7">36749.7156</dst>
      <dst id="2">26902.8267</dst>
      <dst id="6">35.6800</dst>
      <dst id="16">1265.7422</dst>
      <dst id="14">844.2489</dst>
      <dst id="20">3038.5867</dst>
      <dst id="11">156.8533</dst>
      <dst id="9">1235.3867</dst>
      <dst id="17">16212.8978</dst>
      <dst id="21">2772.4356</dst>
      <dst id="15">54.0000</dst>
    </src>
    <src id="1">
      <dst id="12">15800.0444</dst>
      <dst id="13">529.0222</dst>
      <dst id="19">93.0400</dst>
      <dst id="23">22.6578</dst>
      <dst id="8">129.7600</dst>
      <dst id="18">13071.8489</dst>
      <dst id="4">5099.3778</dst>
      <dst id="1">92985.7956</dst>
      <dst id="5">356.8089</dst>
      <dst id="3">2397.2178</dst>
      <dst id="10">447.6533</dst>
      <dst id="22">6695.6622</dst>
      <dst id="7">15059.9644</dst>
      <dst id="2">17752.6400</dst>
      <dst id="6">0.9600</dst>
      <dst id="16">21633.3422</dst>
      <dst id="14">378.3822</dst>
      <dst id="20">13491.2889</dst>
      <dst id="11">447.9733</dst>
      <dst id="9">1091.1733</dst>
      <dst id="17">11163.4489</dst>
      <dst id="21">11424.5511</dst>
      <dst id="15">321.3689</dst>
    </src>
    <src id="5">
      <dst id="12">21785.9378</dst>
      <dst id="13">5230.5511</dst>
      <dst id="19">27.1378</dst>
      <dst id="8">300.3200</dst>
      <dst id="18">227.9378</dst>
      <dst id="4">3173.2178</dst>
      <dst id="1">4489.8133</dst>
      <dst id="3">14.8622</dst>
      <dst id="10">104.1778</dst>
      <dst id="22">2384.6044</dst>
      <dst id="7">21.5111</dst>
      <dst id="2">369.5200</dst>
      <dst id="6">10.8444</dst>
      <dst id="16">1007.0133</dst>
      <dst id="14">61.6533</dst>
      <dst id="20">7223.7244</dst>
      <dst id="11">9.3689</dst>
      <dst id="9">82690.8533</dst>
      <dst id="17">370565.6889</dst>
      <dst id="21">65.4756</dst>
      <dst id="15">63.1644</dst>
    </src>
    <src id="3">
      <dst id="12">6016.8533</dst>
      <dst id="13">1155.3867</dst>
      <dst id="19">1431.6089</dst>
      <dst id="23">3.2711</dst>
      <dst id="8">53.0667</dst>
      <dst id="18">69.7778</dst>
      <dst id="4">23598.7733</dst>
      <dst id="1">4494.5956</dst>
      <dst id="5">130.2133</dst>
      <dst id="3">13.0489</dst>
      <dst id="10">911.4133</dst>
      <dst id="22">3847.5378</dst>
      <dst id="7">2938.8444</dst>
      <dst id="2">6352.2933</dst>
      <dst id="6">4.3911</dst>
      <dst id="16">1982.1867</dst>
      <dst id="14">104.7378</dst>
      <dst id="20">231.3156</dst>
      <dst id="11">95.5022</dst>
      <dst id="9">451.0756</dst>
      <dst id="17">35913.3067</dst>
      <dst id="21">15358.1244</dst>
      <dst id="15">20.8178</dst>
    </src>
    <src id="10">
      <dst id="12">162084.5333</dst>
      <dst id="19">627.7956</dst>
      <dst id="23">164.6222</dst>
      <dst id="8">110112.5956</dst>
      <dst id="18">4277.4756</dst>
      <dst id="1">1177.3600</dst>
      <dst id="5">215857.7422</dst>
      <dst id="3">19361.2267</dst>
      <dst id="22">5123.2800</dst>
      <dst id="7">3999.9111</dst>
      <dst id="2">19477.8044</dst>
      <dst id="6">15617.8578</dst>
      <dst id="16">257.7511</dst>
      <dst id="14">41728.3200</dst>
      <dst id="20">6647.8489</dst>
      <dst id="11">15018.6311</dst>
      <dst id="9">295575.4489</dst>
      <dst id="17">45501.8667</dst>
      <dst id="21">26847.6178</dst>
      <dst id="15">139.2533</dst>
    </src>
    <src id="22">
      <dst id="12">10355.9467</dst>
      <dst id="13">12743.9556</dst>
      <dst id="19">1644.8533</dst>
      <dst id="23">16.4622</dst>
      <dst id="8">1443.5822</dst>
      <dst id="18">422.9333</dst>
      <dst id="4">10696.5333</dst>
      <dst id="1">1343.9289</dst>
      <dst id="5">3561.2444</dst>
      <dst id="3">89.6356</dst>
      <dst id="10">839.6978</dst>
      <dst id="7">931.2444</dst>
      <dst id="2">2720.0533</dst>
      <dst id="6">15.3956</dst>
      <dst id="14">157.4489</dst>
      <dst id="11">8.7111</dst>
      <dst id="9">3677.6267</dst>
      <dst id="17">15159.4133</dst>
      <dst id="21">1073.2800</dst>
    </src>
    <src id="7">
      <dst id="12">4692.0178</dst>
      <dst id="13">131.2356</dst>
      <dst id="19">1079.9733</dst>
      <dst id="23">52.4800</dst>
      <dst id="8">1052.1067</dst>
      <dst id="18">126.3378</dst>
      <dst id="4">10918.7556</dst>
      <dst id="1">3985.3156</dst>
      <dst id="5">917.5911</dst>
      <dst id="3">634.0089</dst>
      <dst id="10">594.3911</dst>
      <dst id="22">4541.1911</dst>
      <dst id="7">860.2667</dst>
      <dst id="2">4322.2578</dst>
      <dst id="6">260.0000</dst>
      <dst id="16">1210.8356</dst>
      <dst id="14">117.1911</dst>
      <dst id="20">634.9956</dst>
      <dst id="11">10.1333</dst>
      <dst id="9">2237.3156</dst>
      <dst id="17">13831.2267</dst>
      <dst id="21">7149.6178</dst>
      <dst id="15">132.5244</dst>
    </src>
    <src id="2">
      <dst id="12">70489.8756</dst>
      <dst id="13">10830.5156</dst>
      <dst id="19">361.4489</dst>
      <dst id="8">611.0222</dst>
      <dst id="18">35310.4800</dst>
      <dst id="4">28577.5378</dst>
      <dst id="1">7782.7644</dst>
      <dst id="5">456.1422</dst>
      <dst id="3">58.5778</dst>
      <dst id="10">979.9200</dst>
      <dst id="22">1541.3333</dst>
      <dst id="7">8558.2400</dst>
      <dst id="2">1368.6489</dst>
      <dst id="6">7947.9644</dst>
      <dst id="16">819.4578</dst>
      <dst id="14">225.9111</dst>
      <dst id="20">8111.9200</dst>
      <dst id="11">231.2889</dst>
      <dst id="9">803.7511</dst>
      <dst id="17">19106.3733</dst>
      <dst id="21">1495.0133</dst>
      <dst id="15">34.0000</dst>
    </src>
    <src id="6">
      <dst id="12">6815.9378</dst>
      <dst id="13">2.7022</dst>
      <dst id="19">0.6844</dst>
      <dst id="8">0.4978</dst>
      <dst id="4">20.4089</dst>
      <dst id="1">189.0133</dst>
      <dst id="5">20.9778</dst>
      <dst id="10">0.3556</dst>
      <dst id="22">38.7822</dst>
      <dst id="7">21.3600</dst>
      <dst id="2">3864.7200</dst>
      <dst id="16">28.4800</dst>
      <dst id="20">13.1378</dst>
      <dst id="9">3.1467</dst>
      <dst id="17">14217.5556</dst>
      <dst id="21">29.6622</dst>
      <dst id="15">0.3378</dst>
    </src>
    <src id="16">
      <dst id="12">9515.4133</dst>
      <dst id="13">1023.9200</dst>
      <dst id="19">4589.7689</dst>
      <dst id="23">3.4844</dst>
      <dst id="8">4243.8933</dst>
      <dst id="18">8.9867</dst>
      <dst id="4">6284.8267</dst>
      <dst id="1">19473.0222</dst>
      <dst id="5">4647.7244</dst>
      <dst id="3">3.7600</dst>
      <dst id="10">410.5333</dst>
      <dst id="7">503.0400</dst>
      <dst id="2">524.1956</dst>
      <dst id="6">16.2311</dst>
      <dst id="16">51.6800</dst>
      <dst id="14">4.9067</dst>
      <dst id="11">26.3111</dst>
      <dst id="9">8919.4756</dst>
      <dst id="17">2355.3689</dst>
      <dst id="21">123.1111</dst>
    </src>
    <src id="14">
      <dst id="12">1877.1733</dst>
      <dst id="13">61.6889</dst>
      <dst id="19">27.0578</dst>
      <dst id="18">36.2667</dst>
      <dst id="4">996.9956</dst>
      <dst id="1">1944.1689</dst>
      <dst id="5">4.2044</dst>
      <dst id="3">58.1422</dst>
      <dst id="10">202.2756</dst>
      <dst id="22">44.8000</dst>
      <dst id="7">23.4844</dst>
      <dst id="2">3921.6800</dst>
      <dst id="16">0.5244</dst>
      <dst id="20">0.5689</dst>
      <dst id="11">0.6489</dst>
      <dst id="9">22.3733</dst>
      <dst id="17">29486.9156</dst>
      <dst id="21">103.2622</dst>
      <dst id="15">0.5244</dst>
    </src>
    <src id="20">
      <dst id="12">10365.9822</dst>
      <dst id="13">11980.1511</dst>
      <dst id="19">576.1511</dst>
      <dst id="23">9.3156</dst>
      <dst id="8">144.5689</dst>
      <dst id="18">8.8889</dst>
      <dst id="4">6249.5378</dst>
      <dst id="1">522.1156</dst>
      <dst id="5">6109.7422</dst>
      <dst id="3">4.1333</dst>
      <dst id="10">341.9378</dst>
      <dst id="7">54.5422</dst>
      <dst id="2">3585.2800</dst>
      <dst id="11">39.8400</dst>
      <dst id="9">465.0578</dst>
      <dst id="17">8968.7733</dst>
      <dst id="21">2432.2311</dst>
    </src>
    <src id="11">
      <dst id="12">60311.0489</dst>
      <dst id="13">1902.9778</dst>
      <dst id="19">575.1911</dst>
      <dst id="23">0.4622</dst>
      <dst id="8">477.2533</dst>
      <dst id="18">241.7333</dst>
      <dst id="4">5054.0533</dst>
      <dst id="1">136.7644</dst>
      <dst id="5">1484.8533</dst>
      <dst id="3">440.4444</dst>
      <dst id="10">2143.9022</dst>
      <dst id="22">3806.3111</dst>
      <dst id="7">173.8311</dst>
      <dst id="2">71813.5200</dst>
      <dst id="6">30.9867</dst>
      <dst id="16">435.1644</dst>
      <dst id="14">2.5244</dst>
      <dst id="20">239.1111</dst>
      <dst id="11">954.6222</dst>
      <dst id="9">2463.1911</dst>
      <dst id="17">454573.0933</dst>
      <dst id="21">2017.8400</dst>
      <dst id="15">1319.3156</dst>
    </src>
    <src id="9">
      <dst id="12">41345.0044</dst>
      <dst id="13">6853.4044</dst>
      <dst id="19">78.0356</dst>
      <dst id="23">0.9244</dst>
      <dst id="8">115803.6978</dst>
      <dst id="18">38.0089</dst>
      <dst id="4">6489.1200</dst>
      <dst id="1">7449.7244</dst>
      <dst id="5">713.2356</dst>
      <dst id="3">15.8933</dst>
      <dst id="10">1273.3689</dst>
      <dst id="22">17198.2844</dst>
      <dst id="7">197.0222</dst>
      <dst id="2">5524.3289</dst>
      <dst id="6">1.9467</dst>
      <dst id="16">1166.7022</dst>
      <dst id="14">52.8000</dst>
      <dst id="20">2598.1511</dst>
      <dst id="11">98.3111</dst>
      <dst id="9">508830.7644</dst>
      <dst id="17">503931.6889</dst>
      <dst id="21">419.9200</dst>
      <dst id="15">937.0133</dst>
    </src>
    <src id="17">
      <dst id="12">115843.4489</dst>
      <dst id="13">7495.8133</dst>
      <dst id="19">8971.6356</dst>
      <dst id="23">46.9778</dst>
      <dst id="8">144.3822</dst>
      <dst id="18">2047.1733</dst>
      <dst id="4">36416.0889</dst>
      <dst id="1">17082.5156</dst>
      <dst id="5">168601.7600</dst>
      <dst id="3">4258.1244</dst>
      <dst id="10">2789.7067</dst>
      <dst id="22">9311.3422</dst>
      <dst id="7">1847.8222</dst>
      <dst id="2">11312.8444</dst>
      <dst id="6">386.5867</dst>
      <dst id="16">12321.6622</dst>
      <dst id="14">20486.9956</dst>
      <dst id="20">2507.1822</dst>
      <dst id="11">15386.1067</dst>
      <dst id="9">3017.6267</dst>
      <dst id="17">28013.9733</dst>
      <dst id="21">18509.6978</dst>
      <dst id="15">451.8400</dst>
    </src>
    <src id="21">
      <dst id="12">6558.3022</dst>
      <dst id="13">798.3733</dst>
      <dst id="19">601.3867</dst>
      <dst id="23">4.1956</dst>
      <dst id="8">731.1467</dst>
      <dst id="18">1035.6978</dst>
      <dst id="4">9817.9556</dst>
      <dst id="1">994.8800</dst>
      <dst id="5">777.4756</dst>
      <dst id="3">9678.1156</dst>
      <dst id="10">1560.0533</dst>
      <dst id="22">7033.5467</dst>
      <dst id="7">6101.4756</dst>
      <dst id="2">16708.2933</dst>
      <dst id="6">1.5022</dst>
      <dst id="16">390.6133</dst>
      <dst id="14">92.5422</dst>
      <dst id="20">2782.2756</dst>
      <dst id="11">964.4267</dst>
      <dst id="9">1292.5067</dst>
      <dst id="17">42702.0000</dst>
      <dst id="21">2111.8222</dst>
      <dst id="15">537.3333</dst>
    </src>
    <src id="15">
      <dst id="12">853.9733</dst>
      <dst id="13">1187.6978</dst>
      <dst id="19">6036.6578</dst>
      <dst id="23">2.5600</dst>
      <dst id="8">20.1689</dst>
      <dst id="18">1000.7556</dst>
      <dst id="4">356.8444</dst>
      <dst id="1">27.0756</dst>
      <dst id="5">391.3867</dst>
      <dst id="3">0.3911</dst>
      <dst id="10">95.8667</dst>
      <dst id="7">68.8356</dst>
      <dst id="2">54.5956</dst>
      <dst id="6">11.3156</dst>
      <dst id="14">13.3333</dst>
      <dst id="11">13.3333</dst>
      <dst id="9">2078.3200</dst>
      <dst id="17">1042.1333</dst>
      <dst id="21">22.6933</dst>
    </src>
  </IntraTM>
</TrafficMatrixFile>
