<?xml version="1.0" encoding="UTF-8" standalone="yes"?>
<TrafficMatrixFile xmlns:xsi="http://www.w3.org/2001/XMLSchema-instance" xsi:noNamespaceSchemaLocation="http://totem.run.montefiore.ulg.ac.be/Schema/TrafficMatrix-v1_2.xsd">
  <info>
    <title>Intradomain traffic matrix generated by geant-TM-all.pl</title>
    <date>2005-03-30T15:15:00</date>
    <duration>900</duration>
    <author>Steve Uhlig</author>
    <units>
        <unit type="bandwidth" value="kbps"/>
    </units>
  </info>
  <IntraTM ASID="20965">
    <src id="12">
      <dst id="12">240194.4978</dst>
      <dst id="13">16462.8800</dst>
      <dst id="19">7653.0489</dst>
      <dst id="23">1225.6711</dst>
      <dst id="8">66.2311</dst>
      <dst id="18">38061.9911</dst>
      <dst id="4">5399.2178</dst>
      <dst id="1">24675.2800</dst>
      <dst id="5">589.2978</dst>
      <dst id="3">203.7422</dst>
      <dst id="10">1184.1867</dst>
      <dst id="22">1993.9467</dst>
      <dst id="7">782.2044</dst>
      <dst id="2">13118.0622</dst>
      <dst id="6">12559.8133</dst>
      <dst id="16">10017.0133</dst>
      <dst id="14">930.8622</dst>
      <dst id="20">1310.1156</dst>
      <dst id="11">110.6400</dst>
      <dst id="9">3096.3467</dst>
      <dst id="17">31424.6844</dst>
      <dst id="21">296.1600</dst>
      <dst id="15">494.9600</dst>
    </src>
    <src id="13">
      <dst id="12">5875.6711</dst>
      <dst id="13">579.0222</dst>
      <dst id="19">2135.9022</dst>
      <dst id="23">12.4711</dst>
      <dst id="8">31.8933</dst>
      <dst id="18">1342.0889</dst>
      <dst id="1">4840.4267</dst>
      <dst id="5">1505.9556</dst>
      <dst id="3">7.8578</dst>
      <dst id="10">1.6356</dst>
      <dst id="22">736.9244</dst>
      <dst id="7">1106.4800</dst>
      <dst id="2">1179.7067</dst>
      <dst id="6">228.4267</dst>
      <dst id="16">283.0133</dst>
      <dst id="14">49.6800</dst>
      <dst id="20">7397.9467</dst>
      <dst id="11">135.1911</dst>
      <dst id="9">1323.9822</dst>
      <dst id="17">4553.9378</dst>
      <dst id="21">240.1867</dst>
      <dst id="15">15.5111</dst>
    </src>
    <src id="19">
      <dst id="12">24920.7022</dst>
      <dst id="13">3558.0889</dst>
      <dst id="23">2.5511</dst>
      <dst id="18">0.9867</dst>
      <dst id="4">168.7733</dst>
      <dst id="1">189.2267</dst>
      <dst id="5">0.6133</dst>
      <dst id="3">2.8800</dst>
      <dst id="10">121.6000</dst>
      <dst id="22">21.1378</dst>
      <dst id="7">1009.2267</dst>
      <dst id="2">640.3911</dst>
      <dst id="6">3.4933</dst>
      <dst id="16">1794.6667</dst>
      <dst id="14">15.6356</dst>
      <dst id="20">15.2178</dst>
      <dst id="9">1.6356</dst>
      <dst id="17">823.5733</dst>
      <dst id="21">5.8667</dst>
    </src>
    <src id="23">
      <dst id="12">724.7556</dst>
      <dst id="13">564.7556</dst>
      <dst id="19">66.3111</dst>
      <dst id="18">13.0844</dst>
      <dst id="4">1346.7200</dst>
      <dst id="1">123.5022</dst>
      <dst id="5">79.1822</dst>
      <dst id="10">154.4889</dst>
      <dst id="22">1708.7822</dst>
      <dst id="7">209.5289</dst>
      <dst id="2">29.6089</dst>
      <dst id="6">0.5244</dst>
      <dst id="16">177.2000</dst>
      <dst id="14">25.9556</dst>
      <dst id="20">1.1022</dst>
      <dst id="11">13.7956</dst>
      <dst id="9">8.4622</dst>
      <dst id="17">576.2578</dst>
      <dst id="21">5.0933</dst>
    </src>
    <src id="8">
      <dst id="12">2678.2133</dst>
      <dst id="13">765.4489</dst>
      <dst id="23">0.4267</dst>
      <dst id="18">2.6667</dst>
      <dst id="4">462.9422</dst>
      <dst id="1">949.5556</dst>
      <dst id="5">203.6178</dst>
      <dst id="10">473.6622</dst>
      <dst id="22">7.2533</dst>
      <dst id="7">68.4089</dst>
      <dst id="2">4.3289</dst>
      <dst id="6">36.3200</dst>
      <dst id="16">153805.6622</dst>
      <dst id="11">0.3556</dst>
      <dst id="9">29264.2311</dst>
      <dst id="17">16955.8044</dst>
    </src>
    <src id="18">
      <dst id="12">86636.6489</dst>
      <dst id="13">350.5867</dst>
      <dst id="19">0.6311</dst>
      <dst id="23">0.4267</dst>
      <dst id="4">282.5689</dst>
      <dst id="1">934.8533</dst>
      <dst id="5">92.3467</dst>
      <dst id="3">1286.9689</dst>
      <dst id="10">48.3111</dst>
      <dst id="22">114.2844</dst>
      <dst id="7">24.4889</dst>
      <dst id="2">6469.3067</dst>
      <dst id="6">12.8000</dst>
      <dst id="16">316.9333</dst>
      <dst id="20">4.1422</dst>
      <dst id="11">21.0222</dst>
      <dst id="9">272.9067</dst>
      <dst id="17">4433.0844</dst>
      <dst id="21">120.3644</dst>
      <dst id="15">322.9422</dst>
    </src>
    <src id="4">
      <dst id="12">21329.0311</dst>
      <dst id="13">4.9422</dst>
      <dst id="19">2395.3689</dst>
      <dst id="23">117.3867</dst>
      <dst id="8">677.2089</dst>
      <dst id="18">508.9244</dst>
      <dst id="4">1374.8178</dst>
      <dst id="1">99576.1333</dst>
      <dst id="5">2609.2889</dst>
      <dst id="3">15.0489</dst>
      <dst id="22">200.4000</dst>
      <dst id="7">961.3600</dst>
      <dst id="2">36667.1378</dst>
      <dst id="6">15.0400</dst>
      <dst id="16">72919.6889</dst>
      <dst id="14">5570.9156</dst>
      <dst id="11">600.8978</dst>
      <dst id="9">14328.1689</dst>
      <dst id="17">42205.5289</dst>
      <dst id="21">5199.6089</dst>
      <dst id="15">1989.2889</dst>
    </src>
    <src id="1">
      <dst id="12">368926.9600</dst>
      <dst id="13">8379.3600</dst>
      <dst id="19">282.6578</dst>
      <dst id="23">32.1333</dst>
      <dst id="8">3.3600</dst>
      <dst id="18">13091.0311</dst>
      <dst id="4">297.6889</dst>
      <dst id="1">6190.8267</dst>
      <dst id="5">218.2578</dst>
      <dst id="3">184.3200</dst>
      <dst id="10">249.4933</dst>
      <dst id="22">1.8844</dst>
      <dst id="7">1950.2933</dst>
      <dst id="2">1204.8089</dst>
      <dst id="6">0.6489</dst>
      <dst id="16">757608.8533</dst>
      <dst id="14">75.2089</dst>
      <dst id="20">48.3822</dst>
      <dst id="11">69.1022</dst>
      <dst id="9">1178.0089</dst>
      <dst id="17">5233.0044</dst>
      <dst id="21">117735.3333</dst>
      <dst id="15">66.5067</dst>
    </src>
    <src id="5">
      <dst id="12">10219.6089</dst>
      <dst id="13">402.5333</dst>
      <dst id="23">3.7156</dst>
      <dst id="8">52.3733</dst>
      <dst id="18">81.7689</dst>
      <dst id="4">154.1867</dst>
      <dst id="1">2042.5867</dst>
      <dst id="10">103.6178</dst>
      <dst id="22">2.7733</dst>
      <dst id="7">7.2444</dst>
      <dst id="2">80.5422</dst>
      <dst id="6">0.9156</dst>
      <dst id="16">260081.4756</dst>
      <dst id="14">0.9244</dst>
      <dst id="11">12.1156</dst>
      <dst id="9">40723.3333</dst>
      <dst id="17">28430.2222</dst>
      <dst id="21">61.1556</dst>
      <dst id="15">30.1600</dst>
    </src>
    <src id="3">
      <dst id="12">1201.0400</dst>
      <dst id="13">24415.1378</dst>
      <dst id="19">1119.3156</dst>
      <dst id="23">4.0533</dst>
      <dst id="8">1.2800</dst>
      <dst id="18">38.5156</dst>
      <dst id="4">869.9911</dst>
      <dst id="1">14174.0800</dst>
      <dst id="5">87.4933</dst>
      <dst id="3">392.3289</dst>
      <dst id="10">1114.3200</dst>
      <dst id="22">0.9244</dst>
      <dst id="7">1064.8089</dst>
      <dst id="2">2780.8711</dst>
      <dst id="6">18.6311</dst>
      <dst id="16">8683.6978</dst>
      <dst id="14">134.7733</dst>
      <dst id="20">13.5378</dst>
      <dst id="11">252.3733</dst>
      <dst id="9">262.4089</dst>
      <dst id="17">24535.8933</dst>
      <dst id="21">384.5867</dst>
      <dst id="15">1.4578</dst>
    </src>
    <src id="10">
      <dst id="12">2425.4756</dst>
      <dst id="13">964.1778</dst>
      <dst id="19">2164.8356</dst>
      <dst id="23">1362.4000</dst>
      <dst id="8">318.8000</dst>
      <dst id="18">1857.3689</dst>
      <dst id="1">1996.0267</dst>
      <dst id="5">304.9244</dst>
      <dst id="3">667.4489</dst>
      <dst id="22">158.4000</dst>
      <dst id="7">4098.7378</dst>
      <dst id="2">10796.5689</dst>
      <dst id="6">52.6222</dst>
      <dst id="16">26643.6711</dst>
      <dst id="14">1973.0133</dst>
      <dst id="20">564.9333</dst>
      <dst id="11">149.6711</dst>
      <dst id="9">2373.1022</dst>
      <dst id="17">21820.0978</dst>
      <dst id="21">14381.5556</dst>
      <dst id="15">300.7644</dst>
    </src>
    <src id="22">
      <dst id="12">5326.0356</dst>
      <dst id="13">4654.2311</dst>
      <dst id="19">16.8978</dst>
      <dst id="23">10.7378</dst>
      <dst id="8">4.0978</dst>
      <dst id="18">40.4089</dst>
      <dst id="4">622.8533</dst>
      <dst id="1">146.3022</dst>
      <dst id="5">948.0711</dst>
      <dst id="3">15.7600</dst>
      <dst id="10">2939.7422</dst>
      <dst id="7">252.3556</dst>
      <dst id="2">196.6667</dst>
      <dst id="6">125.7156</dst>
      <dst id="16">514.3911</dst>
      <dst id="14">490.7556</dst>
      <dst id="11">60.9867</dst>
      <dst id="9">1560.8000</dst>
      <dst id="17">2432.9244</dst>
      <dst id="21">139.3333</dst>
    </src>
    <src id="7">
      <dst id="12">8763.1022</dst>
      <dst id="13">22701.6533</dst>
      <dst id="19">197.1822</dst>
      <dst id="23">10.3911</dst>
      <dst id="8">108.5778</dst>
      <dst id="18">58.4356</dst>
      <dst id="4">442.4267</dst>
      <dst id="1">951.3422</dst>
      <dst id="5">493.2356</dst>
      <dst id="3">138.7822</dst>
      <dst id="10">289.6800</dst>
      <dst id="22">1002.7022</dst>
      <dst id="7">18.6578</dst>
      <dst id="2">8436.8622</dst>
      <dst id="6">329.9200</dst>
      <dst id="16">288.8089</dst>
      <dst id="14">87.9467</dst>
      <dst id="20">289.0222</dst>
      <dst id="11">133.7689</dst>
      <dst id="9">565.3422</dst>
      <dst id="17">2472.2400</dst>
      <dst id="21">505.1911</dst>
      <dst id="15">58.1156</dst>
    </src>
    <src id="2">
      <dst id="12">61376.9244</dst>
      <dst id="13">17567.0667</dst>
      <dst id="19">391.6444</dst>
      <dst id="23">3.3067</dst>
      <dst id="8">22.5689</dst>
      <dst id="18">23351.2978</dst>
      <dst id="4">5252.8000</dst>
      <dst id="1">10325.2267</dst>
      <dst id="5">226.9778</dst>
      <dst id="3">58.8978</dst>
      <dst id="10">5588.9867</dst>
      <dst id="22">236.8356</dst>
      <dst id="7">4899.9467</dst>
      <dst id="2">2650.9600</dst>
      <dst id="6">7884.9333</dst>
      <dst id="16">384.6133</dst>
      <dst id="14">197.5200</dst>
      <dst id="20">11074.3822</dst>
      <dst id="11">357.9822</dst>
      <dst id="9">187.0756</dst>
      <dst id="17">11501.5378</dst>
      <dst id="21">658.1333</dst>
      <dst id="15">44.4800</dst>
    </src>
    <src id="6">
      <dst id="12">175.2178</dst>
      <dst id="13">10.5244</dst>
      <dst id="19">1.0667</dst>
      <dst id="8">0.3556</dst>
      <dst id="4">1.7778</dst>
      <dst id="1">25.9644</dst>
      <dst id="3">14.2400</dst>
      <dst id="10">2.7022</dst>
      <dst id="22">7.8933</dst>
      <dst id="7">17.8844</dst>
      <dst id="2">543.7156</dst>
      <dst id="16">4.6489</dst>
      <dst id="20">0.4089</dst>
      <dst id="9">68.4089</dst>
      <dst id="17">14629.1111</dst>
      <dst id="21">34.2578</dst>
      <dst id="15">23.2889</dst>
    </src>
    <src id="16">
      <dst id="12">80399.9378</dst>
      <dst id="13">2652.1333</dst>
      <dst id="19">3763.6533</dst>
      <dst id="23">13.5733</dst>
      <dst id="8">32370.3200</dst>
      <dst id="18">103.0489</dst>
      <dst id="4">849.1200</dst>
      <dst id="1">14997.2089</dst>
      <dst id="5">161670.3467</dst>
      <dst id="3">1930.9689</dst>
      <dst id="10">309.8489</dst>
      <dst id="7">44.0622</dst>
      <dst id="2">19.9289</dst>
      <dst id="6">63.3067</dst>
      <dst id="16">6056.7111</dst>
      <dst id="14">44086.2400</dst>
      <dst id="11">15110.9067</dst>
      <dst id="9">152174.1778</dst>
      <dst id="17">4273.2178</dst>
      <dst id="21">0.8622</dst>
    </src>
    <src id="14">
      <dst id="12">659.4222</dst>
      <dst id="13">325.0578</dst>
      <dst id="19">0.5867</dst>
      <dst id="23">0.5244</dst>
      <dst id="8">0.4267</dst>
      <dst id="18">4.3022</dst>
      <dst id="4">105.6711</dst>
      <dst id="1">459.8844</dst>
      <dst id="5">0.8178</dst>
      <dst id="3">2586.9156</dst>
      <dst id="10">63.4667</dst>
      <dst id="7">114.2222</dst>
      <dst id="2">1104.6222</dst>
      <dst id="16">1924.8089</dst>
      <dst id="20">2.2578</dst>
      <dst id="11">26.6667</dst>
      <dst id="9">286.1778</dst>
      <dst id="17">23438.2933</dst>
      <dst id="21">65.5200</dst>
      <dst id="15">1.5289</dst>
    </src>
    <src id="20">
      <dst id="12">213.3956</dst>
      <dst id="13">1161.5467</dst>
      <dst id="19">0.8089</dst>
      <dst id="23">0.9156</dst>
      <dst id="8">19.1911</dst>
      <dst id="18">1.1467</dst>
      <dst id="4">703.6800</dst>
      <dst id="1">53.1200</dst>
      <dst id="5">23.2889</dst>
      <dst id="3">0.8711</dst>
      <dst id="10">61.5111</dst>
      <dst id="22">21.9378</dst>
      <dst id="7">107.4311</dst>
      <dst id="2">212.2756</dst>
      <dst id="6">41.7600</dst>
      <dst id="16">8941.8667</dst>
      <dst id="11">25.9556</dst>
      <dst id="9">86.6400</dst>
      <dst id="17">1631.3333</dst>
      <dst id="21">27.1467</dst>
    </src>
    <src id="11">
      <dst id="12">14796.4889</dst>
      <dst id="13">3617.0222</dst>
      <dst id="19">102.3111</dst>
      <dst id="23">3.9556</dst>
      <dst id="8">30.2133</dst>
      <dst id="18">349.0222</dst>
      <dst id="4">890.4533</dst>
      <dst id="1">1795.3333</dst>
      <dst id="5">1164.4089</dst>
      <dst id="3">585.0400</dst>
      <dst id="10">641.2622</dst>
      <dst id="22">64.0533</dst>
      <dst id="7">263.4578</dst>
      <dst id="2">44164.8267</dst>
      <dst id="16">6102.6489</dst>
      <dst id="14">925.2089</dst>
      <dst id="20">48.5867</dst>
      <dst id="11">634.6400</dst>
      <dst id="9">3806.1689</dst>
      <dst id="17">481141.0489</dst>
      <dst id="21">364.7200</dst>
      <dst id="15">1613.3067</dst>
    </src>
    <src id="9">
      <dst id="12">22204.3111</dst>
      <dst id="13">1503.7511</dst>
      <dst id="19">0.8533</dst>
      <dst id="23">558.1422</dst>
      <dst id="8">29888.0000</dst>
      <dst id="18">1.4222</dst>
      <dst id="4">347.6711</dst>
      <dst id="1">2742.1867</dst>
      <dst id="5">424.7378</dst>
      <dst id="10">317.7511</dst>
      <dst id="22">0.6489</dst>
      <dst id="7">42.2933</dst>
      <dst id="2">70.3733</dst>
      <dst id="16">480094.3467</dst>
      <dst id="14">34.0000</dst>
      <dst id="11">91.9644</dst>
      <dst id="9">199146.3111</dst>
      <dst id="17">45968.0711</dst>
      <dst id="21">0.6933</dst>
      <dst id="15">1177.5644</dst>
    </src>
    <src id="17">
      <dst id="12">52290.6222</dst>
      <dst id="13">7565.0311</dst>
      <dst id="19">951.3156</dst>
      <dst id="23">7.9022</dst>
      <dst id="8">89.2444</dst>
      <dst id="18">177.1022</dst>
      <dst id="4">7727.1200</dst>
      <dst id="1">728.4000</dst>
      <dst id="5">78193.0844</dst>
      <dst id="3">1916.8889</dst>
      <dst id="10">4444.7111</dst>
      <dst id="22">81.7600</dst>
      <dst id="7">8772.9244</dst>
      <dst id="2">73998.9156</dst>
      <dst id="6">98.9689</dst>
      <dst id="16">39878.6667</dst>
      <dst id="14">20743.6444</dst>
      <dst id="20">26584.3111</dst>
      <dst id="11">8145.6089</dst>
      <dst id="9">1923.5911</dst>
      <dst id="17">6583.4667</dst>
      <dst id="21">2760.5244</dst>
      <dst id="15">66.2489</dst>
    </src>
    <src id="21">
      <dst id="12">382.3289</dst>
      <dst id="13">5605.8844</dst>
      <dst id="19">37.4311</dst>
      <dst id="23">10.1244</dst>
      <dst id="8">2.5689</dst>
      <dst id="18">340.8444</dst>
      <dst id="4">550.7289</dst>
      <dst id="1">4073.8667</dst>
      <dst id="5">156.9956</dst>
      <dst id="3">706.0178</dst>
      <dst id="10">323.5911</dst>
      <dst id="22">63.2089</dst>
      <dst id="7">592.0533</dst>
      <dst id="2">5377.1644</dst>
      <dst id="6">2.2133</dst>
      <dst id="16">2854.9511</dst>
      <dst id="14">219.5911</dst>
      <dst id="20">167.2978</dst>
      <dst id="11">1011.8844</dst>
      <dst id="9">719.2533</dst>
      <dst id="17">30683.4933</dst>
      <dst id="21">113.7422</dst>
      <dst id="15">33.4489</dst>
    </src>
    <src id="15">
      <dst id="12">101.5200</dst>
      <dst id="13">37.8756</dst>
      <dst id="19">1.3067</dst>
      <dst id="18">62.5067</dst>
      <dst id="4">306.7556</dst>
      <dst id="1">329.3333</dst>
      <dst id="5">23.5111</dst>
      <dst id="10">4.5156</dst>
      <dst id="7">16.0356</dst>
      <dst id="2">1.6444</dst>
      <dst id="6">0.8178</dst>
      <dst id="16">832.2489</dst>
      <dst id="14">0.5333</dst>
      <dst id="9">4339.5289</dst>
      <dst id="17">185.5556</dst>
    </src>
  </IntraTM>
</TrafficMatrixFile>
