<?xml version="1.0" encoding="UTF-8" standalone="yes"?>
<TrafficMatrixFile xmlns:xsi="http://www.w3.org/2001/XMLSchema-instance" xsi:noNamespaceSchemaLocation="http://totem.run.montefiore.ulg.ac.be/Schema/TrafficMatrix-v1_2.xsd">
  <info>
    <title>Intradomain traffic matrix generated by geant-TM-all.pl</title>
    <date>2005-04-09T13:00:00</date>
    <duration>900</duration>
    <author>Steve Uhlig</author>
    <units>
        <unit type="bandwidth" value="kbps"/>
    </units>
  </info>
  <IntraTM ASID="20965">
    <src id="12">
      <dst id="12">299138.1333</dst>
      <dst id="13">16879.7778</dst>
      <dst id="19">4513.3244</dst>
      <dst id="23">1127.4578</dst>
      <dst id="8">313.2444</dst>
      <dst id="18">47742.6667</dst>
      <dst id="4">5799.8133</dst>
      <dst id="1">34074.5511</dst>
      <dst id="5">1257.5644</dst>
      <dst id="3">178.8444</dst>
      <dst id="10">4175.5822</dst>
      <dst id="22">6107.9911</dst>
      <dst id="7">5576.5244</dst>
      <dst id="2">16715.3333</dst>
      <dst id="16">3854.2400</dst>
      <dst id="14">196.5156</dst>
      <dst id="20">3228.8444</dst>
      <dst id="11">139.2889</dst>
      <dst id="9">1914.6133</dst>
      <dst id="17">34048.8267</dst>
      <dst id="21">564.0089</dst>
      <dst id="15">95.3778</dst>
    </src>
    <src id="13">
      <dst id="12">6034.0267</dst>
      <dst id="13">4308.8800</dst>
      <dst id="19">2639.6889</dst>
      <dst id="23">133.4578</dst>
      <dst id="8">233.1289</dst>
      <dst id="18">1090.2400</dst>
      <dst id="1">35668.6578</dst>
      <dst id="5">2075.6622</dst>
      <dst id="3">27.6089</dst>
      <dst id="10">0.3556</dst>
      <dst id="22">1862.4000</dst>
      <dst id="7">122.6489</dst>
      <dst id="2">13576.6133</dst>
      <dst id="16">273.0578</dst>
      <dst id="14">167.8844</dst>
      <dst id="20">1724.0178</dst>
      <dst id="11">562.5422</dst>
      <dst id="9">919.6000</dst>
      <dst id="17">8400.1689</dst>
      <dst id="21">323.0578</dst>
      <dst id="15">878.2844</dst>
    </src>
    <src id="19">
      <dst id="12">30305.0578</dst>
      <dst id="13">2329.2444</dst>
      <dst id="23">3.2356</dst>
      <dst id="8">1.3511</dst>
      <dst id="18">0.9956</dst>
      <dst id="4">710.4800</dst>
      <dst id="1">20992.2667</dst>
      <dst id="3">0.4622</dst>
      <dst id="10">13.4844</dst>
      <dst id="22">2333.4133</dst>
      <dst id="7">387.5911</dst>
      <dst id="2">2431.2889</dst>
      <dst id="16">62.4800</dst>
      <dst id="14">10.4978</dst>
      <dst id="11">4.2044</dst>
      <dst id="9">170.5067</dst>
      <dst id="17">555.5733</dst>
      <dst id="21">871.5822</dst>
      <dst id="15">1.0844</dst>
    </src>
    <src id="23">
      <dst id="12">3094.7733</dst>
      <dst id="13">339.6533</dst>
      <dst id="19">240.6933</dst>
      <dst id="18">13.3956</dst>
      <dst id="4">919.5733</dst>
      <dst id="1">259.3600</dst>
      <dst id="10">259.7600</dst>
      <dst id="22">197.9378</dst>
      <dst id="7">103.8844</dst>
      <dst id="2">739.4400</dst>
      <dst id="14">9.6889</dst>
      <dst id="20">0.4622</dst>
      <dst id="11">23.6089</dst>
      <dst id="9">2.2756</dst>
      <dst id="17">1707.0933</dst>
      <dst id="21">691.0044</dst>
      <dst id="15">1.4311</dst>
    </src>
    <src id="8">
      <dst id="12">9871.6267</dst>
      <dst id="13">228.6222</dst>
      <dst id="19">12.9156</dst>
      <dst id="4">99.9289</dst>
      <dst id="1">1815.3244</dst>
      <dst id="5">26.9244</dst>
      <dst id="3">541.7333</dst>
      <dst id="10">113.6800</dst>
      <dst id="22">33.9378</dst>
      <dst id="2">14.9333</dst>
      <dst id="16">191587.7156</dst>
      <dst id="9">48526.2044</dst>
      <dst id="17">18661.8933</dst>
      <dst id="21">448.3556</dst>
      <dst id="15">31.0400</dst>
    </src>
    <src id="18">
      <dst id="12">129935.5467</dst>
      <dst id="13">257.1822</dst>
      <dst id="19">1.5378</dst>
      <dst id="23">0.3556</dst>
      <dst id="8">0.4356</dst>
      <dst id="4">141.0844</dst>
      <dst id="1">1006.8978</dst>
      <dst id="5">376.3111</dst>
      <dst id="3">1164.4356</dst>
      <dst id="10">23.5556</dst>
      <dst id="22">75.1911</dst>
      <dst id="7">83.2622</dst>
      <dst id="2">9956.8444</dst>
      <dst id="16">180.5333</dst>
      <dst id="20">1424.6311</dst>
      <dst id="11">13.8311</dst>
      <dst id="9">147.1911</dst>
      <dst id="17">4172.5244</dst>
      <dst id="21">129.1644</dst>
      <dst id="15">27.2000</dst>
    </src>
    <src id="4">
      <dst id="12">20493.9200</dst>
      <dst id="13">148.0444</dst>
      <dst id="19">2329.8044</dst>
      <dst id="23">272.8800</dst>
      <dst id="8">942.5689</dst>
      <dst id="18">1456.3822</dst>
      <dst id="4">557.5733</dst>
      <dst id="1">81942.4622</dst>
      <dst id="5">4114.5867</dst>
      <dst id="3">1.2800</dst>
      <dst id="22">1536.4978</dst>
      <dst id="7">55.9467</dst>
      <dst id="2">263242.8889</dst>
      <dst id="16">117289.1022</dst>
      <dst id="14">2364.8533</dst>
      <dst id="11">134.5067</dst>
      <dst id="9">25288.6578</dst>
      <dst id="17">112912.0978</dst>
      <dst id="21">6642.5867</dst>
      <dst id="15">1121.5289</dst>
    </src>
    <src id="1">
      <dst id="12">462799.4222</dst>
      <dst id="13">27634.5422</dst>
      <dst id="19">4809.3067</dst>
      <dst id="23">287.5467</dst>
      <dst id="8">494.3467</dst>
      <dst id="18">14061.0044</dst>
      <dst id="4">876.1067</dst>
      <dst id="1">1122065.4933</dst>
      <dst id="5">109.9111</dst>
      <dst id="3">31.7689</dst>
      <dst id="10">462.4356</dst>
      <dst id="22">26.6667</dst>
      <dst id="7">16909.1644</dst>
      <dst id="2">9620.2578</dst>
      <dst id="16">446229.5467</dst>
      <dst id="14">174.2756</dst>
      <dst id="20">167.2800</dst>
      <dst id="11">96.0711</dst>
      <dst id="9">8013.1822</dst>
      <dst id="17">19795.3689</dst>
      <dst id="21">4913.1467</dst>
      <dst id="15">116.3822</dst>
    </src>
    <src id="5">
      <dst id="12">16340.4444</dst>
      <dst id="13">7059.1289</dst>
      <dst id="23">0.8178</dst>
      <dst id="8">293.2356</dst>
      <dst id="18">328.3822</dst>
      <dst id="4">172.1511</dst>
      <dst id="1">2005.3600</dst>
      <dst id="3">319.6978</dst>
      <dst id="10">43.1111</dst>
      <dst id="22">7.0311</dst>
      <dst id="2">433.9556</dst>
      <dst id="16">255171.3956</dst>
      <dst id="14">17.0133</dst>
      <dst id="11">2.6222</dst>
      <dst id="9">40247.3511</dst>
      <dst id="17">21873.5378</dst>
      <dst id="21">165.0133</dst>
      <dst id="15">40.4356</dst>
    </src>
    <src id="3">
      <dst id="12">858.7911</dst>
      <dst id="13">16481.4400</dst>
      <dst id="19">753.3867</dst>
      <dst id="23">8.9511</dst>
      <dst id="8">269.8222</dst>
      <dst id="18">4144.3733</dst>
      <dst id="4">446.5600</dst>
      <dst id="1">23983.9733</dst>
      <dst id="5">36.5511</dst>
      <dst id="3">93.5733</dst>
      <dst id="10">173.0578</dst>
      <dst id="22">33.9467</dst>
      <dst id="7">341.2000</dst>
      <dst id="2">3421.2711</dst>
      <dst id="16">6330.4533</dst>
      <dst id="14">137.7067</dst>
      <dst id="20">183.5022</dst>
      <dst id="11">1180.4711</dst>
      <dst id="9">313.7956</dst>
      <dst id="17">20026.4444</dst>
      <dst id="21">10189.3333</dst>
      <dst id="15">3.7778</dst>
    </src>
    <src id="10">
      <dst id="12">7369.6267</dst>
      <dst id="13">5.4756</dst>
      <dst id="19">3514.2756</dst>
      <dst id="23">727.0933</dst>
      <dst id="8">194.1600</dst>
      <dst id="18">1717.5733</dst>
      <dst id="1">6222.4711</dst>
      <dst id="5">380.2844</dst>
      <dst id="3">120.7911</dst>
      <dst id="22">59.4133</dst>
      <dst id="2">8500.7911</dst>
      <dst id="16">18015.8933</dst>
      <dst id="14">192.6222</dst>
      <dst id="20">4644.4000</dst>
      <dst id="11">25.2444</dst>
      <dst id="9">2629.3511</dst>
      <dst id="17">28521.5733</dst>
      <dst id="21">2283.0756</dst>
      <dst id="15">18.2400</dst>
    </src>
    <src id="22">
      <dst id="12">10315.9022</dst>
      <dst id="13">9840.1689</dst>
      <dst id="19">886.0622</dst>
      <dst id="23">11.0222</dst>
      <dst id="8">3.9111</dst>
      <dst id="18">5.7422</dst>
      <dst id="4">832.2578</dst>
      <dst id="1">183.0756</dst>
      <dst id="5">2215.2000</dst>
      <dst id="3">51.9378</dst>
      <dst id="10">585.3778</dst>
      <dst id="7">102.8356</dst>
      <dst id="2">1511.5111</dst>
      <dst id="16">48.5600</dst>
      <dst id="14">88.2044</dst>
      <dst id="11">30.9511</dst>
      <dst id="9">753.7689</dst>
      <dst id="17">1700.9778</dst>
      <dst id="21">454.0711</dst>
    </src>
    <src id="7">
      <dst id="12">12071.2444</dst>
      <dst id="13">2535.9289</dst>
      <dst id="19">452.6133</dst>
      <dst id="23">21.5733</dst>
      <dst id="8">1.0311</dst>
      <dst id="18">18.0000</dst>
      <dst id="4">1978.5778</dst>
      <dst id="1">537.5644</dst>
      <dst id="5">14.0444</dst>
      <dst id="3">30.9333</dst>
      <dst id="10">2692.0089</dst>
      <dst id="22">170.0533</dst>
      <dst id="7">48.7556</dst>
      <dst id="2">694.9689</dst>
      <dst id="16">158.2222</dst>
      <dst id="14">13.5822</dst>
      <dst id="20">135.0756</dst>
      <dst id="11">511.1289</dst>
      <dst id="9">60.2578</dst>
      <dst id="17">574.3911</dst>
      <dst id="21">687.8489</dst>
      <dst id="15">1.3511</dst>
    </src>
    <src id="2">
      <dst id="12">94832.2667</dst>
      <dst id="13">18617.7689</dst>
      <dst id="19">2084.2933</dst>
      <dst id="23">20.1956</dst>
      <dst id="8">9.8044</dst>
      <dst id="18">34674.7644</dst>
      <dst id="4">3415.9378</dst>
      <dst id="1">40230.1778</dst>
      <dst id="5">478.1600</dst>
      <dst id="3">58.7022</dst>
      <dst id="10">3670.4000</dst>
      <dst id="22">1201.3156</dst>
      <dst id="7">7090.1867</dst>
      <dst id="2">4180.5511</dst>
      <dst id="16">174.4178</dst>
      <dst id="14">377.2178</dst>
      <dst id="20">183.4756</dst>
      <dst id="11">804.3111</dst>
      <dst id="9">243.5911</dst>
      <dst id="17">18308.2756</dst>
      <dst id="21">912.0533</dst>
      <dst id="15">8.6222</dst>
    </src>
    <src id="6">
      <dst id="12">160.3733</dst>
      <dst id="13">58.0178</dst>
      <dst id="4">128.4622</dst>
      <dst id="1">235.9556</dst>
      <dst id="5">6.1511</dst>
      <dst id="3">68.9422</dst>
      <dst id="22">11.9289</dst>
      <dst id="2">685.4400</dst>
      <dst id="16">10.7022</dst>
      <dst id="9">70.5244</dst>
      <dst id="17">13449.5822</dst>
      <dst id="21">1.4844</dst>
      <dst id="15">12.6222</dst>
    </src>
    <src id="16">
      <dst id="12">78602.3822</dst>
      <dst id="13">724.9867</dst>
      <dst id="19">2346.8622</dst>
      <dst id="23">2.2756</dst>
      <dst id="8">41108.1333</dst>
      <dst id="18">208.7289</dst>
      <dst id="4">1614.4000</dst>
      <dst id="1">9754.4089</dst>
      <dst id="5">144490.1956</dst>
      <dst id="3">4186.2222</dst>
      <dst id="10">680.7378</dst>
      <dst id="22">13.3333</dst>
      <dst id="2">49.3778</dst>
      <dst id="16">9243.4133</dst>
      <dst id="14">21169.2978</dst>
      <dst id="11">9411.5289</dst>
      <dst id="9">148621.0400</dst>
      <dst id="17">1370.2133</dst>
      <dst id="21">16.1067</dst>
    </src>
    <src id="14">
      <dst id="12">222.1600</dst>
      <dst id="13">249.0133</dst>
      <dst id="19">30.9511</dst>
      <dst id="18">13.1200</dst>
      <dst id="4">159.2889</dst>
      <dst id="1">451.3156</dst>
      <dst id="5">28.0533</dst>
      <dst id="3">492.8622</dst>
      <dst id="10">151.3333</dst>
      <dst id="22">15.3244</dst>
      <dst id="7">33.0756</dst>
      <dst id="2">2281.4756</dst>
      <dst id="16">2734.7911</dst>
      <dst id="11">13.6178</dst>
      <dst id="9">23.7956</dst>
      <dst id="17">21342.6044</dst>
      <dst id="21">177.1111</dst>
    </src>
    <src id="20">
      <dst id="12">14022.0356</dst>
      <dst id="13">3977.2889</dst>
      <dst id="19">1.3689</dst>
      <dst id="23">1.6178</dst>
      <dst id="8">29.2622</dst>
      <dst id="18">53.3689</dst>
      <dst id="4">1016.2933</dst>
      <dst id="1">48.9600</dst>
      <dst id="5">50.6489</dst>
      <dst id="3">1.4578</dst>
      <dst id="10">1035.4756</dst>
      <dst id="7">27.9111</dst>
      <dst id="2">43.0844</dst>
      <dst id="16">5077.2889</dst>
      <dst id="14">5.1644</dst>
      <dst id="20">59.7689</dst>
      <dst id="11">3.8133</dst>
      <dst id="9">1822.5778</dst>
      <dst id="17">15172.4000</dst>
      <dst id="21">54.4000</dst>
    </src>
    <src id="11">
      <dst id="12">19856.5600</dst>
      <dst id="13">2775.2533</dst>
      <dst id="19">32.6222</dst>
      <dst id="23">4.3733</dst>
      <dst id="8">200.4178</dst>
      <dst id="18">102.8889</dst>
      <dst id="4">1273.8133</dst>
      <dst id="1">5599.0222</dst>
      <dst id="5">449.6000</dst>
      <dst id="3">753.3778</dst>
      <dst id="10">657.6356</dst>
      <dst id="22">270.7467</dst>
      <dst id="2">38896.4178</dst>
      <dst id="16">9901.3956</dst>
      <dst id="14">68.6489</dst>
      <dst id="20">823.0400</dst>
      <dst id="11">1104.8356</dst>
      <dst id="9">4574.2044</dst>
      <dst id="17">449079.1467</dst>
      <dst id="21">425.1733</dst>
      <dst id="15">17.8933</dst>
    </src>
    <src id="9">
      <dst id="12">14937.7511</dst>
      <dst id="13">2926.1956</dst>
      <dst id="19">145.4933</dst>
      <dst id="23">30.9333</dst>
      <dst id="8">28654.9067</dst>
      <dst id="18">70.7556</dst>
      <dst id="4">374.9333</dst>
      <dst id="1">6688.1511</dst>
      <dst id="5">1047.0667</dst>
      <dst id="3">974.3022</dst>
      <dst id="10">261.5289</dst>
      <dst id="22">20.6222</dst>
      <dst id="2">137.5822</dst>
      <dst id="16">434021.6444</dst>
      <dst id="14">15.3778</dst>
      <dst id="11">49.8667</dst>
      <dst id="9">211382.6844</dst>
      <dst id="17">44270.5244</dst>
      <dst id="21">116.1778</dst>
      <dst id="15">19.9111</dst>
    </src>
    <src id="17">
      <dst id="12">85276.6844</dst>
      <dst id="13">25050.4711</dst>
      <dst id="19">350.3022</dst>
      <dst id="23">33.2978</dst>
      <dst id="8">48.4978</dst>
      <dst id="18">3670.6044</dst>
      <dst id="4">5793.3689</dst>
      <dst id="1">1475.9289</dst>
      <dst id="5">86076.9689</dst>
      <dst id="3">2012.6756</dst>
      <dst id="10">2561.2889</dst>
      <dst id="22">174.0711</dst>
      <dst id="7">924.0711</dst>
      <dst id="2">1266.2489</dst>
      <dst id="16">49373.7956</dst>
      <dst id="14">8658.5867</dst>
      <dst id="20">5175.0133</dst>
      <dst id="11">8372.8000</dst>
      <dst id="9">3993.6800</dst>
      <dst id="17">26756.9422</dst>
      <dst id="21">10595.3956</dst>
      <dst id="15">52.1156</dst>
    </src>
    <src id="21">
      <dst id="12">2460.4444</dst>
      <dst id="13">2248.3733</dst>
      <dst id="19">187.0578</dst>
      <dst id="23">5.2533</dst>
      <dst id="8">107.6267</dst>
      <dst id="18">1472.4889</dst>
      <dst id="4">850.7200</dst>
      <dst id="1">11624.1778</dst>
      <dst id="5">544.6578</dst>
      <dst id="3">1286.0444</dst>
      <dst id="10">267.2444</dst>
      <dst id="22">92.5333</dst>
      <dst id="7">955.6178</dst>
      <dst id="2">1852.2667</dst>
      <dst id="16">5911.7956</dst>
      <dst id="14">239.4133</dst>
      <dst id="20">494.6222</dst>
      <dst id="11">62.6311</dst>
      <dst id="9">536.5956</dst>
      <dst id="17">10384.4178</dst>
      <dst id="21">1639.3867</dst>
      <dst id="15">121.2000</dst>
    </src>
    <src id="15">
      <dst id="12">48.4267</dst>
      <dst id="13">142.0711</dst>
      <dst id="19">64.2044</dst>
      <dst id="8">1613.3333</dst>
      <dst id="18">3.5200</dst>
      <dst id="4">207.9556</dst>
      <dst id="1">168.0444</dst>
      <dst id="5">57.2800</dst>
      <dst id="10">25.9556</dst>
      <dst id="2">83.0044</dst>
      <dst id="16">353.0133</dst>
      <dst id="14">13.3333</dst>
      <dst id="11">28.4089</dst>
      <dst id="9">176.1511</dst>
      <dst id="17">298.2044</dst>
    </src>
  </IntraTM>
</TrafficMatrixFile>
