<?xml version="1.0" encoding="UTF-8" standalone="yes"?>
<TrafficMatrixFile xmlns:xsi="http://www.w3.org/2001/XMLSchema-instance" xsi:noNamespaceSchemaLocation="http://totem.run.montefiore.ulg.ac.be/Schema/TrafficMatrix-v1_2.xsd">
  <info>
    <title>Intradomain traffic matrix generated by geant-TM-all.pl</title>
    <date>2005-01-10T20:15:00</date>
    <duration>900</duration>
    <author>Steve Uhlig</author>
    <units>
        <unit type="bandwidth" value="kbps"/>
    </units>
  </info>
  <IntraTM ASID="20965">
    <src id="12">
      <dst id="12">275912.4533</dst>
      <dst id="13">19458.3111</dst>
      <dst id="19">4876.4889</dst>
      <dst id="23">1297.8133</dst>
      <dst id="8">1184.0000</dst>
      <dst id="18">4646.0267</dst>
      <dst id="4">59183.6178</dst>
      <dst id="1">10449.6089</dst>
      <dst id="5">4374.9422</dst>
      <dst id="3">6683.3156</dst>
      <dst id="22">8341.5733</dst>
      <dst id="7">2371.5911</dst>
      <dst id="2">70338.0089</dst>
      <dst id="6">3.7600</dst>
      <dst id="16">4365.1467</dst>
      <dst id="14">1180.4533</dst>
      <dst id="20">14538.7022</dst>
      <dst id="11">4896.1244</dst>
      <dst id="9">22112.3822</dst>
      <dst id="17">92039.2711</dst>
      <dst id="21">6639.8044</dst>
      <dst id="15">2240.4889</dst>
    </src>
    <src id="13">
      <dst id="12">59908.9867</dst>
      <dst id="19">5690.7467</dst>
      <dst id="23">108.6756</dst>
      <dst id="8">5455.1022</dst>
      <dst id="18">5735.6622</dst>
      <dst id="1">6511.3067</dst>
      <dst id="5">9989.5467</dst>
      <dst id="3">9622.6578</dst>
      <dst id="22">19403.2356</dst>
      <dst id="7">12216.0711</dst>
      <dst id="2">68513.6267</dst>
      <dst id="6">89.8578</dst>
      <dst id="16">7053.0578</dst>
      <dst id="14">2015.9822</dst>
      <dst id="20">4611.5111</dst>
      <dst id="11">14657.7511</dst>
      <dst id="9">16252.5422</dst>
      <dst id="17">51373.8400</dst>
      <dst id="21">21920.4800</dst>
      <dst id="15">1896.0978</dst>
    </src>
    <src id="19">
      <dst id="12">16530.6222</dst>
      <dst id="13">3423.4222</dst>
      <dst id="23">1.3511</dst>
      <dst id="8">88.0000</dst>
      <dst id="18">92.0178</dst>
      <dst id="4">48412.2044</dst>
      <dst id="1">2468.1689</dst>
      <dst id="5">140.6400</dst>
      <dst id="3">190.3733</dst>
      <dst id="22">2565.1200</dst>
      <dst id="7">5266.4978</dst>
      <dst id="2">197.7422</dst>
      <dst id="6">102.4533</dst>
      <dst id="16">4588.6578</dst>
      <dst id="14">13.6267</dst>
      <dst id="20">4.3200</dst>
      <dst id="11">39.6533</dst>
      <dst id="9">74.3644</dst>
      <dst id="17">2572.9333</dst>
      <dst id="21">737.0578</dst>
    </src>
    <src id="23">
      <dst id="12">202.8800</dst>
      <dst id="13">50.2667</dst>
      <dst id="19">48.4267</dst>
      <dst id="8">21.3511</dst>
      <dst id="4">28.6933</dst>
      <dst id="1">13.0667</dst>
      <dst id="5">2.5867</dst>
      <dst id="3">456.6578</dst>
      <dst id="22">898.0267</dst>
      <dst id="7">3.2089</dst>
      <dst id="2">30.0711</dst>
      <dst id="16">2537.7333</dst>
      <dst id="11">6.2044</dst>
      <dst id="9">3516.1422</dst>
      <dst id="17">606.7911</dst>
      <dst id="21">564.3378</dst>
    </src>
    <src id="8">
      <dst id="12">276346.6667</dst>
      <dst id="13">550.0356</dst>
      <dst id="19">155.9911</dst>
      <dst id="23">25.9556</dst>
      <dst id="18">19.7867</dst>
      <dst id="4">4244.5244</dst>
      <dst id="1">205.4667</dst>
      <dst id="5">1075.9111</dst>
      <dst id="3">201.2533</dst>
      <dst id="22">401.1111</dst>
      <dst id="7">170.5333</dst>
      <dst id="2">267.8133</dst>
      <dst id="6">33.9200</dst>
      <dst id="16">280.6400</dst>
      <dst id="20">32.1333</dst>
      <dst id="11">46.1956</dst>
      <dst id="9">122593.0756</dst>
      <dst id="17">116077.7244</dst>
      <dst id="21">16.2933</dst>
      <dst id="15">250.2756</dst>
    </src>
    <src id="18">
      <dst id="12">119074.0444</dst>
      <dst id="13">419.9200</dst>
      <dst id="19">6.7911</dst>
      <dst id="8">40.8889</dst>
      <dst id="4">2392.8800</dst>
      <dst id="1">924.3111</dst>
      <dst id="5">173.2444</dst>
      <dst id="3">152.3911</dst>
      <dst id="22">263.8133</dst>
      <dst id="7">43.4133</dst>
      <dst id="2">40682.9511</dst>
      <dst id="16">16.1422</dst>
      <dst id="14">10.7911</dst>
      <dst id="20">4.1156</dst>
      <dst id="11">119.6267</dst>
      <dst id="9">211.5200</dst>
      <dst id="17">55925.7422</dst>
      <dst id="21">114.2133</dst>
      <dst id="15">1.7778</dst>
    </src>
    <src id="4">
      <dst id="12">10154.9067</dst>
      <dst id="19">45043.4133</dst>
      <dst id="23">18.0356</dst>
      <dst id="8">3458.4533</dst>
      <dst id="18">1083.9556</dst>
      <dst id="4">1.1911</dst>
      <dst id="1">11317.2622</dst>
      <dst id="5">1553.2800</dst>
      <dst id="3">872.8533</dst>
      <dst id="22">2574.7022</dst>
      <dst id="7">58403.1200</dst>
      <dst id="2">25115.1111</dst>
      <dst id="6">0.7022</dst>
      <dst id="16">1665.5556</dst>
      <dst id="14">13405.1556</dst>
      <dst id="20">736.6578</dst>
      <dst id="11">1057.0667</dst>
      <dst id="9">2413.9111</dst>
      <dst id="17">11970.2756</dst>
      <dst id="21">7078.8178</dst>
      <dst id="15">1182.4800</dst>
    </src>
    <src id="1">
      <dst id="12">22580.2222</dst>
      <dst id="13">368.5778</dst>
      <dst id="19">62.6222</dst>
      <dst id="23">36.6222</dst>
      <dst id="8">109422.8000</dst>
      <dst id="18">12615.2089</dst>
      <dst id="4">38686.7200</dst>
      <dst id="1">33680.2133</dst>
      <dst id="5">212431.6089</dst>
      <dst id="3">381.3867</dst>
      <dst id="22">685.3333</dst>
      <dst id="7">3138.1956</dst>
      <dst id="2">4002.5333</dst>
      <dst id="6">15514.0444</dst>
      <dst id="16">7249.3600</dst>
      <dst id="14">29.2622</dst>
      <dst id="20">295.7511</dst>
      <dst id="11">626.3556</dst>
      <dst id="9">229793.9556</dst>
      <dst id="17">10197.3689</dst>
      <dst id="21">4013.9556</dst>
      <dst id="15">117.7778</dst>
    </src>
    <src id="5">
      <dst id="12">282593.2444</dst>
      <dst id="13">5445.8222</dst>
      <dst id="19">177.6622</dst>
      <dst id="23">35.2356</dst>
      <dst id="8">1098.9333</dst>
      <dst id="18">481.7778</dst>
      <dst id="4">5638.3556</dst>
      <dst id="1">1596.3556</dst>
      <dst id="3">14.8444</dst>
      <dst id="22">2545.0489</dst>
      <dst id="7">161.4044</dst>
      <dst id="2">1539.1467</dst>
      <dst id="6">0.3556</dst>
      <dst id="16">1274.6400</dst>
      <dst id="14">22.3200</dst>
      <dst id="20">1739.8489</dst>
      <dst id="11">167.3067</dst>
      <dst id="9">150836.5511</dst>
      <dst id="17">122309.8400</dst>
      <dst id="21">2018.5333</dst>
      <dst id="15">1312.6489</dst>
    </src>
    <src id="3">
      <dst id="12">34476.2400</dst>
      <dst id="13">381.5822</dst>
      <dst id="19">1215.3689</dst>
      <dst id="23">127.5111</dst>
      <dst id="8">89.6533</dst>
      <dst id="18">69430.1600</dst>
      <dst id="4">7381.8400</dst>
      <dst id="1">4170.0800</dst>
      <dst id="5">211.0756</dst>
      <dst id="3">20168.6044</dst>
      <dst id="22">644.3733</dst>
      <dst id="7">546.0444</dst>
      <dst id="2">13300.5867</dst>
      <dst id="6">2.8444</dst>
      <dst id="16">1687.0489</dst>
      <dst id="14">24227.1644</dst>
      <dst id="20">635.3244</dst>
      <dst id="11">144831.4844</dst>
      <dst id="9">1027.9289</dst>
      <dst id="17">16346.8267</dst>
      <dst id="21">15755.6356</dst>
      <dst id="15">4.2400</dst>
    </src>
    <src id="10">
      <dst id="12">17291.6444</dst>
      <dst id="19">420.0711</dst>
      <dst id="8">1391.4756</dst>
      <dst id="18">5357.1822</dst>
      <dst id="1">399.9022</dst>
      <dst id="5">1166.1067</dst>
      <dst id="3">2458.4444</dst>
      <dst id="22">6655.9378</dst>
      <dst id="7">13304.4000</dst>
      <dst id="2">28863.6000</dst>
      <dst id="6">2.9778</dst>
      <dst id="16">565.7511</dst>
      <dst id="14">871.4844</dst>
      <dst id="20">1082.3289</dst>
      <dst id="11">3275.5911</dst>
      <dst id="9">1761.8044</dst>
      <dst id="17">21533.1022</dst>
      <dst id="21">4587.6267</dst>
      <dst id="15">293.5822</dst>
    </src>
    <src id="22">
      <dst id="12">20975.2800</dst>
      <dst id="13">3892.1422</dst>
      <dst id="19">149.5022</dst>
      <dst id="23">39.1467</dst>
      <dst id="8">1787.2978</dst>
      <dst id="18">3680.4533</dst>
      <dst id="4">9903.1111</dst>
      <dst id="1">54.7289</dst>
      <dst id="5">4460.6756</dst>
      <dst id="3">1081.9111</dst>
      <dst id="7">5139.4133</dst>
      <dst id="2">2704.3644</dst>
      <dst id="16">6.2933</dst>
      <dst id="14">60.5067</dst>
      <dst id="11">1625.3333</dst>
      <dst id="9">2222.6756</dst>
      <dst id="17">8380.5422</dst>
      <dst id="21">2538.5422</dst>
    </src>
    <src id="7">
      <dst id="12">3974.6400</dst>
      <dst id="13">400.8978</dst>
      <dst id="19">301.6178</dst>
      <dst id="23">63.3600</dst>
      <dst id="8">1402.7022</dst>
      <dst id="18">1371.5556</dst>
      <dst id="4">18408.4000</dst>
      <dst id="1">4679.0311</dst>
      <dst id="5">1015.8133</dst>
      <dst id="3">585.4044</dst>
      <dst id="22">5063.3067</dst>
      <dst id="7">632.2133</dst>
      <dst id="2">23827.2267</dst>
      <dst id="6">66.2844</dst>
      <dst id="16">657.1733</dst>
      <dst id="14">39.2889</dst>
      <dst id="20">10905.3156</dst>
      <dst id="11">6256.7022</dst>
      <dst id="9">1566.2489</dst>
      <dst id="17">7393.8844</dst>
      <dst id="21">31673.3600</dst>
      <dst id="15">1064.8000</dst>
    </src>
    <src id="2">
      <dst id="12">146753.2622</dst>
      <dst id="13">10817.2178</dst>
      <dst id="19">366.5778</dst>
      <dst id="23">1.5644</dst>
      <dst id="8">89.5200</dst>
      <dst id="18">68340.0622</dst>
      <dst id="4">77697.0311</dst>
      <dst id="1">17332.5600</dst>
      <dst id="5">1192.1422</dst>
      <dst id="3">181.0578</dst>
      <dst id="22">2238.2489</dst>
      <dst id="7">4255.7244</dst>
      <dst id="2">1536.0267</dst>
      <dst id="6">8478.5867</dst>
      <dst id="16">759.5911</dst>
      <dst id="14">99.3778</dst>
      <dst id="20">17529.1911</dst>
      <dst id="11">5879.5733</dst>
      <dst id="9">835.2978</dst>
      <dst id="17">8942.1244</dst>
      <dst id="21">22398.2489</dst>
      <dst id="15">66.9956</dst>
    </src>
    <src id="6">
      <dst id="12">10569.3244</dst>
      <dst id="13">29.2622</dst>
      <dst id="19">1.2533</dst>
      <dst id="23">1.1378</dst>
      <dst id="4">2223.9911</dst>
      <dst id="1">28.4178</dst>
      <dst id="5">1.1378</dst>
      <dst id="3">0.3556</dst>
      <dst id="22">39.5733</dst>
      <dst id="7">63.3067</dst>
      <dst id="2">3554.9511</dst>
      <dst id="16">5.6089</dst>
      <dst id="11">1.9022</dst>
      <dst id="9">21.2267</dst>
      <dst id="17">2609.5822</dst>
      <dst id="21">15.3333</dst>
    </src>
    <src id="16">
      <dst id="12">3655.2178</dst>
      <dst id="13">548.1244</dst>
      <dst id="19">3841.3778</dst>
      <dst id="23">218.8622</dst>
      <dst id="8">4371.8044</dst>
      <dst id="18">9.4756</dst>
      <dst id="4">4004.6222</dst>
      <dst id="1">19373.7244</dst>
      <dst id="5">5182.5156</dst>
      <dst id="3">0.3556</dst>
      <dst id="7">852.1244</dst>
      <dst id="2">733.4578</dst>
      <dst id="6">119.3956</dst>
      <dst id="16">52.2756</dst>
      <dst id="14">62.7556</dst>
      <dst id="11">106.7733</dst>
      <dst id="9">7500.5867</dst>
      <dst id="17">3009.7333</dst>
      <dst id="21">311.2444</dst>
    </src>
    <src id="14">
      <dst id="12">12161.9289</dst>
      <dst id="13">103.6889</dst>
      <dst id="19">2.7644</dst>
      <dst id="18">0.5867</dst>
      <dst id="4">1912.1600</dst>
      <dst id="1">43.6267</dst>
      <dst id="5">40.1867</dst>
      <dst id="3">28.7467</dst>
      <dst id="22">3.0222</dst>
      <dst id="7">41.6889</dst>
      <dst id="2">2956.6133</dst>
      <dst id="16">8.3289</dst>
      <dst id="20">2.5600</dst>
      <dst id="11">81.2533</dst>
      <dst id="9">13.7956</dst>
      <dst id="17">6967.2356</dst>
      <dst id="21">167.0222</dst>
    </src>
    <src id="20">
      <dst id="12">13400.9422</dst>
      <dst id="13">1445.4311</dst>
      <dst id="19">0.4267</dst>
      <dst id="23">0.7289</dst>
      <dst id="8">959.7244</dst>
      <dst id="18">13.9467</dst>
      <dst id="4">4105.5733</dst>
      <dst id="1">121.9289</dst>
      <dst id="5">14620.3111</dst>
      <dst id="3">2006.4267</dst>
      <dst id="7">162.0000</dst>
      <dst id="2">20560.9067</dst>
      <dst id="14">4.3911</dst>
      <dst id="11">833.2889</dst>
      <dst id="9">3748.6311</dst>
      <dst id="17">336.0533</dst>
      <dst id="21">3379.1733</dst>
    </src>
    <src id="11">
      <dst id="12">502442.0178</dst>
      <dst id="13">2269.9733</dst>
      <dst id="19">523.4756</dst>
      <dst id="23">6.0800</dst>
      <dst id="8">1135.7333</dst>
      <dst id="18">231.4311</dst>
      <dst id="4">5206.8800</dst>
      <dst id="1">576.7467</dst>
      <dst id="5">566.1333</dst>
      <dst id="3">814.2133</dst>
      <dst id="22">1973.4756</dst>
      <dst id="7">1811.8933</dst>
      <dst id="2">119761.5111</dst>
      <dst id="6">58.8000</dst>
      <dst id="16">303.0844</dst>
      <dst id="14">777.8400</dst>
      <dst id="20">40.0089</dst>
      <dst id="11">916.1689</dst>
      <dst id="9">1970.1244</dst>
      <dst id="17">191682.4356</dst>
      <dst id="21">3007.3956</dst>
      <dst id="15">135.1556</dst>
    </src>
    <src id="9">
      <dst id="12">386400.8978</dst>
      <dst id="13">576.1867</dst>
      <dst id="19">1255.0578</dst>
      <dst id="23">113.4756</dst>
      <dst id="8">143949.6889</dst>
      <dst id="18">483.8133</dst>
      <dst id="4">6667.9822</dst>
      <dst id="1">7263.5378</dst>
      <dst id="5">37374.0444</dst>
      <dst id="3">42.8267</dst>
      <dst id="22">1825.7422</dst>
      <dst id="7">460.7644</dst>
      <dst id="2">1438.2667</dst>
      <dst id="6">1.6800</dst>
      <dst id="16">520.2133</dst>
      <dst id="14">1.8844</dst>
      <dst id="20">8675.7067</dst>
      <dst id="11">641.5911</dst>
      <dst id="9">398828.1778</dst>
      <dst id="17">186643.7778</dst>
      <dst id="21">665.9200</dst>
      <dst id="15">1125.6889</dst>
    </src>
    <src id="17">
      <dst id="12">6652.1422</dst>
      <dst id="13">6385.9467</dst>
      <dst id="19">12952.6756</dst>
      <dst id="23">236.4089</dst>
      <dst id="8">181.9289</dst>
      <dst id="18">100.2400</dst>
      <dst id="4">35564.4800</dst>
      <dst id="1">1478.8889</dst>
      <dst id="5">207807.3244</dst>
      <dst id="3">7933.5733</dst>
      <dst id="22">3618.4267</dst>
      <dst id="7">13481.5733</dst>
      <dst id="2">4680.8089</dst>
      <dst id="6">749.6800</dst>
      <dst id="16">4471.8667</dst>
      <dst id="14">17829.1733</dst>
      <dst id="20">2740.2844</dst>
      <dst id="11">140348.8800</dst>
      <dst id="9">5563.4044</dst>
      <dst id="17">5763.5111</dst>
      <dst id="21">20469.7511</dst>
      <dst id="15">1565.4667</dst>
    </src>
    <src id="21">
      <dst id="12">22672.9778</dst>
      <dst id="13">1742.4711</dst>
      <dst id="19">338.5600</dst>
      <dst id="23">93.9733</dst>
      <dst id="8">93.3333</dst>
      <dst id="18">798.2667</dst>
      <dst id="4">19449.8133</dst>
      <dst id="1">3752.3911</dst>
      <dst id="5">309.3244</dst>
      <dst id="3">2706.3556</dst>
      <dst id="22">5681.3422</dst>
      <dst id="7">7720.9422</dst>
      <dst id="2">30803.4578</dst>
      <dst id="6">0.8267</dst>
      <dst id="16">1699.0933</dst>
      <dst id="14">67.8667</dst>
      <dst id="20">225.4667</dst>
      <dst id="11">3361.1467</dst>
      <dst id="9">2014.0000</dst>
      <dst id="17">5798.2044</dst>
      <dst id="21">977.9733</dst>
      <dst id="15">90.6844</dst>
    </src>
    <src id="15">
      <dst id="12">2124.7733</dst>
      <dst id="13">2033.7067</dst>
      <dst id="19">18.7733</dst>
      <dst id="23">0.4267</dst>
      <dst id="8">41.1022</dst>
      <dst id="4">854.2311</dst>
      <dst id="1">125.3422</dst>
      <dst id="5">107.0667</dst>
      <dst id="3">0.4978</dst>
      <dst id="7">48.4711</dst>
      <dst id="2">1797.2089</dst>
      <dst id="6">14.2489</dst>
      <dst id="14">2.1333</dst>
      <dst id="11">145.3156</dst>
      <dst id="9">461.4489</dst>
      <dst id="17">168.2489</dst>
      <dst id="21">57.0489</dst>
    </src>
  </IntraTM>
</TrafficMatrixFile>
