<?xml version="1.0" encoding="UTF-8" standalone="yes"?>
<TrafficMatrixFile xmlns:xsi="http://www.w3.org/2001/XMLSchema-instance" xsi:noNamespaceSchemaLocation="http://totem.run.montefiore.ulg.ac.be/Schema/TrafficMatrix-v1_2.xsd">
  <info>
    <title>Intradomain traffic matrix generated by geant-TM-all.pl</title>
    <date>2005-02-22T04:45:00</date>
    <duration>900</duration>
    <author>Steve Uhlig</author>
    <units>
        <unit type="bandwidth" value="kbps"/>
    </units>
  </info>
  <IntraTM ASID="20965">
    <src id="12">
      <dst id="12">214928.9689</dst>
      <dst id="13">317603.1467</dst>
      <dst id="19">3915.7511</dst>
      <dst id="23">204.6844</dst>
      <dst id="8">556.9956</dst>
      <dst id="18">52872.4000</dst>
      <dst id="4">14461.7156</dst>
      <dst id="1">12087.5644</dst>
      <dst id="5">1432.2578</dst>
      <dst id="3">45.4222</dst>
      <dst id="10">2253.5822</dst>
      <dst id="22">6869.3067</dst>
      <dst id="7">5466.4000</dst>
      <dst id="2">22449.8578</dst>
      <dst id="6">3.1911</dst>
      <dst id="16">6748.9956</dst>
      <dst id="14">170.4533</dst>
      <dst id="20">6770.1778</dst>
      <dst id="11">164.2311</dst>
      <dst id="9">17109.0044</dst>
      <dst id="17">51986.3378</dst>
      <dst id="21">1191.0844</dst>
      <dst id="15">400.9244</dst>
    </src>
    <src id="13">
      <dst id="12">24857.3600</dst>
      <dst id="19">2806.5156</dst>
      <dst id="23">43.7511</dst>
      <dst id="8">293.9378</dst>
      <dst id="18">251.3956</dst>
      <dst id="1">542.5333</dst>
      <dst id="5">1456.7111</dst>
      <dst id="3">67.6533</dst>
      <dst id="22">2366.2667</dst>
      <dst id="7">280.5067</dst>
      <dst id="2">5679.0311</dst>
      <dst id="6">4.3022</dst>
      <dst id="16">661.4489</dst>
      <dst id="14">93.5822</dst>
      <dst id="20">13294.9333</dst>
      <dst id="11">99.8311</dst>
      <dst id="9">3097.0311</dst>
      <dst id="17">13757.1467</dst>
      <dst id="21">9129.2711</dst>
      <dst id="15">191.0400</dst>
    </src>
    <src id="19">
      <dst id="12">20365.3511</dst>
      <dst id="13">2472.2311</dst>
      <dst id="8">10.1422</dst>
      <dst id="18">2.6400</dst>
      <dst id="4">15782.8800</dst>
      <dst id="1">147.7778</dst>
      <dst id="5">347.4756</dst>
      <dst id="3">0.4622</dst>
      <dst id="10">135.0667</dst>
      <dst id="22">35.2533</dst>
      <dst id="7">3474.9689</dst>
      <dst id="2">17238.4444</dst>
      <dst id="6">0.3556</dst>
      <dst id="16">12598.2222</dst>
      <dst id="14">7.3511</dst>
      <dst id="20">5.4489</dst>
      <dst id="11">9.6089</dst>
      <dst id="9">31.6267</dst>
      <dst id="17">699.3244</dst>
      <dst id="21">272.7200</dst>
      <dst id="15">42.0267</dst>
    </src>
    <src id="23">
      <dst id="12">3930.7378</dst>
      <dst id="13">52.4533</dst>
      <dst id="19">0.7467</dst>
      <dst id="8">0.9422</dst>
      <dst id="18">970.2400</dst>
      <dst id="4">598.2311</dst>
      <dst id="1">156.9244</dst>
      <dst id="5">31.0222</dst>
      <dst id="3">2.1511</dst>
      <dst id="10">152.1067</dst>
      <dst id="22">17.0489</dst>
      <dst id="7">121.3778</dst>
      <dst id="2">76.3556</dst>
      <dst id="6">0.3378</dst>
      <dst id="16">24.7378</dst>
      <dst id="14">0.4622</dst>
      <dst id="20">400.0000</dst>
      <dst id="11">12.6222</dst>
      <dst id="17">20254.7644</dst>
      <dst id="21">123.0222</dst>
      <dst id="15">0.4978</dst>
    </src>
    <src id="8">
      <dst id="12">18529.8667</dst>
      <dst id="13">194.5511</dst>
      <dst id="19">0.7111</dst>
      <dst id="18">250.5422</dst>
      <dst id="4">15687.1644</dst>
      <dst id="1">1523.5200</dst>
      <dst id="5">1638.6578</dst>
      <dst id="3">2.1067</dst>
      <dst id="10">461.8933</dst>
      <dst id="22">438.3822</dst>
      <dst id="7">166.3111</dst>
      <dst id="2">311.4400</dst>
      <dst id="16">71960.6756</dst>
      <dst id="14">110.7289</dst>
      <dst id="20">230.5689</dst>
      <dst id="11">0.3644</dst>
      <dst id="9">168240.2578</dst>
      <dst id="17">258736.8978</dst>
      <dst id="21">170.0622</dst>
      <dst id="15">60.1956</dst>
    </src>
    <src id="18">
      <dst id="12">103442.2133</dst>
      <dst id="13">125.1467</dst>
      <dst id="23">28.9067</dst>
      <dst id="8">22.8889</dst>
      <dst id="4">304.2844</dst>
      <dst id="1">1989.3778</dst>
      <dst id="5">118.9333</dst>
      <dst id="3">143.8044</dst>
      <dst id="10">1220.5867</dst>
      <dst id="22">189.6267</dst>
      <dst id="7">61.7778</dst>
      <dst id="2">20741.3867</dst>
      <dst id="16">58.0267</dst>
      <dst id="14">3.9467</dst>
      <dst id="20">19.3600</dst>
      <dst id="11">8.2400</dst>
      <dst id="9">5374.0978</dst>
      <dst id="17">30913.3067</dst>
      <dst id="21">1147.3689</dst>
      <dst id="15">1.4044</dst>
    </src>
    <src id="4">
      <dst id="12">39359.5822</dst>
      <dst id="13">4476.8444</dst>
      <dst id="19">6654.7200</dst>
      <dst id="23">324.3911</dst>
      <dst id="8">2256.9689</dst>
      <dst id="18">3220.2400</dst>
      <dst id="4">21.0133</dst>
      <dst id="1">18748.9511</dst>
      <dst id="5">4244.5333</dst>
      <dst id="3">736.7733</dst>
      <dst id="22">7046.8978</dst>
      <dst id="7">30192.5422</dst>
      <dst id="2">79834.0267</dst>
      <dst id="6">52.2578</dst>
      <dst id="16">7106.9778</dst>
      <dst id="14">1676.5778</dst>
      <dst id="20">10665.5644</dst>
      <dst id="11">981.2711</dst>
      <dst id="9">5546.5600</dst>
      <dst id="17">61589.5111</dst>
      <dst id="21">12524.1333</dst>
      <dst id="15">791.1556</dst>
    </src>
    <src id="1">
      <dst id="12">32849.0756</dst>
      <dst id="13">185.3867</dst>
      <dst id="19">62.5689</dst>
      <dst id="23">56.2489</dst>
      <dst id="8">514.4622</dst>
      <dst id="18">11794.6133</dst>
      <dst id="4">5351.7156</dst>
      <dst id="1">3324.9600</dst>
      <dst id="5">593.2711</dst>
      <dst id="3">84.7556</dst>
      <dst id="10">294.7022</dst>
      <dst id="22">420.6311</dst>
      <dst id="7">3253.8044</dst>
      <dst id="2">3596.8889</dst>
      <dst id="6">12.6222</dst>
      <dst id="16">18096.4000</dst>
      <dst id="14">243.6711</dst>
      <dst id="20">1222.8178</dst>
      <dst id="11">115.6622</dst>
      <dst id="9">4355.5467</dst>
      <dst id="17">37511.7867</dst>
      <dst id="21">4925.5111</dst>
      <dst id="15">90.3289</dst>
    </src>
    <src id="5">
      <dst id="12">11497.2444</dst>
      <dst id="13">1406.9422</dst>
      <dst id="19">2111.0400</dst>
      <dst id="23">433.6000</dst>
      <dst id="8">11883.7867</dst>
      <dst id="18">74.6044</dst>
      <dst id="4">503.7333</dst>
      <dst id="1">2538.6756</dst>
      <dst id="3">11.9911</dst>
      <dst id="10">24.0711</dst>
      <dst id="22">7311.0044</dst>
      <dst id="7">93.1022</dst>
      <dst id="2">1081.4933</dst>
      <dst id="6">186.0622</dst>
      <dst id="16">101608.4356</dst>
      <dst id="14">1.5556</dst>
      <dst id="20">404.5422</dst>
      <dst id="11">10.2844</dst>
      <dst id="9">90621.2889</dst>
      <dst id="17">339093.0044</dst>
      <dst id="21">96.0533</dst>
      <dst id="15">80.7911</dst>
    </src>
    <src id="3">
      <dst id="12">13596.7467</dst>
      <dst id="13">293.9911</dst>
      <dst id="19">1104.8444</dst>
      <dst id="23">2.9156</dst>
      <dst id="8">7.7511</dst>
      <dst id="18">1871.6000</dst>
      <dst id="4">18236.9778</dst>
      <dst id="1">8000.1867</dst>
      <dst id="5">124.5156</dst>
      <dst id="3">10.7733</dst>
      <dst id="10">2439.5733</dst>
      <dst id="22">219.7778</dst>
      <dst id="7">437.6800</dst>
      <dst id="2">1930.3200</dst>
      <dst id="6">1.9378</dst>
      <dst id="16">2094.3378</dst>
      <dst id="14">62.4356</dst>
      <dst id="20">44.4533</dst>
      <dst id="11">131.1556</dst>
      <dst id="9">316.9422</dst>
      <dst id="17">10439.4222</dst>
      <dst id="21">8984.3467</dst>
      <dst id="15">49.5733</dst>
    </src>
    <src id="10">
      <dst id="12">101895.0044</dst>
      <dst id="19">197.2356</dst>
      <dst id="23">11032.8889</dst>
      <dst id="8">73964.3467</dst>
      <dst id="18">2912.3822</dst>
      <dst id="1">2158.3378</dst>
      <dst id="5">141790.0978</dst>
      <dst id="3">8363.0044</dst>
      <dst id="22">3325.8044</dst>
      <dst id="7">4050.0356</dst>
      <dst id="2">15598.3289</dst>
      <dst id="6">16682.7556</dst>
      <dst id="16">848.1511</dst>
      <dst id="14">31640.2667</dst>
      <dst id="20">879.4133</dst>
      <dst id="11">7266.7467</dst>
      <dst id="9">156987.2444</dst>
      <dst id="17">24952.1511</dst>
      <dst id="21">6249.6000</dst>
      <dst id="15">133.7778</dst>
    </src>
    <src id="22">
      <dst id="12">9489.1911</dst>
      <dst id="13">5753.8222</dst>
      <dst id="19">182.9867</dst>
      <dst id="23">42.7822</dst>
      <dst id="8">807.2533</dst>
      <dst id="18">169.3067</dst>
      <dst id="4">5696.2844</dst>
      <dst id="1">730.9244</dst>
      <dst id="5">2863.9378</dst>
      <dst id="3">39.6267</dst>
      <dst id="10">959.9111</dst>
      <dst id="7">949.5467</dst>
      <dst id="2">1589.8489</dst>
      <dst id="6">86.9778</dst>
      <dst id="14">169.6622</dst>
      <dst id="11">171.0222</dst>
      <dst id="9">4489.4667</dst>
      <dst id="17">9908.2667</dst>
      <dst id="21">326.6311</dst>
    </src>
    <src id="7">
      <dst id="12">10116.7467</dst>
      <dst id="13">716.4356</dst>
      <dst id="19">198.6844</dst>
      <dst id="23">35.0222</dst>
      <dst id="8">1330.3911</dst>
      <dst id="18">199.1467</dst>
      <dst id="4">2652.0889</dst>
      <dst id="1">6465.9733</dst>
      <dst id="5">721.7422</dst>
      <dst id="3">156.8267</dst>
      <dst id="10">143.1467</dst>
      <dst id="22">1241.7956</dst>
      <dst id="7">720.0711</dst>
      <dst id="2">3954.6222</dst>
      <dst id="6">164.7733</dst>
      <dst id="16">248.4711</dst>
      <dst id="14">112.9333</dst>
      <dst id="20">165.6978</dst>
      <dst id="11">68.6844</dst>
      <dst id="9">441.0222</dst>
      <dst id="17">6521.4844</dst>
      <dst id="21">4709.5733</dst>
      <dst id="15">351.9733</dst>
    </src>
    <src id="2">
      <dst id="12">73396.1956</dst>
      <dst id="13">8671.6178</dst>
      <dst id="19">2137.7244</dst>
      <dst id="23">1.1200</dst>
      <dst id="8">207.6800</dst>
      <dst id="18">25438.3111</dst>
      <dst id="4">21430.3200</dst>
      <dst id="1">2898.8889</dst>
      <dst id="5">2728.1156</dst>
      <dst id="3">150.8356</dst>
      <dst id="10">6702.7378</dst>
      <dst id="22">551.2533</dst>
      <dst id="7">4134.2489</dst>
      <dst id="2">1048.3467</dst>
      <dst id="6">12703.8578</dst>
      <dst id="16">335.9822</dst>
      <dst id="14">221.1556</dst>
      <dst id="20">406.2133</dst>
      <dst id="11">84.0622</dst>
      <dst id="9">494.0000</dst>
      <dst id="17">13609.5733</dst>
      <dst id="21">2872.6667</dst>
      <dst id="15">3.9022</dst>
    </src>
    <src id="6">
      <dst id="12">580.3022</dst>
      <dst id="13">8.5244</dst>
      <dst id="19">0.8533</dst>
      <dst id="18">12.5689</dst>
      <dst id="4">1.4756</dst>
      <dst id="1">157.5289</dst>
      <dst id="5">8.2578</dst>
      <dst id="3">4.8089</dst>
      <dst id="10">0.7644</dst>
      <dst id="22">48.7911</dst>
      <dst id="7">17.2000</dst>
      <dst id="2">3883.6089</dst>
      <dst id="16">0.4622</dst>
      <dst id="14">0.3556</dst>
      <dst id="20">1.8578</dst>
      <dst id="9">506.4178</dst>
      <dst id="17">16572.1156</dst>
      <dst id="21">35.8400</dst>
      <dst id="15">2.4267</dst>
    </src>
    <src id="16">
      <dst id="12">83107.3867</dst>
      <dst id="13">1140.3111</dst>
      <dst id="19">4800.6311</dst>
      <dst id="23">4.5689</dst>
      <dst id="8">72580.4622</dst>
      <dst id="18">87.4844</dst>
      <dst id="4">582.7822</dst>
      <dst id="1">20266.9956</dst>
      <dst id="5">120913.9111</dst>
      <dst id="3">2171.4133</dst>
      <dst id="10">246.3378</dst>
      <dst id="7">1325.4133</dst>
      <dst id="2">469.7867</dst>
      <dst id="6">1.1911</dst>
      <dst id="16">23.1733</dst>
      <dst id="14">18.6667</dst>
      <dst id="11">11425.3778</dst>
      <dst id="9">138400.0978</dst>
      <dst id="17">9770.0000</dst>
      <dst id="21">3213.6711</dst>
    </src>
    <src id="14">
      <dst id="12">2109.6889</dst>
      <dst id="13">93.2356</dst>
      <dst id="19">38.4533</dst>
      <dst id="23">7.0044</dst>
      <dst id="8">2.4533</dst>
      <dst id="18">13.0844</dst>
      <dst id="4">318.2489</dst>
      <dst id="1">146.8800</dst>
      <dst id="5">1.6622</dst>
      <dst id="3">127.7244</dst>
      <dst id="10">183.9022</dst>
      <dst id="22">5.4311</dst>
      <dst id="7">53.4933</dst>
      <dst id="2">1149.6356</dst>
      <dst id="6">12.4444</dst>
      <dst id="16">2305.4667</dst>
      <dst id="20">27.6444</dst>
      <dst id="11">14.1600</dst>
      <dst id="9">797.3956</dst>
      <dst id="17">25475.8756</dst>
      <dst id="21">50.5067</dst>
    </src>
    <src id="20">
      <dst id="12">15472.3200</dst>
      <dst id="13">2966.6044</dst>
      <dst id="19">441.0667</dst>
      <dst id="23">4.6933</dst>
      <dst id="8">90.9511</dst>
      <dst id="18">68.8000</dst>
      <dst id="4">6849.1378</dst>
      <dst id="1">210.7644</dst>
      <dst id="5">4196.2933</dst>
      <dst id="10">1282.6311</dst>
      <dst id="22">2.3467</dst>
      <dst id="7">161.5022</dst>
      <dst id="2">2600.5600</dst>
      <dst id="6">13.4489</dst>
      <dst id="14">64.2133</dst>
      <dst id="20">18.7378</dst>
      <dst id="9">2188.2844</dst>
      <dst id="17">1837.6889</dst>
      <dst id="21">1698.9867</dst>
    </src>
    <src id="11">
      <dst id="12">29609.3778</dst>
      <dst id="13">2940.1067</dst>
      <dst id="19">367.4400</dst>
      <dst id="23">63.5733</dst>
      <dst id="8">284.4089</dst>
      <dst id="18">112.0711</dst>
      <dst id="4">1146.9778</dst>
      <dst id="1">4588.8000</dst>
      <dst id="5">1608.8089</dst>
      <dst id="3">2.4622</dst>
      <dst id="10">4392.0178</dst>
      <dst id="22">2466.6222</dst>
      <dst id="7">163.2000</dst>
      <dst id="2">73581.9556</dst>
      <dst id="6">0.7111</dst>
      <dst id="16">59992.3822</dst>
      <dst id="14">33.0133</dst>
      <dst id="20">413.7422</dst>
      <dst id="11">1916.1067</dst>
      <dst id="9">30422.9600</dst>
      <dst id="17">657873.6356</dst>
      <dst id="21">2109.9911</dst>
      <dst id="15">161.6356</dst>
    </src>
    <src id="9">
      <dst id="12">27278.8089</dst>
      <dst id="13">18013.0844</dst>
      <dst id="19">172.0089</dst>
      <dst id="23">0.4622</dst>
      <dst id="8">77195.2800</dst>
      <dst id="18">115.6000</dst>
      <dst id="4">2296.5067</dst>
      <dst id="1">6567.2000</dst>
      <dst id="5">13454.5511</dst>
      <dst id="3">1.2000</dst>
      <dst id="10">260.4267</dst>
      <dst id="22">1681.9111</dst>
      <dst id="7">569.2533</dst>
      <dst id="2">7802.9600</dst>
      <dst id="6">0.3556</dst>
      <dst id="16">131629.3956</dst>
      <dst id="14">95.4667</dst>
      <dst id="20">1479.2356</dst>
      <dst id="11">5.5378</dst>
      <dst id="9">352431.9289</dst>
      <dst id="17">418501.3333</dst>
      <dst id="21">646.4622</dst>
      <dst id="15">3884.5511</dst>
    </src>
    <src id="17">
      <dst id="12">96769.1200</dst>
      <dst id="13">8388.2311</dst>
      <dst id="19">396.3556</dst>
      <dst id="23">64.5778</dst>
      <dst id="8">114.4267</dst>
      <dst id="18">305.6800</dst>
      <dst id="4">9832.4089</dst>
      <dst id="1">1421.8311</dst>
      <dst id="5">94645.7156</dst>
      <dst id="3">2916.8978</dst>
      <dst id="10">1510.9333</dst>
      <dst id="22">10916.4000</dst>
      <dst id="7">1827.2178</dst>
      <dst id="2">3494.9956</dst>
      <dst id="6">57.3067</dst>
      <dst id="16">16939.6356</dst>
      <dst id="14">9706.1156</dst>
      <dst id="20">535.3778</dst>
      <dst id="11">8929.0133</dst>
      <dst id="9">5487.3422</dst>
      <dst id="17">10621.2533</dst>
      <dst id="21">11027.8222</dst>
      <dst id="15">1216.8978</dst>
    </src>
    <src id="21">
      <dst id="12">6294.5244</dst>
      <dst id="13">765.1644</dst>
      <dst id="19">547.6089</dst>
      <dst id="23">11.2000</dst>
      <dst id="8">60.0711</dst>
      <dst id="18">9406.4622</dst>
      <dst id="4">3244.0356</dst>
      <dst id="1">1202.3289</dst>
      <dst id="5">633.3244</dst>
      <dst id="3">892.5422</dst>
      <dst id="10">2842.9600</dst>
      <dst id="22">933.7067</dst>
      <dst id="7">862.7556</dst>
      <dst id="2">7833.7689</dst>
      <dst id="6">2.3111</dst>
      <dst id="16">1098.6133</dst>
      <dst id="14">116.0356</dst>
      <dst id="20">97.7600</dst>
      <dst id="11">98.7022</dst>
      <dst id="9">1188.3733</dst>
      <dst id="17">28857.3422</dst>
      <dst id="21">1189.1467</dst>
      <dst id="15">143.1733</dst>
    </src>
    <src id="15">
      <dst id="12">1525.9378</dst>
      <dst id="13">158.8444</dst>
      <dst id="19">1.3244</dst>
      <dst id="23">0.5333</dst>
      <dst id="8">92.6222</dst>
      <dst id="18">1.5644</dst>
      <dst id="4">325.7422</dst>
      <dst id="1">83.1022</dst>
      <dst id="5">4.7378</dst>
      <dst id="3">1.3067</dst>
      <dst id="10">469.1467</dst>
      <dst id="7">157.2000</dst>
      <dst id="2">30.3378</dst>
      <dst id="6">90.0622</dst>
      <dst id="9">482.4444</dst>
      <dst id="17">652.1067</dst>
      <dst id="21">70.5600</dst>
    </src>
  </IntraTM>
</TrafficMatrixFile>
