<?xml version="1.0" encoding="UTF-8" standalone="yes"?>
<TrafficMatrixFile xmlns:xsi="http://www.w3.org/2001/XMLSchema-instance" xsi:noNamespaceSchemaLocation="http://totem.run.montefiore.ulg.ac.be/Schema/TrafficMatrix-v1_2.xsd">
  <info>
    <title>Intradomain traffic matrix generated by geant-TM-all.pl</title>
    <date>2005-02-08T05:00:00</date>
    <duration>900</duration>
    <author>Steve Uhlig</author>
    <units>
        <unit type="bandwidth" value="kbps"/>
    </units>
  </info>
  <IntraTM ASID="20965">
    <src id="12">
      <dst id="12">344471.4578</dst>
      <dst id="13">32237.2089</dst>
      <dst id="19">2689.3333</dst>
      <dst id="23">370.4533</dst>
      <dst id="8">414.6311</dst>
      <dst id="18">63758.7289</dst>
      <dst id="4">81420.4444</dst>
      <dst id="1">14002.7467</dst>
      <dst id="5">17151.7511</dst>
      <dst id="3">445.3867</dst>
      <dst id="10">4973.0044</dst>
      <dst id="22">40169.6622</dst>
      <dst id="7">4167.0222</dst>
      <dst id="2">55711.6444</dst>
      <dst id="6">8.6133</dst>
      <dst id="16">12915.0311</dst>
      <dst id="14">329.8044</dst>
      <dst id="20">7709.7333</dst>
      <dst id="11">411.8311</dst>
      <dst id="9">16305.3333</dst>
      <dst id="17">69135.3156</dst>
      <dst id="21">6382.6489</dst>
      <dst id="15">13191.3600</dst>
    </src>
    <src id="13">
      <dst id="12">58094.8622</dst>
      <dst id="19">10489.9911</dst>
      <dst id="23">567.9644</dst>
      <dst id="8">1974.2667</dst>
      <dst id="18">6458.7200</dst>
      <dst id="4">0.7111</dst>
      <dst id="1">4486.4800</dst>
      <dst id="5">14527.1911</dst>
      <dst id="3">277.8133</dst>
      <dst id="22">12926.9422</dst>
      <dst id="7">16510.8444</dst>
      <dst id="2">64992.8622</dst>
      <dst id="6">17.9022</dst>
      <dst id="16">11941.1200</dst>
      <dst id="14">1477.3867</dst>
      <dst id="20">16923.0756</dst>
      <dst id="11">271.1556</dst>
      <dst id="9">12451.1911</dst>
      <dst id="17">61043.0578</dst>
      <dst id="21">5023.8222</dst>
      <dst id="15">1967.3067</dst>
    </src>
    <src id="19">
      <dst id="12">11275.1289</dst>
      <dst id="13">1899.5822</dst>
      <dst id="23">8.1244</dst>
      <dst id="8">138.3022</dst>
      <dst id="18">3.1289</dst>
      <dst id="4">16597.9644</dst>
      <dst id="1">46.0089</dst>
      <dst id="5">8.2667</dst>
      <dst id="3">0.4622</dst>
      <dst id="10">342.8533</dst>
      <dst id="22">521.7067</dst>
      <dst id="7">5792.6667</dst>
      <dst id="2">275.9733</dst>
      <dst id="6">1166.8267</dst>
      <dst id="16">17931.4311</dst>
      <dst id="14">14.5422</dst>
      <dst id="20">79.0756</dst>
      <dst id="11">8.9244</dst>
      <dst id="9">229.3067</dst>
      <dst id="17">1011.2089</dst>
      <dst id="21">561.3778</dst>
      <dst id="15">16.0000</dst>
    </src>
    <src id="23">
      <dst id="12">105.9911</dst>
      <dst id="13">65.3067</dst>
      <dst id="19">58.4267</dst>
      <dst id="8">2.3644</dst>
      <dst id="18">6005.9200</dst>
      <dst id="4">2905.3244</dst>
      <dst id="1">41.4667</dst>
      <dst id="5">13.3333</dst>
      <dst id="3">7.9556</dst>
      <dst id="10">42.5067</dst>
      <dst id="22">6.5422</dst>
      <dst id="7">41.7067</dst>
      <dst id="2">95.7067</dst>
      <dst id="16">20983.2622</dst>
      <dst id="14">1.1022</dst>
      <dst id="20">74.0444</dst>
      <dst id="11">12.6222</dst>
      <dst id="9">40.3378</dst>
      <dst id="17">246.5067</dst>
      <dst id="21">50.8444</dst>
      <dst id="15">208.9244</dst>
    </src>
    <src id="8">
      <dst id="12">87382.2578</dst>
      <dst id="13">621.2711</dst>
      <dst id="19">94.0622</dst>
      <dst id="23">0.4178</dst>
      <dst id="18">27.1289</dst>
      <dst id="4">1581.0400</dst>
      <dst id="1">4873.4933</dst>
      <dst id="5">667.3511</dst>
      <dst id="3">2.2578</dst>
      <dst id="10">208.7289</dst>
      <dst id="22">300.0711</dst>
      <dst id="7">275.4133</dst>
      <dst id="2">133.0311</dst>
      <dst id="16">399.0044</dst>
      <dst id="20">746.6400</dst>
      <dst id="9">205564.7467</dst>
      <dst id="17">290109.2533</dst>
      <dst id="21">772.9067</dst>
      <dst id="15">235.5733</dst>
    </src>
    <src id="18">
      <dst id="12">159368.5244</dst>
      <dst id="13">185.6889</dst>
      <dst id="23">83.2000</dst>
      <dst id="8">15.7511</dst>
      <dst id="4">892.8978</dst>
      <dst id="1">705.8756</dst>
      <dst id="5">561.3422</dst>
      <dst id="3">3632.9867</dst>
      <dst id="10">216.7911</dst>
      <dst id="22">251.8756</dst>
      <dst id="7">938.2311</dst>
      <dst id="2">51488.4889</dst>
      <dst id="16">74.3289</dst>
      <dst id="14">1.1111</dst>
      <dst id="20">95.0133</dst>
      <dst id="11">0.8000</dst>
      <dst id="9">98.0533</dst>
      <dst id="17">12909.1911</dst>
      <dst id="21">182.1600</dst>
      <dst id="15">2.2400</dst>
    </src>
    <src id="4">
      <dst id="12">8238.0089</dst>
      <dst id="19">4098.5156</dst>
      <dst id="23">47.8133</dst>
      <dst id="8">217.5111</dst>
      <dst id="18">2689.7067</dst>
      <dst id="4">328.2222</dst>
      <dst id="1">35936.8444</dst>
      <dst id="5">736.9867</dst>
      <dst id="3">502.2933</dst>
      <dst id="22">2545.6711</dst>
      <dst id="7">115688.3111</dst>
      <dst id="2">51033.1556</dst>
      <dst id="6">243.3333</dst>
      <dst id="16">1000.5956</dst>
      <dst id="14">3142.9333</dst>
      <dst id="20">516.5422</dst>
      <dst id="11">68.5867</dst>
      <dst id="9">5306.6844</dst>
      <dst id="17">75493.8667</dst>
      <dst id="21">1232.7556</dst>
      <dst id="15">376.5244</dst>
    </src>
    <src id="1">
      <dst id="12">29027.5822</dst>
      <dst id="13">282.9778</dst>
      <dst id="19">48.1511</dst>
      <dst id="23">41.9200</dst>
      <dst id="8">10.8267</dst>
      <dst id="18">12556.6222</dst>
      <dst id="4">2550.9244</dst>
      <dst id="1">64816.5689</dst>
      <dst id="5">380.0178</dst>
      <dst id="3">109.6178</dst>
      <dst id="10">446.9156</dst>
      <dst id="22">777.9022</dst>
      <dst id="7">1452.0089</dst>
      <dst id="2">3948.3289</dst>
      <dst id="6">0.4622</dst>
      <dst id="16">28555.0222</dst>
      <dst id="14">38.5067</dst>
      <dst id="20">133.0489</dst>
      <dst id="11">203.7333</dst>
      <dst id="9">751.0044</dst>
      <dst id="17">20560.2400</dst>
      <dst id="21">7905.0311</dst>
      <dst id="15">187.7333</dst>
    </src>
    <src id="5">
      <dst id="12">22201.4489</dst>
      <dst id="13">876.2844</dst>
      <dst id="19">482.0000</dst>
      <dst id="23">0.3556</dst>
      <dst id="8">5451.4044</dst>
      <dst id="18">271.5733</dst>
      <dst id="4">1951.4311</dst>
      <dst id="1">4476.8533</dst>
      <dst id="3">0.4622</dst>
      <dst id="10">1143.0578</dst>
      <dst id="22">11901.8311</dst>
      <dst id="7">30.5067</dst>
      <dst id="2">1324.2756</dst>
      <dst id="6">13.1556</dst>
      <dst id="16">966.5600</dst>
      <dst id="14">26.8622</dst>
      <dst id="20">385.7244</dst>
      <dst id="11">40.8178</dst>
      <dst id="9">81221.0222</dst>
      <dst id="17">387470.0267</dst>
      <dst id="21">59.7867</dst>
      <dst id="15">48.2933</dst>
    </src>
    <src id="3">
      <dst id="12">3014.1244</dst>
      <dst id="13">1863.0578</dst>
      <dst id="19">1325.7778</dst>
      <dst id="23">4.9689</dst>
      <dst id="8">5.4489</dst>
      <dst id="18">2230.4356</dst>
      <dst id="4">16168.0089</dst>
      <dst id="1">7149.9822</dst>
      <dst id="5">211.2533</dst>
      <dst id="3">122.0889</dst>
      <dst id="10">686.4978</dst>
      <dst id="22">1207.9022</dst>
      <dst id="7">3260.2311</dst>
      <dst id="2">2543.2089</dst>
      <dst id="6">103.9289</dst>
      <dst id="16">6124.1600</dst>
      <dst id="14">92.7111</dst>
      <dst id="20">3795.5111</dst>
      <dst id="11">54.8978</dst>
      <dst id="9">99.9378</dst>
      <dst id="17">18910.0444</dst>
      <dst id="21">13324.4978</dst>
      <dst id="15">19.1111</dst>
    </src>
    <src id="10">
      <dst id="12">180288.0267</dst>
      <dst id="19">606.8267</dst>
      <dst id="23">290.0267</dst>
      <dst id="8">104782.5511</dst>
      <dst id="18">571.0044</dst>
      <dst id="1">700.2400</dst>
      <dst id="5">227702.5867</dst>
      <dst id="3">9839.1644</dst>
      <dst id="22">4886.9511</dst>
      <dst id="7">1092.5422</dst>
      <dst id="2">7365.4489</dst>
      <dst id="6">24412.4356</dst>
      <dst id="16">2111.7333</dst>
      <dst id="14">39060.4978</dst>
      <dst id="20">788.0356</dst>
      <dst id="11">17026.4978</dst>
      <dst id="9">273740.4622</dst>
      <dst id="17">32455.4578</dst>
      <dst id="21">12054.2933</dst>
      <dst id="15">26.8000</dst>
    </src>
    <src id="22">
      <dst id="12">14875.3067</dst>
      <dst id="13">12233.9111</dst>
      <dst id="19">2064.4267</dst>
      <dst id="23">474.0889</dst>
      <dst id="8">384.6844</dst>
      <dst id="18">2473.4844</dst>
      <dst id="4">12422.4622</dst>
      <dst id="1">560.1778</dst>
      <dst id="5">5097.0400</dst>
      <dst id="3">26.4533</dst>
      <dst id="10">932.0711</dst>
      <dst id="7">1022.8356</dst>
      <dst id="2">3308.8267</dst>
      <dst id="6">53.5111</dst>
      <dst id="14">36.9422</dst>
      <dst id="11">56.2578</dst>
      <dst id="9">24697.3333</dst>
      <dst id="17">22458.5422</dst>
      <dst id="21">581.4489</dst>
    </src>
    <src id="7">
      <dst id="12">5497.5378</dst>
      <dst id="13">635.2800</dst>
      <dst id="19">465.0578</dst>
      <dst id="23">107.4578</dst>
      <dst id="8">235.4489</dst>
      <dst id="18">1931.6178</dst>
      <dst id="4">18249.6444</dst>
      <dst id="1">14497.8756</dst>
      <dst id="5">1308.1778</dst>
      <dst id="3">1455.6889</dst>
      <dst id="10">472.1600</dst>
      <dst id="22">4427.5289</dst>
      <dst id="7">661.3689</dst>
      <dst id="2">11653.6889</dst>
      <dst id="6">52.0889</dst>
      <dst id="16">1091.0844</dst>
      <dst id="14">1185.6800</dst>
      <dst id="20">3627.5822</dst>
      <dst id="11">1649.4044</dst>
      <dst id="9">1111.3778</dst>
      <dst id="17">11555.4133</dst>
      <dst id="21">5678.4178</dst>
      <dst id="15">17.9022</dst>
    </src>
    <src id="2">
      <dst id="12">83937.7067</dst>
      <dst id="13">18572.4711</dst>
      <dst id="19">957.2356</dst>
      <dst id="8">335.3067</dst>
      <dst id="18">45503.7422</dst>
      <dst id="4">51473.3956</dst>
      <dst id="1">5110.2044</dst>
      <dst id="5">860.1067</dst>
      <dst id="3">130.1511</dst>
      <dst id="10">2628.4711</dst>
      <dst id="22">714.7289</dst>
      <dst id="7">3995.0844</dst>
      <dst id="2">1328.9689</dst>
      <dst id="6">10419.6889</dst>
      <dst id="16">1575.2089</dst>
      <dst id="14">176.8622</dst>
      <dst id="20">229.4844</dst>
      <dst id="11">108.1511</dst>
      <dst id="9">1279.2000</dst>
      <dst id="17">140160.1867</dst>
      <dst id="21">992.7378</dst>
      <dst id="15">357.9911</dst>
    </src>
    <src id="6">
      <dst id="12">6084.4622</dst>
      <dst id="13">54.0356</dst>
      <dst id="19">24.0000</dst>
      <dst id="23">0.3378</dst>
      <dst id="8">0.6756</dst>
      <dst id="18">0.3378</dst>
      <dst id="4">24.3200</dst>
      <dst id="1">90.3911</dst>
      <dst id="5">0.3556</dst>
      <dst id="10">1.6800</dst>
      <dst id="22">33.2533</dst>
      <dst id="7">1.7778</dst>
      <dst id="2">3806.8711</dst>
      <dst id="16">15.9733</dst>
      <dst id="20">169.4400</dst>
      <dst id="9">26.8267</dst>
      <dst id="17">24506.9600</dst>
      <dst id="21">11.8933</dst>
      <dst id="15">1.3689</dst>
    </src>
    <src id="16">
      <dst id="12">2544.8000</dst>
      <dst id="13">315.6889</dst>
      <dst id="19">3546.9956</dst>
      <dst id="23">225.8133</dst>
      <dst id="8">4976.4800</dst>
      <dst id="18">5.3333</dst>
      <dst id="4">3190.8000</dst>
      <dst id="1">14586.7556</dst>
      <dst id="5">4666.3822</dst>
      <dst id="3">0.5156</dst>
      <dst id="10">158.9156</dst>
      <dst id="7">193.3244</dst>
      <dst id="2">356.9778</dst>
      <dst id="6">27.4311</dst>
      <dst id="16">38.4711</dst>
      <dst id="14">23.2356</dst>
      <dst id="11">14.0267</dst>
      <dst id="9">11161.5022</dst>
      <dst id="17">1236.2667</dst>
      <dst id="21">174.4267</dst>
    </src>
    <src id="14">
      <dst id="12">2986.6756</dst>
      <dst id="13">123.8133</dst>
      <dst id="19">2.0622</dst>
      <dst id="23">0.8267</dst>
      <dst id="4">1515.3778</dst>
      <dst id="1">572.8889</dst>
      <dst id="5">21.7956</dst>
      <dst id="3">184.3911</dst>
      <dst id="10">79.3333</dst>
      <dst id="22">55.9289</dst>
      <dst id="7">43.0756</dst>
      <dst id="2">3456.4000</dst>
      <dst id="16">10.9333</dst>
      <dst id="20">1.7244</dst>
      <dst id="11">0.9867</dst>
      <dst id="9">104.5333</dst>
      <dst id="17">29558.7644</dst>
      <dst id="21">42.6578</dst>
    </src>
    <src id="20">
      <dst id="12">18157.7956</dst>
      <dst id="13">3895.9022</dst>
      <dst id="19">1488.8356</dst>
      <dst id="23">1.4222</dst>
      <dst id="8">691.4578</dst>
      <dst id="18">47.0044</dst>
      <dst id="4">11164.2400</dst>
      <dst id="1">359.5467</dst>
      <dst id="5">2608.5422</dst>
      <dst id="10">228.0000</dst>
      <dst id="22">40.0000</dst>
      <dst id="7">115.4222</dst>
      <dst id="2">3061.5378</dst>
      <dst id="6">4.8800</dst>
      <dst id="14">0.3556</dst>
      <dst id="11">161.7778</dst>
      <dst id="9">16719.5022</dst>
      <dst id="17">14891.5200</dst>
      <dst id="21">405.3600</dst>
    </src>
    <src id="11">
      <dst id="12">153517.3067</dst>
      <dst id="13">2832.5156</dst>
      <dst id="19">1933.2267</dst>
      <dst id="23">2.7911</dst>
      <dst id="8">1033.8489</dst>
      <dst id="18">162.7111</dst>
      <dst id="4">2950.2044</dst>
      <dst id="1">277.7067</dst>
      <dst id="5">819.9378</dst>
      <dst id="3">7.0933</dst>
      <dst id="10">2269.1378</dst>
      <dst id="22">2232.9956</dst>
      <dst id="7">1165.4844</dst>
      <dst id="2">136049.3600</dst>
      <dst id="6">5.8311</dst>
      <dst id="16">351.2000</dst>
      <dst id="14">30.5778</dst>
      <dst id="20">1785.1556</dst>
      <dst id="11">932.7556</dst>
      <dst id="9">4043.4400</dst>
      <dst id="17">942091.8578</dst>
      <dst id="21">1023.8933</dst>
      <dst id="15">130.4800</dst>
    </src>
    <src id="9">
      <dst id="12">35717.2000</dst>
      <dst id="13">7959.4844</dst>
      <dst id="19">1064.3733</dst>
      <dst id="23">15.2444</dst>
      <dst id="8">118377.4400</dst>
      <dst id="18">248.9156</dst>
      <dst id="4">9856.6400</dst>
      <dst id="1">12602.0000</dst>
      <dst id="5">10005.4756</dst>
      <dst id="3">0.8178</dst>
      <dst id="10">5895.4133</dst>
      <dst id="22">3595.7778</dst>
      <dst id="7">268.3733</dst>
      <dst id="2">2724.1600</dst>
      <dst id="16">912.3644</dst>
      <dst id="14">40.0178</dst>
      <dst id="20">10911.8844</dst>
      <dst id="11">59.4311</dst>
      <dst id="9">533255.0667</dst>
      <dst id="17">545104.9244</dst>
      <dst id="21">35805.5556</dst>
      <dst id="15">5606.9333</dst>
    </src>
    <src id="17">
      <dst id="12">125944.9689</dst>
      <dst id="13">3952.2133</dst>
      <dst id="19">5473.6356</dst>
      <dst id="23">211.5822</dst>
      <dst id="8">372.3822</dst>
      <dst id="18">44.5956</dst>
      <dst id="4">28770.4089</dst>
      <dst id="1">15586.9244</dst>
      <dst id="5">196601.7244</dst>
      <dst id="3">1516.2400</dst>
      <dst id="10">1937.8667</dst>
      <dst id="22">4022.1511</dst>
      <dst id="7">1232.2933</dst>
      <dst id="2">32477.9822</dst>
      <dst id="6">123.5022</dst>
      <dst id="16">1834.0622</dst>
      <dst id="14">22116.6667</dst>
      <dst id="20">593.0489</dst>
      <dst id="11">14251.0400</dst>
      <dst id="9">7377.2000</dst>
      <dst id="17">13090.4089</dst>
      <dst id="21">8987.7689</dst>
      <dst id="15">255.0400</dst>
    </src>
    <src id="21">
      <dst id="12">8146.9689</dst>
      <dst id="13">1426.9778</dst>
      <dst id="19">109.7867</dst>
      <dst id="23">1.9378</dst>
      <dst id="8">219.6978</dst>
      <dst id="18">893.2356</dst>
      <dst id="4">13617.3067</dst>
      <dst id="1">1306.8356</dst>
      <dst id="5">205.9644</dst>
      <dst id="3">978.9067</dst>
      <dst id="10">519.7333</dst>
      <dst id="22">2363.3156</dst>
      <dst id="7">2179.5822</dst>
      <dst id="2">8791.7067</dst>
      <dst id="6">1.0133</dst>
      <dst id="16">375.2800</dst>
      <dst id="14">120.6400</dst>
      <dst id="20">3746.4978</dst>
      <dst id="11">35.2711</dst>
      <dst id="9">848.6489</dst>
      <dst id="17">38680.0533</dst>
      <dst id="21">1744.4356</dst>
      <dst id="15">48.9956</dst>
    </src>
    <src id="15">
      <dst id="12">1225.0667</dst>
      <dst id="13">5454.8533</dst>
      <dst id="19">61.2178</dst>
      <dst id="23">2.3467</dst>
      <dst id="8">92.9689</dst>
      <dst id="18">21.9556</dst>
      <dst id="4">641.8311</dst>
      <dst id="1">78.8711</dst>
      <dst id="5">345.0133</dst>
      <dst id="3">1.2356</dst>
      <dst id="10">85.4222</dst>
      <dst id="7">657.9556</dst>
      <dst id="2">493.3778</dst>
      <dst id="6">0.3733</dst>
      <dst id="9">12735.7156</dst>
      <dst id="17">659.0044</dst>
      <dst id="21">139.3156</dst>
    </src>
  </IntraTM>
</TrafficMatrixFile>
