<?xml version="1.0" encoding="UTF-8" standalone="yes"?>
<TrafficMatrixFile xmlns:xsi="http://www.w3.org/2001/XMLSchema-instance" xsi:noNamespaceSchemaLocation="http://totem.run.montefiore.ulg.ac.be/Schema/TrafficMatrix-v1_2.xsd">
  <info>
    <title>Intradomain traffic matrix generated by geant-TM-all.pl</title>
    <date>2005-01-26T22:30:00</date>
    <duration>900</duration>
    <author>Steve Uhlig</author>
    <units>
        <unit type="bandwidth" value="kbps"/>
    </units>
  </info>
  <IntraTM ASID="20965">
    <src id="12">
      <dst id="12">399953.5200</dst>
      <dst id="13">67633.7778</dst>
      <dst id="19">3088.0178</dst>
      <dst id="23">20735.4133</dst>
      <dst id="8">8466.9244</dst>
      <dst id="18">243860.3289</dst>
      <dst id="4">55401.6622</dst>
      <dst id="1">17057.3867</dst>
      <dst id="5">3580.1244</dst>
      <dst id="3">11487.1911</dst>
      <dst id="10">3319.9022</dst>
      <dst id="22">20636.1333</dst>
      <dst id="7">17891.6889</dst>
      <dst id="2">75358.0711</dst>
      <dst id="16">15866.4978</dst>
      <dst id="14">687.7333</dst>
      <dst id="20">14170.0889</dst>
      <dst id="11">12664.1511</dst>
      <dst id="9">13861.5467</dst>
      <dst id="17">81221.3067</dst>
      <dst id="21">11131.5022</dst>
      <dst id="15">3102.4267</dst>
    </src>
    <src id="13">
      <dst id="12">75425.1200</dst>
      <dst id="19">18681.6356</dst>
      <dst id="23">8146.0889</dst>
      <dst id="8">7392.7200</dst>
      <dst id="18">9536.5244</dst>
      <dst id="1">18662.4089</dst>
      <dst id="5">8314.1867</dst>
      <dst id="3">35631.9022</dst>
      <dst id="22">31156.3378</dst>
      <dst id="7">37648.2844</dst>
      <dst id="2">78955.6356</dst>
      <dst id="16">14043.6000</dst>
      <dst id="14">10245.8844</dst>
      <dst id="20">11210.2756</dst>
      <dst id="11">18887.6267</dst>
      <dst id="9">28659.5733</dst>
      <dst id="17">132676.5956</dst>
      <dst id="21">31913.3067</dst>
      <dst id="15">3511.9289</dst>
    </src>
    <src id="19">
      <dst id="12">12474.8000</dst>
      <dst id="13">4307.7156</dst>
      <dst id="23">67.0489</dst>
      <dst id="8">0.7289</dst>
      <dst id="18">138.2133</dst>
      <dst id="4">18744.4267</dst>
      <dst id="1">2880.3822</dst>
      <dst id="5">1679.1822</dst>
      <dst id="3">11431.8400</dst>
      <dst id="10">173.9200</dst>
      <dst id="22">4307.6356</dst>
      <dst id="7">10026.7467</dst>
      <dst id="2">1535.0311</dst>
      <dst id="16">13715.7422</dst>
      <dst id="14">138.4533</dst>
      <dst id="20">3409.6000</dst>
      <dst id="11">167.6178</dst>
      <dst id="9">93.6889</dst>
      <dst id="17">4514.9689</dst>
      <dst id="21">901.9289</dst>
      <dst id="15">46.1778</dst>
    </src>
    <src id="23">
      <dst id="12">1237.1022</dst>
      <dst id="13">267.2000</dst>
      <dst id="19">488.8444</dst>
      <dst id="8">1.3600</dst>
      <dst id="18">155.7956</dst>
      <dst id="4">62.5333</dst>
      <dst id="1">197.9733</dst>
      <dst id="5">97.9022</dst>
      <dst id="3">5382.3556</dst>
      <dst id="22">509.3600</dst>
      <dst id="7">5844.7733</dst>
      <dst id="2">465.9111</dst>
      <dst id="16">223.5378</dst>
      <dst id="14">26.6667</dst>
      <dst id="20">147.6978</dst>
      <dst id="11">320.5244</dst>
      <dst id="9">2530.3822</dst>
      <dst id="17">10995.6533</dst>
      <dst id="21">305.0311</dst>
      <dst id="15">1.1556</dst>
    </src>
    <src id="8">
      <dst id="12">12383.7956</dst>
      <dst id="13">2008.1156</dst>
      <dst id="19">37.4756</dst>
      <dst id="23">1.4222</dst>
      <dst id="18">76.6400</dst>
      <dst id="4">5207.9467</dst>
      <dst id="1">4343.2178</dst>
      <dst id="5">2158.4178</dst>
      <dst id="3">146.7644</dst>
      <dst id="10">486.9600</dst>
      <dst id="22">2956.0178</dst>
      <dst id="7">146.4444</dst>
      <dst id="2">2970.6578</dst>
      <dst id="16">615.2533</dst>
      <dst id="14">13.9556</dst>
      <dst id="20">317.9111</dst>
      <dst id="11">820.7289</dst>
      <dst id="9">210724.0000</dst>
      <dst id="17">335709.1733</dst>
      <dst id="21">352.7822</dst>
      <dst id="15">134.3111</dst>
    </src>
    <src id="18">
      <dst id="12">194190.8356</dst>
      <dst id="13">725.9022</dst>
      <dst id="19">58.1600</dst>
      <dst id="23">1.2622</dst>
      <dst id="8">248.3556</dst>
      <dst id="4">1105.6356</dst>
      <dst id="1">514.6400</dst>
      <dst id="5">427.8044</dst>
      <dst id="3">1487.9644</dst>
      <dst id="10">134.8889</dst>
      <dst id="22">716.6311</dst>
      <dst id="7">3101.5022</dst>
      <dst id="2">66485.2089</dst>
      <dst id="16">263.8311</dst>
      <dst id="14">1.4222</dst>
      <dst id="20">1025.1022</dst>
      <dst id="11">1185.7156</dst>
      <dst id="9">1293.2089</dst>
      <dst id="17">18463.0933</dst>
      <dst id="21">1740.4356</dst>
      <dst id="15">189.3156</dst>
    </src>
    <src id="4">
      <dst id="12">19301.6533</dst>
      <dst id="19">7149.2178</dst>
      <dst id="8">1333.4400</dst>
      <dst id="18">2601.3511</dst>
      <dst id="4">2.5600</dst>
      <dst id="1">4470.6311</dst>
      <dst id="5">1458.0533</dst>
      <dst id="3">145153.7956</dst>
      <dst id="22">3446.4978</dst>
      <dst id="7">11839.9022</dst>
      <dst id="2">28888.1333</dst>
      <dst id="16">2970.8444</dst>
      <dst id="14">2277.2533</dst>
      <dst id="20">5142.6311</dst>
      <dst id="11">13008.7378</dst>
      <dst id="9">4889.5467</dst>
      <dst id="17">165062.1956</dst>
      <dst id="21">9684.6311</dst>
      <dst id="15">701.1111</dst>
    </src>
    <src id="1">
      <dst id="12">19934.4000</dst>
      <dst id="13">1696.0978</dst>
      <dst id="19">1164.0978</dst>
      <dst id="23">111.3867</dst>
      <dst id="8">1095.0756</dst>
      <dst id="18">12224.3467</dst>
      <dst id="4">4918.5067</dst>
      <dst id="1">71.0578</dst>
      <dst id="5">940.8000</dst>
      <dst id="3">35731.7778</dst>
      <dst id="10">184.0711</dst>
      <dst id="22">40379.1200</dst>
      <dst id="7">15262.3289</dst>
      <dst id="2">20081.9822</dst>
      <dst id="16">25105.7511</dst>
      <dst id="14">99.4489</dst>
      <dst id="20">1308.4000</dst>
      <dst id="11">4903.3244</dst>
      <dst id="9">1614.1689</dst>
      <dst id="17">22847.7689</dst>
      <dst id="21">8599.6000</dst>
      <dst id="15">985.4044</dst>
    </src>
    <src id="5">
      <dst id="12">13273.7689</dst>
      <dst id="13">6823.1200</dst>
      <dst id="19">199.6178</dst>
      <dst id="23">2.4178</dst>
      <dst id="8">30003.7244</dst>
      <dst id="18">393.4578</dst>
      <dst id="4">4733.3689</dst>
      <dst id="1">4483.8133</dst>
      <dst id="3">1569.3956</dst>
      <dst id="10">1714.5156</dst>
      <dst id="22">3334.5067</dst>
      <dst id="7">1025.6622</dst>
      <dst id="2">5766.1600</dst>
      <dst id="16">769.9644</dst>
      <dst id="14">21.7956</dst>
      <dst id="20">349.6356</dst>
      <dst id="11">1106.9600</dst>
      <dst id="9">76860.0000</dst>
      <dst id="17">417472.1511</dst>
      <dst id="21">1171.9733</dst>
      <dst id="15">95.2711</dst>
    </src>
    <src id="3">
      <dst id="12">9502.0178</dst>
      <dst id="13">4516.7911</dst>
      <dst id="19">1869.0578</dst>
      <dst id="23">138.2667</dst>
      <dst id="8">1005.2089</dst>
      <dst id="18">1520.6756</dst>
      <dst id="4">29674.1156</dst>
      <dst id="1">55718.4178</dst>
      <dst id="5">2560.8267</dst>
      <dst id="3">53.0844</dst>
      <dst id="10">1700.2933</dst>
      <dst id="22">3436.4178</dst>
      <dst id="7">8147.2089</dst>
      <dst id="2">5764.5067</dst>
      <dst id="16">1871.4933</dst>
      <dst id="14">301.6089</dst>
      <dst id="20">6216.8356</dst>
      <dst id="11">3692.8800</dst>
      <dst id="9">773.3778</dst>
      <dst id="17">28649.0667</dst>
      <dst id="21">16502.1600</dst>
      <dst id="15">774.9689</dst>
    </src>
    <src id="10">
      <dst id="12">68788.3911</dst>
      <dst id="19">3201.7778</dst>
      <dst id="8">229759.7244</dst>
      <dst id="18">2063.5200</dst>
      <dst id="1">7351.1378</dst>
      <dst id="5">289832.2044</dst>
      <dst id="3">36018.1156</dst>
      <dst id="22">5971.2178</dst>
      <dst id="7">24457.8756</dst>
      <dst id="2">19609.2711</dst>
      <dst id="16">2150.6133</dst>
      <dst id="14">78288.4978</dst>
      <dst id="20">4549.4844</dst>
      <dst id="11">366925.9289</dst>
      <dst id="9">422445.7689</dst>
      <dst id="17">71933.9911</dst>
      <dst id="21">28521.8400</dst>
      <dst id="15">6454.6400</dst>
    </src>
    <src id="22">
      <dst id="12">8370.4533</dst>
      <dst id="13">5852.8711</dst>
      <dst id="19">325.3689</dst>
      <dst id="23">362.9067</dst>
      <dst id="8">3778.6400</dst>
      <dst id="18">708.6133</dst>
      <dst id="4">11027.3244</dst>
      <dst id="1">3041.9467</dst>
      <dst id="5">1568.2400</dst>
      <dst id="3">2085.3600</dst>
      <dst id="10">676.3378</dst>
      <dst id="7">6741.7867</dst>
      <dst id="2">1826.6844</dst>
      <dst id="14">210.5778</dst>
      <dst id="11">3319.3244</dst>
      <dst id="9">3318.7644</dst>
      <dst id="17">5645.5467</dst>
      <dst id="21">4675.2444</dst>
    </src>
    <src id="7">
      <dst id="12">7772.1689</dst>
      <dst id="13">5129.2000</dst>
      <dst id="19">6302.7111</dst>
      <dst id="23">472.7111</dst>
      <dst id="8">1153.8667</dst>
      <dst id="18">2401.3956</dst>
      <dst id="4">8156.3911</dst>
      <dst id="1">9337.1733</dst>
      <dst id="5">1708.4889</dst>
      <dst id="3">60508.0800</dst>
      <dst id="10">1589.2533</dst>
      <dst id="22">9680.5956</dst>
      <dst id="7">10.8622</dst>
      <dst id="2">10389.0844</dst>
      <dst id="16">2944.9422</dst>
      <dst id="14">905.6000</dst>
      <dst id="20">4678.7200</dst>
      <dst id="11">2555.4578</dst>
      <dst id="9">1746.6133</dst>
      <dst id="17">21153.4222</dst>
      <dst id="21">12777.0756</dst>
      <dst id="15">7890.5600</dst>
    </src>
    <src id="2">
      <dst id="12">174110.3911</dst>
      <dst id="13">24840.3556</dst>
      <dst id="19">3425.5733</dst>
      <dst id="23">21.1911</dst>
      <dst id="8">1668.7467</dst>
      <dst id="18">178098.5333</dst>
      <dst id="4">53909.7156</dst>
      <dst id="1">19301.5378</dst>
      <dst id="5">1303.2000</dst>
      <dst id="3">7147.1111</dst>
      <dst id="10">2624.9333</dst>
      <dst id="22">2717.1022</dst>
      <dst id="7">19031.8489</dst>
      <dst id="2">1510.4000</dst>
      <dst id="16">3932.2222</dst>
      <dst id="14">827.6178</dst>
      <dst id="20">3308.8267</dst>
      <dst id="11">8647.5644</dst>
      <dst id="9">2667.7689</dst>
      <dst id="17">52694.6578</dst>
      <dst id="21">6799.6889</dst>
      <dst id="15">2575.3156</dst>
    </src>
    <src id="6">
      <dst id="12">230.6044</dst>
      <dst id="13">46.8178</dst>
      <dst id="19">299.1022</dst>
      <dst id="8">52.2489</dst>
      <dst id="18">23.6889</dst>
      <dst id="4">32.5778</dst>
      <dst id="1">155.6978</dst>
      <dst id="5">0.4622</dst>
      <dst id="3">209.2978</dst>
      <dst id="10">3.3778</dst>
      <dst id="22">111.1733</dst>
      <dst id="7">433.0756</dst>
      <dst id="2">2641.5378</dst>
      <dst id="16">40.4533</dst>
      <dst id="14">11.9289</dst>
      <dst id="20">27.9022</dst>
      <dst id="11">276.5333</dst>
      <dst id="17">16473.1200</dst>
      <dst id="21">36.0444</dst>
    </src>
    <src id="16">
      <dst id="12">7817.7511</dst>
      <dst id="13">1316.4889</dst>
      <dst id="19">4711.5289</dst>
      <dst id="23">158.9333</dst>
      <dst id="8">7313.3867</dst>
      <dst id="18">228.7911</dst>
      <dst id="4">2255.1644</dst>
      <dst id="1">26652.4356</dst>
      <dst id="5">11058.5067</dst>
      <dst id="3">1477.1733</dst>
      <dst id="10">341.7244</dst>
      <dst id="7">2044.0800</dst>
      <dst id="2">1306.2844</dst>
      <dst id="16">46.9244</dst>
      <dst id="14">26.7911</dst>
      <dst id="11">330.9956</dst>
      <dst id="9">26174.2044</dst>
      <dst id="17">9307.2800</dst>
      <dst id="21">112.3644</dst>
    </src>
    <src id="14">
      <dst id="12">943.9111</dst>
      <dst id="13">194.1333</dst>
      <dst id="19">65.9733</dst>
      <dst id="23">1.2800</dst>
      <dst id="8">1.3511</dst>
      <dst id="18">8.0444</dst>
      <dst id="4">2728.3467</dst>
      <dst id="1">1101.2444</dst>
      <dst id="5">1.8044</dst>
      <dst id="3">422.3022</dst>
      <dst id="10">82.2222</dst>
      <dst id="22">64.8800</dst>
      <dst id="7">179.9200</dst>
      <dst id="2">8170.6844</dst>
      <dst id="16">36.1600</dst>
      <dst id="20">51.3778</dst>
      <dst id="11">21.7244</dst>
      <dst id="9">246.1333</dst>
      <dst id="17">41145.7067</dst>
      <dst id="21">143.7422</dst>
      <dst id="15">6.1600</dst>
    </src>
    <src id="20">
      <dst id="12">9421.5911</dst>
      <dst id="13">3732.4711</dst>
      <dst id="19">1729.3156</dst>
      <dst id="23">3.2533</dst>
      <dst id="8">2173.9911</dst>
      <dst id="18">189.7956</dst>
      <dst id="4">3808.4533</dst>
      <dst id="1">1366.8000</dst>
      <dst id="5">2435.7689</dst>
      <dst id="3">2079.3244</dst>
      <dst id="10">488.0889</dst>
      <dst id="7">4022.7022</dst>
      <dst id="2">2437.7600</dst>
      <dst id="14">1621.8222</dst>
      <dst id="11">1251.3422</dst>
      <dst id="9">5761.0844</dst>
      <dst id="17">15286.7289</dst>
      <dst id="21">11635.6089</dst>
    </src>
    <src id="11">
      <dst id="12">13853.6000</dst>
      <dst id="13">3976.1867</dst>
      <dst id="19">912.0889</dst>
      <dst id="23">62.4978</dst>
      <dst id="8">2452.1956</dst>
      <dst id="18">1010.6311</dst>
      <dst id="4">9151.5200</dst>
      <dst id="1">2556.4622</dst>
      <dst id="5">1672.5778</dst>
      <dst id="3">4632.7111</dst>
      <dst id="10">590.0444</dst>
      <dst id="22">3357.9289</dst>
      <dst id="7">1566.6844</dst>
      <dst id="2">120220.9600</dst>
      <dst id="16">734.6489</dst>
      <dst id="14">63.8667</dst>
      <dst id="20">2171.4667</dst>
      <dst id="11">2242.1244</dst>
      <dst id="9">2358.9956</dst>
      <dst id="17">820913.2711</dst>
      <dst id="21">6673.2089</dst>
      <dst id="15">94.5156</dst>
    </src>
    <src id="9">
      <dst id="12">20565.1911</dst>
      <dst id="13">10304.3733</dst>
      <dst id="19">64.5778</dst>
      <dst id="23">35.5289</dst>
      <dst id="8">251354.6489</dst>
      <dst id="18">1159.0933</dst>
      <dst id="4">14216.7733</dst>
      <dst id="1">13662.6400</dst>
      <dst id="5">1205.1200</dst>
      <dst id="3">2829.1378</dst>
      <dst id="10">161.5556</dst>
      <dst id="22">7519.1378</dst>
      <dst id="7">2342.0711</dst>
      <dst id="2">2184.8622</dst>
      <dst id="16">2685.6978</dst>
      <dst id="14">55.7689</dst>
      <dst id="20">4834.6756</dst>
      <dst id="11">1853.3867</dst>
      <dst id="9">672902.6311</dst>
      <dst id="17">542047.7511</dst>
      <dst id="21">2656.4444</dst>
      <dst id="15">298.2222</dst>
    </src>
    <src id="17">
      <dst id="12">20052.9867</dst>
      <dst id="13">13826.7822</dst>
      <dst id="19">1517.3333</dst>
      <dst id="23">317.9467</dst>
      <dst id="8">2886.8800</dst>
      <dst id="18">986.8000</dst>
      <dst id="4">46921.2178</dst>
      <dst id="1">15308.9333</dst>
      <dst id="5">256203.7778</dst>
      <dst id="3">16643.0222</dst>
      <dst id="10">3524.1956</dst>
      <dst id="22">9618.2044</dst>
      <dst id="7">30228.9867</dst>
      <dst id="2">15275.1556</dst>
      <dst id="16">15931.9289</dst>
      <dst id="14">48083.1111</dst>
      <dst id="20">2907.8578</dst>
      <dst id="11">264923.2800</dst>
      <dst id="9">4132.8267</dst>
      <dst id="17">17971.9644</dst>
      <dst id="21">27272.8444</dst>
      <dst id="15">1928.0622</dst>
    </src>
    <src id="21">
      <dst id="12">4684.5689</dst>
      <dst id="13">1604.8711</dst>
      <dst id="19">684.5600</dst>
      <dst id="23">88.0978</dst>
      <dst id="8">886.7467</dst>
      <dst id="18">5486.3289</dst>
      <dst id="4">13408.0800</dst>
      <dst id="1">10334.1778</dst>
      <dst id="5">512.9778</dst>
      <dst id="3">28336.2844</dst>
      <dst id="10">1543.8667</dst>
      <dst id="22">8131.6356</dst>
      <dst id="7">4432.6400</dst>
      <dst id="2">12760.6489</dst>
      <dst id="16">770.6933</dst>
      <dst id="14">189.2533</dst>
      <dst id="20">7239.1733</dst>
      <dst id="11">4817.2178</dst>
      <dst id="9">1640.7911</dst>
      <dst id="17">50485.8489</dst>
      <dst id="21">3366.3644</dst>
      <dst id="15">853.6533</dst>
    </src>
    <src id="15">
      <dst id="12">4305.9822</dst>
      <dst id="13">767.0400</dst>
      <dst id="19">45.4667</dst>
      <dst id="23">2.2756</dst>
      <dst id="8">227.0844</dst>
      <dst id="18">61.5467</dst>
      <dst id="4">2249.6711</dst>
      <dst id="1">204.2044</dst>
      <dst id="5">540.2756</dst>
      <dst id="3">190.5600</dst>
      <dst id="10">443.3867</dst>
      <dst id="7">466.3733</dst>
      <dst id="2">1607.2889</dst>
      <dst id="14">1.7422</dst>
      <dst id="11">403.0489</dst>
      <dst id="9">3174.1333</dst>
      <dst id="17">588.6756</dst>
      <dst id="21">2520.3822</dst>
    </src>
  </IntraTM>
</TrafficMatrixFile>
