<?xml version="1.0" encoding="UTF-8" standalone="yes"?>
<TrafficMatrixFile xmlns:xsi="http://www.w3.org/2001/XMLSchema-instance" xsi:noNamespaceSchemaLocation="http://totem.run.montefiore.ulg.ac.be/Schema/TrafficMatrix-v1_2.xsd">
  <info>
    <title>Intradomain traffic matrix generated by geant-TM-all.pl</title>
    <date>2005-01-29T15:30:00</date>
    <duration>900</duration>
    <author>Steve Uhlig</author>
    <units>
        <unit type="bandwidth" value="kbps"/>
    </units>
  </info>
  <IntraTM ASID="20965">
    <src id="12">
      <dst id="12">279026.9244</dst>
      <dst id="13">22558.5333</dst>
      <dst id="19">5741.7956</dst>
      <dst id="23">30.0089</dst>
      <dst id="8">581.1644</dst>
      <dst id="18">56107.1467</dst>
      <dst id="4">60263.4311</dst>
      <dst id="1">8605.2533</dst>
      <dst id="5">633.6978</dst>
      <dst id="3">1360.4089</dst>
      <dst id="10">5726.7467</dst>
      <dst id="22">2909.7067</dst>
      <dst id="7">4589.7422</dst>
      <dst id="2">47179.4756</dst>
      <dst id="16">7597.4756</dst>
      <dst id="14">264.0800</dst>
      <dst id="20">6732.1600</dst>
      <dst id="11">1808.5511</dst>
      <dst id="9">5470.3200</dst>
      <dst id="17">26982.6578</dst>
      <dst id="21">3305.8311</dst>
      <dst id="15">2269.1111</dst>
    </src>
    <src id="13">
      <dst id="12">34629.0933</dst>
      <dst id="19">14213.4756</dst>
      <dst id="23">658.6044</dst>
      <dst id="8">1790.2844</dst>
      <dst id="18">3597.3778</dst>
      <dst id="4">0.7111</dst>
      <dst id="1">7814.0178</dst>
      <dst id="5">5851.0222</dst>
      <dst id="3">2653.5911</dst>
      <dst id="22">16301.8489</dst>
      <dst id="7">9195.4311</dst>
      <dst id="2">43898.4533</dst>
      <dst id="16">5326.9689</dst>
      <dst id="14">10370.1867</dst>
      <dst id="20">5047.9644</dst>
      <dst id="11">3974.0889</dst>
      <dst id="9">13228.4533</dst>
      <dst id="17">51738.3289</dst>
      <dst id="21">11142.8000</dst>
      <dst id="15">4525.6444</dst>
    </src>
    <src id="19">
      <dst id="12">11696.8267</dst>
      <dst id="13">875.4667</dst>
      <dst id="23">2.3289</dst>
      <dst id="8">1.3778</dst>
      <dst id="18">0.9244</dst>
      <dst id="4">22517.4044</dst>
      <dst id="1">256.6133</dst>
      <dst id="5">267.7333</dst>
      <dst id="3">615.4756</dst>
      <dst id="10">1459.3244</dst>
      <dst id="22">44.7733</dst>
      <dst id="7">3503.4933</dst>
      <dst id="2">346.2844</dst>
      <dst id="16">15141.7156</dst>
      <dst id="14">3.2000</dst>
      <dst id="20">357.5289</dst>
      <dst id="11">21.2622</dst>
      <dst id="9">282.2400</dst>
      <dst id="17">6244.3822</dst>
      <dst id="21">152.5600</dst>
      <dst id="15">27.1289</dst>
    </src>
    <src id="23">
      <dst id="12">335.5378</dst>
      <dst id="13">38.5156</dst>
      <dst id="19">24.4889</dst>
      <dst id="8">17.4133</dst>
      <dst id="18">23.7778</dst>
      <dst id="4">3000.7822</dst>
      <dst id="1">26.9956</dst>
      <dst id="5">40.0000</dst>
      <dst id="3">27.2356</dst>
      <dst id="10">17.2089</dst>
      <dst id="22">141.6889</dst>
      <dst id="7">161.7600</dst>
      <dst id="2">152.6578</dst>
      <dst id="16">690.5600</dst>
      <dst id="14">120.6756</dst>
      <dst id="20">80.0000</dst>
      <dst id="11">19.9289</dst>
      <dst id="9">739.9111</dst>
      <dst id="17">579.6267</dst>
      <dst id="21">36.3644</dst>
    </src>
    <src id="8">
      <dst id="12">26738.0622</dst>
      <dst id="13">2530.8533</dst>
      <dst id="23">0.4267</dst>
      <dst id="18">17.4311</dst>
      <dst id="4">2988.3111</dst>
      <dst id="1">7515.1911</dst>
      <dst id="5">1662.8622</dst>
      <dst id="3">50.2756</dst>
      <dst id="10">852.1600</dst>
      <dst id="22">368.8978</dst>
      <dst id="7">376.4533</dst>
      <dst id="2">747.9733</dst>
      <dst id="16">456.0622</dst>
      <dst id="14">0.3556</dst>
      <dst id="20">621.7511</dst>
      <dst id="11">269.5289</dst>
      <dst id="9">152270.6667</dst>
      <dst id="17">278225.1911</dst>
      <dst id="21">127.6889</dst>
      <dst id="15">742.2489</dst>
    </src>
    <src id="18">
      <dst id="12">146921.1111</dst>
      <dst id="13">323.2622</dst>
      <dst id="19">28.2667</dst>
      <dst id="23">3.8489</dst>
      <dst id="8">178.3467</dst>
      <dst id="4">1808.6044</dst>
      <dst id="1">892.3733</dst>
      <dst id="5">204.5956</dst>
      <dst id="3">805.0222</dst>
      <dst id="10">355.9200</dst>
      <dst id="22">383.2178</dst>
      <dst id="7">144.6667</dst>
      <dst id="2">47940.2400</dst>
      <dst id="16">147.2622</dst>
      <dst id="14">0.4267</dst>
      <dst id="20">18.2667</dst>
      <dst id="11">3112.1600</dst>
      <dst id="9">183.8667</dst>
      <dst id="17">11163.1111</dst>
      <dst id="21">303.8400</dst>
      <dst id="15">136.1778</dst>
    </src>
    <src id="4">
      <dst id="12">5724.3467</dst>
      <dst id="19">4336.1600</dst>
      <dst id="23">67.6622</dst>
      <dst id="8">557.7511</dst>
      <dst id="18">1585.1733</dst>
      <dst id="4">119.0756</dst>
      <dst id="1">780.1156</dst>
      <dst id="5">1108.6844</dst>
      <dst id="3">9204.5511</dst>
      <dst id="22">2784.1156</dst>
      <dst id="7">41854.6844</dst>
      <dst id="2">16960.3378</dst>
      <dst id="16">1384.0622</dst>
      <dst id="14">1328.2222</dst>
      <dst id="20">1369.7067</dst>
      <dst id="11">1228.1244</dst>
      <dst id="9">1655.4311</dst>
      <dst id="17">40959.6711</dst>
      <dst id="21">6961.5733</dst>
      <dst id="15">1056.2400</dst>
    </src>
    <src id="1">
      <dst id="12">13356.1422</dst>
      <dst id="13">5113.4133</dst>
      <dst id="19">157.0222</dst>
      <dst id="23">36.3644</dst>
      <dst id="8">20.5689</dst>
      <dst id="18">15534.9333</dst>
      <dst id="4">8435.2089</dst>
      <dst id="1">95.3067</dst>
      <dst id="5">180.2756</dst>
      <dst id="3">20350.4533</dst>
      <dst id="10">1469.8133</dst>
      <dst id="22">798.3556</dst>
      <dst id="7">4787.4578</dst>
      <dst id="2">70834.3644</dst>
      <dst id="16">23153.6800</dst>
      <dst id="14">164.2222</dst>
      <dst id="20">259.3956</dst>
      <dst id="11">154.1156</dst>
      <dst id="9">1512.0711</dst>
      <dst id="17">7593.8311</dst>
      <dst id="21">11243.5200</dst>
      <dst id="15">653.1200</dst>
    </src>
    <src id="5">
      <dst id="12">27526.3911</dst>
      <dst id="13">859.7600</dst>
      <dst id="19">210.0356</dst>
      <dst id="23">1.5289</dst>
      <dst id="8">1417.4933</dst>
      <dst id="18">106.3378</dst>
      <dst id="4">7938.8444</dst>
      <dst id="1">3621.5378</dst>
      <dst id="3">351.6089</dst>
      <dst id="10">1045.3600</dst>
      <dst id="22">3392.9067</dst>
      <dst id="7">259.5378</dst>
      <dst id="2">233.0222</dst>
      <dst id="16">468.2133</dst>
      <dst id="14">23.5556</dst>
      <dst id="20">291.1733</dst>
      <dst id="11">1394.8533</dst>
      <dst id="9">73536.3467</dst>
      <dst id="17">381233.9289</dst>
      <dst id="21">179.1911</dst>
      <dst id="15">116.4089</dst>
    </src>
    <src id="3">
      <dst id="12">14947.0578</dst>
      <dst id="13">578.9511</dst>
      <dst id="19">808.1778</dst>
      <dst id="23">2.7556</dst>
      <dst id="8">41.6356</dst>
      <dst id="18">1768.7111</dst>
      <dst id="4">19910.6044</dst>
      <dst id="1">11051.9378</dst>
      <dst id="5">519.0667</dst>
      <dst id="3">13.5467</dst>
      <dst id="10">1367.0756</dst>
      <dst id="22">2112.3822</dst>
      <dst id="7">2522.1689</dst>
      <dst id="2">2004.7822</dst>
      <dst id="16">602.0444</dst>
      <dst id="14">75.3244</dst>
      <dst id="20">63.2000</dst>
      <dst id="11">312.0889</dst>
      <dst id="9">768.4800</dst>
      <dst id="17">103251.1644</dst>
      <dst id="21">12131.8400</dst>
      <dst id="15">4.9511</dst>
    </src>
    <src id="10">
      <dst id="12">30469.1556</dst>
      <dst id="19">2786.7289</dst>
      <dst id="23">722.9156</dst>
      <dst id="8">84123.7244</dst>
      <dst id="18">2306.3022</dst>
      <dst id="1">4292.7378</dst>
      <dst id="5">200152.5333</dst>
      <dst id="3">13675.6178</dst>
      <dst id="10">0.7289</dst>
      <dst id="22">4482.7644</dst>
      <dst id="7">52269.0400</dst>
      <dst id="2">34106.8978</dst>
      <dst id="16">1401.7156</dst>
      <dst id="14">38813.2978</dst>
      <dst id="20">1544.6400</dst>
      <dst id="11">165676.8178</dst>
      <dst id="9">258830.8622</dst>
      <dst id="17">27892.3378</dst>
      <dst id="21">10024.3644</dst>
      <dst id="15">118.5778</dst>
    </src>
    <src id="22">
      <dst id="12">2215.3956</dst>
      <dst id="13">4412.4711</dst>
      <dst id="19">216.4889</dst>
      <dst id="23">35.0578</dst>
      <dst id="8">505.4222</dst>
      <dst id="18">175.4578</dst>
      <dst id="4">13359.1022</dst>
      <dst id="1">231.3956</dst>
      <dst id="5">1889.7867</dst>
      <dst id="3">318.4267</dst>
      <dst id="10">874.5511</dst>
      <dst id="7">1037.9556</dst>
      <dst id="2">1884.0089</dst>
      <dst id="14">31.7333</dst>
      <dst id="11">454.0178</dst>
      <dst id="9">5700.0800</dst>
      <dst id="17">4226.2578</dst>
      <dst id="21">771.6089</dst>
    </src>
    <src id="7">
      <dst id="12">2968.7467</dst>
      <dst id="13">149.6444</dst>
      <dst id="19">281.1289</dst>
      <dst id="23">21.0667</dst>
      <dst id="8">202.0533</dst>
      <dst id="18">551.7511</dst>
      <dst id="4">20030.2756</dst>
      <dst id="1">20659.2978</dst>
      <dst id="5">1195.2178</dst>
      <dst id="3">41438.3378</dst>
      <dst id="10">173.0044</dst>
      <dst id="22">2689.6089</dst>
      <dst id="7">3.7333</dst>
      <dst id="2">1679.9200</dst>
      <dst id="16">1306.5867</dst>
      <dst id="14">121.0400</dst>
      <dst id="20">547.1733</dst>
      <dst id="11">241.7956</dst>
      <dst id="9">4174.8711</dst>
      <dst id="17">5344.2933</dst>
      <dst id="21">2243.5022</dst>
      <dst id="15">4168.0267</dst>
    </src>
    <src id="2">
      <dst id="12">109961.5911</dst>
      <dst id="13">5180.5600</dst>
      <dst id="19">117.1289</dst>
      <dst id="23">19.6267</dst>
      <dst id="8">128.9956</dst>
      <dst id="18">43606.4178</dst>
      <dst id="4">64894.3911</dst>
      <dst id="1">17262.9689</dst>
      <dst id="5">1567.6267</dst>
      <dst id="3">1019.3067</dst>
      <dst id="10">2790.0800</dst>
      <dst id="22">2623.9911</dst>
      <dst id="7">5022.5156</dst>
      <dst id="2">3032.8622</dst>
      <dst id="16">838.4178</dst>
      <dst id="14">180.2222</dst>
      <dst id="20">545.8489</dst>
      <dst id="11">2923.2622</dst>
      <dst id="9">3660.0533</dst>
      <dst id="17">13564.4356</dst>
      <dst id="21">6501.4667</dst>
      <dst id="15">209.7067</dst>
    </src>
    <src id="6">
      <dst id="12">812.0800</dst>
      <dst id="13">3.5289</dst>
      <dst id="19">16.7111</dst>
      <dst id="8">26.3111</dst>
      <dst id="4">75.5556</dst>
      <dst id="1">117.3333</dst>
      <dst id="5">38.0711</dst>
      <dst id="3">2.5778</dst>
      <dst id="10">1.4489</dst>
      <dst id="22">11.9378</dst>
      <dst id="7">8.1244</dst>
      <dst id="2">1785.2089</dst>
      <dst id="16">0.5244</dst>
      <dst id="20">0.5689</dst>
      <dst id="11">85.0044</dst>
      <dst id="9">0.7111</dst>
      <dst id="17">7247.4756</dst>
      <dst id="21">15.4044</dst>
      <dst id="15">11.4667</dst>
    </src>
    <src id="16">
      <dst id="12">2467.8667</dst>
      <dst id="13">191.7867</dst>
      <dst id="19">5582.3556</dst>
      <dst id="23">37.3689</dst>
      <dst id="8">3449.4933</dst>
      <dst id="18">139.1733</dst>
      <dst id="4">5463.8222</dst>
      <dst id="1">23280.3111</dst>
      <dst id="5">6571.7956</dst>
      <dst id="3">575.3511</dst>
      <dst id="10">717.1467</dst>
      <dst id="22">0.3556</dst>
      <dst id="7">55.2622</dst>
      <dst id="2">378.1244</dst>
      <dst id="16">23.2711</dst>
      <dst id="14">1615.3600</dst>
      <dst id="11">183.6533</dst>
      <dst id="9">10827.2978</dst>
      <dst id="17">4221.2889</dst>
      <dst id="21">1578.8533</dst>
    </src>
    <src id="14">
      <dst id="12">1620.6933</dst>
      <dst id="13">22.8178</dst>
      <dst id="19">20.6933</dst>
      <dst id="23">0.9244</dst>
      <dst id="8">0.5333</dst>
      <dst id="18">0.9600</dst>
      <dst id="4">1947.7067</dst>
      <dst id="1">1533.0222</dst>
      <dst id="5">14.9867</dst>
      <dst id="3">209.0222</dst>
      <dst id="10">40.0978</dst>
      <dst id="22">24.6400</dst>
      <dst id="7">94.0356</dst>
      <dst id="2">4840.9956</dst>
      <dst id="16">25.6711</dst>
      <dst id="14">217.1200</dst>
      <dst id="20">1.4756</dst>
      <dst id="11">5.9022</dst>
      <dst id="9">41.2622</dst>
      <dst id="17">32453.5378</dst>
      <dst id="21">55.8756</dst>
    </src>
    <src id="20">
      <dst id="12">661.6089</dst>
      <dst id="13">701.2889</dst>
      <dst id="19">18384.4444</dst>
      <dst id="23">5.4756</dst>
      <dst id="8">176.5422</dst>
      <dst id="18">388.1156</dst>
      <dst id="4">9706.0800</dst>
      <dst id="1">637.3156</dst>
      <dst id="5">75.9289</dst>
      <dst id="3">124.2311</dst>
      <dst id="10">38.8711</dst>
      <dst id="7">208.8178</dst>
      <dst id="2">6014.8889</dst>
      <dst id="14">4.1867</dst>
      <dst id="11">49.7067</dst>
      <dst id="9">1386.8800</dst>
      <dst id="17">21000.1511</dst>
      <dst id="21">1085.5378</dst>
    </src>
    <src id="11">
      <dst id="12">37758.3822</dst>
      <dst id="13">2786.0622</dst>
      <dst id="19">421.1644</dst>
      <dst id="23">7.1022</dst>
      <dst id="8">495.0933</dst>
      <dst id="18">1389.1467</dst>
      <dst id="4">7853.9467</dst>
      <dst id="1">1664.0622</dst>
      <dst id="5">865.2000</dst>
      <dst id="3">350.8622</dst>
      <dst id="10">231.5822</dst>
      <dst id="22">876.4178</dst>
      <dst id="7">286.4889</dst>
      <dst id="2">85500.3111</dst>
      <dst id="16">205.2000</dst>
      <dst id="14">43.6000</dst>
      <dst id="20">2063.6711</dst>
      <dst id="11">3272.4267</dst>
      <dst id="9">1416.0178</dst>
      <dst id="17">574359.3867</dst>
      <dst id="21">552.2044</dst>
      <dst id="15">1115.9111</dst>
    </src>
    <src id="9">
      <dst id="12">59786.4356</dst>
      <dst id="13">8033.1111</dst>
      <dst id="19">402.1867</dst>
      <dst id="23">15.8133</dst>
      <dst id="8">99717.7067</dst>
      <dst id="18">126.3644</dst>
      <dst id="4">5103.9733</dst>
      <dst id="1">7998.0444</dst>
      <dst id="5">11716.4089</dst>
      <dst id="3">853.8667</dst>
      <dst id="10">733.2267</dst>
      <dst id="22">5162.9600</dst>
      <dst id="7">659.5022</dst>
      <dst id="2">937.4400</dst>
      <dst id="16">798.3822</dst>
      <dst id="14">21.3156</dst>
      <dst id="20">1006.9778</dst>
      <dst id="11">764.8000</dst>
      <dst id="9">449817.9022</dst>
      <dst id="17">552775.1822</dst>
      <dst id="21">500.6844</dst>
      <dst id="15">13611.3956</dst>
    </src>
    <src id="17">
      <dst id="12">15187.7867</dst>
      <dst id="13">2348.8000</dst>
      <dst id="19">7980.9333</dst>
      <dst id="23">23.2000</dst>
      <dst id="8">528.9689</dst>
      <dst id="18">846.2667</dst>
      <dst id="4">41766.9600</dst>
      <dst id="1">1957.1378</dst>
      <dst id="5">167990.6400</dst>
      <dst id="3">4750.5600</dst>
      <dst id="10">3481.6978</dst>
      <dst id="22">7701.1911</dst>
      <dst id="7">3938.4267</dst>
      <dst id="2">6473.1911</dst>
      <dst id="16">4002.5067</dst>
      <dst id="14">28791.8133</dst>
      <dst id="20">1809.7511</dst>
      <dst id="11">120459.6622</dst>
      <dst id="9">1258.1689</dst>
      <dst id="17">10820.0000</dst>
      <dst id="21">11072.1956</dst>
      <dst id="15">75.9556</dst>
    </src>
    <src id="21">
      <dst id="12">6282.4356</dst>
      <dst id="13">410.2844</dst>
      <dst id="19">53.5289</dst>
      <dst id="23">5.9289</dst>
      <dst id="8">180.7200</dst>
      <dst id="18">2063.8311</dst>
      <dst id="4">11280.9956</dst>
      <dst id="1">2997.8133</dst>
      <dst id="5">231.9911</dst>
      <dst id="3">2931.9911</dst>
      <dst id="10">427.1200</dst>
      <dst id="22">1629.6356</dst>
      <dst id="7">795.5556</dst>
      <dst id="2">14054.5689</dst>
      <dst id="16">357.0311</dst>
      <dst id="14">63.5111</dst>
      <dst id="20">3112.3822</dst>
      <dst id="11">443.0400</dst>
      <dst id="9">370.2400</dst>
      <dst id="17">28886.2222</dst>
      <dst id="21">1600.0178</dst>
      <dst id="15">1085.9556</dst>
    </src>
    <src id="15">
      <dst id="12">243.2267</dst>
      <dst id="13">236.1333</dst>
      <dst id="19">1.2089</dst>
      <dst id="23">1.0667</dst>
      <dst id="8">13.5378</dst>
      <dst id="18">21.6978</dst>
      <dst id="4">522.6489</dst>
      <dst id="1">167.7244</dst>
      <dst id="5">211.8133</dst>
      <dst id="3">23.3156</dst>
      <dst id="10">27.3689</dst>
      <dst id="7">73.6711</dst>
      <dst id="2">44.9689</dst>
      <dst id="14">1.0756</dst>
      <dst id="11">197.5822</dst>
      <dst id="9">6436.0000</dst>
      <dst id="17">162.0889</dst>
      <dst id="21">60.7822</dst>
    </src>
  </IntraTM>
</TrafficMatrixFile>
