<?xml version="1.0" encoding="UTF-8" standalone="yes"?>
<TrafficMatrixFile xmlns:xsi="http://www.w3.org/2001/XMLSchema-instance" xsi:noNamespaceSchemaLocation="http://totem.run.montefiore.ulg.ac.be/Schema/TrafficMatrix-v1_2.xsd">
  <info>
    <title>Intradomain traffic matrix generated by geant-TM-all.pl</title>
    <date>2005-02-07T15:45:00</date>
    <duration>900</duration>
    <author>Steve Uhlig</author>
    <units>
        <unit type="bandwidth" value="kbps"/>
    </units>
  </info>
  <IntraTM ASID="20965">
    <src id="12">
      <dst id="12">252082.1600</dst>
      <dst id="13">12926.3556</dst>
      <dst id="19">5889.8044</dst>
      <dst id="23">632.8978</dst>
      <dst id="8">108.6044</dst>
      <dst id="18">49393.7689</dst>
      <dst id="4">77723.8400</dst>
      <dst id="1">8891.3156</dst>
      <dst id="5">961.5911</dst>
      <dst id="3">737.6089</dst>
      <dst id="10">8422.1689</dst>
      <dst id="22">4664.8089</dst>
      <dst id="7">974.0178</dst>
      <dst id="2">40725.0667</dst>
      <dst id="6">13.8667</dst>
      <dst id="16">9292.1867</dst>
      <dst id="14">181.5822</dst>
      <dst id="20">1409.1822</dst>
      <dst id="11">379.6622</dst>
      <dst id="9">4012.7200</dst>
      <dst id="17">36500.2311</dst>
      <dst id="21">1608.6844</dst>
      <dst id="15">2354.0533</dst>
    </src>
    <src id="13">
      <dst id="12">25584.1511</dst>
      <dst id="19">5238.2489</dst>
      <dst id="23">2019.1733</dst>
      <dst id="8">981.6444</dst>
      <dst id="18">2978.6667</dst>
      <dst id="1">4773.7422</dst>
      <dst id="5">3982.9689</dst>
      <dst id="3">706.1422</dst>
      <dst id="22">6695.8222</dst>
      <dst id="7">8821.8489</dst>
      <dst id="2">45081.8222</dst>
      <dst id="6">269.6800</dst>
      <dst id="16">3586.6933</dst>
      <dst id="14">4919.6889</dst>
      <dst id="20">9151.9644</dst>
      <dst id="11">257.9822</dst>
      <dst id="9">9490.1867</dst>
      <dst id="17">54712.9511</dst>
      <dst id="21">5044.6311</dst>
      <dst id="15">1765.0578</dst>
    </src>
    <src id="19">
      <dst id="12">11210.1067</dst>
      <dst id="13">10022.0978</dst>
      <dst id="23">1.7778</dst>
      <dst id="8">483.3422</dst>
      <dst id="18">0.8533</dst>
      <dst id="4">18907.0578</dst>
      <dst id="1">17.9378</dst>
      <dst id="5">1.4222</dst>
      <dst id="3">1.7600</dst>
      <dst id="10">180.1689</dst>
      <dst id="22">165.9911</dst>
      <dst id="7">3795.2178</dst>
      <dst id="2">1481.4489</dst>
      <dst id="6">36.1600</dst>
      <dst id="16">15271.8311</dst>
      <dst id="20">107.1911</dst>
      <dst id="11">13.5556</dst>
      <dst id="9">135.1822</dst>
      <dst id="17">3127.2800</dst>
      <dst id="21">99.9022</dst>
      <dst id="15">96.3467</dst>
    </src>
    <src id="23">
      <dst id="12">1481.8489</dst>
      <dst id="13">31.8933</dst>
      <dst id="19">0.3378</dst>
      <dst id="8">0.3556</dst>
      <dst id="18">8867.9644</dst>
      <dst id="4">2824.0089</dst>
      <dst id="1">17.7244</dst>
      <dst id="10">248.3022</dst>
      <dst id="22">21.3333</dst>
      <dst id="7">1343.7867</dst>
      <dst id="2">66.9067</dst>
      <dst id="16">391.1022</dst>
      <dst id="20">1.3867</dst>
      <dst id="9">1.1733</dst>
      <dst id="17">242.4622</dst>
      <dst id="21">13.4133</dst>
      <dst id="15">27.1289</dst>
    </src>
    <src id="8">
      <dst id="12">82823.0756</dst>
      <dst id="13">127.3600</dst>
      <dst id="19">15.1200</dst>
      <dst id="23">1.9644</dst>
      <dst id="18">7.2089</dst>
      <dst id="4">1265.0133</dst>
      <dst id="1">2676.8978</dst>
      <dst id="5">523.7422</dst>
      <dst id="3">1.7867</dst>
      <dst id="10">104.6133</dst>
      <dst id="22">1794.7644</dst>
      <dst id="7">271.0044</dst>
      <dst id="2">224.6044</dst>
      <dst id="16">128.9956</dst>
      <dst id="14">51.6533</dst>
      <dst id="20">17.3511</dst>
      <dst id="9">135812.4533</dst>
      <dst id="17">265578.9600</dst>
      <dst id="21">52.1867</dst>
      <dst id="15">241.7333</dst>
    </src>
    <src id="18">
      <dst id="12">150710.4533</dst>
      <dst id="13">274.8000</dst>
      <dst id="19">2.1422</dst>
      <dst id="23">166.9689</dst>
      <dst id="8">82.5333</dst>
      <dst id="4">743.2356</dst>
      <dst id="1">600.1067</dst>
      <dst id="5">245.0133</dst>
      <dst id="3">968.7556</dst>
      <dst id="10">512.6756</dst>
      <dst id="22">71.6444</dst>
      <dst id="7">156.5689</dst>
      <dst id="2">40777.6444</dst>
      <dst id="6">0.3556</dst>
      <dst id="16">33.6711</dst>
      <dst id="20">0.3556</dst>
      <dst id="11">5.6978</dst>
      <dst id="9">133.8578</dst>
      <dst id="17">12825.1733</dst>
      <dst id="21">1010.8267</dst>
      <dst id="15">0.8178</dst>
    </src>
    <src id="4">
      <dst id="12">5754.5067</dst>
      <dst id="19">3302.3644</dst>
      <dst id="23">225.7867</dst>
      <dst id="8">145.0844</dst>
      <dst id="18">2148.0622</dst>
      <dst id="4">627.1378</dst>
      <dst id="1">174083.4489</dst>
      <dst id="5">1206.4444</dst>
      <dst id="3">1919.5111</dst>
      <dst id="22">2040.6844</dst>
      <dst id="7">66641.2267</dst>
      <dst id="2">38376.5067</dst>
      <dst id="6">0.3556</dst>
      <dst id="16">1564.8000</dst>
      <dst id="14">854.0267</dst>
      <dst id="20">1357.6356</dst>
      <dst id="11">115.0933</dst>
      <dst id="9">1596.0978</dst>
      <dst id="17">15223.7867</dst>
      <dst id="21">4640.9422</dst>
      <dst id="15">97.4844</dst>
    </src>
    <src id="1">
      <dst id="12">10349.5111</dst>
      <dst id="13">822.6667</dst>
      <dst id="19">29.2089</dst>
      <dst id="23">71.1733</dst>
      <dst id="8">0.9244</dst>
      <dst id="18">13934.0800</dst>
      <dst id="4">8401.6711</dst>
      <dst id="1">75125.6622</dst>
      <dst id="5">133.8933</dst>
      <dst id="3">62.9067</dst>
      <dst id="10">89.2622</dst>
      <dst id="22">54.6756</dst>
      <dst id="7">2886.4533</dst>
      <dst id="2">2109.8933</dst>
      <dst id="6">1.6356</dst>
      <dst id="16">25764.2667</dst>
      <dst id="14">400.7644</dst>
      <dst id="20">8510.8978</dst>
      <dst id="11">475.8489</dst>
      <dst id="9">1101.9200</dst>
      <dst id="17">4293.0756</dst>
      <dst id="21">14232.0889</dst>
      <dst id="15">89.6978</dst>
    </src>
    <src id="5">
      <dst id="12">15502.5600</dst>
      <dst id="13">285.8044</dst>
      <dst id="19">57.8044</dst>
      <dst id="8">352.4000</dst>
      <dst id="18">61.3511</dst>
      <dst id="4">2726.0978</dst>
      <dst id="1">5649.5200</dst>
      <dst id="3">110.8800</dst>
      <dst id="10">267.7600</dst>
      <dst id="22">3106.8978</dst>
      <dst id="7">260.6844</dst>
      <dst id="2">1659.7511</dst>
      <dst id="6">1.1378</dst>
      <dst id="16">344.0089</dst>
      <dst id="14">0.4622</dst>
      <dst id="20">1039.8133</dst>
      <dst id="11">8.0800</dst>
      <dst id="9">51919.2533</dst>
      <dst id="17">322643.8756</dst>
      <dst id="21">126.1778</dst>
      <dst id="15">68.9689</dst>
    </src>
    <src id="3">
      <dst id="12">4263.1556</dst>
      <dst id="13">228.6222</dst>
      <dst id="19">1324.4711</dst>
      <dst id="23">29.3600</dst>
      <dst id="8">3.5289</dst>
      <dst id="18">31.9200</dst>
      <dst id="4">31326.6311</dst>
      <dst id="1">4108.3822</dst>
      <dst id="5">321.6978</dst>
      <dst id="3">69.0489</dst>
      <dst id="10">300.0622</dst>
      <dst id="22">1074.3289</dst>
      <dst id="7">806.7467</dst>
      <dst id="2">1915.7689</dst>
      <dst id="16">2137.5733</dst>
      <dst id="14">75.1200</dst>
      <dst id="20">134.2400</dst>
      <dst id="11">157.7689</dst>
      <dst id="9">1275.5289</dst>
      <dst id="17">26181.7778</dst>
      <dst id="21">17241.9822</dst>
      <dst id="15">23.7867</dst>
    </src>
    <src id="10">
      <dst id="12">126768.0000</dst>
      <dst id="19">322.0000</dst>
      <dst id="23">628.3911</dst>
      <dst id="8">56848.2578</dst>
      <dst id="18">3929.1911</dst>
      <dst id="1">1732.2667</dst>
      <dst id="5">147574.3644</dst>
      <dst id="3">10557.1111</dst>
      <dst id="22">2187.4222</dst>
      <dst id="7">65339.5556</dst>
      <dst id="2">15539.0311</dst>
      <dst id="6">10070.5689</dst>
      <dst id="16">226.2311</dst>
      <dst id="14">20988.7289</dst>
      <dst id="20">159.0578</dst>
      <dst id="11">12606.7822</dst>
      <dst id="9">165552.7022</dst>
      <dst id="17">37927.0756</dst>
      <dst id="21">19998.1689</dst>
      <dst id="15">309.8578</dst>
    </src>
    <src id="22">
      <dst id="12">4590.6667</dst>
      <dst id="13">1284.4444</dst>
      <dst id="19">7.8844</dst>
      <dst id="23">1196.2311</dst>
      <dst id="8">1189.2622</dst>
      <dst id="18">456.6667</dst>
      <dst id="4">12520.4089</dst>
      <dst id="1">66.5067</dst>
      <dst id="5">2153.3600</dst>
      <dst id="3">98.5778</dst>
      <dst id="10">912.1956</dst>
      <dst id="7">941.8489</dst>
      <dst id="2">1754.2667</dst>
      <dst id="6">27.0578</dst>
      <dst id="14">20.5778</dst>
      <dst id="11">3.2000</dst>
      <dst id="9">1371.0133</dst>
      <dst id="17">9433.8222</dst>
      <dst id="21">400.7378</dst>
    </src>
    <src id="7">
      <dst id="12">2108.2489</dst>
      <dst id="13">212.6311</dst>
      <dst id="19">149.8933</dst>
      <dst id="23">67.7422</dst>
      <dst id="8">144.4622</dst>
      <dst id="18">192.2222</dst>
      <dst id="4">11167.1022</dst>
      <dst id="1">1228.3822</dst>
      <dst id="5">558.6933</dst>
      <dst id="3">40.1333</dst>
      <dst id="10">233.3333</dst>
      <dst id="22">1816.7911</dst>
      <dst id="7">662.4711</dst>
      <dst id="2">3414.6933</dst>
      <dst id="6">451.7778</dst>
      <dst id="16">346.2578</dst>
      <dst id="14">107.2267</dst>
      <dst id="20">540.8711</dst>
      <dst id="11">71.2089</dst>
      <dst id="9">1478.7378</dst>
      <dst id="17">11787.0044</dst>
      <dst id="21">1027.2444</dst>
      <dst id="15">6868.8000</dst>
    </src>
    <src id="2">
      <dst id="12">61988.0800</dst>
      <dst id="13">2476.9867</dst>
      <dst id="19">1943.5022</dst>
      <dst id="8">144.0889</dst>
      <dst id="18">40723.1644</dst>
      <dst id="4">51063.1378</dst>
      <dst id="1">2740.8089</dst>
      <dst id="5">591.9911</dst>
      <dst id="3">28.6844</dst>
      <dst id="10">1993.3689</dst>
      <dst id="22">619.6178</dst>
      <dst id="7">4027.4756</dst>
      <dst id="2">310.7822</dst>
      <dst id="6">6566.4800</dst>
      <dst id="16">3227.4044</dst>
      <dst id="14">152.9333</dst>
      <dst id="20">131.8844</dst>
      <dst id="11">103.6267</dst>
      <dst id="9">5526.5333</dst>
      <dst id="17">26065.4222</dst>
      <dst id="21">569.4311</dst>
      <dst id="15">50.0711</dst>
    </src>
    <src id="6">
      <dst id="12">5414.2400</dst>
      <dst id="13">15.9467</dst>
      <dst id="19">0.4444</dst>
      <dst id="8">0.3556</dst>
      <dst id="4">56.8889</dst>
      <dst id="1">181.1644</dst>
      <dst id="5">45.1556</dst>
      <dst id="10">0.8533</dst>
      <dst id="22">1.0844</dst>
      <dst id="7">50.4356</dst>
      <dst id="2">2078.9156</dst>
      <dst id="16">1.2089</dst>
      <dst id="9">5.4578</dst>
      <dst id="17">9021.0044</dst>
      <dst id="21">1.7511</dst>
    </src>
    <src id="16">
      <dst id="12">4143.8578</dst>
      <dst id="13">148.0978</dst>
      <dst id="19">3392.9867</dst>
      <dst id="23">2034.3111</dst>
      <dst id="8">1154.5867</dst>
      <dst id="18">2.1422</dst>
      <dst id="4">3051.1289</dst>
      <dst id="1">20535.9022</dst>
      <dst id="5">3625.5378</dst>
      <dst id="10">262.4889</dst>
      <dst id="7">934.6578</dst>
      <dst id="2">810.3911</dst>
      <dst id="6">19.2800</dst>
      <dst id="16">22.7289</dst>
      <dst id="14">12.4533</dst>
      <dst id="11">16.0444</dst>
      <dst id="9">4963.3156</dst>
      <dst id="17">1549.3067</dst>
      <dst id="21">70.0089</dst>
    </src>
    <src id="14">
      <dst id="12">2929.6444</dst>
      <dst id="13">42.2667</dst>
      <dst id="19">2.8089</dst>
      <dst id="23">0.9244</dst>
      <dst id="8">2.1333</dst>
      <dst id="18">1.2444</dst>
      <dst id="4">1230.4889</dst>
      <dst id="1">323.3156</dst>
      <dst id="5">12.2844</dst>
      <dst id="3">49.9556</dst>
      <dst id="10">12.4000</dst>
      <dst id="22">1.7244</dst>
      <dst id="7">55.7689</dst>
      <dst id="2">4611.4844</dst>
      <dst id="16">1.6089</dst>
      <dst id="11">0.6222</dst>
      <dst id="9">16.2933</dst>
      <dst id="17">26680.3733</dst>
      <dst id="21">61.8400</dst>
    </src>
    <src id="20">
      <dst id="12">3209.7778</dst>
      <dst id="13">7002.4978</dst>
      <dst id="19">16.4978</dst>
      <dst id="23">27.0044</dst>
      <dst id="8">196.1156</dst>
      <dst id="18">13.9022</dst>
      <dst id="4">5074.6933</dst>
      <dst id="1">273.4489</dst>
      <dst id="5">104.5067</dst>
      <dst id="10">146.3644</dst>
      <dst id="7">46.2133</dst>
      <dst id="2">1420.5778</dst>
      <dst id="6">0.8622</dst>
      <dst id="14">5.1556</dst>
      <dst id="9">3025.7511</dst>
      <dst id="17">26500.2756</dst>
      <dst id="21">1771.7244</dst>
    </src>
    <src id="11">
      <dst id="12">130694.9689</dst>
      <dst id="13">921.6800</dst>
      <dst id="19">523.6622</dst>
      <dst id="23">27.6711</dst>
      <dst id="8">111.4844</dst>
      <dst id="18">266.5067</dst>
      <dst id="4">4726.6311</dst>
      <dst id="1">1053.5111</dst>
      <dst id="5">272.4356</dst>
      <dst id="3">97.8044</dst>
      <dst id="10">3424.9067</dst>
      <dst id="22">643.6444</dst>
      <dst id="7">344.7733</dst>
      <dst id="2">75527.6889</dst>
      <dst id="6">0.7111</dst>
      <dst id="16">198.4089</dst>
      <dst id="14">3.4489</dst>
      <dst id="20">1210.5600</dst>
      <dst id="11">644.3556</dst>
      <dst id="9">755.2533</dst>
      <dst id="17">552989.2000</dst>
      <dst id="21">889.2178</dst>
      <dst id="15">246.1156</dst>
    </src>
    <src id="9">
      <dst id="12">21516.6311</dst>
      <dst id="13">2801.2267</dst>
      <dst id="19">12.3644</dst>
      <dst id="23">0.3556</dst>
      <dst id="8">72196.3556</dst>
      <dst id="18">62.1156</dst>
      <dst id="4">11299.4311</dst>
      <dst id="1">11460.7822</dst>
      <dst id="5">635.8933</dst>
      <dst id="3">26.2756</dst>
      <dst id="10">1337.7156</dst>
      <dst id="22">934.1067</dst>
      <dst id="7">95.6533</dst>
      <dst id="2">627.6711</dst>
      <dst id="6">13.2622</dst>
      <dst id="16">765.7511</dst>
      <dst id="14">14.6844</dst>
      <dst id="20">724.3378</dst>
      <dst id="11">66.6667</dst>
      <dst id="9">402337.9022</dst>
      <dst id="17">435208.2489</dst>
      <dst id="21">389.5467</dst>
      <dst id="15">577.7778</dst>
    </src>
    <src id="17">
      <dst id="12">94890.2667</dst>
      <dst id="13">1585.8222</dst>
      <dst id="19">7121.0311</dst>
      <dst id="23">17.8489</dst>
      <dst id="8">36.4267</dst>
      <dst id="18">264.4178</dst>
      <dst id="4">30278.8978</dst>
      <dst id="1">15583.3422</dst>
      <dst id="5">127435.3067</dst>
      <dst id="3">2699.9022</dst>
      <dst id="10">844.1244</dst>
      <dst id="22">1989.2000</dst>
      <dst id="7">7214.6400</dst>
      <dst id="2">5643.8578</dst>
      <dst id="6">31.8933</dst>
      <dst id="16">3822.7733</dst>
      <dst id="14">11308.6311</dst>
      <dst id="20">507.9556</dst>
      <dst id="11">17760.4089</dst>
      <dst id="9">1504.8444</dst>
      <dst id="17">22004.0978</dst>
      <dst id="21">5533.5467</dst>
      <dst id="15">46.2578</dst>
    </src>
    <src id="21">
      <dst id="12">5027.7333</dst>
      <dst id="13">289.4756</dst>
      <dst id="19">110.3111</dst>
      <dst id="23">497.2533</dst>
      <dst id="8">17.2889</dst>
      <dst id="18">332.9067</dst>
      <dst id="4">8650.4711</dst>
      <dst id="1">975.8489</dst>
      <dst id="5">774.0356</dst>
      <dst id="3">735.4844</dst>
      <dst id="10">312.4444</dst>
      <dst id="22">499.7956</dst>
      <dst id="7">1714.6044</dst>
      <dst id="2">5399.9733</dst>
      <dst id="6">4.0533</dst>
      <dst id="16">201.5911</dst>
      <dst id="14">64.8267</dst>
      <dst id="20">2145.7600</dst>
      <dst id="11">100.5511</dst>
      <dst id="9">595.0311</dst>
      <dst id="17">21447.0222</dst>
      <dst id="21">1478.6578</dst>
      <dst id="15">84.7289</dst>
    </src>
    <src id="15">
      <dst id="12">3868.1244</dst>
      <dst id="13">170.2044</dst>
      <dst id="19">4855.5822</dst>
      <dst id="23">2.7911</dst>
      <dst id="8">83.5111</dst>
      <dst id="18">26.6667</dst>
      <dst id="4">529.4133</dst>
      <dst id="1">52.0000</dst>
      <dst id="5">271.8844</dst>
      <dst id="3">13.7511</dst>
      <dst id="10">162.9333</dst>
      <dst id="7">425.6444</dst>
      <dst id="2">25.9200</dst>
      <dst id="11">2.3822</dst>
      <dst id="9">338.0089</dst>
      <dst id="17">1265.7600</dst>
      <dst id="21">71.3244</dst>
    </src>
  </IntraTM>
</TrafficMatrixFile>
