<?xml version="1.0" encoding="UTF-8" standalone="yes"?>
<TrafficMatrixFile xmlns:xsi="http://www.w3.org/2001/XMLSchema-instance" xsi:noNamespaceSchemaLocation="http://totem.run.montefiore.ulg.ac.be/Schema/TrafficMatrix-v1_2.xsd">
  <info>
    <title>Intradomain traffic matrix generated by geant-TM-all.pl</title>
    <date>2005-02-21T00:00:00</date>
    <duration>900</duration>
    <author>Steve Uhlig</author>
    <units>
        <unit type="bandwidth" value="kbps"/>
    </units>
  </info>
  <IntraTM ASID="20965">
    <src id="12">
      <dst id="12">256062.8889</dst>
      <dst id="13">399525.9733</dst>
      <dst id="19">14858.9689</dst>
      <dst id="23">238.3822</dst>
      <dst id="8">5292.5244</dst>
      <dst id="18">118169.1733</dst>
      <dst id="4">22314.9067</dst>
      <dst id="1">13286.4267</dst>
      <dst id="5">1512.2844</dst>
      <dst id="3">405.3511</dst>
      <dst id="10">9008.0800</dst>
      <dst id="22">8372.7733</dst>
      <dst id="7">13452.3733</dst>
      <dst id="2">26969.6267</dst>
      <dst id="6">20.1689</dst>
      <dst id="16">15897.3156</dst>
      <dst id="14">1330.8533</dst>
      <dst id="20">4709.5644</dst>
      <dst id="11">75.5911</dst>
      <dst id="9">14180.2400</dst>
      <dst id="17">96405.9733</dst>
      <dst id="21">9266.7644</dst>
      <dst id="15">3246.0356</dst>
    </src>
    <src id="13">
      <dst id="12">17307.7067</dst>
      <dst id="19">14505.0222</dst>
      <dst id="23">168.4622</dst>
      <dst id="8">8174.3467</dst>
      <dst id="18">818.8711</dst>
      <dst id="1">772.3289</dst>
      <dst id="5">2774.4444</dst>
      <dst id="3">126.1600</dst>
      <dst id="22">6467.4133</dst>
      <dst id="7">2211.1378</dst>
      <dst id="2">9412.0622</dst>
      <dst id="6">16.7911</dst>
      <dst id="16">1207.0044</dst>
      <dst id="14">61.8400</dst>
      <dst id="20">3475.5022</dst>
      <dst id="11">406.6756</dst>
      <dst id="9">5333.6267</dst>
      <dst id="17">25968.0089</dst>
      <dst id="21">862.2133</dst>
      <dst id="15">1279.3778</dst>
    </src>
    <src id="19">
      <dst id="12">23861.8133</dst>
      <dst id="13">1809.7067</dst>
      <dst id="23">154.1333</dst>
      <dst id="8">112.3289</dst>
      <dst id="18">453.2444</dst>
      <dst id="4">16101.5467</dst>
      <dst id="1">339.6356</dst>
      <dst id="5">61.3956</dst>
      <dst id="3">392.5333</dst>
      <dst id="10">858.7644</dst>
      <dst id="22">269.5289</dst>
      <dst id="7">19802.4978</dst>
      <dst id="2">2494.8089</dst>
      <dst id="6">51.5911</dst>
      <dst id="16">12583.1022</dst>
      <dst id="14">7.7511</dst>
      <dst id="20">40.0978</dst>
      <dst id="11">71.1822</dst>
      <dst id="9">3764.8889</dst>
      <dst id="17">2068.7822</dst>
      <dst id="21">149.5556</dst>
      <dst id="15">1.5378</dst>
    </src>
    <src id="23">
      <dst id="12">2446.8267</dst>
      <dst id="13">198.6133</dst>
      <dst id="19">9578.4889</dst>
      <dst id="8">6.4711</dst>
      <dst id="18">208.7111</dst>
      <dst id="4">702.9511</dst>
      <dst id="1">264.8444</dst>
      <dst id="5">266.6667</dst>
      <dst id="3">93.3333</dst>
      <dst id="10">598.0356</dst>
      <dst id="22">58.0356</dst>
      <dst id="7">1708.4356</dst>
      <dst id="2">159.2978</dst>
      <dst id="6">4.2400</dst>
      <dst id="16">392.9867</dst>
      <dst id="14">12.6222</dst>
      <dst id="20">185.8844</dst>
      <dst id="11">16.3111</dst>
      <dst id="9">183.4222</dst>
      <dst id="17">29135.9733</dst>
      <dst id="21">489.1378</dst>
      <dst id="15">13.3333</dst>
    </src>
    <src id="8">
      <dst id="12">22709.9378</dst>
      <dst id="13">1500.3644</dst>
      <dst id="19">156.4267</dst>
      <dst id="23">8.8178</dst>
      <dst id="18">369.7333</dst>
      <dst id="4">2119.0933</dst>
      <dst id="1">6195.2978</dst>
      <dst id="5">5668.5778</dst>
      <dst id="3">274.3022</dst>
      <dst id="10">463.8578</dst>
      <dst id="22">418.0533</dst>
      <dst id="7">732.2400</dst>
      <dst id="2">829.5822</dst>
      <dst id="6">0.7111</dst>
      <dst id="16">811.3600</dst>
      <dst id="14">35.3956</dst>
      <dst id="20">519.5556</dst>
      <dst id="11">1266.6667</dst>
      <dst id="9">201729.1289</dst>
      <dst id="17">483823.7067</dst>
      <dst id="21">1201.2711</dst>
      <dst id="15">123.2978</dst>
    </src>
    <src id="18">
      <dst id="12">135970.8978</dst>
      <dst id="13">594.8267</dst>
      <dst id="19">244.0089</dst>
      <dst id="23">17.5822</dst>
      <dst id="8">115.9822</dst>
      <dst id="4">334.7289</dst>
      <dst id="1">489.8400</dst>
      <dst id="5">235.7867</dst>
      <dst id="3">376.6756</dst>
      <dst id="10">345.6000</dst>
      <dst id="22">240.6044</dst>
      <dst id="7">501.5378</dst>
      <dst id="2">23178.8889</dst>
      <dst id="16">4.8444</dst>
      <dst id="20">95.5467</dst>
      <dst id="11">34.8800</dst>
      <dst id="9">5683.6622</dst>
      <dst id="17">16458.1333</dst>
      <dst id="21">1530.7556</dst>
      <dst id="15">7.2267</dst>
    </src>
    <src id="4">
      <dst id="12">54779.0933</dst>
      <dst id="13">3168.4444</dst>
      <dst id="19">9874.1956</dst>
      <dst id="23">2814.0000</dst>
      <dst id="8">5002.4089</dst>
      <dst id="18">9816.4178</dst>
      <dst id="4">34.2133</dst>
      <dst id="1">34337.6533</dst>
      <dst id="5">6403.7689</dst>
      <dst id="3">2448.4000</dst>
      <dst id="22">15619.1378</dst>
      <dst id="7">80464.7200</dst>
      <dst id="2">115639.0222</dst>
      <dst id="6">258.1333</dst>
      <dst id="16">8543.1022</dst>
      <dst id="14">3023.3156</dst>
      <dst id="20">16322.8800</dst>
      <dst id="11">462.0978</dst>
      <dst id="9">7793.4044</dst>
      <dst id="17">132772.2667</dst>
      <dst id="21">24058.7378</dst>
      <dst id="15">5070.0622</dst>
    </src>
    <src id="1">
      <dst id="12">40744.1778</dst>
      <dst id="13">3067.2622</dst>
      <dst id="19">529.9911</dst>
      <dst id="23">183.5467</dst>
      <dst id="8">244.6578</dst>
      <dst id="18">22345.3333</dst>
      <dst id="4">3437.2089</dst>
      <dst id="1">35646.6578</dst>
      <dst id="5">138.1600</dst>
      <dst id="3">426.7200</dst>
      <dst id="10">2084.1333</dst>
      <dst id="22">990.9600</dst>
      <dst id="7">27991.4133</dst>
      <dst id="2">31391.1022</dst>
      <dst id="6">29.7422</dst>
      <dst id="16">20960.7822</dst>
      <dst id="14">142.5689</dst>
      <dst id="20">5211.3067</dst>
      <dst id="11">96.2578</dst>
      <dst id="9">3616.8444</dst>
      <dst id="17">40659.2533</dst>
      <dst id="21">29548.7644</dst>
      <dst id="15">193.3333</dst>
    </src>
    <src id="5">
      <dst id="12">17084.3378</dst>
      <dst id="13">582.2933</dst>
      <dst id="19">351.5733</dst>
      <dst id="23">2.4889</dst>
      <dst id="8">10287.5200</dst>
      <dst id="18">255.9911</dst>
      <dst id="4">1481.9289</dst>
      <dst id="1">3992.3822</dst>
      <dst id="3">19.7422</dst>
      <dst id="10">194.0356</dst>
      <dst id="22">6085.4667</dst>
      <dst id="7">535.0578</dst>
      <dst id="2">737.2267</dst>
      <dst id="6">16.4622</dst>
      <dst id="16">3925.7156</dst>
      <dst id="14">38.4800</dst>
      <dst id="20">1066.1600</dst>
      <dst id="11">3.1111</dst>
      <dst id="9">113706.7467</dst>
      <dst id="17">415324.0089</dst>
      <dst id="21">93.1022</dst>
      <dst id="15">187.3956</dst>
    </src>
    <src id="3">
      <dst id="12">15019.3422</dst>
      <dst id="13">1050.4089</dst>
      <dst id="19">3515.0044</dst>
      <dst id="23">204.8444</dst>
      <dst id="8">314.0711</dst>
      <dst id="18">617.6000</dst>
      <dst id="4">101833.5556</dst>
      <dst id="1">10828.0356</dst>
      <dst id="5">714.5156</dst>
      <dst id="3">2.2044</dst>
      <dst id="10">967.7156</dst>
      <dst id="22">1005.8489</dst>
      <dst id="7">2231.6444</dst>
      <dst id="2">7707.5111</dst>
      <dst id="6">19.5911</dst>
      <dst id="16">4155.8222</dst>
      <dst id="14">112.3200</dst>
      <dst id="20">493.3333</dst>
      <dst id="11">96.8533</dst>
      <dst id="9">711.2800</dst>
      <dst id="17">33300.6222</dst>
      <dst id="21">2250.1867</dst>
      <dst id="15">268.0267</dst>
    </src>
    <src id="10">
      <dst id="12">174621.3689</dst>
      <dst id="19">1964.5244</dst>
      <dst id="23">11501.5111</dst>
      <dst id="8">139209.4578</dst>
      <dst id="18">4472.6311</dst>
      <dst id="1">4103.8844</dst>
      <dst id="5">180599.3422</dst>
      <dst id="3">14142.1333</dst>
      <dst id="22">5132.1422</dst>
      <dst id="7">25120.9422</dst>
      <dst id="2">42220.8800</dst>
      <dst id="6">27540.7733</dst>
      <dst id="16">1608.4533</dst>
      <dst id="14">27956.3467</dst>
      <dst id="20">8786.9511</dst>
      <dst id="11">19762.1156</dst>
      <dst id="9">231193.4933</dst>
      <dst id="17">76307.7244</dst>
      <dst id="21">13597.1644</dst>
      <dst id="15">875.7244</dst>
    </src>
    <src id="22">
      <dst id="12">16133.0400</dst>
      <dst id="13">6831.7067</dst>
      <dst id="19">368.9956</dst>
      <dst id="23">4199.5111</dst>
      <dst id="8">1883.6533</dst>
      <dst id="18">1207.4667</dst>
      <dst id="4">7460.3200</dst>
      <dst id="1">608.2844</dst>
      <dst id="5">2811.0578</dst>
      <dst id="3">490.9333</dst>
      <dst id="10">1850.1156</dst>
      <dst id="7">7384.2578</dst>
      <dst id="2">5422.0356</dst>
      <dst id="6">1.5911</dst>
      <dst id="14">44.1778</dst>
      <dst id="11">81.8222</dst>
      <dst id="9">2229.9022</dst>
      <dst id="17">8754.8889</dst>
      <dst id="21">1947.6444</dst>
    </src>
    <src id="7">
      <dst id="12">12477.9822</dst>
      <dst id="13">1238.6756</dst>
      <dst id="19">1888.7467</dst>
      <dst id="23">377.0756</dst>
      <dst id="8">614.1244</dst>
      <dst id="18">4329.5822</dst>
      <dst id="4">26391.0667</dst>
      <dst id="1">62686.5511</dst>
      <dst id="5">1271.2711</dst>
      <dst id="3">314.8000</dst>
      <dst id="10">2572.0089</dst>
      <dst id="22">2429.3511</dst>
      <dst id="7">716.6667</dst>
      <dst id="2">10618.5422</dst>
      <dst id="6">15.6356</dst>
      <dst id="16">895.8044</dst>
      <dst id="14">50.0000</dst>
      <dst id="20">3770.6222</dst>
      <dst id="11">298.5333</dst>
      <dst id="9">1942.9244</dst>
      <dst id="17">20111.7778</dst>
      <dst id="21">3027.2978</dst>
      <dst id="15">260.1778</dst>
    </src>
    <src id="2">
      <dst id="12">87225.1644</dst>
      <dst id="13">10516.3022</dst>
      <dst id="19">2916.2489</dst>
      <dst id="23">22.3467</dst>
      <dst id="8">2334.8356</dst>
      <dst id="18">52332.0178</dst>
      <dst id="4">21064.3289</dst>
      <dst id="1">7331.8133</dst>
      <dst id="5">614.6311</dst>
      <dst id="3">663.5644</dst>
      <dst id="10">5492.2311</dst>
      <dst id="22">2093.8667</dst>
      <dst id="7">15226.0267</dst>
      <dst id="2">1324.5067</dst>
      <dst id="6">14487.6178</dst>
      <dst id="16">625.5111</dst>
      <dst id="14">954.3644</dst>
      <dst id="20">1704.6311</dst>
      <dst id="11">442.7378</dst>
      <dst id="9">1943.0489</dst>
      <dst id="17">32374.1778</dst>
      <dst id="21">2937.5467</dst>
      <dst id="15">98.2667</dst>
    </src>
    <src id="6">
      <dst id="12">1832.6844</dst>
      <dst id="13">26.9600</dst>
      <dst id="19">50.4889</dst>
      <dst id="23">16.8089</dst>
      <dst id="18">1.5911</dst>
      <dst id="4">119.9556</dst>
      <dst id="1">129.1289</dst>
      <dst id="5">38.5600</dst>
      <dst id="3">3.8578</dst>
      <dst id="10">0.8533</dst>
      <dst id="22">16.2044</dst>
      <dst id="7">290.1689</dst>
      <dst id="2">3714.4889</dst>
      <dst id="16">71.7511</dst>
      <dst id="14">12.9689</dst>
      <dst id="11">7.5911</dst>
      <dst id="9">567.5111</dst>
      <dst id="17">18464.7111</dst>
      <dst id="21">49.8489</dst>
      <dst id="15">0.4622</dst>
    </src>
    <src id="16">
      <dst id="12">4617.1644</dst>
      <dst id="13">506.3111</dst>
      <dst id="19">2828.6578</dst>
      <dst id="23">78.0622</dst>
      <dst id="8">2410.3022</dst>
      <dst id="18">27.8044</dst>
      <dst id="4">1282.1333</dst>
      <dst id="1">15668.9156</dst>
      <dst id="5">4335.4311</dst>
      <dst id="3">13.3333</dst>
      <dst id="10">170.9067</dst>
      <dst id="7">2793.6978</dst>
      <dst id="2">4815.4578</dst>
      <dst id="6">61.6978</dst>
      <dst id="16">22.1867</dst>
      <dst id="14">63.4667</dst>
      <dst id="11">41.2444</dst>
      <dst id="9">6146.9333</dst>
      <dst id="17">3970.8978</dst>
      <dst id="21">798.1778</dst>
    </src>
    <src id="14">
      <dst id="12">3809.0667</dst>
      <dst id="13">89.8756</dst>
      <dst id="19">146.4800</dst>
      <dst id="23">0.4622</dst>
      <dst id="8">84.7467</dst>
      <dst id="4">460.0000</dst>
      <dst id="1">385.2089</dst>
      <dst id="5">14.7289</dst>
      <dst id="3">240.8000</dst>
      <dst id="10">135.1733</dst>
      <dst id="22">125.3422</dst>
      <dst id="7">222.7911</dst>
      <dst id="2">1801.8044</dst>
      <dst id="6">1.5467</dst>
      <dst id="16">4.5867</dst>
      <dst id="20">9.8844</dst>
      <dst id="11">0.4622</dst>
      <dst id="9">640.7911</dst>
      <dst id="17">30585.3067</dst>
      <dst id="21">96.0089</dst>
      <dst id="15">0.5867</dst>
    </src>
    <src id="20">
      <dst id="12">10700.8711</dst>
      <dst id="13">884.9333</dst>
      <dst id="19">154.7022</dst>
      <dst id="23">60.8178</dst>
      <dst id="8">206.8356</dst>
      <dst id="18">124.6933</dst>
      <dst id="4">19823.8133</dst>
      <dst id="1">2393.7600</dst>
      <dst id="5">2282.5156</dst>
      <dst id="3">16.0533</dst>
      <dst id="10">898.9333</dst>
      <dst id="7">486.0978</dst>
      <dst id="2">4055.6533</dst>
      <dst id="14">0.3556</dst>
      <dst id="20">27.6622</dst>
      <dst id="11">13.6533</dst>
      <dst id="9">6157.4400</dst>
      <dst id="17">6218.0800</dst>
      <dst id="21">3952.7200</dst>
    </src>
    <src id="11">
      <dst id="12">94079.4667</dst>
      <dst id="13">3333.9467</dst>
      <dst id="19">1752.6578</dst>
      <dst id="23">22.9867</dst>
      <dst id="8">2398.7733</dst>
      <dst id="18">217.8133</dst>
      <dst id="4">3162.3733</dst>
      <dst id="1">2897.1200</dst>
      <dst id="5">2010.6311</dst>
      <dst id="3">103.5111</dst>
      <dst id="10">2914.9511</dst>
      <dst id="22">1148.4356</dst>
      <dst id="7">3040.4089</dst>
      <dst id="2">67906.7822</dst>
      <dst id="6">5.0400</dst>
      <dst id="16">763.7333</dst>
      <dst id="14">85.2978</dst>
      <dst id="20">2884.9778</dst>
      <dst id="11">3569.4222</dst>
      <dst id="9">41427.7422</dst>
      <dst id="17">717407.4844</dst>
      <dst id="21">596.9244</dst>
      <dst id="15">148.2844</dst>
    </src>
    <src id="9">
      <dst id="12">29644.7822</dst>
      <dst id="13">866.7200</dst>
      <dst id="19">1255.2444</dst>
      <dst id="23">17.3333</dst>
      <dst id="8">143128.9156</dst>
      <dst id="18">277.7067</dst>
      <dst id="4">17121.6622</dst>
      <dst id="1">5436.4978</dst>
      <dst id="5">2511.7778</dst>
      <dst id="3">13.1378</dst>
      <dst id="10">519.4044</dst>
      <dst id="22">3631.8489</dst>
      <dst id="7">4846.5600</dst>
      <dst id="2">1346.7822</dst>
      <dst id="6">2.3022</dst>
      <dst id="16">868.8444</dst>
      <dst id="14">1.9467</dst>
      <dst id="20">635.9733</dst>
      <dst id="11">47.8133</dst>
      <dst id="9">385256.3378</dst>
      <dst id="17">577803.9911</dst>
      <dst id="21">571.7511</dst>
      <dst id="15">385.6800</dst>
    </src>
    <src id="17">
      <dst id="12">161775.2089</dst>
      <dst id="13">9265.1467</dst>
      <dst id="19">1153.9022</dst>
      <dst id="23">270.7467</dst>
      <dst id="8">1089.5378</dst>
      <dst id="18">6418.1511</dst>
      <dst id="4">11090.6044</dst>
      <dst id="1">20184.6311</dst>
      <dst id="5">124562.7378</dst>
      <dst id="3">3000.3289</dst>
      <dst id="10">4944.2667</dst>
      <dst id="22">5953.8667</dst>
      <dst id="7">28457.8933</dst>
      <dst id="2">31175.2533</dst>
      <dst id="6">1870.3556</dst>
      <dst id="16">4722.6400</dst>
      <dst id="14">16234.4000</dst>
      <dst id="20">3630.6667</dst>
      <dst id="11">16598.0711</dst>
      <dst id="9">2286.6044</dst>
      <dst id="17">35648.4711</dst>
      <dst id="21">8504.8889</dst>
      <dst id="15">579.6444</dst>
    </src>
    <src id="21">
      <dst id="12">20463.6978</dst>
      <dst id="13">869.7333</dst>
      <dst id="19">282.8178</dst>
      <dst id="23">197.8578</dst>
      <dst id="8">641.2267</dst>
      <dst id="18">4505.2089</dst>
      <dst id="4">3496.4622</dst>
      <dst id="1">4479.5911</dst>
      <dst id="5">612.4089</dst>
      <dst id="3">1869.4756</dst>
      <dst id="10">1594.4889</dst>
      <dst id="22">1099.2800</dst>
      <dst id="7">2163.8311</dst>
      <dst id="2">13724.2044</dst>
      <dst id="6">19.1733</dst>
      <dst id="16">571.5911</dst>
      <dst id="14">74.9689</dst>
      <dst id="20">498.2400</dst>
      <dst id="11">114.4267</dst>
      <dst id="9">8181.5822</dst>
      <dst id="17">43750.7556</dst>
      <dst id="21">3166.3289</dst>
      <dst id="15">151.0044</dst>
    </src>
    <src id="15">
      <dst id="12">2871.3511</dst>
      <dst id="13">3424.2667</dst>
      <dst id="19">18.5333</dst>
      <dst id="23">0.8889</dst>
      <dst id="8">186.7111</dst>
      <dst id="18">14.5689</dst>
      <dst id="4">1954.8711</dst>
      <dst id="1">117.3511</dst>
      <dst id="5">1238.6400</dst>
      <dst id="3">33.5467</dst>
      <dst id="10">346.3911</dst>
      <dst id="7">559.3867</dst>
      <dst id="2">106.7378</dst>
      <dst id="6">37.8667</dst>
      <dst id="14">1.0222</dst>
      <dst id="11">46.7200</dst>
      <dst id="9">1106.7378</dst>
      <dst id="17">3731.7422</dst>
      <dst id="21">78.3022</dst>
    </src>
  </IntraTM>
</TrafficMatrixFile>
