<?xml version="1.0" encoding="UTF-8" standalone="yes"?>
<TrafficMatrixFile xmlns:xsi="http://www.w3.org/2001/XMLSchema-instance" xsi:noNamespaceSchemaLocation="http://totem.run.montefiore.ulg.ac.be/Schema/TrafficMatrix-v1_2.xsd">
  <info>
    <title>Intradomain traffic matrix generated by geant-TM-all.pl</title>
    <date>2005-02-08T18:45:00</date>
    <duration>900</duration>
    <author>Steve Uhlig</author>
    <units>
        <unit type="bandwidth" value="kbps"/>
    </units>
  </info>
  <IntraTM ASID="20965">
    <src id="12">
      <dst id="12">266067.2444</dst>
      <dst id="13">20165.2267</dst>
      <dst id="19">584.8356</dst>
      <dst id="23">29.2089</dst>
      <dst id="8">2544.1867</dst>
      <dst id="18">45261.0578</dst>
      <dst id="4">61180.9778</dst>
      <dst id="1">9054.8267</dst>
      <dst id="5">8316.5333</dst>
      <dst id="3">9.1911</dst>
      <dst id="10">3104.4800</dst>
      <dst id="22">18082.0978</dst>
      <dst id="7">6592.3200</dst>
      <dst id="2">27249.4578</dst>
      <dst id="6">28.0978</dst>
      <dst id="16">6490.1956</dst>
      <dst id="14">223.3422</dst>
      <dst id="20">7192.1867</dst>
      <dst id="11">28.7111</dst>
      <dst id="9">8414.1600</dst>
      <dst id="17">69517.4844</dst>
      <dst id="21">8847.6356</dst>
      <dst id="15">603.1378</dst>
    </src>
    <src id="13">
      <dst id="12">34826.6489</dst>
      <dst id="19">4097.6889</dst>
      <dst id="23">123.3511</dst>
      <dst id="8">1099.8844</dst>
      <dst id="18">2741.6622</dst>
      <dst id="1">1733.4933</dst>
      <dst id="5">8377.0933</dst>
      <dst id="3">135.8044</dst>
      <dst id="22">12063.3333</dst>
      <dst id="7">8259.8400</dst>
      <dst id="2">31176.6044</dst>
      <dst id="6">319.4489</dst>
      <dst id="16">5778.6667</dst>
      <dst id="14">2294.0444</dst>
      <dst id="20">10472.7733</dst>
      <dst id="11">295.9111</dst>
      <dst id="9">8660.0356</dst>
      <dst id="17">70169.7689</dst>
      <dst id="21">4005.8667</dst>
      <dst id="15">2200.1600</dst>
    </src>
    <src id="19">
      <dst id="12">10893.7067</dst>
      <dst id="13">1661.6711</dst>
      <dst id="8">1.4489</dst>
      <dst id="18">1.5733</dst>
      <dst id="4">16872.8444</dst>
      <dst id="1">499.9822</dst>
      <dst id="5">1.9022</dst>
      <dst id="3">2.4800</dst>
      <dst id="10">164.1956</dst>
      <dst id="22">27.1644</dst>
      <dst id="7">1545.9733</dst>
      <dst id="2">1026.3022</dst>
      <dst id="6">0.5244</dst>
      <dst id="16">14198.0089</dst>
      <dst id="14">31.4489</dst>
      <dst id="20">1.5111</dst>
      <dst id="11">0.9244</dst>
      <dst id="9">717.5556</dst>
      <dst id="17">2368.4000</dst>
      <dst id="21">629.6178</dst>
      <dst id="15">5.8578</dst>
    </src>
    <src id="23">
      <dst id="12">1856.5156</dst>
      <dst id="13">184.8978</dst>
      <dst id="19">0.3378</dst>
      <dst id="8">0.9600</dst>
      <dst id="18">0.5333</dst>
      <dst id="4">3083.7333</dst>
      <dst id="1">2.0267</dst>
      <dst id="10">134.1156</dst>
      <dst id="22">49.2089</dst>
      <dst id="7">38.9067</dst>
      <dst id="2">27.6711</dst>
      <dst id="6">13.3333</dst>
      <dst id="16">11833.5289</dst>
      <dst id="20">26.6667</dst>
      <dst id="11">12.6222</dst>
      <dst id="9">2.8533</dst>
      <dst id="17">472.2044</dst>
      <dst id="21">558.5778</dst>
    </src>
    <src id="8">
      <dst id="12">35809.7067</dst>
      <dst id="13">325.7778</dst>
      <dst id="19">2.0444</dst>
      <dst id="18">845.2178</dst>
      <dst id="4">2060.4622</dst>
      <dst id="1">5165.1733</dst>
      <dst id="5">1587.9111</dst>
      <dst id="10">36.9244</dst>
      <dst id="22">183.8578</dst>
      <dst id="7">6.1956</dst>
      <dst id="2">107.1467</dst>
      <dst id="16">313.3867</dst>
      <dst id="14">50.8444</dst>
      <dst id="20">1114.6400</dst>
      <dst id="11">1.1733</dst>
      <dst id="9">192784.8089</dst>
      <dst id="17">276594.8089</dst>
      <dst id="21">1808.7644</dst>
      <dst id="15">138.5778</dst>
    </src>
    <src id="18">
      <dst id="12">147558.6756</dst>
      <dst id="13">262.0978</dst>
      <dst id="19">3.4400</dst>
      <dst id="23">0.8533</dst>
      <dst id="8">334.4711</dst>
      <dst id="4">932.6578</dst>
      <dst id="1">556.9511</dst>
      <dst id="5">691.3778</dst>
      <dst id="3">683.3778</dst>
      <dst id="10">7.8222</dst>
      <dst id="22">32.9422</dst>
      <dst id="7">6.0533</dst>
      <dst id="2">37248.1244</dst>
      <dst id="16">44.0089</dst>
      <dst id="14">67.8311</dst>
      <dst id="20">1.0667</dst>
      <dst id="11">1.6356</dst>
      <dst id="9">258.3644</dst>
      <dst id="17">11044.0267</dst>
      <dst id="21">214.5778</dst>
      <dst id="15">1.2889</dst>
    </src>
    <src id="4">
      <dst id="12">6859.6444</dst>
      <dst id="19">3514.1778</dst>
      <dst id="23">40.2133</dst>
      <dst id="8">189.2622</dst>
      <dst id="18">2226.3556</dst>
      <dst id="4">204.3378</dst>
      <dst id="1">227654.3644</dst>
      <dst id="5">1414.5422</dst>
      <dst id="3">209.7867</dst>
      <dst id="22">1588.0978</dst>
      <dst id="7">105043.0311</dst>
      <dst id="2">18813.0844</dst>
      <dst id="6">0.7644</dst>
      <dst id="16">881.6267</dst>
      <dst id="14">11325.5289</dst>
      <dst id="20">3546.6667</dst>
      <dst id="11">104.6400</dst>
      <dst id="9">2684.6933</dst>
      <dst id="17">68225.2533</dst>
      <dst id="21">2296.4089</dst>
      <dst id="15">142.9778</dst>
    </src>
    <src id="1">
      <dst id="12">22781.0578</dst>
      <dst id="13">413.9822</dst>
      <dst id="19">195.3511</dst>
      <dst id="23">71.7333</dst>
      <dst id="8">39.8489</dst>
      <dst id="18">12337.1200</dst>
      <dst id="4">3977.7156</dst>
      <dst id="1">51092.3733</dst>
      <dst id="5">300.6756</dst>
      <dst id="3">4.5244</dst>
      <dst id="10">247.5644</dst>
      <dst id="22">438.4889</dst>
      <dst id="7">989.9378</dst>
      <dst id="2">903.1911</dst>
      <dst id="6">13.3333</dst>
      <dst id="16">21123.0933</dst>
      <dst id="14">101.0400</dst>
      <dst id="20">8786.8356</dst>
      <dst id="11">44.8089</dst>
      <dst id="9">751.9467</dst>
      <dst id="17">3165.9200</dst>
      <dst id="21">22000.1689</dst>
      <dst id="15">143.9911</dst>
    </src>
    <src id="5">
      <dst id="12">29110.6578</dst>
      <dst id="13">1466.0000</dst>
      <dst id="19">3.2622</dst>
      <dst id="23">1.0489</dst>
      <dst id="8">313.2444</dst>
      <dst id="18">174.7289</dst>
      <dst id="4">1800.4089</dst>
      <dst id="1">4222.1244</dst>
      <dst id="3">11.7867</dst>
      <dst id="10">435.5467</dst>
      <dst id="22">15039.9911</dst>
      <dst id="7">39.8489</dst>
      <dst id="2">1478.5956</dst>
      <dst id="6">13.8489</dst>
      <dst id="16">871.7689</dst>
      <dst id="14">0.4978</dst>
      <dst id="20">505.6444</dst>
      <dst id="11">40.0000</dst>
      <dst id="9">65955.9200</dst>
      <dst id="17">343562.5600</dst>
      <dst id="21">49.0756</dst>
      <dst id="15">193.7511</dst>
    </src>
    <src id="3">
      <dst id="12">2353.3067</dst>
      <dst id="13">654.1244</dst>
      <dst id="19">1653.3511</dst>
      <dst id="23">4.8000</dst>
      <dst id="8">72.3911</dst>
      <dst id="18">5.3156</dst>
      <dst id="4">45894.3644</dst>
      <dst id="1">4695.3156</dst>
      <dst id="5">295.1022</dst>
      <dst id="3">14.9867</dst>
      <dst id="10">479.3689</dst>
      <dst id="22">745.5644</dst>
      <dst id="7">463.7511</dst>
      <dst id="2">2711.7067</dst>
      <dst id="16">1444.5689</dst>
      <dst id="14">103.6089</dst>
      <dst id="20">6698.6311</dst>
      <dst id="11">237.2356</dst>
      <dst id="9">1373.4222</dst>
      <dst id="17">16071.3333</dst>
      <dst id="21">818.8000</dst>
      <dst id="15">4.7556</dst>
    </src>
    <src id="10">
      <dst id="12">135063.0578</dst>
      <dst id="19">6601.1200</dst>
      <dst id="23">206.2756</dst>
      <dst id="8">89202.5867</dst>
      <dst id="18">167.8756</dst>
      <dst id="1">216.7289</dst>
      <dst id="5">212927.1289</dst>
      <dst id="3">8312.5600</dst>
      <dst id="22">3920.8800</dst>
      <dst id="7">35531.5289</dst>
      <dst id="2">18465.8756</dst>
      <dst id="6">21388.3289</dst>
      <dst id="16">208.0622</dst>
      <dst id="14">46196.9867</dst>
      <dst id="20">552.2933</dst>
      <dst id="11">11130.1778</dst>
      <dst id="9">218196.1422</dst>
      <dst id="17">30794.2489</dst>
      <dst id="21">22997.4311</dst>
      <dst id="15">127.0933</dst>
    </src>
    <src id="22">
      <dst id="12">15831.1200</dst>
      <dst id="13">7264.6667</dst>
      <dst id="19">432.6489</dst>
      <dst id="23">1187.6711</dst>
      <dst id="8">558.2400</dst>
      <dst id="18">104.1511</dst>
      <dst id="4">9135.7956</dst>
      <dst id="1">115.0933</dst>
      <dst id="5">2645.4400</dst>
      <dst id="3">1.3422</dst>
      <dst id="10">1094.7111</dst>
      <dst id="7">1952.7733</dst>
      <dst id="2">1128.6222</dst>
      <dst id="6">243.4756</dst>
      <dst id="14">18.2667</dst>
      <dst id="11">15.8578</dst>
      <dst id="9">1890.7111</dst>
      <dst id="17">6087.2000</dst>
      <dst id="21">213.1733</dst>
    </src>
    <src id="7">
      <dst id="12">3141.9200</dst>
      <dst id="13">191.9022</dst>
      <dst id="19">190.3289</dst>
      <dst id="23">40.1244</dst>
      <dst id="8">134.8267</dst>
      <dst id="18">244.8178</dst>
      <dst id="4">12390.8356</dst>
      <dst id="1">1361.7511</dst>
      <dst id="5">1218.1511</dst>
      <dst id="3">410.5511</dst>
      <dst id="10">536.9511</dst>
      <dst id="22">2108.4711</dst>
      <dst id="7">744.7467</dst>
      <dst id="2">6410.9867</dst>
      <dst id="6">83.3600</dst>
      <dst id="16">709.5733</dst>
      <dst id="14">758.5244</dst>
      <dst id="20">6583.1111</dst>
      <dst id="11">86.2489</dst>
      <dst id="9">1176.9333</dst>
      <dst id="17">3765.9289</dst>
      <dst id="21">1567.2711</dst>
      <dst id="15">367.2711</dst>
    </src>
    <src id="2">
      <dst id="12">71567.1378</dst>
      <dst id="13">31034.6222</dst>
      <dst id="19">5296.4889</dst>
      <dst id="23">5.4044</dst>
      <dst id="8">151.1111</dst>
      <dst id="18">27901.4400</dst>
      <dst id="4">36624.2311</dst>
      <dst id="1">10730.0533</dst>
      <dst id="5">565.3600</dst>
      <dst id="3">5.0044</dst>
      <dst id="10">1917.3067</dst>
      <dst id="22">877.9378</dst>
      <dst id="7">3781.8667</dst>
      <dst id="2">1154.5689</dst>
      <dst id="6">10845.9200</dst>
      <dst id="16">6928.4178</dst>
      <dst id="14">1666.2667</dst>
      <dst id="20">2131.4044</dst>
      <dst id="11">116.0178</dst>
      <dst id="9">886.2311</dst>
      <dst id="17">32855.7244</dst>
      <dst id="21">1385.2356</dst>
      <dst id="15">88.4622</dst>
    </src>
    <src id="6">
      <dst id="12">5357.3867</dst>
      <dst id="13">15.6978</dst>
      <dst id="19">12.3111</dst>
      <dst id="23">1.2444</dst>
      <dst id="4">68.4978</dst>
      <dst id="1">145.0756</dst>
      <dst id="5">0.3556</dst>
      <dst id="10">24.6222</dst>
      <dst id="22">7.4222</dst>
      <dst id="7">12.0800</dst>
      <dst id="2">3255.3956</dst>
      <dst id="16">0.4267</dst>
      <dst id="9">1.8756</dst>
      <dst id="17">14217.2978</dst>
      <dst id="21">7.3244</dst>
      <dst id="15">0.3378</dst>
    </src>
    <src id="16">
      <dst id="12">3143.3156</dst>
      <dst id="13">242.4800</dst>
      <dst id="19">5350.0978</dst>
      <dst id="23">135.0133</dst>
      <dst id="8">3688.5778</dst>
      <dst id="18">4.2222</dst>
      <dst id="4">5076.4444</dst>
      <dst id="1">18289.5822</dst>
      <dst id="5">4258.8267</dst>
      <dst id="3">0.4622</dst>
      <dst id="10">1394.3022</dst>
      <dst id="7">20.5867</dst>
      <dst id="2">453.0222</dst>
      <dst id="6">0.3556</dst>
      <dst id="16">30.6222</dst>
      <dst id="14">1.5289</dst>
      <dst id="11">1.0667</dst>
      <dst id="9">6454.9333</dst>
      <dst id="17">1799.9467</dst>
      <dst id="21">83.8756</dst>
    </src>
    <src id="14">
      <dst id="12">2144.2400</dst>
      <dst id="13">22.2311</dst>
      <dst id="19">105.7600</dst>
      <dst id="8">0.7111</dst>
      <dst id="18">1.7778</dst>
      <dst id="4">1393.7867</dst>
      <dst id="1">1148.8178</dst>
      <dst id="5">1.7244</dst>
      <dst id="3">66.2311</dst>
      <dst id="10">80.8267</dst>
      <dst id="22">291.6711</dst>
      <dst id="7">65.4667</dst>
      <dst id="2">4210.3822</dst>
      <dst id="16">2.1511</dst>
      <dst id="20">0.4622</dst>
      <dst id="9">36.0711</dst>
      <dst id="17">26371.7422</dst>
      <dst id="21">45.8222</dst>
      <dst id="15">15.0756</dst>
    </src>
    <src id="20">
      <dst id="12">9260.2489</dst>
      <dst id="13">4450.0178</dst>
      <dst id="19">0.3556</dst>
      <dst id="23">2.2844</dst>
      <dst id="8">23.1644</dst>
      <dst id="18">60.6400</dst>
      <dst id="4">6347.1289</dst>
      <dst id="1">732.3467</dst>
      <dst id="5">868.6044</dst>
      <dst id="10">89.0222</dst>
      <dst id="7">1596.1156</dst>
      <dst id="2">2586.9511</dst>
      <dst id="14">0.3556</dst>
      <dst id="11">0.9244</dst>
      <dst id="9">17339.9378</dst>
      <dst id="17">2353.8578</dst>
      <dst id="21">309.8044</dst>
    </src>
    <src id="11">
      <dst id="12">135392.5156</dst>
      <dst id="13">1092.6489</dst>
      <dst id="19">27.1289</dst>
      <dst id="23">14.4800</dst>
      <dst id="8">93.2622</dst>
      <dst id="18">49.8222</dst>
      <dst id="4">4140.5244</dst>
      <dst id="1">202.2844</dst>
      <dst id="5">8941.0578</dst>
      <dst id="3">4.0800</dst>
      <dst id="10">1952.8356</dst>
      <dst id="22">2319.7956</dst>
      <dst id="7">173.6356</dst>
      <dst id="2">128373.3600</dst>
      <dst id="6">2.3911</dst>
      <dst id="16">149.0400</dst>
      <dst id="14">220.2044</dst>
      <dst id="20">3230.6044</dst>
      <dst id="11">541.9644</dst>
      <dst id="9">2402.0089</dst>
      <dst id="17">787575.2356</dst>
      <dst id="21">323.3244</dst>
      <dst id="15">425.8222</dst>
    </src>
    <src id="9">
      <dst id="12">39288.5333</dst>
      <dst id="13">14391.8400</dst>
      <dst id="19">56.8978</dst>
      <dst id="23">5.6711</dst>
      <dst id="8">96446.5600</dst>
      <dst id="18">105.1644</dst>
      <dst id="4">8261.1022</dst>
      <dst id="1">9016.9689</dst>
      <dst id="5">755.2444</dst>
      <dst id="3">12.1511</dst>
      <dst id="10">1335.1911</dst>
      <dst id="22">11192.3111</dst>
      <dst id="7">250.6311</dst>
      <dst id="2">820.8444</dst>
      <dst id="6">6.3733</dst>
      <dst id="16">597.3422</dst>
      <dst id="14">53.5022</dst>
      <dst id="20">16347.8489</dst>
      <dst id="11">32.3022</dst>
      <dst id="9">415629.6622</dst>
      <dst id="17">475958.0800</dst>
      <dst id="21">714.4356</dst>
      <dst id="15">156.3467</dst>
    </src>
    <src id="17">
      <dst id="12">102114.0356</dst>
      <dst id="13">8812.4622</dst>
      <dst id="19">192.1244</dst>
      <dst id="23">560.3822</dst>
      <dst id="8">327.3422</dst>
      <dst id="18">63.4400</dst>
      <dst id="4">29660.8000</dst>
      <dst id="1">1374.0178</dst>
      <dst id="5">168227.7689</dst>
      <dst id="3">2458.4000</dst>
      <dst id="10">1451.6533</dst>
      <dst id="22">2461.8222</dst>
      <dst id="7">679.9467</dst>
      <dst id="2">5858.2756</dst>
      <dst id="6">139.8578</dst>
      <dst id="16">2027.9200</dst>
      <dst id="14">27109.5556</dst>
      <dst id="20">1143.8222</dst>
      <dst id="11">12155.2889</dst>
      <dst id="9">3465.4489</dst>
      <dst id="17">11019.9822</dst>
      <dst id="21">15486.0622</dst>
      <dst id="15">20.9422</dst>
    </src>
    <src id="21">
      <dst id="12">10071.2000</dst>
      <dst id="13">300.9422</dst>
      <dst id="19">549.4933</dst>
      <dst id="23">2.6844</dst>
      <dst id="8">100.9689</dst>
      <dst id="18">95.2800</dst>
      <dst id="4">5964.0978</dst>
      <dst id="1">610.7378</dst>
      <dst id="5">449.5378</dst>
      <dst id="3">388.4356</dst>
      <dst id="10">385.9733</dst>
      <dst id="22">566.5778</dst>
      <dst id="7">529.0933</dst>
      <dst id="2">6005.6622</dst>
      <dst id="6">6.4889</dst>
      <dst id="16">287.3333</dst>
      <dst id="14">83.4578</dst>
      <dst id="20">6572.8889</dst>
      <dst id="11">18.1689</dst>
      <dst id="9">1363.3333</dst>
      <dst id="17">27191.7689</dst>
      <dst id="21">771.9822</dst>
      <dst id="15">32.2044</dst>
    </src>
    <src id="15">
      <dst id="12">557.4044</dst>
      <dst id="13">232.9867</dst>
      <dst id="19">43.7067</dst>
      <dst id="8">201.6889</dst>
      <dst id="4">1338.8178</dst>
      <dst id="1">23.3333</dst>
      <dst id="5">514.7733</dst>
      <dst id="10">46.6489</dst>
      <dst id="7">42.3378</dst>
      <dst id="2">90.9067</dst>
      <dst id="14">0.9956</dst>
      <dst id="11">13.8667</dst>
      <dst id="9">1467.3156</dst>
      <dst id="17">304.6222</dst>
      <dst id="21">30.7289</dst>
    </src>
  </IntraTM>
</TrafficMatrixFile>
