<?xml version="1.0" encoding="UTF-8" standalone="yes"?>
<TrafficMatrixFile xmlns:xsi="http://www.w3.org/2001/XMLSchema-instance" xsi:noNamespaceSchemaLocation="http://totem.run.montefiore.ulg.ac.be/Schema/TrafficMatrix-v1_2.xsd">
  <info>
    <title>Intradomain traffic matrix generated by geant-TM-all.pl</title>
    <date>2005-03-05T23:00:00</date>
    <duration>900</duration>
    <author>Steve Uhlig</author>
    <units>
        <unit type="bandwidth" value="kbps"/>
    </units>
  </info>
  <IntraTM ASID="20965">
    <src id="12">
      <dst id="12">252114.9689</dst>
      <dst id="13">20750.3467</dst>
      <dst id="19">12948.2667</dst>
      <dst id="23">18259.8756</dst>
      <dst id="8">1697.5467</dst>
      <dst id="18">156082.0889</dst>
      <dst id="4">19174.9956</dst>
      <dst id="1">9954.5422</dst>
      <dst id="5">949.2356</dst>
      <dst id="3">5191.4222</dst>
      <dst id="10">3834.5333</dst>
      <dst id="22">40183.0400</dst>
      <dst id="7">30067.5644</dst>
      <dst id="2">36300.3200</dst>
      <dst id="6">39.1556</dst>
      <dst id="16">25374.6044</dst>
      <dst id="14">4737.3867</dst>
      <dst id="20">3632.7822</dst>
      <dst id="11">33.1911</dst>
      <dst id="9">22329.6178</dst>
      <dst id="17">162587.9822</dst>
      <dst id="21">23914.9244</dst>
      <dst id="15">329.7422</dst>
    </src>
    <src id="13">
      <dst id="12">60065.3333</dst>
      <dst id="19">12587.3689</dst>
      <dst id="23">2866.5600</dst>
      <dst id="8">5499.0400</dst>
      <dst id="18">2984.0089</dst>
      <dst id="1">10982.8711</dst>
      <dst id="5">6946.2667</dst>
      <dst id="3">2535.4667</dst>
      <dst id="22">14146.4622</dst>
      <dst id="7">39268.4178</dst>
      <dst id="2">86578.0978</dst>
      <dst id="6">258.3911</dst>
      <dst id="16">16341.0844</dst>
      <dst id="14">3144.4089</dst>
      <dst id="20">46313.5200</dst>
      <dst id="11">1220.3378</dst>
      <dst id="9">6817.1822</dst>
      <dst id="17">145596.8978</dst>
      <dst id="21">10774.3644</dst>
      <dst id="15">2499.4489</dst>
    </src>
    <src id="19">
      <dst id="12">23213.9911</dst>
      <dst id="13">5149.2178</dst>
      <dst id="23">37.3956</dst>
      <dst id="8">3.2711</dst>
      <dst id="18">174.8000</dst>
      <dst id="4">14926.8978</dst>
      <dst id="1">281.5378</dst>
      <dst id="5">12.7644</dst>
      <dst id="3">45.8311</dst>
      <dst id="10">273.2711</dst>
      <dst id="22">1745.8311</dst>
      <dst id="7">9643.3867</dst>
      <dst id="2">3549.5111</dst>
      <dst id="6">254.1244</dst>
      <dst id="16">7017.1200</dst>
      <dst id="14">236.7644</dst>
      <dst id="20">237.3867</dst>
      <dst id="11">28.5778</dst>
      <dst id="9">473.6622</dst>
      <dst id="17">8596.7022</dst>
      <dst id="21">1752.4000</dst>
      <dst id="15">0.4622</dst>
    </src>
    <src id="23">
      <dst id="12">3711.7689</dst>
      <dst id="13">443.2178</dst>
      <dst id="19">194.6133</dst>
      <dst id="8">1.8844</dst>
      <dst id="18">317.5111</dst>
      <dst id="4">1934.7911</dst>
      <dst id="1">38.5956</dst>
      <dst id="5">0.3556</dst>
      <dst id="3">379.8044</dst>
      <dst id="10">55.4667</dst>
      <dst id="22">397.6978</dst>
      <dst id="7">3632.7111</dst>
      <dst id="2">440.6667</dst>
      <dst id="6">7.7333</dst>
      <dst id="16">1723.9111</dst>
      <dst id="14">1017.2444</dst>
      <dst id="20">137.4044</dst>
      <dst id="11">12.6222</dst>
      <dst id="9">896.6489</dst>
      <dst id="17">36173.2267</dst>
      <dst id="21">4048.0711</dst>
      <dst id="15">4.3733</dst>
    </src>
    <src id="8">
      <dst id="12">35080.0000</dst>
      <dst id="13">1589.7156</dst>
      <dst id="19">96.1244</dst>
      <dst id="23">2.0622</dst>
      <dst id="18">1407.6978</dst>
      <dst id="4">1788.2044</dst>
      <dst id="1">6776.6844</dst>
      <dst id="5">3537.0667</dst>
      <dst id="3">45.5467</dst>
      <dst id="10">153.0933</dst>
      <dst id="22">1380.1422</dst>
      <dst id="7">363.2533</dst>
      <dst id="2">814.4711</dst>
      <dst id="6">0.8178</dst>
      <dst id="16">141440.8711</dst>
      <dst id="14">3.3778</dst>
      <dst id="11">153.5378</dst>
      <dst id="9">167244.5156</dst>
      <dst id="17">378524.2133</dst>
      <dst id="15">969.5822</dst>
    </src>
    <src id="18">
      <dst id="12">115423.8756</dst>
      <dst id="13">598.0622</dst>
      <dst id="19">17.9911</dst>
      <dst id="23">13.8311</dst>
      <dst id="8">676.4178</dst>
      <dst id="4">809.4933</dst>
      <dst id="1">2118.2667</dst>
      <dst id="5">718.5422</dst>
      <dst id="3">653.2089</dst>
      <dst id="10">46.2133</dst>
      <dst id="22">84.6489</dst>
      <dst id="7">234.2222</dst>
      <dst id="2">17227.6000</dst>
      <dst id="16">17857.3156</dst>
      <dst id="14">1.0667</dst>
      <dst id="20">206.0978</dst>
      <dst id="11">1.6800</dst>
      <dst id="9">11479.4133</dst>
      <dst id="17">44942.4000</dst>
      <dst id="21">1558.4444</dst>
      <dst id="15">470.3200</dst>
    </src>
    <src id="4">
      <dst id="12">28053.7067</dst>
      <dst id="19">5902.3467</dst>
      <dst id="23">797.0933</dst>
      <dst id="8">1690.5067</dst>
      <dst id="18">1118.6222</dst>
      <dst id="4">4.9244</dst>
      <dst id="1">118083.9022</dst>
      <dst id="5">1498.9511</dst>
      <dst id="3">1240.1778</dst>
      <dst id="22">3971.2978</dst>
      <dst id="7">229056.4533</dst>
      <dst id="2">61172.3200</dst>
      <dst id="6">9073.8222</dst>
      <dst id="16">7659.6356</dst>
      <dst id="14">2023.3244</dst>
      <dst id="11">231.7511</dst>
      <dst id="9">4797.8044</dst>
      <dst id="17">46449.0667</dst>
      <dst id="21">9873.2444</dst>
      <dst id="15">1162.3200</dst>
    </src>
    <src id="1">
      <dst id="12">25003.9822</dst>
      <dst id="13">4486.4178</dst>
      <dst id="19">487.0667</dst>
      <dst id="23">128.0444</dst>
      <dst id="8">139.9911</dst>
      <dst id="18">14359.6622</dst>
      <dst id="4">3365.0489</dst>
      <dst id="1">503751.5911</dst>
      <dst id="5">353.2267</dst>
      <dst id="3">3401.1378</dst>
      <dst id="10">657.0933</dst>
      <dst id="22">3410.9422</dst>
      <dst id="7">73006.9778</dst>
      <dst id="2">593543.7600</dst>
      <dst id="6">119.1289</dst>
      <dst id="16">12566.5689</dst>
      <dst id="14">120.9778</dst>
      <dst id="20">666.7467</dst>
      <dst id="11">135.6000</dst>
      <dst id="9">2225.5467</dst>
      <dst id="17">339421.5733</dst>
      <dst id="21">158550.4089</dst>
      <dst id="15">5266.4444</dst>
    </src>
    <src id="5">
      <dst id="12">31966.7733</dst>
      <dst id="13">4345.3156</dst>
      <dst id="19">52.2667</dst>
      <dst id="23">13.3333</dst>
      <dst id="8">14360.5067</dst>
      <dst id="18">445.3689</dst>
      <dst id="4">1211.3511</dst>
      <dst id="1">6666.0622</dst>
      <dst id="3">95.4400</dst>
      <dst id="10">256.9778</dst>
      <dst id="22">1210.6311</dst>
      <dst id="7">313.9378</dst>
      <dst id="2">4240.1067</dst>
      <dst id="16">123017.5822</dst>
      <dst id="14">286.3644</dst>
      <dst id="11">15.8667</dst>
      <dst id="9">83012.2578</dst>
      <dst id="17">254865.5467</dst>
      <dst id="21">16.0267</dst>
      <dst id="15">1417.1111</dst>
    </src>
    <src id="3">
      <dst id="12">40936.2222</dst>
      <dst id="13">2826.1156</dst>
      <dst id="19">2831.9733</dst>
      <dst id="23">159.7244</dst>
      <dst id="8">437.4400</dst>
      <dst id="18">353.1378</dst>
      <dst id="4">7756.0889</dst>
      <dst id="1">7719.5733</dst>
      <dst id="5">788.6933</dst>
      <dst id="3">33.0844</dst>
      <dst id="10">504.1956</dst>
      <dst id="22">536.7556</dst>
      <dst id="7">3327.7778</dst>
      <dst id="2">5457.8222</dst>
      <dst id="6">58.2400</dst>
      <dst id="16">7775.5022</dst>
      <dst id="14">236.0622</dst>
      <dst id="20">986.8178</dst>
      <dst id="11">633.0400</dst>
      <dst id="9">2645.0578</dst>
      <dst id="17">59067.0844</dst>
      <dst id="21">7939.5022</dst>
      <dst id="15">182.2222</dst>
    </src>
    <src id="10">
      <dst id="12">26207.1111</dst>
      <dst id="19">5313.5111</dst>
      <dst id="23">6894.8178</dst>
      <dst id="8">756.8000</dst>
      <dst id="18">4079.3511</dst>
      <dst id="1">3012.5867</dst>
      <dst id="5">1327.6889</dst>
      <dst id="3">1648.6489</dst>
      <dst id="22">3896.4533</dst>
      <dst id="7">13926.7022</dst>
      <dst id="2">39773.5200</dst>
      <dst id="6">198.4178</dst>
      <dst id="16">11992.9156</dst>
      <dst id="14">3359.5111</dst>
      <dst id="20">1273.1556</dst>
      <dst id="11">138.3911</dst>
      <dst id="9">1758.2044</dst>
      <dst id="17">50287.4311</dst>
      <dst id="21">7282.2311</dst>
      <dst id="15">3083.8667</dst>
    </src>
    <src id="22">
      <dst id="12">19578.5956</dst>
      <dst id="13">3012.1600</dst>
      <dst id="19">292.9156</dst>
      <dst id="23">20.2311</dst>
      <dst id="8">4683.7333</dst>
      <dst id="18">1567.2889</dst>
      <dst id="4">5664.6844</dst>
      <dst id="1">651.6800</dst>
      <dst id="5">1687.5556</dst>
      <dst id="3">174.0267</dst>
      <dst id="10">446.7378</dst>
      <dst id="7">1933.5378</dst>
      <dst id="2">6778.0889</dst>
      <dst id="6">16.0356</dst>
      <dst id="14">87.8756</dst>
      <dst id="11">333.6089</dst>
      <dst id="9">1242.1600</dst>
      <dst id="17">12158.5244</dst>
      <dst id="21">1946.2578</dst>
    </src>
    <src id="7">
      <dst id="12">29539.8044</dst>
      <dst id="13">593.5378</dst>
      <dst id="19">2640.3467</dst>
      <dst id="23">4874.6756</dst>
      <dst id="8">535.1022</dst>
      <dst id="18">615.7511</dst>
      <dst id="4">24121.9378</dst>
      <dst id="1">29130.8622</dst>
      <dst id="5">1718.2844</dst>
      <dst id="3">2082.2489</dst>
      <dst id="10">2840.9067</dst>
      <dst id="22">4862.5778</dst>
      <dst id="7">730.6222</dst>
      <dst id="2">15562.1956</dst>
      <dst id="6">124.7200</dst>
      <dst id="16">9310.2578</dst>
      <dst id="14">244.0711</dst>
      <dst id="20">663.6267</dst>
      <dst id="11">187.5556</dst>
      <dst id="9">772.8533</dst>
      <dst id="17">15573.8933</dst>
      <dst id="21">3386.8000</dst>
      <dst id="15">510.0533</dst>
    </src>
    <src id="2">
      <dst id="12">119756.4000</dst>
      <dst id="13">16824.1867</dst>
      <dst id="19">1719.6089</dst>
      <dst id="23">14.0800</dst>
      <dst id="8">567.4311</dst>
      <dst id="18">128166.5333</dst>
      <dst id="4">27166.7022</dst>
      <dst id="1">83230.7644</dst>
      <dst id="5">806.8533</dst>
      <dst id="3">467.2178</dst>
      <dst id="10">2653.7067</dst>
      <dst id="22">1749.3244</dst>
      <dst id="7">23696.5778</dst>
      <dst id="2">1969.1378</dst>
      <dst id="6">65330.1422</dst>
      <dst id="16">989.8133</dst>
      <dst id="14">548.3022</dst>
      <dst id="20">1124.6489</dst>
      <dst id="11">428.2756</dst>
      <dst id="9">1139.4044</dst>
      <dst id="17">48997.1911</dst>
      <dst id="21">13414.1600</dst>
      <dst id="15">1824.6933</dst>
    </src>
    <src id="6">
      <dst id="12">4179.2889</dst>
      <dst id="13">112.0622</dst>
      <dst id="19">366.9333</dst>
      <dst id="18">1.9378</dst>
      <dst id="4">131.7333</dst>
      <dst id="1">737.7244</dst>
      <dst id="5">0.3556</dst>
      <dst id="3">27.2178</dst>
      <dst id="10">2.6489</dst>
      <dst id="22">63.5911</dst>
      <dst id="7">386.8089</dst>
      <dst id="2">2605.0667</dst>
      <dst id="16">2046.3822</dst>
      <dst id="14">32.4089</dst>
      <dst id="20">3.5467</dst>
      <dst id="11">0.4178</dst>
      <dst id="9">786.6489</dst>
      <dst id="17">21107.0222</dst>
      <dst id="21">61.1733</dst>
      <dst id="15">70.6044</dst>
    </src>
    <src id="16">
      <dst id="12">295821.7244</dst>
      <dst id="13">1091.5111</dst>
      <dst id="19">2936.7733</dst>
      <dst id="23">88.2311</dst>
      <dst id="8">266895.4400</dst>
      <dst id="18">38.1867</dst>
      <dst id="4">1027.5911</dst>
      <dst id="1">11758.2133</dst>
      <dst id="5">318539.0667</dst>
      <dst id="3">6161.3778</dst>
      <dst id="10">243.5378</dst>
      <dst id="22">21.4044</dst>
      <dst id="7">1794.0178</dst>
      <dst id="2">1054.5600</dst>
      <dst id="6">43.9111</dst>
      <dst id="16">50.1511</dst>
      <dst id="14">78328.4622</dst>
      <dst id="11">42409.0489</dst>
      <dst id="9">336915.1822</dst>
      <dst id="17">44360.9778</dst>
      <dst id="21">1777.3956</dst>
    </src>
    <src id="14">
      <dst id="12">3396.9156</dst>
      <dst id="13">3591.9378</dst>
      <dst id="19">150.7289</dst>
      <dst id="23">20.3733</dst>
      <dst id="8">38.2222</dst>
      <dst id="4">426.9689</dst>
      <dst id="1">438.1067</dst>
      <dst id="5">60.6400</dst>
      <dst id="3">245.4133</dst>
      <dst id="10">507.5911</dst>
      <dst id="22">30.4089</dst>
      <dst id="7">335.7156</dst>
      <dst id="2">5892.3111</dst>
      <dst id="6">8.2489</dst>
      <dst id="16">6165.2978</dst>
      <dst id="20">20.4000</dst>
      <dst id="11">13.0844</dst>
      <dst id="9">1566.7378</dst>
      <dst id="17">38818.0178</dst>
      <dst id="21">164.5333</dst>
      <dst id="15">25.7067</dst>
    </src>
    <src id="20">
      <dst id="12">8093.8044</dst>
      <dst id="13">8309.7511</dst>
      <dst id="19">17.8844</dst>
      <dst id="23">14.9956</dst>
      <dst id="8">41.5467</dst>
      <dst id="18">609.2178</dst>
      <dst id="4">1181.3333</dst>
      <dst id="1">1989.6889</dst>
      <dst id="5">561.4756</dst>
      <dst id="3">5468.6489</dst>
      <dst id="10">573.6800</dst>
      <dst id="7">16365.0844</dst>
      <dst id="2">6966.9511</dst>
      <dst id="6">59.0222</dst>
      <dst id="14">1.0667</dst>
      <dst id="20">100.3111</dst>
      <dst id="11">31.3244</dst>
      <dst id="9">3890.1867</dst>
      <dst id="17">39926.8800</dst>
      <dst id="21">824.1067</dst>
    </src>
    <src id="11">
      <dst id="12">49857.7600</dst>
      <dst id="13">2457.7422</dst>
      <dst id="19">122.8978</dst>
      <dst id="23">3.4667</dst>
      <dst id="8">1227.5200</dst>
      <dst id="18">711.2800</dst>
      <dst id="4">3163.5467</dst>
      <dst id="1">6772.1333</dst>
      <dst id="5">1648.5511</dst>
      <dst id="3">396.1422</dst>
      <dst id="10">5833.3333</dst>
      <dst id="22">1232.8800</dst>
      <dst id="7">938.9156</dst>
      <dst id="2">69708.7822</dst>
      <dst id="6">31.8844</dst>
      <dst id="16">120210.9156</dst>
      <dst id="14">83.7600</dst>
      <dst id="20">243.7244</dst>
      <dst id="11">7220.7111</dst>
      <dst id="9">48050.4000</dst>
      <dst id="17">613011.5911</dst>
      <dst id="21">224.2489</dst>
      <dst id="15">161.4667</dst>
    </src>
    <src id="9">
      <dst id="12">44389.9822</dst>
      <dst id="13">2322.2044</dst>
      <dst id="19">50.1333</dst>
      <dst id="23">17.9200</dst>
      <dst id="8">183593.8044</dst>
      <dst id="18">347.1822</dst>
      <dst id="4">5396.0178</dst>
      <dst id="1">15878.9689</dst>
      <dst id="5">657.9289</dst>
      <dst id="3">1956.4622</dst>
      <dst id="10">194.1333</dst>
      <dst id="22">1840.9956</dst>
      <dst id="7">449.4222</dst>
      <dst id="2">505.5200</dst>
      <dst id="6">2.5956</dst>
      <dst id="16">133634.3200</dst>
      <dst id="14">7.5822</dst>
      <dst id="11">167.8844</dst>
      <dst id="9">341565.3689</dst>
      <dst id="17">412705.3067</dst>
      <dst id="21">0.4267</dst>
      <dst id="15">15084.0178</dst>
    </src>
    <src id="17">
      <dst id="12">240041.2444</dst>
      <dst id="13">18099.4133</dst>
      <dst id="19">2192.2756</dst>
      <dst id="23">3488.6756</dst>
      <dst id="8">8855.5822</dst>
      <dst id="18">2639.2533</dst>
      <dst id="4">21217.1200</dst>
      <dst id="1">21523.9644</dst>
      <dst id="5">178822.8533</dst>
      <dst id="3">8140.5956</dst>
      <dst id="10">3119.3867</dst>
      <dst id="22">3117.0311</dst>
      <dst id="7">18929.1289</dst>
      <dst id="2">23699.5111</dst>
      <dst id="6">93.1111</dst>
      <dst id="16">10290.1778</dst>
      <dst id="14">33737.6622</dst>
      <dst id="20">2376.0889</dst>
      <dst id="11">33303.1822</dst>
      <dst id="9">4203.6178</dst>
      <dst id="17">46637.2178</dst>
      <dst id="21">24631.3156</dst>
      <dst id="15">1701.7422</dst>
    </src>
    <src id="21">
      <dst id="12">8953.7689</dst>
      <dst id="13">2570.2489</dst>
      <dst id="19">1492.1244</dst>
      <dst id="23">178.5067</dst>
      <dst id="8">329.3156</dst>
      <dst id="18">3628.6044</dst>
      <dst id="4">4579.6444</dst>
      <dst id="1">4889.9289</dst>
      <dst id="5">468.4711</dst>
      <dst id="3">3288.2222</dst>
      <dst id="10">1619.9111</dst>
      <dst id="22">2243.6978</dst>
      <dst id="7">3380.4622</dst>
      <dst id="2">8631.6800</dst>
      <dst id="6">108.5333</dst>
      <dst id="16">2502.3822</dst>
      <dst id="14">104.7556</dst>
      <dst id="20">2287.2889</dst>
      <dst id="11">366.9778</dst>
      <dst id="9">3018.8889</dst>
      <dst id="17">40489.9733</dst>
      <dst id="21">2082.3911</dst>
      <dst id="15">113.5911</dst>
    </src>
    <src id="15">
      <dst id="12">1529.2978</dst>
      <dst id="13">311.2267</dst>
      <dst id="19">42.1867</dst>
      <dst id="23">13.5822</dst>
      <dst id="8">43.6533</dst>
      <dst id="18">26.5067</dst>
      <dst id="4">3172.4978</dst>
      <dst id="1">597.2356</dst>
      <dst id="5">193.6178</dst>
      <dst id="3">0.8356</dst>
      <dst id="10">95.4311</dst>
      <dst id="7">90.0356</dst>
      <dst id="2">113.2622</dst>
      <dst id="6">0.3556</dst>
      <dst id="16">3.6089</dst>
      <dst id="14">0.4622</dst>
      <dst id="11">42.7644</dst>
      <dst id="9">1031.4133</dst>
      <dst id="17">8427.5289</dst>
    </src>
  </IntraTM>
</TrafficMatrixFile>
