<?xml version="1.0" encoding="UTF-8" standalone="yes"?>
<TrafficMatrixFile xmlns:xsi="http://www.w3.org/2001/XMLSchema-instance" xsi:noNamespaceSchemaLocation="http://totem.run.montefiore.ulg.ac.be/Schema/TrafficMatrix-v1_2.xsd">
  <info>
    <title>Intradomain traffic matrix generated by geant-TM-all.pl</title>
    <date>2005-01-21T04:45:00</date>
    <duration>900</duration>
    <author>Steve Uhlig</author>
    <units>
        <unit type="bandwidth" value="kbps"/>
    </units>
  </info>
  <IntraTM ASID="20965">
    <src id="12">
      <dst id="12">312341.1556</dst>
      <dst id="13">30704.8444</dst>
      <dst id="19">4026.9778</dst>
      <dst id="23">2380.5156</dst>
      <dst id="8">2887.0667</dst>
      <dst id="18">123489.2444</dst>
      <dst id="4">90214.8622</dst>
      <dst id="1">7767.6533</dst>
      <dst id="5">3426.1422</dst>
      <dst id="3">1434.2489</dst>
      <dst id="10">10256.7644</dst>
      <dst id="22">15705.2178</dst>
      <dst id="7">1608.1956</dst>
      <dst id="2">55913.9822</dst>
      <dst id="16">8778.3467</dst>
      <dst id="14">984.2933</dst>
      <dst id="20">20203.9200</dst>
      <dst id="11">3210.1244</dst>
      <dst id="9">6362.5511</dst>
      <dst id="17">45608.4000</dst>
      <dst id="21">15432.6044</dst>
      <dst id="15">10942.2844</dst>
    </src>
    <src id="13">
      <dst id="12">89409.1378</dst>
      <dst id="19">7928.3200</dst>
      <dst id="23">141.6800</dst>
      <dst id="8">3688.0889</dst>
      <dst id="18">4691.6356</dst>
      <dst id="4">0.3556</dst>
      <dst id="1">4161.1911</dst>
      <dst id="5">33512.7022</dst>
      <dst id="3">8225.0667</dst>
      <dst id="22">17533.0667</dst>
      <dst id="7">34351.1644</dst>
      <dst id="2">98090.4978</dst>
      <dst id="16">11490.1600</dst>
      <dst id="14">6045.7156</dst>
      <dst id="20">14677.1022</dst>
      <dst id="11">9635.2356</dst>
      <dst id="9">24683.7689</dst>
      <dst id="17">88297.4133</dst>
      <dst id="21">17628.0889</dst>
      <dst id="15">1545.7244</dst>
    </src>
    <src id="19">
      <dst id="12">13578.5867</dst>
      <dst id="13">1579.8667</dst>
      <dst id="23">8.5244</dst>
      <dst id="8">1.3511</dst>
      <dst id="18">121.9556</dst>
      <dst id="4">10578.7467</dst>
      <dst id="1">513.0044</dst>
      <dst id="5">402.5511</dst>
      <dst id="3">0.3467</dst>
      <dst id="10">2872.0267</dst>
      <dst id="22">1139.2978</dst>
      <dst id="7">3255.0756</dst>
      <dst id="2">3364.5511</dst>
      <dst id="16">16192.2311</dst>
      <dst id="14">3.7333</dst>
      <dst id="20">330.9422</dst>
      <dst id="11">50.1778</dst>
      <dst id="9">1981.7689</dst>
      <dst id="17">5866.1067</dst>
      <dst id="21">672.7733</dst>
      <dst id="15">0.6578</dst>
    </src>
    <src id="23">
      <dst id="12">2085.5378</dst>
      <dst id="13">111.6444</dst>
      <dst id="19">81.2622</dst>
      <dst id="8">109.1556</dst>
      <dst id="18">37.8667</dst>
      <dst id="4">841.9556</dst>
      <dst id="1">666.7556</dst>
      <dst id="5">110.3289</dst>
      <dst id="3">1589.4489</dst>
      <dst id="22">242.5689</dst>
      <dst id="7">276.9689</dst>
      <dst id="2">117.9022</dst>
      <dst id="16">76.8089</dst>
      <dst id="14">53.3333</dst>
      <dst id="20">133.7600</dst>
      <dst id="11">45.4400</dst>
      <dst id="9">520.6933</dst>
      <dst id="17">582.7822</dst>
      <dst id="21">196.7467</dst>
      <dst id="15">33.5289</dst>
    </src>
    <src id="8">
      <dst id="12">15361.6356</dst>
      <dst id="13">1004.8533</dst>
      <dst id="19">13.3867</dst>
      <dst id="23">6.2578</dst>
      <dst id="18">135.3600</dst>
      <dst id="4">5922.3200</dst>
      <dst id="1">3661.9200</dst>
      <dst id="5">7300.8622</dst>
      <dst id="3">1.3333</dst>
      <dst id="10">287.5022</dst>
      <dst id="22">2150.0089</dst>
      <dst id="7">8.5333</dst>
      <dst id="2">1467.3422</dst>
      <dst id="16">5010.8533</dst>
      <dst id="14">47.7333</dst>
      <dst id="20">1659.7511</dst>
      <dst id="11">380.9511</dst>
      <dst id="9">149885.3244</dst>
      <dst id="17">404934.9689</dst>
      <dst id="21">160.1156</dst>
      <dst id="15">59.1111</dst>
    </src>
    <src id="18">
      <dst id="12">192780.0800</dst>
      <dst id="13">191.7067</dst>
      <dst id="19">64.2844</dst>
      <dst id="23">2.8267</dst>
      <dst id="8">148.9067</dst>
      <dst id="4">1510.7556</dst>
      <dst id="1">1743.5556</dst>
      <dst id="5">793.7422</dst>
      <dst id="3">104.5067</dst>
      <dst id="10">289.1822</dst>
      <dst id="22">923.7244</dst>
      <dst id="7">80.1511</dst>
      <dst id="2">54909.3156</dst>
      <dst id="16">133.8044</dst>
      <dst id="14">2.7378</dst>
      <dst id="20">128.6667</dst>
      <dst id="11">189.5022</dst>
      <dst id="9">143.8933</dst>
      <dst id="17">23282.4889</dst>
      <dst id="21">906.3022</dst>
      <dst id="15">3.0311</dst>
    </src>
    <src id="4">
      <dst id="12">14862.0533</dst>
      <dst id="19">6483.7333</dst>
      <dst id="8">963.2889</dst>
      <dst id="18">3947.5733</dst>
      <dst id="4">103.6267</dst>
      <dst id="1">31528.7111</dst>
      <dst id="5">1827.9733</dst>
      <dst id="3">319.2711</dst>
      <dst id="22">5147.3244</dst>
      <dst id="7">18866.5867</dst>
      <dst id="2">59717.3244</dst>
      <dst id="16">2385.8044</dst>
      <dst id="14">1011.8489</dst>
      <dst id="20">3756.3022</dst>
      <dst id="11">3212.1956</dst>
      <dst id="9">3714.4267</dst>
      <dst id="17">53543.5200</dst>
      <dst id="21">12965.2711</dst>
      <dst id="15">1502.4711</dst>
    </src>
    <src id="1">
      <dst id="12">17120.2933</dst>
      <dst id="13">10104.0533</dst>
      <dst id="19">4284.6933</dst>
      <dst id="23">204.7644</dst>
      <dst id="8">104.7467</dst>
      <dst id="18">13068.0356</dst>
      <dst id="4">23324.4089</dst>
      <dst id="1">25058.9067</dst>
      <dst id="5">534.2400</dst>
      <dst id="3">14197.7244</dst>
      <dst id="10">1633.2889</dst>
      <dst id="22">16024.6222</dst>
      <dst id="7">9780.8711</dst>
      <dst id="2">59667.0756</dst>
      <dst id="16">22959.2000</dst>
      <dst id="14">72.7467</dst>
      <dst id="20">7702.4622</dst>
      <dst id="11">5955.2444</dst>
      <dst id="9">3139.7867</dst>
      <dst id="17">7776.7378</dst>
      <dst id="21">24079.7600</dst>
      <dst id="15">2564.7378</dst>
    </src>
    <src id="5">
      <dst id="12">28837.2444</dst>
      <dst id="13">4752.1956</dst>
      <dst id="19">872.6044</dst>
      <dst id="23">3.0044</dst>
      <dst id="8">2987.0133</dst>
      <dst id="18">595.2889</dst>
      <dst id="4">10992.5422</dst>
      <dst id="1">10592.6311</dst>
      <dst id="3">81.3156</dst>
      <dst id="10">2988.8978</dst>
      <dst id="22">3752.9689</dst>
      <dst id="7">37.2622</dst>
      <dst id="2">2032.4978</dst>
      <dst id="16">1741.4844</dst>
      <dst id="14">132.8267</dst>
      <dst id="20">9495.4578</dst>
      <dst id="11">2015.9822</dst>
      <dst id="9">122414.2044</dst>
      <dst id="17">505068.7911</dst>
      <dst id="21">1083.3244</dst>
      <dst id="15">5421.3778</dst>
    </src>
    <src id="3">
      <dst id="12">3956.0889</dst>
      <dst id="13">12455.7156</dst>
      <dst id="19">2319.8578</dst>
      <dst id="23">38.1511</dst>
      <dst id="8">183.5822</dst>
      <dst id="18">940.3289</dst>
      <dst id="4">64724.0444</dst>
      <dst id="1">24101.9022</dst>
      <dst id="5">424.3911</dst>
      <dst id="10">1499.6089</dst>
      <dst id="22">6758.0622</dst>
      <dst id="7">16251.5022</dst>
      <dst id="2">4038.3556</dst>
      <dst id="16">1747.3600</dst>
      <dst id="14">152.4089</dst>
      <dst id="20">2877.6089</dst>
      <dst id="11">1058.7200</dst>
      <dst id="9">3979.8400</dst>
      <dst id="17">24916.2133</dst>
      <dst id="21">13370.2133</dst>
      <dst id="15">838.7111</dst>
    </src>
    <src id="10">
      <dst id="12">30676.1689</dst>
      <dst id="19">11817.4400</dst>
      <dst id="8">158531.1289</dst>
      <dst id="18">4716.0267</dst>
      <dst id="1">5296.2667</dst>
      <dst id="5">292626.6844</dst>
      <dst id="3">20727.6533</dst>
      <dst id="22">2930.9067</dst>
      <dst id="7">7280.7200</dst>
      <dst id="2">21899.8489</dst>
      <dst id="16">3282.8889</dst>
      <dst id="14">43296.8622</dst>
      <dst id="20">2342.5156</dst>
      <dst id="11">218392.0089</dst>
      <dst id="9">306331.3244</dst>
      <dst id="17">34040.7822</dst>
      <dst id="21">17820.6311</dst>
      <dst id="15">3055.7067</dst>
    </src>
    <src id="22">
      <dst id="12">7739.6800</dst>
      <dst id="13">5284.3556</dst>
      <dst id="19">1105.9911</dst>
      <dst id="23">149.4489</dst>
      <dst id="8">6384.0089</dst>
      <dst id="18">478.2933</dst>
      <dst id="4">20202.2400</dst>
      <dst id="1">502.1067</dst>
      <dst id="5">5581.7956</dst>
      <dst id="3">1223.9022</dst>
      <dst id="10">3791.3511</dst>
      <dst id="7">7819.9467</dst>
      <dst id="2">6222.2578</dst>
      <dst id="14">68.3467</dst>
      <dst id="11">1518.9689</dst>
      <dst id="9">9027.0311</dst>
      <dst id="17">13094.0800</dst>
      <dst id="21">5638.2578</dst>
    </src>
    <src id="7">
      <dst id="12">9722.9867</dst>
      <dst id="13">14807.0222</dst>
      <dst id="19">2353.9644</dst>
      <dst id="23">500.3200</dst>
      <dst id="8">1661.8756</dst>
      <dst id="18">1496.6400</dst>
      <dst id="4">44217.0222</dst>
      <dst id="1">20465.4311</dst>
      <dst id="5">1350.9067</dst>
      <dst id="3">5634.4889</dst>
      <dst id="10">2026.8622</dst>
      <dst id="22">6158.5600</dst>
      <dst id="7">5.2267</dst>
      <dst id="2">9279.2089</dst>
      <dst id="16">6770.0444</dst>
      <dst id="14">162.3644</dst>
      <dst id="20">16984.9333</dst>
      <dst id="11">1004.7467</dst>
      <dst id="9">1712.5689</dst>
      <dst id="17">26390.7289</dst>
      <dst id="21">5501.2622</dst>
      <dst id="15">2355.2356</dst>
    </src>
    <src id="2">
      <dst id="12">142885.0311</dst>
      <dst id="13">11108.3289</dst>
      <dst id="19">793.5556</dst>
      <dst id="8">461.0133</dst>
      <dst id="18">121382.9422</dst>
      <dst id="4">111026.2133</dst>
      <dst id="1">43333.7600</dst>
      <dst id="5">1934.1867</dst>
      <dst id="3">143.5733</dst>
      <dst id="10">10319.4756</dst>
      <dst id="22">2399.3156</dst>
      <dst id="7">21481.3689</dst>
      <dst id="2">882.4889</dst>
      <dst id="16">1211.9378</dst>
      <dst id="14">1727.7511</dst>
      <dst id="20">5411.6089</dst>
      <dst id="11">3440.3822</dst>
      <dst id="9">1949.7422</dst>
      <dst id="17">26215.4400</dst>
      <dst id="21">11615.4489</dst>
      <dst id="15">151.2089</dst>
    </src>
    <src id="6">
      <dst id="12">244.3111</dst>
      <dst id="13">36.2489</dst>
      <dst id="19">1.4222</dst>
      <dst id="8">0.7822</dst>
      <dst id="18">0.8533</dst>
      <dst id="4">141.6622</dst>
      <dst id="1">153.8222</dst>
      <dst id="5">37.5111</dst>
      <dst id="10">0.3911</dst>
      <dst id="22">3.6800</dst>
      <dst id="7">74.6756</dst>
      <dst id="2">4244.0178</dst>
      <dst id="16">14.4000</dst>
      <dst id="20">0.4267</dst>
      <dst id="11">16.5867</dst>
      <dst id="9">64.7556</dst>
      <dst id="17">13248.3556</dst>
      <dst id="21">78.0444</dst>
    </src>
    <src id="16">
      <dst id="12">2692.7289</dst>
      <dst id="13">975.4222</dst>
      <dst id="19">4941.1289</dst>
      <dst id="23">336.3378</dst>
      <dst id="8">5637.6089</dst>
      <dst id="18">77.6000</dst>
      <dst id="4">4794.7911</dst>
      <dst id="1">25565.9200</dst>
      <dst id="5">6750.4267</dst>
      <dst id="3">186.7378</dst>
      <dst id="10">625.4133</dst>
      <dst id="22">0.3556</dst>
      <dst id="7">2356.6044</dst>
      <dst id="2">2919.1822</dst>
      <dst id="16">28.8000</dst>
      <dst id="14">112.3556</dst>
      <dst id="11">620.5600</dst>
      <dst id="9">11425.9911</dst>
      <dst id="17">2761.0933</dst>
      <dst id="21">723.2089</dst>
    </src>
    <src id="14">
      <dst id="12">1254.3289</dst>
      <dst id="13">179.9111</dst>
      <dst id="19">13.2978</dst>
      <dst id="23">13.9022</dst>
      <dst id="8">19.5556</dst>
      <dst id="4">2120.8978</dst>
      <dst id="1">439.4844</dst>
      <dst id="5">44.9244</dst>
      <dst id="3">74.9511</dst>
      <dst id="10">336.4533</dst>
      <dst id="22">29.0489</dst>
      <dst id="7">45.5378</dst>
      <dst id="2">4264.9867</dst>
      <dst id="16">16.7733</dst>
      <dst id="20">8.0444</dst>
      <dst id="11">47.0489</dst>
      <dst id="9">47.4044</dst>
      <dst id="17">35530.6933</dst>
      <dst id="21">48.8622</dst>
    </src>
    <src id="20">
      <dst id="12">17014.7644</dst>
      <dst id="13">19333.2444</dst>
      <dst id="19">1860.8356</dst>
      <dst id="23">52.5156</dst>
      <dst id="8">181.8400</dst>
      <dst id="18">36.5511</dst>
      <dst id="4">14272.3289</dst>
      <dst id="1">2375.4400</dst>
      <dst id="5">5124.1244</dst>
      <dst id="3">7112.2311</dst>
      <dst id="10">4433.3067</dst>
      <dst id="7">306.2044</dst>
      <dst id="2">3479.3778</dst>
      <dst id="14">3.8400</dst>
      <dst id="11">2106.4622</dst>
      <dst id="9">3235.3511</dst>
      <dst id="17">31481.6533</dst>
      <dst id="21">12925.4044</dst>
    </src>
    <src id="11">
      <dst id="12">25252.1511</dst>
      <dst id="13">2323.1111</dst>
      <dst id="19">715.7689</dst>
      <dst id="23">6.7644</dst>
      <dst id="8">1600.5956</dst>
      <dst id="18">3258.6667</dst>
      <dst id="4">9969.9644</dst>
      <dst id="1">495.1733</dst>
      <dst id="5">2028.6311</dst>
      <dst id="3">673.9467</dst>
      <dst id="10">437.0400</dst>
      <dst id="22">2096.2311</dst>
      <dst id="7">1523.1644</dst>
      <dst id="2">133849.2711</dst>
      <dst id="16">677.5022</dst>
      <dst id="14">74.9867</dst>
      <dst id="20">7511.3600</dst>
      <dst id="11">4123.8133</dst>
      <dst id="9">2596.1867</dst>
      <dst id="17">819464.7822</dst>
      <dst id="21">542.5422</dst>
      <dst id="15">1487.1556</dst>
    </src>
    <src id="9">
      <dst id="12">39020.9511</dst>
      <dst id="13">7481.1200</dst>
      <dst id="19">732.3289</dst>
      <dst id="23">81.7600</dst>
      <dst id="8">173012.3022</dst>
      <dst id="18">859.7511</dst>
      <dst id="4">13183.0844</dst>
      <dst id="1">10884.5244</dst>
      <dst id="5">13050.8622</dst>
      <dst id="3">1.3244</dst>
      <dst id="10">1629.4844</dst>
      <dst id="22">9999.1911</dst>
      <dst id="7">5179.1911</dst>
      <dst id="2">8396.3378</dst>
      <dst id="16">2066.8178</dst>
      <dst id="14">19.4933</dst>
      <dst id="20">4671.8667</dst>
      <dst id="11">788.0889</dst>
      <dst id="9">505934.5422</dst>
      <dst id="17">654855.5733</dst>
      <dst id="21">2998.6222</dst>
      <dst id="15">1053.9467</dst>
    </src>
    <src id="17">
      <dst id="12">19058.4978</dst>
      <dst id="13">8967.8844</dst>
      <dst id="19">2618.7911</dst>
      <dst id="23">54.2222</dst>
      <dst id="8">488.2667</dst>
      <dst id="18">4905.9289</dst>
      <dst id="4">61892.1867</dst>
      <dst id="1">1249.8222</dst>
      <dst id="5">246804.8533</dst>
      <dst id="3">22942.0444</dst>
      <dst id="10">4705.6711</dst>
      <dst id="22">4550.0356</dst>
      <dst id="7">3944.7378</dst>
      <dst id="2">15982.1867</dst>
      <dst id="16">15758.1244</dst>
      <dst id="14">23830.9156</dst>
      <dst id="20">1549.8756</dst>
      <dst id="11">184092.3289</dst>
      <dst id="9">2814.5333</dst>
      <dst id="17">5314.1333</dst>
      <dst id="21">13854.4267</dst>
      <dst id="15">1629.8133</dst>
    </src>
    <src id="21">
      <dst id="12">5326.1511</dst>
      <dst id="13">11462.8178</dst>
      <dst id="19">1275.8844</dst>
      <dst id="23">34.8800</dst>
      <dst id="8">298.4089</dst>
      <dst id="18">4153.4222</dst>
      <dst id="4">25184.6311</dst>
      <dst id="1">11854.8978</dst>
      <dst id="5">2572.9867</dst>
      <dst id="3">10777.1733</dst>
      <dst id="10">2465.2800</dst>
      <dst id="22">14528.4978</dst>
      <dst id="7">5051.4311</dst>
      <dst id="2">10328.6133</dst>
      <dst id="16">508.1867</dst>
      <dst id="14">163.8044</dst>
      <dst id="20">2378.3556</dst>
      <dst id="11">3251.6889</dst>
      <dst id="9">755.7511</dst>
      <dst id="17">40161.4578</dst>
      <dst id="21">2978.1422</dst>
      <dst id="15">4137.9022</dst>
    </src>
    <src id="15">
      <dst id="12">921.5378</dst>
      <dst id="13">675.6711</dst>
      <dst id="19">0.3378</dst>
      <dst id="23">294.6844</dst>
      <dst id="8">93.8400</dst>
      <dst id="18">38.8089</dst>
      <dst id="4">1280.3911</dst>
      <dst id="1">917.4222</dst>
      <dst id="5">1244.7378</dst>
      <dst id="3">0.4622</dst>
      <dst id="10">74.6489</dst>
      <dst id="7">106.1689</dst>
      <dst id="2">234.9867</dst>
      <dst id="14">14.1156</dst>
      <dst id="11">127.4133</dst>
      <dst id="9">1766.3378</dst>
      <dst id="17">893.3156</dst>
      <dst id="21">1178.3911</dst>
    </src>
  </IntraTM>
</TrafficMatrixFile>
