<?xml version="1.0" encoding="UTF-8" standalone="yes"?>
<TrafficMatrixFile xmlns:xsi="http://www.w3.org/2001/XMLSchema-instance" xsi:noNamespaceSchemaLocation="http://totem.run.montefiore.ulg.ac.be/Schema/TrafficMatrix-v1_2.xsd">
  <info>
    <title>Intradomain traffic matrix generated by geant-TM-all.pl</title>
    <date>2005-04-20T07:45:00</date>
    <duration>900</duration>
    <author>Steve Uhlig</author>
    <units>
        <unit type="bandwidth" value="kbps"/>
    </units>
  </info>
  <IntraTM ASID="20965">
    <src id="12">
      <dst id="12">320982.5422</dst>
      <dst id="13">27117.1200</dst>
      <dst id="19">4179.7156</dst>
      <dst id="23">2304.1067</dst>
      <dst id="8">1724.1867</dst>
      <dst id="18">35481.3689</dst>
      <dst id="4">2182.6667</dst>
      <dst id="1">14585.7689</dst>
      <dst id="5">7708.9422</dst>
      <dst id="3">661.8667</dst>
      <dst id="10">4427.0400</dst>
      <dst id="22">253.7422</dst>
      <dst id="7">440.4267</dst>
      <dst id="2">5997.2800</dst>
      <dst id="16">1609.0222</dst>
      <dst id="14">769.6089</dst>
      <dst id="20">1230.9333</dst>
      <dst id="11">99.6800</dst>
      <dst id="9">33267.5111</dst>
      <dst id="17">65501.5644</dst>
      <dst id="21">4272.8444</dst>
      <dst id="15">403.7511</dst>
    </src>
    <src id="13">
      <dst id="12">30828.7911</dst>
      <dst id="13">330.4089</dst>
      <dst id="19">3662.8178</dst>
      <dst id="23">14.5511</dst>
      <dst id="8">930.6578</dst>
      <dst id="18">1701.9822</dst>
      <dst id="4">2.4178</dst>
      <dst id="1">4731.1111</dst>
      <dst id="5">7623.6089</dst>
      <dst id="3">44.4889</dst>
      <dst id="22">42.8267</dst>
      <dst id="7">533.6533</dst>
      <dst id="2">8654.1689</dst>
      <dst id="16">685.8844</dst>
      <dst id="14">59.4222</dst>
      <dst id="20">698.2667</dst>
      <dst id="11">20.3111</dst>
      <dst id="9">3864.3556</dst>
      <dst id="17">12377.1289</dst>
      <dst id="21">446.3556</dst>
      <dst id="15">7.4311</dst>
    </src>
    <src id="19">
      <dst id="12">52460.4978</dst>
      <dst id="13">1923.5111</dst>
      <dst id="23">0.4978</dst>
      <dst id="18">1.4933</dst>
      <dst id="4">454.0889</dst>
      <dst id="1">40.3289</dst>
      <dst id="5">26.1956</dst>
      <dst id="10">38.3200</dst>
      <dst id="22">1.4044</dst>
      <dst id="7">998.6933</dst>
      <dst id="2">399.7778</dst>
      <dst id="16">353.7067</dst>
      <dst id="14">3.1644</dst>
      <dst id="20">1.3956</dst>
      <dst id="11">27.1556</dst>
      <dst id="9">2024.9600</dst>
      <dst id="17">4530.3289</dst>
      <dst id="21">728.3556</dst>
      <dst id="15">8.4711</dst>
    </src>
    <src id="23">
      <dst id="12">7423.0578</dst>
      <dst id="13">145.7333</dst>
      <dst id="19">7.4844</dst>
      <dst id="8">0.3556</dst>
      <dst id="18">13.6889</dst>
      <dst id="4">240.4089</dst>
      <dst id="1">200.6578</dst>
      <dst id="5">112.5067</dst>
      <dst id="10">86.8444</dst>
      <dst id="22">16.0889</dst>
      <dst id="7">48.0089</dst>
      <dst id="14">0.5867</dst>
      <dst id="11">26.6222</dst>
      <dst id="9">2454.3111</dst>
      <dst id="17">1416.8889</dst>
      <dst id="21">64.5333</dst>
    </src>
    <src id="8">
      <dst id="12">10003.6889</dst>
      <dst id="13">3009.7956</dst>
      <dst id="19">0.3556</dst>
      <dst id="18">21.6356</dst>
      <dst id="4">44.7111</dst>
      <dst id="1">1485.7600</dst>
      <dst id="5">459.7867</dst>
      <dst id="3">706.1333</dst>
      <dst id="10">128.2578</dst>
      <dst id="2">94.7467</dst>
      <dst id="16">297089.5022</dst>
      <dst id="14">0.3556</dst>
      <dst id="9">62331.7511</dst>
      <dst id="17">20424.7822</dst>
      <dst id="21">2.2578</dst>
      <dst id="15">0.3556</dst>
    </src>
    <src id="18">
      <dst id="12">95703.0756</dst>
      <dst id="13">916.7467</dst>
      <dst id="23">1.4400</dst>
      <dst id="8">731.8756</dst>
      <dst id="4">8.8089</dst>
      <dst id="1">5951.3422</dst>
      <dst id="5">2491.8044</dst>
      <dst id="3">1841.5644</dst>
      <dst id="10">144.1689</dst>
      <dst id="22">13.3333</dst>
      <dst id="7">142.9422</dst>
      <dst id="2">6659.2800</dst>
      <dst id="16">394.1867</dst>
      <dst id="14">13.3333</dst>
      <dst id="20">670.0533</dst>
      <dst id="9">5338.3467</dst>
      <dst id="17">3570.0800</dst>
      <dst id="21">121.6444</dst>
      <dst id="15">0.5333</dst>
    </src>
    <src id="4">
      <dst id="12">14168.6489</dst>
      <dst id="13">3.3244</dst>
      <dst id="19">7784.9422</dst>
      <dst id="23">5654.8000</dst>
      <dst id="8">1262.6667</dst>
      <dst id="18">2776.0444</dst>
      <dst id="4">1832.2756</dst>
      <dst id="1">85943.0044</dst>
      <dst id="5">5692.6311</dst>
      <dst id="3">46.6578</dst>
      <dst id="7">314.2311</dst>
      <dst id="2">127007.4667</dst>
      <dst id="16">54479.6000</dst>
      <dst id="14">4650.0444</dst>
      <dst id="11">300.8978</dst>
      <dst id="9">19700.6133</dst>
      <dst id="17">51095.5289</dst>
      <dst id="21">9560.5867</dst>
      <dst id="15">1102.8444</dst>
    </src>
    <src id="1">
      <dst id="12">973.2089</dst>
      <dst id="13">896.5689</dst>
      <dst id="19">103.3244</dst>
      <dst id="23">76.8267</dst>
      <dst id="8">26.7733</dst>
      <dst id="18">259.3511</dst>
      <dst id="4">137.4133</dst>
      <dst id="1">22067.3244</dst>
      <dst id="5">90.4000</dst>
      <dst id="3">17.1022</dst>
      <dst id="10">612.2044</dst>
      <dst id="7">4612.9689</dst>
      <dst id="2">6911.0933</dst>
      <dst id="16">12149.9289</dst>
      <dst id="14">91.4667</dst>
      <dst id="20">106.8000</dst>
      <dst id="11">1200.7733</dst>
      <dst id="9">3571.2000</dst>
      <dst id="17">17844.0089</dst>
      <dst id="21">4535.6800</dst>
      <dst id="15">77.0844</dst>
    </src>
    <src id="5">
      <dst id="12">20702.7289</dst>
      <dst id="13">1456.3378</dst>
      <dst id="19">1090.2489</dst>
      <dst id="23">131.7156</dst>
      <dst id="8">131.9467</dst>
      <dst id="18">68.7822</dst>
      <dst id="4">410.3111</dst>
      <dst id="1">35360.1333</dst>
      <dst id="3">377.1911</dst>
      <dst id="10">287.2711</dst>
      <dst id="2">300.3822</dst>
      <dst id="16">319622.3467</dst>
      <dst id="14">149.3689</dst>
      <dst id="11">12.9778</dst>
      <dst id="9">57996.6578</dst>
      <dst id="17">25879.4489</dst>
      <dst id="21">20.6578</dst>
      <dst id="15">15.6978</dst>
    </src>
    <src id="3">
      <dst id="12">1225.0667</dst>
      <dst id="13">45610.7467</dst>
      <dst id="19">5161.6178</dst>
      <dst id="23">3.0400</dst>
      <dst id="8">16.3733</dst>
      <dst id="18">17.8933</dst>
      <dst id="4">308.6756</dst>
      <dst id="1">3080.7733</dst>
      <dst id="5">412.8356</dst>
      <dst id="3">347.8756</dst>
      <dst id="10">353.4489</dst>
      <dst id="7">222.5156</dst>
      <dst id="2">3506.4444</dst>
      <dst id="16">6669.0133</dst>
      <dst id="14">102.2044</dst>
      <dst id="20">1750.6667</dst>
      <dst id="11">136.3733</dst>
      <dst id="9">1174.0000</dst>
      <dst id="17">48921.7511</dst>
      <dst id="21">1502.9067</dst>
      <dst id="15">2.3111</dst>
    </src>
    <src id="10">
      <dst id="12">2023.0933</dst>
      <dst id="13">2.5867</dst>
      <dst id="19">1209.2267</dst>
      <dst id="23">82.8444</dst>
      <dst id="8">219.3956</dst>
      <dst id="18">7844.4533</dst>
      <dst id="1">772.3200</dst>
      <dst id="5">1613.6444</dst>
      <dst id="3">1.8489</dst>
      <dst id="7">15.7422</dst>
      <dst id="2">45029.8311</dst>
      <dst id="16">50837.5822</dst>
      <dst id="14">591.0311</dst>
      <dst id="20">6506.2756</dst>
      <dst id="11">8.5689</dst>
      <dst id="9">5877.3600</dst>
      <dst id="17">40684.7644</dst>
      <dst id="21">3164.4533</dst>
      <dst id="15">124.9956</dst>
    </src>
    <src id="22">
      <dst id="12">6656.5511</dst>
      <dst id="13">5755.8756</dst>
      <dst id="19">55.8933</dst>
      <dst id="23">16.0978</dst>
      <dst id="8">307.9911</dst>
      <dst id="18">1568.7733</dst>
      <dst id="4">536.4622</dst>
      <dst id="1">864.9244</dst>
      <dst id="5">981.2800</dst>
      <dst id="3">0.8267</dst>
      <dst id="10">319.8578</dst>
      <dst id="7">37.4311</dst>
      <dst id="2">389.3156</dst>
      <dst id="16">6.4267</dst>
      <dst id="14">41.0400</dst>
      <dst id="11">50.4533</dst>
      <dst id="9">2516.4978</dst>
      <dst id="17">14707.3244</dst>
      <dst id="21">106.8089</dst>
    </src>
    <src id="7">
      <dst id="12">8090.2756</dst>
      <dst id="13">696.2311</dst>
      <dst id="19">140.2133</dst>
      <dst id="23">18.2489</dst>
      <dst id="8">655.0933</dst>
      <dst id="18">111.2978</dst>
      <dst id="4">232.4000</dst>
      <dst id="1">185.1289</dst>
      <dst id="5">338.1511</dst>
      <dst id="3">6.5778</dst>
      <dst id="10">258.3111</dst>
      <dst id="22">44.3556</dst>
      <dst id="7">23.5289</dst>
      <dst id="2">486.2756</dst>
      <dst id="16">2068.4978</dst>
      <dst id="14">38.6756</dst>
      <dst id="20">17.6889</dst>
      <dst id="11">379.2356</dst>
      <dst id="9">94.5333</dst>
      <dst id="17">6004.6311</dst>
      <dst id="21">830.8444</dst>
      <dst id="15">1.6089</dst>
    </src>
    <src id="2">
      <dst id="12">81310.5956</dst>
      <dst id="13">40739.5556</dst>
      <dst id="19">692.7556</dst>
      <dst id="23">0.3556</dst>
      <dst id="8">56.7911</dst>
      <dst id="18">16390.9422</dst>
      <dst id="4">976.1422</dst>
      <dst id="1">53674.5511</dst>
      <dst id="5">1908.0800</dst>
      <dst id="3">20.2311</dst>
      <dst id="10">2202.7644</dst>
      <dst id="22">72.0533</dst>
      <dst id="7">1294.1956</dst>
      <dst id="2">4492.6578</dst>
      <dst id="16">112.5067</dst>
      <dst id="14">244.5156</dst>
      <dst id="20">386.9244</dst>
      <dst id="11">498.2222</dst>
      <dst id="9">1303.0044</dst>
      <dst id="17">24622.9333</dst>
      <dst id="21">1235.0222</dst>
      <dst id="15">37.4489</dst>
    </src>
    <src id="6">
      <dst id="12">168.8800</dst>
      <dst id="13">34.3378</dst>
      <dst id="19">5.4222</dst>
      <dst id="8">0.7111</dst>
      <dst id="4">0.4622</dst>
      <dst id="1">4916.9956</dst>
      <dst id="5">1.1733</dst>
      <dst id="3">15.0044</dst>
      <dst id="10">0.4533</dst>
      <dst id="7">1.5022</dst>
      <dst id="2">181.7333</dst>
      <dst id="16">13.8667</dst>
      <dst id="9">2240.1867</dst>
      <dst id="17">21785.6178</dst>
    </src>
    <src id="16">
      <dst id="12">107326.9689</dst>
      <dst id="13">978.2933</dst>
      <dst id="19">5322.5956</dst>
      <dst id="23">39.7244</dst>
      <dst id="8">132817.5378</dst>
      <dst id="18">29.5822</dst>
      <dst id="4">512.6133</dst>
      <dst id="1">23729.7067</dst>
      <dst id="5">275362.6844</dst>
      <dst id="3">2134.7022</dst>
      <dst id="10">303.6356</dst>
      <dst id="2">349.8489</dst>
      <dst id="16">13360.6311</dst>
      <dst id="14">48831.0400</dst>
      <dst id="11">11688.1422</dst>
      <dst id="9">170863.3067</dst>
      <dst id="17">2615.5644</dst>
      <dst id="21">13.3333</dst>
    </src>
    <src id="14">
      <dst id="12">1615.6089</dst>
      <dst id="13">225.4933</dst>
      <dst id="19">16.7111</dst>
      <dst id="23">1.5289</dst>
      <dst id="8">0.8889</dst>
      <dst id="18">1.7956</dst>
      <dst id="4">93.4400</dst>
      <dst id="1">1471.4933</dst>
      <dst id="5">15.6711</dst>
      <dst id="3">748.9689</dst>
      <dst id="10">100.9511</dst>
      <dst id="7">3.9022</dst>
      <dst id="2">149.6978</dst>
      <dst id="16">1034.1689</dst>
      <dst id="20">8.0711</dst>
      <dst id="11">89.5289</dst>
      <dst id="9">1796.6222</dst>
      <dst id="17">23404.1067</dst>
      <dst id="21">125.6089</dst>
    </src>
    <src id="20">
      <dst id="12">1218.1778</dst>
      <dst id="13">789.7778</dst>
      <dst id="19">40.0000</dst>
      <dst id="23">0.5689</dst>
      <dst id="8">174.4711</dst>
      <dst id="18">79.6889</dst>
      <dst id="4">61.6000</dst>
      <dst id="1">5083.6533</dst>
      <dst id="5">3074.5689</dst>
      <dst id="3">1.0400</dst>
      <dst id="10">2072.7200</dst>
      <dst id="7">27.6178</dst>
      <dst id="2">1624.3289</dst>
      <dst id="16">6564.5244</dst>
      <dst id="14">5.1200</dst>
      <dst id="20">28.3733</dst>
      <dst id="11">13.9022</dst>
      <dst id="9">1509.3600</dst>
      <dst id="17">365.8222</dst>
      <dst id="21">34.4267</dst>
    </src>
    <src id="11">
      <dst id="12">36276.1156</dst>
      <dst id="13">1581.3156</dst>
      <dst id="19">181.3067</dst>
      <dst id="23">184.1511</dst>
      <dst id="8">296.9244</dst>
      <dst id="18">3.4844</dst>
      <dst id="4">686.6933</dst>
      <dst id="1">38911.5378</dst>
      <dst id="5">227.2178</dst>
      <dst id="3">1498.4089</dst>
      <dst id="10">1412.1156</dst>
      <dst id="2">4454.5067</dst>
      <dst id="16">8985.7600</dst>
      <dst id="14">97.8400</dst>
      <dst id="20">73.6089</dst>
      <dst id="11">952.1067</dst>
      <dst id="9">56925.8844</dst>
      <dst id="17">496371.4756</dst>
      <dst id="21">349.5022</dst>
      <dst id="15">63.8933</dst>
    </src>
    <src id="9">
      <dst id="12">23631.5111</dst>
      <dst id="13">533.3689</dst>
      <dst id="19">4.9956</dst>
      <dst id="23">66.2933</dst>
      <dst id="8">70638.6133</dst>
      <dst id="18">720.8178</dst>
      <dst id="4">326.8089</dst>
      <dst id="1">5315.6000</dst>
      <dst id="5">1224.4622</dst>
      <dst id="3">911.7600</dst>
      <dst id="10">87.2356</dst>
      <dst id="2">83.6978</dst>
      <dst id="16">455264.7556</dst>
      <dst id="14">14.6044</dst>
      <dst id="11">16.8889</dst>
      <dst id="9">258088.0089</dst>
      <dst id="17">56484.4089</dst>
      <dst id="21">46.7556</dst>
      <dst id="15">223.5822</dst>
    </src>
    <src id="17">
      <dst id="12">76850.6489</dst>
      <dst id="13">25264.2844</dst>
      <dst id="19">4295.2444</dst>
      <dst id="23">28.1778</dst>
      <dst id="8">313.3244</dst>
      <dst id="18">2181.2622</dst>
      <dst id="4">3313.9200</dst>
      <dst id="1">7082.0356</dst>
      <dst id="5">163981.2978</dst>
      <dst id="3">2714.9422</dst>
      <dst id="10">2794.8978</dst>
      <dst id="7">2474.1511</dst>
      <dst id="2">8932.0800</dst>
      <dst id="16">24530.5956</dst>
      <dst id="14">21711.7511</dst>
      <dst id="20">253.1911</dst>
      <dst id="11">10694.5422</dst>
      <dst id="9">7027.7600</dst>
      <dst id="17">15117.0578</dst>
      <dst id="21">1078.8089</dst>
      <dst id="15">3006.5600</dst>
    </src>
    <src id="21">
      <dst id="12">3012.6844</dst>
      <dst id="13">5570.7111</dst>
      <dst id="19">295.9556</dst>
      <dst id="23">3.8044</dst>
      <dst id="8">19.9022</dst>
      <dst id="18">1598.1422</dst>
      <dst id="4">1957.0578</dst>
      <dst id="1">10129.8400</dst>
      <dst id="5">980.9956</dst>
      <dst id="3">472.7467</dst>
      <dst id="10">271.0844</dst>
      <dst id="7">450.5333</dst>
      <dst id="2">663.4311</dst>
      <dst id="16">5971.3067</dst>
      <dst id="14">102.7822</dst>
      <dst id="20">23.6089</dst>
      <dst id="11">257.2889</dst>
      <dst id="9">1691.0311</dst>
      <dst id="17">15426.1778</dst>
      <dst id="21">956.7467</dst>
      <dst id="15">144.6933</dst>
    </src>
    <src id="15">
      <dst id="12">3121.4667</dst>
      <dst id="13">86.3911</dst>
      <dst id="19">68.0356</dst>
      <dst id="8">5.5822</dst>
      <dst id="18">13.1911</dst>
      <dst id="4">114.9778</dst>
      <dst id="1">83.5822</dst>
      <dst id="5">7.6622</dst>
      <dst id="10">31.2089</dst>
      <dst id="2">4.9244</dst>
      <dst id="16">211.2800</dst>
      <dst id="14">0.6489</dst>
      <dst id="11">13.3333</dst>
      <dst id="9">425.1911</dst>
      <dst id="17">773.9911</dst>
      <dst id="21">0.6400</dst>
    </src>
  </IntraTM>
</TrafficMatrixFile>
