<?xml version="1.0" encoding="UTF-8" standalone="yes"?>
<TrafficMatrixFile xmlns:xsi="http://www.w3.org/2001/XMLSchema-instance" xsi:noNamespaceSchemaLocation="http://totem.run.montefiore.ulg.ac.be/Schema/TrafficMatrix-v1_2.xsd">
  <info>
    <title>Intradomain traffic matrix generated by geant-TM-all.pl</title>
    <date>2005-03-15T04:00:00</date>
    <duration>900</duration>
    <author>Steve Uhlig</author>
    <units>
        <unit type="bandwidth" value="kbps"/>
    </units>
  </info>
  <IntraTM ASID="20965">
    <src id="12">
      <dst id="12">247554.1867</dst>
      <dst id="13">11298.8978</dst>
      <dst id="19">912.5511</dst>
      <dst id="23">2302.8978</dst>
      <dst id="8">48.5156</dst>
      <dst id="18">87523.4844</dst>
      <dst id="4">8973.0844</dst>
      <dst id="1">16491.0933</dst>
      <dst id="5">2382.5244</dst>
      <dst id="3">27.9200</dst>
      <dst id="10">12907.6000</dst>
      <dst id="22">119.7333</dst>
      <dst id="7">1167.3156</dst>
      <dst id="2">25836.3378</dst>
      <dst id="6">17104.9956</dst>
      <dst id="16">730.0178</dst>
      <dst id="14">360.3378</dst>
      <dst id="20">7862.3022</dst>
      <dst id="11">86.4533</dst>
      <dst id="9">6473.7333</dst>
      <dst id="17">41272.1689</dst>
      <dst id="21">859.1733</dst>
      <dst id="15">4674.1422</dst>
    </src>
    <src id="13">
      <dst id="12">49759.5200</dst>
      <dst id="19">11321.5644</dst>
      <dst id="23">1263.5289</dst>
      <dst id="8">1444.9244</dst>
      <dst id="18">2194.8622</dst>
      <dst id="1">29533.8044</dst>
      <dst id="5">6844.4267</dst>
      <dst id="3">164.9689</dst>
      <dst id="22">310.8178</dst>
      <dst id="7">2083.1644</dst>
      <dst id="2">38864.6933</dst>
      <dst id="6">18.3022</dst>
      <dst id="16">10.6933</dst>
      <dst id="14">3028.4978</dst>
      <dst id="20">10050.2489</dst>
      <dst id="11">118.6222</dst>
      <dst id="9">11197.4222</dst>
      <dst id="17">69151.8489</dst>
      <dst id="21">5585.1378</dst>
      <dst id="15">788.6311</dst>
    </src>
    <src id="19">
      <dst id="12">6868.2133</dst>
      <dst id="13">409.3244</dst>
      <dst id="23">1.6178</dst>
      <dst id="8">3.5911</dst>
      <dst id="18">0.7111</dst>
      <dst id="4">964.1244</dst>
      <dst id="1">66.8800</dst>
      <dst id="5">1.3067</dst>
      <dst id="3">15.3689</dst>
      <dst id="10">1432.4089</dst>
      <dst id="22">3.1644</dst>
      <dst id="7">3174.9867</dst>
      <dst id="2">298.7378</dst>
      <dst id="6">11.4578</dst>
      <dst id="16">0.5244</dst>
      <dst id="14">6.4000</dst>
      <dst id="20">32.0178</dst>
      <dst id="11">0.4622</dst>
      <dst id="9">336.0533</dst>
      <dst id="17">4437.2800</dst>
      <dst id="21">145.2178</dst>
    </src>
    <src id="23">
      <dst id="12">3358.9867</dst>
      <dst id="13">22.4800</dst>
      <dst id="8">58.2400</dst>
      <dst id="18">0.6667</dst>
      <dst id="4">3418.0356</dst>
      <dst id="1">14.5422</dst>
      <dst id="10">317.2533</dst>
      <dst id="22">0.3556</dst>
      <dst id="7">0.8356</dst>
      <dst id="2">11.4222</dst>
      <dst id="6">24.5689</dst>
      <dst id="14">0.4000</dst>
      <dst id="11">25.5822</dst>
      <dst id="9">50.2756</dst>
      <dst id="17">252.2933</dst>
      <dst id="21">138.1689</dst>
    </src>
    <src id="8">
      <dst id="12">9208.8267</dst>
      <dst id="13">513.8133</dst>
      <dst id="19">32.2489</dst>
      <dst id="23">2.2400</dst>
      <dst id="18">47.9022</dst>
      <dst id="4">334.1867</dst>
      <dst id="1">2604.8356</dst>
      <dst id="5">470.8356</dst>
      <dst id="10">1891.3778</dst>
      <dst id="7">57.5467</dst>
      <dst id="2">102.2578</dst>
      <dst id="16">115185.1556</dst>
      <dst id="14">13.6889</dst>
      <dst id="11">2.3822</dst>
      <dst id="9">83688.2578</dst>
      <dst id="17">147662.0089</dst>
      <dst id="21">2.4978</dst>
      <dst id="15">74.0178</dst>
    </src>
    <src id="18">
      <dst id="12">134413.2533</dst>
      <dst id="13">77.4933</dst>
      <dst id="19">8.9778</dst>
      <dst id="23">0.3378</dst>
      <dst id="8">212.9778</dst>
      <dst id="4">188.3822</dst>
      <dst id="1">1552.3467</dst>
      <dst id="5">73.9733</dst>
      <dst id="3">1283.4311</dst>
      <dst id="10">858.1778</dst>
      <dst id="22">1.3067</dst>
      <dst id="7">18.7467</dst>
      <dst id="2">20669.0311</dst>
      <dst id="16">300.3200</dst>
      <dst id="14">1.1200</dst>
      <dst id="20">34.5689</dst>
      <dst id="9">551.5644</dst>
      <dst id="17">4337.5911</dst>
      <dst id="21">149.3867</dst>
      <dst id="15">1.8578</dst>
    </src>
    <src id="4">
      <dst id="12">5440.1511</dst>
      <dst id="13">0.3556</dst>
      <dst id="19">828.4178</dst>
      <dst id="23">30.5778</dst>
      <dst id="8">344.6489</dst>
      <dst id="18">235.5911</dst>
      <dst id="4">18.4622</dst>
      <dst id="1">88695.2889</dst>
      <dst id="5">596.8000</dst>
      <dst id="3">46.5067</dst>
      <dst id="7">180710.0711</dst>
      <dst id="2">52384.8889</dst>
      <dst id="6">15.5022</dst>
      <dst id="16">1141.3422</dst>
      <dst id="14">541.8844</dst>
      <dst id="11">116.2844</dst>
      <dst id="9">4502.1422</dst>
      <dst id="17">11548.1956</dst>
      <dst id="21">1226.2578</dst>
      <dst id="15">57.1822</dst>
    </src>
    <src id="1">
      <dst id="12">1203433.7956</dst>
      <dst id="13">11671.7867</dst>
      <dst id="19">761.0489</dst>
      <dst id="23">45.1022</dst>
      <dst id="8">3150.9422</dst>
      <dst id="18">13208.3733</dst>
      <dst id="4">2375.1556</dst>
      <dst id="1">766685.7867</dst>
      <dst id="5">216.2222</dst>
      <dst id="3">18.5689</dst>
      <dst id="10">687.3067</dst>
      <dst id="7">488065.5467</dst>
      <dst id="2">10813.2267</dst>
      <dst id="6">0.7733</dst>
      <dst id="16">5979.4667</dst>
      <dst id="14">274.9778</dst>
      <dst id="20">144.8622</dst>
      <dst id="11">72.6133</dst>
      <dst id="9">1163.3600</dst>
      <dst id="17">712034.8533</dst>
      <dst id="21">276176.5156</dst>
      <dst id="15">144.9600</dst>
    </src>
    <src id="5">
      <dst id="12">9250.9511</dst>
      <dst id="13">1711.3956</dst>
      <dst id="19">0.9422</dst>
      <dst id="8">550.9333</dst>
      <dst id="18">22.7822</dst>
      <dst id="4">256.9511</dst>
      <dst id="1">2348.6844</dst>
      <dst id="10">2018.1067</dst>
      <dst id="7">220.0800</dst>
      <dst id="2">183.3067</dst>
      <dst id="16">155561.7067</dst>
      <dst id="14">2.8800</dst>
      <dst id="11">15.1289</dst>
      <dst id="9">49276.5778</dst>
      <dst id="17">170787.4844</dst>
      <dst id="21">36.7289</dst>
      <dst id="15">14.2667</dst>
    </src>
    <src id="3">
      <dst id="12">7250.0444</dst>
      <dst id="13">811.8933</dst>
      <dst id="19">1160.9067</dst>
      <dst id="23">393.7778</dst>
      <dst id="8">55.6711</dst>
      <dst id="18">120.4533</dst>
      <dst id="4">33993.4667</dst>
      <dst id="1">7551.6444</dst>
      <dst id="5">946.1244</dst>
      <dst id="3">34.5244</dst>
      <dst id="10">1828.7644</dst>
      <dst id="7">877.9111</dst>
      <dst id="2">2904.7556</dst>
      <dst id="6">1.8133</dst>
      <dst id="16">989.8667</dst>
      <dst id="14">313.9111</dst>
      <dst id="20">59.6800</dst>
      <dst id="11">182.3556</dst>
      <dst id="9">422.7911</dst>
      <dst id="17">25499.8933</dst>
      <dst id="21">18464.7378</dst>
      <dst id="15">4.9600</dst>
    </src>
    <src id="10">
      <dst id="12">9344.4711</dst>
      <dst id="19">827.5289</dst>
      <dst id="23">310.8267</dst>
      <dst id="8">98.9422</dst>
      <dst id="18">99.0133</dst>
      <dst id="1">443.8756</dst>
      <dst id="5">461.7778</dst>
      <dst id="3">79.9111</dst>
      <dst id="7">8304.7200</dst>
      <dst id="2">5502.5956</dst>
      <dst id="6">8.3467</dst>
      <dst id="16">1261.0667</dst>
      <dst id="14">1095.5289</dst>
      <dst id="20">564.2311</dst>
      <dst id="11">117.7600</dst>
      <dst id="9">2795.9289</dst>
      <dst id="17">16079.6356</dst>
      <dst id="21">10730.1333</dst>
      <dst id="15">36.4444</dst>
    </src>
    <src id="22">
      <dst id="12">44983.5289</dst>
      <dst id="13">996.0267</dst>
      <dst id="19">58.4267</dst>
      <dst id="23">44.9156</dst>
      <dst id="8">64.0000</dst>
      <dst id="18">185.1644</dst>
      <dst id="4">3456.0089</dst>
      <dst id="1">133.6089</dst>
      <dst id="5">601.0667</dst>
      <dst id="3">32.4000</dst>
      <dst id="10">3408.6667</dst>
      <dst id="7">921.8933</dst>
      <dst id="2">239.9822</dst>
      <dst id="6">3.3600</dst>
      <dst id="14">36.9600</dst>
      <dst id="20">359.7867</dst>
      <dst id="11">28.5867</dst>
      <dst id="9">549.5378</dst>
      <dst id="17">2687.4844</dst>
      <dst id="21">662.1778</dst>
    </src>
    <src id="7">
      <dst id="12">8662.1956</dst>
      <dst id="13">128.2667</dst>
      <dst id="19">576.5689</dst>
      <dst id="23">5.3067</dst>
      <dst id="8">201.7156</dst>
      <dst id="18">276.2489</dst>
      <dst id="4">39869.8844</dst>
      <dst id="1">5137.6622</dst>
      <dst id="5">281.3067</dst>
      <dst id="3">45.6089</dst>
      <dst id="10">833.6444</dst>
      <dst id="22">324.7822</dst>
      <dst id="7">674.6489</dst>
      <dst id="2">3793.5822</dst>
      <dst id="6">216.4356</dst>
      <dst id="16">13.8844</dst>
      <dst id="14">186.3022</dst>
      <dst id="20">7.0222</dst>
      <dst id="11">21.7511</dst>
      <dst id="9">888.1867</dst>
      <dst id="17">9630.2933</dst>
      <dst id="21">468.7911</dst>
      <dst id="15">8.2667</dst>
    </src>
    <src id="2">
      <dst id="12">66238.7822</dst>
      <dst id="13">6202.3200</dst>
      <dst id="19">1135.6089</dst>
      <dst id="23">1.0311</dst>
      <dst id="8">23.6089</dst>
      <dst id="18">36127.0133</dst>
      <dst id="4">28941.7244</dst>
      <dst id="1">11660.1156</dst>
      <dst id="5">966.7289</dst>
      <dst id="3">44.1956</dst>
      <dst id="10">12876.3289</dst>
      <dst id="22">6.7556</dst>
      <dst id="7">2094.1244</dst>
      <dst id="2">4074.5689</dst>
      <dst id="6">16785.9733</dst>
      <dst id="14">101.8044</dst>
      <dst id="20">40.8178</dst>
      <dst id="11">106.0267</dst>
      <dst id="9">1518.8089</dst>
      <dst id="17">15027.6000</dst>
      <dst id="21">1232.4800</dst>
      <dst id="15">58.7022</dst>
    </src>
    <src id="6">
      <dst id="12">120.4533</dst>
      <dst id="13">0.7289</dst>
      <dst id="23">10.2756</dst>
      <dst id="18">0.3556</dst>
      <dst id="4">48.0444</dst>
      <dst id="1">3093.7067</dst>
      <dst id="5">0.3556</dst>
      <dst id="10">23.9822</dst>
      <dst id="7">14.2044</dst>
      <dst id="2">862.5156</dst>
      <dst id="16">59.8578</dst>
      <dst id="11">0.3556</dst>
      <dst id="9">13.9378</dst>
      <dst id="17">15560.2844</dst>
      <dst id="21">11.8222</dst>
    </src>
    <src id="16">
      <dst id="12">130094.0444</dst>
      <dst id="13">8475.1644</dst>
      <dst id="19">1310.4444</dst>
      <dst id="23">1.7778</dst>
      <dst id="8">107595.3956</dst>
      <dst id="18">1098.2756</dst>
      <dst id="4">576.0889</dst>
      <dst id="1">6687.1911</dst>
      <dst id="5">188075.2889</dst>
      <dst id="3">6916.3467</dst>
      <dst id="10">1272.0356</dst>
      <dst id="7">53.5556</dst>
      <dst id="2">9680.1867</dst>
      <dst id="6">0.4178</dst>
      <dst id="16">12891.9022</dst>
      <dst id="14">41400.0089</dst>
      <dst id="11">13710.8089</dst>
      <dst id="9">195863.3956</dst>
      <dst id="17">2303.6622</dst>
    </src>
    <src id="14">
      <dst id="12">3029.0044</dst>
      <dst id="13">49.4578</dst>
      <dst id="19">18.0089</dst>
      <dst id="8">0.5333</dst>
      <dst id="4">234.6933</dst>
      <dst id="1">4385.6711</dst>
      <dst id="3">432.9778</dst>
      <dst id="10">477.3778</dst>
      <dst id="7">50.5333</dst>
      <dst id="2">3091.2178</dst>
      <dst id="16">466.6133</dst>
      <dst id="20">1.9200</dst>
      <dst id="11">12.6222</dst>
      <dst id="9">135.4578</dst>
      <dst id="17">33791.2089</dst>
      <dst id="21">110.7822</dst>
    </src>
    <src id="20">
      <dst id="12">10837.1733</dst>
      <dst id="13">432.5689</dst>
      <dst id="19">107.9467</dst>
      <dst id="8">1.0667</dst>
      <dst id="18">181.3867</dst>
      <dst id="4">703.6978</dst>
      <dst id="1">1601.4844</dst>
      <dst id="5">438.4356</dst>
      <dst id="10">1042.9333</dst>
      <dst id="7">348.8089</dst>
      <dst id="2">206.2044</dst>
      <dst id="14">13.3333</dst>
      <dst id="20">52.3822</dst>
      <dst id="9">4074.3111</dst>
      <dst id="17">3368.2489</dst>
      <dst id="21">206.1956</dst>
    </src>
    <src id="11">
      <dst id="12">31293.3778</dst>
      <dst id="13">967.9556</dst>
      <dst id="19">35.1200</dst>
      <dst id="23">10.9867</dst>
      <dst id="8">2206.2222</dst>
      <dst id="18">266.7022</dst>
      <dst id="4">1322.5422</dst>
      <dst id="1">3795.6444</dst>
      <dst id="5">1060.0000</dst>
      <dst id="3">222.2489</dst>
      <dst id="10">7005.4311</dst>
      <dst id="7">1587.4044</dst>
      <dst id="2">51973.3511</dst>
      <dst id="6">13.9644</dst>
      <dst id="16">2989.5467</dst>
      <dst id="14">56.3378</dst>
      <dst id="20">350.7200</dst>
      <dst id="11">1131.0222</dst>
      <dst id="9">5181.7956</dst>
      <dst id="17">585463.1467</dst>
      <dst id="21">200.0711</dst>
      <dst id="15">16.6667</dst>
    </src>
    <src id="9">
      <dst id="12">22445.4311</dst>
      <dst id="13">3504.6400</dst>
      <dst id="19">329.8133</dst>
      <dst id="23">1.0933</dst>
      <dst id="8">77982.3200</dst>
      <dst id="18">694.6667</dst>
      <dst id="4">636.9067</dst>
      <dst id="1">16002.1956</dst>
      <dst id="5">6519.8044</dst>
      <dst id="10">2650.7822</dst>
      <dst id="7">581.7333</dst>
      <dst id="2">590.4889</dst>
      <dst id="6">36.1956</dst>
      <dst id="16">209936.4267</dst>
      <dst id="14">28.2489</dst>
      <dst id="11">97.4222</dst>
      <dst id="9">291315.2000</dst>
      <dst id="17">321913.1733</dst>
      <dst id="21">142.5511</dst>
      <dst id="15">245.4844</dst>
    </src>
    <src id="17">
      <dst id="12">125655.1289</dst>
      <dst id="13">2810.5511</dst>
      <dst id="19">1427.0756</dst>
      <dst id="23">391.9200</dst>
      <dst id="8">211.3067</dst>
      <dst id="18">125.1644</dst>
      <dst id="4">11011.6978</dst>
      <dst id="1">9774.7822</dst>
      <dst id="5">122562.2222</dst>
      <dst id="3">3639.8044</dst>
      <dst id="10">32007.8222</dst>
      <dst id="7">1442.4000</dst>
      <dst id="2">43474.4711</dst>
      <dst id="6">184.6844</dst>
      <dst id="16">3570.4000</dst>
      <dst id="14">19604.5689</dst>
      <dst id="20">106.9244</dst>
      <dst id="11">9746.3022</dst>
      <dst id="9">16507.2978</dst>
      <dst id="17">14293.1467</dst>
      <dst id="21">1889.6711</dst>
      <dst id="15">75.5200</dst>
    </src>
    <src id="21">
      <dst id="12">2234.1333</dst>
      <dst id="13">316.0267</dst>
      <dst id="19">92.5422</dst>
      <dst id="23">5.2267</dst>
      <dst id="8">17.5022</dst>
      <dst id="18">683.7511</dst>
      <dst id="4">2176.7644</dst>
      <dst id="1">6095.8133</dst>
      <dst id="5">492.6578</dst>
      <dst id="3">1486.2578</dst>
      <dst id="10">1023.9733</dst>
      <dst id="7">180.6311</dst>
      <dst id="2">2653.4133</dst>
      <dst id="6">1.8133</dst>
      <dst id="16">194.5333</dst>
      <dst id="14">147.3867</dst>
      <dst id="20">1045.6800</dst>
      <dst id="11">43.4222</dst>
      <dst id="9">769.0578</dst>
      <dst id="17">24242.2400</dst>
      <dst id="21">597.2889</dst>
      <dst id="15">4.0444</dst>
    </src>
    <src id="15">
      <dst id="12">1414.7822</dst>
      <dst id="13">5.3067</dst>
      <dst id="23">0.3556</dst>
      <dst id="8">18.9600</dst>
      <dst id="18">42.5244</dst>
      <dst id="4">416.6578</dst>
      <dst id="1">303.1111</dst>
      <dst id="5">1.3689</dst>
      <dst id="3">52.6489</dst>
      <dst id="10">400.6400</dst>
      <dst id="7">167.1200</dst>
      <dst id="2">2.9956</dst>
      <dst id="16">14.7111</dst>
      <dst id="14">13.6800</dst>
      <dst id="11">15.0400</dst>
      <dst id="9">1262.4356</dst>
      <dst id="17">109.8222</dst>
    </src>
  </IntraTM>
</TrafficMatrixFile>
