<?xml version="1.0" encoding="UTF-8" standalone="yes"?>
<TrafficMatrixFile xmlns:xsi="http://www.w3.org/2001/XMLSchema-instance" xsi:noNamespaceSchemaLocation="http://totem.run.montefiore.ulg.ac.be/Schema/TrafficMatrix-v1_2.xsd">
  <info>
    <title>Intradomain traffic matrix generated by geant-TM-all.pl</title>
    <date>2005-04-23T03:00:00</date>
    <duration>900</duration>
    <author>Steve Uhlig</author>
    <units>
        <unit type="bandwidth" value="kbps"/>
    </units>
  </info>
  <IntraTM ASID="20965">
    <src id="12">
      <dst id="12">439310.0889</dst>
      <dst id="13">39935.5467</dst>
      <dst id="19">7213.3689</dst>
      <dst id="23">8538.0178</dst>
      <dst id="8">813.8133</dst>
      <dst id="18">95282.1422</dst>
      <dst id="4">12904.8267</dst>
      <dst id="1">34180.0000</dst>
      <dst id="5">3915.3867</dst>
      <dst id="3">1022.4889</dst>
      <dst id="10">5422.4356</dst>
      <dst id="22">6106.5956</dst>
      <dst id="7">9008.9067</dst>
      <dst id="2">21826.0622</dst>
      <dst id="16">10253.7689</dst>
      <dst id="14">582.6578</dst>
      <dst id="20">11216.2844</dst>
      <dst id="11">375.5378</dst>
      <dst id="9">43483.1111</dst>
      <dst id="17">57168.2400</dst>
      <dst id="21">7537.5111</dst>
      <dst id="15">3312.3911</dst>
    </src>
    <src id="13">
      <dst id="12">22738.3289</dst>
      <dst id="13">573.6800</dst>
      <dst id="19">5794.8000</dst>
      <dst id="23">122.6222</dst>
      <dst id="8">1059.5822</dst>
      <dst id="18">954.9689</dst>
      <dst id="4">1.2089</dst>
      <dst id="1">15416.4444</dst>
      <dst id="5">15593.6089</dst>
      <dst id="3">127.5022</dst>
      <dst id="22">964.9956</dst>
      <dst id="7">806.1422</dst>
      <dst id="2">15436.3111</dst>
      <dst id="16">3067.7333</dst>
      <dst id="14">1703.0578</dst>
      <dst id="20">2501.3333</dst>
      <dst id="11">156.3022</dst>
      <dst id="9">12940.5244</dst>
      <dst id="17">80663.4578</dst>
      <dst id="21">17615.7067</dst>
      <dst id="15">183.7778</dst>
    </src>
    <src id="19">
      <dst id="12">38104.7467</dst>
      <dst id="13">885.9556</dst>
      <dst id="23">113.4222</dst>
      <dst id="8">4.8978</dst>
      <dst id="18">2984.5244</dst>
      <dst id="4">406.4622</dst>
      <dst id="1">164.4089</dst>
      <dst id="5">41.1111</dst>
      <dst id="3">0.9244</dst>
      <dst id="10">47.8400</dst>
      <dst id="22">0.9244</dst>
      <dst id="7">884.1333</dst>
      <dst id="2">25339.9911</dst>
      <dst id="16">4962.4444</dst>
      <dst id="14">15.2444</dst>
      <dst id="20">48.3911</dst>
      <dst id="11">1.5733</dst>
      <dst id="9">284.0889</dst>
      <dst id="17">4679.8044</dst>
      <dst id="21">703.9644</dst>
      <dst id="15">21.5200</dst>
    </src>
    <src id="23">
      <dst id="12">2021.9200</dst>
      <dst id="13">3106.5778</dst>
      <dst id="19">3.4489</dst>
      <dst id="8">50.8178</dst>
      <dst id="18">15.7956</dst>
      <dst id="4">300.1422</dst>
      <dst id="1">233.5644</dst>
      <dst id="5">42.7378</dst>
      <dst id="10">244.7022</dst>
      <dst id="22">25.7156</dst>
      <dst id="7">131.9556</dst>
      <dst id="2">188.1067</dst>
      <dst id="14">1.2978</dst>
      <dst id="20">9.3067</dst>
      <dst id="11">65.5644</dst>
      <dst id="9">108.8000</dst>
      <dst id="17">1206.0000</dst>
      <dst id="21">349.9378</dst>
    </src>
    <src id="8">
      <dst id="12">7168.0889</dst>
      <dst id="13">555.5289</dst>
      <dst id="19">46.3733</dst>
      <dst id="23">0.4622</dst>
      <dst id="18">127.0756</dst>
      <dst id="4">664.3644</dst>
      <dst id="1">3831.6178</dst>
      <dst id="5">7245.7067</dst>
      <dst id="3">547.7778</dst>
      <dst id="10">310.0356</dst>
      <dst id="2">63.5556</dst>
      <dst id="16">299404.5067</dst>
      <dst id="11">10.8444</dst>
      <dst id="9">74063.6622</dst>
      <dst id="17">20420.2044</dst>
      <dst id="21">39.0222</dst>
      <dst id="15">170.8978</dst>
    </src>
    <src id="18">
      <dst id="12">144216.8978</dst>
      <dst id="13">449.5200</dst>
      <dst id="19">76.4533</dst>
      <dst id="23">2.2844</dst>
      <dst id="8">100.3822</dst>
      <dst id="4">284.6311</dst>
      <dst id="1">10771.6889</dst>
      <dst id="5">128.9956</dst>
      <dst id="3">2038.4000</dst>
      <dst id="10">124.5067</dst>
      <dst id="22">17.3244</dst>
      <dst id="7">1112.2222</dst>
      <dst id="2">4154.8889</dst>
      <dst id="16">1100.5956</dst>
      <dst id="20">989.9378</dst>
      <dst id="11">14.8711</dst>
      <dst id="9">9562.1156</dst>
      <dst id="17">5055.0311</dst>
      <dst id="21">812.8178</dst>
      <dst id="15">18.7822</dst>
    </src>
    <src id="4">
      <dst id="12">29655.0578</dst>
      <dst id="13">902.0089</dst>
      <dst id="19">11928.9156</dst>
      <dst id="23">6240.6311</dst>
      <dst id="8">3196.5067</dst>
      <dst id="18">6782.7289</dst>
      <dst id="4">4792.4800</dst>
      <dst id="1">45415.2356</dst>
      <dst id="5">12013.7778</dst>
      <dst id="3">2757.1911</dst>
      <dst id="7">112.9333</dst>
      <dst id="2">173568.9867</dst>
      <dst id="16">224878.4356</dst>
      <dst id="14">10582.2400</dst>
      <dst id="11">603.9022</dst>
      <dst id="9">44670.8889</dst>
      <dst id="17">192346.2133</dst>
      <dst id="21">35298.4000</dst>
      <dst id="15">1846.6222</dst>
    </src>
    <src id="1">
      <dst id="12">242734.1244</dst>
      <dst id="13">6966.1244</dst>
      <dst id="19">435.3778</dst>
      <dst id="23">172.8178</dst>
      <dst id="8">388.4800</dst>
      <dst id="18">13971.5733</dst>
      <dst id="4">236.1156</dst>
      <dst id="1">1242762.5333</dst>
      <dst id="5">740.0978</dst>
      <dst id="3">13425.2089</dst>
      <dst id="10">1212.4000</dst>
      <dst id="7">27696.4889</dst>
      <dst id="2">56463.1644</dst>
      <dst id="16">473200.1422</dst>
      <dst id="14">11370.2756</dst>
      <dst id="20">1744.0089</dst>
      <dst id="11">2795.0578</dst>
      <dst id="9">14144.8711</dst>
      <dst id="17">21749.6089</dst>
      <dst id="21">517585.1289</dst>
      <dst id="15">332.9778</dst>
    </src>
    <src id="5">
      <dst id="12">34372.0533</dst>
      <dst id="13">2104.1867</dst>
      <dst id="19">180.7733</dst>
      <dst id="23">0.3556</dst>
      <dst id="8">1447.8222</dst>
      <dst id="18">417.0222</dst>
      <dst id="4">724.6222</dst>
      <dst id="1">43709.5911</dst>
      <dst id="3">646.1067</dst>
      <dst id="10">383.0844</dst>
      <dst id="2">3293.2267</dst>
      <dst id="16">416729.7156</dst>
      <dst id="14">13.2889</dst>
      <dst id="11">478.3111</dst>
      <dst id="9">85066.3644</dst>
      <dst id="17">34316.3556</dst>
      <dst id="21">300.5333</dst>
      <dst id="15">56.3378</dst>
    </src>
    <src id="3">
      <dst id="12">3129.5822</dst>
      <dst id="13">61205.4578</dst>
      <dst id="19">1177.4044</dst>
      <dst id="23">24.2933</dst>
      <dst id="8">44.0978</dst>
      <dst id="18">3627.6889</dst>
      <dst id="4">1122.0356</dst>
      <dst id="1">53826.4978</dst>
      <dst id="5">586.8533</dst>
      <dst id="3">169.8844</dst>
      <dst id="10">925.9111</dst>
      <dst id="7">49097.6711</dst>
      <dst id="2">3387.1822</dst>
      <dst id="16">7762.8533</dst>
      <dst id="14">257.5822</dst>
      <dst id="20">440.1156</dst>
      <dst id="11">130.7111</dst>
      <dst id="9">2092.6400</dst>
      <dst id="17">24368.4000</dst>
      <dst id="21">8911.7511</dst>
      <dst id="15">17.7333</dst>
    </src>
    <src id="10">
    </src>
    <src id="22">
      <dst id="12">24010.5156</dst>
      <dst id="13">8765.6089</dst>
      <dst id="19">54.5156</dst>
      <dst id="23">28.8267</dst>
      <dst id="8">375.1289</dst>
      <dst id="18">183.9022</dst>
      <dst id="4">878.1778</dst>
      <dst id="1">204.8978</dst>
      <dst id="5">1471.3956</dst>
      <dst id="3">3.7867</dst>
      <dst id="10">2124.9600</dst>
      <dst id="7">139.0844</dst>
      <dst id="2">681.7511</dst>
      <dst id="16">198.7644</dst>
      <dst id="14">55.9200</dst>
      <dst id="20">9046.4178</dst>
      <dst id="11">56.3911</dst>
      <dst id="9">2965.0844</dst>
      <dst id="17">10069.9822</dst>
      <dst id="21">801.7244</dst>
      <dst id="15">94.7289</dst>
    </src>
    <src id="7">
      <dst id="12">37132.9333</dst>
      <dst id="13">32486.5511</dst>
      <dst id="19">4870.2133</dst>
      <dst id="23">46.0444</dst>
      <dst id="8">67.9467</dst>
      <dst id="18">4964.2667</dst>
      <dst id="4">1550.3644</dst>
      <dst id="1">3029.6978</dst>
      <dst id="5">74.7822</dst>
      <dst id="3">421.6356</dst>
      <dst id="10">480.0356</dst>
      <dst id="22">36.9778</dst>
      <dst id="7">4734.3200</dst>
      <dst id="2">966.2933</dst>
      <dst id="16">1607.0311</dst>
      <dst id="14">53.8489</dst>
      <dst id="20">80.2933</dst>
      <dst id="11">18.8356</dst>
      <dst id="9">103.6267</dst>
      <dst id="17">4248.3378</dst>
      <dst id="21">1223.1911</dst>
      <dst id="15">20.9244</dst>
    </src>
    <src id="2">
      <dst id="12">151510.1778</dst>
      <dst id="13">26055.0667</dst>
      <dst id="19">3076.1067</dst>
      <dst id="23">14.2578</dst>
      <dst id="8">537.8400</dst>
      <dst id="18">68912.3733</dst>
      <dst id="4">4372.3289</dst>
      <dst id="1">22132.5067</dst>
      <dst id="5">451.3778</dst>
      <dst id="3">269.8489</dst>
      <dst id="10">3829.3422</dst>
      <dst id="22">188.9778</dst>
      <dst id="7">5184.5422</dst>
      <dst id="2">4815.2000</dst>
      <dst id="6">13.0311</dst>
      <dst id="16">270.1422</dst>
      <dst id="14">323.0756</dst>
      <dst id="20">388.4000</dst>
      <dst id="11">957.4400</dst>
      <dst id="9">2040.1867</dst>
      <dst id="17">18872.9778</dst>
      <dst id="21">6637.6444</dst>
      <dst id="15">44.7289</dst>
    </src>
    <src id="6">
      <dst id="12">480.4978</dst>
      <dst id="13">216.2756</dst>
      <dst id="19">13.7600</dst>
      <dst id="23">11.4667</dst>
      <dst id="8">10.0800</dst>
      <dst id="18">0.3378</dst>
      <dst id="4">5.4667</dst>
      <dst id="1">1931.7156</dst>
      <dst id="3">1.8044</dst>
      <dst id="10">0.7467</dst>
      <dst id="22">0.5600</dst>
      <dst id="7">132.4711</dst>
      <dst id="2">374.7822</dst>
      <dst id="16">51.7244</dst>
      <dst id="20">1.1556</dst>
      <dst id="9">2287.3956</dst>
      <dst id="17">30131.1200</dst>
      <dst id="21">0.9333</dst>
    </src>
    <src id="16">
      <dst id="12">182504.2844</dst>
      <dst id="13">1070.5244</dst>
      <dst id="19">3561.7156</dst>
      <dst id="23">73.0311</dst>
      <dst id="8">126213.8578</dst>
      <dst id="18">1.2622</dst>
      <dst id="4">483.6800</dst>
      <dst id="1">22245.7600</dst>
      <dst id="5">324246.5422</dst>
      <dst id="3">5910.8356</dst>
      <dst id="10">234.3378</dst>
      <dst id="2">467.5644</dst>
      <dst id="16">30868.1156</dst>
      <dst id="14">47779.4222</dst>
      <dst id="11">18342.0711</dst>
      <dst id="9">247361.1022</dst>
      <dst id="17">9867.9378</dst>
      <dst id="21">63.3067</dst>
    </src>
    <src id="14">
      <dst id="12">1223.6711</dst>
      <dst id="13">210.0622</dst>
      <dst id="19">45.4400</dst>
      <dst id="23">1.5289</dst>
      <dst id="18">27.0933</dst>
      <dst id="4">277.0222</dst>
      <dst id="1">3127.9289</dst>
      <dst id="5">14.1689</dst>
      <dst id="3">691.2356</dst>
      <dst id="10">249.7156</dst>
      <dst id="7">74.7644</dst>
      <dst id="2">1524.8622</dst>
      <dst id="16">2708.4711</dst>
      <dst id="20">25.6000</dst>
      <dst id="11">13.0844</dst>
      <dst id="9">3409.5911</dst>
      <dst id="17">29244.2756</dst>
      <dst id="21">219.1200</dst>
      <dst id="15">1.2267</dst>
    </src>
    <src id="20">
      <dst id="12">1858.8800</dst>
      <dst id="13">9574.3022</dst>
      <dst id="19">3542.8178</dst>
      <dst id="23">0.3556</dst>
      <dst id="8">3731.0222</dst>
      <dst id="18">117.3511</dst>
      <dst id="4">108.8267</dst>
      <dst id="1">158.3644</dst>
      <dst id="5">5325.4933</dst>
      <dst id="10">5428.6222</dst>
      <dst id="22">931.2800</dst>
      <dst id="7">496.3556</dst>
      <dst id="2">869.1822</dst>
      <dst id="16">16718.5511</dst>
      <dst id="14">39.5378</dst>
      <dst id="20">57.2978</dst>
      <dst id="9">8470.2756</dst>
      <dst id="17">13584.4356</dst>
      <dst id="21">636.7556</dst>
    </src>
    <src id="11">
      <dst id="12">45045.3511</dst>
      <dst id="13">3298.6756</dst>
      <dst id="19">424.0444</dst>
      <dst id="23">229.2267</dst>
      <dst id="8">798.1867</dst>
      <dst id="18">169.3244</dst>
      <dst id="4">687.6267</dst>
      <dst id="1">57621.6978</dst>
      <dst id="5">1135.8933</dst>
      <dst id="3">1704.9778</dst>
      <dst id="10">2542.2489</dst>
      <dst id="2">5730.9867</dst>
      <dst id="16">20392.3378</dst>
      <dst id="14">42.7022</dst>
      <dst id="20">498.4533</dst>
      <dst id="11">727.3244</dst>
      <dst id="9">81998.7467</dst>
      <dst id="17">680579.5378</dst>
      <dst id="21">1246.7289</dst>
      <dst id="15">7641.9200</dst>
    </src>
    <src id="9">
      <dst id="12">34750.1689</dst>
      <dst id="13">6244.8089</dst>
      <dst id="19">2377.9733</dst>
      <dst id="23">0.7467</dst>
      <dst id="8">102687.7511</dst>
      <dst id="18">13.2800</dst>
      <dst id="4">1926.9156</dst>
      <dst id="1">7890.5600</dst>
      <dst id="5">802.9867</dst>
      <dst id="3">488.5244</dst>
      <dst id="10">622.2400</dst>
      <dst id="2">3912.0533</dst>
      <dst id="16">579097.4044</dst>
      <dst id="14">70.7911</dst>
      <dst id="11">298.0978</dst>
      <dst id="9">357633.1200</dst>
      <dst id="17">54727.0133</dst>
      <dst id="21">332.8622</dst>
      <dst id="15">2976.6489</dst>
    </src>
    <src id="17">
      <dst id="12">137278.9156</dst>
      <dst id="13">52373.5200</dst>
      <dst id="19">2457.9644</dst>
      <dst id="23">118.7556</dst>
      <dst id="8">2304.7733</dst>
      <dst id="18">1163.3867</dst>
      <dst id="4">4895.6533</dst>
      <dst id="1">21077.7422</dst>
      <dst id="5">242298.6667</dst>
      <dst id="3">10054.2756</dst>
      <dst id="10">2867.2178</dst>
      <dst id="7">11721.6978</dst>
      <dst id="2">26165.1022</dst>
      <dst id="16">56623.3867</dst>
      <dst id="14">16710.2133</dst>
      <dst id="20">9323.1822</dst>
      <dst id="11">19312.7733</dst>
      <dst id="9">11452.1422</dst>
      <dst id="17">47650.8267</dst>
      <dst id="21">12259.6533</dst>
      <dst id="15">223.9733</dst>
    </src>
    <src id="21">
      <dst id="12">2668.1422</dst>
      <dst id="13">8590.3111</dst>
      <dst id="19">435.0489</dst>
      <dst id="23">12.8533</dst>
      <dst id="8">200.8444</dst>
      <dst id="18">3199.7600</dst>
      <dst id="4">814.8711</dst>
      <dst id="1">32353.1556</dst>
      <dst id="5">636.2311</dst>
      <dst id="3">2563.4133</dst>
      <dst id="10">669.7689</dst>
      <dst id="7">649.9378</dst>
      <dst id="2">2282.3822</dst>
      <dst id="16">6032.2400</dst>
      <dst id="14">132.7822</dst>
      <dst id="20">134.8267</dst>
      <dst id="11">105.9378</dst>
      <dst id="9">3888.1244</dst>
      <dst id="17">34972.8000</dst>
      <dst id="21">6770.6400</dst>
      <dst id="15">137.2267</dst>
    </src>
    <src id="15">
      <dst id="12">1012.1867</dst>
      <dst id="13">512.3644</dst>
      <dst id="19">1.1378</dst>
      <dst id="8">224.7822</dst>
      <dst id="18">64.6489</dst>
      <dst id="4">192.4800</dst>
      <dst id="1">102.0178</dst>
      <dst id="5">365.1378</dst>
      <dst id="10">150.6489</dst>
      <dst id="2">1205.0400</dst>
      <dst id="16">1447.0756</dst>
      <dst id="14">0.9511</dst>
      <dst id="11">13.8311</dst>
      <dst id="9">5763.0400</dst>
      <dst id="17">1574.0889</dst>
      <dst id="21">4.5956</dst>
    </src>
  </IntraTM>
</TrafficMatrixFile>
