<?xml version="1.0" encoding="UTF-8" standalone="yes"?>
<TrafficMatrixFile xmlns:xsi="http://www.w3.org/2001/XMLSchema-instance" xsi:noNamespaceSchemaLocation="http://totem.run.montefiore.ulg.ac.be/Schema/TrafficMatrix-v1_2.xsd">
  <info>
    <title>Intradomain traffic matrix generated by geant-TM-all.pl</title>
    <date>2005-03-16T11:15:00</date>
    <duration>900</duration>
    <author>Steve Uhlig</author>
    <units>
        <unit type="bandwidth" value="kbps"/>
    </units>
  </info>
  <IntraTM ASID="20965">
    <src id="12">
      <dst id="12">240214.0711</dst>
      <dst id="13">9885.5111</dst>
      <dst id="19">1862.1600</dst>
      <dst id="23">1076.3200</dst>
      <dst id="8">246.8356</dst>
      <dst id="18">66594.8178</dst>
      <dst id="4">7937.5644</dst>
      <dst id="1">16666.6844</dst>
      <dst id="5">459.2889</dst>
      <dst id="3">8.0800</dst>
      <dst id="10">9244.3467</dst>
      <dst id="22">129.9111</dst>
      <dst id="7">1205.6711</dst>
      <dst id="2">18213.2889</dst>
      <dst id="6">12867.2978</dst>
      <dst id="16">1024.5867</dst>
      <dst id="14">491.5378</dst>
      <dst id="20">3100.1333</dst>
      <dst id="11">214.9422</dst>
      <dst id="9">20076.1422</dst>
      <dst id="17">16691.5644</dst>
      <dst id="21">376.8622</dst>
      <dst id="15">188.5867</dst>
    </src>
    <src id="13">
      <dst id="12">34567.1289</dst>
      <dst id="19">2352.3111</dst>
      <dst id="23">719.6533</dst>
      <dst id="8">542.5511</dst>
      <dst id="18">1384.1156</dst>
      <dst id="1">1928.1778</dst>
      <dst id="5">3500.3111</dst>
      <dst id="3">161.9733</dst>
      <dst id="22">205.3689</dst>
      <dst id="7">8269.5200</dst>
      <dst id="2">31697.4044</dst>
      <dst id="6">103.5111</dst>
      <dst id="16">6.0267</dst>
      <dst id="14">2014.7200</dst>
      <dst id="20">4771.2889</dst>
      <dst id="11">89.8844</dst>
      <dst id="9">23046.6578</dst>
      <dst id="17">39235.1556</dst>
      <dst id="21">4469.0222</dst>
      <dst id="15">714.2844</dst>
    </src>
    <src id="19">
      <dst id="12">7856.4444</dst>
      <dst id="13">252.1511</dst>
      <dst id="23">1.1378</dst>
      <dst id="8">0.4978</dst>
      <dst id="4">374.1956</dst>
      <dst id="1">83.3511</dst>
      <dst id="5">2.2311</dst>
      <dst id="3">1.6356</dst>
      <dst id="10">3163.0667</dst>
      <dst id="7">3038.5956</dst>
      <dst id="2">55.9022</dst>
      <dst id="6">1.3689</dst>
      <dst id="14">1.4933</dst>
      <dst id="20">37.7956</dst>
      <dst id="11">0.4622</dst>
      <dst id="9">940.0000</dst>
      <dst id="17">1141.7156</dst>
      <dst id="21">101.2978</dst>
    </src>
    <src id="23">
      <dst id="12">273.0489</dst>
      <dst id="13">4.1511</dst>
      <dst id="19">0.3378</dst>
      <dst id="18">120.3911</dst>
      <dst id="4">1205.1022</dst>
      <dst id="1">0.8356</dst>
      <dst id="10">173.4667</dst>
      <dst id="7">143.1111</dst>
      <dst id="2">1.0489</dst>
      <dst id="20">2.3111</dst>
      <dst id="9">74.8800</dst>
      <dst id="17">372.3822</dst>
      <dst id="21">64.5956</dst>
      <dst id="15">1.2800</dst>
    </src>
    <src id="8">
      <dst id="12">9493.9911</dst>
      <dst id="13">84.4089</dst>
      <dst id="19">1.3600</dst>
      <dst id="18">54.1333</dst>
      <dst id="4">559.0844</dst>
      <dst id="1">2899.3689</dst>
      <dst id="5">364.0711</dst>
      <dst id="3">0.7111</dst>
      <dst id="10">1619.5644</dst>
      <dst id="7">3.5111</dst>
      <dst id="2">36.8444</dst>
      <dst id="6">6.1156</dst>
      <dst id="16">95488.7911</dst>
      <dst id="11">4.4800</dst>
      <dst id="9">79143.7689</dst>
      <dst id="17">141419.6800</dst>
      <dst id="21">34.3911</dst>
      <dst id="15">2.6489</dst>
    </src>
    <src id="18">
      <dst id="12">116207.0400</dst>
      <dst id="13">127.0578</dst>
      <dst id="23">5.5467</dst>
      <dst id="8">25.0933</dst>
      <dst id="4">498.2133</dst>
      <dst id="1">1190.5067</dst>
      <dst id="5">79.7067</dst>
      <dst id="3">1250.5689</dst>
      <dst id="10">986.0711</dst>
      <dst id="7">962.2578</dst>
      <dst id="2">20040.0533</dst>
      <dst id="16">540.6756</dst>
      <dst id="20">15.0133</dst>
      <dst id="11">1.0667</dst>
      <dst id="9">960.0800</dst>
      <dst id="17">3346.5067</dst>
      <dst id="21">213.7156</dst>
      <dst id="15">0.6400</dst>
    </src>
    <src id="4">
      <dst id="12">4990.7644</dst>
      <dst id="19">592.6578</dst>
      <dst id="23">47.7867</dst>
      <dst id="8">475.3333</dst>
      <dst id="18">98.8800</dst>
      <dst id="4">42.7467</dst>
      <dst id="1">7904.4978</dst>
      <dst id="5">2814.6933</dst>
      <dst id="3">916.0267</dst>
      <dst id="7">49037.4933</dst>
      <dst id="2">27222.1867</dst>
      <dst id="6">24.5244</dst>
      <dst id="16">731.5289</dst>
      <dst id="14">377.9289</dst>
      <dst id="11">3.2622</dst>
      <dst id="9">2100.3200</dst>
      <dst id="17">11618.7111</dst>
      <dst id="21">800.0889</dst>
      <dst id="15">206.0533</dst>
    </src>
    <src id="1">
      <dst id="12">1176069.9111</dst>
      <dst id="13">9811.1556</dst>
      <dst id="19">25.5111</dst>
      <dst id="23">1.9111</dst>
      <dst id="8">1.7778</dst>
      <dst id="18">12645.9289</dst>
      <dst id="4">1732.0444</dst>
      <dst id="1">884019.7956</dst>
      <dst id="5">612.5156</dst>
      <dst id="3">3.6178</dst>
      <dst id="10">373.0667</dst>
      <dst id="7">347758.3378</dst>
      <dst id="2">72951.7689</dst>
      <dst id="16">7594.1067</dst>
      <dst id="14">121.8222</dst>
      <dst id="20">166.0622</dst>
      <dst id="11">86.7200</dst>
      <dst id="9">2076.1956</dst>
      <dst id="17">291958.9156</dst>
      <dst id="21">251979.9911</dst>
      <dst id="15">6514.2844</dst>
    </src>
    <src id="5">
      <dst id="12">8783.3600</dst>
      <dst id="13">509.8044</dst>
      <dst id="8">267.1822</dst>
      <dst id="18">108.2489</dst>
      <dst id="4">510.0800</dst>
      <dst id="1">1714.3556</dst>
      <dst id="3">0.3556</dst>
      <dst id="10">1058.8978</dst>
      <dst id="7">27.0756</dst>
      <dst id="2">165.9289</dst>
      <dst id="6">1.9111</dst>
      <dst id="16">129064.1244</dst>
      <dst id="14">3.8489</dst>
      <dst id="11">14.0444</dst>
      <dst id="9">30749.6356</dst>
      <dst id="17">131185.2889</dst>
      <dst id="21">441.7778</dst>
      <dst id="15">0.5600</dst>
    </src>
    <src id="3">
      <dst id="12">10573.3422</dst>
      <dst id="13">1185.8133</dst>
      <dst id="19">697.0311</dst>
      <dst id="23">2.0178</dst>
      <dst id="8">112.3733</dst>
      <dst id="18">26.8978</dst>
      <dst id="4">42531.8311</dst>
      <dst id="1">7202.7556</dst>
      <dst id="5">227.8667</dst>
      <dst id="3">43.5022</dst>
      <dst id="10">852.5511</dst>
      <dst id="7">623.0222</dst>
      <dst id="2">2334.0978</dst>
      <dst id="6">1.0933</dst>
      <dst id="16">682.3467</dst>
      <dst id="14">147.6178</dst>
      <dst id="20">3.8844</dst>
      <dst id="11">229.1111</dst>
      <dst id="9">783.2889</dst>
      <dst id="17">9434.3556</dst>
      <dst id="21">1356.4978</dst>
      <dst id="15">14.7911</dst>
    </src>
    <src id="10">
      <dst id="12">7464.2400</dst>
      <dst id="19">4046.7111</dst>
      <dst id="23">210.4711</dst>
      <dst id="8">147.1556</dst>
      <dst id="18">240.6400</dst>
      <dst id="1">339.6444</dst>
      <dst id="5">669.1467</dst>
      <dst id="3">35.4311</dst>
      <dst id="7">2247.1200</dst>
      <dst id="2">15313.4578</dst>
      <dst id="6">0.3556</dst>
      <dst id="16">117.2533</dst>
      <dst id="14">1699.1378</dst>
      <dst id="20">322.9956</dst>
      <dst id="11">133.4133</dst>
      <dst id="9">2621.8933</dst>
      <dst id="17">22103.5022</dst>
      <dst id="21">4306.2222</dst>
      <dst id="15">163.1200</dst>
    </src>
    <src id="22">
      <dst id="12">10443.0222</dst>
      <dst id="13">725.2089</dst>
      <dst id="19">51.3333</dst>
      <dst id="23">9.8844</dst>
      <dst id="8">40.7467</dst>
      <dst id="18">102.2133</dst>
      <dst id="4">3224.5956</dst>
      <dst id="1">100.2578</dst>
      <dst id="5">997.5200</dst>
      <dst id="3">13.1467</dst>
      <dst id="10">3908.3111</dst>
      <dst id="7">203.7156</dst>
      <dst id="2">252.4711</dst>
      <dst id="6">423.0133</dst>
      <dst id="14">8.5511</dst>
      <dst id="11">101.8756</dst>
      <dst id="9">243.5022</dst>
      <dst id="17">2444.2667</dst>
      <dst id="21">190.8000</dst>
    </src>
    <src id="7">
      <dst id="12">10174.1511</dst>
      <dst id="13">210.3022</dst>
      <dst id="19">604.2933</dst>
      <dst id="23">5.9556</dst>
      <dst id="8">167.3600</dst>
      <dst id="18">310.7378</dst>
      <dst id="4">2374.3644</dst>
      <dst id="1">4680.7911</dst>
      <dst id="5">631.9378</dst>
      <dst id="3">43.4933</dst>
      <dst id="10">1608.3289</dst>
      <dst id="22">45.2267</dst>
      <dst id="7">869.6889</dst>
      <dst id="2">26062.3289</dst>
      <dst id="6">196.6489</dst>
      <dst id="14">78.3556</dst>
      <dst id="20">2077.4044</dst>
      <dst id="11">77.0400</dst>
      <dst id="9">613.5822</dst>
      <dst id="17">9645.9022</dst>
      <dst id="21">696.6489</dst>
      <dst id="15">34.4711</dst>
    </src>
    <src id="2">
      <dst id="12">63483.3244</dst>
      <dst id="13">1542.7289</dst>
      <dst id="19">169.8844</dst>
      <dst id="23">4.4978</dst>
      <dst id="8">43.4222</dst>
      <dst id="18">25140.1689</dst>
      <dst id="4">19761.5822</dst>
      <dst id="1">17101.0667</dst>
      <dst id="5">495.1200</dst>
      <dst id="3">5.3600</dst>
      <dst id="10">13232.8533</dst>
      <dst id="22">52.9156</dst>
      <dst id="7">9142.9333</dst>
      <dst id="2">536.6578</dst>
      <dst id="6">8471.6089</dst>
      <dst id="14">113.1200</dst>
      <dst id="20">36.7111</dst>
      <dst id="11">125.5200</dst>
      <dst id="9">2212.2044</dst>
      <dst id="17">17927.4933</dst>
      <dst id="21">786.0889</dst>
      <dst id="15">1.6444</dst>
    </src>
    <src id="6">
      <dst id="12">441.7600</dst>
      <dst id="13">3.0578</dst>
      <dst id="19">93.4400</dst>
      <dst id="8">1.2800</dst>
      <dst id="4">1.8578</dst>
      <dst id="1">1553.1289</dst>
      <dst id="5">12.5511</dst>
      <dst id="10">49.6800</dst>
      <dst id="7">4.2667</dst>
      <dst id="2">2865.0844</dst>
      <dst id="16">6.2578</dst>
      <dst id="11">0.7111</dst>
      <dst id="9">88.4178</dst>
      <dst id="17">11233.9556</dst>
      <dst id="21">0.7111</dst>
      <dst id="15">0.3378</dst>
    </src>
    <src id="16">
      <dst id="12">91568.8178</dst>
      <dst id="13">196.1422</dst>
      <dst id="19">3792.5244</dst>
      <dst id="23">4.6222</dst>
      <dst id="8">49563.7511</dst>
      <dst id="18">5.2711</dst>
      <dst id="4">791.1822</dst>
      <dst id="1">17229.0400</dst>
      <dst id="5">137468.4533</dst>
      <dst id="3">3967.4844</dst>
      <dst id="10">1157.2089</dst>
      <dst id="7">167.3956</dst>
      <dst id="2">667.8844</dst>
      <dst id="6">48.8178</dst>
      <dst id="16">4050.9778</dst>
      <dst id="14">17174.5600</dst>
      <dst id="11">9929.0044</dst>
      <dst id="9">111683.3333</dst>
      <dst id="17">14158.0978</dst>
    </src>
    <src id="14">
      <dst id="12">1577.3422</dst>
      <dst id="13">46.6133</dst>
      <dst id="19">0.9956</dst>
      <dst id="4">205.9556</dst>
      <dst id="1">1862.2667</dst>
      <dst id="5">11.0844</dst>
      <dst id="3">315.5111</dst>
      <dst id="10">313.0044</dst>
      <dst id="7">29.5289</dst>
      <dst id="2">649.3244</dst>
      <dst id="16">61.1289</dst>
      <dst id="20">1.7067</dst>
      <dst id="11">13.6711</dst>
      <dst id="9">45.8311</dst>
      <dst id="17">20040.7378</dst>
      <dst id="21">102.2578</dst>
    </src>
    <src id="20">
      <dst id="12">4971.9378</dst>
      <dst id="13">704.3289</dst>
      <dst id="19">29.3689</dst>
      <dst id="8">1.3956</dst>
      <dst id="18">14.2489</dst>
      <dst id="4">323.7778</dst>
      <dst id="1">303.4489</dst>
      <dst id="5">396.0000</dst>
      <dst id="10">700.9689</dst>
      <dst id="7">188.9956</dst>
      <dst id="2">1583.8044</dst>
      <dst id="14">13.3333</dst>
      <dst id="20">48.7644</dst>
      <dst id="11">0.8000</dst>
      <dst id="9">651.4489</dst>
      <dst id="17">7097.1022</dst>
      <dst id="21">155.1467</dst>
    </src>
    <src id="11">
      <dst id="12">28988.1067</dst>
      <dst id="13">1005.1289</dst>
      <dst id="19">91.2267</dst>
      <dst id="23">13.1289</dst>
      <dst id="8">96.9511</dst>
      <dst id="18">74.9600</dst>
      <dst id="4">990.5333</dst>
      <dst id="1">3476.1511</dst>
      <dst id="5">1014.5244</dst>
      <dst id="3">15.4756</dst>
      <dst id="10">8988.6844</dst>
      <dst id="7">400.4178</dst>
      <dst id="2">41030.8178</dst>
      <dst id="6">14.5067</dst>
      <dst id="16">2743.4578</dst>
      <dst id="14">56.7022</dst>
      <dst id="20">98.7556</dst>
      <dst id="11">773.1911</dst>
      <dst id="9">3909.6444</dst>
      <dst id="17">540960.8978</dst>
      <dst id="21">477.7067</dst>
      <dst id="15">60.0711</dst>
    </src>
    <src id="9">
      <dst id="12">17382.9689</dst>
      <dst id="13">502.0089</dst>
      <dst id="19">28.1067</dst>
      <dst id="23">1.8311</dst>
      <dst id="8">60673.6356</dst>
      <dst id="18">8.0711</dst>
      <dst id="4">5247.2889</dst>
      <dst id="1">4028.8978</dst>
      <dst id="5">655.6622</dst>
      <dst id="3">1.5467</dst>
      <dst id="10">2021.6444</dst>
      <dst id="7">73.5556</dst>
      <dst id="2">127.1111</dst>
      <dst id="16">181924.5511</dst>
      <dst id="14">0.5244</dst>
      <dst id="11">20.1511</dst>
      <dst id="9">222118.5600</dst>
      <dst id="17">229958.9600</dst>
      <dst id="21">21.2622</dst>
      <dst id="15">21.9467</dst>
    </src>
    <src id="17">
      <dst id="12">76790.7378</dst>
      <dst id="13">2375.1556</dst>
      <dst id="19">195.9644</dst>
      <dst id="23">1.5733</dst>
      <dst id="8">39.2000</dst>
      <dst id="18">5481.8933</dst>
      <dst id="4">9262.0533</dst>
      <dst id="1">5909.9111</dst>
      <dst id="5">98362.4178</dst>
      <dst id="3">3399.5289</dst>
      <dst id="10">9947.4311</dst>
      <dst id="7">4561.7689</dst>
      <dst id="2">9713.5289</dst>
      <dst id="6">3.7511</dst>
      <dst id="16">3860.2311</dst>
      <dst id="14">8394.5956</dst>
      <dst id="20">16820.9333</dst>
      <dst id="11">6860.7822</dst>
      <dst id="9">7992.4889</dst>
      <dst id="17">16397.8222</dst>
      <dst id="21">737.2356</dst>
      <dst id="15">139.0222</dst>
    </src>
    <src id="21">
      <dst id="12">12692.2578</dst>
      <dst id="13">382.0622</dst>
      <dst id="19">188.4356</dst>
      <dst id="23">0.3556</dst>
      <dst id="8">129.8222</dst>
      <dst id="18">4843.3867</dst>
      <dst id="4">835.4578</dst>
      <dst id="1">5855.4933</dst>
      <dst id="5">274.8089</dst>
      <dst id="3">2072.6400</dst>
      <dst id="10">1042.1156</dst>
      <dst id="7">2694.6222</dst>
      <dst id="2">4743.8933</dst>
      <dst id="6">77.5556</dst>
      <dst id="16">108.7644</dst>
      <dst id="14">126.7644</dst>
      <dst id="20">91.0578</dst>
      <dst id="11">30.8978</dst>
      <dst id="9">567.2178</dst>
      <dst id="17">27000.2667</dst>
      <dst id="21">437.1289</dst>
      <dst id="15">17.3956</dst>
    </src>
    <src id="15">
      <dst id="12">406.4889</dst>
      <dst id="13">10.2933</dst>
      <dst id="19">13.6889</dst>
      <dst id="8">5.3422</dst>
      <dst id="18">0.6400</dst>
      <dst id="4">106.1778</dst>
      <dst id="1">420.1956</dst>
      <dst id="5">2.9511</dst>
      <dst id="3">0.3556</dst>
      <dst id="10">414.6311</dst>
      <dst id="7">29.4222</dst>
      <dst id="2">20.6578</dst>
      <dst id="16">0.7733</dst>
      <dst id="11">3.9289</dst>
      <dst id="9">1248.9511</dst>
      <dst id="17">2549.5911</dst>
    </src>
  </IntraTM>
</TrafficMatrixFile>
