<?xml version="1.0" encoding="UTF-8" standalone="yes"?>
<TrafficMatrixFile xmlns:xsi="http://www.w3.org/2001/XMLSchema-instance" xsi:noNamespaceSchemaLocation="http://totem.run.montefiore.ulg.ac.be/Schema/TrafficMatrix-v1_2.xsd">
  <info>
    <title>Intradomain traffic matrix generated by geant-TM-all.pl</title>
    <date>2005-03-15T16:15:00</date>
    <duration>900</duration>
    <author>Steve Uhlig</author>
    <units>
        <unit type="bandwidth" value="kbps"/>
    </units>
  </info>
  <IntraTM ASID="20965">
    <src id="12">
      <dst id="12">186890.3022</dst>
      <dst id="13">9680.9156</dst>
      <dst id="19">224.3111</dst>
      <dst id="23">1130.2222</dst>
      <dst id="8">55.5200</dst>
      <dst id="18">50560.3556</dst>
      <dst id="4">9828.0533</dst>
      <dst id="1">19649.5467</dst>
      <dst id="5">365.5378</dst>
      <dst id="3">62.0533</dst>
      <dst id="10">12576.6222</dst>
      <dst id="22">80.4089</dst>
      <dst id="7">1682.0889</dst>
      <dst id="2">11257.8578</dst>
      <dst id="6">9388.6844</dst>
      <dst id="16">931.6356</dst>
      <dst id="14">551.2978</dst>
      <dst id="20">2083.5378</dst>
      <dst id="11">29.9733</dst>
      <dst id="9">1929.5911</dst>
      <dst id="17">12854.1956</dst>
      <dst id="21">580.5600</dst>
      <dst id="15">7224.5422</dst>
    </src>
    <src id="13">
      <dst id="12">32221.1467</dst>
      <dst id="19">4281.5289</dst>
      <dst id="23">1434.6133</dst>
      <dst id="8">1181.8400</dst>
      <dst id="18">2268.3111</dst>
      <dst id="1">16717.4578</dst>
      <dst id="5">3901.4044</dst>
      <dst id="3">148.0356</dst>
      <dst id="22">1244.2044</dst>
      <dst id="7">8589.4844</dst>
      <dst id="2">27407.4489</dst>
      <dst id="6">106.7911</dst>
      <dst id="16">3.5822</dst>
      <dst id="14">3007.2267</dst>
      <dst id="20">5157.2622</dst>
      <dst id="11">82.9067</dst>
      <dst id="9">4998.6756</dst>
      <dst id="17">30965.4400</dst>
      <dst id="21">3713.8400</dst>
      <dst id="15">263.1378</dst>
    </src>
    <src id="19">
      <dst id="12">4984.2400</dst>
      <dst id="13">133.0400</dst>
      <dst id="8">0.3556</dst>
      <dst id="4">361.9467</dst>
      <dst id="1">95.5200</dst>
      <dst id="3">1.6444</dst>
      <dst id="10">1124.3911</dst>
      <dst id="7">2526.4711</dst>
      <dst id="2">170.3911</dst>
      <dst id="6">25.6000</dst>
      <dst id="16">0.4622</dst>
      <dst id="14">873.4133</dst>
      <dst id="20">0.6578</dst>
      <dst id="11">13.0844</dst>
      <dst id="9">300.8267</dst>
      <dst id="17">791.8933</dst>
      <dst id="21">75.2533</dst>
    </src>
    <src id="23">
      <dst id="12">541.8311</dst>
      <dst id="13">138.2667</dst>
      <dst id="19">13.3333</dst>
      <dst id="18">0.5333</dst>
      <dst id="4">41.2000</dst>
      <dst id="1">7.8400</dst>
      <dst id="5">0.4622</dst>
      <dst id="10">861.0756</dst>
      <dst id="7">345.2089</dst>
      <dst id="2">1.3244</dst>
      <dst id="14">75.7333</dst>
      <dst id="9">33.3956</dst>
      <dst id="17">421.4044</dst>
      <dst id="15">1.1556</dst>
    </src>
    <src id="8">
      <dst id="12">6472.9333</dst>
      <dst id="13">508.4533</dst>
      <dst id="19">8.3556</dst>
      <dst id="18">1.9378</dst>
      <dst id="4">210.7378</dst>
      <dst id="1">1214.2844</dst>
      <dst id="5">307.8044</dst>
      <dst id="3">1.2178</dst>
      <dst id="10">4488.5156</dst>
      <dst id="7">12.9867</dst>
      <dst id="2">165.4400</dst>
      <dst id="16">102587.7778</dst>
      <dst id="14">22.5422</dst>
      <dst id="11">0.8800</dst>
      <dst id="9">70697.8311</dst>
      <dst id="17">140677.1111</dst>
      <dst id="21">54.3111</dst>
      <dst id="15">17.9911</dst>
    </src>
    <src id="18">
      <dst id="12">112541.3956</dst>
      <dst id="13">169.7689</dst>
      <dst id="19">1.6533</dst>
      <dst id="23">2.3822</dst>
      <dst id="8">2.9867</dst>
      <dst id="4">615.5289</dst>
      <dst id="1">1295.1289</dst>
      <dst id="5">355.6089</dst>
      <dst id="3">818.7111</dst>
      <dst id="10">534.1867</dst>
      <dst id="22">1.6800</dst>
      <dst id="7">35.6444</dst>
      <dst id="2">16670.9778</dst>
      <dst id="16">340.1244</dst>
      <dst id="14">0.5333</dst>
      <dst id="20">1.0667</dst>
      <dst id="9">449.1467</dst>
      <dst id="17">3241.0400</dst>
      <dst id="21">69.3511</dst>
      <dst id="15">2.2756</dst>
    </src>
    <src id="4">
      <dst id="12">4429.0578</dst>
      <dst id="19">466.5333</dst>
      <dst id="23">42.5867</dst>
      <dst id="8">110.2756</dst>
      <dst id="18">80.6311</dst>
      <dst id="4">90.4444</dst>
      <dst id="1">115876.3467</dst>
      <dst id="5">757.1111</dst>
      <dst id="3">14.3378</dst>
      <dst id="7">1780.5600</dst>
      <dst id="2">25608.4889</dst>
      <dst id="6">14.6667</dst>
      <dst id="16">724.4711</dst>
      <dst id="14">1274.9067</dst>
      <dst id="11">92.4889</dst>
      <dst id="9">1424.4089</dst>
      <dst id="17">4992.1422</dst>
      <dst id="21">1006.2933</dst>
      <dst id="15">118.8089</dst>
    </src>
    <src id="1">
      <dst id="12">1338635.3156</dst>
      <dst id="13">21493.7689</dst>
      <dst id="19">343.1644</dst>
      <dst id="23">22.8622</dst>
      <dst id="8">42.0622</dst>
      <dst id="18">14804.0444</dst>
      <dst id="4">2974.4978</dst>
      <dst id="1">269635.9733</dst>
      <dst id="5">141.3778</dst>
      <dst id="3">34.3111</dst>
      <dst id="10">2130.0800</dst>
      <dst id="7">362797.9822</dst>
      <dst id="2">1938.0622</dst>
      <dst id="6">1.3333</dst>
      <dst id="16">5290.5689</dst>
      <dst id="14">43.7422</dst>
      <dst id="20">110.2222</dst>
      <dst id="11">10.7556</dst>
      <dst id="9">1167.9111</dst>
      <dst id="17">548512.0444</dst>
      <dst id="21">264195.9822</dst>
      <dst id="15">83.1022</dst>
    </src>
    <src id="5">
      <dst id="12">7195.8578</dst>
      <dst id="13">600.7111</dst>
      <dst id="19">0.3911</dst>
      <dst id="23">0.8178</dst>
      <dst id="8">139.3600</dst>
      <dst id="18">91.8933</dst>
      <dst id="4">133.8311</dst>
      <dst id="1">1540.1156</dst>
      <dst id="3">1.5822</dst>
      <dst id="10">1281.5822</dst>
      <dst id="7">21.6711</dst>
      <dst id="2">56.0444</dst>
      <dst id="16">131957.3867</dst>
      <dst id="14">26.6667</dst>
      <dst id="11">2.0711</dst>
      <dst id="9">21196.8533</dst>
      <dst id="17">127407.5644</dst>
      <dst id="21">41.1733</dst>
      <dst id="15">36.3556</dst>
    </src>
    <src id="3">
      <dst id="12">17155.8311</dst>
      <dst id="13">377.8133</dst>
      <dst id="19">1087.7778</dst>
      <dst id="23">13239.0044</dst>
      <dst id="8">24.3733</dst>
      <dst id="18">32.2844</dst>
      <dst id="4">52900.0533</dst>
      <dst id="1">7256.9956</dst>
      <dst id="5">84.2489</dst>
      <dst id="3">6.0178</dst>
      <dst id="10">1046.4089</dst>
      <dst id="7">394.3556</dst>
      <dst id="2">1662.9511</dst>
      <dst id="6">122.8444</dst>
      <dst id="16">1179.5378</dst>
      <dst id="14">71.3422</dst>
      <dst id="20">16.7378</dst>
      <dst id="11">192.6844</dst>
      <dst id="9">394.2400</dst>
      <dst id="17">12191.3867</dst>
      <dst id="21">960.5778</dst>
      <dst id="15">28.3911</dst>
    </src>
    <src id="10">
      <dst id="12">12161.5644</dst>
      <dst id="19">5702.0356</dst>
      <dst id="23">706.2578</dst>
      <dst id="8">453.6089</dst>
      <dst id="18">49.0578</dst>
      <dst id="1">279.0933</dst>
      <dst id="5">246.5067</dst>
      <dst id="3">33.2000</dst>
      <dst id="7">462.7733</dst>
      <dst id="2">10424.5778</dst>
      <dst id="6">0.5511</dst>
      <dst id="16">539.9111</dst>
      <dst id="14">7531.7333</dst>
      <dst id="20">223.0400</dst>
      <dst id="11">17.7511</dst>
      <dst id="9">4559.5378</dst>
      <dst id="17">23676.9156</dst>
      <dst id="21">15739.0578</dst>
      <dst id="15">118.9689</dst>
    </src>
    <src id="22">
      <dst id="12">3304.3200</dst>
      <dst id="13">2083.3600</dst>
      <dst id="19">16.1956</dst>
      <dst id="23">6.4711</dst>
      <dst id="8">1096.0356</dst>
      <dst id="18">262.7911</dst>
      <dst id="4">2601.0844</dst>
      <dst id="1">93.3067</dst>
      <dst id="5">725.3867</dst>
      <dst id="3">14.4000</dst>
      <dst id="10">4523.8133</dst>
      <dst id="7">458.1956</dst>
      <dst id="2">879.2089</dst>
      <dst id="6">0.9156</dst>
      <dst id="14">9.4667</dst>
      <dst id="11">15.0133</dst>
      <dst id="9">587.4933</dst>
      <dst id="17">2757.9111</dst>
      <dst id="21">189.0311</dst>
    </src>
    <src id="7">
      <dst id="12">4383.8044</dst>
      <dst id="13">74.8800</dst>
      <dst id="19">294.0178</dst>
      <dst id="23">8.9067</dst>
      <dst id="8">128.1067</dst>
      <dst id="18">62.6933</dst>
      <dst id="4">950.2489</dst>
      <dst id="1">5064.4089</dst>
      <dst id="5">365.5467</dst>
      <dst id="3">64.5422</dst>
      <dst id="10">638.8000</dst>
      <dst id="22">51.2356</dst>
      <dst id="7">793.1378</dst>
      <dst id="2">2819.8400</dst>
      <dst id="6">34.6667</dst>
      <dst id="14">138.1778</dst>
      <dst id="20">358.9956</dst>
      <dst id="11">74.8622</dst>
      <dst id="9">1076.5333</dst>
      <dst id="17">2784.7378</dst>
      <dst id="21">440.7022</dst>
      <dst id="15">168.8089</dst>
    </src>
    <src id="2">
      <dst id="12">42251.3778</dst>
      <dst id="13">3562.9333</dst>
      <dst id="19">1162.8267</dst>
      <dst id="8">11.5467</dst>
      <dst id="18">32741.0489</dst>
      <dst id="4">15021.6622</dst>
      <dst id="1">12498.2578</dst>
      <dst id="5">252.4356</dst>
      <dst id="3">16.8089</dst>
      <dst id="10">12666.9689</dst>
      <dst id="22">216.5867</dst>
      <dst id="7">5233.4489</dst>
      <dst id="2">1123.6356</dst>
      <dst id="6">12814.0800</dst>
      <dst id="16">0.4622</dst>
      <dst id="14">208.0622</dst>
      <dst id="20">54.8356</dst>
      <dst id="11">161.9822</dst>
      <dst id="9">2061.8133</dst>
      <dst id="17">18112.4267</dst>
      <dst id="21">1128.4444</dst>
      <dst id="15">13.7689</dst>
    </src>
    <src id="6">
      <dst id="12">149.2533</dst>
      <dst id="13">2.7911</dst>
      <dst id="19">3.1733</dst>
      <dst id="18">0.7111</dst>
      <dst id="4">3.5733</dst>
      <dst id="1">1385.4756</dst>
      <dst id="5">0.3556</dst>
      <dst id="3">4.3378</dst>
      <dst id="10">3.5022</dst>
      <dst id="7">2.0978</dst>
      <dst id="2">721.3778</dst>
      <dst id="16">42.0533</dst>
      <dst id="11">0.3200</dst>
      <dst id="9">83.3422</dst>
      <dst id="17">11251.8933</dst>
      <dst id="21">40.9778</dst>
    </src>
    <src id="16">
      <dst id="12">75977.9822</dst>
      <dst id="13">4284.2400</dst>
      <dst id="19">3546.0889</dst>
      <dst id="23">0.8000</dst>
      <dst id="8">45105.1378</dst>
      <dst id="18">4.8178</dst>
      <dst id="4">854.8178</dst>
      <dst id="1">18391.4578</dst>
      <dst id="5">122057.1022</dst>
      <dst id="3">3283.7956</dst>
      <dst id="10">1012.8978</dst>
      <dst id="7">24.6222</dst>
      <dst id="2">40.5956</dst>
      <dst id="6">100.2489</dst>
      <dst id="16">13644.1422</dst>
      <dst id="14">59202.4267</dst>
      <dst id="11">9686.2489</dst>
      <dst id="9">120199.2356</dst>
      <dst id="17">9192.8178</dst>
    </src>
    <src id="14">
      <dst id="12">2158.3911</dst>
      <dst id="13">31.1022</dst>
      <dst id="19">37.3511</dst>
      <dst id="23">2.8444</dst>
      <dst id="8">0.3556</dst>
      <dst id="18">4.4089</dst>
      <dst id="4">362.0178</dst>
      <dst id="1">4012.2311</dst>
      <dst id="3">225.7600</dst>
      <dst id="10">344.0178</dst>
      <dst id="7">76.3733</dst>
      <dst id="2">2111.2533</dst>
      <dst id="6">8.1067</dst>
      <dst id="16">304.5689</dst>
      <dst id="20">3.0578</dst>
      <dst id="11">13.5467</dst>
      <dst id="9">195.8756</dst>
      <dst id="17">27368.3644</dst>
      <dst id="21">149.3067</dst>
      <dst id="15">1.0667</dst>
    </src>
    <src id="20">
      <dst id="12">8309.0133</dst>
      <dst id="13">812.8622</dst>
      <dst id="19">3.4578</dst>
      <dst id="23">0.3378</dst>
      <dst id="8">7.7511</dst>
      <dst id="18">89.4222</dst>
      <dst id="4">422.6578</dst>
      <dst id="1">138.9511</dst>
      <dst id="5">382.2311</dst>
      <dst id="10">790.5067</dst>
      <dst id="7">3268.2933</dst>
      <dst id="2">49.5911</dst>
      <dst id="6">0.4178</dst>
      <dst id="14">97.0222</dst>
      <dst id="20">27.1911</dst>
      <dst id="9">1810.7022</dst>
      <dst id="17">17338.5511</dst>
      <dst id="21">5923.8578</dst>
    </src>
    <src id="11">
      <dst id="12">23204.2756</dst>
      <dst id="13">122.3022</dst>
      <dst id="19">22.9956</dst>
      <dst id="23">0.4267</dst>
      <dst id="8">125.7333</dst>
      <dst id="18">30.6133</dst>
      <dst id="4">748.7822</dst>
      <dst id="1">3224.8533</dst>
      <dst id="5">436.8444</dst>
      <dst id="3">9.6978</dst>
      <dst id="10">3565.4133</dst>
      <dst id="7">746.8978</dst>
      <dst id="2">35476.9422</dst>
      <dst id="6">0.4089</dst>
      <dst id="16">3570.2489</dst>
      <dst id="14">25.9200</dst>
      <dst id="20">4.8178</dst>
      <dst id="11">633.3156</dst>
      <dst id="9">2806.5600</dst>
      <dst id="17">472180.2222</dst>
      <dst id="21">1208.8978</dst>
      <dst id="15">32.0356</dst>
    </src>
    <src id="9">
      <dst id="12">13194.8178</dst>
      <dst id="13">2539.0222</dst>
      <dst id="19">24.9689</dst>
      <dst id="23">9.6889</dst>
      <dst id="8">45032.3378</dst>
      <dst id="18">285.7689</dst>
      <dst id="4">702.4533</dst>
      <dst id="1">4412.7467</dst>
      <dst id="5">2443.2711</dst>
      <dst id="10">2574.9422</dst>
      <dst id="7">122.3200</dst>
      <dst id="2">57.8133</dst>
      <dst id="6">42.4711</dst>
      <dst id="16">206948.9956</dst>
      <dst id="14">26.9689</dst>
      <dst id="11">25.9556</dst>
      <dst id="9">211931.2533</dst>
      <dst id="17">240087.7689</dst>
      <dst id="21">79.9200</dst>
      <dst id="15">28.5244</dst>
    </src>
    <src id="17">
      <dst id="12">55933.7422</dst>
      <dst id="13">1017.4844</dst>
      <dst id="19">229.3689</dst>
      <dst id="23">0.3911</dst>
      <dst id="8">28.1600</dst>
      <dst id="18">71.2089</dst>
      <dst id="4">8153.4400</dst>
      <dst id="1">7017.4578</dst>
      <dst id="5">85824.4267</dst>
      <dst id="3">1934.1778</dst>
      <dst id="10">4465.0578</dst>
      <dst id="7">2532.4000</dst>
      <dst id="2">3154.7467</dst>
      <dst id="6">86.7111</dst>
      <dst id="16">2590.6756</dst>
      <dst id="14">22192.6578</dst>
      <dst id="20">417.9022</dst>
      <dst id="11">7918.7644</dst>
      <dst id="9">1109.5289</dst>
      <dst id="17">8298.0356</dst>
      <dst id="21">834.0889</dst>
      <dst id="15">9.2356</dst>
    </src>
    <src id="21">
      <dst id="12">3683.1733</dst>
      <dst id="13">134.4800</dst>
      <dst id="19">125.4844</dst>
      <dst id="23">0.3556</dst>
      <dst id="8">172.1244</dst>
      <dst id="18">2926.0800</dst>
      <dst id="4">715.4667</dst>
      <dst id="1">3646.1956</dst>
      <dst id="5">485.1111</dst>
      <dst id="3">395.8133</dst>
      <dst id="10">1295.8222</dst>
      <dst id="7">394.9067</dst>
      <dst id="2">3785.8667</dst>
      <dst id="6">43.0222</dst>
      <dst id="16">35.9378</dst>
      <dst id="14">305.0756</dst>
      <dst id="20">345.7511</dst>
      <dst id="11">113.2533</dst>
      <dst id="9">591.9733</dst>
      <dst id="17">7632.0711</dst>
      <dst id="21">480.3467</dst>
      <dst id="15">18.4356</dst>
    </src>
    <src id="15">
      <dst id="12">485.1022</dst>
      <dst id="13">6.0800</dst>
      <dst id="23">1.2089</dst>
      <dst id="8">0.3556</dst>
      <dst id="18">3.8400</dst>
      <dst id="4">255.6089</dst>
      <dst id="1">262.2044</dst>
      <dst id="5">4.0711</dst>
      <dst id="3">10.0356</dst>
      <dst id="10">591.7156</dst>
      <dst id="7">0.8889</dst>
      <dst id="2">17.2178</dst>
      <dst id="16">13.4756</dst>
      <dst id="14">14.7733</dst>
      <dst id="11">15.0400</dst>
      <dst id="9">1872.2756</dst>
      <dst id="17">163.3689</dst>
    </src>
  </IntraTM>
</TrafficMatrixFile>
