<?xml version="1.0" encoding="UTF-8" standalone="yes"?>
<TrafficMatrixFile xmlns:xsi="http://www.w3.org/2001/XMLSchema-instance" xsi:noNamespaceSchemaLocation="http://totem.run.montefiore.ulg.ac.be/Schema/TrafficMatrix-v1_2.xsd">
  <info>
    <title>Intradomain traffic matrix generated by geant-TM-all.pl</title>
    <date>2005-04-01T01:30:00</date>
    <duration>900</duration>
    <author>Steve Uhlig</author>
    <units>
        <unit type="bandwidth" value="kbps"/>
    </units>
  </info>
  <IntraTM ASID="20965">
    <src id="12">
      <dst id="12">384154.5600</dst>
      <dst id="13">33788.3467</dst>
      <dst id="19">9866.9067</dst>
      <dst id="23">18134.6400</dst>
      <dst id="8">746.5600</dst>
      <dst id="18">132117.9467</dst>
      <dst id="4">6992.6311</dst>
      <dst id="1">16880.4089</dst>
      <dst id="5">3103.5733</dst>
      <dst id="3">666.6756</dst>
      <dst id="10">2294.4533</dst>
      <dst id="22">9123.1467</dst>
      <dst id="7">5305.9378</dst>
      <dst id="2">34371.9556</dst>
      <dst id="6">19506.0089</dst>
      <dst id="16">17249.3689</dst>
      <dst id="14">1751.0844</dst>
      <dst id="20">1457.7956</dst>
      <dst id="11">4602.9067</dst>
      <dst id="9">12233.3511</dst>
      <dst id="17">78357.1556</dst>
      <dst id="21">1512.3822</dst>
      <dst id="15">5646.3022</dst>
    </src>
    <src id="13">
      <dst id="12">23023.1822</dst>
      <dst id="13">16.4356</dst>
      <dst id="19">2779.1467</dst>
      <dst id="23">407.4311</dst>
      <dst id="8">178.8267</dst>
      <dst id="18">1132.6933</dst>
      <dst id="4">1.5022</dst>
      <dst id="1">2403.4844</dst>
      <dst id="5">1505.1111</dst>
      <dst id="3">376.1778</dst>
      <dst id="22">4065.3244</dst>
      <dst id="7">506.8889</dst>
      <dst id="2">6577.2356</dst>
      <dst id="6">50.8622</dst>
      <dst id="16">1430.2489</dst>
      <dst id="14">34.6667</dst>
      <dst id="20">1498.8089</dst>
      <dst id="11">361.2267</dst>
      <dst id="9">3449.4756</dst>
      <dst id="17">13094.7022</dst>
      <dst id="21">1235.8578</dst>
      <dst id="15">203.2889</dst>
    </src>
    <src id="19">
      <dst id="12">27151.2889</dst>
      <dst id="13">3533.5822</dst>
      <dst id="23">15.0044</dst>
      <dst id="8">66.8711</dst>
      <dst id="18">41.5822</dst>
      <dst id="4">532.3111</dst>
      <dst id="1">824.3200</dst>
      <dst id="5">26.4356</dst>
      <dst id="3">0.9956</dst>
      <dst id="10">119.2356</dst>
      <dst id="22">361.9022</dst>
      <dst id="7">2475.9378</dst>
      <dst id="2">826.2044</dst>
      <dst id="6">82.3733</dst>
      <dst id="16">467.5111</dst>
      <dst id="14">32.0889</dst>
      <dst id="20">47.6356</dst>
      <dst id="11">0.3556</dst>
      <dst id="9">38.3467</dst>
      <dst id="17">1119.1378</dst>
      <dst id="21">588.1244</dst>
      <dst id="15">61.2000</dst>
    </src>
    <src id="23">
      <dst id="12">10793.9733</dst>
      <dst id="13">447.0133</dst>
      <dst id="19">111.3867</dst>
      <dst id="18">107.5911</dst>
      <dst id="4">271.8667</dst>
      <dst id="1">156.9867</dst>
      <dst id="5">1974.8356</dst>
      <dst id="3">287.7956</dst>
      <dst id="10">127.0133</dst>
      <dst id="22">371.5556</dst>
      <dst id="7">2363.4400</dst>
      <dst id="2">122.2400</dst>
      <dst id="6">1.7333</dst>
      <dst id="16">10.3111</dst>
      <dst id="14">27.5378</dst>
      <dst id="20">27.4133</dst>
      <dst id="11">56.7467</dst>
      <dst id="9">247.6533</dst>
      <dst id="17">1564.7822</dst>
      <dst id="21">496.0089</dst>
    </src>
    <src id="8">
      <dst id="12">8520.4356</dst>
      <dst id="13">141.9200</dst>
      <dst id="19">16.3467</dst>
      <dst id="23">9.2622</dst>
      <dst id="18">15.0578</dst>
      <dst id="4">232.5600</dst>
      <dst id="1">1240.8978</dst>
      <dst id="5">437.2267</dst>
      <dst id="3">0.4178</dst>
      <dst id="10">1.5644</dst>
      <dst id="22">0.7111</dst>
      <dst id="7">13.3333</dst>
      <dst id="2">1485.9022</dst>
      <dst id="16">201965.7156</dst>
      <dst id="11">0.3556</dst>
      <dst id="9">61712.4356</dst>
      <dst id="17">19122.9511</dst>
      <dst id="21">46.9156</dst>
      <dst id="15">124.0711</dst>
    </src>
    <src id="18">
      <dst id="12">153892.2578</dst>
      <dst id="13">470.8444</dst>
      <dst id="19">15.0844</dst>
      <dst id="23">10.8444</dst>
      <dst id="8">0.4622</dst>
      <dst id="4">55.3333</dst>
      <dst id="1">4334.1333</dst>
      <dst id="5">277.6267</dst>
      <dst id="3">3050.3467</dst>
      <dst id="10">53.5289</dst>
      <dst id="22">393.5022</dst>
      <dst id="7">74.4711</dst>
      <dst id="2">18198.9600</dst>
      <dst id="6">0.4267</dst>
      <dst id="16">361.2889</dst>
      <dst id="14">37.3244</dst>
      <dst id="20">1991.1378</dst>
      <dst id="11">0.4622</dst>
      <dst id="9">417.5733</dst>
      <dst id="17">12650.0267</dst>
      <dst id="21">791.8756</dst>
      <dst id="15">2.6844</dst>
    </src>
    <src id="4">
      <dst id="12">38664.4622</dst>
      <dst id="13">4.2133</dst>
      <dst id="19">9235.1200</dst>
      <dst id="23">2396.2311</dst>
      <dst id="8">727.3244</dst>
      <dst id="18">4740.9422</dst>
      <dst id="4">2067.9378</dst>
      <dst id="1">164729.7244</dst>
      <dst id="5">8045.7956</dst>
      <dst id="3">88.0889</dst>
      <dst id="22">1329.8578</dst>
      <dst id="7">2264.5778</dst>
      <dst id="2">177288.6133</dst>
      <dst id="6">229.3867</dst>
      <dst id="16">121654.4978</dst>
      <dst id="14">8036.9156</dst>
      <dst id="11">847.2800</dst>
      <dst id="9">40116.6489</dst>
      <dst id="17">305708.4444</dst>
      <dst id="21">15232.9600</dst>
      <dst id="15">2778.7556</dst>
    </src>
    <src id="1">
      <dst id="12">34868.6844</dst>
      <dst id="13">4504.9689</dst>
      <dst id="19">1091.5200</dst>
      <dst id="23">95.2178</dst>
      <dst id="8">62.2311</dst>
      <dst id="18">10969.1644</dst>
      <dst id="4">2312.7467</dst>
      <dst id="1">53855.3156</dst>
      <dst id="5">359.4311</dst>
      <dst id="3">12685.9378</dst>
      <dst id="10">1079.8578</dst>
      <dst id="22">2.3467</dst>
      <dst id="7">29574.0000</dst>
      <dst id="2">18319.1644</dst>
      <dst id="6">5.5378</dst>
      <dst id="16">26426.4800</dst>
      <dst id="14">114.5867</dst>
      <dst id="20">1201.7956</dst>
      <dst id="11">1437.1556</dst>
      <dst id="9">1608.2933</dst>
      <dst id="17">219342.7111</dst>
      <dst id="21">9729.3244</dst>
      <dst id="15">189.2711</dst>
    </src>
    <src id="5">
      <dst id="12">18783.2267</dst>
      <dst id="13">1497.6267</dst>
      <dst id="19">39.9822</dst>
      <dst id="23">50.1333</dst>
      <dst id="8">157.1556</dst>
      <dst id="18">258.0444</dst>
      <dst id="4">356.8978</dst>
      <dst id="1">2115.0756</dst>
      <dst id="10">68.8089</dst>
      <dst id="22">51.7867</dst>
      <dst id="2">7246.5156</dst>
      <dst id="6">64.1244</dst>
      <dst id="16">293181.6178</dst>
      <dst id="14">2.3911</dst>
      <dst id="11">98.2222</dst>
      <dst id="9">54042.4000</dst>
      <dst id="17">28594.4711</dst>
      <dst id="21">234.7022</dst>
      <dst id="15">171.2622</dst>
    </src>
    <src id="3">
      <dst id="12">9065.9378</dst>
      <dst id="13">13183.0044</dst>
      <dst id="19">1023.9200</dst>
      <dst id="23">120.5511</dst>
      <dst id="8">29.6000</dst>
      <dst id="18">11346.7289</dst>
      <dst id="4">1132.5600</dst>
      <dst id="1">5880.2489</dst>
      <dst id="5">125.0489</dst>
      <dst id="3">278.2400</dst>
      <dst id="10">515.7956</dst>
      <dst id="22">10.1956</dst>
      <dst id="7">1844.5778</dst>
      <dst id="2">9677.4133</dst>
      <dst id="6">3.9200</dst>
      <dst id="16">16289.2622</dst>
      <dst id="14">443.5111</dst>
      <dst id="20">730.2489</dst>
      <dst id="11">236.1156</dst>
      <dst id="9">1871.2000</dst>
      <dst id="17">44562.1600</dst>
      <dst id="21">3021.0400</dst>
      <dst id="15">273.8311</dst>
    </src>
    <src id="10">
      <dst id="12">14238.2311</dst>
      <dst id="13">339.6089</dst>
      <dst id="19">4647.2356</dst>
      <dst id="23">3680.4356</dst>
      <dst id="8">272.5778</dst>
      <dst id="18">5746.2044</dst>
      <dst id="1">5873.6178</dst>
      <dst id="5">1132.3556</dst>
      <dst id="3">6982.8267</dst>
      <dst id="22">85.4578</dst>
      <dst id="7">713.2533</dst>
      <dst id="2">28145.9200</dst>
      <dst id="6">7.6711</dst>
      <dst id="16">56940.5156</dst>
      <dst id="14">3233.7867</dst>
      <dst id="20">15817.0489</dst>
      <dst id="11">175.1289</dst>
      <dst id="9">7279.2533</dst>
      <dst id="17">72534.7200</dst>
      <dst id="21">10279.9733</dst>
      <dst id="15">42.7289</dst>
    </src>
    <src id="22">
      <dst id="12">10341.4933</dst>
      <dst id="13">5822.5067</dst>
      <dst id="19">240.6578</dst>
      <dst id="23">22.9689</dst>
      <dst id="8">2585.0400</dst>
      <dst id="18">2604.1422</dst>
      <dst id="4">1148.5422</dst>
      <dst id="1">249.1200</dst>
      <dst id="5">2302.5867</dst>
      <dst id="3">31.9022</dst>
      <dst id="10">548.6044</dst>
      <dst id="7">398.7200</dst>
      <dst id="2">3613.0578</dst>
      <dst id="6">28.9511</dst>
      <dst id="16">1739.2533</dst>
      <dst id="14">26.8889</dst>
      <dst id="11">15.1822</dst>
      <dst id="9">1159.1200</dst>
      <dst id="17">13524.5956</dst>
      <dst id="21">892.0800</dst>
    </src>
    <src id="7">
      <dst id="12">24080.9511</dst>
      <dst id="13">13704.8800</dst>
      <dst id="19">438.5422</dst>
      <dst id="23">5192.5067</dst>
      <dst id="8">44.7822</dst>
      <dst id="18">563.1644</dst>
      <dst id="4">1323.1022</dst>
      <dst id="1">75042.8622</dst>
      <dst id="5">63.0578</dst>
      <dst id="3">319.7067</dst>
      <dst id="10">327.1111</dst>
      <dst id="22">471.3422</dst>
      <dst id="7">25.1289</dst>
      <dst id="2">14908.2400</dst>
      <dst id="6">106.0267</dst>
      <dst id="16">1468.1956</dst>
      <dst id="14">34.7022</dst>
      <dst id="20">305.7956</dst>
      <dst id="11">464.7111</dst>
      <dst id="9">256.3200</dst>
      <dst id="17">14151.4933</dst>
      <dst id="21">6762.7022</dst>
      <dst id="15">4.6400</dst>
    </src>
    <src id="2">
      <dst id="12">113280.3289</dst>
      <dst id="13">42799.1111</dst>
      <dst id="19">2091.4667</dst>
      <dst id="23">67.0578</dst>
      <dst id="8">891.8044</dst>
      <dst id="18">77720.2311</dst>
      <dst id="4">7915.0311</dst>
      <dst id="1">53942.6222</dst>
      <dst id="5">556.0444</dst>
      <dst id="3">982.0267</dst>
      <dst id="10">1945.0933</dst>
      <dst id="22">2595.6178</dst>
      <dst id="7">3000.3200</dst>
      <dst id="2">4257.0578</dst>
      <dst id="6">16964.3022</dst>
      <dst id="16">1531.9556</dst>
      <dst id="14">761.4311</dst>
      <dst id="20">495.6800</dst>
      <dst id="11">1264.0978</dst>
      <dst id="9">1128.7822</dst>
      <dst id="17">32323.2711</dst>
      <dst id="21">7788.9333</dst>
      <dst id="15">213.7422</dst>
    </src>
    <src id="6">
      <dst id="12">450.0978</dst>
      <dst id="13">26.6578</dst>
      <dst id="19">38.1333</dst>
      <dst id="23">0.6756</dst>
      <dst id="18">12.6756</dst>
      <dst id="4">1.2444</dst>
      <dst id="1">244.1511</dst>
      <dst id="5">13.3333</dst>
      <dst id="3">15.4489</dst>
      <dst id="10">3.3067</dst>
      <dst id="22">12.9333</dst>
      <dst id="7">92.7022</dst>
      <dst id="2">2212.9422</dst>
      <dst id="16">194.4000</dst>
      <dst id="9">72.8178</dst>
      <dst id="17">28964.6400</dst>
      <dst id="21">11.9822</dst>
      <dst id="15">15.0133</dst>
    </src>
    <src id="16">
      <dst id="12">160525.8933</dst>
      <dst id="13">2254.0711</dst>
      <dst id="19">6318.6578</dst>
      <dst id="23">110.5867</dst>
      <dst id="8">76449.7511</dst>
      <dst id="18">460.5778</dst>
      <dst id="4">489.4400</dst>
      <dst id="1">9368.1956</dst>
      <dst id="5">249043.6622</dst>
      <dst id="3">6106.8089</dst>
      <dst id="10">235.7867</dst>
      <dst id="7">12.6222</dst>
      <dst id="2">336.6311</dst>
      <dst id="6">17.9733</dst>
      <dst id="16">27986.0533</dst>
      <dst id="14">50123.5289</dst>
      <dst id="11">19552.5244</dst>
      <dst id="9">236629.0756</dst>
      <dst id="17">11481.4044</dst>
      <dst id="21">268.9778</dst>
    </src>
    <src id="14">
      <dst id="12">1597.3422</dst>
      <dst id="13">206.6133</dst>
      <dst id="19">25.2444</dst>
      <dst id="23">54.4533</dst>
      <dst id="8">12.6222</dst>
      <dst id="18">39.7156</dst>
      <dst id="4">302.6311</dst>
      <dst id="1">744.1156</dst>
      <dst id="5">1.1911</dst>
      <dst id="3">1579.1556</dst>
      <dst id="10">748.6844</dst>
      <dst id="22">1.6711</dst>
      <dst id="7">324.0000</dst>
      <dst id="2">5432.2400</dst>
      <dst id="16">5137.0933</dst>
      <dst id="20">0.3556</dst>
      <dst id="11">29.8222</dst>
      <dst id="9">514.1956</dst>
      <dst id="17">40515.1200</dst>
      <dst id="21">138.1867</dst>
      <dst id="15">0.4622</dst>
    </src>
    <src id="20">
      <dst id="12">1725.2000</dst>
      <dst id="13">4604.7200</dst>
      <dst id="19">2018.3022</dst>
      <dst id="23">0.3556</dst>
      <dst id="8">164.4444</dst>
      <dst id="18">60.6489</dst>
      <dst id="4">3068.7289</dst>
      <dst id="1">1010.0978</dst>
      <dst id="5">462.1422</dst>
      <dst id="3">4.3111</dst>
      <dst id="10">44.7289</dst>
      <dst id="22">93.7956</dst>
      <dst id="7">4252.1422</dst>
      <dst id="2">349.4400</dst>
      <dst id="6">4.0978</dst>
      <dst id="16">14350.3111</dst>
      <dst id="14">51.2000</dst>
      <dst id="20">63.8667</dst>
      <dst id="11">240.0000</dst>
      <dst id="9">530.0444</dst>
      <dst id="17">21851.9822</dst>
      <dst id="21">514.2844</dst>
    </src>
    <src id="11">
      <dst id="12">34976.4622</dst>
      <dst id="13">2583.6267</dst>
      <dst id="19">136.7733</dst>
      <dst id="23">88.8533</dst>
      <dst id="8">403.3067</dst>
      <dst id="18">331.1733</dst>
      <dst id="4">2969.6622</dst>
      <dst id="1">4095.6267</dst>
      <dst id="5">1274.0889</dst>
      <dst id="3">547.3244</dst>
      <dst id="10">1810.9600</dst>
      <dst id="22">14.1511</dst>
      <dst id="7">655.4844</dst>
      <dst id="2">72035.8222</dst>
      <dst id="6">895.2267</dst>
      <dst id="16">14836.1778</dst>
      <dst id="14">153.3778</dst>
      <dst id="20">802.7467</dst>
      <dst id="11">2766.6844</dst>
      <dst id="9">4839.6267</dst>
      <dst id="17">562795.4044</dst>
      <dst id="21">548.4533</dst>
      <dst id="15">68.9778</dst>
    </src>
    <src id="9">
      <dst id="12">16519.0311</dst>
      <dst id="13">21284.5156</dst>
      <dst id="19">97.7244</dst>
      <dst id="23">85.2178</dst>
      <dst id="8">68054.5867</dst>
      <dst id="18">104.7733</dst>
      <dst id="4">556.5511</dst>
      <dst id="1">6713.9289</dst>
      <dst id="5">680.6844</dst>
      <dst id="10">551.1644</dst>
      <dst id="22">11296.3556</dst>
      <dst id="7">89.0667</dst>
      <dst id="2">2726.5689</dst>
      <dst id="6">1.2978</dst>
      <dst id="16">490562.1956</dst>
      <dst id="14">39.2889</dst>
      <dst id="11">46.2844</dst>
      <dst id="9">256620.5067</dst>
      <dst id="17">44577.7689</dst>
      <dst id="21">218.8444</dst>
      <dst id="15">64.7467</dst>
    </src>
    <src id="17">
      <dst id="12">105585.9467</dst>
      <dst id="13">59698.7022</dst>
      <dst id="19">4853.3333</dst>
      <dst id="23">77.0400</dst>
      <dst id="8">646.4444</dst>
      <dst id="18">1155.2267</dst>
      <dst id="4">10650.6400</dst>
      <dst id="1">7916.6222</dst>
      <dst id="5">143951.9822</dst>
      <dst id="3">7494.9156</dst>
      <dst id="10">2800.8267</dst>
      <dst id="22">58.1333</dst>
      <dst id="7">8526.3911</dst>
      <dst id="2">22287.5733</dst>
      <dst id="6">45.4044</dst>
      <dst id="16">82107.9911</dst>
      <dst id="14">22806.6311</dst>
      <dst id="20">2594.9511</dst>
      <dst id="11">17192.2311</dst>
      <dst id="9">16251.7956</dst>
      <dst id="17">35077.2622</dst>
      <dst id="21">13900.0800</dst>
      <dst id="15">391.2356</dst>
    </src>
    <src id="21">
      <dst id="12">2480.2311</dst>
      <dst id="13">4102.6400</dst>
      <dst id="19">1818.8356</dst>
      <dst id="23">25.0133</dst>
      <dst id="8">663.2711</dst>
      <dst id="18">3970.3022</dst>
      <dst id="4">445.2444</dst>
      <dst id="1">11390.4889</dst>
      <dst id="5">381.0933</dst>
      <dst id="3">6730.8533</dst>
      <dst id="10">1303.9111</dst>
      <dst id="22">271.1556</dst>
      <dst id="7">1082.4711</dst>
      <dst id="2">7319.6000</dst>
      <dst id="6">1.4489</dst>
      <dst id="16">8939.8667</dst>
      <dst id="14">189.9378</dst>
      <dst id="20">597.5111</dst>
      <dst id="11">557.3244</dst>
      <dst id="9">1356.8711</dst>
      <dst id="17">204606.1778</dst>
      <dst id="21">5102.0533</dst>
      <dst id="15">23.5644</dst>
    </src>
    <src id="15">
      <dst id="12">88.2667</dst>
      <dst id="13">325.8756</dst>
      <dst id="19">2034.4444</dst>
      <dst id="23">2.9156</dst>
      <dst id="8">107.6978</dst>
      <dst id="18">0.8178</dst>
      <dst id="4">76.8178</dst>
      <dst id="1">786.8800</dst>
      <dst id="5">359.1200</dst>
      <dst id="10">65.9556</dst>
      <dst id="7">33.8222</dst>
      <dst id="2">2568.0800</dst>
      <dst id="6">8.9956</dst>
      <dst id="16">632.7022</dst>
      <dst id="14">13.3333</dst>
      <dst id="11">65.9556</dst>
      <dst id="9">2883.0933</dst>
      <dst id="17">4244.0267</dst>
    </src>
  </IntraTM>
</TrafficMatrixFile>
