<?xml version="1.0" encoding="UTF-8" standalone="yes"?>
<TrafficMatrixFile xmlns:xsi="http://www.w3.org/2001/XMLSchema-instance" xsi:noNamespaceSchemaLocation="http://totem.run.montefiore.ulg.ac.be/Schema/TrafficMatrix-v1_2.xsd">
  <info>
    <title>Intradomain traffic matrix generated by geant-TM-all.pl</title>
    <date>2005-03-27T21:30:00</date>
    <duration>900</duration>
    <author>Steve Uhlig</author>
    <units>
        <unit type="bandwidth" value="kbps"/>
    </units>
  </info>
  <IntraTM ASID="20965">
    <src id="12">
      <dst id="12">312707.1378</dst>
      <dst id="13">26863.1644</dst>
      <dst id="19">3481.1911</dst>
      <dst id="23">14057.4222</dst>
      <dst id="8">7897.0578</dst>
      <dst id="18">121933.1289</dst>
      <dst id="4">2484.4089</dst>
      <dst id="1">26097.4667</dst>
      <dst id="5">1145.7067</dst>
      <dst id="3">342.7378</dst>
      <dst id="10">1421.2622</dst>
      <dst id="22">4833.5378</dst>
      <dst id="7">10742.6756</dst>
      <dst id="2">31143.0578</dst>
      <dst id="6">24741.9378</dst>
      <dst id="16">20181.4044</dst>
      <dst id="14">226.2578</dst>
      <dst id="20">13402.6311</dst>
      <dst id="11">985.7067</dst>
      <dst id="9">13626.8444</dst>
      <dst id="17">79074.9244</dst>
      <dst id="21">2849.2533</dst>
      <dst id="15">315.9111</dst>
    </src>
    <src id="13">
      <dst id="12">14942.9422</dst>
      <dst id="13">338.9156</dst>
      <dst id="19">3002.8711</dst>
      <dst id="23">3347.9022</dst>
      <dst id="8">1021.1111</dst>
      <dst id="18">8346.4178</dst>
      <dst id="1">1724.4622</dst>
      <dst id="5">5910.6489</dst>
      <dst id="3">192.2933</dst>
      <dst id="10">5.5111</dst>
      <dst id="22">5549.5378</dst>
      <dst id="7">25331.6533</dst>
      <dst id="2">8850.6133</dst>
      <dst id="6">24.3644</dst>
      <dst id="16">27239.1644</dst>
      <dst id="14">174.4178</dst>
      <dst id="20">2207.4311</dst>
      <dst id="11">578.5511</dst>
      <dst id="9">1664.4178</dst>
      <dst id="17">38795.0667</dst>
      <dst id="21">20435.4844</dst>
      <dst id="15">129.9644</dst>
    </src>
    <src id="19">
      <dst id="12">19991.4400</dst>
      <dst id="13">2970.5600</dst>
      <dst id="23">29.1556</dst>
      <dst id="8">107.2711</dst>
      <dst id="18">2112.4356</dst>
      <dst id="4">175.1911</dst>
      <dst id="1">427.6444</dst>
      <dst id="5">74.7911</dst>
      <dst id="3">141.4044</dst>
      <dst id="10">173.6000</dst>
      <dst id="22">121.2267</dst>
      <dst id="7">3662.4889</dst>
      <dst id="2">3385.2000</dst>
      <dst id="6">75.6533</dst>
      <dst id="16">953.9200</dst>
      <dst id="14">37.8133</dst>
      <dst id="20">14.5778</dst>
      <dst id="11">439.9467</dst>
      <dst id="9">208.3378</dst>
      <dst id="17">1907.1556</dst>
      <dst id="21">245.3867</dst>
      <dst id="15">2.1511</dst>
    </src>
    <src id="23">
      <dst id="12">704.2933</dst>
      <dst id="13">3000.5156</dst>
      <dst id="19">72.3556</dst>
      <dst id="8">13.6889</dst>
      <dst id="18">141.3156</dst>
      <dst id="4">79.2978</dst>
      <dst id="1">213.3422</dst>
      <dst id="5">0.4622</dst>
      <dst id="3">37.7778</dst>
      <dst id="10">64.3022</dst>
      <dst id="22">715.7067</dst>
      <dst id="7">1375.5467</dst>
      <dst id="2">97.3333</dst>
      <dst id="6">0.3378</dst>
      <dst id="16">1.2089</dst>
      <dst id="14">13.3333</dst>
      <dst id="20">484.0889</dst>
      <dst id="11">77.8489</dst>
      <dst id="9">2245.0133</dst>
      <dst id="17">3565.4311</dst>
      <dst id="21">643.4133</dst>
      <dst id="15">3.8844</dst>
    </src>
    <src id="8">
      <dst id="12">3407.0756</dst>
      <dst id="13">1151.0578</dst>
      <dst id="19">325.2444</dst>
      <dst id="23">6.2222</dst>
      <dst id="18">2.6311</dst>
      <dst id="4">409.2356</dst>
      <dst id="1">1537.8044</dst>
      <dst id="5">472.0978</dst>
      <dst id="10">96.8089</dst>
      <dst id="7">66.9422</dst>
      <dst id="2">56.2933</dst>
      <dst id="6">0.3556</dst>
      <dst id="16">267487.7422</dst>
      <dst id="9">63632.3200</dst>
      <dst id="17">24621.2622</dst>
      <dst id="21">124.8356</dst>
      <dst id="15">100.5244</dst>
    </src>
    <src id="18">
      <dst id="12">140934.6311</dst>
      <dst id="13">512.3644</dst>
      <dst id="19">166.5867</dst>
      <dst id="23">7.3244</dst>
      <dst id="8">14.0444</dst>
      <dst id="4">244.0533</dst>
      <dst id="1">6113.9111</dst>
      <dst id="5">88.3644</dst>
      <dst id="3">3902.4356</dst>
      <dst id="10">130.3022</dst>
      <dst id="22">755.0400</dst>
      <dst id="7">484.9333</dst>
      <dst id="2">9498.6133</dst>
      <dst id="16">1004.5600</dst>
      <dst id="14">13.3333</dst>
      <dst id="20">451.3067</dst>
      <dst id="9">486.3556</dst>
      <dst id="17">7616.6756</dst>
      <dst id="21">2240.1778</dst>
      <dst id="15">3.5911</dst>
    </src>
    <src id="4">
      <dst id="12">36831.3511</dst>
      <dst id="13">2.6667</dst>
      <dst id="19">8816.0267</dst>
      <dst id="23">2457.4489</dst>
      <dst id="8">1373.2622</dst>
      <dst id="18">4655.0667</dst>
      <dst id="4">9395.3244</dst>
      <dst id="1">133727.9378</dst>
      <dst id="5">6162.5333</dst>
      <dst id="3">316.9244</dst>
      <dst id="22">1055.9111</dst>
      <dst id="7">4443.4311</dst>
      <dst id="2">132484.9511</dst>
      <dst id="6">305.8133</dst>
      <dst id="16">142089.2622</dst>
      <dst id="14">5092.0089</dst>
      <dst id="11">512.6044</dst>
      <dst id="9">28669.3067</dst>
      <dst id="17">100732.3022</dst>
      <dst id="21">16571.9556</dst>
      <dst id="15">1844.4178</dst>
    </src>
    <src id="1">
      <dst id="12">286896.7911</dst>
      <dst id="13">2402.5778</dst>
      <dst id="19">759.3600</dst>
      <dst id="23">363.7689</dst>
      <dst id="8">65.4578</dst>
      <dst id="18">14863.4667</dst>
      <dst id="4">527.3156</dst>
      <dst id="1">78882.6756</dst>
      <dst id="5">400.8444</dst>
      <dst id="3">1553.7600</dst>
      <dst id="10">95.6444</dst>
      <dst id="22">403.2000</dst>
      <dst id="7">152834.1511</dst>
      <dst id="2">28324.6400</dst>
      <dst id="6">83.7067</dst>
      <dst id="16">558371.4933</dst>
      <dst id="14">1232.1867</dst>
      <dst id="20">934.8178</dst>
      <dst id="11">417.4933</dst>
      <dst id="9">14344.3911</dst>
      <dst id="17">158865.0578</dst>
      <dst id="21">351350.3111</dst>
      <dst id="15">303.2889</dst>
    </src>
    <src id="5">
      <dst id="12">6918.4089</dst>
      <dst id="13">1641.4756</dst>
      <dst id="19">266.4178</dst>
      <dst id="8">71.6178</dst>
      <dst id="18">35.1911</dst>
      <dst id="4">314.7022</dst>
      <dst id="1">3932.0978</dst>
      <dst id="10">175.6622</dst>
      <dst id="22">39.9644</dst>
      <dst id="7">112.3378</dst>
      <dst id="2">114.8622</dst>
      <dst id="6">2.1511</dst>
      <dst id="16">314633.6178</dst>
      <dst id="14">62.7467</dst>
      <dst id="11">19.4844</dst>
      <dst id="9">47940.9511</dst>
      <dst id="17">41624.8267</dst>
      <dst id="21">74.8889</dst>
      <dst id="15">1010.9689</dst>
    </src>
    <src id="3">
      <dst id="12">2349.9467</dst>
      <dst id="13">37784.5422</dst>
      <dst id="19">2884.0000</dst>
      <dst id="23">282.8178</dst>
      <dst id="8">50.6756</dst>
      <dst id="18">612.8089</dst>
      <dst id="4">1094.5778</dst>
      <dst id="1">4021.2622</dst>
      <dst id="5">219.4311</dst>
      <dst id="3">322.5956</dst>
      <dst id="10">449.8844</dst>
      <dst id="22">21.9733</dst>
      <dst id="7">1311.9378</dst>
      <dst id="2">11568.5422</dst>
      <dst id="6">18.2311</dst>
      <dst id="16">12388.7022</dst>
      <dst id="14">123.6000</dst>
      <dst id="20">287.2444</dst>
      <dst id="11">557.2978</dst>
      <dst id="9">762.3733</dst>
      <dst id="17">52996.9422</dst>
      <dst id="21">6400.3644</dst>
      <dst id="15">282.5511</dst>
    </src>
    <src id="10">
      <dst id="12">10380.9600</dst>
      <dst id="13">59.9111</dst>
      <dst id="19">2289.0133</dst>
      <dst id="23">5721.6978</dst>
      <dst id="8">1628.2578</dst>
      <dst id="18">3048.7467</dst>
      <dst id="1">1719.9733</dst>
      <dst id="5">2725.8844</dst>
      <dst id="3">501.4578</dst>
      <dst id="10">12.6222</dst>
      <dst id="22">253.1733</dst>
      <dst id="7">87.6622</dst>
      <dst id="2">16280.0978</dst>
      <dst id="6">27.6978</dst>
      <dst id="16">56515.6089</dst>
      <dst id="14">1096.1867</dst>
      <dst id="20">7482.8622</dst>
      <dst id="11">168.2667</dst>
      <dst id="9">2745.4044</dst>
      <dst id="17">57991.2622</dst>
      <dst id="21">11490.4711</dst>
      <dst id="15">4669.1733</dst>
    </src>
    <src id="22">
      <dst id="12">8544.7822</dst>
      <dst id="13">5811.8222</dst>
      <dst id="19">328.9422</dst>
      <dst id="23">16.8533</dst>
      <dst id="8">40.7911</dst>
      <dst id="18">1085.3956</dst>
      <dst id="4">1147.9733</dst>
      <dst id="1">629.0756</dst>
      <dst id="5">1811.8400</dst>
      <dst id="3">16.1867</dst>
      <dst id="10">238.4444</dst>
      <dst id="7">502.4622</dst>
      <dst id="2">2736.3556</dst>
      <dst id="6">31.3333</dst>
      <dst id="16">3758.0267</dst>
      <dst id="14">27.9467</dst>
      <dst id="11">39.0400</dst>
      <dst id="9">3184.3556</dst>
      <dst id="17">12335.1378</dst>
      <dst id="21">2330.6044</dst>
    </src>
    <src id="7">
      <dst id="12">8627.7956</dst>
      <dst id="13">9806.6667</dst>
      <dst id="19">1087.3333</dst>
      <dst id="23">32066.1600</dst>
      <dst id="8">327.1644</dst>
      <dst id="18">1975.1200</dst>
      <dst id="4">1626.5511</dst>
      <dst id="1">11912.5244</dst>
      <dst id="5">924.3733</dst>
      <dst id="3">1492.6756</dst>
      <dst id="10">2878.5689</dst>
      <dst id="22">1748.3733</dst>
      <dst id="7">36.6756</dst>
      <dst id="2">67896.0000</dst>
      <dst id="6">188.6400</dst>
      <dst id="16">2009.0756</dst>
      <dst id="14">242.1244</dst>
      <dst id="20">2043.1911</dst>
      <dst id="11">1560.8178</dst>
      <dst id="9">986.9600</dst>
      <dst id="17">25378.6489</dst>
      <dst id="21">7792.6044</dst>
      <dst id="15">371.2089</dst>
    </src>
    <src id="2">
      <dst id="12">117469.8133</dst>
      <dst id="13">34980.1333</dst>
      <dst id="19">846.9511</dst>
      <dst id="23">28.8711</dst>
      <dst id="8">167.1111</dst>
      <dst id="18">68314.3200</dst>
      <dst id="4">7143.4578</dst>
      <dst id="1">20472.3822</dst>
      <dst id="5">607.8044</dst>
      <dst id="3">2720.5422</dst>
      <dst id="10">1056.6311</dst>
      <dst id="22">1457.6089</dst>
      <dst id="7">18316.9422</dst>
      <dst id="2">7212.5333</dst>
      <dst id="6">21099.9911</dst>
      <dst id="16">8728.9333</dst>
      <dst id="14">401.1200</dst>
      <dst id="20">2965.2356</dst>
      <dst id="11">577.7067</dst>
      <dst id="9">924.9511</dst>
      <dst id="17">31942.4978</dst>
      <dst id="21">3097.4667</dst>
      <dst id="15">642.8267</dst>
    </src>
    <src id="6">
      <dst id="12">302.7467</dst>
      <dst id="13">55.7778</dst>
      <dst id="19">70.4622</dst>
      <dst id="23">0.7644</dst>
      <dst id="18">1.5467</dst>
      <dst id="4">3.1822</dst>
      <dst id="1">205.9022</dst>
      <dst id="5">0.5600</dst>
      <dst id="10">0.3556</dst>
      <dst id="22">25.5467</dst>
      <dst id="7">259.3689</dst>
      <dst id="2">1892.2756</dst>
      <dst id="16">90.9600</dst>
      <dst id="14">11.4667</dst>
      <dst id="9">84.0622</dst>
      <dst id="17">23415.8844</dst>
      <dst id="21">31.1378</dst>
    </src>
    <src id="16">
      <dst id="12">220946.3467</dst>
      <dst id="13">1377.6178</dst>
      <dst id="19">3295.8400</dst>
      <dst id="23">330.5867</dst>
      <dst id="8">87005.3156</dst>
      <dst id="18">9.8044</dst>
      <dst id="4">251.7956</dst>
      <dst id="1">10737.0756</dst>
      <dst id="5">274401.4667</dst>
      <dst id="3">14521.2267</dst>
      <dst id="10">102.2578</dst>
      <dst id="7">203.3067</dst>
      <dst id="2">2518.4356</dst>
      <dst id="6">0.7111</dst>
      <dst id="16">32888.7467</dst>
      <dst id="14">48386.8267</dst>
      <dst id="11">31844.8444</dst>
      <dst id="9">298207.6178</dst>
      <dst id="17">13703.5556</dst>
      <dst id="21">1.0667</dst>
    </src>
    <src id="14">
      <dst id="12">843.5467</dst>
      <dst id="13">439.6356</dst>
      <dst id="19">25.1022</dst>
      <dst id="23">18.2844</dst>
      <dst id="8">0.4267</dst>
      <dst id="18">36.2667</dst>
      <dst id="4">133.8044</dst>
      <dst id="1">245.4222</dst>
      <dst id="5">1.9911</dst>
      <dst id="3">2882.8622</dst>
      <dst id="10">39.4133</dst>
      <dst id="7">220.8178</dst>
      <dst id="2">1372.5600</dst>
      <dst id="16">3027.4667</dst>
      <dst id="20">8.6489</dst>
      <dst id="11">26.8800</dst>
      <dst id="9">186.4622</dst>
      <dst id="17">25539.5556</dst>
      <dst id="21">576.5778</dst>
      <dst id="15">1.0311</dst>
    </src>
    <src id="20">
      <dst id="12">1442.8444</dst>
      <dst id="13">6355.9911</dst>
      <dst id="19">424.9600</dst>
      <dst id="23">84.1244</dst>
      <dst id="8">474.4622</dst>
      <dst id="18">242.5511</dst>
      <dst id="4">578.6844</dst>
      <dst id="1">33.7867</dst>
      <dst id="5">1354.2311</dst>
      <dst id="10">76.5867</dst>
      <dst id="22">173.7956</dst>
      <dst id="7">294.1067</dst>
      <dst id="2">8214.7111</dst>
      <dst id="16">4917.1200</dst>
      <dst id="14">0.7111</dst>
      <dst id="11">19.8400</dst>
      <dst id="9">782.7644</dst>
      <dst id="17">7261.5022</dst>
      <dst id="21">168.0889</dst>
    </src>
    <src id="11">
      <dst id="12">17774.5422</dst>
      <dst id="13">3378.7822</dst>
      <dst id="19">743.2356</dst>
      <dst id="23">5.3689</dst>
      <dst id="8">506.0711</dst>
      <dst id="18">316.1244</dst>
      <dst id="4">1030.0267</dst>
      <dst id="1">4384.0000</dst>
      <dst id="5">1381.8400</dst>
      <dst id="3">1187.8044</dst>
      <dst id="10">607.3956</dst>
      <dst id="22">195.5911</dst>
      <dst id="7">526.5867</dst>
      <dst id="2">70398.7022</dst>
      <dst id="6">108.7911</dst>
      <dst id="16">9977.6889</dst>
      <dst id="14">74.8622</dst>
      <dst id="20">320.1689</dst>
      <dst id="11">1471.8667</dst>
      <dst id="9">4298.9600</dst>
      <dst id="17">647120.9422</dst>
      <dst id="21">1141.0667</dst>
      <dst id="15">241.2178</dst>
    </src>
    <src id="9">
      <dst id="12">13724.3200</dst>
      <dst id="13">2143.8667</dst>
      <dst id="19">46.5689</dst>
      <dst id="23">37.9644</dst>
      <dst id="8">74011.5111</dst>
      <dst id="18">84.7467</dst>
      <dst id="4">622.8978</dst>
      <dst id="1">6837.9733</dst>
      <dst id="5">997.6533</dst>
      <dst id="10">361.9556</dst>
      <dst id="22">66.6667</dst>
      <dst id="7">460.9511</dst>
      <dst id="2">590.6222</dst>
      <dst id="6">6.4711</dst>
      <dst id="16">492041.3244</dst>
      <dst id="14">18.2044</dst>
      <dst id="11">118.2133</dst>
      <dst id="9">296483.9022</dst>
      <dst id="17">55819.3333</dst>
      <dst id="21">3.2444</dst>
      <dst id="15">539.3511</dst>
    </src>
    <src id="17">
      <dst id="12">126764.4622</dst>
      <dst id="13">88571.5911</dst>
      <dst id="19">1443.5200</dst>
      <dst id="23">309.5467</dst>
      <dst id="8">127.2978</dst>
      <dst id="18">234.0711</dst>
      <dst id="4">7184.5067</dst>
      <dst id="1">28573.1200</dst>
      <dst id="5">154553.3333</dst>
      <dst id="3">18351.7511</dst>
      <dst id="10">904.0800</dst>
      <dst id="22">285.7956</dst>
      <dst id="7">30403.7067</dst>
      <dst id="2">11303.7067</dst>
      <dst id="6">1110.2489</dst>
      <dst id="16">62379.2533</dst>
      <dst id="14">20119.1822</dst>
      <dst id="20">939.0667</dst>
      <dst id="11">22755.2978</dst>
      <dst id="9">26479.0222</dst>
      <dst id="17">27475.0222</dst>
      <dst id="21">19908.3467</dst>
      <dst id="15">1434.2578</dst>
    </src>
    <src id="21">
      <dst id="12">1999.2178</dst>
      <dst id="13">59663.6356</dst>
      <dst id="19">451.9111</dst>
      <dst id="23">62.2044</dst>
      <dst id="8">481.4667</dst>
      <dst id="18">1152.5600</dst>
      <dst id="4">1269.3956</dst>
      <dst id="1">4858.8978</dst>
      <dst id="5">554.3022</dst>
      <dst id="3">3346.8089</dst>
      <dst id="10">561.2889</dst>
      <dst id="22">77.2978</dst>
      <dst id="7">2507.1378</dst>
      <dst id="2">37664.9511</dst>
      <dst id="6">78.0889</dst>
      <dst id="16">31748.4889</dst>
      <dst id="14">62.0356</dst>
      <dst id="20">25.3689</dst>
      <dst id="11">589.0578</dst>
      <dst id="9">1871.3689</dst>
      <dst id="17">41475.8756</dst>
      <dst id="21">2104.5778</dst>
      <dst id="15">86.0800</dst>
    </src>
    <src id="15">
      <dst id="12">249.9467</dst>
      <dst id="13">270.3911</dst>
      <dst id="19">51.5556</dst>
      <dst id="8">33.8578</dst>
      <dst id="18">5.0756</dst>
      <dst id="4">24.7822</dst>
      <dst id="1">488.2222</dst>
      <dst id="5">91.8933</dst>
      <dst id="10">44.7733</dst>
      <dst id="7">28.6400</dst>
      <dst id="2">354.3022</dst>
      <dst id="6">0.4267</dst>
      <dst id="16">753.4756</dst>
      <dst id="11">13.6889</dst>
      <dst id="9">1993.3511</dst>
      <dst id="17">324.2756</dst>
      <dst id="21">3.8756</dst>
    </src>
  </IntraTM>
</TrafficMatrixFile>
