<?xml version="1.0" encoding="UTF-8" standalone="yes"?>
<TrafficMatrixFile xmlns:xsi="http://www.w3.org/2001/XMLSchema-instance" xsi:noNamespaceSchemaLocation="http://totem.run.montefiore.ulg.ac.be/Schema/TrafficMatrix-v1_2.xsd">
  <info>
    <title>Intradomain traffic matrix generated by geant-TM-all.pl</title>
    <date>2005-03-09T02:45:00</date>
    <duration>900</duration>
    <author>Steve Uhlig</author>
    <units>
        <unit type="bandwidth" value="kbps"/>
    </units>
  </info>
  <IntraTM ASID="20965">
    <src id="12">
      <dst id="12">173710.5244</dst>
      <dst id="13">29949.4044</dst>
      <dst id="19">4980.2222</dst>
      <dst id="23">3222.1422</dst>
      <dst id="8">1631.8311</dst>
      <dst id="18">66851.1200</dst>
      <dst id="4">10966.8889</dst>
      <dst id="1">19695.2267</dst>
      <dst id="5">1937.1911</dst>
      <dst id="3">52.6933</dst>
      <dst id="10">63137.1022</dst>
      <dst id="22">9346.5511</dst>
      <dst id="7">7017.3067</dst>
      <dst id="2">24494.5244</dst>
      <dst id="6">1.5200</dst>
      <dst id="16">4158.7378</dst>
      <dst id="14">246.3822</dst>
      <dst id="20">4764.7200</dst>
      <dst id="11">33.2267</dst>
      <dst id="9">3126.3556</dst>
      <dst id="17">67228.4711</dst>
      <dst id="21">988.1511</dst>
      <dst id="15">3027.5644</dst>
    </src>
    <src id="13">
      <dst id="12">42714.0622</dst>
      <dst id="19">4560.1867</dst>
      <dst id="23">824.8267</dst>
      <dst id="8">1510.6667</dst>
      <dst id="18">1827.4044</dst>
      <dst id="1">1585.1022</dst>
      <dst id="5">18963.8933</dst>
      <dst id="3">227.3511</dst>
      <dst id="22">11681.6800</dst>
      <dst id="7">8074.4000</dst>
      <dst id="2">34742.8800</dst>
      <dst id="6">740.7022</dst>
      <dst id="16">3619.4044</dst>
      <dst id="14">2512.9156</dst>
      <dst id="20">25285.8222</dst>
      <dst id="11">209.1111</dst>
      <dst id="9">19183.2533</dst>
      <dst id="17">57121.8311</dst>
      <dst id="21">5448.2578</dst>
      <dst id="15">278.1333</dst>
    </src>
    <src id="19">
      <dst id="12">15731.5022</dst>
      <dst id="13">412.0711</dst>
      <dst id="23">114.2044</dst>
      <dst id="8">0.3556</dst>
      <dst id="18">308.0533</dst>
      <dst id="4">17359.7778</dst>
      <dst id="1">122.5689</dst>
      <dst id="5">15.4400</dst>
      <dst id="3">47.6800</dst>
      <dst id="10">1207.4489</dst>
      <dst id="22">59.7600</dst>
      <dst id="7">4376.2933</dst>
      <dst id="2">285.7867</dst>
      <dst id="16">6340.3822</dst>
      <dst id="14">32.0533</dst>
      <dst id="20">4.4089</dst>
      <dst id="11">1.1467</dst>
      <dst id="9">156.1511</dst>
      <dst id="17">1178.8978</dst>
      <dst id="21">266.2133</dst>
      <dst id="15">0.9333</dst>
    </src>
    <src id="23">
      <dst id="12">2709.5289</dst>
      <dst id="13">192.7378</dst>
      <dst id="19">64.1778</dst>
      <dst id="18">18.9156</dst>
      <dst id="4">267.6533</dst>
      <dst id="1">180.5600</dst>
      <dst id="10">323.7689</dst>
      <dst id="22">13.3333</dst>
      <dst id="7">60.3200</dst>
      <dst id="2">531.5733</dst>
      <dst id="16">874.4356</dst>
      <dst id="20">970.6667</dst>
      <dst id="11">12.6222</dst>
      <dst id="9">4.0444</dst>
      <dst id="17">31202.4800</dst>
      <dst id="21">0.5867</dst>
      <dst id="15">15.0044</dst>
    </src>
    <src id="8">
      <dst id="12">14143.3600</dst>
      <dst id="13">482.3200</dst>
      <dst id="19">0.4711</dst>
      <dst id="18">45.9733</dst>
      <dst id="4">838.9956</dst>
      <dst id="1">3791.2444</dst>
      <dst id="5">1014.5600</dst>
      <dst id="3">259.4222</dst>
      <dst id="10">2627.1200</dst>
      <dst id="22">257.8756</dst>
      <dst id="7">107.1289</dst>
      <dst id="2">129.4844</dst>
      <dst id="16">114178.5067</dst>
      <dst id="11">38.3111</dst>
      <dst id="9">118780.1867</dst>
      <dst id="17">253667.1467</dst>
      <dst id="21">13.3333</dst>
      <dst id="15">51.9022</dst>
    </src>
    <src id="18">
      <dst id="12">106566.1244</dst>
      <dst id="13">194.0000</dst>
      <dst id="19">17.0667</dst>
      <dst id="23">3.0844</dst>
      <dst id="8">208.8889</dst>
      <dst id="4">52.8356</dst>
      <dst id="1">9937.8844</dst>
      <dst id="5">74.3467</dst>
      <dst id="3">538.5867</dst>
      <dst id="10">357.9467</dst>
      <dst id="22">166.0178</dst>
      <dst id="7">29.5733</dst>
      <dst id="2">18555.3956</dst>
      <dst id="16">482.8089</dst>
      <dst id="14">1.3600</dst>
      <dst id="20">1.0311</dst>
      <dst id="9">2419.3333</dst>
      <dst id="17">31894.4356</dst>
      <dst id="21">213.4400</dst>
      <dst id="15">1.2089</dst>
    </src>
    <src id="4">
      <dst id="12">8933.4844</dst>
      <dst id="19">4049.6178</dst>
      <dst id="23">560.0356</dst>
      <dst id="8">151.7956</dst>
      <dst id="18">156.3200</dst>
      <dst id="4">33.7600</dst>
      <dst id="1">8019.0667</dst>
      <dst id="5">1972.9244</dst>
      <dst id="3">145.2711</dst>
      <dst id="22">1520.4711</dst>
      <dst id="7">114208.2133</dst>
      <dst id="2">37725.4400</dst>
      <dst id="6">31.0044</dst>
      <dst id="16">783.6533</dst>
      <dst id="14">3000.5689</dst>
      <dst id="11">132.1156</dst>
      <dst id="9">3048.3200</dst>
      <dst id="17">27071.6800</dst>
      <dst id="21">1205.7067</dst>
      <dst id="15">331.6089</dst>
    </src>
    <src id="1">
      <dst id="12">19229.1378</dst>
      <dst id="13">2241.9200</dst>
      <dst id="19">1193.6711</dst>
      <dst id="23">32.0356</dst>
      <dst id="8">75.8844</dst>
      <dst id="18">11093.3511</dst>
      <dst id="4">2147.0400</dst>
      <dst id="1">3343.9911</dst>
      <dst id="5">139.2178</dst>
      <dst id="3">4.4711</dst>
      <dst id="10">2010.7733</dst>
      <dst id="22">3300.2933</dst>
      <dst id="7">1898.1956</dst>
      <dst id="2">8088.6311</dst>
      <dst id="6">43.1911</dst>
      <dst id="16">13655.6267</dst>
      <dst id="14">127.3244</dst>
      <dst id="20">241.3244</dst>
      <dst id="11">150.5067</dst>
      <dst id="9">437.2000</dst>
      <dst id="17">83376.3822</dst>
      <dst id="21">684890.3289</dst>
      <dst id="15">200.2400</dst>
    </src>
    <src id="5">
      <dst id="12">14342.6489</dst>
      <dst id="13">1631.0844</dst>
      <dst id="19">53.6889</dst>
      <dst id="8">116.3644</dst>
      <dst id="18">128.0978</dst>
      <dst id="4">507.8756</dst>
      <dst id="1">32164.8267</dst>
      <dst id="3">346.3467</dst>
      <dst id="10">1242.6311</dst>
      <dst id="22">2825.4933</dst>
      <dst id="7">670.1422</dst>
      <dst id="2">150.9511</dst>
      <dst id="6">14.9156</dst>
      <dst id="16">139058.2756</dst>
      <dst id="14">7.2978</dst>
      <dst id="11">0.3556</dst>
      <dst id="9">56298.5333</dst>
      <dst id="17">276823.1733</dst>
      <dst id="15">18.9956</dst>
    </src>
    <src id="3">
      <dst id="12">8408.9778</dst>
      <dst id="13">1510.3556</dst>
      <dst id="19">609.5911</dst>
      <dst id="23">15.2711</dst>
      <dst id="8">61.6711</dst>
      <dst id="18">6311.9911</dst>
      <dst id="4">21551.7333</dst>
      <dst id="1">3039.0844</dst>
      <dst id="5">867.3244</dst>
      <dst id="3">1346.0622</dst>
      <dst id="10">3458.2578</dst>
      <dst id="22">27.1644</dst>
      <dst id="7">353.3778</dst>
      <dst id="2">2036.7111</dst>
      <dst id="6">2.8622</dst>
      <dst id="16">701.1289</dst>
      <dst id="14">252.9778</dst>
      <dst id="20">172.5333</dst>
      <dst id="11">124.5244</dst>
      <dst id="9">292.9422</dst>
      <dst id="17">54330.9156</dst>
      <dst id="21">749.1378</dst>
      <dst id="15">42.5244</dst>
    </src>
    <src id="10">
      <dst id="12">25767.9556</dst>
      <dst id="19">555.9022</dst>
      <dst id="23">8452.9689</dst>
      <dst id="8">1452.1867</dst>
      <dst id="18">4847.0756</dst>
      <dst id="1">672.0000</dst>
      <dst id="5">409.5022</dst>
      <dst id="3">1292.6489</dst>
      <dst id="22">1394.4444</dst>
      <dst id="7">10113.4044</dst>
      <dst id="2">21140.1689</dst>
      <dst id="6">14.2133</dst>
      <dst id="16">3950.5067</dst>
      <dst id="14">692.7733</dst>
      <dst id="20">3824.1156</dst>
      <dst id="11">36.9333</dst>
      <dst id="9">2714.0889</dst>
      <dst id="17">27972.4000</dst>
      <dst id="21">14880.8533</dst>
      <dst id="15">81.0667</dst>
    </src>
    <src id="22">
      <dst id="12">9494.8267</dst>
      <dst id="13">5076.0000</dst>
      <dst id="19">82.3644</dst>
      <dst id="23">147.1111</dst>
      <dst id="8">117.7689</dst>
      <dst id="18">81.1022</dst>
      <dst id="4">3751.7156</dst>
      <dst id="1">172.2578</dst>
      <dst id="5">1783.1200</dst>
      <dst id="3">64.2667</dst>
      <dst id="10">1763.2533</dst>
      <dst id="7">275.2089</dst>
      <dst id="2">422.4533</dst>
      <dst id="6">30.7733</dst>
      <dst id="14">63.1733</dst>
      <dst id="11">17.3689</dst>
      <dst id="9">528.1067</dst>
      <dst id="17">4934.0000</dst>
      <dst id="21">325.4489</dst>
    </src>
    <src id="7">
      <dst id="12">5140.7733</dst>
      <dst id="13">198.3200</dst>
      <dst id="19">436.9333</dst>
      <dst id="23">33.2800</dst>
      <dst id="8">59.4400</dst>
      <dst id="18">516.2756</dst>
      <dst id="4">21117.2356</dst>
      <dst id="1">6766.3556</dst>
      <dst id="5">1468.7200</dst>
      <dst id="3">262.8800</dst>
      <dst id="10">4012.7378</dst>
      <dst id="22">1594.8444</dst>
      <dst id="7">840.5422</dst>
      <dst id="2">6738.2578</dst>
      <dst id="6">66.4444</dst>
      <dst id="16">790.5511</dst>
      <dst id="14">354.0178</dst>
      <dst id="20">1760.7289</dst>
      <dst id="11">81.8044</dst>
      <dst id="9">473.9289</dst>
      <dst id="17">10657.8489</dst>
      <dst id="21">6573.0933</dst>
      <dst id="15">71.2267</dst>
    </src>
    <src id="2">
      <dst id="12">58951.2533</dst>
      <dst id="13">4131.3244</dst>
      <dst id="19">408.4889</dst>
      <dst id="23">1.9911</dst>
      <dst id="8">17.3778</dst>
      <dst id="18">45521.9200</dst>
      <dst id="4">20213.8400</dst>
      <dst id="1">8049.7067</dst>
      <dst id="5">627.0489</dst>
      <dst id="3">35.8044</dst>
      <dst id="10">14300.1778</dst>
      <dst id="22">204.0356</dst>
      <dst id="7">6609.1022</dst>
      <dst id="2">770.1067</dst>
      <dst id="6">31961.4044</dst>
      <dst id="16">328.6933</dst>
      <dst id="14">514.9689</dst>
      <dst id="20">67.5111</dst>
      <dst id="11">154.8356</dst>
      <dst id="9">454.9333</dst>
      <dst id="17">37445.4044</dst>
      <dst id="21">2773.4400</dst>
      <dst id="15">119.6889</dst>
    </src>
    <src id="6">
      <dst id="12">1937.7333</dst>
      <dst id="13">27.4489</dst>
      <dst id="19">9.0489</dst>
      <dst id="23">0.3378</dst>
      <dst id="4">11.6000</dst>
      <dst id="1">3088.8000</dst>
      <dst id="5">0.3911</dst>
      <dst id="3">14.7022</dst>
      <dst id="10">500.4978</dst>
      <dst id="22">36.8711</dst>
      <dst id="7">27.9289</dst>
      <dst id="2">1333.5733</dst>
      <dst id="16">26.9689</dst>
      <dst id="20">0.3378</dst>
      <dst id="11">0.3911</dst>
      <dst id="9">97.2800</dst>
      <dst id="17">20142.3378</dst>
      <dst id="21">16.9778</dst>
      <dst id="15">13.2622</dst>
    </src>
    <src id="16">
      <dst id="12">99206.1600</dst>
      <dst id="13">1842.7022</dst>
      <dst id="19">4523.8133</dst>
      <dst id="23">21.5022</dst>
      <dst id="8">129391.7689</dst>
      <dst id="18">14.2756</dst>
      <dst id="4">2360.6756</dst>
      <dst id="1">28841.0400</dst>
      <dst id="5">238146.7556</dst>
      <dst id="3">7316.8356</dst>
      <dst id="10">3759.6978</dst>
      <dst id="7">56.4889</dst>
      <dst id="2">547.2800</dst>
      <dst id="6">106.0889</dst>
      <dst id="16">172.0622</dst>
      <dst id="14">57240.1600</dst>
      <dst id="11">13739.7156</dst>
      <dst id="9">94517.7511</dst>
      <dst id="17">15554.3289</dst>
    </src>
    <src id="14">
      <dst id="12">2476.4800</dst>
      <dst id="13">98.4089</dst>
      <dst id="19">33.5822</dst>
      <dst id="23">0.4622</dst>
      <dst id="8">2.4533</dst>
      <dst id="18">3.1200</dst>
      <dst id="4">398.0533</dst>
      <dst id="1">4272.1956</dst>
      <dst id="5">14.0444</dst>
      <dst id="3">856.6400</dst>
      <dst id="10">1323.0933</dst>
      <dst id="22">13.0844</dst>
      <dst id="7">67.9378</dst>
      <dst id="2">3423.7956</dst>
      <dst id="16">1296.7378</dst>
      <dst id="20">0.6044</dst>
      <dst id="9">295.8489</dst>
      <dst id="17">41406.9689</dst>
      <dst id="21">205.7333</dst>
    </src>
    <src id="20">
      <dst id="12">13236.5244</dst>
      <dst id="13">521.4844</dst>
      <dst id="19">196.6933</dst>
      <dst id="23">31.3600</dst>
      <dst id="8">235.3600</dst>
      <dst id="18">17.1111</dst>
      <dst id="4">2632.8800</dst>
      <dst id="1">75.5911</dst>
      <dst id="5">5212.6933</dst>
      <dst id="3">1.7778</dst>
      <dst id="10">636.6222</dst>
      <dst id="7">552.8622</dst>
      <dst id="2">1766.5600</dst>
      <dst id="14">1.5378</dst>
      <dst id="20">59.0400</dst>
      <dst id="11">13.7600</dst>
      <dst id="9">2011.0311</dst>
      <dst id="17">4177.6800</dst>
      <dst id="21">34.3467</dst>
    </src>
    <src id="11">
      <dst id="12">36205.3156</dst>
      <dst id="13">3074.5778</dst>
      <dst id="19">155.2533</dst>
      <dst id="23">20.6400</dst>
      <dst id="8">134.6400</dst>
      <dst id="18">342.7022</dst>
      <dst id="4">3788.2133</dst>
      <dst id="1">42295.0578</dst>
      <dst id="5">636.8267</dst>
      <dst id="3">630.6133</dst>
      <dst id="10">6212.6844</dst>
      <dst id="22">2216.6489</dst>
      <dst id="7">312.2311</dst>
      <dst id="2">58946.3200</dst>
      <dst id="6">1.5289</dst>
      <dst id="16">20510.6222</dst>
      <dst id="14">783.6444</dst>
      <dst id="20">182.8533</dst>
      <dst id="11">1136.2578</dst>
      <dst id="9">5352.2400</dst>
      <dst id="17">645973.7422</dst>
      <dst id="21">221.6089</dst>
      <dst id="15">5484.5156</dst>
    </src>
    <src id="9">
      <dst id="12">10958.7022</dst>
      <dst id="13">862.7289</dst>
      <dst id="19">3121.6089</dst>
      <dst id="23">0.8178</dst>
      <dst id="8">85043.0400</dst>
      <dst id="18">294.2756</dst>
      <dst id="4">3715.6800</dst>
      <dst id="1">2938.5067</dst>
      <dst id="5">1978.7022</dst>
      <dst id="3">337.9467</dst>
      <dst id="10">10302.4178</dst>
      <dst id="22">1667.5911</dst>
      <dst id="7">193.9200</dst>
      <dst id="2">226.5600</dst>
      <dst id="16">115150.7644</dst>
      <dst id="14">1.1644</dst>
      <dst id="11">14.1511</dst>
      <dst id="9">140925.0578</dst>
      <dst id="17">183024.3733</dst>
      <dst id="15">3053.0133</dst>
    </src>
    <src id="17">
      <dst id="12">94718.5422</dst>
      <dst id="13">9876.5689</dst>
      <dst id="19">676.6578</dst>
      <dst id="23">139.1733</dst>
      <dst id="8">7027.4133</dst>
      <dst id="18">1348.8444</dst>
      <dst id="4">21301.9556</dst>
      <dst id="1">10612.7467</dst>
      <dst id="5">162241.4489</dst>
      <dst id="3">4500.4000</dst>
      <dst id="10">43288.3644</dst>
      <dst id="22">8035.6889</dst>
      <dst id="7">2278.7289</dst>
      <dst id="2">7963.6622</dst>
      <dst id="6">152.1333</dst>
      <dst id="16">3110.4800</dst>
      <dst id="14">26183.0844</dst>
      <dst id="20">2502.5333</dst>
      <dst id="11">10992.1956</dst>
      <dst id="9">2782.7822</dst>
      <dst id="17">27213.8489</dst>
      <dst id="21">867.6178</dst>
      <dst id="15">599.0667</dst>
    </src>
    <src id="21">
      <dst id="12">3598.0267</dst>
      <dst id="13">5025.7422</dst>
      <dst id="19">1041.8044</dst>
      <dst id="23">5.8933</dst>
      <dst id="8">129.5289</dst>
      <dst id="18">3436.2311</dst>
      <dst id="4">5902.8622</dst>
      <dst id="1">12203.0044</dst>
      <dst id="5">419.1467</dst>
      <dst id="3">658.0711</dst>
      <dst id="10">4454.9333</dst>
      <dst id="22">482.4889</dst>
      <dst id="7">810.4889</dst>
      <dst id="2">4201.9911</dst>
      <dst id="6">1.7422</dst>
      <dst id="16">475.6978</dst>
      <dst id="14">186.2844</dst>
      <dst id="20">137.1378</dst>
      <dst id="11">33.2533</dst>
      <dst id="9">393.2533</dst>
      <dst id="17">19815.9556</dst>
      <dst id="21">244.3467</dst>
      <dst id="15">340.7556</dst>
    </src>
    <src id="15">
      <dst id="12">983.6978</dst>
      <dst id="13">598.2844</dst>
      <dst id="19">0.3556</dst>
      <dst id="23">0.5689</dst>
      <dst id="8">54.4444</dst>
      <dst id="4">58.3556</dst>
      <dst id="1">39.3689</dst>
      <dst id="5">164.5244</dst>
      <dst id="10">279.1022</dst>
      <dst id="7">4.5956</dst>
      <dst id="2">36.5600</dst>
      <dst id="6">0.4622</dst>
      <dst id="16">0.5600</dst>
      <dst id="14">14.7111</dst>
      <dst id="9">1122.5244</dst>
      <dst id="17">3662.8622</dst>
    </src>
  </IntraTM>
</TrafficMatrixFile>
