<?xml version="1.0" encoding="UTF-8" standalone="yes"?>
<TrafficMatrixFile xmlns:xsi="http://www.w3.org/2001/XMLSchema-instance" xsi:noNamespaceSchemaLocation="http://totem.run.montefiore.ulg.ac.be/Schema/TrafficMatrix-v1_2.xsd">
  <info>
    <title>Intradomain traffic matrix generated by geant-TM-all.pl</title>
    <date>2005-03-11T23:00:00</date>
    <duration>900</duration>
    <author>Steve Uhlig</author>
    <units>
        <unit type="bandwidth" value="kbps"/>
    </units>
  </info>
  <IntraTM ASID="20965">
    <src id="12">
      <dst id="12">243065.3067</dst>
      <dst id="13">37640.1333</dst>
      <dst id="19">2441.2711</dst>
      <dst id="23">14421.7600</dst>
      <dst id="8">1032.5511</dst>
      <dst id="18">209312.4622</dst>
      <dst id="4">10956.8089</dst>
      <dst id="1">24467.2178</dst>
      <dst id="5">1854.0356</dst>
      <dst id="3">3357.2800</dst>
      <dst id="10">29091.2089</dst>
      <dst id="22">5242.2400</dst>
      <dst id="7">18618.5778</dst>
      <dst id="2">54913.4933</dst>
      <dst id="6">5741.7422</dst>
      <dst id="16">732.3378</dst>
      <dst id="14">1086.7733</dst>
      <dst id="20">4100.9511</dst>
      <dst id="11">134.8089</dst>
      <dst id="9">8226.1778</dst>
      <dst id="17">100083.4756</dst>
      <dst id="21">7317.8489</dst>
      <dst id="15">4852.0000</dst>
    </src>
    <src id="13">
      <dst id="12">67203.7600</dst>
      <dst id="19">10662.9511</dst>
      <dst id="23">1497.0844</dst>
      <dst id="8">3651.4667</dst>
      <dst id="18">6275.9200</dst>
      <dst id="1">11196.3111</dst>
      <dst id="5">15601.2267</dst>
      <dst id="3">6684.2400</dst>
      <dst id="22">32193.2356</dst>
      <dst id="7">28380.9778</dst>
      <dst id="2">56473.6356</dst>
      <dst id="6">596.2222</dst>
      <dst id="16">38.1511</dst>
      <dst id="14">5348.2933</dst>
      <dst id="20">13338.7556</dst>
      <dst id="11">4263.9911</dst>
      <dst id="9">10054.5156</dst>
      <dst id="17">139794.1333</dst>
      <dst id="21">18146.6489</dst>
      <dst id="15">3517.9911</dst>
    </src>
    <src id="19">
      <dst id="12">11509.4133</dst>
      <dst id="13">5344.5067</dst>
      <dst id="23">820.5156</dst>
      <dst id="8">57.6533</dst>
      <dst id="18">31.2178</dst>
      <dst id="4">18630.8000</dst>
      <dst id="1">389.4133</dst>
      <dst id="5">36.0178</dst>
      <dst id="3">14.3289</dst>
      <dst id="10">1250.9956</dst>
      <dst id="22">116.2311</dst>
      <dst id="7">12244.6933</dst>
      <dst id="2">1437.0756</dst>
      <dst id="6">322.2933</dst>
      <dst id="16">0.4622</dst>
      <dst id="14">2.0178</dst>
      <dst id="20">21081.0667</dst>
      <dst id="11">146.8178</dst>
      <dst id="9">207.0933</dst>
      <dst id="17">5451.9644</dst>
      <dst id="21">2102.2311</dst>
      <dst id="15">1.6000</dst>
    </src>
    <src id="23">
      <dst id="12">12986.6844</dst>
      <dst id="13">246.8089</dst>
      <dst id="19">493.3244</dst>
      <dst id="8">29.5111</dst>
      <dst id="18">220.4444</dst>
      <dst id="4">628.8978</dst>
      <dst id="1">823.4311</dst>
      <dst id="5">240.3556</dst>
      <dst id="3">223.2978</dst>
      <dst id="10">481.5733</dst>
      <dst id="22">877.3600</dst>
      <dst id="7">421.6178</dst>
      <dst id="2">1532.9778</dst>
      <dst id="6">1.8844</dst>
      <dst id="16">481.0133</dst>
      <dst id="14">85.1200</dst>
      <dst id="20">141.9733</dst>
      <dst id="11">25.2444</dst>
      <dst id="9">190.7378</dst>
      <dst id="17">47801.3067</dst>
      <dst id="21">812.3733</dst>
      <dst id="15">1.8489</dst>
    </src>
    <src id="8">
      <dst id="12">16176.6578</dst>
      <dst id="13">1034.4000</dst>
      <dst id="19">28.5422</dst>
      <dst id="18">54.3644</dst>
      <dst id="4">632.6756</dst>
      <dst id="1">4704.5067</dst>
      <dst id="5">4545.6978</dst>
      <dst id="3">53.5467</dst>
      <dst id="10">1104.3822</dst>
      <dst id="7">253.9556</dst>
      <dst id="2">2860.8178</dst>
      <dst id="16">139051.4667</dst>
      <dst id="14">70.7289</dst>
      <dst id="11">1.1733</dst>
      <dst id="9">152702.5600</dst>
      <dst id="17">306538.3822</dst>
      <dst id="21">139.6533</dst>
      <dst id="15">716.1778</dst>
    </src>
    <src id="18">
      <dst id="12">142530.6133</dst>
      <dst id="13">631.9733</dst>
      <dst id="19">0.4711</dst>
      <dst id="23">40.7733</dst>
      <dst id="8">91.8578</dst>
      <dst id="4">495.3244</dst>
      <dst id="1">12065.0933</dst>
      <dst id="5">1769.9733</dst>
      <dst id="3">747.3333</dst>
      <dst id="10">343.1822</dst>
      <dst id="22">506.4889</dst>
      <dst id="7">431.5022</dst>
      <dst id="2">34333.2267</dst>
      <dst id="16">967.8578</dst>
      <dst id="20">122.7556</dst>
      <dst id="11">13.0489</dst>
      <dst id="9">544.9600</dst>
      <dst id="17">46152.1156</dst>
      <dst id="21">839.0044</dst>
      <dst id="15">104.4978</dst>
    </src>
    <src id="4">
      <dst id="12">9525.8844</dst>
      <dst id="19">4689.8844</dst>
      <dst id="23">697.4400</dst>
      <dst id="8">1934.8533</dst>
      <dst id="18">3514.0178</dst>
      <dst id="4">3095.5911</dst>
      <dst id="1">79983.8933</dst>
      <dst id="5">1215.9289</dst>
      <dst id="3">3172.0089</dst>
      <dst id="7">26078.9778</dst>
      <dst id="2">56829.1022</dst>
      <dst id="6">195.4756</dst>
      <dst id="16">2964.0178</dst>
      <dst id="14">2964.6933</dst>
      <dst id="11">197.6711</dst>
      <dst id="9">10732.9867</dst>
      <dst id="17">104890.2222</dst>
      <dst id="21">2070.2756</dst>
      <dst id="15">1308.2311</dst>
    </src>
    <src id="1">
      <dst id="12">635532.8800</dst>
      <dst id="13">1803.0222</dst>
      <dst id="19">1724.2311</dst>
      <dst id="23">42.7289</dst>
      <dst id="8">263.8933</dst>
      <dst id="18">14035.5556</dst>
      <dst id="4">495423.7067</dst>
      <dst id="1">519080.2578</dst>
      <dst id="5">268.0000</dst>
      <dst id="3">3908.1867</dst>
      <dst id="10">2200.3733</dst>
      <dst id="7">37793.1378</dst>
      <dst id="2">127891.0844</dst>
      <dst id="6">1.1556</dst>
      <dst id="16">7748.5067</dst>
      <dst id="14">355.5911</dst>
      <dst id="20">516.7467</dst>
      <dst id="11">82.3111</dst>
      <dst id="9">4349.4933</dst>
      <dst id="17">127360.1422</dst>
      <dst id="21">589223.0044</dst>
      <dst id="15">1606.5067</dst>
    </src>
    <src id="5">
      <dst id="12">24806.4533</dst>
      <dst id="13">1969.5378</dst>
      <dst id="19">163.1289</dst>
      <dst id="23">1.0667</dst>
      <dst id="8">4593.4933</dst>
      <dst id="18">834.4533</dst>
      <dst id="4">2532.9156</dst>
      <dst id="1">36651.0400</dst>
      <dst id="3">79.6800</dst>
      <dst id="10">8925.8933</dst>
      <dst id="7">522.1333</dst>
      <dst id="2">881.5822</dst>
      <dst id="6">20.7289</dst>
      <dst id="16">148229.5200</dst>
      <dst id="14">13.3333</dst>
      <dst id="11">110.9422</dst>
      <dst id="9">68050.8178</dst>
      <dst id="17">260206.3022</dst>
      <dst id="21">29.0578</dst>
      <dst id="15">731.7422</dst>
    </src>
    <src id="3">
      <dst id="12">12591.0489</dst>
      <dst id="13">2240.1511</dst>
      <dst id="19">1390.2489</dst>
      <dst id="23">132.3733</dst>
      <dst id="8">341.7333</dst>
      <dst id="18">227.2533</dst>
      <dst id="4">55577.7333</dst>
      <dst id="1">11377.7244</dst>
      <dst id="5">1008.6578</dst>
      <dst id="3">131.6000</dst>
      <dst id="10">4074.1067</dst>
      <dst id="7">68891.3511</dst>
      <dst id="2">7689.3511</dst>
      <dst id="6">72.1600</dst>
      <dst id="16">3405.3956</dst>
      <dst id="14">240.1511</dst>
      <dst id="20">1536.5778</dst>
      <dst id="11">176.6844</dst>
      <dst id="9">2462.5333</dst>
      <dst id="17">41779.5911</dst>
      <dst id="21">3007.3156</dst>
      <dst id="15">200.8889</dst>
    </src>
    <src id="10">
      <dst id="12">29507.9378</dst>
      <dst id="19">2312.3644</dst>
      <dst id="23">1439.8222</dst>
      <dst id="8">2076.1511</dst>
      <dst id="18">1798.6400</dst>
      <dst id="1">4755.6978</dst>
      <dst id="5">1229.5289</dst>
      <dst id="3">888.8622</dst>
      <dst id="7">18412.8178</dst>
      <dst id="2">26715.0311</dst>
      <dst id="6">105.7156</dst>
      <dst id="16">5672.7467</dst>
      <dst id="14">4975.4933</dst>
      <dst id="20">668.8000</dst>
      <dst id="11">270.6933</dst>
      <dst id="9">8275.1733</dst>
      <dst id="17">48034.5244</dst>
      <dst id="21">9818.6311</dst>
      <dst id="15">964.1867</dst>
    </src>
    <src id="22">
      <dst id="12">10762.6844</dst>
      <dst id="13">22634.9333</dst>
      <dst id="19">2314.4800</dst>
      <dst id="23">22.5156</dst>
      <dst id="8">623.7600</dst>
      <dst id="18">2919.0133</dst>
      <dst id="4">4041.3156</dst>
      <dst id="1">1719.2356</dst>
      <dst id="5">1596.8622</dst>
      <dst id="3">95.9111</dst>
      <dst id="10">2681.5911</dst>
      <dst id="7">3509.0756</dst>
      <dst id="2">6647.2711</dst>
      <dst id="6">5.5467</dst>
      <dst id="14">16.5067</dst>
      <dst id="11">113.7689</dst>
      <dst id="9">4440.2578</dst>
      <dst id="17">10759.3778</dst>
      <dst id="21">1004.4178</dst>
    </src>
    <src id="7">
      <dst id="12">10371.0400</dst>
      <dst id="13">23832.6133</dst>
      <dst id="19">5703.7600</dst>
      <dst id="23">203.4844</dst>
      <dst id="8">335.3333</dst>
      <dst id="18">908.8711</dst>
      <dst id="4">33688.1156</dst>
      <dst id="1">21125.1556</dst>
      <dst id="5">1685.4222</dst>
      <dst id="3">2849.5911</dst>
      <dst id="10">2774.5956</dst>
      <dst id="22">2248.5778</dst>
      <dst id="7">720.1956</dst>
      <dst id="2">15250.6844</dst>
      <dst id="6">145.7867</dst>
      <dst id="14">643.9111</dst>
      <dst id="20">987.8400</dst>
      <dst id="11">283.8578</dst>
      <dst id="9">2638.4800</dst>
      <dst id="17">13978.6756</dst>
      <dst id="21">10505.2178</dst>
      <dst id="15">41.2267</dst>
    </src>
    <src id="2">
      <dst id="12">93900.9156</dst>
      <dst id="13">22549.7867</dst>
      <dst id="19">3481.7689</dst>
      <dst id="23">11.4400</dst>
      <dst id="8">682.9600</dst>
      <dst id="18">124689.7600</dst>
      <dst id="4">26404.3733</dst>
      <dst id="1">55325.4400</dst>
      <dst id="5">1168.1067</dst>
      <dst id="3">451.3422</dst>
      <dst id="10">14976.8089</dst>
      <dst id="22">2237.4489</dst>
      <dst id="7">37072.9600</dst>
      <dst id="2">2932.1333</dst>
      <dst id="6">55622.3111</dst>
      <dst id="16">199.9378</dst>
      <dst id="14">343.3067</dst>
      <dst id="20">3967.2889</dst>
      <dst id="11">1397.0044</dst>
      <dst id="9">4913.2533</dst>
      <dst id="17">102032.5333</dst>
      <dst id="21">8505.0311</dst>
      <dst id="15">1133.9111</dst>
    </src>
    <src id="6">
      <dst id="12">2499.0400</dst>
      <dst id="13">65.0489</dst>
      <dst id="19">87.1467</dst>
      <dst id="23">0.4978</dst>
      <dst id="4">35.3689</dst>
      <dst id="1">3074.1689</dst>
      <dst id="5">29.2267</dst>
      <dst id="3">37.1556</dst>
      <dst id="10">822.4889</dst>
      <dst id="22">103.9289</dst>
      <dst id="7">571.3956</dst>
      <dst id="2">1910.4444</dst>
      <dst id="16">125.0756</dst>
      <dst id="14">0.5689</dst>
      <dst id="20">0.2489</dst>
      <dst id="11">11.8222</dst>
      <dst id="9">199.9289</dst>
      <dst id="17">22826.4533</dst>
      <dst id="21">153.9556</dst>
      <dst id="15">57.6889</dst>
    </src>
    <src id="16">
      <dst id="12">305315.8756</dst>
      <dst id="13">582.9956</dst>
      <dst id="19">2866.1156</dst>
      <dst id="23">133.1733</dst>
      <dst id="8">203695.1289</dst>
      <dst id="18">113.4311</dst>
      <dst id="4">1095.2622</dst>
      <dst id="1">12764.1156</dst>
      <dst id="5">295935.8400</dst>
      <dst id="3">13632.5067</dst>
      <dst id="10">1220.3556</dst>
      <dst id="7">867.8489</dst>
      <dst id="2">1091.2622</dst>
      <dst id="6">15.6444</dst>
      <dst id="16">570.2489</dst>
      <dst id="14">82258.2311</dst>
      <dst id="11">38964.5333</dst>
      <dst id="9">331104.3467</dst>
      <dst id="17">41219.8578</dst>
    </src>
    <src id="14">
      <dst id="12">4175.3778</dst>
      <dst id="13">346.9689</dst>
      <dst id="19">20.6756</dst>
      <dst id="23">66.2578</dst>
      <dst id="8">2.4267</dst>
      <dst id="4">605.1822</dst>
      <dst id="1">5374.2133</dst>
      <dst id="3">697.3867</dst>
      <dst id="10">1419.5111</dst>
      <dst id="7">432.6667</dst>
      <dst id="2">3177.0044</dst>
      <dst id="16">1402.6400</dst>
      <dst id="20">76.1067</dst>
      <dst id="11">13.8667</dst>
      <dst id="9">406.9244</dst>
      <dst id="17">32958.1067</dst>
      <dst id="21">167.0667</dst>
      <dst id="15">0.4622</dst>
    </src>
    <src id="20">
      <dst id="12">9124.0178</dst>
      <dst id="13">12769.4578</dst>
      <dst id="19">326.0622</dst>
      <dst id="23">8.0711</dst>
      <dst id="8">288.5333</dst>
      <dst id="18">44.7289</dst>
      <dst id="4">6404.0356</dst>
      <dst id="1">335.1200</dst>
      <dst id="5">855.3778</dst>
      <dst id="3">535.1289</dst>
      <dst id="10">789.6711</dst>
      <dst id="22">0.3556</dst>
      <dst id="7">819.2978</dst>
      <dst id="2">2799.2622</dst>
      <dst id="6">0.8356</dst>
      <dst id="14">206.3022</dst>
      <dst id="20">42.1689</dst>
      <dst id="11">13.4400</dst>
      <dst id="9">4203.9733</dst>
      <dst id="17">15165.5200</dst>
      <dst id="21">242.1689</dst>
    </src>
    <src id="11">
      <dst id="12">47643.5111</dst>
      <dst id="13">2561.9644</dst>
      <dst id="19">1283.4844</dst>
      <dst id="23">93.0489</dst>
      <dst id="8">2163.9911</dst>
      <dst id="18">934.2756</dst>
      <dst id="4">4111.0933</dst>
      <dst id="1">53149.0578</dst>
      <dst id="5">3673.5022</dst>
      <dst id="3">457.6533</dst>
      <dst id="10">2318.5156</dst>
      <dst id="7">1538.7111</dst>
      <dst id="2">73846.6933</dst>
      <dst id="6">7.5556</dst>
      <dst id="16">34335.4933</dst>
      <dst id="14">614.3200</dst>
      <dst id="20">632.0089</dst>
      <dst id="11">3039.8400</dst>
      <dst id="9">6878.3911</dst>
      <dst id="17">720453.8044</dst>
      <dst id="21">1547.0133</dst>
      <dst id="15">117.1467</dst>
    </src>
    <src id="9">
      <dst id="12">22155.4133</dst>
      <dst id="13">7356.4622</dst>
      <dst id="19">104.8711</dst>
      <dst id="23">1181.6978</dst>
      <dst id="8">171245.9378</dst>
      <dst id="18">157.1822</dst>
      <dst id="4">6414.5867</dst>
      <dst id="1">12965.7244</dst>
      <dst id="5">3945.6356</dst>
      <dst id="3">109.9467</dst>
      <dst id="10">1046.8978</dst>
      <dst id="7">633.8400</dst>
      <dst id="2">1568.3022</dst>
      <dst id="6">1.5289</dst>
      <dst id="16">152099.5733</dst>
      <dst id="14">5.6000</dst>
      <dst id="11">15.4311</dst>
      <dst id="9">364087.2444</dst>
      <dst id="17">367084.2222</dst>
      <dst id="21">0.3556</dst>
      <dst id="15">148.3111</dst>
    </src>
    <src id="17">
      <dst id="12">282710.9244</dst>
      <dst id="13">8848.3467</dst>
      <dst id="19">6681.8933</dst>
      <dst id="23">209.0133</dst>
      <dst id="8">7706.9689</dst>
      <dst id="18">2713.2267</dst>
      <dst id="4">24219.8489</dst>
      <dst id="1">24672.2756</dst>
      <dst id="5">213109.1200</dst>
      <dst id="3">11445.8311</dst>
      <dst id="10">13464.9600</dst>
      <dst id="7">18413.4844</dst>
      <dst id="2">34506.1956</dst>
      <dst id="6">278.1867</dst>
      <dst id="16">16851.1289</dst>
      <dst id="14">44849.4489</dst>
      <dst id="20">6127.8844</dst>
      <dst id="11">25564.0267</dst>
      <dst id="9">12511.0933</dst>
      <dst id="17">55115.8933</dst>
      <dst id="21">19597.2178</dst>
      <dst id="15">633.8756</dst>
    </src>
    <src id="21">
      <dst id="12">12013.3333</dst>
      <dst id="13">881.0933</dst>
      <dst id="19">734.3289</dst>
      <dst id="23">98.7911</dst>
      <dst id="8">385.6622</dst>
      <dst id="18">6204.4889</dst>
      <dst id="4">10282.9867</dst>
      <dst id="1">14358.2756</dst>
      <dst id="5">1144.8711</dst>
      <dst id="3">4901.7600</dst>
      <dst id="10">3511.2267</dst>
      <dst id="7">3511.7600</dst>
      <dst id="2">13730.5778</dst>
      <dst id="6">18.2489</dst>
      <dst id="16">1732.1689</dst>
      <dst id="14">152.4978</dst>
      <dst id="20">191.1200</dst>
      <dst id="11">106.5689</dst>
      <dst id="9">2732.5956</dst>
      <dst id="17">44423.0756</dst>
      <dst id="21">4441.5111</dst>
      <dst id="15">89.3600</dst>
    </src>
    <src id="15">
      <dst id="12">2127.8578</dst>
      <dst id="13">1320.8711</dst>
      <dst id="19">16.9422</dst>
      <dst id="23">5.1111</dst>
      <dst id="8">837.1556</dst>
      <dst id="18">32.3378</dst>
      <dst id="4">462.8889</dst>
      <dst id="1">1394.0800</dst>
      <dst id="5">4749.2267</dst>
      <dst id="3">1.5733</dst>
      <dst id="10">187.8133</dst>
      <dst id="7">29.1200</dst>
      <dst id="2">3538.9778</dst>
      <dst id="6">1.1733</dst>
      <dst id="16">7.9378</dst>
      <dst id="11">13.3333</dst>
      <dst id="9">3269.2444</dst>
      <dst id="17">7825.0844</dst>
      <dst id="21">0.5600</dst>
    </src>
  </IntraTM>
</TrafficMatrixFile>
