<?xml version="1.0" encoding="UTF-8" standalone="yes"?>
<TrafficMatrixFile xmlns:xsi="http://www.w3.org/2001/XMLSchema-instance" xsi:noNamespaceSchemaLocation="http://totem.run.montefiore.ulg.ac.be/Schema/TrafficMatrix-v1_2.xsd">
  <info>
    <title>Intradomain traffic matrix generated by geant-TM-all.pl</title>
    <date>2005-04-06T17:30:00</date>
    <duration>900</duration>
    <author>Steve Uhlig</author>
    <units>
        <unit type="bandwidth" value="kbps"/>
    </units>
  </info>
  <IntraTM ASID="20965">
    <src id="12">
      <dst id="12">412131.5200</dst>
      <dst id="13">17803.3778</dst>
      <dst id="19">6377.9289</dst>
      <dst id="23">3828.5244</dst>
      <dst id="8">136.2133</dst>
      <dst id="18">57281.7156</dst>
      <dst id="4">4840.7022</dst>
      <dst id="1">19204.4444</dst>
      <dst id="5">2933.0844</dst>
      <dst id="3">968.9956</dst>
      <dst id="10">4712.0356</dst>
      <dst id="22">9569.0133</dst>
      <dst id="7">550.1600</dst>
      <dst id="2">25799.5822</dst>
      <dst id="16">3170.6044</dst>
      <dst id="14">648.6667</dst>
      <dst id="20">11229.1733</dst>
      <dst id="11">153.6000</dst>
      <dst id="9">7512.1067</dst>
      <dst id="17">66376.4978</dst>
      <dst id="21">5254.2844</dst>
      <dst id="15">344.7022</dst>
    </src>
    <src id="13">
      <dst id="12">15675.1378</dst>
      <dst id="13">4240.2222</dst>
      <dst id="19">8016.0533</dst>
      <dst id="23">46.2133</dst>
      <dst id="8">773.7867</dst>
      <dst id="18">67.2889</dst>
      <dst id="1">2293.7422</dst>
      <dst id="5">1012.1956</dst>
      <dst id="3">47.5289</dst>
      <dst id="22">5195.1733</dst>
      <dst id="7">311.0222</dst>
      <dst id="2">2718.1067</dst>
      <dst id="16">737.9200</dst>
      <dst id="14">1688.3822</dst>
      <dst id="20">957.7244</dst>
      <dst id="11">117.9289</dst>
      <dst id="9">1410.2933</dst>
      <dst id="17">7659.8133</dst>
      <dst id="21">1190.7467</dst>
      <dst id="15">912.4356</dst>
    </src>
    <src id="19">
      <dst id="12">32320.3556</dst>
      <dst id="13">1414.3822</dst>
      <dst id="23">110.5244</dst>
      <dst id="8">2.8711</dst>
      <dst id="4">1605.6800</dst>
      <dst id="1">384.7556</dst>
      <dst id="5">14.1511</dst>
      <dst id="3">14.1156</dst>
      <dst id="10">350.0800</dst>
      <dst id="22">2048.6933</dst>
      <dst id="7">2400.6400</dst>
      <dst id="2">687.6533</dst>
      <dst id="16">5294.8533</dst>
      <dst id="14">49.4489</dst>
      <dst id="20">47.1644</dst>
      <dst id="11">2.9156</dst>
      <dst id="9">74.1333</dst>
      <dst id="17">5723.0578</dst>
      <dst id="21">144.5067</dst>
      <dst id="15">3.0489</dst>
    </src>
    <src id="23">
      <dst id="12">2240.3733</dst>
      <dst id="13">5167.4667</dst>
      <dst id="19">40.8089</dst>
      <dst id="18">1.3600</dst>
      <dst id="4">146.8178</dst>
      <dst id="1">133.6089</dst>
      <dst id="10">30.4267</dst>
      <dst id="22">611.5911</dst>
      <dst id="7">23.5111</dst>
      <dst id="2">227.7600</dst>
      <dst id="16">503.3244</dst>
      <dst id="20">293.6711</dst>
      <dst id="11">79.6800</dst>
      <dst id="9">267.3778</dst>
      <dst id="17">5607.7067</dst>
      <dst id="21">330.6933</dst>
    </src>
    <src id="8">
      <dst id="12">5860.2222</dst>
      <dst id="13">272.7644</dst>
      <dst id="19">4.0089</dst>
      <dst id="4">237.2978</dst>
      <dst id="1">2009.1289</dst>
      <dst id="5">153.3956</dst>
      <dst id="3">30.4356</dst>
      <dst id="10">26.3022</dst>
      <dst id="22">0.3556</dst>
      <dst id="2">24.7111</dst>
      <dst id="16">134204.5600</dst>
      <dst id="14">0.3556</dst>
      <dst id="9">34117.0756</dst>
      <dst id="17">10894.5689</dst>
      <dst id="21">227.4844</dst>
    </src>
    <src id="18">
      <dst id="12">97174.4711</dst>
      <dst id="13">162.8889</dst>
      <dst id="19">0.4267</dst>
      <dst id="8">0.4178</dst>
      <dst id="4">32.3378</dst>
      <dst id="1">1022.2044</dst>
      <dst id="5">7.2000</dst>
      <dst id="3">915.6356</dst>
      <dst id="10">100.0622</dst>
      <dst id="22">78.9333</dst>
      <dst id="7">83.9822</dst>
      <dst id="2">7933.7244</dst>
      <dst id="16">611.4133</dst>
      <dst id="14">1.7422</dst>
      <dst id="20">0.6933</dst>
      <dst id="11">1.0578</dst>
      <dst id="9">387.4489</dst>
      <dst id="17">3811.4489</dst>
      <dst id="21">137.4311</dst>
      <dst id="15">16.2311</dst>
    </src>
    <src id="4">
      <dst id="12">34434.3289</dst>
      <dst id="13">226.9778</dst>
      <dst id="19">11311.7956</dst>
      <dst id="23">402.9600</dst>
      <dst id="8">29876.7822</dst>
      <dst id="18">1883.1911</dst>
      <dst id="4">1656.7022</dst>
      <dst id="1">129414.0889</dst>
      <dst id="5">6169.0844</dst>
      <dst id="3">40.2756</dst>
      <dst id="22">1097.3333</dst>
      <dst id="7">85.5733</dst>
      <dst id="2">40831.7956</dst>
      <dst id="16">129605.4844</dst>
      <dst id="14">16684.3200</dst>
      <dst id="11">557.0489</dst>
      <dst id="9">24755.4044</dst>
      <dst id="17">109291.8044</dst>
      <dst id="21">23089.2889</dst>
      <dst id="15">2420.0356</dst>
    </src>
    <src id="1">
      <dst id="12">465570.9156</dst>
      <dst id="13">3783.9556</dst>
      <dst id="19">2860.8622</dst>
      <dst id="23">97.9111</dst>
      <dst id="8">0.4622</dst>
      <dst id="18">12135.2356</dst>
      <dst id="4">650.8889</dst>
      <dst id="1">54348.1067</dst>
      <dst id="5">490.0533</dst>
      <dst id="3">551.6444</dst>
      <dst id="10">637.7067</dst>
      <dst id="22">95.9644</dst>
      <dst id="7">899.3156</dst>
      <dst id="2">6553.1911</dst>
      <dst id="16">174266.6578</dst>
      <dst id="14">4398.7644</dst>
      <dst id="20">457.0044</dst>
      <dst id="11">126.5156</dst>
      <dst id="9">1234.4800</dst>
      <dst id="17">677837.9556</dst>
      <dst id="21">4824.4800</dst>
      <dst id="15">103.1289</dst>
    </src>
    <src id="5">
      <dst id="12">10896.0711</dst>
      <dst id="13">1134.1778</dst>
      <dst id="19">102.9333</dst>
      <dst id="8">600.5156</dst>
      <dst id="18">150.2844</dst>
      <dst id="4">319.0489</dst>
      <dst id="1">3148.3911</dst>
      <dst id="3">391.5556</dst>
      <dst id="10">302.8622</dst>
      <dst id="22">26.4089</dst>
      <dst id="2">389.3778</dst>
      <dst id="16">272526.8267</dst>
      <dst id="14">88.8800</dst>
      <dst id="11">13.6533</dst>
      <dst id="9">39963.0844</dst>
      <dst id="17">25899.9289</dst>
      <dst id="21">29.6622</dst>
      <dst id="15">271.5556</dst>
    </src>
    <src id="3">
      <dst id="12">6168.3289</dst>
      <dst id="13">22468.4267</dst>
      <dst id="19">1300.8267</dst>
      <dst id="23">124.2844</dst>
      <dst id="8">330.0800</dst>
      <dst id="18">94.8444</dst>
      <dst id="4">955.3333</dst>
      <dst id="1">49789.9911</dst>
      <dst id="5">257.4400</dst>
      <dst id="3">291.4844</dst>
      <dst id="10">1258.5689</dst>
      <dst id="22">18.1422</dst>
      <dst id="7">364.3289</dst>
      <dst id="2">3917.8667</dst>
      <dst id="16">8580.0000</dst>
      <dst id="14">3004.9156</dst>
      <dst id="20">85.3156</dst>
      <dst id="11">419.2533</dst>
      <dst id="9">898.4889</dst>
      <dst id="17">51410.6933</dst>
      <dst id="21">920.7378</dst>
      <dst id="15">145.2711</dst>
    </src>
    <src id="10">
      <dst id="12">11194.7556</dst>
      <dst id="13">1.0667</dst>
      <dst id="19">4459.8222</dst>
      <dst id="23">5012.0178</dst>
      <dst id="8">89.7156</dst>
      <dst id="18">1028.7822</dst>
      <dst id="1">2543.9200</dst>
      <dst id="5">2551.9200</dst>
      <dst id="3">2066.0444</dst>
      <dst id="22">19.4933</dst>
      <dst id="7">1.6533</dst>
      <dst id="2">8478.2933</dst>
      <dst id="16">83355.6978</dst>
      <dst id="14">3097.2533</dst>
      <dst id="20">2801.9733</dst>
      <dst id="11">452.7822</dst>
      <dst id="9">2814.9244</dst>
      <dst id="17">45974.1333</dst>
      <dst id="21">5893.1289</dst>
      <dst id="15">119.0222</dst>
    </src>
    <src id="22">
      <dst id="12">8890.8711</dst>
      <dst id="13">3961.5733</dst>
      <dst id="19">358.4089</dst>
      <dst id="23">17.5822</dst>
      <dst id="8">183.2444</dst>
      <dst id="18">35.1022</dst>
      <dst id="4">1382.3111</dst>
      <dst id="1">1175.7778</dst>
      <dst id="5">2240.0267</dst>
      <dst id="3">13.8222</dst>
      <dst id="10">229.7600</dst>
      <dst id="7">253.8044</dst>
      <dst id="2">666.9689</dst>
      <dst id="16">520.5600</dst>
      <dst id="14">159.4933</dst>
      <dst id="11">40.6756</dst>
      <dst id="9">1125.2711</dst>
      <dst id="17">5553.3244</dst>
      <dst id="21">99.0578</dst>
    </src>
    <src id="7">
      <dst id="12">10597.2178</dst>
      <dst id="13">5622.6578</dst>
      <dst id="19">1929.1644</dst>
      <dst id="23">20.5067</dst>
      <dst id="8">15.0667</dst>
      <dst id="18">41.7778</dst>
      <dst id="4">1111.1822</dst>
      <dst id="1">9591.5733</dst>
      <dst id="5">323.6444</dst>
      <dst id="3">654.4978</dst>
      <dst id="10">631.7956</dst>
      <dst id="22">190.4711</dst>
      <dst id="2">2758.9156</dst>
      <dst id="16">517.5733</dst>
      <dst id="14">798.5600</dst>
      <dst id="20">398.0978</dst>
      <dst id="11">249.7600</dst>
      <dst id="9">485.4133</dst>
      <dst id="17">12230.5600</dst>
      <dst id="21">1551.7867</dst>
      <dst id="15">16.2044</dst>
    </src>
    <src id="2">
      <dst id="12">112685.5822</dst>
      <dst id="13">41239.1111</dst>
      <dst id="19">901.5911</dst>
      <dst id="23">2.7733</dst>
      <dst id="8">46.6756</dst>
      <dst id="18">34949.9644</dst>
      <dst id="4">3763.6711</dst>
      <dst id="1">42302.9778</dst>
      <dst id="5">742.2044</dst>
      <dst id="3">3865.9200</dst>
      <dst id="10">6206.1244</dst>
      <dst id="22">574.6578</dst>
      <dst id="7">1219.6800</dst>
      <dst id="2">3205.6089</dst>
      <dst id="6">1.7067</dst>
      <dst id="16">1817.0222</dst>
      <dst id="14">933.0489</dst>
      <dst id="20">1069.2622</dst>
      <dst id="11">743.5911</dst>
      <dst id="9">3002.0356</dst>
      <dst id="17">22459.1644</dst>
      <dst id="21">3292.9867</dst>
      <dst id="15">63.9467</dst>
    </src>
    <src id="6">
      <dst id="12">223.5200</dst>
      <dst id="13">45.3867</dst>
      <dst id="19">125.6089</dst>
      <dst id="23">0.3378</dst>
      <dst id="8">45.8667</dst>
      <dst id="1">296.7733</dst>
      <dst id="5">12.8533</dst>
      <dst id="3">109.8133</dst>
      <dst id="10">14.7022</dst>
      <dst id="22">41.8400</dst>
      <dst id="7">30.0267</dst>
      <dst id="2">1224.0533</dst>
      <dst id="16">132.3022</dst>
      <dst id="20">11.9644</dst>
      <dst id="11">12.2133</dst>
      <dst id="9">35.8311</dst>
      <dst id="17">21771.9644</dst>
      <dst id="21">72.8356</dst>
      <dst id="15">49.2178</dst>
    </src>
    <src id="16">
      <dst id="12">118639.7067</dst>
      <dst id="13">1469.5822</dst>
      <dst id="19">3715.3511</dst>
      <dst id="23">61.3067</dst>
      <dst id="8">84336.4978</dst>
      <dst id="18">8.9333</dst>
      <dst id="4">294.6933</dst>
      <dst id="1">10884.4800</dst>
      <dst id="5">282162.9778</dst>
      <dst id="3">4335.1378</dst>
      <dst id="10">667.1200</dst>
      <dst id="2">697.9467</dst>
      <dst id="16">44829.2800</dst>
      <dst id="14">73106.2844</dst>
      <dst id="11">19960.9511</dst>
      <dst id="9">289722.2133</dst>
      <dst id="17">7383.9200</dst>
      <dst id="21">0.3556</dst>
    </src>
    <src id="14">
      <dst id="12">1229.6178</dst>
      <dst id="13">1059.6533</dst>
      <dst id="19">32.9956</dst>
      <dst id="23">2.2311</dst>
      <dst id="8">0.8800</dst>
      <dst id="18">0.3556</dst>
      <dst id="4">408.5067</dst>
      <dst id="1">777.4222</dst>
      <dst id="5">25.7511</dst>
      <dst id="3">1284.6044</dst>
      <dst id="10">564.6844</dst>
      <dst id="22">6.4800</dst>
      <dst id="7">80.1600</dst>
      <dst id="2">1551.5022</dst>
      <dst id="16">3907.9111</dst>
      <dst id="20">1.6356</dst>
      <dst id="11">0.4622</dst>
      <dst id="9">200.3733</dst>
      <dst id="17">32642.8978</dst>
      <dst id="21">410.7644</dst>
      <dst id="15">0.4622</dst>
    </src>
    <src id="20">
      <dst id="12">2950.1422</dst>
      <dst id="13">930.7644</dst>
      <dst id="19">57.4756</dst>
      <dst id="23">4.6933</dst>
      <dst id="8">2.7200</dst>
      <dst id="18">24.6044</dst>
      <dst id="4">4741.7956</dst>
      <dst id="1">2038.7556</dst>
      <dst id="5">369.2000</dst>
      <dst id="10">247.3067</dst>
      <dst id="7">11.4578</dst>
      <dst id="2">3541.6533</dst>
      <dst id="16">4961.5556</dst>
      <dst id="14">0.5333</dst>
      <dst id="20">53.4133</dst>
      <dst id="11">13.6889</dst>
      <dst id="9">4066.6933</dst>
      <dst id="17">3089.8044</dst>
      <dst id="21">475.1378</dst>
    </src>
    <src id="11">
      <dst id="12">16223.1733</dst>
      <dst id="13">1913.2800</dst>
      <dst id="19">257.8311</dst>
      <dst id="23">7.3956</dst>
      <dst id="8">93.6178</dst>
      <dst id="18">368.8444</dst>
      <dst id="4">1117.7422</dst>
      <dst id="1">13442.3289</dst>
      <dst id="5">1368.7556</dst>
      <dst id="3">424.1511</dst>
      <dst id="10">733.9467</dst>
      <dst id="22">8.0533</dst>
      <dst id="7">10.3644</dst>
      <dst id="2">57592.2311</dst>
      <dst id="16">11111.6711</dst>
      <dst id="14">23.5644</dst>
      <dst id="20">1226.0622</dst>
      <dst id="11">1353.6889</dst>
      <dst id="9">8007.6711</dst>
      <dst id="17">492434.6400</dst>
      <dst id="21">1148.1867</dst>
      <dst id="15">44.2933</dst>
    </src>
    <src id="9">
      <dst id="12">18978.6044</dst>
      <dst id="13">6385.1911</dst>
      <dst id="19">35.5467</dst>
      <dst id="23">6.4889</dst>
      <dst id="8">132097.8756</dst>
      <dst id="18">391.7867</dst>
      <dst id="4">294.1333</dst>
      <dst id="1">9680.8444</dst>
      <dst id="5">1725.4311</dst>
      <dst id="3">2319.2356</dst>
      <dst id="10">1143.6444</dst>
      <dst id="22">16.8178</dst>
      <dst id="2">539.6000</dst>
      <dst id="16">431955.0933</dst>
      <dst id="14">53.7956</dst>
      <dst id="11">50.5778</dst>
      <dst id="9">241041.0311</dst>
      <dst id="17">54359.7156</dst>
      <dst id="21">14.7200</dst>
      <dst id="15">345.8489</dst>
    </src>
    <src id="17">
      <dst id="12">73335.2356</dst>
      <dst id="13">21332.5333</dst>
      <dst id="19">2455.6444</dst>
      <dst id="23">154.3556</dst>
      <dst id="8">167.8578</dst>
      <dst id="18">187.7600</dst>
      <dst id="4">5779.9911</dst>
      <dst id="1">28723.9822</dst>
      <dst id="5">140179.4489</dst>
      <dst id="3">3425.1822</dst>
      <dst id="10">10975.8844</dst>
      <dst id="22">69.1378</dst>
      <dst id="7">878.9511</dst>
      <dst id="2">14976.8978</dst>
      <dst id="16">34119.2533</dst>
      <dst id="14">23566.7022</dst>
      <dst id="20">30654.9422</dst>
      <dst id="11">15910.5600</dst>
      <dst id="9">12027.3333</dst>
      <dst id="17">22823.1733</dst>
      <dst id="21">6965.1911</dst>
      <dst id="15">270.9600</dst>
    </src>
    <src id="21">
      <dst id="12">1975.3689</dst>
      <dst id="13">4652.5689</dst>
      <dst id="19">693.8933</dst>
      <dst id="23">11.9467</dst>
      <dst id="8">137.4222</dst>
      <dst id="18">117.9733</dst>
      <dst id="4">807.1378</dst>
      <dst id="1">8168.5156</dst>
      <dst id="5">301.7689</dst>
      <dst id="3">1580.7467</dst>
      <dst id="10">812.3200</dst>
      <dst id="22">26.0267</dst>
      <dst id="7">2191.6089</dst>
      <dst id="2">5390.3200</dst>
      <dst id="16">6246.1244</dst>
      <dst id="14">473.6978</dst>
      <dst id="20">268.3556</dst>
      <dst id="11">51.9289</dst>
      <dst id="9">1315.2089</dst>
      <dst id="17">33241.6356</dst>
      <dst id="21">768.0356</dst>
      <dst id="15">13.2711</dst>
    </src>
    <src id="15">
      <dst id="12">535.4667</dst>
      <dst id="13">111.3600</dst>
      <dst id="19">18.1333</dst>
      <dst id="23">0.7378</dst>
      <dst id="18">23.9644</dst>
      <dst id="4">97.4311</dst>
      <dst id="1">21.3156</dst>
      <dst id="5">323.8133</dst>
      <dst id="10">352.5333</dst>
      <dst id="2">75.6444</dst>
      <dst id="16">1686.0089</dst>
      <dst id="14">0.3556</dst>
      <dst id="11">13.9822</dst>
      <dst id="9">763.3689</dst>
      <dst id="17">454.4356</dst>
      <dst id="21">0.7911</dst>
    </src>
  </IntraTM>
</TrafficMatrixFile>
