<?xml version="1.0" encoding="UTF-8" standalone="yes"?>
<TrafficMatrixFile xmlns:xsi="http://www.w3.org/2001/XMLSchema-instance" xsi:noNamespaceSchemaLocation="http://totem.run.montefiore.ulg.ac.be/Schema/TrafficMatrix-v1_2.xsd">
  <info>
    <title>Intradomain traffic matrix generated by geant-TM-all.pl</title>
    <date>2005-01-18T04:30:00</date>
    <duration>900</duration>
    <author>Steve Uhlig</author>
    <units>
        <unit type="bandwidth" value="kbps"/>
    </units>
  </info>
  <IntraTM ASID="20965">
    <src id="12">
      <dst id="12">324274.9867</dst>
      <dst id="13">32914.0444</dst>
      <dst id="19">3542.5156</dst>
      <dst id="23">2210.6222</dst>
      <dst id="8">3157.1644</dst>
      <dst id="18">75944.4978</dst>
      <dst id="4">52043.0044</dst>
      <dst id="1">8534.7378</dst>
      <dst id="5">3793.2178</dst>
      <dst id="3">877.6711</dst>
      <dst id="10">2091.2889</dst>
      <dst id="22">6294.8978</dst>
      <dst id="7">5777.7067</dst>
      <dst id="2">63650.9156</dst>
      <dst id="16">7171.1733</dst>
      <dst id="14">2468.7200</dst>
      <dst id="20">22210.2400</dst>
      <dst id="11">4197.4489</dst>
      <dst id="9">4541.8400</dst>
      <dst id="17">38138.0978</dst>
      <dst id="21">4012.5689</dst>
      <dst id="15">4800.7822</dst>
    </src>
    <src id="13">
      <dst id="12">60330.2489</dst>
      <dst id="19">6965.7956</dst>
      <dst id="23">27.1467</dst>
      <dst id="8">11152.6133</dst>
      <dst id="18">3512.4089</dst>
      <dst id="1">29399.6356</dst>
      <dst id="5">10417.3600</dst>
      <dst id="3">7286.6667</dst>
      <dst id="22">18998.0000</dst>
      <dst id="7">15649.8489</dst>
      <dst id="2">66938.4978</dst>
      <dst id="16">7777.9022</dst>
      <dst id="14">1282.9956</dst>
      <dst id="20">55383.5289</dst>
      <dst id="11">10320.4889</dst>
      <dst id="9">8016.9689</dst>
      <dst id="17">156784.5600</dst>
      <dst id="21">28890.3467</dst>
      <dst id="15">2077.0667</dst>
    </src>
    <src id="19">
      <dst id="12">14116.8444</dst>
      <dst id="13">2657.0044</dst>
      <dst id="23">150.9511</dst>
      <dst id="8">0.7111</dst>
      <dst id="18">34.9778</dst>
      <dst id="4">16619.7067</dst>
      <dst id="1">704.9244</dst>
      <dst id="5">64.3289</dst>
      <dst id="3">1106.6667</dst>
      <dst id="10">73.0489</dst>
      <dst id="22">836.7733</dst>
      <dst id="7">3507.8667</dst>
      <dst id="2">618.2933</dst>
      <dst id="16">15527.7067</dst>
      <dst id="14">6.9156</dst>
      <dst id="20">36.4711</dst>
      <dst id="11">53.3689</dst>
      <dst id="9">5341.4222</dst>
      <dst id="17">257.7600</dst>
      <dst id="21">872.0089</dst>
      <dst id="15">23.5289</dst>
    </src>
    <src id="23">
      <dst id="12">944.9867</dst>
      <dst id="13">48.6667</dst>
      <dst id="19">14.8978</dst>
      <dst id="18">0.4622</dst>
      <dst id="4">0.4622</dst>
      <dst id="1">15.7067</dst>
      <dst id="5">1.0667</dst>
      <dst id="3">248.0267</dst>
      <dst id="22">372.6578</dst>
      <dst id="7">948.4267</dst>
      <dst id="2">216.3644</dst>
      <dst id="16">72.8178</dst>
      <dst id="20">17.9289</dst>
      <dst id="11">40.0000</dst>
      <dst id="9">147.8489</dst>
      <dst id="17">1641.2267</dst>
      <dst id="21">2067.8044</dst>
      <dst id="15">137.4933</dst>
    </src>
    <src id="8">
      <dst id="12">36083.7067</dst>
      <dst id="13">1103.8044</dst>
      <dst id="19">11.8933</dst>
      <dst id="23">0.8711</dst>
      <dst id="18">31.7867</dst>
      <dst id="4">2940.2667</dst>
      <dst id="1">4792.3022</dst>
      <dst id="5">1031.2889</dst>
      <dst id="10">1028.8711</dst>
      <dst id="22">2453.4222</dst>
      <dst id="7">5.6711</dst>
      <dst id="2">331.1556</dst>
      <dst id="16">965.2622</dst>
      <dst id="14">27.0222</dst>
      <dst id="20">19.3156</dst>
      <dst id="11">186.2667</dst>
      <dst id="9">173444.0622</dst>
      <dst id="17">375358.0978</dst>
      <dst id="21">206.9867</dst>
      <dst id="15">6625.4133</dst>
    </src>
    <src id="18">
      <dst id="12">166825.2800</dst>
      <dst id="13">452.3289</dst>
      <dst id="19">26.1778</dst>
      <dst id="23">0.4622</dst>
      <dst id="8">28.9244</dst>
      <dst id="4">1063.4756</dst>
      <dst id="1">834.5956</dst>
      <dst id="5">199.3511</dst>
      <dst id="3">174.2044</dst>
      <dst id="10">164.1333</dst>
      <dst id="22">437.8400</dst>
      <dst id="7">710.2489</dst>
      <dst id="2">55045.2978</dst>
      <dst id="16">85.5911</dst>
      <dst id="14">0.9244</dst>
      <dst id="20">47.2889</dst>
      <dst id="11">81.6000</dst>
      <dst id="9">1408.2311</dst>
      <dst id="17">19527.6444</dst>
      <dst id="21">1728.2044</dst>
      <dst id="15">1.3511</dst>
    </src>
    <src id="4">
      <dst id="12">17559.7511</dst>
      <dst id="19">4216.1511</dst>
      <dst id="8">1253.3867</dst>
      <dst id="18">4738.4622</dst>
      <dst id="4">71.3689</dst>
      <dst id="1">11340.7911</dst>
      <dst id="5">1081.4400</dst>
      <dst id="3">86.0000</dst>
      <dst id="22">5864.9511</dst>
      <dst id="7">35109.1822</dst>
      <dst id="2">40349.6444</dst>
      <dst id="16">2173.6356</dst>
      <dst id="14">530.3733</dst>
      <dst id="20">936.4978</dst>
      <dst id="11">1035.0311</dst>
      <dst id="9">2662.2311</dst>
      <dst id="17">16011.2178</dst>
      <dst id="21">32697.7867</dst>
      <dst id="15">651.4133</dst>
    </src>
    <src id="1">
      <dst id="12">14563.4844</dst>
      <dst id="13">24415.4578</dst>
      <dst id="19">58.9511</dst>
      <dst id="23">2.1956</dst>
      <dst id="8">41.1467</dst>
      <dst id="18">12879.5378</dst>
      <dst id="4">14736.8089</dst>
      <dst id="1">42168.6133</dst>
      <dst id="5">388.5156</dst>
      <dst id="3">462.3733</dst>
      <dst id="10">1550.0444</dst>
      <dst id="22">11824.8444</dst>
      <dst id="7">10247.7867</dst>
      <dst id="2">12138.2578</dst>
      <dst id="16">21744.3378</dst>
      <dst id="14">335.2444</dst>
      <dst id="20">482.8711</dst>
      <dst id="11">159.7422</dst>
      <dst id="9">798.6044</dst>
      <dst id="17">2729.7956</dst>
      <dst id="21">13046.7111</dst>
      <dst id="15">2083.0933</dst>
    </src>
    <src id="5">
      <dst id="12">30081.6889</dst>
      <dst id="13">9352.6667</dst>
      <dst id="19">254.9511</dst>
      <dst id="23">46.2222</dst>
      <dst id="8">540.6222</dst>
      <dst id="18">1144.8178</dst>
      <dst id="4">5603.9200</dst>
      <dst id="1">3861.2711</dst>
      <dst id="3">154.7200</dst>
      <dst id="10">248.2400</dst>
      <dst id="22">6166.4800</dst>
      <dst id="7">44.0800</dst>
      <dst id="2">10705.2178</dst>
      <dst id="16">1771.8933</dst>
      <dst id="14">46.5778</dst>
      <dst id="20">2037.1022</dst>
      <dst id="11">1409.2089</dst>
      <dst id="9">137055.2978</dst>
      <dst id="17">349201.3422</dst>
      <dst id="21">124.3378</dst>
      <dst id="15">590.7022</dst>
    </src>
    <src id="3">
      <dst id="12">6530.4444</dst>
      <dst id="13">10651.0489</dst>
      <dst id="19">934.4356</dst>
      <dst id="23">12414.0978</dst>
      <dst id="8">1062.3911</dst>
      <dst id="18">2000.6667</dst>
      <dst id="4">35469.2978</dst>
      <dst id="1">26872.3822</dst>
      <dst id="5">164.4444</dst>
      <dst id="3">1.3067</dst>
      <dst id="10">524.6311</dst>
      <dst id="22">5674.5511</dst>
      <dst id="7">1880.8711</dst>
      <dst id="2">3420.4089</dst>
      <dst id="16">1630.6311</dst>
      <dst id="14">157.0667</dst>
      <dst id="20">59.2889</dst>
      <dst id="11">483.7778</dst>
      <dst id="9">218.2222</dst>
      <dst id="17">10628.9689</dst>
      <dst id="21">19808.8444</dst>
      <dst id="15">1820.4978</dst>
    </src>
    <src id="10">
      <dst id="12">23028.6756</dst>
      <dst id="19">445.0844</dst>
      <dst id="8">134680.9600</dst>
      <dst id="18">490.0267</dst>
      <dst id="1">457.1911</dst>
      <dst id="5">193797.0222</dst>
      <dst id="3">19180.2400</dst>
      <dst id="22">2217.4578</dst>
      <dst id="7">6402.4622</dst>
      <dst id="2">6639.6978</dst>
      <dst id="16">1445.5289</dst>
      <dst id="14">37498.3289</dst>
      <dst id="20">5923.0400</dst>
      <dst id="11">125670.4000</dst>
      <dst id="9">209933.8489</dst>
      <dst id="17">23549.7778</dst>
      <dst id="21">18315.0844</dst>
      <dst id="15">1375.2800</dst>
    </src>
    <src id="22">
      <dst id="12">11886.4533</dst>
      <dst id="13">3672.8889</dst>
      <dst id="19">540.6311</dst>
      <dst id="23">27.3333</dst>
      <dst id="8">377.6800</dst>
      <dst id="18">230.2844</dst>
      <dst id="4">12317.6978</dst>
      <dst id="1">2115.8756</dst>
      <dst id="5">4730.0356</dst>
      <dst id="3">639.0311</dst>
      <dst id="10">2525.7156</dst>
      <dst id="7">6741.2622</dst>
      <dst id="2">3355.9200</dst>
      <dst id="14">89.7778</dst>
      <dst id="11">4788.1867</dst>
      <dst id="9">7654.6311</dst>
      <dst id="17">8888.4622</dst>
      <dst id="21">15329.1911</dst>
    </src>
    <src id="7">
      <dst id="12">4590.1422</dst>
      <dst id="13">418.8533</dst>
      <dst id="19">314.0711</dst>
      <dst id="23">21.3333</dst>
      <dst id="8">29.8222</dst>
      <dst id="18">1525.6178</dst>
      <dst id="4">10899.3689</dst>
      <dst id="1">9329.1022</dst>
      <dst id="5">1065.8667</dst>
      <dst id="3">922.7200</dst>
      <dst id="10">3385.1289</dst>
      <dst id="22">3206.9778</dst>
      <dst id="7">713.6711</dst>
      <dst id="2">10236.0800</dst>
      <dst id="16">697.7244</dst>
      <dst id="14">178.8800</dst>
      <dst id="20">386.2667</dst>
      <dst id="11">404.4356</dst>
      <dst id="9">715.9378</dst>
      <dst id="17">7708.5600</dst>
      <dst id="21">5983.3244</dst>
      <dst id="15">1150.0178</dst>
    </src>
    <src id="2">
      <dst id="12">104477.6267</dst>
      <dst id="13">10827.7422</dst>
      <dst id="19">517.1733</dst>
      <dst id="23">1.7778</dst>
      <dst id="8">5541.4044</dst>
      <dst id="18">77784.5333</dst>
      <dst id="4">73761.5289</dst>
      <dst id="1">22341.1822</dst>
      <dst id="5">1371.8044</dst>
      <dst id="3">68.6844</dst>
      <dst id="10">2365.9556</dst>
      <dst id="22">1398.8622</dst>
      <dst id="7">2430.3911</dst>
      <dst id="2">329.6178</dst>
      <dst id="16">653.1378</dst>
      <dst id="14">100.1156</dst>
      <dst id="20">2904.1778</dst>
      <dst id="11">1813.4311</dst>
      <dst id="9">815.1733</dst>
      <dst id="17">55145.5022</dst>
      <dst id="21">6607.9200</dst>
      <dst id="15">166.7556</dst>
    </src>
    <src id="6">
      <dst id="12">278.3822</dst>
      <dst id="13">11.5289</dst>
      <dst id="19">3.7600</dst>
      <dst id="23">1.4756</dst>
      <dst id="4">11.2711</dst>
      <dst id="1">39.6089</dst>
      <dst id="5">13.6711</dst>
      <dst id="10">30.3822</dst>
      <dst id="22">11.3778</dst>
      <dst id="7">3.8400</dst>
      <dst id="2">1632.5244</dst>
      <dst id="16">67.1822</dst>
      <dst id="11">7.4756</dst>
      <dst id="9">24.2667</dst>
      <dst id="17">4303.5378</dst>
      <dst id="21">1.9022</dst>
      <dst id="15">0.3556</dst>
    </src>
    <src id="16">
      <dst id="12">3200.4711</dst>
      <dst id="13">481.7600</dst>
      <dst id="19">4192.7200</dst>
      <dst id="23">23.1822</dst>
      <dst id="8">4324.9244</dst>
      <dst id="18">200.6933</dst>
      <dst id="4">2644.8267</dst>
      <dst id="1">22436.9244</dst>
      <dst id="5">4526.1244</dst>
      <dst id="3">6.5422</dst>
      <dst id="10">221.0311</dst>
      <dst id="7">1407.1911</dst>
      <dst id="2">905.0311</dst>
      <dst id="16">56.7733</dst>
      <dst id="14">200.8444</dst>
      <dst id="11">177.4933</dst>
      <dst id="9">5117.7689</dst>
      <dst id="17">2080.9511</dst>
      <dst id="21">273.8933</dst>
    </src>
    <src id="14">
      <dst id="12">3980.9778</dst>
      <dst id="13">18.9956</dst>
      <dst id="19">39.4844</dst>
      <dst id="18">40.4622</dst>
      <dst id="4">1372.4356</dst>
      <dst id="1">441.3333</dst>
      <dst id="5">3.0133</dst>
      <dst id="3">53.9378</dst>
      <dst id="10">94.3378</dst>
      <dst id="22">11.6711</dst>
      <dst id="7">26.8800</dst>
      <dst id="2">4441.2267</dst>
      <dst id="16">6.0800</dst>
      <dst id="20">0.8178</dst>
      <dst id="11">36.2311</dst>
      <dst id="9">206.9067</dst>
      <dst id="17">27776.9067</dst>
      <dst id="21">37.2622</dst>
    </src>
    <src id="20">
      <dst id="12">12645.3956</dst>
      <dst id="13">2876.0800</dst>
      <dst id="19">31.5733</dst>
      <dst id="23">16.0978</dst>
      <dst id="8">25.7689</dst>
      <dst id="18">85.6533</dst>
      <dst id="4">7094.6044</dst>
      <dst id="1">7325.1111</dst>
      <dst id="5">2184.4889</dst>
      <dst id="3">2536.6489</dst>
      <dst id="10">29.1733</dst>
      <dst id="7">87.0756</dst>
      <dst id="2">3071.3778</dst>
      <dst id="14">5.0933</dst>
      <dst id="11">1775.3156</dst>
      <dst id="9">5656.8533</dst>
      <dst id="17">7451.4222</dst>
      <dst id="21">511.8933</dst>
    </src>
    <src id="11">
      <dst id="12">125685.4933</dst>
      <dst id="13">4545.4400</dst>
      <dst id="19">1836.6933</dst>
      <dst id="23">1.5111</dst>
      <dst id="8">4180.6756</dst>
      <dst id="18">954.7378</dst>
      <dst id="4">4322.9689</dst>
      <dst id="1">404.2933</dst>
      <dst id="5">1828.5156</dst>
      <dst id="3">233.6711</dst>
      <dst id="10">1284.4444</dst>
      <dst id="22">1721.5378</dst>
      <dst id="7">134.3378</dst>
      <dst id="2">130347.2800</dst>
      <dst id="16">292.7289</dst>
      <dst id="14">176.2578</dst>
      <dst id="20">818.3556</dst>
      <dst id="11">1628.0800</dst>
      <dst id="9">3304.3111</dst>
      <dst id="17">630191.2267</dst>
      <dst id="21">116.6578</dst>
      <dst id="15">261.8489</dst>
    </src>
    <src id="9">
      <dst id="12">60355.7956</dst>
      <dst id="13">1126.4178</dst>
      <dst id="19">319.2622</dst>
      <dst id="23">8.5778</dst>
      <dst id="8">136340.9244</dst>
      <dst id="18">157.9556</dst>
      <dst id="4">6888.4000</dst>
      <dst id="1">7027.6444</dst>
      <dst id="5">3691.8844</dst>
      <dst id="3">50.8444</dst>
      <dst id="10">260.1956</dst>
      <dst id="22">7255.3156</dst>
      <dst id="7">1157.3244</dst>
      <dst id="2">3248.4978</dst>
      <dst id="16">2049.9556</dst>
      <dst id="14">1363.7244</dst>
      <dst id="20">16018.9333</dst>
      <dst id="11">480.8444</dst>
      <dst id="9">468480.0800</dst>
      <dst id="17">585991.8400</dst>
      <dst id="21">199.3689</dst>
      <dst id="15">76.7911</dst>
    </src>
    <src id="17">
      <dst id="12">9033.8044</dst>
      <dst id="13">14572.2844</dst>
      <dst id="19">210.0178</dst>
      <dst id="23">699.7689</dst>
      <dst id="8">114.6756</dst>
      <dst id="18">1178.5244</dst>
      <dst id="4">35324.0178</dst>
      <dst id="1">2242.7644</dst>
      <dst id="5">196321.5467</dst>
      <dst id="3">10544.8444</dst>
      <dst id="10">2567.7600</dst>
      <dst id="22">6972.3378</dst>
      <dst id="7">30089.0844</dst>
      <dst id="2">8022.2489</dst>
      <dst id="16">3935.3333</dst>
      <dst id="14">34127.3333</dst>
      <dst id="20">355.4044</dst>
      <dst id="11">166615.1467</dst>
      <dst id="9">1988.1956</dst>
      <dst id="17">777.8044</dst>
      <dst id="21">7405.0489</dst>
      <dst id="15">91.6622</dst>
    </src>
    <src id="21">
      <dst id="12">4053.7333</dst>
      <dst id="13">11134.2311</dst>
      <dst id="19">558.3822</dst>
      <dst id="23">27.6978</dst>
      <dst id="8">343.4311</dst>
      <dst id="18">3399.0667</dst>
      <dst id="4">31383.6622</dst>
      <dst id="1">13778.7911</dst>
      <dst id="5">442.3822</dst>
      <dst id="3">1845.5111</dst>
      <dst id="10">1098.7200</dst>
      <dst id="22">9273.5378</dst>
      <dst id="7">3433.8933</dst>
      <dst id="2">20122.3822</dst>
      <dst id="16">509.0222</dst>
      <dst id="14">59.6889</dst>
      <dst id="20">107.2800</dst>
      <dst id="11">131.1733</dst>
      <dst id="9">654.6222</dst>
      <dst id="17">31211.6622</dst>
      <dst id="21">1453.7156</dst>
      <dst id="15">1284.8356</dst>
    </src>
    <src id="15">
      <dst id="12">670.5956</dst>
      <dst id="13">222.3111</dst>
      <dst id="19">4.0000</dst>
      <dst id="23">6.6400</dst>
      <dst id="8">250.2933</dst>
      <dst id="18">22.6489</dst>
      <dst id="4">697.7511</dst>
      <dst id="1">219.1822</dst>
      <dst id="5">227.4311</dst>
      <dst id="3">2.1511</dst>
      <dst id="10">1113.7600</dst>
      <dst id="7">258.0978</dst>
      <dst id="2">319.5556</dst>
      <dst id="16">6.8267</dst>
      <dst id="14">13.3333</dst>
      <dst id="11">59.3067</dst>
      <dst id="9">291.5022</dst>
      <dst id="17">196.0444</dst>
      <dst id="21">529.1200</dst>
    </src>
  </IntraTM>
</TrafficMatrixFile>
