<?xml version="1.0" encoding="UTF-8" standalone="yes"?>
<TrafficMatrixFile xmlns:xsi="http://www.w3.org/2001/XMLSchema-instance" xsi:noNamespaceSchemaLocation="http://totem.run.montefiore.ulg.ac.be/Schema/TrafficMatrix-v1_2.xsd">
  <info>
    <title>Intradomain traffic matrix generated by geant-TM-all.pl</title>
    <date>2005-01-03T05:30:00</date>
    <duration>900</duration>
    <author>Steve Uhlig</author>
    <units>
        <unit type="bandwidth" value="kbps"/>
    </units>
  </info>
  <IntraTM ASID="20965">
    <src id="12">
      <dst id="12">229908.9778</dst>
      <dst id="13">28192.4622</dst>
      <dst id="19">4950.2311</dst>
      <dst id="23">7632.4267</dst>
      <dst id="8">2379.2978</dst>
      <dst id="18">934.9156</dst>
      <dst id="4">103152.3733</dst>
      <dst id="1">7228.5600</dst>
      <dst id="5">4006.1244</dst>
      <dst id="3">1065.5378</dst>
      <dst id="22">12607.1911</dst>
      <dst id="7">5790.8178</dst>
      <dst id="2">78266.9600</dst>
      <dst id="6">5.4133</dst>
      <dst id="16">10992.0800</dst>
      <dst id="14">307.2178</dst>
      <dst id="20">5106.4533</dst>
      <dst id="11">11309.4667</dst>
      <dst id="9">5943.7244</dst>
      <dst id="17">80249.7067</dst>
      <dst id="21">8028.5778</dst>
      <dst id="15">1182.1156</dst>
    </src>
    <src id="13">
      <dst id="12">57173.8756</dst>
      <dst id="19">28232.2222</dst>
      <dst id="23">50.9867</dst>
      <dst id="8">13824.6933</dst>
      <dst id="18">4573.7067</dst>
      <dst id="1">4548.0178</dst>
      <dst id="5">7229.2000</dst>
      <dst id="3">4420.3733</dst>
      <dst id="22">20949.5111</dst>
      <dst id="7">8871.8222</dst>
      <dst id="2">127203.2889</dst>
      <dst id="6">41.8844</dst>
      <dst id="16">6708.1067</dst>
      <dst id="14">2220.9333</dst>
      <dst id="20">19482.4089</dst>
      <dst id="11">13121.8756</dst>
      <dst id="9">42169.4311</dst>
      <dst id="17">145896.7378</dst>
      <dst id="21">22320.9956</dst>
      <dst id="15">18067.6622</dst>
    </src>
    <src id="19">
      <dst id="12">14777.5289</dst>
      <dst id="13">361.0133</dst>
      <dst id="23">118.5778</dst>
      <dst id="8">27.3422</dst>
      <dst id="18">44.1067</dst>
      <dst id="4">23191.7867</dst>
      <dst id="1">509.5733</dst>
      <dst id="5">1.3511</dst>
      <dst id="22">815.5733</dst>
      <dst id="7">3029.5644</dst>
      <dst id="2">441.7067</dst>
      <dst id="6">24.1422</dst>
      <dst id="16">7293.3511</dst>
      <dst id="14">10.4533</dst>
      <dst id="20">25.9733</dst>
      <dst id="11">21.5200</dst>
      <dst id="9">1.0667</dst>
      <dst id="17">23955.6889</dst>
      <dst id="21">387.3956</dst>
      <dst id="15">0.8889</dst>
    </src>
    <src id="23">
      <dst id="12">326.7733</dst>
      <dst id="13">99.2978</dst>
      <dst id="19">68.4533</dst>
      <dst id="8">27.1289</dst>
      <dst id="18">33.1289</dst>
      <dst id="4">299.7511</dst>
      <dst id="1">42.9689</dst>
      <dst id="5">81.2178</dst>
      <dst id="3">141.9467</dst>
      <dst id="22">376.2756</dst>
      <dst id="7">187.6889</dst>
      <dst id="2">233.1556</dst>
      <dst id="16">104.8267</dst>
      <dst id="14">13.8667</dst>
      <dst id="20">0.7111</dst>
      <dst id="11">52.6667</dst>
      <dst id="9">439.8222</dst>
      <dst id="17">79.8222</dst>
      <dst id="21">80.8000</dst>
      <dst id="15">1.1378</dst>
    </src>
    <src id="8">
      <dst id="12">350608.9067</dst>
      <dst id="13">12376.6133</dst>
      <dst id="19">2.5422</dst>
      <dst id="23">0.7111</dst>
      <dst id="18">0.4622</dst>
      <dst id="4">7680.6667</dst>
      <dst id="1">8177.2356</dst>
      <dst id="5">1195.9200</dst>
      <dst id="3">171.3867</dst>
      <dst id="22">1475.9200</dst>
      <dst id="7">7.7244</dst>
      <dst id="2">146161.2889</dst>
      <dst id="16">651.5556</dst>
      <dst id="14">1.3067</dst>
      <dst id="20">2455.1022</dst>
      <dst id="11">712.9067</dst>
      <dst id="9">661.3956</dst>
      <dst id="17">141203.1200</dst>
      <dst id="21">1603.0311</dst>
      <dst id="15">84.8622</dst>
    </src>
    <src id="18">
      <dst id="12">124364.7733</dst>
      <dst id="13">127.2000</dst>
      <dst id="19">235.9733</dst>
      <dst id="23">0.8533</dst>
      <dst id="8">15.4400</dst>
      <dst id="4">1438.9511</dst>
      <dst id="1">1173.3778</dst>
      <dst id="5">251.1467</dst>
      <dst id="3">88.5067</dst>
      <dst id="22">207.3956</dst>
      <dst id="7">102.7644</dst>
      <dst id="2">44718.0711</dst>
      <dst id="16">52.0089</dst>
      <dst id="14">1.7778</dst>
      <dst id="20">1.3778</dst>
      <dst id="11">521.1822</dst>
      <dst id="9">343.1378</dst>
      <dst id="17">37695.6356</dst>
      <dst id="21">705.2444</dst>
      <dst id="15">77.1911</dst>
    </src>
    <src id="4">
      <dst id="12">27090.9867</dst>
      <dst id="19">6873.5822</dst>
      <dst id="8">1402.4089</dst>
      <dst id="18">2626.7822</dst>
      <dst id="4">174.7022</dst>
      <dst id="1">143436.0178</dst>
      <dst id="5">2862.1956</dst>
      <dst id="3">2556.1244</dst>
      <dst id="22">5714.2400</dst>
      <dst id="7">139828.9156</dst>
      <dst id="2">115446.6400</dst>
      <dst id="6">1.7422</dst>
      <dst id="16">3801.3422</dst>
      <dst id="14">1682.7467</dst>
      <dst id="20">242.9867</dst>
      <dst id="11">4230.9156</dst>
      <dst id="9">2686.6222</dst>
      <dst id="17">65403.9556</dst>
      <dst id="21">10525.8044</dst>
      <dst id="15">389.8222</dst>
    </src>
    <src id="1">
      <dst id="12">19315.6711</dst>
      <dst id="13">370.4178</dst>
      <dst id="19">109.6533</dst>
      <dst id="23">8.6044</dst>
      <dst id="8">145264.1333</dst>
      <dst id="18">14369.4044</dst>
      <dst id="4">23539.5822</dst>
      <dst id="1">22113.2622</dst>
      <dst id="5">225913.1378</dst>
      <dst id="3">297.3422</dst>
      <dst id="22">7021.3867</dst>
      <dst id="7">994.1333</dst>
      <dst id="2">10898.8533</dst>
      <dst id="6">8697.2178</dst>
      <dst id="16">13069.3333</dst>
      <dst id="14">508.3467</dst>
      <dst id="20">1862.3022</dst>
      <dst id="11">253.4311</dst>
      <dst id="9">206880.2756</dst>
      <dst id="17">6406.9511</dst>
      <dst id="21">4123.7244</dst>
      <dst id="15">152.9600</dst>
    </src>
    <src id="5">
      <dst id="12">285191.4222</dst>
      <dst id="13">1581.0844</dst>
      <dst id="19">13.3333</dst>
      <dst id="23">113.9556</dst>
      <dst id="8">833.8133</dst>
      <dst id="18">323.0400</dst>
      <dst id="4">7737.1378</dst>
      <dst id="1">532.9778</dst>
      <dst id="3">22.4978</dst>
      <dst id="22">3689.7689</dst>
      <dst id="7">116.1156</dst>
      <dst id="2">133204.8889</dst>
      <dst id="6">14.0444</dst>
      <dst id="16">1387.9289</dst>
      <dst id="14">73.0311</dst>
      <dst id="20">861.8044</dst>
      <dst id="11">5588.7644</dst>
      <dst id="9">14637.3689</dst>
      <dst id="17">102064.3111</dst>
      <dst id="21">230.9422</dst>
      <dst id="15">174.0711</dst>
    </src>
    <src id="3">
      <dst id="12">11720.2578</dst>
      <dst id="13">1767.5822</dst>
      <dst id="19">1122.5689</dst>
      <dst id="23">4302.8533</dst>
      <dst id="8">515.4667</dst>
      <dst id="18">83076.3022</dst>
      <dst id="4">48550.8267</dst>
      <dst id="1">27013.8222</dst>
      <dst id="5">577.8667</dst>
      <dst id="3">12305.9200</dst>
      <dst id="22">449.5111</dst>
      <dst id="7">1827.6622</dst>
      <dst id="2">12278.9156</dst>
      <dst id="6">26.7289</dst>
      <dst id="16">888.3022</dst>
      <dst id="14">28236.7378</dst>
      <dst id="20">18.7289</dst>
      <dst id="11">152299.1644</dst>
      <dst id="9">134.5689</dst>
      <dst id="17">10921.8844</dst>
      <dst id="21">5611.0933</dst>
      <dst id="15">36.4444</dst>
    </src>
    <src id="10">
      <dst id="12">12174.7022</dst>
      <dst id="19">2752.5689</dst>
      <dst id="8">487.8222</dst>
      <dst id="18">1079.2800</dst>
      <dst id="1">560.5067</dst>
      <dst id="5">1287.2178</dst>
      <dst id="3">9529.9467</dst>
      <dst id="22">3888.3022</dst>
      <dst id="7">6532.1333</dst>
      <dst id="2">25333.2978</dst>
      <dst id="6">0.8533</dst>
      <dst id="16">2222.1600</dst>
      <dst id="14">359.2089</dst>
      <dst id="20">42579.6000</dst>
      <dst id="11">3025.9467</dst>
      <dst id="9">5902.9244</dst>
      <dst id="17">19498.7111</dst>
      <dst id="21">10910.4889</dst>
      <dst id="15">681.8400</dst>
    </src>
    <src id="22">
      <dst id="12">10782.9778</dst>
      <dst id="13">4455.3867</dst>
      <dst id="19">126.9689</dst>
      <dst id="23">471.1556</dst>
      <dst id="8">726.6933</dst>
      <dst id="18">1316.7644</dst>
      <dst id="4">21330.9600</dst>
      <dst id="1">284.9422</dst>
      <dst id="5">4022.6667</dst>
      <dst id="3">225.9556</dst>
      <dst id="7">470.6489</dst>
      <dst id="2">3177.2000</dst>
      <dst id="6">20.7644</dst>
      <dst id="16">0.7111</dst>
      <dst id="14">40.4000</dst>
      <dst id="11">4121.6800</dst>
      <dst id="9">6187.2711</dst>
      <dst id="17">4297.5822</dst>
      <dst id="21">1706.5511</dst>
    </src>
    <src id="7">
      <dst id="12">8215.3778</dst>
      <dst id="13">298.8089</dst>
      <dst id="19">595.0756</dst>
      <dst id="23">170.7378</dst>
      <dst id="8">1153.7956</dst>
      <dst id="18">368.1156</dst>
      <dst id="4">58707.9556</dst>
      <dst id="1">3503.6178</dst>
      <dst id="5">1204.3467</dst>
      <dst id="3">837.5022</dst>
      <dst id="22">5968.2578</dst>
      <dst id="7">794.0978</dst>
      <dst id="2">8496.6222</dst>
      <dst id="6">35.7689</dst>
      <dst id="16">1550.4444</dst>
      <dst id="14">98.3644</dst>
      <dst id="20">1056.5867</dst>
      <dst id="11">1701.9733</dst>
      <dst id="9">1326.5956</dst>
      <dst id="17">11464.9689</dst>
      <dst id="21">3529.3956</dst>
      <dst id="15">541.9111</dst>
    </src>
    <src id="2">
      <dst id="12">94350.3378</dst>
      <dst id="13">526977.4222</dst>
      <dst id="19">1072.2222</dst>
      <dst id="23">1.8489</dst>
      <dst id="8">1709.1467</dst>
      <dst id="18">89603.3778</dst>
      <dst id="4">122465.0933</dst>
      <dst id="1">7164.6311</dst>
      <dst id="5">1763.9733</dst>
      <dst id="3">50.9867</dst>
      <dst id="22">2686.3911</dst>
      <dst id="7">1998.2578</dst>
      <dst id="2">522.0978</dst>
      <dst id="6">8938.0800</dst>
      <dst id="16">3560.4533</dst>
      <dst id="14">95.1289</dst>
      <dst id="20">1124.6400</dst>
      <dst id="11">2935.0311</dst>
      <dst id="9">8079.1556</dst>
      <dst id="17">37150.0978</dst>
      <dst id="21">5336.1956</dst>
      <dst id="15">161.3778</dst>
    </src>
    <src id="6">
      <dst id="12">12059.1378</dst>
      <dst id="13">2.0356</dst>
      <dst id="19">5.4133</dst>
      <dst id="4">81.7600</dst>
      <dst id="1">26.5067</dst>
      <dst id="5">25.3422</dst>
      <dst id="22">0.7644</dst>
      <dst id="7">3.6622</dst>
      <dst id="2">2343.4133</dst>
      <dst id="16">0.4622</dst>
      <dst id="20">13.5111</dst>
      <dst id="11">1.2356</dst>
      <dst id="9">13.1378</dst>
      <dst id="17">1326.9600</dst>
      <dst id="21">0.4622</dst>
    </src>
    <src id="16">
      <dst id="12">4052.0267</dst>
      <dst id="13">1142.5956</dst>
      <dst id="19">4498.7467</dst>
      <dst id="23">27.4844</dst>
      <dst id="8">6226.3822</dst>
      <dst id="18">76.9689</dst>
      <dst id="4">7193.2267</dst>
      <dst id="1">14588.3911</dst>
      <dst id="5">4279.1022</dst>
      <dst id="3">19.0133</dst>
      <dst id="7">5450.6844</dst>
      <dst id="2">1038.7911</dst>
      <dst id="16">58.8889</dst>
      <dst id="14">627.6444</dst>
      <dst id="11">209.6978</dst>
      <dst id="9">5810.2667</dst>
      <dst id="17">2593.4044</dst>
      <dst id="21">659.3600</dst>
    </src>
    <src id="14">
      <dst id="12">19155.5733</dst>
      <dst id="13">11.0667</dst>
      <dst id="19">59.8756</dst>
      <dst id="23">35.0311</dst>
      <dst id="8">1.2089</dst>
      <dst id="18">26.5600</dst>
      <dst id="4">3481.7600</dst>
      <dst id="1">113.6889</dst>
      <dst id="5">75.7867</dst>
      <dst id="3">63.5022</dst>
      <dst id="22">2.0711</dst>
      <dst id="7">34.2667</dst>
      <dst id="2">5429.4222</dst>
      <dst id="16">14.3200</dst>
      <dst id="20">28.3733</dst>
      <dst id="11">33.7422</dst>
      <dst id="9">89.0667</dst>
      <dst id="17">7477.8400</dst>
      <dst id="21">187.6267</dst>
      <dst id="15">13.3333</dst>
    </src>
    <src id="20">
      <dst id="12">12566.8000</dst>
      <dst id="13">6420.7022</dst>
      <dst id="19">988.6311</dst>
      <dst id="23">3.7511</dst>
      <dst id="8">83.5200</dst>
      <dst id="18">0.4622</dst>
      <dst id="4">21636.1067</dst>
      <dst id="1">297.5822</dst>
      <dst id="5">1781.7422</dst>
      <dst id="3">122.3911</dst>
      <dst id="7">92.9778</dst>
      <dst id="2">5320.0089</dst>
      <dst id="6">51.5556</dst>
      <dst id="14">26.1867</dst>
      <dst id="11">963.7956</dst>
      <dst id="9">20383.5822</dst>
      <dst id="17">3195.7156</dst>
      <dst id="21">276.3467</dst>
    </src>
    <src id="11">
      <dst id="12">390734.9422</dst>
      <dst id="13">3261.6356</dst>
      <dst id="19">32.4356</dst>
      <dst id="23">20.9778</dst>
      <dst id="8">910.0533</dst>
      <dst id="18">223.7778</dst>
      <dst id="4">17737.1733</dst>
      <dst id="1">432.9689</dst>
      <dst id="5">775.1644</dst>
      <dst id="3">876.4533</dst>
      <dst id="22">2956.9244</dst>
      <dst id="7">385.8756</dst>
      <dst id="2">153582.7733</dst>
      <dst id="16">438.3378</dst>
      <dst id="14">153.7600</dst>
      <dst id="20">173.6889</dst>
      <dst id="11">588.7467</dst>
      <dst id="9">1841.2533</dst>
      <dst id="17">152632.0178</dst>
      <dst id="21">416.3022</dst>
      <dst id="15">873.1467</dst>
    </src>
    <src id="9">
      <dst id="12">462264.7378</dst>
      <dst id="13">4428.8533</dst>
      <dst id="19">2.5600</dst>
      <dst id="23">11.6978</dst>
      <dst id="8">1335.4667</dst>
      <dst id="18">476.9778</dst>
      <dst id="4">12214.9244</dst>
      <dst id="1">1347.1467</dst>
      <dst id="5">1934.1156</dst>
      <dst id="3">0.8178</dst>
      <dst id="22">2837.0667</dst>
      <dst id="7">1725.0578</dst>
      <dst id="2">158929.3600</dst>
      <dst id="16">894.7822</dst>
      <dst id="14">1.4933</dst>
      <dst id="20">8523.8667</dst>
      <dst id="11">2498.9244</dst>
      <dst id="9">1304.9333</dst>
      <dst id="17">160801.1911</dst>
      <dst id="21">455.4667</dst>
      <dst id="15">2884.2133</dst>
    </src>
    <src id="17">
      <dst id="12">13306.5778</dst>
      <dst id="13">5713.0044</dst>
      <dst id="19">1016.3022</dst>
      <dst id="23">272.5244</dst>
      <dst id="8">165824.4178</dst>
      <dst id="18">297.4311</dst>
      <dst id="4">178140.2489</dst>
      <dst id="1">1528.3200</dst>
      <dst id="5">216046.1511</dst>
      <dst id="3">5919.8844</dst>
      <dst id="22">15141.5733</dst>
      <dst id="7">1195.9378</dst>
      <dst id="2">19801.4933</dst>
      <dst id="6">109.8311</dst>
      <dst id="16">4261.4578</dst>
      <dst id="14">23767.9378</dst>
      <dst id="20">555.8756</dst>
      <dst id="11">141647.4578</dst>
      <dst id="9">170846.6400</dst>
      <dst id="17">1493.7156</dst>
      <dst id="21">8052.3822</dst>
      <dst id="15">3282.2933</dst>
    </src>
    <src id="21">
      <dst id="12">21045.9289</dst>
      <dst id="13">3308.4889</dst>
      <dst id="19">167.1467</dst>
      <dst id="23">71.7867</dst>
      <dst id="8">273.3333</dst>
      <dst id="18">3700.2578</dst>
      <dst id="4">36019.9644</dst>
      <dst id="1">1002.2044</dst>
      <dst id="5">355.8756</dst>
      <dst id="3">974.8622</dst>
      <dst id="22">4698.8533</dst>
      <dst id="7">3295.4756</dst>
      <dst id="2">10301.5911</dst>
      <dst id="6">31.0667</dst>
      <dst id="16">262.3022</dst>
      <dst id="14">150.3022</dst>
      <dst id="20">458.0711</dst>
      <dst id="11">459.0044</dst>
      <dst id="9">1190.7111</dst>
      <dst id="17">4997.4756</dst>
      <dst id="21">2733.4133</dst>
      <dst id="15">70.3289</dst>
    </src>
    <src id="15">
      <dst id="12">1477.9822</dst>
      <dst id="13">553.1022</dst>
      <dst id="19">13.3333</dst>
      <dst id="8">3.2267</dst>
      <dst id="18">30.7733</dst>
      <dst id="4">7349.6800</dst>
      <dst id="1">389.8133</dst>
      <dst id="5">58.8089</dst>
      <dst id="3">254.5600</dst>
      <dst id="7">57.2800</dst>
      <dst id="2">463.4844</dst>
      <dst id="6">1.4756</dst>
      <dst id="14">0.7822</dst>
      <dst id="11">251.4133</dst>
      <dst id="9">955.2444</dst>
      <dst id="17">633.2622</dst>
      <dst id="21">56.8978</dst>
    </src>
  </IntraTM>
</TrafficMatrixFile>
