<?xml version="1.0" encoding="UTF-8" standalone="yes"?>
<TrafficMatrixFile xmlns:xsi="http://www.w3.org/2001/XMLSchema-instance" xsi:noNamespaceSchemaLocation="http://totem.run.montefiore.ulg.ac.be/Schema/TrafficMatrix-v1_2.xsd">
  <info>
    <title>Intradomain traffic matrix generated by geant-TM-all.pl</title>
    <date>2005-04-06T12:00:00</date>
    <duration>900</duration>
    <author>Steve Uhlig</author>
    <units>
        <unit type="bandwidth" value="kbps"/>
    </units>
  </info>
  <IntraTM ASID="20965">
    <src id="12">
      <dst id="12">284632.3111</dst>
      <dst id="13">23909.6178</dst>
      <dst id="19">5397.5378</dst>
      <dst id="23">1003.9289</dst>
      <dst id="8">64.4978</dst>
      <dst id="18">52533.2711</dst>
      <dst id="4">4948.4711</dst>
      <dst id="1">20756.7556</dst>
      <dst id="5">1758.5156</dst>
      <dst id="3">446.5956</dst>
      <dst id="10">1826.2222</dst>
      <dst id="22">13228.1156</dst>
      <dst id="7">66.3467</dst>
      <dst id="2">17288.6489</dst>
      <dst id="6">1.0222</dst>
      <dst id="16">3044.2311</dst>
      <dst id="14">206.0356</dst>
      <dst id="20">10569.4933</dst>
      <dst id="11">113.2089</dst>
      <dst id="9">2650.8178</dst>
      <dst id="17">33839.3422</dst>
      <dst id="21">611.3689</dst>
      <dst id="15">153.3511</dst>
    </src>
    <src id="13">
      <dst id="12">8169.0933</dst>
      <dst id="13">191.7689</dst>
      <dst id="19">1238.2933</dst>
      <dst id="23">12.1600</dst>
      <dst id="8">103.9289</dst>
      <dst id="18">752.2756</dst>
      <dst id="4">0.6400</dst>
      <dst id="1">199.2533</dst>
      <dst id="5">847.1733</dst>
      <dst id="3">2.0533</dst>
      <dst id="22">4588.5867</dst>
      <dst id="7">31.7511</dst>
      <dst id="2">1771.1111</dst>
      <dst id="16">242.5689</dst>
      <dst id="14">46.2133</dst>
      <dst id="20">3497.6178</dst>
      <dst id="11">160.6578</dst>
      <dst id="9">317.6889</dst>
      <dst id="17">5244.1867</dst>
      <dst id="21">230.8889</dst>
      <dst id="15">2242.8356</dst>
    </src>
    <src id="19">
      <dst id="12">33569.8667</dst>
      <dst id="13">1108.3289</dst>
      <dst id="18">0.8800</dst>
      <dst id="4">48.5778</dst>
      <dst id="1">104.8356</dst>
      <dst id="5">1.7778</dst>
      <dst id="3">1.5289</dst>
      <dst id="10">103.4756</dst>
      <dst id="22">26.6400</dst>
      <dst id="7">456.3289</dst>
      <dst id="2">200.3289</dst>
      <dst id="16">235.5111</dst>
      <dst id="14">19.0222</dst>
      <dst id="20">0.3378</dst>
      <dst id="11">26.6667</dst>
      <dst id="9">2587.3244</dst>
      <dst id="17">797.7778</dst>
      <dst id="21">216.8444</dst>
    </src>
    <src id="23">
      <dst id="12">1400.1422</dst>
      <dst id="13">325.2444</dst>
      <dst id="18">0.4622</dst>
      <dst id="4">483.1822</dst>
      <dst id="1">104.7378</dst>
      <dst id="5">13.3333</dst>
      <dst id="10">69.0400</dst>
      <dst id="22">32.8622</dst>
      <dst id="7">3.6622</dst>
      <dst id="2">134.8000</dst>
      <dst id="16">53.6533</dst>
      <dst id="11">1.0667</dst>
      <dst id="9">18.0533</dst>
      <dst id="17">16276.8978</dst>
      <dst id="21">4654.4000</dst>
    </src>
    <src id="8">
      <dst id="12">6852.3289</dst>
      <dst id="13">153.1289</dst>
      <dst id="19">0.4711</dst>
      <dst id="18">0.3556</dst>
      <dst id="4">19.9911</dst>
      <dst id="1">416.4267</dst>
      <dst id="5">190.8089</dst>
      <dst id="3">186.8889</dst>
      <dst id="10">30.8533</dst>
      <dst id="22">13.3333</dst>
      <dst id="2">10.4800</dst>
      <dst id="16">146791.3422</dst>
      <dst id="14">13.3333</dst>
      <dst id="11">148.5156</dst>
      <dst id="9">40394.7733</dst>
      <dst id="17">11331.8311</dst>
      <dst id="21">0.3556</dst>
      <dst id="15">1.8133</dst>
    </src>
    <src id="18">
      <dst id="12">92441.0933</dst>
      <dst id="13">295.9289</dst>
      <dst id="19">0.7467</dst>
      <dst id="8">1.1022</dst>
      <dst id="4">127.6800</dst>
      <dst id="1">892.4089</dst>
      <dst id="5">53.8311</dst>
      <dst id="3">1004.1067</dst>
      <dst id="10">73.6356</dst>
      <dst id="22">194.6667</dst>
      <dst id="7">67.8044</dst>
      <dst id="2">6949.3422</dst>
      <dst id="16">281.2889</dst>
      <dst id="14">0.5333</dst>
      <dst id="20">2.1956</dst>
      <dst id="11">27.8756</dst>
      <dst id="9">193.6356</dst>
      <dst id="17">2644.1778</dst>
      <dst id="21">179.2000</dst>
      <dst id="15">2.0711</dst>
    </src>
    <src id="4">
      <dst id="12">30440.0622</dst>
      <dst id="13">10.9600</dst>
      <dst id="19">2271.2178</dst>
      <dst id="23">371.6889</dst>
      <dst id="8">65805.3244</dst>
      <dst id="18">940.6400</dst>
      <dst id="4">872.2667</dst>
      <dst id="1">67650.0800</dst>
      <dst id="5">2426.8711</dst>
      <dst id="3">5.1378</dst>
      <dst id="22">6859.5822</dst>
      <dst id="7">58.5422</dst>
      <dst id="2">57359.1378</dst>
      <dst id="16">74077.6444</dst>
      <dst id="14">7120.0178</dst>
      <dst id="11">295.0311</dst>
      <dst id="9">32934.3289</dst>
      <dst id="17">62275.3333</dst>
      <dst id="21">18508.8178</dst>
      <dst id="15">5708.3911</dst>
    </src>
    <src id="1">
      <dst id="12">513288.0622</dst>
      <dst id="13">1570.7111</dst>
      <dst id="19">116.2133</dst>
      <dst id="23">82.4800</dst>
      <dst id="8">69.8133</dst>
      <dst id="18">12971.3600</dst>
      <dst id="4">246.0267</dst>
      <dst id="1">17836.6222</dst>
      <dst id="5">1024.1778</dst>
      <dst id="3">105.2000</dst>
      <dst id="10">1164.9067</dst>
      <dst id="22">1.0667</dst>
      <dst id="7">1096.4178</dst>
      <dst id="2">26516.2489</dst>
      <dst id="16">181404.8356</dst>
      <dst id="14">167.0400</dst>
      <dst id="20">32.3911</dst>
      <dst id="11">129.5822</dst>
      <dst id="9">1330.3022</dst>
      <dst id="17">460695.7333</dst>
      <dst id="21">8434.8267</dst>
      <dst id="15">3124.0622</dst>
    </src>
    <src id="5">
      <dst id="12">10646.9156</dst>
      <dst id="13">846.3822</dst>
      <dst id="19">107.1733</dst>
      <dst id="23">0.4622</dst>
      <dst id="8">180.6578</dst>
      <dst id="18">39.1200</dst>
      <dst id="4">82.5156</dst>
      <dst id="1">2207.1644</dst>
      <dst id="3">359.1022</dst>
      <dst id="10">64.7556</dst>
      <dst id="22">27.3778</dst>
      <dst id="2">42.8622</dst>
      <dst id="16">239927.0044</dst>
      <dst id="14">88.0356</dst>
      <dst id="9">27625.2000</dst>
      <dst id="17">23799.7689</dst>
      <dst id="21">43.0933</dst>
      <dst id="15">6.1244</dst>
    </src>
    <src id="3">
      <dst id="12">15400.2311</dst>
      <dst id="13">61052.5156</dst>
      <dst id="19">1489.0667</dst>
      <dst id="23">6.0178</dst>
      <dst id="8">5.2356</dst>
      <dst id="18">99.1289</dst>
      <dst id="4">366.7911</dst>
      <dst id="1">18954.9511</dst>
      <dst id="5">551.1733</dst>
      <dst id="3">36.1778</dst>
      <dst id="10">400.7289</dst>
      <dst id="22">2.6311</dst>
      <dst id="7">141.0756</dst>
      <dst id="2">3591.5289</dst>
      <dst id="16">6385.3689</dst>
      <dst id="14">272.0800</dst>
      <dst id="20">715.1289</dst>
      <dst id="11">433.3867</dst>
      <dst id="9">158.0444</dst>
      <dst id="17">24146.6933</dst>
      <dst id="21">554.9956</dst>
      <dst id="15">8.5244</dst>
    </src>
    <src id="10">
      <dst id="12">3592.2400</dst>
      <dst id="13">1.8311</dst>
      <dst id="19">2962.4889</dst>
      <dst id="23">6562.8978</dst>
      <dst id="8">15514.7200</dst>
      <dst id="18">756.5956</dst>
      <dst id="1">2024.2933</dst>
      <dst id="5">274.4000</dst>
      <dst id="3">5266.1333</dst>
      <dst id="22">2.2222</dst>
      <dst id="7">0.4622</dst>
      <dst id="2">9845.1733</dst>
      <dst id="16">17223.5644</dst>
      <dst id="14">197.0400</dst>
      <dst id="20">6839.2267</dst>
      <dst id="11">0.4267</dst>
      <dst id="9">3974.0089</dst>
      <dst id="17">17291.2622</dst>
      <dst id="21">2404.1600</dst>
      <dst id="15">51.9556</dst>
    </src>
    <src id="22">
      <dst id="12">8602.6756</dst>
      <dst id="13">3054.7200</dst>
      <dst id="19">869.8578</dst>
      <dst id="23">17.7333</dst>
      <dst id="8">12.0267</dst>
      <dst id="18">86.2844</dst>
      <dst id="4">219.6800</dst>
      <dst id="1">175.6000</dst>
      <dst id="5">985.9822</dst>
      <dst id="3">5.2178</dst>
      <dst id="10">464.7467</dst>
      <dst id="7">14.2222</dst>
      <dst id="2">2614.5244</dst>
      <dst id="16">302.4711</dst>
      <dst id="14">8.7822</dst>
      <dst id="11">63.9289</dst>
      <dst id="9">466.4444</dst>
      <dst id="17">2153.3511</dst>
      <dst id="21">108.9333</dst>
    </src>
    <src id="7">
      <dst id="12">7116.0444</dst>
      <dst id="13">5003.1733</dst>
      <dst id="19">213.4578</dst>
      <dst id="23">98.7467</dst>
      <dst id="8">123.8756</dst>
      <dst id="18">21.2711</dst>
      <dst id="4">884.3200</dst>
      <dst id="1">4931.9822</dst>
      <dst id="5">226.5689</dst>
      <dst id="3">4.1689</dst>
      <dst id="10">1714.6667</dst>
      <dst id="22">44.0711</dst>
      <dst id="2">635.9911</dst>
      <dst id="16">133.5289</dst>
      <dst id="14">7.6089</dst>
      <dst id="20">2.5778</dst>
      <dst id="11">185.3600</dst>
      <dst id="9">140.6311</dst>
      <dst id="17">1625.6711</dst>
      <dst id="21">952.9333</dst>
      <dst id="15">5.1378</dst>
    </src>
    <src id="2">
      <dst id="12">79853.6178</dst>
      <dst id="13">19672.3467</dst>
      <dst id="19">1019.3244</dst>
      <dst id="23">3.6978</dst>
      <dst id="8">1928.9156</dst>
      <dst id="18">15942.5511</dst>
      <dst id="4">2140.5956</dst>
      <dst id="1">37182.2667</dst>
      <dst id="5">151.2800</dst>
      <dst id="3">24.7200</dst>
      <dst id="10">2132.1689</dst>
      <dst id="22">683.6533</dst>
      <dst id="7">1078.6222</dst>
      <dst id="2">1472.8089</dst>
      <dst id="16">1300.8889</dst>
      <dst id="14">211.1111</dst>
      <dst id="20">58.6400</dst>
      <dst id="11">1068.8800</dst>
      <dst id="9">672.8267</dst>
      <dst id="17">16584.0267</dst>
      <dst id="21">522.7111</dst>
      <dst id="15">338.0622</dst>
    </src>
    <src id="6">
      <dst id="12">93.5022</dst>
      <dst id="13">3.3778</dst>
      <dst id="19">11.7333</dst>
      <dst id="1">47.7867</dst>
      <dst id="5">1.7778</dst>
      <dst id="3">37.3333</dst>
      <dst id="10">12.3911</dst>
      <dst id="22">2.7644</dst>
      <dst id="7">0.3378</dst>
      <dst id="2">689.4578</dst>
      <dst id="16">42.8356</dst>
      <dst id="11">1.2800</dst>
      <dst id="9">6.4356</dst>
      <dst id="17">13932.6933</dst>
      <dst id="21">1.3067</dst>
    </src>
    <src id="16">
      <dst id="12">70088.2400</dst>
      <dst id="13">792.1156</dst>
      <dst id="19">3003.6089</dst>
      <dst id="23">5.5556</dst>
      <dst id="8">74496.4267</dst>
      <dst id="18">3.5556</dst>
      <dst id="4">198.6311</dst>
      <dst id="1">7682.5689</dst>
      <dst id="5">147202.2400</dst>
      <dst id="3">1246.7556</dst>
      <dst id="10">391.6622</dst>
      <dst id="2">164.1244</dst>
      <dst id="16">16601.4311</dst>
      <dst id="14">19887.2089</dst>
      <dst id="11">8785.0133</dst>
      <dst id="9">120219.9822</dst>
      <dst id="17">588.7378</dst>
      <dst id="21">0.7644</dst>
    </src>
    <src id="14">
      <dst id="12">545.6267</dst>
      <dst id="13">592.2222</dst>
      <dst id="19">28.4089</dst>
      <dst id="23">0.9244</dst>
      <dst id="8">0.4178</dst>
      <dst id="18">26.3644</dst>
      <dst id="4">55.4756</dst>
      <dst id="1">368.8267</dst>
      <dst id="5">2.5156</dst>
      <dst id="3">2492.9956</dst>
      <dst id="10">132.4444</dst>
      <dst id="22">0.5511</dst>
      <dst id="7">5.9022</dst>
      <dst id="2">1849.3333</dst>
      <dst id="16">2709.2711</dst>
      <dst id="20">1.0667</dst>
      <dst id="11">7.7511</dst>
      <dst id="9">105.1556</dst>
      <dst id="17">21017.7956</dst>
      <dst id="21">150.1067</dst>
    </src>
    <src id="20">
      <dst id="12">3135.3333</dst>
      <dst id="13">3228.6756</dst>
      <dst id="19">1.4133</dst>
      <dst id="23">0.9244</dst>
      <dst id="8">3.3067</dst>
      <dst id="18">30.3733</dst>
      <dst id="4">645.3422</dst>
      <dst id="1">80.6133</dst>
      <dst id="5">52.0089</dst>
      <dst id="3">0.4622</dst>
      <dst id="10">583.0933</dst>
      <dst id="7">41.0222</dst>
      <dst id="2">97.8933</dst>
      <dst id="16">6169.4400</dst>
      <dst id="14">1.5733</dst>
      <dst id="20">51.7511</dst>
      <dst id="11">26.6667</dst>
      <dst id="9">97.2533</dst>
      <dst id="17">2465.6978</dst>
      <dst id="21">230.5067</dst>
    </src>
    <src id="11">
      <dst id="12">17343.5556</dst>
      <dst id="13">1585.7511</dst>
      <dst id="19">15.3956</dst>
      <dst id="23">4.5333</dst>
      <dst id="8">13.4667</dst>
      <dst id="18">40.0178</dst>
      <dst id="4">337.0667</dst>
      <dst id="1">4098.1333</dst>
      <dst id="5">430.9422</dst>
      <dst id="3">957.2267</dst>
      <dst id="10">658.3289</dst>
      <dst id="22">140.6489</dst>
      <dst id="7">0.8533</dst>
      <dst id="2">51511.0489</dst>
      <dst id="16">8499.1822</dst>
      <dst id="14">8.0533</dst>
      <dst id="20">304.7111</dst>
      <dst id="11">1611.5911</dst>
      <dst id="9">1893.7511</dst>
      <dst id="17">435359.7244</dst>
      <dst id="21">467.2978</dst>
      <dst id="15">8.9333</dst>
    </src>
    <src id="9">
      <dst id="12">29438.2311</dst>
      <dst id="13">2816.3289</dst>
      <dst id="19">86.0267</dst>
      <dst id="23">33.5644</dst>
      <dst id="8">62888.7467</dst>
      <dst id="18">378.9778</dst>
      <dst id="4">449.1822</dst>
      <dst id="1">4810.6667</dst>
      <dst id="5">378.5156</dst>
      <dst id="3">652.3911</dst>
      <dst id="10">149.1378</dst>
      <dst id="22">3.0222</dst>
      <dst id="2">301.7511</dst>
      <dst id="16">465769.5911</dst>
      <dst id="14">0.9867</dst>
      <dst id="11">20.4089</dst>
      <dst id="9">215462.2311</dst>
      <dst id="17">46019.8222</dst>
      <dst id="21">1.6889</dst>
      <dst id="15">35.5911</dst>
    </src>
    <src id="17">
      <dst id="12">48888.4089</dst>
      <dst id="13">18650.5067</dst>
      <dst id="19">853.4400</dst>
      <dst id="23">272.0356</dst>
      <dst id="8">76.8356</dst>
      <dst id="18">4982.4267</dst>
      <dst id="4">6157.7867</dst>
      <dst id="1">14498.3200</dst>
      <dst id="5">76714.4711</dst>
      <dst id="3">1691.8133</dst>
      <dst id="10">10647.9467</dst>
      <dst id="22">4108.1956</dst>
      <dst id="7">432.6311</dst>
      <dst id="2">1574.8178</dst>
      <dst id="16">44143.6178</dst>
      <dst id="14">14753.3244</dst>
      <dst id="20">27621.0311</dst>
      <dst id="11">5846.9956</dst>
      <dst id="9">1451.3333</dst>
      <dst id="17">16070.0178</dst>
      <dst id="21">1669.0311</dst>
      <dst id="15">151.7511</dst>
    </src>
    <src id="21">
      <dst id="12">695.2711</dst>
      <dst id="13">2917.4311</dst>
      <dst id="19">154.9333</dst>
      <dst id="23">62.7289</dst>
      <dst id="8">629.4133</dst>
      <dst id="18">213.5822</dst>
      <dst id="4">346.3111</dst>
      <dst id="1">1663.5289</dst>
      <dst id="5">85.4933</dst>
      <dst id="3">493.8400</dst>
      <dst id="10">2559.6533</dst>
      <dst id="22">35.8400</dst>
      <dst id="7">220.6756</dst>
      <dst id="2">4530.1511</dst>
      <dst id="16">3217.2533</dst>
      <dst id="14">213.0578</dst>
      <dst id="20">315.0400</dst>
      <dst id="11">355.0489</dst>
      <dst id="9">440.9067</dst>
      <dst id="17">18783.7778</dst>
      <dst id="21">759.0489</dst>
      <dst id="15">32.7200</dst>
    </src>
    <src id="15">
      <dst id="12">6603.4667</dst>
      <dst id="13">84.4533</dst>
      <dst id="19">1.5733</dst>
      <dst id="8">1.3333</dst>
      <dst id="4">300.8800</dst>
      <dst id="1">111.7156</dst>
      <dst id="5">4.5244</dst>
      <dst id="10">80.5689</dst>
      <dst id="2">58.2578</dst>
      <dst id="16">602.4267</dst>
      <dst id="11">0.4622</dst>
      <dst id="9">309.2978</dst>
      <dst id="17">283.1822</dst>
      <dst id="21">12.7467</dst>
    </src>
  </IntraTM>
</TrafficMatrixFile>
