<?xml version="1.0" encoding="UTF-8" standalone="yes"?>
<TrafficMatrixFile xmlns:xsi="http://www.w3.org/2001/XMLSchema-instance" xsi:noNamespaceSchemaLocation="http://totem.run.montefiore.ulg.ac.be/Schema/TrafficMatrix-v1_2.xsd">
  <info>
    <title>Intradomain traffic matrix generated by geant-TM-all.pl</title>
    <date>2005-03-09T20:30:00</date>
    <duration>900</duration>
    <author>Steve Uhlig</author>
    <units>
        <unit type="bandwidth" value="kbps"/>
    </units>
  </info>
  <IntraTM ASID="20965">
    <src id="12">
      <dst id="12">211329.7689</dst>
      <dst id="13">21073.1556</dst>
      <dst id="19">762.8800</dst>
      <dst id="23">7412.1600</dst>
      <dst id="8">2717.7333</dst>
      <dst id="18">162562.0267</dst>
      <dst id="4">9885.2356</dst>
      <dst id="1">25227.5022</dst>
      <dst id="5">3178.0000</dst>
      <dst id="3">3574.0000</dst>
      <dst id="10">30192.0267</dst>
      <dst id="22">19929.4489</dst>
      <dst id="7">5630.1511</dst>
      <dst id="2">27482.4178</dst>
      <dst id="6">88.0267</dst>
      <dst id="16">7734.7200</dst>
      <dst id="14">604.9422</dst>
      <dst id="20">3851.6000</dst>
      <dst id="11">312.5778</dst>
      <dst id="9">13351.0667</dst>
      <dst id="17">130111.9733</dst>
      <dst id="21">6058.7289</dst>
      <dst id="15">7284.6756</dst>
    </src>
    <src id="13">
      <dst id="12">55798.7378</dst>
      <dst id="13">0.3556</dst>
      <dst id="19">8012.5689</dst>
      <dst id="23">1906.0000</dst>
      <dst id="8">7481.2178</dst>
      <dst id="18">6036.1067</dst>
      <dst id="1">9711.3511</dst>
      <dst id="5">5147.8933</dst>
      <dst id="3">5068.9956</dst>
      <dst id="22">17990.6756</dst>
      <dst id="7">29042.3556</dst>
      <dst id="2">68312.7822</dst>
      <dst id="6">642.7467</dst>
      <dst id="16">12177.0489</dst>
      <dst id="14">4492.9244</dst>
      <dst id="20">11906.6222</dst>
      <dst id="11">2218.4444</dst>
      <dst id="9">13883.7156</dst>
      <dst id="17">141839.4133</dst>
      <dst id="21">16639.4400</dst>
      <dst id="15">4082.4356</dst>
    </src>
    <src id="19">
      <dst id="12">2181.7511</dst>
      <dst id="13">1063.2533</dst>
      <dst id="23">99.1911</dst>
      <dst id="8">23.5556</dst>
      <dst id="18">64.7467</dst>
      <dst id="4">16942.6667</dst>
      <dst id="1">669.1200</dst>
      <dst id="5">128.8978</dst>
      <dst id="3">183.6267</dst>
      <dst id="10">1386.7467</dst>
      <dst id="22">270.4889</dst>
      <dst id="7">1837.2711</dst>
      <dst id="2">704.1244</dst>
      <dst id="6">44.0089</dst>
      <dst id="16">4753.0222</dst>
      <dst id="14">5999.4933</dst>
      <dst id="20">142.8889</dst>
      <dst id="11">2.5067</dst>
      <dst id="9">1334.0800</dst>
      <dst id="17">3791.8489</dst>
      <dst id="21">12664.2756</dst>
      <dst id="15">2.7644</dst>
    </src>
    <src id="23">
      <dst id="12">9076.6222</dst>
      <dst id="13">887.9200</dst>
      <dst id="19">1776.1778</dst>
      <dst id="8">93.3333</dst>
      <dst id="18">79.3778</dst>
      <dst id="4">1427.9378</dst>
      <dst id="1">12300.4267</dst>
      <dst id="5">15.2000</dst>
      <dst id="3">116.2756</dst>
      <dst id="10">697.7689</dst>
      <dst id="22">362.4622</dst>
      <dst id="7">1806.3733</dst>
      <dst id="2">997.0756</dst>
      <dst id="6">8.5511</dst>
      <dst id="16">385.3333</dst>
      <dst id="14">0.4622</dst>
      <dst id="20">25.1733</dst>
      <dst id="11">12.6222</dst>
      <dst id="9">667.5556</dst>
      <dst id="17">39301.7867</dst>
      <dst id="21">5257.1022</dst>
      <dst id="15">10.3911</dst>
    </src>
    <src id="8">
      <dst id="12">23119.7244</dst>
      <dst id="13">3625.2800</dst>
      <dst id="19">27.8044</dst>
      <dst id="23">3.1289</dst>
      <dst id="18">50.0178</dst>
      <dst id="4">916.4356</dst>
      <dst id="1">5008.1156</dst>
      <dst id="5">1986.1956</dst>
      <dst id="3">299.0933</dst>
      <dst id="10">1000.0089</dst>
      <dst id="7">39.9911</dst>
      <dst id="2">550.1244</dst>
      <dst id="6">10.5689</dst>
      <dst id="16">147639.0933</dst>
      <dst id="14">109.3956</dst>
      <dst id="11">42.1333</dst>
      <dst id="9">171961.6000</dst>
      <dst id="17">318470.2933</dst>
      <dst id="15">442.7022</dst>
    </src>
    <src id="18">
      <dst id="12">72564.8356</dst>
      <dst id="13">131.2533</dst>
      <dst id="19">6.4267</dst>
      <dst id="23">5.5111</dst>
      <dst id="8">43.1200</dst>
      <dst id="4">123.9022</dst>
      <dst id="1">10802.7733</dst>
      <dst id="5">93.6622</dst>
      <dst id="3">3332.3556</dst>
      <dst id="10">478.2933</dst>
      <dst id="22">239.7156</dst>
      <dst id="7">86.4533</dst>
      <dst id="2">17916.8711</dst>
      <dst id="6">6.4000</dst>
      <dst id="16">1643.5644</dst>
      <dst id="14">2.4178</dst>
      <dst id="20">10.3111</dst>
      <dst id="11">13.5733</dst>
      <dst id="9">1019.0578</dst>
      <dst id="17">51917.2978</dst>
      <dst id="21">657.1022</dst>
      <dst id="15">4534.3378</dst>
    </src>
    <src id="4">
      <dst id="12">17741.4933</dst>
      <dst id="19">2707.2267</dst>
      <dst id="23">550.0178</dst>
      <dst id="8">1543.4578</dst>
      <dst id="18">1243.6089</dst>
      <dst id="4">1886.8356</dst>
      <dst id="1">193351.0667</dst>
      <dst id="5">1313.2267</dst>
      <dst id="3">656.0800</dst>
      <dst id="7">86185.3867</dst>
      <dst id="2">126823.4400</dst>
      <dst id="6">717.2356</dst>
      <dst id="16">3825.1200</dst>
      <dst id="14">3610.1689</dst>
      <dst id="11">174.4000</dst>
      <dst id="9">8859.0311</dst>
      <dst id="17">45528.2667</dst>
      <dst id="21">5853.9911</dst>
      <dst id="15">938.0178</dst>
    </src>
    <src id="1">
      <dst id="12">735428.9333</dst>
      <dst id="13">6219.6800</dst>
      <dst id="19">205.5822</dst>
      <dst id="23">375.0667</dst>
      <dst id="8">113.9911</dst>
      <dst id="18">14384.5511</dst>
      <dst id="4">4555.7333</dst>
      <dst id="1">626706.0533</dst>
      <dst id="5">577.6356</dst>
      <dst id="3">4997.0756</dst>
      <dst id="10">1700.7022</dst>
      <dst id="7">166706.5689</dst>
      <dst id="2">236453.9200</dst>
      <dst id="6">47.4133</dst>
      <dst id="16">10941.8933</dst>
      <dst id="14">342.1867</dst>
      <dst id="20">869.1022</dst>
      <dst id="11">302.3822</dst>
      <dst id="9">12444.7644</dst>
      <dst id="17">248102.8267</dst>
      <dst id="21">355145.7867</dst>
      <dst id="15">1383.8044</dst>
    </src>
    <src id="5">
      <dst id="12">14564.4089</dst>
      <dst id="13">1562.7644</dst>
      <dst id="19">55.3956</dst>
      <dst id="23">1.0667</dst>
      <dst id="8">12990.3911</dst>
      <dst id="18">326.1778</dst>
      <dst id="4">517.9378</dst>
      <dst id="1">28292.0000</dst>
      <dst id="3">789.3244</dst>
      <dst id="10">1191.2889</dst>
      <dst id="7">77.5467</dst>
      <dst id="2">683.4044</dst>
      <dst id="6">1.8489</dst>
      <dst id="16">157562.8533</dst>
      <dst id="14">12.9778</dst>
      <dst id="11">166.2578</dst>
      <dst id="9">50983.9111</dst>
      <dst id="17">229781.0222</dst>
      <dst id="21">0.3556</dst>
      <dst id="15">1101.9200</dst>
    </src>
    <src id="3">
      <dst id="12">12342.5867</dst>
      <dst id="13">2629.4756</dst>
      <dst id="19">1358.5956</dst>
      <dst id="23">26.1689</dst>
      <dst id="8">182.8000</dst>
      <dst id="18">1585.7689</dst>
      <dst id="4">21760.6933</dst>
      <dst id="1">12075.5644</dst>
      <dst id="5">1313.0489</dst>
      <dst id="3">367.5733</dst>
      <dst id="10">11969.7156</dst>
      <dst id="7">2957.4578</dst>
      <dst id="2">7291.8667</dst>
      <dst id="6">41.7244</dst>
      <dst id="16">1801.6267</dst>
      <dst id="14">333.0844</dst>
      <dst id="20">260.6844</dst>
      <dst id="11">157.3511</dst>
      <dst id="9">2992.1511</dst>
      <dst id="17">53475.9467</dst>
      <dst id="21">8493.6356</dst>
      <dst id="15">177.1822</dst>
    </src>
    <src id="10">
      <dst id="12">28741.8489</dst>
      <dst id="19">2056.9689</dst>
      <dst id="23">2993.0578</dst>
      <dst id="8">2157.2711</dst>
      <dst id="18">5283.4311</dst>
      <dst id="1">8550.9333</dst>
      <dst id="5">1311.2444</dst>
      <dst id="3">3333.7511</dst>
      <dst id="7">10081.2978</dst>
      <dst id="2">27559.1467</dst>
      <dst id="6">27.9111</dst>
      <dst id="16">3880.3378</dst>
      <dst id="14">3881.3778</dst>
      <dst id="20">1025.7422</dst>
      <dst id="11">457.2089</dst>
      <dst id="9">11612.7822</dst>
      <dst id="17">62151.2622</dst>
      <dst id="21">12633.4044</dst>
      <dst id="15">164.4444</dst>
    </src>
    <src id="22">
      <dst id="12">6378.0711</dst>
      <dst id="13">814.5333</dst>
      <dst id="19">55.4756</dst>
      <dst id="23">44.7822</dst>
      <dst id="8">496.1156</dst>
      <dst id="18">232.1867</dst>
      <dst id="4">4582.0978</dst>
      <dst id="1">1040.4889</dst>
      <dst id="5">2396.2756</dst>
      <dst id="3">192.9778</dst>
      <dst id="10">4426.8533</dst>
      <dst id="7">2261.3333</dst>
      <dst id="2">3588.3022</dst>
      <dst id="6">144.6578</dst>
      <dst id="14">51.5289</dst>
      <dst id="11">85.2000</dst>
      <dst id="9">749.1022</dst>
      <dst id="17">9105.0667</dst>
      <dst id="21">658.8444</dst>
    </src>
    <src id="7">
      <dst id="12">12229.9911</dst>
      <dst id="13">954.1067</dst>
      <dst id="19">890.6222</dst>
      <dst id="23">80.3822</dst>
      <dst id="8">1817.9200</dst>
      <dst id="18">1902.8178</dst>
      <dst id="4">5270.2222</dst>
      <dst id="1">16144.4267</dst>
      <dst id="5">452.1956</dst>
      <dst id="3">1590.7733</dst>
      <dst id="10">4009.7067</dst>
      <dst id="22">1170.5333</dst>
      <dst id="7">883.6089</dst>
      <dst id="2">10799.1733</dst>
      <dst id="6">140.8356</dst>
      <dst id="16">610.9156</dst>
      <dst id="14">369.1111</dst>
      <dst id="20">233.3600</dst>
      <dst id="11">389.6533</dst>
      <dst id="9">666.7022</dst>
      <dst id="17">15434.3556</dst>
      <dst id="21">7451.4400</dst>
      <dst id="15">125.8133</dst>
    </src>
    <src id="2">
      <dst id="12">96632.7822</dst>
      <dst id="13">6716.8711</dst>
      <dst id="19">2466.6489</dst>
      <dst id="23">43.2000</dst>
      <dst id="8">1260.0533</dst>
      <dst id="18">113010.5867</dst>
      <dst id="4">20092.8267</dst>
      <dst id="1">33477.7333</dst>
      <dst id="5">4766.9778</dst>
      <dst id="3">430.7378</dst>
      <dst id="10">22108.8089</dst>
      <dst id="22">2181.2267</dst>
      <dst id="7">17392.3111</dst>
      <dst id="2">1993.4667</dst>
      <dst id="6">65961.1733</dst>
      <dst id="16">2724.7733</dst>
      <dst id="14">398.4178</dst>
      <dst id="20">888.7911</dst>
      <dst id="11">318.9244</dst>
      <dst id="9">4174.4622</dst>
      <dst id="17">44428.8267</dst>
      <dst id="21">4041.8578</dst>
      <dst id="15">71.2178</dst>
    </src>
    <src id="6">
      <dst id="12">1641.8400</dst>
      <dst id="13">64.0622</dst>
      <dst id="19">20.9956</dst>
      <dst id="23">4.5156</dst>
      <dst id="8">566.8178</dst>
      <dst id="18">72.6756</dst>
      <dst id="4">13.9733</dst>
      <dst id="1">3084.2756</dst>
      <dst id="5">22.0800</dst>
      <dst id="3">77.1378</dst>
      <dst id="10">504.2133</dst>
      <dst id="22">58.2044</dst>
      <dst id="7">636.9778</dst>
      <dst id="2">1611.0578</dst>
      <dst id="16">137.7600</dst>
      <dst id="14">11.4667</dst>
      <dst id="20">26.3111</dst>
      <dst id="11">14.1422</dst>
      <dst id="9">265.1644</dst>
      <dst id="17">19890.3556</dst>
      <dst id="21">89.5644</dst>
      <dst id="15">2.8800</dst>
    </src>
    <src id="16">
      <dst id="12">323188.6400</dst>
      <dst id="13">5749.0667</dst>
      <dst id="19">4192.7111</dst>
      <dst id="23">35.2800</dst>
      <dst id="8">299327.5022</dst>
      <dst id="18">82.6578</dst>
      <dst id="4">921.3511</dst>
      <dst id="1">13639.5822</dst>
      <dst id="5">328652.2044</dst>
      <dst id="3">17044.5867</dst>
      <dst id="10">1433.9556</dst>
      <dst id="7">577.1289</dst>
      <dst id="2">827.3867</dst>
      <dst id="6">61.3600</dst>
      <dst id="16">1240.6400</dst>
      <dst id="14">78634.2133</dst>
      <dst id="11">48378.4000</dst>
      <dst id="9">387316.6311</dst>
      <dst id="17">33162.6222</dst>
      <dst id="21">0.8533</dst>
    </src>
    <src id="14">
      <dst id="12">2345.8222</dst>
      <dst id="13">130.9511</dst>
      <dst id="19">157.4044</dst>
      <dst id="23">0.9244</dst>
      <dst id="8">52.6222</dst>
      <dst id="18">62.1867</dst>
      <dst id="4">641.4222</dst>
      <dst id="1">4725.4844</dst>
      <dst id="5">23.6356</dst>
      <dst id="3">1441.4311</dst>
      <dst id="10">1239.1733</dst>
      <dst id="7">253.7156</dst>
      <dst id="2">2274.2400</dst>
      <dst id="16">1329.9111</dst>
      <dst id="20">37.9022</dst>
      <dst id="11">0.4622</dst>
      <dst id="9">765.1556</dst>
      <dst id="17">32915.6000</dst>
      <dst id="21">482.4889</dst>
      <dst id="15">3.2000</dst>
    </src>
    <src id="20">
      <dst id="12">2750.1778</dst>
      <dst id="13">1686.7467</dst>
      <dst id="19">171.8844</dst>
      <dst id="23">39.1378</dst>
      <dst id="8">1022.4267</dst>
      <dst id="18">18.5511</dst>
      <dst id="4">1528.9333</dst>
      <dst id="1">2911.9111</dst>
      <dst id="5">1361.8578</dst>
      <dst id="3">678.3289</dst>
      <dst id="10">1900.1067</dst>
      <dst id="7">1824.9511</dst>
      <dst id="2">10348.7022</dst>
      <dst id="6">36.9156</dst>
      <dst id="14">52.3644</dst>
      <dst id="20">29.5467</dst>
      <dst id="11">26.4622</dst>
      <dst id="9">1276.0711</dst>
      <dst id="17">5932.9067</dst>
      <dst id="21">1086.6222</dst>
    </src>
    <src id="11">
      <dst id="12">49602.2133</dst>
      <dst id="13">4408.7378</dst>
      <dst id="19">343.0222</dst>
      <dst id="23">66.4533</dst>
      <dst id="8">4760.3378</dst>
      <dst id="18">393.3422</dst>
      <dst id="4">2627.5289</dst>
      <dst id="1">55874.4356</dst>
      <dst id="5">1257.6622</dst>
      <dst id="3">1121.4578</dst>
      <dst id="10">5565.1378</dst>
      <dst id="7">1119.6178</dst>
      <dst id="2">65542.2044</dst>
      <dst id="6">31.2444</dst>
      <dst id="16">26017.3778</dst>
      <dst id="14">32.0444</dst>
      <dst id="20">511.8133</dst>
      <dst id="11">3573.3778</dst>
      <dst id="9">11587.3956</dst>
      <dst id="17">705499.0756</dst>
      <dst id="21">911.1022</dst>
      <dst id="15">671.4222</dst>
    </src>
    <src id="9">
      <dst id="12">29459.1378</dst>
      <dst id="13">5800.0889</dst>
      <dst id="19">205.8578</dst>
      <dst id="23">18.4978</dst>
      <dst id="8">174435.2978</dst>
      <dst id="18">226.3644</dst>
      <dst id="4">4366.9067</dst>
      <dst id="1">7456.7467</dst>
      <dst id="5">1804.7022</dst>
      <dst id="3">1474.6489</dst>
      <dst id="10">6280.6667</dst>
      <dst id="7">753.1378</dst>
      <dst id="2">2684.3111</dst>
      <dst id="6">4.1511</dst>
      <dst id="16">141939.5289</dst>
      <dst id="14">106.6667</dst>
      <dst id="11">742.6756</dst>
      <dst id="9">359758.3733</dst>
      <dst id="17">376030.5333</dst>
      <dst id="21">6.4178</dst>
      <dst id="15">11562.7733</dst>
    </src>
    <src id="17">
      <dst id="12">222362.2844</dst>
      <dst id="13">31670.1511</dst>
      <dst id="19">5284.4533</dst>
      <dst id="23">561.7156</dst>
      <dst id="8">6642.4444</dst>
      <dst id="18">4093.4933</dst>
      <dst id="4">19801.5911</dst>
      <dst id="1">15048.9689</dst>
      <dst id="5">181282.0800</dst>
      <dst id="3">15113.2978</dst>
      <dst id="10">27268.3733</dst>
      <dst id="7">7750.3467</dst>
      <dst id="2">47225.3422</dst>
      <dst id="6">1957.3422</dst>
      <dst id="16">14886.6400</dst>
      <dst id="14">33860.6400</dst>
      <dst id="20">2273.6622</dst>
      <dst id="11">27887.3689</dst>
      <dst id="9">36158.6489</dst>
      <dst id="17">54509.3156</dst>
      <dst id="21">31425.5733</dst>
      <dst id="15">3943.5378</dst>
    </src>
    <src id="21">
      <dst id="12">7201.3867</dst>
      <dst id="13">959.9822</dst>
      <dst id="19">1669.4044</dst>
      <dst id="23">509.2622</dst>
      <dst id="8">322.7556</dst>
      <dst id="18">1687.1467</dst>
      <dst id="4">6190.6400</dst>
      <dst id="1">12531.6800</dst>
      <dst id="5">610.8978</dst>
      <dst id="3">7787.2978</dst>
      <dst id="10">4784.3644</dst>
      <dst id="7">6659.0756</dst>
      <dst id="2">11335.2978</dst>
      <dst id="6">14.1511</dst>
      <dst id="16">1132.5422</dst>
      <dst id="14">296.7111</dst>
      <dst id="20">1565.1378</dst>
      <dst id="11">278.8800</dst>
      <dst id="9">3006.6400</dst>
      <dst id="17">32852.3556</dst>
      <dst id="21">2577.2800</dst>
      <dst id="15">45.2444</dst>
    </src>
    <src id="15">
      <dst id="12">675.4400</dst>
      <dst id="13">672.7644</dst>
      <dst id="19">25.2444</dst>
      <dst id="8">3517.8667</dst>
      <dst id="18">106.1244</dst>
      <dst id="4">466.0267</dst>
      <dst id="1">119.3956</dst>
      <dst id="5">218.7822</dst>
      <dst id="10">515.9022</dst>
      <dst id="7">658.8444</dst>
      <dst id="2">210.0978</dst>
      <dst id="6">3.2444</dst>
      <dst id="16">15.4667</dst>
      <dst id="14">263.6267</dst>
      <dst id="11">64.6400</dst>
      <dst id="9">5239.2000</dst>
      <dst id="17">4472.7467</dst>
      <dst id="21">0.5511</dst>
    </src>
  </IntraTM>
</TrafficMatrixFile>
