<?xml version="1.0" encoding="UTF-8" standalone="yes"?>
<TrafficMatrixFile xmlns:xsi="http://www.w3.org/2001/XMLSchema-instance" xsi:noNamespaceSchemaLocation="http://totem.run.montefiore.ulg.ac.be/Schema/TrafficMatrix-v1_2.xsd">
  <info>
    <title>Intradomain traffic matrix generated by geant-TM-all.pl</title>
    <date>2005-03-24T02:30:00</date>
    <duration>900</duration>
    <author>Steve Uhlig</author>
    <units>
        <unit type="bandwidth" value="kbps"/>
    </units>
  </info>
  <IntraTM ASID="20965">
    <src id="12">
      <dst id="12">330582.0178</dst>
      <dst id="13">23595.8311</dst>
      <dst id="19">1566.9333</dst>
      <dst id="23">10737.3600</dst>
      <dst id="8">351.9467</dst>
      <dst id="18">161835.0933</dst>
      <dst id="4">5922.3022</dst>
      <dst id="1">29653.5289</dst>
      <dst id="5">1229.0756</dst>
      <dst id="3">1152.7822</dst>
      <dst id="10">1877.1378</dst>
      <dst id="22">6262.0978</dst>
      <dst id="7">5979.5822</dst>
      <dst id="2">27587.0222</dst>
      <dst id="6">32025.1911</dst>
      <dst id="16">7961.6178</dst>
      <dst id="14">100.9067</dst>
      <dst id="20">15673.6622</dst>
      <dst id="11">73.3333</dst>
      <dst id="9">5883.0667</dst>
      <dst id="17">61074.9244</dst>
      <dst id="21">2445.8844</dst>
      <dst id="15">4445.4133</dst>
    </src>
    <src id="13">
      <dst id="12">36845.3778</dst>
      <dst id="13">63.2267</dst>
      <dst id="19">6680.4711</dst>
      <dst id="23">168.8622</dst>
      <dst id="8">73.8844</dst>
      <dst id="18">537.9022</dst>
      <dst id="4">38.3733</dst>
      <dst id="1">795.9467</dst>
      <dst id="5">632.1956</dst>
      <dst id="3">93.0578</dst>
      <dst id="10">1.7778</dst>
      <dst id="22">12587.1289</dst>
      <dst id="7">1931.7867</dst>
      <dst id="2">31881.5200</dst>
      <dst id="6">21.4756</dst>
      <dst id="16">4045.6533</dst>
      <dst id="14">148.0356</dst>
      <dst id="20">3800.1600</dst>
      <dst id="11">459.9289</dst>
      <dst id="9">4757.0133</dst>
      <dst id="17">13556.0711</dst>
      <dst id="21">2386.8533</dst>
      <dst id="15">1786.5067</dst>
    </src>
    <src id="19">
      <dst id="12">19205.8311</dst>
      <dst id="13">2030.5778</dst>
      <dst id="23">127.7511</dst>
      <dst id="8">26.3911</dst>
      <dst id="18">5.1200</dst>
      <dst id="4">83.8222</dst>
      <dst id="1">334.8889</dst>
      <dst id="5">4.4889</dst>
      <dst id="3">96.9422</dst>
      <dst id="10">177.6978</dst>
      <dst id="22">47.2533</dst>
      <dst id="7">6176.0267</dst>
      <dst id="2">1297.1200</dst>
      <dst id="6">38.8444</dst>
      <dst id="16">1308.1156</dst>
      <dst id="14">48.5333</dst>
      <dst id="20">165.0133</dst>
      <dst id="9">73.1822</dst>
      <dst id="17">24268.6578</dst>
      <dst id="21">655.6267</dst>
    </src>
    <src id="23">
      <dst id="12">6776.4444</dst>
      <dst id="13">692.4444</dst>
      <dst id="19">5.8133</dst>
      <dst id="8">0.4089</dst>
      <dst id="18">0.4622</dst>
      <dst id="4">154.7644</dst>
      <dst id="1">125.2356</dst>
      <dst id="3">13.6889</dst>
      <dst id="10">177.6711</dst>
      <dst id="22">56.3022</dst>
      <dst id="7">478.5333</dst>
      <dst id="2">86.9689</dst>
      <dst id="6">66.6667</dst>
      <dst id="16">356.9689</dst>
      <dst id="14">1492.7289</dst>
      <dst id="11">18.7556</dst>
      <dst id="9">1398.3822</dst>
      <dst id="17">3611.8756</dst>
      <dst id="21">2373.8489</dst>
    </src>
    <src id="8">
      <dst id="12">4135.5200</dst>
      <dst id="13">756.7378</dst>
      <dst id="19">54.1244</dst>
      <dst id="18">145.3511</dst>
      <dst id="4">107.3511</dst>
      <dst id="1">3895.0133</dst>
      <dst id="5">480.4356</dst>
      <dst id="10">3.1200</dst>
      <dst id="22">0.8178</dst>
      <dst id="7">1.0667</dst>
      <dst id="2">28.5333</dst>
      <dst id="6">1.6711</dst>
      <dst id="16">215963.6711</dst>
      <dst id="14">28.9867</dst>
      <dst id="9">106597.8311</dst>
      <dst id="17">26784.2311</dst>
      <dst id="21">65.2889</dst>
      <dst id="15">3.3422</dst>
    </src>
    <src id="18">
      <dst id="12">165597.9022</dst>
      <dst id="13">239.8489</dst>
      <dst id="19">0.9422</dst>
      <dst id="23">12.9778</dst>
      <dst id="8">262.2222</dst>
      <dst id="4">260.6044</dst>
      <dst id="1">928.9244</dst>
      <dst id="5">113.6711</dst>
      <dst id="3">3887.1200</dst>
      <dst id="10">79.9644</dst>
      <dst id="22">467.1111</dst>
      <dst id="7">124.7111</dst>
      <dst id="2">14907.0667</dst>
      <dst id="6">0.3022</dst>
      <dst id="16">707.7867</dst>
      <dst id="20">142.1067</dst>
      <dst id="11">308.7733</dst>
      <dst id="9">1112.4000</dst>
      <dst id="17">6165.0844</dst>
      <dst id="21">6785.6711</dst>
      <dst id="15">2.8089</dst>
    </src>
    <src id="4">
      <dst id="12">37092.0889</dst>
      <dst id="13">30.3644</dst>
      <dst id="19">13905.2267</dst>
      <dst id="23">2075.5289</dst>
      <dst id="8">2847.2178</dst>
      <dst id="18">5678.2489</dst>
      <dst id="4">44.6133</dst>
      <dst id="1">152673.7422</dst>
      <dst id="5">6313.5556</dst>
      <dst id="3">117.8667</dst>
      <dst id="22">1.8578</dst>
      <dst id="7">599.6889</dst>
      <dst id="2">173670.7378</dst>
      <dst id="6">302.1422</dst>
      <dst id="16">76323.9733</dst>
      <dst id="14">2652.6044</dst>
      <dst id="11">716.8533</dst>
      <dst id="9">32132.0444</dst>
      <dst id="17">82531.3689</dst>
      <dst id="21">15190.2578</dst>
      <dst id="15">894.8622</dst>
    </src>
    <src id="1">
      <dst id="12">437625.1200</dst>
      <dst id="13">27931.1289</dst>
      <dst id="19">701.1911</dst>
      <dst id="23">142.7378</dst>
      <dst id="8">18.0622</dst>
      <dst id="18">12518.8267</dst>
      <dst id="4">560.0356</dst>
      <dst id="1">764065.6178</dst>
      <dst id="5">712.2133</dst>
      <dst id="3">23256.1778</dst>
      <dst id="10">330.9333</dst>
      <dst id="7">104862.6044</dst>
      <dst id="2">319098.8800</dst>
      <dst id="6">2.0978</dst>
      <dst id="16">1027110.9333</dst>
      <dst id="14">3369.4756</dst>
      <dst id="20">66910.6400</dst>
      <dst id="11">20148.2844</dst>
      <dst id="9">5238.0711</dst>
      <dst id="17">496759.9289</dst>
      <dst id="21">487590.8444</dst>
      <dst id="15">100.4533</dst>
    </src>
    <src id="5">
      <dst id="12">8887.1200</dst>
      <dst id="13">1130.8800</dst>
      <dst id="19">115.0400</dst>
      <dst id="8">169.9822</dst>
      <dst id="18">155.2978</dst>
      <dst id="4">548.4978</dst>
      <dst id="1">4136.8178</dst>
      <dst id="10">240.4622</dst>
      <dst id="22">41.7778</dst>
      <dst id="7">12.0356</dst>
      <dst id="2">1464.3822</dst>
      <dst id="6">0.7111</dst>
      <dst id="16">334126.8089</dst>
      <dst id="14">31.0311</dst>
      <dst id="11">25.9200</dst>
      <dst id="9">43269.6356</dst>
      <dst id="17">49700.3467</dst>
      <dst id="21">212.8000</dst>
      <dst id="15">9.4933</dst>
    </src>
    <src id="3">
      <dst id="12">2895.9111</dst>
      <dst id="13">140048.5422</dst>
      <dst id="19">1463.7778</dst>
      <dst id="23">114.1600</dst>
      <dst id="8">138.4800</dst>
      <dst id="18">217.5378</dst>
      <dst id="4">866.1156</dst>
      <dst id="1">10458.2311</dst>
      <dst id="5">526.4178</dst>
      <dst id="3">704.7022</dst>
      <dst id="10">334.0800</dst>
      <dst id="7">2472.0800</dst>
      <dst id="2">10514.9156</dst>
      <dst id="6">13.7067</dst>
      <dst id="16">13477.6267</dst>
      <dst id="14">1577.2444</dst>
      <dst id="20">147.8578</dst>
      <dst id="11">231.2889</dst>
      <dst id="9">427.6622</dst>
      <dst id="17">53887.4400</dst>
      <dst id="21">1443.3333</dst>
      <dst id="15">20.3911</dst>
    </src>
    <src id="10">
      <dst id="12">5870.4800</dst>
      <dst id="13">705.3689</dst>
      <dst id="19">484.9422</dst>
      <dst id="23">1325.8222</dst>
      <dst id="8">98.6667</dst>
      <dst id="18">7853.4756</dst>
      <dst id="1">2078.1067</dst>
      <dst id="5">257.1200</dst>
      <dst id="3">410.9778</dst>
      <dst id="22">0.3556</dst>
      <dst id="7">1027.6800</dst>
      <dst id="2">26918.5244</dst>
      <dst id="6">36.7733</dst>
      <dst id="16">29848.5956</dst>
      <dst id="14">413.8578</dst>
      <dst id="20">445.8667</dst>
      <dst id="11">83.2089</dst>
      <dst id="9">6701.4400</dst>
      <dst id="17">54146.8533</dst>
      <dst id="21">4687.4222</dst>
      <dst id="15">108.5333</dst>
    </src>
    <src id="22">
      <dst id="12">13497.7156</dst>
      <dst id="13">5921.2800</dst>
      <dst id="19">110.8533</dst>
      <dst id="23">37.5733</dst>
      <dst id="8">2482.2311</dst>
      <dst id="18">272.8089</dst>
      <dst id="4">1149.6978</dst>
      <dst id="1">177.4844</dst>
      <dst id="5">886.0533</dst>
      <dst id="3">22.6667</dst>
      <dst id="10">1023.8311</dst>
      <dst id="7">422.0356</dst>
      <dst id="2">5853.2533</dst>
      <dst id="6">2.9333</dst>
      <dst id="16">1474.4000</dst>
      <dst id="14">1411.6178</dst>
      <dst id="11">18.0533</dst>
      <dst id="9">2338.4178</dst>
      <dst id="17">7481.2000</dst>
      <dst id="21">590.2933</dst>
    </src>
    <src id="7">
      <dst id="12">28291.4133</dst>
      <dst id="13">72192.6222</dst>
      <dst id="19">419.6889</dst>
      <dst id="23">329.8756</dst>
      <dst id="8">79.6533</dst>
      <dst id="18">453.0667</dst>
      <dst id="4">781.5911</dst>
      <dst id="1">6517.2000</dst>
      <dst id="5">1019.3333</dst>
      <dst id="3">1118.2133</dst>
      <dst id="10">441.6978</dst>
      <dst id="22">975.8933</dst>
      <dst id="7">23.5111</dst>
      <dst id="2">6554.9600</dst>
      <dst id="6">1077.1200</dst>
      <dst id="16">2707.3156</dst>
      <dst id="14">71.1556</dst>
      <dst id="20">4684.2133</dst>
      <dst id="11">140.0622</dst>
      <dst id="9">5091.0667</dst>
      <dst id="17">19093.6000</dst>
      <dst id="21">7072.3822</dst>
      <dst id="15">37.2000</dst>
    </src>
    <src id="2">
      <dst id="12">105488.0178</dst>
      <dst id="13">41601.4489</dst>
      <dst id="19">1668.1956</dst>
      <dst id="23">16.9778</dst>
      <dst id="8">39.9289</dst>
      <dst id="18">88665.5200</dst>
      <dst id="4">7183.4222</dst>
      <dst id="1">23557.3067</dst>
      <dst id="5">687.8489</dst>
      <dst id="3">216.9956</dst>
      <dst id="10">6824.5600</dst>
      <dst id="22">1722.6400</dst>
      <dst id="7">19806.8267</dst>
      <dst id="2">4688.0711</dst>
      <dst id="6">13502.8000</dst>
      <dst id="16">813.1467</dst>
      <dst id="14">3899.2356</dst>
      <dst id="20">173.1467</dst>
      <dst id="11">315.2978</dst>
      <dst id="9">1249.9556</dst>
      <dst id="17">47675.2089</dst>
      <dst id="21">2017.6267</dst>
      <dst id="15">20.5333</dst>
    </src>
    <src id="6">
      <dst id="12">218.6489</dst>
      <dst id="13">88.4444</dst>
      <dst id="19">37.4933</dst>
      <dst id="23">1.8844</dst>
      <dst id="18">5.8667</dst>
      <dst id="4">13.2267</dst>
      <dst id="1">406.7733</dst>
      <dst id="3">103.5556</dst>
      <dst id="10">18.4267</dst>
      <dst id="22">11.8222</dst>
      <dst id="7">63.3244</dst>
      <dst id="2">1229.9289</dst>
      <dst id="16">34.8711</dst>
      <dst id="11">87.0756</dst>
      <dst id="9">55.4578</dst>
      <dst id="17">27394.9689</dst>
      <dst id="21">4.7022</dst>
    </src>
    <src id="16">
      <dst id="12">188366.5333</dst>
      <dst id="13">2854.0267</dst>
      <dst id="19">3273.4933</dst>
      <dst id="23">150.2400</dst>
      <dst id="8">88778.4356</dst>
      <dst id="18">56.0533</dst>
      <dst id="4">192.4000</dst>
      <dst id="1">6335.5822</dst>
      <dst id="5">250837.3778</dst>
      <dst id="3">8984.5422</dst>
      <dst id="10">1937.2000</dst>
      <dst id="7">55.2800</dst>
      <dst id="2">1221.4667</dst>
      <dst id="6">6.1511</dst>
      <dst id="16">24413.1644</dst>
      <dst id="14">52573.4667</dst>
      <dst id="11">26283.5467</dst>
      <dst id="9">260834.9867</dst>
      <dst id="17">9708.4800</dst>
    </src>
    <src id="14">
      <dst id="12">812.9333</dst>
      <dst id="13">1375.7422</dst>
      <dst id="19">11.8933</dst>
      <dst id="23">25.0756</dst>
      <dst id="8">1.3689</dst>
      <dst id="18">14.6400</dst>
      <dst id="4">272.1244</dst>
      <dst id="1">450.8089</dst>
      <dst id="5">32.8622</dst>
      <dst id="3">1142.7467</dst>
      <dst id="10">30.9156</dst>
      <dst id="7">141.2889</dst>
      <dst id="2">1852.1333</dst>
      <dst id="16">1713.3244</dst>
      <dst id="20">0.4089</dst>
      <dst id="11">13.0844</dst>
      <dst id="9">481.7422</dst>
      <dst id="17">36688.1689</dst>
      <dst id="21">165.4044</dst>
      <dst id="15">3.3067</dst>
    </src>
    <src id="20">
      <dst id="12">2406.1422</dst>
      <dst id="13">4327.7867</dst>
      <dst id="19">68.0800</dst>
      <dst id="23">0.9600</dst>
      <dst id="8">21.6889</dst>
      <dst id="18">69.2444</dst>
      <dst id="4">69.1556</dst>
      <dst id="1">1848.7467</dst>
      <dst id="5">895.9289</dst>
      <dst id="3">2.6400</dst>
      <dst id="10">2922.5333</dst>
      <dst id="7">1083.7511</dst>
      <dst id="2">1153.5911</dst>
      <dst id="16">6479.5733</dst>
      <dst id="14">11.5733</dst>
      <dst id="20">28.0178</dst>
      <dst id="11">0.7111</dst>
      <dst id="9">630.4444</dst>
      <dst id="17">12531.6356</dst>
      <dst id="21">252.5244</dst>
    </src>
    <src id="11">
      <dst id="12">20366.5244</dst>
      <dst id="13">6443.3689</dst>
      <dst id="19">250.0978</dst>
      <dst id="23">91.0222</dst>
      <dst id="8">287.3867</dst>
      <dst id="18">467.3422</dst>
      <dst id="4">1412.5600</dst>
      <dst id="1">2630.1156</dst>
      <dst id="5">1744.3911</dst>
      <dst id="3">1279.1822</dst>
      <dst id="10">998.3644</dst>
      <dst id="22">43.8311</dst>
      <dst id="7">395.9556</dst>
      <dst id="2">63615.9022</dst>
      <dst id="6">1.8933</dst>
      <dst id="16">18527.9111</dst>
      <dst id="14">46.4800</dst>
      <dst id="20">3807.5111</dst>
      <dst id="11">1025.6444</dst>
      <dst id="9">5211.5289</dst>
      <dst id="17">631393.8933</dst>
      <dst id="21">700.9778</dst>
      <dst id="15">28.6667</dst>
    </src>
    <src id="9">
      <dst id="12">15581.6267</dst>
      <dst id="13">6440.2844</dst>
      <dst id="19">79.3867</dst>
      <dst id="23">6.1156</dst>
      <dst id="8">80515.6356</dst>
      <dst id="18">81.2178</dst>
      <dst id="4">912.5156</dst>
      <dst id="1">4667.3689</dst>
      <dst id="5">1962.8089</dst>
      <dst id="3">1.5733</dst>
      <dst id="10">211.5467</dst>
      <dst id="22">187.0222</dst>
      <dst id="7">3671.3156</dst>
      <dst id="2">450.9422</dst>
      <dst id="6">2.2667</dst>
      <dst id="16">556661.9200</dst>
      <dst id="14">36.4356</dst>
      <dst id="11">41.2800</dst>
      <dst id="9">334984.6756</dst>
      <dst id="17">82665.7067</dst>
      <dst id="21">255.6711</dst>
      <dst id="15">492.5244</dst>
    </src>
    <src id="17">
      <dst id="12">121725.6889</dst>
      <dst id="13">77688.0444</dst>
      <dst id="19">11981.2978</dst>
      <dst id="23">268.4533</dst>
      <dst id="8">219.6533</dst>
      <dst id="18">3075.1022</dst>
      <dst id="4">6554.5600</dst>
      <dst id="1">12608.7556</dst>
      <dst id="5">151676.4711</dst>
      <dst id="3">6093.7956</dst>
      <dst id="10">1703.0578</dst>
      <dst id="22">0.3556</dst>
      <dst id="7">5943.4044</dst>
      <dst id="2">14385.5822</dst>
      <dst id="6">109.2000</dst>
      <dst id="16">53416.3022</dst>
      <dst id="14">21952.5156</dst>
      <dst id="20">1339.5378</dst>
      <dst id="11">24336.6044</dst>
      <dst id="9">8841.1289</dst>
      <dst id="17">25917.8578</dst>
      <dst id="21">1747.9733</dst>
      <dst id="15">627.8133</dst>
    </src>
    <src id="21">
      <dst id="12">1918.8000</dst>
      <dst id="13">2216.6667</dst>
      <dst id="19">912.9511</dst>
      <dst id="23">458.6756</dst>
      <dst id="8">419.1022</dst>
      <dst id="18">1521.3244</dst>
      <dst id="4">2154.8444</dst>
      <dst id="1">7923.7156</dst>
      <dst id="5">798.4711</dst>
      <dst id="3">1751.0933</dst>
      <dst id="10">338.9956</dst>
      <dst id="22">0.3556</dst>
      <dst id="7">2441.4667</dst>
      <dst id="2">20747.2356</dst>
      <dst id="6">1.9822</dst>
      <dst id="16">9233.8933</dst>
      <dst id="14">231.1911</dst>
      <dst id="20">126.9244</dst>
      <dst id="11">129.2711</dst>
      <dst id="9">1837.8933</dst>
      <dst id="17">32707.1911</dst>
      <dst id="21">3490.3822</dst>
      <dst id="15">25.6889</dst>
    </src>
    <src id="15">
      <dst id="12">883.5644</dst>
      <dst id="13">347.3600</dst>
      <dst id="23">0.4622</dst>
      <dst id="8">1.9111</dst>
      <dst id="18">31.1822</dst>
      <dst id="4">61.3067</dst>
      <dst id="1">263.8578</dst>
      <dst id="5">57.7867</dst>
      <dst id="10">260.9511</dst>
      <dst id="7">13.8311</dst>
      <dst id="2">66.1956</dst>
      <dst id="16">2041.3067</dst>
      <dst id="14">28.7644</dst>
      <dst id="11">28.2667</dst>
      <dst id="9">1376.0000</dst>
      <dst id="17">481.0400</dst>
    </src>
  </IntraTM>
</TrafficMatrixFile>
