<?xml version="1.0" encoding="UTF-8" standalone="yes"?>
<TrafficMatrixFile xmlns:xsi="http://www.w3.org/2001/XMLSchema-instance" xsi:noNamespaceSchemaLocation="http://totem.run.montefiore.ulg.ac.be/Schema/TrafficMatrix-v1_2.xsd">
  <info>
    <title>Intradomain traffic matrix generated by geant-TM-all.pl</title>
    <date>2005-01-21T15:00:00</date>
    <duration>900</duration>
    <author>Steve Uhlig</author>
    <units>
        <unit type="bandwidth" value="kbps"/>
    </units>
  </info>
  <IntraTM ASID="20965">
    <src id="12">
      <dst id="12">243663.9200</dst>
      <dst id="13">23524.9600</dst>
      <dst id="19">5772.1689</dst>
      <dst id="23">27.5200</dst>
      <dst id="8">431.2622</dst>
      <dst id="18">55306.0533</dst>
      <dst id="4">58487.5911</dst>
      <dst id="1">19529.5378</dst>
      <dst id="5">17678.4533</dst>
      <dst id="3">1249.0222</dst>
      <dst id="10">5954.3467</dst>
      <dst id="22">9109.2000</dst>
      <dst id="7">4849.8578</dst>
      <dst id="2">37005.3689</dst>
      <dst id="16">11256.5511</dst>
      <dst id="14">123.9289</dst>
      <dst id="20">3723.1822</dst>
      <dst id="11">795.6889</dst>
      <dst id="9">2993.8311</dst>
      <dst id="17">26195.5556</dst>
      <dst id="21">4599.4044</dst>
      <dst id="15">4291.9556</dst>
    </src>
    <src id="13">
      <dst id="12">33412.0889</dst>
      <dst id="19">4357.2711</dst>
      <dst id="23">12.4889</dst>
      <dst id="8">22572.3911</dst>
      <dst id="18">1769.2533</dst>
      <dst id="4">14.2311</dst>
      <dst id="1">6063.7600</dst>
      <dst id="5">2934.7556</dst>
      <dst id="3">9281.0044</dst>
      <dst id="22">9842.7111</dst>
      <dst id="7">10438.6311</dst>
      <dst id="2">47842.8533</dst>
      <dst id="16">4264.2756</dst>
      <dst id="14">4640.5956</dst>
      <dst id="20">5994.1689</dst>
      <dst id="11">9008.7644</dst>
      <dst id="9">7530.2133</dst>
      <dst id="17">24182.3556</dst>
      <dst id="21">10936.4978</dst>
      <dst id="15">2185.6444</dst>
    </src>
    <src id="19">
      <dst id="12">19048.5156</dst>
      <dst id="13">3896.7556</dst>
      <dst id="23">0.8356</dst>
      <dst id="8">0.3556</dst>
      <dst id="18">0.4622</dst>
      <dst id="4">20013.6000</dst>
      <dst id="1">286.4089</dst>
      <dst id="5">121.5378</dst>
      <dst id="3">0.7111</dst>
      <dst id="10">42.4267</dst>
      <dst id="22">355.6444</dst>
      <dst id="7">2534.2311</dst>
      <dst id="2">335.9467</dst>
      <dst id="16">16024.4178</dst>
      <dst id="14">1.4133</dst>
      <dst id="20">198.9244</dst>
      <dst id="11">67.3067</dst>
      <dst id="9">1489.7689</dst>
      <dst id="17">340.6933</dst>
      <dst id="21">51.1378</dst>
    </src>
    <src id="23">
      <dst id="12">2050.9156</dst>
      <dst id="13">148.4356</dst>
      <dst id="8">51.2000</dst>
      <dst id="18">13.8667</dst>
      <dst id="4">85.1200</dst>
      <dst id="1">32.8267</dst>
      <dst id="3">88.8000</dst>
      <dst id="22">56.8800</dst>
      <dst id="7">15965.2178</dst>
      <dst id="2">239.3067</dst>
      <dst id="16">59.6444</dst>
      <dst id="14">23.8222</dst>
      <dst id="11">135.6267</dst>
      <dst id="9">517.5556</dst>
      <dst id="17">107.6800</dst>
      <dst id="21">13.2711</dst>
      <dst id="15">0.3378</dst>
    </src>
    <src id="8">
      <dst id="12">12552.7467</dst>
      <dst id="13">455.6089</dst>
      <dst id="19">0.4711</dst>
      <dst id="23">21.4844</dst>
      <dst id="18">11.1200</dst>
      <dst id="4">3120.2933</dst>
      <dst id="1">1067.0844</dst>
      <dst id="5">222.6756</dst>
      <dst id="3">0.3556</dst>
      <dst id="10">438.0267</dst>
      <dst id="22">320.9067</dst>
      <dst id="7">49.5289</dst>
      <dst id="2">1309.9733</dst>
      <dst id="16">185.0222</dst>
      <dst id="14">56.2933</dst>
      <dst id="20">1502.4622</dst>
      <dst id="11">47.8311</dst>
      <dst id="9">158453.6800</dst>
      <dst id="17">266105.4933</dst>
      <dst id="21">121.1378</dst>
      <dst id="15">14.3289</dst>
    </src>
    <src id="18">
      <dst id="12">154799.2711</dst>
      <dst id="13">144.2400</dst>
      <dst id="19">0.3556</dst>
      <dst id="8">21.4933</dst>
      <dst id="4">1109.6267</dst>
      <dst id="1">514.6578</dst>
      <dst id="5">78.5244</dst>
      <dst id="3">314.1600</dst>
      <dst id="10">33.1022</dst>
      <dst id="22">81.8044</dst>
      <dst id="7">96.2578</dst>
      <dst id="2">40833.9111</dst>
      <dst id="16">61.7778</dst>
      <dst id="14">1.4133</dst>
      <dst id="20">95.5378</dst>
      <dst id="11">76.2133</dst>
      <dst id="9">128.7467</dst>
      <dst id="17">32723.6533</dst>
      <dst id="21">365.2089</dst>
      <dst id="15">24.1511</dst>
    </src>
    <src id="4">
      <dst id="12">8697.5467</dst>
      <dst id="19">3722.4711</dst>
      <dst id="8">321.7067</dst>
      <dst id="18">2956.7911</dst>
      <dst id="4">3263.1022</dst>
      <dst id="1">15063.3422</dst>
      <dst id="5">393.7600</dst>
      <dst id="3">30.5867</dst>
      <dst id="22">2375.1733</dst>
      <dst id="7">19355.4311</dst>
      <dst id="2">30548.1778</dst>
      <dst id="16">672.9778</dst>
      <dst id="14">1133.0844</dst>
      <dst id="20">1687.4222</dst>
      <dst id="11">1130.3467</dst>
      <dst id="9">2022.0089</dst>
      <dst id="17">22811.5911</dst>
      <dst id="21">3853.2444</dst>
      <dst id="15">254.4178</dst>
    </src>
    <src id="1">
      <dst id="12">18646.1956</dst>
      <dst id="13">2703.4311</dst>
      <dst id="19">31.3422</dst>
      <dst id="23">47.9022</dst>
      <dst id="18">11198.2489</dst>
      <dst id="4">9885.7422</dst>
      <dst id="1">56678.9244</dst>
      <dst id="5">148.3911</dst>
      <dst id="3">15919.5644</dst>
      <dst id="10">670.7378</dst>
      <dst id="22">995.5111</dst>
      <dst id="7">10070.1067</dst>
      <dst id="2">11870.5600</dst>
      <dst id="16">25734.1511</dst>
      <dst id="14">150.1778</dst>
      <dst id="20">2324.2222</dst>
      <dst id="11">2267.2089</dst>
      <dst id="9">8219.6800</dst>
      <dst id="17">5404.6667</dst>
      <dst id="21">5407.2889</dst>
      <dst id="15">1489.5022</dst>
    </src>
    <src id="5">
      <dst id="12">12957.1111</dst>
      <dst id="13">640.3289</dst>
      <dst id="19">79.0133</dst>
      <dst id="23">0.8356</dst>
      <dst id="8">316.3644</dst>
      <dst id="18">126.1422</dst>
      <dst id="4">2884.0178</dst>
      <dst id="1">464.3556</dst>
      <dst id="3">157.9467</dst>
      <dst id="10">345.7422</dst>
      <dst id="22">930.4089</dst>
      <dst id="7">38.5956</dst>
      <dst id="2">441.0222</dst>
      <dst id="16">409.3600</dst>
      <dst id="14">11.7689</dst>
      <dst id="20">200.1333</dst>
      <dst id="11">140.0000</dst>
      <dst id="9">39014.1244</dst>
      <dst id="17">253163.5111</dst>
      <dst id="21">2005.6000</dst>
      <dst id="15">117.6356</dst>
    </src>
    <src id="3">
      <dst id="12">7262.3200</dst>
      <dst id="13">2454.2756</dst>
      <dst id="19">318.3822</dst>
      <dst id="23">5.9733</dst>
      <dst id="8">165.9733</dst>
      <dst id="18">121.2711</dst>
      <dst id="4">46510.3200</dst>
      <dst id="1">31298.0889</dst>
      <dst id="5">809.4489</dst>
      <dst id="3">56.0444</dst>
      <dst id="10">875.2889</dst>
      <dst id="22">687.8044</dst>
      <dst id="7">20839.3422</dst>
      <dst id="2">13069.9556</dst>
      <dst id="16">438.1067</dst>
      <dst id="14">111.0222</dst>
      <dst id="20">2847.2711</dst>
      <dst id="11">249.4400</dst>
      <dst id="9">172.9867</dst>
      <dst id="17">16707.5644</dst>
      <dst id="21">15925.5911</dst>
      <dst id="15">1498.5156</dst>
    </src>
    <src id="10">
      <dst id="12">16055.2800</dst>
      <dst id="19">8162.1778</dst>
      <dst id="8">244283.0667</dst>
      <dst id="18">2687.1378</dst>
      <dst id="1">7800.9511</dst>
      <dst id="5">158199.0667</dst>
      <dst id="3">18850.2933</dst>
      <dst id="22">2931.5911</dst>
      <dst id="7">23338.8889</dst>
      <dst id="2">30694.5867</dst>
      <dst id="16">1254.7200</dst>
      <dst id="14">36840.3378</dst>
      <dst id="20">837.6978</dst>
      <dst id="11">145600.2044</dst>
      <dst id="9">205531.8044</dst>
      <dst id="17">21202.6844</dst>
      <dst id="21">4595.6622</dst>
      <dst id="15">52.0356</dst>
    </src>
    <src id="22">
      <dst id="12">3554.5511</dst>
      <dst id="13">726.0800</dst>
      <dst id="19">782.1867</dst>
      <dst id="23">124.7111</dst>
      <dst id="8">359.2622</dst>
      <dst id="18">291.2978</dst>
      <dst id="4">11356.2311</dst>
      <dst id="1">129.3689</dst>
      <dst id="5">2225.5822</dst>
      <dst id="3">374.3289</dst>
      <dst id="10">1243.2267</dst>
      <dst id="7">697.9111</dst>
      <dst id="2">7317.5911</dst>
      <dst id="14">360.7733</dst>
      <dst id="11">3999.4667</dst>
      <dst id="9">1358.2667</dst>
      <dst id="17">5021.6533</dst>
      <dst id="21">1685.0578</dst>
    </src>
    <src id="7">
      <dst id="12">2391.0667</dst>
      <dst id="13">125.5111</dst>
      <dst id="19">587.3067</dst>
      <dst id="23">616.9511</dst>
      <dst id="8">270.6489</dst>
      <dst id="18">1885.6089</dst>
      <dst id="4">22443.0133</dst>
      <dst id="1">11387.8489</dst>
      <dst id="5">1113.2978</dst>
      <dst id="3">117.3244</dst>
      <dst id="10">566.3644</dst>
      <dst id="22">5651.9644</dst>
      <dst id="7">3.7333</dst>
      <dst id="2">4477.9911</dst>
      <dst id="16">961.9111</dst>
      <dst id="14">187.4578</dst>
      <dst id="20">1588.8444</dst>
      <dst id="11">281.2800</dst>
      <dst id="9">1845.0756</dst>
      <dst id="17">5611.6444</dst>
      <dst id="21">3353.5733</dst>
      <dst id="15">279.3956</dst>
    </src>
    <src id="2">
      <dst id="12">106334.6400</dst>
      <dst id="13">2616.6222</dst>
      <dst id="19">335.1378</dst>
      <dst id="23">11.4044</dst>
      <dst id="8">114.7111</dst>
      <dst id="18">53024.8533</dst>
      <dst id="4">96470.2933</dst>
      <dst id="1">27562.6044</dst>
      <dst id="5">901.8667</dst>
      <dst id="3">42.6578</dst>
      <dst id="10">3691.0933</dst>
      <dst id="22">1310.6222</dst>
      <dst id="7">14931.1911</dst>
      <dst id="2">2167.5111</dst>
      <dst id="16">1837.7956</dst>
      <dst id="14">1719.9911</dst>
      <dst id="20">266.4444</dst>
      <dst id="11">1941.0667</dst>
      <dst id="9">1181.6267</dst>
      <dst id="17">18443.8044</dst>
      <dst id="21">5231.8667</dst>
      <dst id="15">148.6400</dst>
    </src>
    <src id="6">
      <dst id="12">139.3689</dst>
      <dst id="13">3.1644</dst>
      <dst id="19">1.7689</dst>
      <dst id="18">0.7111</dst>
      <dst id="4">275.3600</dst>
      <dst id="1">11.1200</dst>
      <dst id="5">1.0489</dst>
      <dst id="3">1.5022</dst>
      <dst id="10">13.7600</dst>
      <dst id="22">91.5378</dst>
      <dst id="7">11.8933</dst>
      <dst id="2">2530.6844</dst>
      <dst id="16">63.4489</dst>
      <dst id="20">13.8489</dst>
      <dst id="11">11.4667</dst>
      <dst id="17">8418.1156</dst>
      <dst id="21">23.6533</dst>
      <dst id="15">0.3556</dst>
    </src>
    <src id="16">
      <dst id="12">4013.2444</dst>
      <dst id="13">739.3244</dst>
      <dst id="19">4947.5022</dst>
      <dst id="23">553.6978</dst>
      <dst id="8">1703.0844</dst>
      <dst id="18">1250.7556</dst>
      <dst id="4">3347.5467</dst>
      <dst id="1">21483.6711</dst>
      <dst id="5">3731.6800</dst>
      <dst id="3">0.7111</dst>
      <dst id="10">865.0133</dst>
      <dst id="7">390.4356</dst>
      <dst id="2">365.3600</dst>
      <dst id="16">12.0089</dst>
      <dst id="14">233.3956</dst>
      <dst id="11">123.6356</dst>
      <dst id="9">7039.9022</dst>
      <dst id="17">2121.9467</dst>
      <dst id="21">1350.0178</dst>
    </src>
    <src id="14">
      <dst id="12">2002.1867</dst>
      <dst id="13">85.5111</dst>
      <dst id="19">1.6711</dst>
      <dst id="23">1.1200</dst>
      <dst id="18">1.4667</dst>
      <dst id="4">915.0400</dst>
      <dst id="1">78.0356</dst>
      <dst id="5">7.1289</dst>
      <dst id="3">76.9689</dst>
      <dst id="10">107.9378</dst>
      <dst id="22">6.1333</dst>
      <dst id="7">29.2444</dst>
      <dst id="2">2965.4667</dst>
      <dst id="16">18.9156</dst>
      <dst id="20">0.3556</dst>
      <dst id="11">26.3644</dst>
      <dst id="9">115.7244</dst>
      <dst id="17">28864.8089</dst>
      <dst id="21">20.3378</dst>
    </src>
    <src id="20">
      <dst id="12">1310.5244</dst>
      <dst id="13">5837.4844</dst>
      <dst id="19">11945.1022</dst>
      <dst id="23">1.5644</dst>
      <dst id="8">298.6133</dst>
      <dst id="18">4.2489</dst>
      <dst id="4">3289.2711</dst>
      <dst id="1">102.8889</dst>
      <dst id="5">497.6978</dst>
      <dst id="3">825.3067</dst>
      <dst id="10">4284.8089</dst>
      <dst id="7">44.9333</dst>
      <dst id="2">5541.4844</dst>
      <dst id="14">0.9956</dst>
      <dst id="11">2847.6356</dst>
      <dst id="9">1383.9733</dst>
      <dst id="17">1163.9822</dst>
      <dst id="21">1788.8267</dst>
    </src>
    <src id="11">
      <dst id="12">31072.1511</dst>
      <dst id="13">1643.2356</dst>
      <dst id="19">165.0044</dst>
      <dst id="23">6.4000</dst>
      <dst id="8">397.1733</dst>
      <dst id="18">258.7467</dst>
      <dst id="4">8111.5822</dst>
      <dst id="1">622.0889</dst>
      <dst id="5">477.8133</dst>
      <dst id="3">618.3644</dst>
      <dst id="10">651.6533</dst>
      <dst id="22">1628.8622</dst>
      <dst id="7">149.5378</dst>
      <dst id="2">111109.9556</dst>
      <dst id="16">122.0622</dst>
      <dst id="14">14.0622</dst>
      <dst id="20">743.7244</dst>
      <dst id="11">2470.8978</dst>
      <dst id="9">3021.2178</dst>
      <dst id="17">632900.1778</dst>
      <dst id="21">1976.7022</dst>
      <dst id="15">418.4000</dst>
    </src>
    <src id="9">
      <dst id="12">23500.8356</dst>
      <dst id="13">2089.5822</dst>
      <dst id="19">150.5778</dst>
      <dst id="23">24.2133</dst>
      <dst id="8">111141.7689</dst>
      <dst id="18">337.1200</dst>
      <dst id="4">14843.2267</dst>
      <dst id="1">6700.9067</dst>
      <dst id="5">1024.0533</dst>
      <dst id="3">0.8889</dst>
      <dst id="10">515.3422</dst>
      <dst id="22">1394.6844</dst>
      <dst id="7">104.9778</dst>
      <dst id="2">11622.9422</dst>
      <dst id="16">807.2800</dst>
      <dst id="14">44.0978</dst>
      <dst id="20">581.4400</dst>
      <dst id="11">479.1200</dst>
      <dst id="9">389339.3956</dst>
      <dst id="17">414332.5778</dst>
      <dst id="21">333.6978</dst>
      <dst id="15">1306.7111</dst>
    </src>
    <src id="17">
      <dst id="12">12335.2089</dst>
      <dst id="13">806.0800</dst>
      <dst id="19">1599.3156</dst>
      <dst id="23">31.5644</dst>
      <dst id="8">136.0978</dst>
      <dst id="18">498.9689</dst>
      <dst id="4">41297.9111</dst>
      <dst id="1">1157.8578</dst>
      <dst id="5">132139.1644</dst>
      <dst id="3">9748.5689</dst>
      <dst id="10">5243.6267</dst>
      <dst id="22">7576.8444</dst>
      <dst id="7">8100.9244</dst>
      <dst id="2">4235.5556</dst>
      <dst id="16">16339.8222</dst>
      <dst id="14">25849.7956</dst>
      <dst id="20">714.1244</dst>
      <dst id="11">118467.2000</dst>
      <dst id="9">393.0844</dst>
      <dst id="17">1756.9778</dst>
      <dst id="21">17885.7156</dst>
      <dst id="15">67.5644</dst>
    </src>
    <src id="21">
      <dst id="12">3939.0756</dst>
      <dst id="13">1962.7822</dst>
      <dst id="19">517.9111</dst>
      <dst id="23">2.1333</dst>
      <dst id="8">146.0711</dst>
      <dst id="18">1301.0844</dst>
      <dst id="4">15517.6089</dst>
      <dst id="1">2537.2533</dst>
      <dst id="5">412.7289</dst>
      <dst id="3">5959.7600</dst>
      <dst id="10">3052.1689</dst>
      <dst id="22">1572.3200</dst>
      <dst id="7">6013.4311</dst>
      <dst id="2">11716.1689</dst>
      <dst id="16">60.5422</dst>
      <dst id="14">71.1644</dst>
      <dst id="20">5579.3867</dst>
      <dst id="11">1059.7422</dst>
      <dst id="9">576.5778</dst>
      <dst id="17">29755.6978</dst>
      <dst id="21">560.1333</dst>
      <dst id="15">663.3244</dst>
    </src>
    <src id="15">
      <dst id="12">341.6622</dst>
      <dst id="13">250.7200</dst>
      <dst id="19">2.8356</dst>
      <dst id="23">1.1378</dst>
      <dst id="8">41.1822</dst>
      <dst id="18">221.1822</dst>
      <dst id="4">3641.8578</dst>
      <dst id="1">362.2489</dst>
      <dst id="5">140.9956</dst>
      <dst id="10">97.0667</dst>
      <dst id="7">11.6267</dst>
      <dst id="2">875.9556</dst>
      <dst id="14">0.4267</dst>
      <dst id="11">84.2844</dst>
      <dst id="9">567.3511</dst>
      <dst id="17">314.3111</dst>
      <dst id="21">1176.7822</dst>
    </src>
  </IntraTM>
</TrafficMatrixFile>
