<?xml version="1.0" encoding="UTF-8" standalone="yes"?>
<TrafficMatrixFile xmlns:xsi="http://www.w3.org/2001/XMLSchema-instance" xsi:noNamespaceSchemaLocation="http://totem.run.montefiore.ulg.ac.be/Schema/TrafficMatrix-v1_2.xsd">
  <info>
    <title>Intradomain traffic matrix generated by geant-TM-all.pl</title>
    <date>2005-03-28T01:15:00</date>
    <duration>900</duration>
    <author>Steve Uhlig</author>
    <units>
        <unit type="bandwidth" value="kbps"/>
    </units>
  </info>
  <IntraTM ASID="20965">
    <src id="12">
      <dst id="12">340556.4178</dst>
      <dst id="13">35083.6267</dst>
      <dst id="19">10295.3244</dst>
      <dst id="23">15470.4622</dst>
      <dst id="8">604.2844</dst>
      <dst id="18">185259.8578</dst>
      <dst id="4">6216.8978</dst>
      <dst id="1">24263.7778</dst>
      <dst id="5">2098.0444</dst>
      <dst id="3">2374.8978</dst>
      <dst id="10">7272.8444</dst>
      <dst id="22">2755.3422</dst>
      <dst id="7">10803.9911</dst>
      <dst id="2">28960.2578</dst>
      <dst id="6">27230.1067</dst>
      <dst id="16">10802.8178</dst>
      <dst id="14">2107.6978</dst>
      <dst id="20">10554.6222</dst>
      <dst id="11">3127.4133</dst>
      <dst id="9">7744.5333</dst>
      <dst id="17">38543.6444</dst>
      <dst id="21">7627.7511</dst>
      <dst id="15">1169.3067</dst>
    </src>
    <src id="13">
      <dst id="12">15405.3867</dst>
      <dst id="13">277.6178</dst>
      <dst id="19">2297.2889</dst>
      <dst id="23">934.9956</dst>
      <dst id="8">2546.3200</dst>
      <dst id="18">2503.8222</dst>
      <dst id="1">5938.4356</dst>
      <dst id="5">7899.6089</dst>
      <dst id="3">215.0311</dst>
      <dst id="22">3094.2400</dst>
      <dst id="7">29073.8400</dst>
      <dst id="2">12221.5822</dst>
      <dst id="6">36.6756</dst>
      <dst id="16">2900.9067</dst>
      <dst id="14">50.2578</dst>
      <dst id="20">978.3111</dst>
      <dst id="11">152.7467</dst>
      <dst id="9">1629.9022</dst>
      <dst id="17">32157.2800</dst>
      <dst id="21">2550.4533</dst>
      <dst id="15">96.4800</dst>
    </src>
    <src id="19">
      <dst id="12">21516.1511</dst>
      <dst id="13">1741.1200</dst>
      <dst id="23">129.0667</dst>
      <dst id="8">16.2578</dst>
      <dst id="18">159.3956</dst>
      <dst id="4">251.0844</dst>
      <dst id="1">220.6133</dst>
      <dst id="5">31.5378</dst>
      <dst id="10">214.3822</dst>
      <dst id="22">83.3689</dst>
      <dst id="7">7322.6489</dst>
      <dst id="2">834.7733</dst>
      <dst id="6">148.1689</dst>
      <dst id="16">895.8222</dst>
      <dst id="14">71.6711</dst>
      <dst id="20">16.3556</dst>
      <dst id="11">31.8222</dst>
      <dst id="9">31.5289</dst>
      <dst id="17">2228.3644</dst>
      <dst id="21">2002.3644</dst>
      <dst id="15">0.4444</dst>
    </src>
    <src id="23">
      <dst id="12">9735.0756</dst>
      <dst id="13">2417.8400</dst>
      <dst id="19">175.4044</dst>
      <dst id="18">760.2844</dst>
      <dst id="4">693.2711</dst>
      <dst id="1">116.8267</dst>
      <dst id="5">267.3778</dst>
      <dst id="3">7.2978</dst>
      <dst id="10">221.5644</dst>
      <dst id="22">1466.4978</dst>
      <dst id="7">306.0089</dst>
      <dst id="2">272.4089</dst>
      <dst id="6">0.4622</dst>
      <dst id="16">130.3378</dst>
      <dst id="14">13.3333</dst>
      <dst id="20">0.3556</dst>
      <dst id="11">50.3289</dst>
      <dst id="9">5.4222</dst>
      <dst id="17">1200.9511</dst>
      <dst id="21">98.6933</dst>
      <dst id="15">0.3556</dst>
    </src>
    <src id="8">
      <dst id="12">4402.3733</dst>
      <dst id="13">1122.6222</dst>
      <dst id="19">27.9733</dst>
      <dst id="23">1.0489</dst>
      <dst id="18">12.9778</dst>
      <dst id="4">296.3911</dst>
      <dst id="1">1504.1333</dst>
      <dst id="5">389.0844</dst>
      <dst id="10">47.3156</dst>
      <dst id="22">27.2000</dst>
      <dst id="7">24.1511</dst>
      <dst id="2">140.6578</dst>
      <dst id="6">0.4267</dst>
      <dst id="16">272610.7378</dst>
      <dst id="14">13.3333</dst>
      <dst id="9">71964.9867</dst>
      <dst id="17">27345.9200</dst>
      <dst id="21">1.8311</dst>
      <dst id="15">18.5956</dst>
    </src>
    <src id="18">
      <dst id="12">150922.8356</dst>
      <dst id="13">604.8889</dst>
      <dst id="19">22.3644</dst>
      <dst id="23">18.2756</dst>
      <dst id="8">1.7778</dst>
      <dst id="4">126.5333</dst>
      <dst id="1">907.7778</dst>
      <dst id="5">193.8311</dst>
      <dst id="3">3968.1867</dst>
      <dst id="10">166.5778</dst>
      <dst id="22">167.8044</dst>
      <dst id="7">338.3022</dst>
      <dst id="2">12459.7244</dst>
      <dst id="6">0.4622</dst>
      <dst id="16">811.4133</dst>
      <dst id="14">0.7467</dst>
      <dst id="20">145.8844</dst>
      <dst id="9">390.2844</dst>
      <dst id="17">5599.8400</dst>
      <dst id="21">1501.2356</dst>
      <dst id="15">83.5378</dst>
    </src>
    <src id="4">
      <dst id="12">33263.0400</dst>
      <dst id="13">3.7333</dst>
      <dst id="19">7744.6133</dst>
      <dst id="23">8005.0933</dst>
      <dst id="8">1137.3422</dst>
      <dst id="18">5368.2133</dst>
      <dst id="4">3596.0000</dst>
      <dst id="1">122788.8267</dst>
      <dst id="5">4097.5111</dst>
      <dst id="3">110.8711</dst>
      <dst id="22">943.7778</dst>
      <dst id="7">4369.0222</dst>
      <dst id="2">159625.4667</dst>
      <dst id="6">192.4000</dst>
      <dst id="16">140894.6222</dst>
      <dst id="14">6515.8756</dst>
      <dst id="11">692.6133</dst>
      <dst id="9">16928.8444</dst>
      <dst id="17">107743.0222</dst>
      <dst id="21">16892.6933</dst>
      <dst id="15">2900.7911</dst>
    </src>
    <src id="1">
      <dst id="12">276754.7644</dst>
      <dst id="13">3715.0756</dst>
      <dst id="19">1412.3911</dst>
      <dst id="23">344.5244</dst>
      <dst id="8">11.1911</dst>
      <dst id="18">14314.5511</dst>
      <dst id="4">2733.7067</dst>
      <dst id="1">51706.2133</dst>
      <dst id="5">536.1333</dst>
      <dst id="3">672.1067</dst>
      <dst id="10">131.9644</dst>
      <dst id="22">376.5333</dst>
      <dst id="7">134713.7778</dst>
      <dst id="2">40515.3511</dst>
      <dst id="6">4.1067</dst>
      <dst id="16">531054.2578</dst>
      <dst id="14">6307.4578</dst>
      <dst id="20">2628.5067</dst>
      <dst id="11">109.2356</dst>
      <dst id="9">13291.2533</dst>
      <dst id="17">71525.1289</dst>
      <dst id="21">269943.6267</dst>
      <dst id="15">434.1956</dst>
    </src>
    <src id="5">
      <dst id="12">7435.4489</dst>
      <dst id="13">7397.2978</dst>
      <dst id="19">80.3556</dst>
      <dst id="23">3.2711</dst>
      <dst id="8">4226.0978</dst>
      <dst id="18">327.0400</dst>
      <dst id="4">507.4133</dst>
      <dst id="1">5066.5956</dst>
      <dst id="10">72.5867</dst>
      <dst id="22">30.4711</dst>
      <dst id="7">84.9778</dst>
      <dst id="2">4679.8044</dst>
      <dst id="6">23.4667</dst>
      <dst id="16">325080.8889</dst>
      <dst id="14">1.5111</dst>
      <dst id="11">77.6267</dst>
      <dst id="9">61433.4489</dst>
      <dst id="17">51524.1244</dst>
      <dst id="21">53.3867</dst>
      <dst id="15">4.6756</dst>
    </src>
    <src id="3">
      <dst id="12">2704.8444</dst>
      <dst id="13">26841.3956</dst>
      <dst id="19">3495.9556</dst>
      <dst id="23">149.5733</dst>
      <dst id="8">172.9422</dst>
      <dst id="18">4583.7511</dst>
      <dst id="4">1772.1422</dst>
      <dst id="1">12835.6978</dst>
      <dst id="5">199.6978</dst>
      <dst id="3">205.0311</dst>
      <dst id="10">378.5778</dst>
      <dst id="22">1.6356</dst>
      <dst id="7">15945.5467</dst>
      <dst id="2">8835.9022</dst>
      <dst id="6">35.9200</dst>
      <dst id="16">18015.6267</dst>
      <dst id="14">97.5289</dst>
      <dst id="20">42.6578</dst>
      <dst id="11">556.0889</dst>
      <dst id="9">2720.1333</dst>
      <dst id="17">22147.2089</dst>
      <dst id="21">1253.8489</dst>
      <dst id="15">8.5511</dst>
    </src>
    <src id="10">
      <dst id="12">6536.5689</dst>
      <dst id="13">25.0311</dst>
      <dst id="19">801.3333</dst>
      <dst id="23">1167.0311</dst>
      <dst id="8">631.5467</dst>
      <dst id="18">8344.0711</dst>
      <dst id="1">1552.4000</dst>
      <dst id="5">230.7200</dst>
      <dst id="3">5298.4533</dst>
      <dst id="10">70.5067</dst>
      <dst id="22">14.7556</dst>
      <dst id="7">277.6089</dst>
      <dst id="2">30204.6311</dst>
      <dst id="6">25.4933</dst>
      <dst id="16">22052.0356</dst>
      <dst id="14">4196.9600</dst>
      <dst id="20">13397.8222</dst>
      <dst id="11">561.0578</dst>
      <dst id="9">2010.2756</dst>
      <dst id="17">53568.3289</dst>
      <dst id="21">7508.0622</dst>
      <dst id="15">2603.2711</dst>
    </src>
    <src id="22">
      <dst id="12">14903.2889</dst>
      <dst id="13">5021.8400</dst>
      <dst id="19">109.3244</dst>
      <dst id="23">92.7733</dst>
      <dst id="8">1969.4311</dst>
      <dst id="18">308.4622</dst>
      <dst id="4">1972.7733</dst>
      <dst id="1">561.9022</dst>
      <dst id="5">2134.7289</dst>
      <dst id="3">33.2000</dst>
      <dst id="10">517.9911</dst>
      <dst id="7">716.9067</dst>
      <dst id="2">5596.1867</dst>
      <dst id="6">26.6311</dst>
      <dst id="16">716.8000</dst>
      <dst id="14">2.0178</dst>
      <dst id="11">61.8222</dst>
      <dst id="9">782.5689</dst>
      <dst id="17">6153.4133</dst>
      <dst id="21">1416.5156</dst>
    </src>
    <src id="7">
      <dst id="12">12270.7200</dst>
      <dst id="13">23759.5556</dst>
      <dst id="19">686.1067</dst>
      <dst id="23">3569.8133</dst>
      <dst id="8">126.3822</dst>
      <dst id="18">490.8444</dst>
      <dst id="4">6672.2489</dst>
      <dst id="1">8192.4089</dst>
      <dst id="5">866.0267</dst>
      <dst id="3">1073.4311</dst>
      <dst id="10">405.7156</dst>
      <dst id="22">878.0533</dst>
      <dst id="7">25.9022</dst>
      <dst id="2">8031.3333</dst>
      <dst id="6">37.0133</dst>
      <dst id="16">6263.9644</dst>
      <dst id="14">830.4089</dst>
      <dst id="20">3419.7422</dst>
      <dst id="11">1298.8178</dst>
      <dst id="9">7001.6267</dst>
      <dst id="17">8735.9111</dst>
      <dst id="21">4603.0844</dst>
      <dst id="15">305.1378</dst>
    </src>
    <src id="2">
      <dst id="12">93746.7556</dst>
      <dst id="13">37025.7511</dst>
      <dst id="19">1562.3378</dst>
      <dst id="23">1.6000</dst>
      <dst id="8">157.0311</dst>
      <dst id="18">93184.7289</dst>
      <dst id="4">7806.4622</dst>
      <dst id="1">63344.1689</dst>
      <dst id="5">277.7244</dst>
      <dst id="3">389.4311</dst>
      <dst id="10">2553.6089</dst>
      <dst id="22">279.6978</dst>
      <dst id="7">7546.3289</dst>
      <dst id="2">3457.0844</dst>
      <dst id="6">13816.7289</dst>
      <dst id="16">2310.9067</dst>
      <dst id="14">477.4311</dst>
      <dst id="20">1941.2800</dst>
      <dst id="11">1663.4044</dst>
      <dst id="9">521.5111</dst>
      <dst id="17">18565.0844</dst>
      <dst id="21">11581.9911</dst>
      <dst id="15">164.2756</dst>
    </src>
    <src id="6">
      <dst id="12">197.5911</dst>
      <dst id="13">25.7956</dst>
      <dst id="19">73.0489</dst>
      <dst id="23">11.8044</dst>
      <dst id="8">1.3778</dst>
      <dst id="18">4.9689</dst>
      <dst id="4">12.9422</dst>
      <dst id="1">467.0578</dst>
      <dst id="5">0.4622</dst>
      <dst id="3">12.8267</dst>
      <dst id="10">26.8444</dst>
      <dst id="22">0.9244</dst>
      <dst id="7">199.5111</dst>
      <dst id="2">1435.7778</dst>
      <dst id="16">34.4444</dst>
      <dst id="20">0.4978</dst>
      <dst id="9">110.8978</dst>
      <dst id="17">21447.5556</dst>
      <dst id="21">12.8711</dst>
      <dst id="15">4.1156</dst>
    </src>
    <src id="16">
      <dst id="12">173850.9067</dst>
      <dst id="13">1967.2000</dst>
      <dst id="19">3303.3511</dst>
      <dst id="23">339.5200</dst>
      <dst id="8">69759.1289</dst>
      <dst id="18">268.7822</dst>
      <dst id="4">465.3333</dst>
      <dst id="1">7424.0267</dst>
      <dst id="5">235723.3956</dst>
      <dst id="3">9324.6489</dst>
      <dst id="10">476.5244</dst>
      <dst id="7">45.9556</dst>
      <dst id="2">296.9867</dst>
      <dst id="6">0.8444</dst>
      <dst id="16">23556.4089</dst>
      <dst id="14">38410.1067</dst>
      <dst id="11">26805.7956</dst>
      <dst id="9">247931.4400</dst>
      <dst id="17">4425.9467</dst>
    </src>
    <src id="14">
      <dst id="12">336.7822</dst>
      <dst id="13">450.4089</dst>
      <dst id="19">28.7289</dst>
      <dst id="23">2.9956</dst>
      <dst id="18">0.9600</dst>
      <dst id="4">157.9911</dst>
      <dst id="1">457.9111</dst>
      <dst id="5">1.3067</dst>
      <dst id="3">744.2844</dst>
      <dst id="10">83.8667</dst>
      <dst id="7">159.4844</dst>
      <dst id="2">1946.3200</dst>
      <dst id="16">1742.3022</dst>
      <dst id="20">27.0222</dst>
      <dst id="11">53.4578</dst>
      <dst id="9">247.8667</dst>
      <dst id="17">23153.0844</dst>
      <dst id="21">187.1467</dst>
    </src>
    <src id="20">
      <dst id="12">1633.3867</dst>
      <dst id="13">3632.2933</dst>
      <dst id="19">114.1600</dst>
      <dst id="23">0.3378</dst>
      <dst id="8">813.1200</dst>
      <dst id="18">358.6578</dst>
      <dst id="4">3273.0044</dst>
      <dst id="1">504.5067</dst>
      <dst id="5">533.7067</dst>
      <dst id="10">321.8044</dst>
      <dst id="22">333.7956</dst>
      <dst id="7">150.5333</dst>
      <dst id="2">298.1867</dst>
      <dst id="6">0.3378</dst>
      <dst id="16">7231.6800</dst>
      <dst id="14">0.9422</dst>
      <dst id="11">13.3333</dst>
      <dst id="9">2256.9422</dst>
      <dst id="17">10360.3556</dst>
      <dst id="21">133.9733</dst>
    </src>
    <src id="11">
      <dst id="12">16488.4800</dst>
      <dst id="13">3702.6844</dst>
      <dst id="19">2022.6222</dst>
      <dst id="23">24.8000</dst>
      <dst id="8">1698.8800</dst>
      <dst id="18">921.1289</dst>
      <dst id="4">927.4311</dst>
      <dst id="1">4958.1067</dst>
      <dst id="5">1512.6489</dst>
      <dst id="3">780.4089</dst>
      <dst id="10">1671.2800</dst>
      <dst id="22">133.3600</dst>
      <dst id="7">482.0444</dst>
      <dst id="2">58224.7556</dst>
      <dst id="6">71.4667</dst>
      <dst id="16">20594.3822</dst>
      <dst id="14">1383.3333</dst>
      <dst id="20">203.6178</dst>
      <dst id="11">1447.2622</dst>
      <dst id="9">9663.9022</dst>
      <dst id="17">591958.8533</dst>
      <dst id="21">1201.6089</dst>
      <dst id="15">245.2800</dst>
    </src>
    <src id="9">
      <dst id="12">9249.9733</dst>
      <dst id="13">1826.6222</dst>
      <dst id="19">38.0978</dst>
      <dst id="23">2.3111</dst>
      <dst id="8">65817.5200</dst>
      <dst id="18">180.0356</dst>
      <dst id="4">237.2533</dst>
      <dst id="1">20071.9644</dst>
      <dst id="5">10173.4756</dst>
      <dst id="10">271.4933</dst>
      <dst id="22">632.1511</dst>
      <dst id="7">665.0311</dst>
      <dst id="2">368.9511</dst>
      <dst id="6">2.7200</dst>
      <dst id="16">496434.7911</dst>
      <dst id="14">11.2533</dst>
      <dst id="11">104.0978</dst>
      <dst id="9">295903.0844</dst>
      <dst id="17">87316.7467</dst>
      <dst id="21">75.6711</dst>
      <dst id="15">120.1511</dst>
    </src>
    <src id="17">
      <dst id="12">125680.1689</dst>
      <dst id="13">59221.0756</dst>
      <dst id="19">13656.1333</dst>
      <dst id="23">512.8178</dst>
      <dst id="8">2947.7600</dst>
      <dst id="18">793.1200</dst>
      <dst id="4">10182.6400</dst>
      <dst id="1">5076.5689</dst>
      <dst id="5">123731.2800</dst>
      <dst id="3">5575.7867</dst>
      <dst id="10">3554.5689</dst>
      <dst id="22">175.8756</dst>
      <dst id="7">18760.9778</dst>
      <dst id="2">13373.6267</dst>
      <dst id="6">178.8533</dst>
      <dst id="16">83920.2133</dst>
      <dst id="14">18965.0578</dst>
      <dst id="20">706.6489</dst>
      <dst id="11">13523.5644</dst>
      <dst id="9">6026.2844</dst>
      <dst id="17">27667.2089</dst>
      <dst id="21">11810.7200</dst>
      <dst id="15">696.7556</dst>
    </src>
    <src id="21">
      <dst id="12">1534.0533</dst>
      <dst id="13">57339.9111</dst>
      <dst id="19">127.1822</dst>
      <dst id="23">126.8089</dst>
      <dst id="8">191.5378</dst>
      <dst id="18">1182.1867</dst>
      <dst id="4">4014.1867</dst>
      <dst id="1">6634.9067</dst>
      <dst id="5">283.6267</dst>
      <dst id="3">1705.7333</dst>
      <dst id="10">2168.1511</dst>
      <dst id="22">5.2089</dst>
      <dst id="7">1709.3156</dst>
      <dst id="2">34647.2711</dst>
      <dst id="6">5.0844</dst>
      <dst id="16">10497.1644</dst>
      <dst id="14">122.8356</dst>
      <dst id="20">287.9911</dst>
      <dst id="11">303.3600</dst>
      <dst id="9">2272.9689</dst>
      <dst id="17">47969.6267</dst>
      <dst id="21">40960.6400</dst>
      <dst id="15">41.0844</dst>
    </src>
    <src id="15">
      <dst id="12">77.8044</dst>
      <dst id="13">465.1378</dst>
      <dst id="19">5.9733</dst>
      <dst id="8">41.9111</dst>
      <dst id="18">1109.2356</dst>
      <dst id="4">140.4089</dst>
      <dst id="1">592.6756</dst>
      <dst id="5">211.2622</dst>
      <dst id="10">14.8800</dst>
      <dst id="7">4.8000</dst>
      <dst id="2">65.7244</dst>
      <dst id="16">2005.3867</dst>
      <dst id="14">0.9600</dst>
      <dst id="9">780.4089</dst>
      <dst id="17">1905.2267</dst>
    </src>
  </IntraTM>
</TrafficMatrixFile>
