<?xml version="1.0" encoding="UTF-8" standalone="yes"?>
<TrafficMatrixFile xmlns:xsi="http://www.w3.org/2001/XMLSchema-instance" xsi:noNamespaceSchemaLocation="http://totem.run.montefiore.ulg.ac.be/Schema/TrafficMatrix-v1_2.xsd">
  <info>
    <title>Intradomain traffic matrix generated by geant-TM-all.pl</title>
    <date>2005-02-17T02:30:00</date>
    <duration>900</duration>
    <author>Steve Uhlig</author>
    <units>
        <unit type="bandwidth" value="kbps"/>
    </units>
  </info>
  <IntraTM ASID="20965">
    <src id="12">
      <dst id="12">197476.4267</dst>
      <dst id="13">19498.1778</dst>
      <dst id="19">7068.7556</dst>
      <dst id="23">560.2489</dst>
      <dst id="8">5400.9778</dst>
      <dst id="18">200687.4044</dst>
      <dst id="4">26985.0667</dst>
      <dst id="1">13053.4578</dst>
      <dst id="5">2117.6000</dst>
      <dst id="3">2165.5911</dst>
      <dst id="10">7790.8356</dst>
      <dst id="22">11125.6800</dst>
      <dst id="7">17371.1111</dst>
      <dst id="2">46056.4356</dst>
      <dst id="6">41.1200</dst>
      <dst id="16">11429.4756</dst>
      <dst id="14">2950.4711</dst>
      <dst id="20">10578.4889</dst>
      <dst id="11">29.9378</dst>
      <dst id="9">9109.4400</dst>
      <dst id="17">69731.0578</dst>
      <dst id="21">10229.9200</dst>
      <dst id="15">856.9511</dst>
    </src>
    <src id="13">
      <dst id="12">42705.0133</dst>
      <dst id="19">17859.9733</dst>
      <dst id="23">1767.3422</dst>
      <dst id="8">5678.0000</dst>
      <dst id="18">8860.9867</dst>
      <dst id="4">0.4267</dst>
      <dst id="1">7301.0222</dst>
      <dst id="5">31808.4089</dst>
      <dst id="3">1636.7733</dst>
      <dst id="22">20941.0489</dst>
      <dst id="7">22606.8622</dst>
      <dst id="2">96836.4444</dst>
      <dst id="6">931.0844</dst>
      <dst id="16">6230.9333</dst>
      <dst id="14">3922.9067</dst>
      <dst id="20">18095.3067</dst>
      <dst id="11">201.5822</dst>
      <dst id="9">11604.4356</dst>
      <dst id="17">118247.5200</dst>
      <dst id="21">21158.9778</dst>
      <dst id="15">3544.4000</dst>
    </src>
    <src id="19">
      <dst id="12">11055.3422</dst>
      <dst id="13">418.1689</dst>
      <dst id="23">94.0978</dst>
      <dst id="8">1.7333</dst>
      <dst id="18">806.4889</dst>
      <dst id="4">8337.3689</dst>
      <dst id="1">215.2356</dst>
      <dst id="5">0.4978</dst>
      <dst id="3">90.2044</dst>
      <dst id="10">419.7422</dst>
      <dst id="22">33.8311</dst>
      <dst id="7">4889.9822</dst>
      <dst id="2">1047.7511</dst>
      <dst id="16">8111.5200</dst>
      <dst id="14">172.8000</dst>
      <dst id="20">132.9867</dst>
      <dst id="9">299.1289</dst>
      <dst id="17">2710.4800</dst>
      <dst id="21">2283.9556</dst>
      <dst id="15">76.4356</dst>
    </src>
    <src id="23">
      <dst id="12">6736.0267</dst>
      <dst id="13">343.3867</dst>
      <dst id="19">5.0844</dst>
      <dst id="18">108.9244</dst>
      <dst id="4">1801.5733</dst>
      <dst id="1">47.5733</dst>
      <dst id="5">40.4267</dst>
      <dst id="3">0.4622</dst>
      <dst id="10">473.0756</dst>
      <dst id="22">375.0044</dst>
      <dst id="7">470.6311</dst>
      <dst id="2">528.5778</dst>
      <dst id="6">2.1689</dst>
      <dst id="16">59.2622</dst>
      <dst id="14">53.3333</dst>
      <dst id="20">203.6800</dst>
      <dst id="11">12.6222</dst>
      <dst id="9">99.9289</dst>
      <dst id="17">3773.9378</dst>
      <dst id="21">381.7956</dst>
      <dst id="15">30.2222</dst>
    </src>
    <src id="8">
      <dst id="12">53700.0533</dst>
      <dst id="13">8506.3111</dst>
      <dst id="19">58.7911</dst>
      <dst id="18">1478.4978</dst>
      <dst id="4">768.3822</dst>
      <dst id="1">9056.2044</dst>
      <dst id="5">2883.3156</dst>
      <dst id="3">16.2400</dst>
      <dst id="10">1303.3067</dst>
      <dst id="22">566.0178</dst>
      <dst id="7">132.6311</dst>
      <dst id="2">426.8978</dst>
      <dst id="6">0.4622</dst>
      <dst id="16">545.6800</dst>
      <dst id="14">37.3333</dst>
      <dst id="20">1002.7200</dst>
      <dst id="11">46.5689</dst>
      <dst id="9">245362.2756</dst>
      <dst id="17">301785.4756</dst>
      <dst id="21">253.4133</dst>
      <dst id="15">721.8933</dst>
    </src>
    <src id="18">
      <dst id="12">178629.2800</dst>
      <dst id="13">1136.8889</dst>
      <dst id="19">67.6444</dst>
      <dst id="23">19.2622</dst>
      <dst id="8">262.7911</dst>
      <dst id="4">751.6356</dst>
      <dst id="1">1931.1467</dst>
      <dst id="5">1338.8622</dst>
      <dst id="3">555.9378</dst>
      <dst id="10">327.2000</dst>
      <dst id="22">766.5067</dst>
      <dst id="7">134.7111</dst>
      <dst id="2">61538.0356</dst>
      <dst id="16">84.7644</dst>
      <dst id="14">5.6889</dst>
      <dst id="20">1332.3644</dst>
      <dst id="11">2.7378</dst>
      <dst id="9">180.3822</dst>
      <dst id="17">16871.9289</dst>
      <dst id="21">1039.4400</dst>
      <dst id="15">17.5289</dst>
    </src>
    <src id="4">
      <dst id="12">12332.0622</dst>
      <dst id="19">4129.1111</dst>
      <dst id="23">677.9289</dst>
      <dst id="8">1928.7556</dst>
      <dst id="18">1447.4844</dst>
      <dst id="4">4.7467</dst>
      <dst id="1">32240.6044</dst>
      <dst id="5">2339.8756</dst>
      <dst id="3">1107.8133</dst>
      <dst id="22">3994.2222</dst>
      <dst id="7">143053.0311</dst>
      <dst id="2">60757.3156</dst>
      <dst id="6">1.8400</dst>
      <dst id="16">1681.6889</dst>
      <dst id="14">2716.2756</dst>
      <dst id="20">1205.1822</dst>
      <dst id="11">68.9778</dst>
      <dst id="9">3817.0667</dst>
      <dst id="17">42780.0000</dst>
      <dst id="21">5710.6756</dst>
      <dst id="15">88.7289</dst>
    </src>
    <src id="1">
      <dst id="12">39985.1467</dst>
      <dst id="13">555.9289</dst>
      <dst id="19">95.6000</dst>
      <dst id="23">16.3378</dst>
      <dst id="8">120.6489</dst>
      <dst id="18">15488.4356</dst>
      <dst id="4">4665.6356</dst>
      <dst id="1">12008.7111</dst>
      <dst id="5">468.4356</dst>
      <dst id="3">1459.4489</dst>
      <dst id="10">542.1067</dst>
      <dst id="22">3383.6178</dst>
      <dst id="7">16486.2133</dst>
      <dst id="2">34355.8756</dst>
      <dst id="6">27.6267</dst>
      <dst id="16">24766.5600</dst>
      <dst id="14">50.8089</dst>
      <dst id="20">186.4356</dst>
      <dst id="11">56.9600</dst>
      <dst id="9">889.4044</dst>
      <dst id="17">32380.8178</dst>
      <dst id="21">15194.0000</dst>
      <dst id="15">76.6311</dst>
    </src>
    <src id="5">
      <dst id="12">48493.1911</dst>
      <dst id="13">12642.4889</dst>
      <dst id="19">31.4933</dst>
      <dst id="23">1.8756</dst>
      <dst id="8">2284.9689</dst>
      <dst id="18">645.8133</dst>
      <dst id="4">2162.9156</dst>
      <dst id="1">9958.0978</dst>
      <dst id="3">66.6044</dst>
      <dst id="10">1635.8133</dst>
      <dst id="22">6098.5778</dst>
      <dst id="7">109.9111</dst>
      <dst id="2">2901.7511</dst>
      <dst id="6">39.5733</dst>
      <dst id="16">828.9956</dst>
      <dst id="14">65.3156</dst>
      <dst id="20">1574.7378</dst>
      <dst id="11">44.3022</dst>
      <dst id="9">109251.5733</dst>
      <dst id="17">419885.2711</dst>
      <dst id="21">156.2400</dst>
      <dst id="15">853.0222</dst>
    </src>
    <src id="3">
      <dst id="12">17754.7200</dst>
      <dst id="13">846.4889</dst>
      <dst id="19">962.5956</dst>
      <dst id="23">46.6222</dst>
      <dst id="8">110.6667</dst>
      <dst id="18">1320.3733</dst>
      <dst id="4">47570.0444</dst>
      <dst id="1">5639.3244</dst>
      <dst id="5">727.3333</dst>
      <dst id="3">37.0844</dst>
      <dst id="10">3982.3911</dst>
      <dst id="22">1378.1067</dst>
      <dst id="7">3469.4756</dst>
      <dst id="2">6719.8222</dst>
      <dst id="6">6.2222</dst>
      <dst id="16">4764.3644</dst>
      <dst id="14">165.6178</dst>
      <dst id="20">1166.2756</dst>
      <dst id="11">7111.1111</dst>
      <dst id="9">683.8844</dst>
      <dst id="17">67370.8178</dst>
      <dst id="21">2334.4978</dst>
      <dst id="15">80.3911</dst>
    </src>
    <src id="10">
      <dst id="12">162867.4222</dst>
      <dst id="19">1124.2489</dst>
      <dst id="23">2094.1422</dst>
      <dst id="8">182609.0844</dst>
      <dst id="18">8680.2222</dst>
      <dst id="1">4017.2444</dst>
      <dst id="5">287304.4889</dst>
      <dst id="3">25579.6533</dst>
      <dst id="22">3147.5111</dst>
      <dst id="7">14044.9511</dst>
      <dst id="2">25407.9111</dst>
      <dst id="6">29715.0400</dst>
      <dst id="16">2657.5556</dst>
      <dst id="14">72483.8756</dst>
      <dst id="20">2376.9778</dst>
      <dst id="11">14564.4978</dst>
      <dst id="9">351063.0311</dst>
      <dst id="17">59772.3378</dst>
      <dst id="21">20765.1644</dst>
      <dst id="15">582.7467</dst>
    </src>
    <src id="22">
      <dst id="12">18974.2933</dst>
      <dst id="13">13263.9111</dst>
      <dst id="19">763.0044</dst>
      <dst id="23">640.2489</dst>
      <dst id="8">1326.3644</dst>
      <dst id="18">2197.6089</dst>
      <dst id="4">8451.7156</dst>
      <dst id="1">907.1733</dst>
      <dst id="5">5665.8578</dst>
      <dst id="3">200.8267</dst>
      <dst id="10">1967.2889</dst>
      <dst id="7">1902.8622</dst>
      <dst id="2">2646.4444</dst>
      <dst id="6">122.3111</dst>
      <dst id="14">373.1556</dst>
      <dst id="11">303.7689</dst>
      <dst id="9">2063.0400</dst>
      <dst id="17">9685.7156</dst>
      <dst id="21">1125.5911</dst>
    </src>
    <src id="7">
      <dst id="12">21890.1244</dst>
      <dst id="13">1680.6044</dst>
      <dst id="19">4214.6400</dst>
      <dst id="23">917.4311</dst>
      <dst id="8">136.7200</dst>
      <dst id="18">1157.7600</dst>
      <dst id="4">15761.4222</dst>
      <dst id="1">8597.6444</dst>
      <dst id="5">1575.6444</dst>
      <dst id="3">1009.1111</dst>
      <dst id="10">1485.4844</dst>
      <dst id="22">3000.0178</dst>
      <dst id="7">471.8222</dst>
      <dst id="2">5538.0356</dst>
      <dst id="6">53.8578</dst>
      <dst id="16">2050.3733</dst>
      <dst id="14">375.6800</dst>
      <dst id="20">775.2533</dst>
      <dst id="11">144.3111</dst>
      <dst id="9">443.3067</dst>
      <dst id="17">7626.9156</dst>
      <dst id="21">9506.5422</dst>
      <dst id="15">19.0844</dst>
    </src>
    <src id="2">
      <dst id="12">97813.5733</dst>
      <dst id="13">7911.6267</dst>
      <dst id="19">527.5378</dst>
      <dst id="23">49.0400</dst>
      <dst id="8">447.1644</dst>
      <dst id="18">130799.8311</dst>
      <dst id="4">41076.8978</dst>
      <dst id="1">13214.2756</dst>
      <dst id="5">1140.4889</dst>
      <dst id="3">149.9289</dst>
      <dst id="10">3522.9511</dst>
      <dst id="22">1445.7244</dst>
      <dst id="7">4146.3644</dst>
      <dst id="2">1223.8044</dst>
      <dst id="6">16808.4533</dst>
      <dst id="16">809.9467</dst>
      <dst id="14">509.4311</dst>
      <dst id="20">1179.5289</dst>
      <dst id="11">78.8178</dst>
      <dst id="9">6801.1644</dst>
      <dst id="17">45202.3378</dst>
      <dst id="21">4278.9156</dst>
      <dst id="15">377.4044</dst>
    </src>
    <src id="6">
      <dst id="12">541.4222</dst>
      <dst id="13">61.0756</dst>
      <dst id="23">0.8533</dst>
      <dst id="18">3.0756</dst>
      <dst id="4">32.5333</dst>
      <dst id="1">211.9467</dst>
      <dst id="5">13.6889</dst>
      <dst id="10">17.3778</dst>
      <dst id="22">3.6444</dst>
      <dst id="7">64.9511</dst>
      <dst id="2">3089.8756</dst>
      <dst id="16">33.8489</dst>
      <dst id="9">71.7778</dst>
      <dst id="17">16676.5422</dst>
      <dst id="21">64.6578</dst>
    </src>
    <src id="16">
      <dst id="12">9373.7511</dst>
      <dst id="13">3373.8400</dst>
      <dst id="19">4100.1511</dst>
      <dst id="23">30.1156</dst>
      <dst id="8">3602.9600</dst>
      <dst id="18">101.0044</dst>
      <dst id="4">1472.0178</dst>
      <dst id="1">26045.0400</dst>
      <dst id="5">6012.4444</dst>
      <dst id="3">14.8622</dst>
      <dst id="10">3626.9067</dst>
      <dst id="22">200.4622</dst>
      <dst id="7">669.8133</dst>
      <dst id="2">1579.7778</dst>
      <dst id="6">27.7778</dst>
      <dst id="16">124.6222</dst>
      <dst id="14">1074.4889</dst>
      <dst id="9">5920.4178</dst>
      <dst id="17">7259.4133</dst>
      <dst id="21">1383.1200</dst>
    </src>
    <src id="14">
      <dst id="12">5853.0044</dst>
      <dst id="13">67.9289</dst>
      <dst id="19">9.4756</dst>
      <dst id="23">1.8489</dst>
      <dst id="18">33.5378</dst>
      <dst id="4">1381.1378</dst>
      <dst id="1">947.7422</dst>
      <dst id="5">18.2578</dst>
      <dst id="3">358.5689</dst>
      <dst id="10">68.3467</dst>
      <dst id="22">191.9467</dst>
      <dst id="7">186.4356</dst>
      <dst id="2">5096.4267</dst>
      <dst id="6">1.7600</dst>
      <dst id="16">19.9467</dst>
      <dst id="20">12.6222</dst>
      <dst id="11">13.0844</dst>
      <dst id="9">20.6578</dst>
      <dst id="17">33454.2933</dst>
      <dst id="21">91.2444</dst>
    </src>
    <src id="20">
      <dst id="12">16716.3644</dst>
      <dst id="13">22640.3556</dst>
      <dst id="19">98.4889</dst>
      <dst id="23">19.8044</dst>
      <dst id="8">2356.5067</dst>
      <dst id="18">769.4578</dst>
      <dst id="4">3539.8222</dst>
      <dst id="1">1063.3156</dst>
      <dst id="5">2688.6044</dst>
      <dst id="3">54.8622</dst>
      <dst id="10">2870.3822</dst>
      <dst id="7">1236.3022</dst>
      <dst id="2">6018.0000</dst>
      <dst id="14">0.8089</dst>
      <dst id="20">13.7244</dst>
      <dst id="11">14.2933</dst>
      <dst id="9">2326.6489</dst>
      <dst id="17">6322.6756</dst>
      <dst id="21">848.4000</dst>
    </src>
    <src id="11">
      <dst id="12">64665.1911</dst>
      <dst id="13">5109.9556</dst>
      <dst id="19">79.8756</dst>
      <dst id="23">20.7644</dst>
      <dst id="8">199.1911</dst>
      <dst id="18">352.7467</dst>
      <dst id="4">3076.1778</dst>
      <dst id="1">2221.0933</dst>
      <dst id="5">3747.2356</dst>
      <dst id="3">1.6800</dst>
      <dst id="10">2536.4889</dst>
      <dst id="22">1494.6311</dst>
      <dst id="7">501.5378</dst>
      <dst id="2">117951.4489</dst>
      <dst id="6">0.5333</dst>
      <dst id="16">784.7200</dst>
      <dst id="14">116.0444</dst>
      <dst id="20">597.2533</dst>
      <dst id="11">1434.6222</dst>
      <dst id="9">2683.9733</dst>
      <dst id="17">502280.2044</dst>
      <dst id="21">1123.3956</dst>
      <dst id="15">88.6400</dst>
    </src>
    <src id="9">
      <dst id="12">78401.1200</dst>
      <dst id="13">5207.5022</dst>
      <dst id="19">101.6178</dst>
      <dst id="23">293.0933</dst>
      <dst id="8">149235.0578</dst>
      <dst id="18">1727.8222</dst>
      <dst id="4">2844.5244</dst>
      <dst id="1">13640.7378</dst>
      <dst id="5">4427.4400</dst>
      <dst id="3">1176.8978</dst>
      <dst id="10">1044.8978</dst>
      <dst id="22">1637.6089</dst>
      <dst id="7">294.6489</dst>
      <dst id="2">3764.8000</dst>
      <dst id="6">8.3467</dst>
      <dst id="16">1583.2178</dst>
      <dst id="14">7.6356</dst>
      <dst id="20">2690.8089</dst>
      <dst id="11">5.1556</dst>
      <dst id="9">567948.6044</dst>
      <dst id="17">451491.1467</dst>
      <dst id="21">324.5156</dst>
      <dst id="15">6908.0622</dst>
    </src>
    <src id="17">
      <dst id="12">144379.2533</dst>
      <dst id="13">15218.4711</dst>
      <dst id="19">1654.0800</dst>
      <dst id="23">236.0533</dst>
      <dst id="8">375.5556</dst>
      <dst id="18">14701.8311</dst>
      <dst id="4">16950.6400</dst>
      <dst id="1">3840.2133</dst>
      <dst id="5">259268.0356</dst>
      <dst id="3">5283.8044</dst>
      <dst id="10">5749.6089</dst>
      <dst id="22">5083.0044</dst>
      <dst id="7">4621.4044</dst>
      <dst id="2">29064.8356</dst>
      <dst id="6">112.8356</dst>
      <dst id="16">9008.4889</dst>
      <dst id="14">31665.8489</dst>
      <dst id="20">1025.6711</dst>
      <dst id="11">12889.1644</dst>
      <dst id="9">7383.3422</dst>
      <dst id="17">30442.7644</dst>
      <dst id="21">7750.8000</dst>
      <dst id="15">141.1467</dst>
    </src>
    <src id="21">
      <dst id="12">12108.2933</dst>
      <dst id="13">1086.1244</dst>
      <dst id="19">409.4222</dst>
      <dst id="23">50.0889</dst>
      <dst id="8">1052.7556</dst>
      <dst id="18">2944.9511</dst>
      <dst id="4">5736.7111</dst>
      <dst id="1">1875.9911</dst>
      <dst id="5">538.0889</dst>
      <dst id="3">2408.9422</dst>
      <dst id="10">1623.9556</dst>
      <dst id="22">470.6667</dst>
      <dst id="7">1372.4711</dst>
      <dst id="2">8663.5467</dst>
      <dst id="6">12.5689</dst>
      <dst id="16">1707.6089</dst>
      <dst id="14">51.3778</dst>
      <dst id="20">318.8089</dst>
      <dst id="11">79.4933</dst>
      <dst id="9">4124.4622</dst>
      <dst id="17">34674.9156</dst>
      <dst id="21">3522.5156</dst>
      <dst id="15">1061.9822</dst>
    </src>
    <src id="15">
      <dst id="12">2062.0178</dst>
      <dst id="13">890.7911</dst>
      <dst id="19">167.9022</dst>
      <dst id="23">2149.3422</dst>
      <dst id="8">406.9956</dst>
      <dst id="18">1.9911</dst>
      <dst id="4">342.1867</dst>
      <dst id="1">42.4622</dst>
      <dst id="5">142.1244</dst>
      <dst id="10">280.0444</dst>
      <dst id="7">25.5467</dst>
      <dst id="2">149.3067</dst>
      <dst id="16">0.3556</dst>
      <dst id="9">494.7289</dst>
      <dst id="17">1621.7689</dst>
      <dst id="21">53.7511</dst>
    </src>
  </IntraTM>
</TrafficMatrixFile>
