<?xml version="1.0" encoding="UTF-8" standalone="yes"?>
<TrafficMatrixFile xmlns:xsi="http://www.w3.org/2001/XMLSchema-instance" xsi:noNamespaceSchemaLocation="http://totem.run.montefiore.ulg.ac.be/Schema/TrafficMatrix-v1_2.xsd">
  <info>
    <title>Intradomain traffic matrix generated by geant-TM-all.pl</title>
    <date>2005-03-24T19:00:00</date>
    <duration>900</duration>
    <author>Steve Uhlig</author>
    <units>
        <unit type="bandwidth" value="kbps"/>
    </units>
  </info>
  <IntraTM ASID="20965">
    <src id="12">
      <dst id="12">379013.0933</dst>
      <dst id="13">33217.0844</dst>
      <dst id="19">2013.8667</dst>
      <dst id="23">10715.1733</dst>
      <dst id="8">643.0222</dst>
      <dst id="18">140730.5511</dst>
      <dst id="4">1822.5511</dst>
      <dst id="1">31247.9200</dst>
      <dst id="5">6086.5333</dst>
      <dst id="3">587.1911</dst>
      <dst id="10">1254.1956</dst>
      <dst id="22">8450.6222</dst>
      <dst id="7">9255.6622</dst>
      <dst id="2">27197.4133</dst>
      <dst id="6">32034.6489</dst>
      <dst id="16">5189.5022</dst>
      <dst id="14">766.1067</dst>
      <dst id="20">19252.4978</dst>
      <dst id="11">221.4667</dst>
      <dst id="9">3555.3511</dst>
      <dst id="17">99534.9422</dst>
      <dst id="21">6719.5022</dst>
      <dst id="15">5244.1422</dst>
    </src>
    <src id="13">
      <dst id="12">37640.7644</dst>
      <dst id="13">150.0533</dst>
      <dst id="19">4680.7378</dst>
      <dst id="23">20912.1689</dst>
      <dst id="8">50.2578</dst>
      <dst id="18">565.4756</dst>
      <dst id="1">7320.5778</dst>
      <dst id="5">1304.2133</dst>
      <dst id="3">866.0711</dst>
      <dst id="10">0.7111</dst>
      <dst id="22">9026.1689</dst>
      <dst id="7">6632.7289</dst>
      <dst id="2">3252.0889</dst>
      <dst id="6">565.9733</dst>
      <dst id="16">2680.4622</dst>
      <dst id="14">1846.2133</dst>
      <dst id="20">642.6756</dst>
      <dst id="11">50.8178</dst>
      <dst id="9">3661.4222</dst>
      <dst id="17">49390.8444</dst>
      <dst id="21">6702.7467</dst>
      <dst id="15">121.0844</dst>
    </src>
    <src id="19">
      <dst id="12">23351.9378</dst>
      <dst id="13">8959.8489</dst>
      <dst id="23">139.6711</dst>
      <dst id="18">31.2356</dst>
      <dst id="4">312.5689</dst>
      <dst id="1">517.3244</dst>
      <dst id="5">21.1111</dst>
      <dst id="3">65.8578</dst>
      <dst id="10">191.9022</dst>
      <dst id="22">270.6667</dst>
      <dst id="7">6344.2756</dst>
      <dst id="2">563.0489</dst>
      <dst id="6">15920.5511</dst>
      <dst id="16">1363.7956</dst>
      <dst id="14">34.3467</dst>
      <dst id="20">128.6844</dst>
      <dst id="9">429.4844</dst>
      <dst id="17">8061.3156</dst>
      <dst id="21">1730.6400</dst>
      <dst id="15">1.1378</dst>
    </src>
    <src id="23">
      <dst id="12">1826.9422</dst>
      <dst id="13">3788.0800</dst>
      <dst id="19">188.3111</dst>
      <dst id="8">14.2311</dst>
      <dst id="18">0.6311</dst>
      <dst id="4">104.6667</dst>
      <dst id="1">396.9600</dst>
      <dst id="5">41.7778</dst>
      <dst id="3">2263.8578</dst>
      <dst id="10">139.3600</dst>
      <dst id="22">845.5200</dst>
      <dst id="7">2366.5333</dst>
      <dst id="2">176.4000</dst>
      <dst id="6">1.7422</dst>
      <dst id="16">274.1511</dst>
      <dst id="14">51.8844</dst>
      <dst id="20">146.3111</dst>
      <dst id="11">13.7956</dst>
      <dst id="9">9282.5867</dst>
      <dst id="17">5929.0489</dst>
      <dst id="21">1232.0533</dst>
      <dst id="15">13.6711</dst>
    </src>
    <src id="8">
      <dst id="12">5646.4444</dst>
      <dst id="13">204.6400</dst>
      <dst id="19">3.7333</dst>
      <dst id="23">1.1911</dst>
      <dst id="18">17.8133</dst>
      <dst id="4">255.8756</dst>
      <dst id="1">1990.0178</dst>
      <dst id="5">1762.7289</dst>
      <dst id="10">626.3111</dst>
      <dst id="7">236.3644</dst>
      <dst id="2">60.6133</dst>
      <dst id="6">4.8444</dst>
      <dst id="16">202782.1067</dst>
      <dst id="14">0.4267</dst>
      <dst id="11">764.1156</dst>
      <dst id="9">58709.0489</dst>
      <dst id="17">36399.6089</dst>
      <dst id="21">68.8444</dst>
      <dst id="15">0.4267</dst>
    </src>
    <src id="18">
      <dst id="12">157018.0533</dst>
      <dst id="13">388.5422</dst>
      <dst id="19">474.3644</dst>
      <dst id="23">58.2400</dst>
      <dst id="8">2.0800</dst>
      <dst id="4">199.2000</dst>
      <dst id="1">1061.1911</dst>
      <dst id="5">16.3644</dst>
      <dst id="3">4886.4267</dst>
      <dst id="10">75.4578</dst>
      <dst id="22">416.4889</dst>
      <dst id="7">246.4711</dst>
      <dst id="2">16223.8400</dst>
      <dst id="16">965.4844</dst>
      <dst id="20">92.3733</dst>
      <dst id="11">1.5644</dst>
      <dst id="9">529.1200</dst>
      <dst id="17">8150.7378</dst>
      <dst id="21">2979.4489</dst>
      <dst id="15">113.6356</dst>
    </src>
    <src id="4">
      <dst id="12">40998.7822</dst>
      <dst id="13">235.1111</dst>
      <dst id="19">10327.9200</dst>
      <dst id="23">2134.4444</dst>
      <dst id="8">1046.4889</dst>
      <dst id="18">2383.7600</dst>
      <dst id="4">172.1778</dst>
      <dst id="1">113845.2178</dst>
      <dst id="5">6505.7422</dst>
      <dst id="3">189.7156</dst>
      <dst id="22">91.5200</dst>
      <dst id="7">6798.3022</dst>
      <dst id="2">71904.0889</dst>
      <dst id="6">297.6178</dst>
      <dst id="16">81663.5556</dst>
      <dst id="14">6386.4622</dst>
      <dst id="11">785.5289</dst>
      <dst id="9">32699.6978</dst>
      <dst id="17">104201.8489</dst>
      <dst id="21">14960.6044</dst>
      <dst id="15">1348.5067</dst>
    </src>
    <src id="1">
      <dst id="12">377069.9467</dst>
      <dst id="13">7916.6400</dst>
      <dst id="19">5436.7733</dst>
      <dst id="23">281.4222</dst>
      <dst id="8">418.8178</dst>
      <dst id="18">12834.9511</dst>
      <dst id="4">346.0800</dst>
      <dst id="1">624803.1644</dst>
      <dst id="5">1101.5200</dst>
      <dst id="3">809.4756</dst>
      <dst id="10">159.5022</dst>
      <dst id="22">67.1289</dst>
      <dst id="7">317523.9467</dst>
      <dst id="2">20207.6356</dst>
      <dst id="6">33.8844</dst>
      <dst id="16">866569.0044</dst>
      <dst id="14">225.4044</dst>
      <dst id="20">253.2000</dst>
      <dst id="11">97.2889</dst>
      <dst id="9">3049.8933</dst>
      <dst id="17">182515.7511</dst>
      <dst id="21">663945.0578</dst>
      <dst id="15">527.8044</dst>
    </src>
    <src id="5">
      <dst id="12">6820.8533</dst>
      <dst id="13">1450.8711</dst>
      <dst id="19">518.7022</dst>
      <dst id="23">67.5556</dst>
      <dst id="8">255.4311</dst>
      <dst id="18">71.0044</dst>
      <dst id="4">469.3156</dst>
      <dst id="1">3154.3911</dst>
      <dst id="10">81.4044</dst>
      <dst id="22">2.4889</dst>
      <dst id="7">37.8044</dst>
      <dst id="2">116.3111</dst>
      <dst id="6">34.8533</dst>
      <dst id="16">285502.2311</dst>
      <dst id="14">69.2178</dst>
      <dst id="11">48.0978</dst>
      <dst id="9">33186.3378</dst>
      <dst id="17">36366.0267</dst>
      <dst id="21">101.8044</dst>
      <dst id="15">752.4000</dst>
    </src>
    <src id="3">
      <dst id="12">3816.6222</dst>
      <dst id="13">44733.9022</dst>
      <dst id="19">2482.8800</dst>
      <dst id="23">2978.1689</dst>
      <dst id="8">84.3822</dst>
      <dst id="18">687.9378</dst>
      <dst id="4">812.8800</dst>
      <dst id="1">17764.4533</dst>
      <dst id="5">386.5244</dst>
      <dst id="3">421.4756</dst>
      <dst id="10">426.1156</dst>
      <dst id="22">0.4267</dst>
      <dst id="7">6395.0933</dst>
      <dst id="2">9831.4667</dst>
      <dst id="6">37.6267</dst>
      <dst id="16">13547.5200</dst>
      <dst id="14">246.0622</dst>
      <dst id="20">782.7289</dst>
      <dst id="11">131.9022</dst>
      <dst id="9">1933.6356</dst>
      <dst id="17">42447.0578</dst>
      <dst id="21">2192.1156</dst>
      <dst id="15">280.1244</dst>
    </src>
    <src id="10">
      <dst id="12">22085.3244</dst>
      <dst id="13">30.8444</dst>
      <dst id="19">4927.2267</dst>
      <dst id="23">1932.5244</dst>
      <dst id="8">575.6356</dst>
      <dst id="18">826.6400</dst>
      <dst id="1">8090.4800</dst>
      <dst id="5">3462.3556</dst>
      <dst id="3">1292.9333</dst>
      <dst id="22">151.3867</dst>
      <dst id="7">2587.0222</dst>
      <dst id="2">19205.6178</dst>
      <dst id="6">54.4533</dst>
      <dst id="16">31287.3156</dst>
      <dst id="14">1075.3689</dst>
      <dst id="20">5712.2667</dst>
      <dst id="11">266.1778</dst>
      <dst id="9">6857.6800</dst>
      <dst id="17">70476.3111</dst>
      <dst id="21">6505.8044</dst>
      <dst id="15">4819.9200</dst>
    </src>
    <src id="22">
      <dst id="12">9065.3600</dst>
      <dst id="13">11312.7378</dst>
      <dst id="19">50.5956</dst>
      <dst id="23">53.6711</dst>
      <dst id="8">198.7644</dst>
      <dst id="18">275.3867</dst>
      <dst id="4">1108.1244</dst>
      <dst id="1">1440.9156</dst>
      <dst id="5">1430.3022</dst>
      <dst id="3">226.1244</dst>
      <dst id="10">217.4756</dst>
      <dst id="7">2259.8578</dst>
      <dst id="2">1294.5689</dst>
      <dst id="6">73.4667</dst>
      <dst id="16">979.5556</dst>
      <dst id="14">69.4489</dst>
      <dst id="11">284.1422</dst>
      <dst id="9">499.5467</dst>
      <dst id="17">8780.4800</dst>
      <dst id="21">2293.7244</dst>
    </src>
    <src id="7">
      <dst id="12">19220.3378</dst>
      <dst id="13">32383.2356</dst>
      <dst id="19">2089.9644</dst>
      <dst id="23">85.7689</dst>
      <dst id="8">59.5644</dst>
      <dst id="18">272.2311</dst>
      <dst id="4">4138.1333</dst>
      <dst id="1">12335.1111</dst>
      <dst id="5">2068.4000</dst>
      <dst id="3">1344.8711</dst>
      <dst id="10">1147.6978</dst>
      <dst id="22">3204.8444</dst>
      <dst id="7">28.4800</dst>
      <dst id="2">7436.9956</dst>
      <dst id="6">1136.6222</dst>
      <dst id="16">18227.5200</dst>
      <dst id="14">479.0844</dst>
      <dst id="20">5944.0622</dst>
      <dst id="11">279.9644</dst>
      <dst id="9">1173.3156</dst>
      <dst id="17">10818.3022</dst>
      <dst id="21">2991.3867</dst>
      <dst id="15">58.7911</dst>
    </src>
    <src id="2">
      <dst id="12">99308.2311</dst>
      <dst id="13">38893.1200</dst>
      <dst id="19">3035.8933</dst>
      <dst id="23">31.0578</dst>
      <dst id="8">474.8533</dst>
      <dst id="18">78406.5067</dst>
      <dst id="4">3074.4800</dst>
      <dst id="1">16382.0356</dst>
      <dst id="5">4101.2356</dst>
      <dst id="3">1145.7511</dst>
      <dst id="10">2582.6578</dst>
      <dst id="22">3192.0000</dst>
      <dst id="7">44891.0844</dst>
      <dst id="2">4000.7022</dst>
      <dst id="6">17872.2667</dst>
      <dst id="16">549.9467</dst>
      <dst id="14">372.5333</dst>
      <dst id="20">5861.8844</dst>
      <dst id="11">1467.6622</dst>
      <dst id="9">1865.3333</dst>
      <dst id="17">87891.7333</dst>
      <dst id="21">3267.4489</dst>
      <dst id="15">190.7911</dst>
    </src>
    <src id="6">
      <dst id="12">331.2000</dst>
      <dst id="13">237.8044</dst>
      <dst id="19">342.0267</dst>
      <dst id="23">29.5200</dst>
      <dst id="8">10.2400</dst>
      <dst id="18">1.0311</dst>
      <dst id="4">2.3022</dst>
      <dst id="1">378.6311</dst>
      <dst id="5">107.3956</dst>
      <dst id="3">65.1822</dst>
      <dst id="10">7.6356</dst>
      <dst id="22">96.4800</dst>
      <dst id="7">413.1822</dst>
      <dst id="2">2854.3289</dst>
      <dst id="16">105.9644</dst>
      <dst id="14">48.8533</dst>
      <dst id="20">12.1778</dst>
      <dst id="11">0.6133</dst>
      <dst id="9">142.9778</dst>
      <dst id="17">28873.4311</dst>
      <dst id="21">193.9644</dst>
      <dst id="15">131.3778</dst>
    </src>
    <src id="16">
      <dst id="12">244848.1067</dst>
      <dst id="13">5221.5200</dst>
      <dst id="19">2670.9422</dst>
      <dst id="23">64.4000</dst>
      <dst id="8">98652.0000</dst>
      <dst id="18">7.1556</dst>
      <dst id="4">288.0089</dst>
      <dst id="1">10787.6800</dst>
      <dst id="5">279177.7156</dst>
      <dst id="3">13804.9333</dst>
      <dst id="10">396.7467</dst>
      <dst id="22">0.3911</dst>
      <dst id="7">937.0756</dst>
      <dst id="2">200.6400</dst>
      <dst id="6">99.8667</dst>
      <dst id="16">30610.0533</dst>
      <dst id="14">74463.0489</dst>
      <dst id="11">37984.3733</dst>
      <dst id="9">334439.9556</dst>
      <dst id="17">6342.7467</dst>
      <dst id="21">0.3200</dst>
    </src>
    <src id="14">
      <dst id="12">612.1689</dst>
      <dst id="13">260.4800</dst>
      <dst id="19">10.5244</dst>
      <dst id="23">1.9022</dst>
      <dst id="18">13.7956</dst>
      <dst id="4">151.0311</dst>
      <dst id="1">485.3156</dst>
      <dst id="5">14.1156</dst>
      <dst id="3">1736.8889</dst>
      <dst id="10">65.2711</dst>
      <dst id="7">411.0311</dst>
      <dst id="2">2656.3467</dst>
      <dst id="16">3107.0933</dst>
      <dst id="20">16.0089</dst>
      <dst id="11">22.9778</dst>
      <dst id="9">361.9289</dst>
      <dst id="17">36973.9556</dst>
      <dst id="21">54.7289</dst>
      <dst id="15">0.8178</dst>
    </src>
    <src id="20">
      <dst id="12">2950.9156</dst>
      <dst id="13">10798.6844</dst>
      <dst id="19">85.3156</dst>
      <dst id="23">16.4622</dst>
      <dst id="8">34.3111</dst>
      <dst id="18">341.8756</dst>
      <dst id="4">235.5644</dst>
      <dst id="1">143.3156</dst>
      <dst id="5">4144.2133</dst>
      <dst id="3">21.5644</dst>
      <dst id="10">273.7067</dst>
      <dst id="22">16.9422</dst>
      <dst id="7">1783.4044</dst>
      <dst id="2">1780.8089</dst>
      <dst id="6">4.3022</dst>
      <dst id="16">5912.7022</dst>
      <dst id="14">44.8000</dst>
      <dst id="20">13.9200</dst>
      <dst id="11">19.6889</dst>
      <dst id="9">1857.0133</dst>
      <dst id="17">27988.6933</dst>
      <dst id="21">2557.3244</dst>
    </src>
    <src id="11">
      <dst id="12">22113.3156</dst>
      <dst id="13">3847.3867</dst>
      <dst id="19">93.0756</dst>
      <dst id="23">42.6933</dst>
      <dst id="8">557.4844</dst>
      <dst id="18">200.7200</dst>
      <dst id="4">1068.5778</dst>
      <dst id="1">8551.0400</dst>
      <dst id="5">1473.2800</dst>
      <dst id="3">1606.6667</dst>
      <dst id="10">461.4400</dst>
      <dst id="22">0.9422</dst>
      <dst id="7">1992.9067</dst>
      <dst id="2">58682.8444</dst>
      <dst id="6">18.2044</dst>
      <dst id="16">12897.2889</dst>
      <dst id="14">116.2044</dst>
      <dst id="20">555.3511</dst>
      <dst id="11">1534.5422</dst>
      <dst id="9">5676.2667</dst>
      <dst id="17">686461.5644</dst>
      <dst id="21">1251.4578</dst>
      <dst id="15">549.6000</dst>
    </src>
    <src id="9">
      <dst id="12">11540.9511</dst>
      <dst id="13">2309.5378</dst>
      <dst id="19">15.3333</dst>
      <dst id="23">156.6844</dst>
      <dst id="8">70492.0356</dst>
      <dst id="18">44.6844</dst>
      <dst id="4">212.5867</dst>
      <dst id="1">4626.2933</dst>
      <dst id="5">263.6889</dst>
      <dst id="3">1293.3333</dst>
      <dst id="10">495.5733</dst>
      <dst id="22">1.1022</dst>
      <dst id="7">2148.6222</dst>
      <dst id="2">1950.9867</dst>
      <dst id="6">3.5289</dst>
      <dst id="16">466986.8711</dst>
      <dst id="14">57.9111</dst>
      <dst id="11">6.9333</dst>
      <dst id="9">306235.9822</dst>
      <dst id="17">68609.0933</dst>
      <dst id="21">33.0044</dst>
      <dst id="15">11222.0800</dst>
    </src>
    <src id="17">
      <dst id="12">153972.8356</dst>
      <dst id="13">69769.2800</dst>
      <dst id="19">1920.8533</dst>
      <dst id="23">486.4444</dst>
      <dst id="8">2459.5467</dst>
      <dst id="18">6312.7911</dst>
      <dst id="4">7967.8044</dst>
      <dst id="1">11112.6756</dst>
      <dst id="5">135246.2044</dst>
      <dst id="3">10348.1778</dst>
      <dst id="10">1058.8711</dst>
      <dst id="22">3.2622</dst>
      <dst id="7">17601.2622</dst>
      <dst id="2">21639.5822</dst>
      <dst id="6">462.5600</dst>
      <dst id="16">46287.0133</dst>
      <dst id="14">39518.2044</dst>
      <dst id="20">5759.4933</dst>
      <dst id="11">38061.0400</dst>
      <dst id="9">37097.3689</dst>
      <dst id="17">33835.0756</dst>
      <dst id="21">27942.8356</dst>
      <dst id="15">394.9511</dst>
    </src>
    <src id="21">
      <dst id="12">3541.6089</dst>
      <dst id="13">16367.4933</dst>
      <dst id="19">511.3689</dst>
      <dst id="23">50.3822</dst>
      <dst id="8">195.9733</dst>
      <dst id="18">16882.7733</dst>
      <dst id="4">606.6489</dst>
      <dst id="1">16309.2622</dst>
      <dst id="5">898.2311</dst>
      <dst id="3">2251.0489</dst>
      <dst id="10">2014.1156</dst>
      <dst id="22">142.6844</dst>
      <dst id="7">3955.8489</dst>
      <dst id="2">7609.0044</dst>
      <dst id="6">60.4800</dst>
      <dst id="16">8263.0044</dst>
      <dst id="14">294.7022</dst>
      <dst id="20">385.6444</dst>
      <dst id="11">137.0578</dst>
      <dst id="9">2645.3067</dst>
      <dst id="17">31651.1200</dst>
      <dst id="21">3536.7111</dst>
      <dst id="15">81.5200</dst>
    </src>
    <src id="15">
      <dst id="12">1740.2044</dst>
      <dst id="13">510.9600</dst>
      <dst id="19">19.3600</dst>
      <dst id="23">1.2000</dst>
      <dst id="18">203.7333</dst>
      <dst id="4">120.5244</dst>
      <dst id="1">17233.2356</dst>
      <dst id="5">3779.4578</dst>
      <dst id="3">177.6356</dst>
      <dst id="10">12.0267</dst>
      <dst id="7">842.0978</dst>
      <dst id="2">10.7822</dst>
      <dst id="6">1.8844</dst>
      <dst id="16">1336.6844</dst>
      <dst id="11">40.0000</dst>
      <dst id="9">7307.2178</dst>
      <dst id="17">550.3644</dst>
      <dst id="21">67.0222</dst>
    </src>
  </IntraTM>
</TrafficMatrixFile>
