<?xml version="1.0" encoding="UTF-8" standalone="yes"?>
<TrafficMatrixFile xmlns:xsi="http://www.w3.org/2001/XMLSchema-instance" xsi:noNamespaceSchemaLocation="http://totem.run.montefiore.ulg.ac.be/Schema/TrafficMatrix-v1_2.xsd">
  <info>
    <title>Intradomain traffic matrix generated by geant-TM-all.pl</title>
    <date>2005-04-24T07:00:00</date>
    <duration>900</duration>
    <author>Steve Uhlig</author>
    <units>
        <unit type="bandwidth" value="kbps"/>
    </units>
  </info>
  <IntraTM ASID="20965">
    <src id="12">
      <dst id="12">365793.0133</dst>
      <dst id="13">30542.1067</dst>
      <dst id="19">2299.3333</dst>
      <dst id="23">5561.9289</dst>
      <dst id="8">4877.8756</dst>
      <dst id="18">62997.8756</dst>
      <dst id="4">7237.9644</dst>
      <dst id="1">45366.7111</dst>
      <dst id="5">6532.9067</dst>
      <dst id="3">486.9956</dst>
      <dst id="10">4058.3289</dst>
      <dst id="22">5520.6311</dst>
      <dst id="7">1944.2578</dst>
      <dst id="2">6606.4000</dst>
      <dst id="16">7351.5644</dst>
      <dst id="14">864.1244</dst>
      <dst id="20">3043.9911</dst>
      <dst id="11">98.7022</dst>
      <dst id="9">24017.3333</dst>
      <dst id="17">59891.9378</dst>
      <dst id="21">2238.4889</dst>
      <dst id="15">451.8578</dst>
    </src>
    <src id="13">
      <dst id="12">23921.2889</dst>
      <dst id="13">867.5556</dst>
      <dst id="19">6773.7956</dst>
      <dst id="23">33.6978</dst>
      <dst id="8">750.1956</dst>
      <dst id="18">191.4489</dst>
      <dst id="4">2.2756</dst>
      <dst id="1">2506.8356</dst>
      <dst id="5">1544.8978</dst>
      <dst id="3">52.6400</dst>
      <dst id="22">222.8444</dst>
      <dst id="7">605.6533</dst>
      <dst id="2">9664.8533</dst>
      <dst id="16">897.4311</dst>
      <dst id="14">143.5911</dst>
      <dst id="20">3916.5600</dst>
      <dst id="11">40.6133</dst>
      <dst id="9">5550.3378</dst>
      <dst id="17">13026.2844</dst>
      <dst id="21">986.9689</dst>
      <dst id="15">844.6222</dst>
    </src>
    <src id="19">
      <dst id="12">41753.0400</dst>
      <dst id="13">3611.9822</dst>
      <dst id="23">30.6489</dst>
      <dst id="8">1.9733</dst>
      <dst id="18">58.1422</dst>
      <dst id="4">293.9733</dst>
      <dst id="1">45.2622</dst>
      <dst id="5">16.4622</dst>
      <dst id="10">342.6489</dst>
      <dst id="22">15.2711</dst>
      <dst id="7">1323.2356</dst>
      <dst id="2">391.9200</dst>
      <dst id="16">52.5867</dst>
      <dst id="14">217.3689</dst>
      <dst id="20">1.1733</dst>
      <dst id="11">13.3333</dst>
      <dst id="9">102.0267</dst>
      <dst id="17">4802.3467</dst>
      <dst id="21">636.7733</dst>
      <dst id="15">2.1511</dst>
    </src>
    <src id="23">
      <dst id="12">8638.8356</dst>
      <dst id="13">478.7289</dst>
      <dst id="19">1083.9822</dst>
      <dst id="8">13.3333</dst>
      <dst id="18">0.3378</dst>
      <dst id="4">472.0444</dst>
      <dst id="1">110.8533</dst>
      <dst id="3">80.0000</dst>
      <dst id="10">726.6222</dst>
      <dst id="22">85.8756</dst>
      <dst id="7">28.3467</dst>
      <dst id="2">108.7644</dst>
      <dst id="14">0.6489</dst>
      <dst id="20">1.4667</dst>
      <dst id="11">16.8267</dst>
      <dst id="9">16.5600</dst>
      <dst id="17">1830.3200</dst>
      <dst id="21">133.7333</dst>
    </src>
    <src id="8">
      <dst id="12">15077.4578</dst>
      <dst id="13">668.6756</dst>
      <dst id="19">73.4400</dst>
      <dst id="18">138.8978</dst>
      <dst id="4">1936.9689</dst>
      <dst id="1">1886.0533</dst>
      <dst id="5">523.1289</dst>
      <dst id="3">287.1467</dst>
      <dst id="10">864.1333</dst>
      <dst id="2">63.6444</dst>
      <dst id="16">340321.5289</dst>
      <dst id="11">0.7733</dst>
      <dst id="9">85967.1289</dst>
      <dst id="17">23846.7111</dst>
      <dst id="21">640.0800</dst>
      <dst id="15">259.3422</dst>
    </src>
    <src id="18">
      <dst id="12">138167.9022</dst>
      <dst id="13">995.6533</dst>
      <dst id="19">56.1333</dst>
      <dst id="8">7.6889</dst>
      <dst id="4">119.0844</dst>
      <dst id="1">9844.0000</dst>
      <dst id="5">173.7156</dst>
      <dst id="3">2643.5378</dst>
      <dst id="10">291.1022</dst>
      <dst id="22">30.3200</dst>
      <dst id="7">411.9644</dst>
      <dst id="2">5946.7200</dst>
      <dst id="16">884.4978</dst>
      <dst id="14">36.5156</dst>
      <dst id="20">1635.1378</dst>
      <dst id="11">1.2444</dst>
      <dst id="9">12060.9867</dst>
      <dst id="17">5600.1244</dst>
      <dst id="21">654.0356</dst>
      <dst id="15">2.6933</dst>
    </src>
    <src id="4">
      <dst id="12">23934.1333</dst>
      <dst id="13">50.3378</dst>
      <dst id="19">13863.6444</dst>
      <dst id="23">1100.1067</dst>
      <dst id="8">66659.6800</dst>
      <dst id="18">2728.8267</dst>
      <dst id="4">2528.9511</dst>
      <dst id="1">68803.8044</dst>
      <dst id="5">7564.9600</dst>
      <dst id="3">61.5022</dst>
      <dst id="7">137.1200</dst>
      <dst id="2">70765.1556</dst>
      <dst id="16">75751.1200</dst>
      <dst id="14">8160.2756</dst>
      <dst id="11">465.0578</dst>
      <dst id="9">29352.9600</dst>
      <dst id="17">58257.1378</dst>
      <dst id="21">43864.2667</dst>
      <dst id="15">1733.5733</dst>
    </src>
    <src id="1">
      <dst id="12">470777.5378</dst>
      <dst id="13">24215.8756</dst>
      <dst id="19">164.9956</dst>
      <dst id="23">146.5778</dst>
      <dst id="8">594.9511</dst>
      <dst id="18">14621.0133</dst>
      <dst id="4">1603.8578</dst>
      <dst id="1">24306.4800</dst>
      <dst id="5">583.3778</dst>
      <dst id="3">76.8889</dst>
      <dst id="10">1364.9333</dst>
      <dst id="7">7295.9378</dst>
      <dst id="2">10309.6356</dst>
      <dst id="16">812593.7156</dst>
      <dst id="14">187.2978</dst>
      <dst id="20">111.6178</dst>
      <dst id="11">2096.0089</dst>
      <dst id="9">17171.9556</dst>
      <dst id="17">24899.7422</dst>
      <dst id="21">64618.4889</dst>
      <dst id="15">120.2222</dst>
    </src>
    <src id="5">
      <dst id="12">23743.4933</dst>
      <dst id="13">9587.7867</dst>
      <dst id="19">26.6667</dst>
      <dst id="8">488.9244</dst>
      <dst id="18">196.9778</dst>
      <dst id="4">1174.0533</dst>
      <dst id="1">43154.1244</dst>
      <dst id="3">573.1022</dst>
      <dst id="10">651.0667</dst>
      <dst id="2">1832.0000</dst>
      <dst id="16">390345.3333</dst>
      <dst id="14">0.4267</dst>
      <dst id="9">65073.4578</dst>
      <dst id="17">30699.0222</dst>
      <dst id="21">166.0711</dst>
      <dst id="15">500.0444</dst>
    </src>
    <src id="3">
      <dst id="12">868.2133</dst>
      <dst id="13">87318.4800</dst>
      <dst id="19">2129.0933</dst>
      <dst id="23">7.0044</dst>
      <dst id="8">2.2133</dst>
      <dst id="18">7028.8978</dst>
      <dst id="4">731.5022</dst>
      <dst id="1">38253.8400</dst>
      <dst id="5">208.1156</dst>
      <dst id="3">301.7244</dst>
      <dst id="10">722.3467</dst>
      <dst id="7">53952.1333</dst>
      <dst id="2">1197.5022</dst>
      <dst id="16">37221.9200</dst>
      <dst id="14">117.0400</dst>
      <dst id="20">1530.8444</dst>
      <dst id="11">205.7067</dst>
      <dst id="9">6744.9156</dst>
      <dst id="17">50706.8444</dst>
      <dst id="21">1696.8800</dst>
      <dst id="15">56.3378</dst>
    </src>
    <src id="10">
      <dst id="12">8084.1600</dst>
      <dst id="13">15.7956</dst>
      <dst id="19">1853.7689</dst>
      <dst id="23">67.1022</dst>
      <dst id="8">1012.1422</dst>
      <dst id="18">1602.8978</dst>
      <dst id="1">4799.0222</dst>
      <dst id="5">1661.9022</dst>
      <dst id="3">19.1822</dst>
      <dst id="7">81.0489</dst>
      <dst id="2">37138.9422</dst>
      <dst id="16">56531.6889</dst>
      <dst id="14">1635.5022</dst>
      <dst id="20">1872.7644</dst>
      <dst id="11">42.6133</dst>
      <dst id="9">5653.3422</dst>
      <dst id="17">24868.6400</dst>
      <dst id="21">3607.3067</dst>
      <dst id="15">512.7022</dst>
    </src>
    <src id="22">
      <dst id="12">16302.6667</dst>
      <dst id="13">4589.8756</dst>
      <dst id="19">3.3956</dst>
      <dst id="23">299.7867</dst>
      <dst id="8">181.2622</dst>
      <dst id="18">166.8178</dst>
      <dst id="4">1199.5111</dst>
      <dst id="1">332.2844</dst>
      <dst id="5">1463.7778</dst>
      <dst id="3">44.2667</dst>
      <dst id="10">2712.2489</dst>
      <dst id="7">615.0667</dst>
      <dst id="2">936.5511</dst>
      <dst id="16">85.4667</dst>
      <dst id="14">86.3644</dst>
      <dst id="11">56.6578</dst>
      <dst id="9">446.5422</dst>
      <dst id="17">3568.6222</dst>
      <dst id="21">1086.5333</dst>
    </src>
    <src id="7">
      <dst id="12">40509.8844</dst>
      <dst id="13">9834.7289</dst>
      <dst id="19">4833.8311</dst>
      <dst id="23">1.2800</dst>
      <dst id="8">200.5244</dst>
      <dst id="18">1192.9867</dst>
      <dst id="4">4690.7822</dst>
      <dst id="1">1754.4000</dst>
      <dst id="5">91.2711</dst>
      <dst id="3">235.2978</dst>
      <dst id="10">316.2844</dst>
      <dst id="22">55.9022</dst>
      <dst id="7">4956.6044</dst>
      <dst id="2">1702.1956</dst>
      <dst id="16">90.3822</dst>
      <dst id="14">83.8133</dst>
      <dst id="20">10.7556</dst>
      <dst id="11">37.2800</dst>
      <dst id="9">234.2667</dst>
      <dst id="17">1266.2667</dst>
      <dst id="21">5209.1200</dst>
      <dst id="15">8.7467</dst>
    </src>
    <src id="2">
      <dst id="12">148714.5333</dst>
      <dst id="13">23660.3556</dst>
      <dst id="19">1798.4889</dst>
      <dst id="8">331.7600</dst>
      <dst id="18">42078.2400</dst>
      <dst id="4">4612.7111</dst>
      <dst id="1">16727.1200</dst>
      <dst id="5">300.2489</dst>
      <dst id="3">49.1289</dst>
      <dst id="10">6954.1244</dst>
      <dst id="22">120.3911</dst>
      <dst id="7">19100.3111</dst>
      <dst id="2">5817.2711</dst>
      <dst id="16">106.7556</dst>
      <dst id="14">124.5333</dst>
      <dst id="20">412.5511</dst>
      <dst id="11">371.9378</dst>
      <dst id="9">872.5244</dst>
      <dst id="17">18308.4178</dst>
      <dst id="21">2604.4622</dst>
      <dst id="15">42.6044</dst>
    </src>
    <src id="6">
      <dst id="12">902.3289</dst>
      <dst id="13">307.1911</dst>
      <dst id="19">5.2533</dst>
      <dst id="23">3.9822</dst>
      <dst id="8">26.6667</dst>
      <dst id="4">18.1333</dst>
      <dst id="1">992.1067</dst>
      <dst id="5">0.4622</dst>
      <dst id="3">1.6622</dst>
      <dst id="10">12.1778</dst>
      <dst id="22">19.2533</dst>
      <dst id="7">41.5644</dst>
      <dst id="2">566.6400</dst>
      <dst id="16">3.0667</dst>
      <dst id="20">1.0933</dst>
      <dst id="9">1623.6267</dst>
      <dst id="17">28125.3689</dst>
      <dst id="21">4.4356</dst>
    </src>
    <src id="16">
      <dst id="12">139836.7822</dst>
      <dst id="13">1298.2933</dst>
      <dst id="19">3620.8444</dst>
      <dst id="23">17.2622</dst>
      <dst id="8">101156.2933</dst>
      <dst id="18">1.3867</dst>
      <dst id="4">227.1822</dst>
      <dst id="1">16741.3156</dst>
      <dst id="5">258648.1511</dst>
      <dst id="3">2690.7822</dst>
      <dst id="10">3048.8711</dst>
      <dst id="2">1669.0667</dst>
      <dst id="16">17598.6489</dst>
      <dst id="14">36777.7956</dst>
      <dst id="11">18916.4800</dst>
      <dst id="9">202791.0933</dst>
      <dst id="17">1984.6222</dst>
      <dst id="21">101.4044</dst>
    </src>
    <src id="14">
      <dst id="12">834.3467</dst>
      <dst id="13">971.7422</dst>
      <dst id="19">45.2178</dst>
      <dst id="23">1.4756</dst>
      <dst id="18">77.9467</dst>
      <dst id="4">1614.3467</dst>
      <dst id="1">2620.8356</dst>
      <dst id="5">40.4267</dst>
      <dst id="3">1337.0756</dst>
      <dst id="10">634.7022</dst>
      <dst id="7">317.8844</dst>
      <dst id="2">134.6044</dst>
      <dst id="16">4761.9556</dst>
      <dst id="20">1.4578</dst>
      <dst id="11">202.6667</dst>
      <dst id="9">2617.3067</dst>
      <dst id="17">29009.4489</dst>
      <dst id="21">118.9156</dst>
      <dst id="15">0.3556</dst>
    </src>
    <src id="20">
      <dst id="12">466.2222</dst>
      <dst id="13">8965.7956</dst>
      <dst id="8">161.2178</dst>
      <dst id="18">64.8089</dst>
      <dst id="4">377.9111</dst>
      <dst id="1">68.6400</dst>
      <dst id="5">929.2533</dst>
      <dst id="3">13.8489</dst>
      <dst id="10">1779.6089</dst>
      <dst id="22">123.7067</dst>
      <dst id="7">45.9111</dst>
      <dst id="2">471.1111</dst>
      <dst id="16">19172.8356</dst>
      <dst id="14">0.3556</dst>
      <dst id="20">28.3733</dst>
      <dst id="11">1.1111</dst>
      <dst id="9">3352.9422</dst>
      <dst id="17">4027.1556</dst>
      <dst id="21">307.1289</dst>
    </src>
    <src id="11">
      <dst id="12">19539.5822</dst>
      <dst id="13">3751.0311</dst>
      <dst id="19">101.1733</dst>
      <dst id="23">207.6622</dst>
      <dst id="8">258.5067</dst>
      <dst id="18">142.8622</dst>
      <dst id="4">931.9644</dst>
      <dst id="1">50733.7244</dst>
      <dst id="5">1112.6844</dst>
      <dst id="3">1553.8578</dst>
      <dst id="10">527.8844</dst>
      <dst id="2">7448.6844</dst>
      <dst id="16">32602.7289</dst>
      <dst id="14">30.3111</dst>
      <dst id="20">3101.6622</dst>
      <dst id="11">3276.0267</dst>
      <dst id="9">70338.6933</dst>
      <dst id="17">646797.9644</dst>
      <dst id="21">361.4578</dst>
      <dst id="15">78.0444</dst>
    </src>
    <src id="9">
      <dst id="12">40710.5156</dst>
      <dst id="13">23801.9644</dst>
      <dst id="19">28.6311</dst>
      <dst id="23">32.3200</dst>
      <dst id="8">119729.0044</dst>
      <dst id="18">39.6444</dst>
      <dst id="4">700.8178</dst>
      <dst id="1">11121.0222</dst>
      <dst id="5">782.7378</dst>
      <dst id="3">752.4978</dst>
      <dst id="10">1300.6044</dst>
      <dst id="2">3130.2756</dst>
      <dst id="16">561495.2711</dst>
      <dst id="14">10.6311</dst>
      <dst id="11">16.4000</dst>
      <dst id="9">292985.5378</dst>
      <dst id="17">57759.0489</dst>
      <dst id="21">500.4978</dst>
      <dst id="15">50.7111</dst>
    </src>
    <src id="17">
      <dst id="12">110322.9511</dst>
      <dst id="13">63412.2933</dst>
      <dst id="19">1183.3156</dst>
      <dst id="23">18.2222</dst>
      <dst id="8">237.9644</dst>
      <dst id="18">296.2578</dst>
      <dst id="4">6428.0444</dst>
      <dst id="1">2148.2133</dst>
      <dst id="5">221896.0444</dst>
      <dst id="3">10956.7644</dst>
      <dst id="10">17175.3600</dst>
      <dst id="7">21870.0267</dst>
      <dst id="2">9556.4089</dst>
      <dst id="16">45992.4978</dst>
      <dst id="14">15598.3200</dst>
      <dst id="20">2213.4756</dst>
      <dst id="11">20771.7778</dst>
      <dst id="9">7824.9867</dst>
      <dst id="17">23371.3067</dst>
      <dst id="21">5038.8800</dst>
      <dst id="15">64.1956</dst>
    </src>
    <src id="21">
      <dst id="12">1356.6311</dst>
      <dst id="13">2622.2844</dst>
      <dst id="19">343.7156</dst>
      <dst id="23">14.9689</dst>
      <dst id="8">1973.0667</dst>
      <dst id="18">2568.4800</dst>
      <dst id="4">1006.0533</dst>
      <dst id="1">8567.8933</dst>
      <dst id="5">476.4622</dst>
      <dst id="3">883.8667</dst>
      <dst id="10">769.3244</dst>
      <dst id="7">990.4800</dst>
      <dst id="2">3077.4756</dst>
      <dst id="16">8773.2356</dst>
      <dst id="14">128.2933</dst>
      <dst id="20">168.7911</dst>
      <dst id="11">63.6622</dst>
      <dst id="9">3350.2489</dst>
      <dst id="17">16168.2133</dst>
      <dst id="21">4544.4622</dst>
      <dst id="15">117.9378</dst>
    </src>
    <src id="15">
      <dst id="12">763.9200</dst>
      <dst id="13">153.8933</dst>
      <dst id="8">10.0444</dst>
      <dst id="18">0.5333</dst>
      <dst id="4">5.2000</dst>
      <dst id="1">41.1822</dst>
      <dst id="5">354.2222</dst>
      <dst id="10">93.0044</dst>
      <dst id="2">33.6000</dst>
      <dst id="16">2061.8667</dst>
      <dst id="11">26.6667</dst>
      <dst id="9">910.7378</dst>
      <dst id="17">1724.8800</dst>
      <dst id="21">11.6178</dst>
    </src>
  </IntraTM>
</TrafficMatrixFile>
