<?xml version="1.0" encoding="UTF-8" standalone="yes"?>
<TrafficMatrixFile xmlns:xsi="http://www.w3.org/2001/XMLSchema-instance" xsi:noNamespaceSchemaLocation="http://totem.run.montefiore.ulg.ac.be/Schema/TrafficMatrix-v1_2.xsd">
  <info>
    <title>Intradomain traffic matrix generated by geant-TM-all.pl</title>
    <date>2005-04-28T16:30:00</date>
    <duration>900</duration>
    <author>Steve Uhlig</author>
    <units>
        <unit type="bandwidth" value="kbps"/>
    </units>
  </info>
  <IntraTM ASID="20965">
    <src id="12">
      <dst id="12">487998.2133</dst>
      <dst id="13">15441.2978</dst>
      <dst id="19">1223.8311</dst>
      <dst id="23">1164.2756</dst>
      <dst id="8">910.8622</dst>
      <dst id="18">34827.4400</dst>
      <dst id="4">11664.4178</dst>
      <dst id="1">11135.9289</dst>
      <dst id="5">2180.5689</dst>
      <dst id="3">180.6311</dst>
      <dst id="10">6540.2489</dst>
      <dst id="22">5522.9067</dst>
      <dst id="7">9131.5289</dst>
      <dst id="2">6742.9156</dst>
      <dst id="16">18924.6756</dst>
      <dst id="14">2285.8844</dst>
      <dst id="20">4587.6622</dst>
      <dst id="11">292.1333</dst>
      <dst id="9">28764.6311</dst>
      <dst id="17">47741.0756</dst>
      <dst id="21">366.2933</dst>
      <dst id="15">1531.6889</dst>
    </src>
    <src id="13">
      <dst id="12">9161.2622</dst>
      <dst id="13">242.7644</dst>
      <dst id="19">5905.0222</dst>
      <dst id="23">38.1600</dst>
      <dst id="8">1244.3467</dst>
      <dst id="18">476.6756</dst>
      <dst id="4">1.2089</dst>
      <dst id="1">5364.1600</dst>
      <dst id="5">1372.4800</dst>
      <dst id="3">162.8800</dst>
      <dst id="22">578.4089</dst>
      <dst id="7">799.2267</dst>
      <dst id="2">2610.0978</dst>
      <dst id="16">776.3378</dst>
      <dst id="14">354.4533</dst>
      <dst id="20">1546.5778</dst>
      <dst id="11">306.3822</dst>
      <dst id="9">19644.1511</dst>
      <dst id="17">30228.5778</dst>
      <dst id="21">822.3111</dst>
      <dst id="15">155.9200</dst>
    </src>
    <src id="19">
      <dst id="12">36501.7244</dst>
      <dst id="13">4681.7956</dst>
      <dst id="23">1.4133</dst>
      <dst id="8">5.3689</dst>
      <dst id="18">103.1022</dst>
      <dst id="4">2481.2444</dst>
      <dst id="1">116.5067</dst>
      <dst id="5">249.1733</dst>
      <dst id="3">16.3200</dst>
      <dst id="10">104.5333</dst>
      <dst id="22">4.6933</dst>
      <dst id="7">12596.9244</dst>
      <dst id="2">998.1333</dst>
      <dst id="16">18.9333</dst>
      <dst id="14">47.6622</dst>
      <dst id="20">24.4978</dst>
      <dst id="9">175.4933</dst>
      <dst id="17">1271.4133</dst>
      <dst id="21">709.3244</dst>
      <dst id="15">15.3244</dst>
    </src>
    <src id="23">
      <dst id="12">3008.0089</dst>
      <dst id="13">1483.7511</dst>
      <dst id="19">49.8222</dst>
      <dst id="4">1125.2000</dst>
      <dst id="1">171.6444</dst>
      <dst id="10">79.0311</dst>
      <dst id="22">147.1111</dst>
      <dst id="7">128.6311</dst>
      <dst id="2">94.3111</dst>
      <dst id="14">12.6222</dst>
      <dst id="20">42.9867</dst>
      <dst id="11">27.5911</dst>
      <dst id="9">150.3644</dst>
      <dst id="17">4228.1333</dst>
      <dst id="21">159.5200</dst>
    </src>
    <src id="8">
      <dst id="12">2415.8400</dst>
      <dst id="13">254.2489</dst>
      <dst id="19">3.4844</dst>
      <dst id="18">37.6444</dst>
      <dst id="4">142.7733</dst>
      <dst id="1">1545.4222</dst>
      <dst id="5">564.2844</dst>
      <dst id="3">179.6978</dst>
      <dst id="10">368.4089</dst>
      <dst id="2">17.3867</dst>
      <dst id="16">259318.3378</dst>
      <dst id="14">1.9911</dst>
      <dst id="11">5.5822</dst>
      <dst id="9">69862.4622</dst>
      <dst id="17">22028.7022</dst>
      <dst id="21">37.8489</dst>
      <dst id="15">54.1600</dst>
    </src>
    <src id="18">
      <dst id="12">114465.9022</dst>
      <dst id="13">164.5244</dst>
      <dst id="19">43.9911</dst>
      <dst id="23">0.5867</dst>
      <dst id="8">14.5422</dst>
      <dst id="4">195.5111</dst>
      <dst id="1">1071.7422</dst>
      <dst id="5">202.6400</dst>
      <dst id="3">1908.1689</dst>
      <dst id="10">342.3822</dst>
      <dst id="22">40.5689</dst>
      <dst id="7">72.2400</dst>
      <dst id="2">3585.4933</dst>
      <dst id="16">82.2400</dst>
      <dst id="20">25.2444</dst>
      <dst id="11">1.1733</dst>
      <dst id="9">10729.5733</dst>
      <dst id="17">4436.8711</dst>
      <dst id="21">427.9911</dst>
      <dst id="15">22.9333</dst>
    </src>
    <src id="4">
      <dst id="12">20550.6578</dst>
      <dst id="13">30.2578</dst>
      <dst id="19">6451.7778</dst>
      <dst id="23">934.2489</dst>
      <dst id="8">2279.9911</dst>
      <dst id="18">835.7689</dst>
      <dst id="4">3404.3911</dst>
      <dst id="1">22830.6400</dst>
      <dst id="5">6090.2133</dst>
      <dst id="3">77.2356</dst>
      <dst id="7">17.2533</dst>
      <dst id="2">181668.5867</dst>
      <dst id="16">97520.5156</dst>
      <dst id="14">2865.1111</dst>
      <dst id="11">524.7289</dst>
      <dst id="9">28104.3467</dst>
      <dst id="17">74574.3111</dst>
      <dst id="21">44115.1289</dst>
      <dst id="15">5306.8889</dst>
    </src>
    <src id="1">
      <dst id="12">36179.4489</dst>
      <dst id="13">1260.8800</dst>
      <dst id="19">333.7867</dst>
      <dst id="23">213.3067</dst>
      <dst id="8">1.3867</dst>
      <dst id="18">12858.8089</dst>
      <dst id="4">923.8756</dst>
      <dst id="1">158211.9289</dst>
      <dst id="5">753.4222</dst>
      <dst id="3">145.7156</dst>
      <dst id="10">1459.2978</dst>
      <dst id="7">2187.7689</dst>
      <dst id="2">16377.0400</dst>
      <dst id="16">29127.3067</dst>
      <dst id="14">176.6844</dst>
      <dst id="20">3136.5511</dst>
      <dst id="11">1028.3644</dst>
      <dst id="9">7371.1022</dst>
      <dst id="17">14543.4756</dst>
      <dst id="21">138798.0089</dst>
      <dst id="15">451.3600</dst>
    </src>
    <src id="5">
      <dst id="12">12686.5333</dst>
      <dst id="13">1474.6667</dst>
      <dst id="19">59.0844</dst>
      <dst id="23">6.2933</dst>
      <dst id="8">1043.2978</dst>
      <dst id="18">42.2311</dst>
      <dst id="4">643.1467</dst>
      <dst id="1">2740.5067</dst>
      <dst id="3">579.0133</dst>
      <dst id="10">236.3378</dst>
      <dst id="2">258.5422</dst>
      <dst id="16">336312.4178</dst>
      <dst id="14">0.3556</dst>
      <dst id="11">13.3333</dst>
      <dst id="9">75928.4800</dst>
      <dst id="17">28352.5422</dst>
      <dst id="21">184.4356</dst>
      <dst id="15">31.2533</dst>
    </src>
    <src id="3">
      <dst id="12">1055.0667</dst>
      <dst id="13">23032.8000</dst>
      <dst id="19">1142.2756</dst>
      <dst id="23">18.0444</dst>
      <dst id="8">19.7778</dst>
      <dst id="18">44.3378</dst>
      <dst id="4">1190.9422</dst>
      <dst id="1">64841.9467</dst>
      <dst id="5">547.4844</dst>
      <dst id="3">1584.6311</dst>
      <dst id="10">789.0756</dst>
      <dst id="7">50376.1244</dst>
      <dst id="2">4883.6800</dst>
      <dst id="16">18585.6978</dst>
      <dst id="14">186.0267</dst>
      <dst id="20">1056.1333</dst>
      <dst id="11">176.7822</dst>
      <dst id="9">1332.7911</dst>
      <dst id="17">19717.6267</dst>
      <dst id="21">14512.5156</dst>
      <dst id="15">5.4667</dst>
    </src>
    <src id="10">
      <dst id="12">8188.8356</dst>
      <dst id="13">19.3778</dst>
      <dst id="19">2263.1911</dst>
      <dst id="23">118.6578</dst>
      <dst id="8">657.2267</dst>
      <dst id="18">33.1556</dst>
      <dst id="1">2356.3556</dst>
      <dst id="5">681.6178</dst>
      <dst id="3">497.0578</dst>
      <dst id="2">9520.5511</dst>
      <dst id="16">33228.2756</dst>
      <dst id="14">1726.4889</dst>
      <dst id="20">3716.0178</dst>
      <dst id="11">131.1378</dst>
      <dst id="9">8239.4311</dst>
      <dst id="17">28913.3867</dst>
      <dst id="21">18657.0133</dst>
      <dst id="15">462.1244</dst>
    </src>
    <src id="22">
      <dst id="12">10659.7689</dst>
      <dst id="13">5258.2933</dst>
      <dst id="19">55.3422</dst>
      <dst id="23">8.0711</dst>
      <dst id="8">557.3244</dst>
      <dst id="18">26.1956</dst>
      <dst id="4">1495.0133</dst>
      <dst id="1">2553.8667</dst>
      <dst id="5">1426.0089</dst>
      <dst id="3">0.9956</dst>
      <dst id="10">696.4800</dst>
      <dst id="7">118.8711</dst>
      <dst id="2">658.6578</dst>
      <dst id="16">31.1911</dst>
      <dst id="14">3.5911</dst>
      <dst id="11">118.5956</dst>
      <dst id="9">955.6622</dst>
      <dst id="17">3773.1378</dst>
      <dst id="21">1002.4889</dst>
    </src>
    <src id="7">
      <dst id="12">19466.2756</dst>
      <dst id="13">5386.9156</dst>
      <dst id="19">1842.3467</dst>
      <dst id="23">89.8933</dst>
      <dst id="8">127.2267</dst>
      <dst id="18">53.9556</dst>
      <dst id="4">1269.3511</dst>
      <dst id="1">5040.0622</dst>
      <dst id="5">57.1556</dst>
      <dst id="3">86.7200</dst>
      <dst id="10">516.4711</dst>
      <dst id="22">220.5689</dst>
      <dst id="7">42.4089</dst>
      <dst id="2">867.0844</dst>
      <dst id="16">337.3778</dst>
      <dst id="14">64.9689</dst>
      <dst id="20">423.7511</dst>
      <dst id="11">56.3111</dst>
      <dst id="9">244.0533</dst>
      <dst id="17">7716.5867</dst>
      <dst id="21">430.0978</dst>
      <dst id="15">7.8400</dst>
    </src>
    <src id="2">
      <dst id="12">128925.4756</dst>
      <dst id="13">39565.8133</dst>
      <dst id="19">1316.8356</dst>
      <dst id="23">0.9244</dst>
      <dst id="8">582.0000</dst>
      <dst id="18">33525.8222</dst>
      <dst id="4">4143.9378</dst>
      <dst id="1">23196.8978</dst>
      <dst id="5">1002.9600</dst>
      <dst id="3">94.9867</dst>
      <dst id="10">2272.8800</dst>
      <dst id="22">110.1333</dst>
      <dst id="7">4261.6622</dst>
      <dst id="2">3610.3911</dst>
      <dst id="6">15.4756</dst>
      <dst id="16">137.1022</dst>
      <dst id="14">245.9733</dst>
      <dst id="20">235.7956</dst>
      <dst id="11">226.3733</dst>
      <dst id="9">1523.8844</dst>
      <dst id="17">21820.4444</dst>
      <dst id="21">992.8444</dst>
      <dst id="15">34.8356</dst>
    </src>
    <src id="6">
      <dst id="12">1932.8444</dst>
      <dst id="13">62.6578</dst>
      <dst id="19">10.2578</dst>
      <dst id="8">12.6044</dst>
      <dst id="4">0.9156</dst>
      <dst id="1">151.6622</dst>
      <dst id="5">101.7422</dst>
      <dst id="3">4.4800</dst>
      <dst id="10">0.8711</dst>
      <dst id="22">1.9911</dst>
      <dst id="7">120.7911</dst>
      <dst id="2">332.8089</dst>
      <dst id="16">35.9733</dst>
      <dst id="9">1134.0622</dst>
      <dst id="17">22957.9022</dst>
      <dst id="21">48.2311</dst>
    </src>
    <src id="16">
      <dst id="12">173429.2178</dst>
      <dst id="13">639.1822</dst>
      <dst id="19">5119.9111</dst>
      <dst id="23">32.2667</dst>
      <dst id="8">88159.8756</dst>
      <dst id="18">1.9378</dst>
      <dst id="4">464.5600</dst>
      <dst id="1">30161.6711</dst>
      <dst id="5">268236.2400</dst>
      <dst id="3">4890.1067</dst>
      <dst id="10">191.3956</dst>
      <dst id="2">263.6089</dst>
      <dst id="16">25691.3778</dst>
      <dst id="14">61338.4444</dst>
      <dst id="11">32139.1200</dst>
      <dst id="9">263745.8933</dst>
      <dst id="17">2897.7867</dst>
      <dst id="21">1.5289</dst>
    </src>
    <src id="14">
      <dst id="12">2036.7111</dst>
      <dst id="13">366.0356</dst>
      <dst id="19">15.8578</dst>
      <dst id="8">1.0222</dst>
      <dst id="4">146.4000</dst>
      <dst id="1">212.0800</dst>
      <dst id="5">2.6133</dst>
      <dst id="3">1099.6000</dst>
      <dst id="10">95.0400</dst>
      <dst id="7">19.2889</dst>
      <dst id="2">417.9556</dst>
      <dst id="16">2111.3067</dst>
      <dst id="20">40.4444</dst>
      <dst id="11">25.7067</dst>
      <dst id="9">1102.2933</dst>
      <dst id="17">22809.9467</dst>
      <dst id="21">121.5644</dst>
    </src>
    <src id="20">
      <dst id="12">2269.3067</dst>
      <dst id="13">2861.0044</dst>
      <dst id="19">2.8000</dst>
      <dst id="23">0.3556</dst>
      <dst id="8">22.2933</dst>
      <dst id="4">838.7556</dst>
      <dst id="1">113.9200</dst>
      <dst id="5">430.4356</dst>
      <dst id="3">1.8756</dst>
      <dst id="10">1518.8089</dst>
      <dst id="7">1817.3067</dst>
      <dst id="2">25.1822</dst>
      <dst id="16">9641.3422</dst>
      <dst id="14">0.7111</dst>
      <dst id="20">35.1911</dst>
      <dst id="11">25.6000</dst>
      <dst id="9">1169.8756</dst>
      <dst id="17">13226.0444</dst>
      <dst id="21">20981.5111</dst>
    </src>
    <src id="11">
      <dst id="12">69268.3378</dst>
      <dst id="13">5964.8178</dst>
      <dst id="19">181.2622</dst>
      <dst id="23">28.3467</dst>
      <dst id="8">1261.2444</dst>
      <dst id="18">72.9511</dst>
      <dst id="4">2874.9511</dst>
      <dst id="1">3312.0978</dst>
      <dst id="5">2922.8889</dst>
      <dst id="3">1981.3156</dst>
      <dst id="10">866.1600</dst>
      <dst id="2">4133.9733</dst>
      <dst id="16">36623.2178</dst>
      <dst id="14">44.3378</dst>
      <dst id="20">456.7467</dst>
      <dst id="11">4514.4267</dst>
      <dst id="9">59859.1556</dst>
      <dst id="17">668389.9733</dst>
      <dst id="21">263.4489</dst>
      <dst id="15">69.7689</dst>
    </src>
    <src id="9">
      <dst id="12">10774.0000</dst>
      <dst id="13">1953.1289</dst>
      <dst id="19">152.8800</dst>
      <dst id="23">4.4444</dst>
      <dst id="8">100110.2667</dst>
      <dst id="18">52.0356</dst>
      <dst id="4">738.2667</dst>
      <dst id="1">5272.8711</dst>
      <dst id="5">2084.7200</dst>
      <dst id="3">504.6400</dst>
      <dst id="10">298.1778</dst>
      <dst id="2">169.7867</dst>
      <dst id="16">532048.9956</dst>
      <dst id="14">0.3556</dst>
      <dst id="11">3.8844</dst>
      <dst id="9">310062.0178</dst>
      <dst id="17">56378.6133</dst>
      <dst id="21">0.3556</dst>
      <dst id="15">2250.5956</dst>
    </src>
    <src id="17">
      <dst id="12">148700.4978</dst>
      <dst id="13">19175.2356</dst>
      <dst id="19">1644.1067</dst>
      <dst id="23">126.9600</dst>
      <dst id="8">1328.2844</dst>
      <dst id="18">4136.8800</dst>
      <dst id="4">11116.3111</dst>
      <dst id="1">16716.3200</dst>
      <dst id="5">194508.2044</dst>
      <dst id="3">15282.2133</dst>
      <dst id="10">5957.9111</dst>
      <dst id="7">5683.5467</dst>
      <dst id="2">36823.1911</dst>
      <dst id="16">36821.9378</dst>
      <dst id="14">17656.2933</dst>
      <dst id="20">1190.4000</dst>
      <dst id="11">19712.8622</dst>
      <dst id="9">5667.9200</dst>
      <dst id="17">18741.6444</dst>
      <dst id="21">3005.4400</dst>
      <dst id="15">180.0178</dst>
    </src>
    <src id="21">
      <dst id="12">2211.8667</dst>
      <dst id="13">5556.5867</dst>
      <dst id="19">463.6089</dst>
      <dst id="23">40.2844</dst>
      <dst id="8">111.3511</dst>
      <dst id="18">205.7600</dst>
      <dst id="4">764.8267</dst>
      <dst id="1">11844.9956</dst>
      <dst id="5">972.1333</dst>
      <dst id="3">2589.5467</dst>
      <dst id="10">292.6222</dst>
      <dst id="7">3955.5022</dst>
      <dst id="2">10891.3156</dst>
      <dst id="16">4461.3689</dst>
      <dst id="14">1486.1867</dst>
      <dst id="20">74.8889</dst>
      <dst id="11">139.5911</dst>
      <dst id="9">4398.8178</dst>
      <dst id="17">28523.6622</dst>
      <dst id="21">2927.0222</dst>
      <dst id="15">10.9956</dst>
    </src>
    <src id="15">
      <dst id="12">68.7289</dst>
      <dst id="13">51.1111</dst>
      <dst id="19">257.2444</dst>
      <dst id="8">22.4267</dst>
      <dst id="18">1.7067</dst>
      <dst id="4">118.6844</dst>
      <dst id="1">270.1600</dst>
      <dst id="5">185.6800</dst>
      <dst id="10">204.2844</dst>
      <dst id="2">8.1422</dst>
      <dst id="16">1685.3867</dst>
      <dst id="11">13.7956</dst>
      <dst id="9">973.8400</dst>
      <dst id="17">297.9200</dst>
      <dst id="21">2.0533</dst>
    </src>
  </IntraTM>
</TrafficMatrixFile>
