<?xml version="1.0" encoding="UTF-8" standalone="yes"?>
<TrafficMatrixFile xmlns:xsi="http://www.w3.org/2001/XMLSchema-instance" xsi:noNamespaceSchemaLocation="http://totem.run.montefiore.ulg.ac.be/Schema/TrafficMatrix-v1_2.xsd">
  <info>
    <title>Intradomain traffic matrix generated by geant-TM-all.pl</title>
    <date>2005-02-22T23:15:00</date>
    <duration>900</duration>
    <author>Steve Uhlig</author>
    <units>
        <unit type="bandwidth" value="kbps"/>
    </units>
  </info>
  <IntraTM ASID="20965">
    <src id="12">
      <dst id="12">218731.9378</dst>
      <dst id="13">27238.6578</dst>
      <dst id="19">2083.3778</dst>
      <dst id="23">23.2533</dst>
      <dst id="8">436.0889</dst>
      <dst id="18">34390.4533</dst>
      <dst id="4">13842.3378</dst>
      <dst id="1">31226.0800</dst>
      <dst id="5">3010.1778</dst>
      <dst id="3">21.8222</dst>
      <dst id="10">1665.9200</dst>
      <dst id="22">7858.3289</dst>
      <dst id="7">1745.3156</dst>
      <dst id="2">24933.3244</dst>
      <dst id="6">71.1200</dst>
      <dst id="16">7238.9067</dst>
      <dst id="14">687.1644</dst>
      <dst id="20">3526.4889</dst>
      <dst id="11">180.5333</dst>
      <dst id="9">17673.5289</dst>
      <dst id="17">81262.4178</dst>
      <dst id="21">3354.0178</dst>
      <dst id="15">349.3600</dst>
    </src>
    <src id="13">
      <dst id="12">14450.0978</dst>
      <dst id="19">5213.8933</dst>
      <dst id="23">19.3333</dst>
      <dst id="8">326.2044</dst>
      <dst id="18">51.7244</dst>
      <dst id="1">812.2667</dst>
      <dst id="5">747.1200</dst>
      <dst id="3">36.1956</dst>
      <dst id="22">3256.4444</dst>
      <dst id="7">2486.4356</dst>
      <dst id="2">7893.9022</dst>
      <dst id="6">30.6311</dst>
      <dst id="16">993.5289</dst>
      <dst id="14">35.4933</dst>
      <dst id="20">10297.3067</dst>
      <dst id="11">510.4089</dst>
      <dst id="9">9169.9111</dst>
      <dst id="17">24279.4844</dst>
      <dst id="21">248.9067</dst>
      <dst id="15">8735.9111</dst>
    </src>
    <src id="19">
      <dst id="12">22965.8667</dst>
      <dst id="13">774.9067</dst>
      <dst id="23">33.6000</dst>
      <dst id="8">1.2089</dst>
      <dst id="18">1.2800</dst>
      <dst id="4">16945.4844</dst>
      <dst id="1">185.0133</dst>
      <dst id="5">15.9733</dst>
      <dst id="10">14.8622</dst>
      <dst id="22">60.4000</dst>
      <dst id="7">2727.9200</dst>
      <dst id="2">513.7333</dst>
      <dst id="6">5.0756</dst>
      <dst id="16">14733.0756</dst>
      <dst id="14">828.1511</dst>
      <dst id="20">94.3289</dst>
      <dst id="11">10.3467</dst>
      <dst id="9">9.8756</dst>
      <dst id="17">1153.6267</dst>
      <dst id="21">2313.7422</dst>
      <dst id="15">0.3378</dst>
    </src>
    <src id="23">
      <dst id="12">1290.1956</dst>
      <dst id="13">98.6222</dst>
      <dst id="19">80.2844</dst>
      <dst id="18">1.9733</dst>
      <dst id="4">1214.1689</dst>
      <dst id="1">110.1689</dst>
      <dst id="5">0.9333</dst>
      <dst id="3">26.6667</dst>
      <dst id="10">45.8400</dst>
      <dst id="22">13.3333</dst>
      <dst id="7">147.3333</dst>
      <dst id="2">55.7689</dst>
      <dst id="16">747.6533</dst>
      <dst id="14">25.2444</dst>
      <dst id="9">37.5467</dst>
      <dst id="17">16777.6000</dst>
      <dst id="21">3.4311</dst>
      <dst id="15">40.0000</dst>
    </src>
    <src id="8">
      <dst id="12">12588.5156</dst>
      <dst id="13">340.2578</dst>
      <dst id="19">1.9289</dst>
      <dst id="18">26.1956</dst>
      <dst id="4">268.3733</dst>
      <dst id="1">1858.8267</dst>
      <dst id="5">604.9778</dst>
      <dst id="3">2.5867</dst>
      <dst id="10">166.9333</dst>
      <dst id="22">395.9467</dst>
      <dst id="7">21.3511</dst>
      <dst id="2">187.3422</dst>
      <dst id="6">27.1200</dst>
      <dst id="16">63882.2133</dst>
      <dst id="20">252.4622</dst>
      <dst id="9">152523.0044</dst>
      <dst id="17">246629.1200</dst>
      <dst id="21">42.5422</dst>
      <dst id="15">72.9244</dst>
    </src>
    <src id="18">
      <dst id="12">90969.3422</dst>
      <dst id="13">90.8000</dst>
      <dst id="19">0.5333</dst>
      <dst id="23">9.5822</dst>
      <dst id="8">17.0311</dst>
      <dst id="4">345.9822</dst>
      <dst id="1">994.0622</dst>
      <dst id="5">28.9689</dst>
      <dst id="3">60.0978</dst>
      <dst id="10">94.4622</dst>
      <dst id="22">104.2311</dst>
      <dst id="7">50.2756</dst>
      <dst id="2">21619.1378</dst>
      <dst id="16">93.9556</dst>
      <dst id="14">5.9733</dst>
      <dst id="20">244.3111</dst>
      <dst id="11">0.4622</dst>
      <dst id="9">5329.7689</dst>
      <dst id="17">25959.6000</dst>
      <dst id="21">76.9511</dst>
      <dst id="15">6.5778</dst>
    </src>
    <src id="4">
      <dst id="12">38480.8533</dst>
      <dst id="13">1839.9200</dst>
      <dst id="19">8534.2400</dst>
      <dst id="23">655.7067</dst>
      <dst id="8">3262.0000</dst>
      <dst id="18">1700.2756</dst>
      <dst id="4">9.9467</dst>
      <dst id="1">19386.7289</dst>
      <dst id="5">3112.9156</dst>
      <dst id="3">2625.0667</dst>
      <dst id="22">5387.8222</dst>
      <dst id="7">36173.8489</dst>
      <dst id="2">68354.3911</dst>
      <dst id="6">20.0800</dst>
      <dst id="16">6861.4400</dst>
      <dst id="14">6507.2711</dst>
      <dst id="20">17399.8133</dst>
      <dst id="11">541.4222</dst>
      <dst id="9">7695.7778</dst>
      <dst id="17">190742.4267</dst>
      <dst id="21">9291.8133</dst>
      <dst id="15">757.9467</dst>
    </src>
    <src id="1">
      <dst id="12">56273.2444</dst>
      <dst id="13">1551.1644</dst>
      <dst id="19">52.1244</dst>
      <dst id="23">16.0089</dst>
      <dst id="8">27.6267</dst>
      <dst id="18">12471.8311</dst>
      <dst id="4">4039.7689</dst>
      <dst id="1">689878.5333</dst>
      <dst id="5">852.5333</dst>
      <dst id="3">46.5067</dst>
      <dst id="10">76.6311</dst>
      <dst id="22">423.1200</dst>
      <dst id="7">739.6267</dst>
      <dst id="2">5197.9111</dst>
      <dst id="6">0.6756</dst>
      <dst id="16">19935.3511</dst>
      <dst id="14">62.9067</dst>
      <dst id="20">27.1022</dst>
      <dst id="11">41.7511</dst>
      <dst id="9">1709.0578</dst>
      <dst id="17">23067.0578</dst>
      <dst id="21">1989.8133</dst>
      <dst id="15">120.4800</dst>
    </src>
    <src id="5">
      <dst id="12">12211.9911</dst>
      <dst id="13">709.4844</dst>
      <dst id="19">16.8444</dst>
      <dst id="8">193.6889</dst>
      <dst id="18">992.3289</dst>
      <dst id="4">652.5867</dst>
      <dst id="1">1720.3022</dst>
      <dst id="3">53.4756</dst>
      <dst id="10">144.8978</dst>
      <dst id="22">3810.7111</dst>
      <dst id="7">32.7822</dst>
      <dst id="2">265.7689</dst>
      <dst id="6">1.5289</dst>
      <dst id="16">92257.2800</dst>
      <dst id="14">166.3289</dst>
      <dst id="20">357.1556</dst>
      <dst id="11">10.0978</dst>
      <dst id="9">71012.5511</dst>
      <dst id="17">360318.1600</dst>
      <dst id="21">41.3956</dst>
      <dst id="15">213.0222</dst>
    </src>
    <src id="3">
      <dst id="12">9986.4978</dst>
      <dst id="13">393.3867</dst>
      <dst id="19">860.3911</dst>
      <dst id="23">5.4222</dst>
      <dst id="8">35.0667</dst>
      <dst id="18">233.9200</dst>
      <dst id="4">40713.4489</dst>
      <dst id="1">11037.1378</dst>
      <dst id="5">292.2489</dst>
      <dst id="3">15.5644</dst>
      <dst id="10">774.8533</dst>
      <dst id="22">4690.7556</dst>
      <dst id="7">501.7600</dst>
      <dst id="2">3197.9733</dst>
      <dst id="6">0.4356</dst>
      <dst id="16">2011.4844</dst>
      <dst id="14">444.7467</dst>
      <dst id="20">35.6356</dst>
      <dst id="11">75.9111</dst>
      <dst id="9">496.6756</dst>
      <dst id="17">44447.0222</dst>
      <dst id="21">772.5067</dst>
      <dst id="15">57.0222</dst>
    </src>
    <src id="10">
      <dst id="12">96630.8089</dst>
      <dst id="19">706.8533</dst>
      <dst id="23">352.3911</dst>
      <dst id="8">77403.6889</dst>
      <dst id="18">1127.6267</dst>
      <dst id="1">557.4489</dst>
      <dst id="5">168144.5867</dst>
      <dst id="3">8749.7511</dst>
      <dst id="22">4019.2089</dst>
      <dst id="7">3276.5422</dst>
      <dst id="2">9389.4844</dst>
      <dst id="6">17214.9156</dst>
      <dst id="16">700.4444</dst>
      <dst id="14">56149.0844</dst>
      <dst id="20">1405.8400</dst>
      <dst id="11">6508.8089</dst>
      <dst id="9">147672.3733</dst>
      <dst id="17">21419.4756</dst>
      <dst id="21">16555.4044</dst>
      <dst id="15">89.6267</dst>
    </src>
    <src id="22">
      <dst id="12">13567.5644</dst>
      <dst id="13">8544.1600</dst>
      <dst id="19">387.4578</dst>
      <dst id="23">2.7733</dst>
      <dst id="8">1783.4400</dst>
      <dst id="18">512.1867</dst>
      <dst id="4">5560.5067</dst>
      <dst id="1">1539.2978</dst>
      <dst id="5">2383.3511</dst>
      <dst id="3">0.9156</dst>
      <dst id="10">306.1333</dst>
      <dst id="7">1221.2978</dst>
      <dst id="2">2491.6356</dst>
      <dst id="6">14.8444</dst>
      <dst id="14">85.9289</dst>
      <dst id="11">29.3689</dst>
      <dst id="9">2546.1244</dst>
      <dst id="17">14852.9511</dst>
      <dst id="21">265.4133</dst>
    </src>
    <src id="7">
      <dst id="12">14089.8933</dst>
      <dst id="13">3815.6178</dst>
      <dst id="19">1276.3289</dst>
      <dst id="23">16.7556</dst>
      <dst id="8">298.2222</dst>
      <dst id="18">214.1600</dst>
      <dst id="4">11107.7689</dst>
      <dst id="1">2182.7200</dst>
      <dst id="5">783.4933</dst>
      <dst id="3">101.6444</dst>
      <dst id="10">182.9956</dst>
      <dst id="22">1419.1200</dst>
      <dst id="7">807.1822</dst>
      <dst id="2">2370.8444</dst>
      <dst id="6">85.1911</dst>
      <dst id="16">1322.5689</dst>
      <dst id="14">227.6356</dst>
      <dst id="20">135.5200</dst>
      <dst id="11">235.3600</dst>
      <dst id="9">939.2622</dst>
      <dst id="17">8658.5333</dst>
      <dst id="21">2945.5467</dst>
      <dst id="15">620.6578</dst>
    </src>
    <src id="2">
      <dst id="12">68553.9111</dst>
      <dst id="13">5509.4044</dst>
      <dst id="19">718.2489</dst>
      <dst id="23">0.9244</dst>
      <dst id="8">120.5778</dst>
      <dst id="18">21812.2489</dst>
      <dst id="4">13641.9467</dst>
      <dst id="1">2680.5244</dst>
      <dst id="5">840.3911</dst>
      <dst id="3">8.7289</dst>
      <dst id="10">1350.9156</dst>
      <dst id="22">577.5111</dst>
      <dst id="7">4421.9289</dst>
      <dst id="2">3016.4178</dst>
      <dst id="6">11459.5289</dst>
      <dst id="16">609.5022</dst>
      <dst id="14">1246.2044</dst>
      <dst id="20">627.8222</dst>
      <dst id="11">105.4844</dst>
      <dst id="9">454.1867</dst>
      <dst id="17">7699.5022</dst>
      <dst id="21">2177.8667</dst>
      <dst id="15">182.6667</dst>
    </src>
    <src id="6">
      <dst id="12">605.0311</dst>
      <dst id="13">82.8356</dst>
      <dst id="23">1.1378</dst>
      <dst id="4">0.5600</dst>
      <dst id="1">68.2044</dst>
      <dst id="5">74.1689</dst>
      <dst id="3">0.4178</dst>
      <dst id="7">15.8667</dst>
      <dst id="2">4289.1822</dst>
      <dst id="16">29.5111</dst>
      <dst id="14">0.3556</dst>
      <dst id="9">576.8267</dst>
      <dst id="17">18466.3378</dst>
      <dst id="21">12.7200</dst>
    </src>
    <src id="16">
      <dst id="12">81161.5289</dst>
      <dst id="13">1229.7689</dst>
      <dst id="19">4517.7422</dst>
      <dst id="23">195.5556</dst>
      <dst id="8">94957.0222</dst>
      <dst id="18">7.6533</dst>
      <dst id="4">2017.1733</dst>
      <dst id="1">29930.9511</dst>
      <dst id="5">136148.2489</dst>
      <dst id="3">3908.4178</dst>
      <dst id="10">728.4089</dst>
      <dst id="22">0.5333</dst>
      <dst id="7">147.5822</dst>
      <dst id="2">991.4133</dst>
      <dst id="6">26.7733</dst>
      <dst id="16">33.4756</dst>
      <dst id="14">59.3956</dst>
      <dst id="11">9940.7289</dst>
      <dst id="9">153864.1333</dst>
      <dst id="17">11472.5156</dst>
      <dst id="21">5434.2844</dst>
    </src>
    <src id="14">
      <dst id="12">2208.6489</dst>
      <dst id="13">65.5822</dst>
      <dst id="19">92.2578</dst>
      <dst id="23">1.5289</dst>
      <dst id="18">1.2000</dst>
      <dst id="4">275.5822</dst>
      <dst id="1">297.6622</dst>
      <dst id="5">17.0667</dst>
      <dst id="3">87.4578</dst>
      <dst id="10">128.4711</dst>
      <dst id="22">7.7867</dst>
      <dst id="7">69.0844</dst>
      <dst id="2">1892.6311</dst>
      <dst id="16">5061.1556</dst>
      <dst id="20">11.5378</dst>
      <dst id="11">33.1822</dst>
      <dst id="9">1559.1289</dst>
      <dst id="17">30749.7422</dst>
      <dst id="21">52.9778</dst>
    </src>
    <src id="20">
      <dst id="12">3951.1822</dst>
      <dst id="13">14698.8622</dst>
      <dst id="19">55.4044</dst>
      <dst id="23">0.7111</dst>
      <dst id="8">256.4711</dst>
      <dst id="18">53.5644</dst>
      <dst id="4">15548.5778</dst>
      <dst id="1">99.0756</dst>
      <dst id="5">3125.2800</dst>
      <dst id="10">1551.0222</dst>
      <dst id="22">0.3556</dst>
      <dst id="7">2005.2622</dst>
      <dst id="2">14957.3956</dst>
      <dst id="6">1.7511</dst>
      <dst id="20">33.6000</dst>
      <dst id="9">2721.4489</dst>
      <dst id="17">5152.8889</dst>
      <dst id="21">39.4667</dst>
    </src>
    <src id="11">
      <dst id="12">26241.9467</dst>
      <dst id="13">2224.4889</dst>
      <dst id="19">477.6622</dst>
      <dst id="23">108.8711</dst>
      <dst id="8">1410.4356</dst>
      <dst id="18">176.1867</dst>
      <dst id="4">1442.9689</dst>
      <dst id="1">3339.3156</dst>
      <dst id="5">1287.2444</dst>
      <dst id="3">5.6978</dst>
      <dst id="10">2678.1422</dst>
      <dst id="22">504.7378</dst>
      <dst id="7">268.6400</dst>
      <dst id="2">59747.1022</dst>
      <dst id="6">1.8133</dst>
      <dst id="16">51124.5689</dst>
      <dst id="14">1753.4044</dst>
      <dst id="20">20.7289</dst>
      <dst id="11">3927.0578</dst>
      <dst id="9">34931.3689</dst>
      <dst id="17">609707.5200</dst>
      <dst id="21">303.1733</dst>
      <dst id="15">102.0267</dst>
    </src>
    <src id="9">
      <dst id="12">22616.7911</dst>
      <dst id="13">4047.5911</dst>
      <dst id="19">66.8622</dst>
      <dst id="23">0.4622</dst>
      <dst id="8">106394.9778</dst>
      <dst id="18">1.1556</dst>
      <dst id="4">1154.1867</dst>
      <dst id="1">3864.5244</dst>
      <dst id="5">515.3422</dst>
      <dst id="3">1.0933</dst>
      <dst id="10">1122.6578</dst>
      <dst id="22">4183.1289</dst>
      <dst id="7">590.7644</dst>
      <dst id="2">594.3200</dst>
      <dst id="16">102664.4711</dst>
      <dst id="14">19.9022</dst>
      <dst id="20">1200.0889</dst>
      <dst id="11">14.9689</dst>
      <dst id="9">330963.5911</dst>
      <dst id="17">400203.9556</dst>
      <dst id="21">368.6756</dst>
      <dst id="15">3749.8578</dst>
    </src>
    <src id="17">
      <dst id="12">82476.3556</dst>
      <dst id="13">13766.4889</dst>
      <dst id="19">419.2622</dst>
      <dst id="23">76.2400</dst>
      <dst id="8">400.8089</dst>
      <dst id="18">141.8400</dst>
      <dst id="4">8510.0889</dst>
      <dst id="1">2146.4711</dst>
      <dst id="5">109043.4578</dst>
      <dst id="3">1590.7911</dst>
      <dst id="10">546.5422</dst>
      <dst id="22">14712.4711</dst>
      <dst id="7">9059.3067</dst>
      <dst id="2">2394.4000</dst>
      <dst id="6">95.6889</dst>
      <dst id="16">7600.3022</dst>
      <dst id="14">27454.5511</dst>
      <dst id="20">3148.5067</dst>
      <dst id="11">7696.9511</dst>
      <dst id="9">2048.1244</dst>
      <dst id="17">22542.2933</dst>
      <dst id="21">4779.5378</dst>
      <dst id="15">47.7867</dst>
    </src>
    <src id="21">
      <dst id="12">4849.4222</dst>
      <dst id="13">390.8978</dst>
      <dst id="19">452.6844</dst>
      <dst id="23">2.7733</dst>
      <dst id="8">108.2667</dst>
      <dst id="18">248.2222</dst>
      <dst id="4">3215.7600</dst>
      <dst id="1">1104.4889</dst>
      <dst id="5">368.2933</dst>
      <dst id="3">331.4489</dst>
      <dst id="10">286.5956</dst>
      <dst id="22">447.1378</dst>
      <dst id="7">508.0089</dst>
      <dst id="2">7405.4044</dst>
      <dst id="6">28.6756</dst>
      <dst id="16">618.8889</dst>
      <dst id="14">842.7644</dst>
      <dst id="20">28.8444</dst>
      <dst id="11">187.0667</dst>
      <dst id="9">7671.4667</dst>
      <dst id="17">34408.4178</dst>
      <dst id="21">770.3200</dst>
      <dst id="15">175.6711</dst>
    </src>
    <src id="15">
      <dst id="12">481.6889</dst>
      <dst id="13">2137.4044</dst>
      <dst id="19">0.3378</dst>
      <dst id="8">1.4222</dst>
      <dst id="18">56.7467</dst>
      <dst id="4">81.3333</dst>
      <dst id="1">54.3822</dst>
      <dst id="5">1048.4800</dst>
      <dst id="10">8.0356</dst>
      <dst id="7">151.2356</dst>
      <dst id="2">219.6178</dst>
      <dst id="11">13.3333</dst>
      <dst id="9">364.2933</dst>
      <dst id="17">413.7778</dst>
      <dst id="21">51.1289</dst>
    </src>
  </IntraTM>
</TrafficMatrixFile>
