<?xml version="1.0" encoding="UTF-8" standalone="yes"?>
<TrafficMatrixFile xmlns:xsi="http://www.w3.org/2001/XMLSchema-instance" xsi:noNamespaceSchemaLocation="http://totem.run.montefiore.ulg.ac.be/Schema/TrafficMatrix-v1_2.xsd">
  <info>
    <title>Intradomain traffic matrix generated by geant-TM-all.pl</title>
    <date>2005-04-23T12:45:00</date>
    <duration>900</duration>
    <author>Steve Uhlig</author>
    <units>
        <unit type="bandwidth" value="kbps"/>
    </units>
  </info>
  <IntraTM ASID="20965">
    <src id="12">
      <dst id="12">314459.5644</dst>
      <dst id="13">14381.5733</dst>
      <dst id="19">4358.8711</dst>
      <dst id="23">1605.0311</dst>
      <dst id="8">188.0089</dst>
      <dst id="18">48907.8933</dst>
      <dst id="4">10897.7600</dst>
      <dst id="1">23203.8844</dst>
      <dst id="5">1702.2667</dst>
      <dst id="3">669.4756</dst>
      <dst id="10">6971.6000</dst>
      <dst id="22">167.8400</dst>
      <dst id="7">1548.3822</dst>
      <dst id="2">2145.6978</dst>
      <dst id="16">11008.6044</dst>
      <dst id="14">247.8578</dst>
      <dst id="20">4304.3289</dst>
      <dst id="11">107.4578</dst>
      <dst id="9">25730.2756</dst>
      <dst id="17">45513.3689</dst>
      <dst id="21">1599.0133</dst>
      <dst id="15">2510.5956</dst>
    </src>
    <src id="13">
      <dst id="12">5531.4489</dst>
      <dst id="13">362.0000</dst>
      <dst id="19">1279.5022</dst>
      <dst id="23">16.0622</dst>
      <dst id="8">401.9022</dst>
      <dst id="18">1402.8444</dst>
      <dst id="1">13895.7244</dst>
      <dst id="5">1067.1289</dst>
      <dst id="3">2.5422</dst>
      <dst id="22">377.1467</dst>
      <dst id="7">249.1289</dst>
      <dst id="2">6288.9067</dst>
      <dst id="16">203.9733</dst>
      <dst id="14">19.3778</dst>
      <dst id="20">57.2711</dst>
      <dst id="11">510.9867</dst>
      <dst id="9">2709.3600</dst>
      <dst id="17">3087.3511</dst>
      <dst id="21">1778.3556</dst>
      <dst id="15">120.0533</dst>
    </src>
    <src id="19">
      <dst id="12">44484.4444</dst>
      <dst id="13">523.0133</dst>
      <dst id="23">0.8889</dst>
      <dst id="18">483.3422</dst>
      <dst id="4">485.4222</dst>
      <dst id="1">58.7733</dst>
      <dst id="5">3.0133</dst>
      <dst id="3">0.4622</dst>
      <dst id="10">133.0311</dst>
      <dst id="22">2.3378</dst>
      <dst id="7">982.1511</dst>
      <dst id="2">71.3600</dst>
      <dst id="6">1.2889</dst>
      <dst id="16">1773.7244</dst>
      <dst id="14">30.6489</dst>
      <dst id="20">16.9333</dst>
      <dst id="11">1.1556</dst>
      <dst id="9">25.2089</dst>
      <dst id="17">546.9156</dst>
      <dst id="21">266.0444</dst>
      <dst id="15">2.0889</dst>
    </src>
    <src id="23">
      <dst id="12">3059.1556</dst>
      <dst id="13">422.7022</dst>
      <dst id="19">3.3244</dst>
      <dst id="8">25.2444</dst>
      <dst id="18">6355.6267</dst>
      <dst id="4">250.1867</dst>
      <dst id="1">91.5200</dst>
      <dst id="5">3.8667</dst>
      <dst id="10">257.0044</dst>
      <dst id="22">12.6222</dst>
      <dst id="7">112.7378</dst>
      <dst id="2">15.6800</dst>
      <dst id="16">0.5867</dst>
      <dst id="11">47.2444</dst>
      <dst id="9">299.8044</dst>
      <dst id="17">561.2622</dst>
      <dst id="21">79.7511</dst>
      <dst id="15">13.6711</dst>
    </src>
    <src id="8">
      <dst id="12">8001.9111</dst>
      <dst id="13">191.6267</dst>
      <dst id="23">50.4889</dst>
      <dst id="18">55.0133</dst>
      <dst id="4">1636.7200</dst>
      <dst id="1">1723.4222</dst>
      <dst id="5">554.2578</dst>
      <dst id="3">1130.4178</dst>
      <dst id="10">85.2356</dst>
      <dst id="2">60.6044</dst>
      <dst id="16">250930.1244</dst>
      <dst id="11">27.0222</dst>
      <dst id="9">57740.0000</dst>
      <dst id="17">18226.0533</dst>
      <dst id="21">1.2889</dst>
      <dst id="15">289.1644</dst>
    </src>
    <src id="18">
      <dst id="12">134116.2578</dst>
      <dst id="13">612.5867</dst>
      <dst id="19">6.3733</dst>
      <dst id="23">118.6667</dst>
      <dst id="8">48.2311</dst>
      <dst id="4">534.1689</dst>
      <dst id="1">7562.0978</dst>
      <dst id="5">292.2844</dst>
      <dst id="3">1971.8578</dst>
      <dst id="10">188.1067</dst>
      <dst id="22">4.5156</dst>
      <dst id="7">94.2400</dst>
      <dst id="2">3062.4000</dst>
      <dst id="16">668.5689</dst>
      <dst id="20">3.2533</dst>
      <dst id="9">9518.8800</dst>
      <dst id="17">4583.9556</dst>
      <dst id="21">558.0711</dst>
      <dst id="15">2.4178</dst>
    </src>
    <src id="4">
      <dst id="12">18259.4311</dst>
      <dst id="13">34.0622</dst>
      <dst id="19">13676.1956</dst>
      <dst id="23">1349.5378</dst>
      <dst id="8">1053.8578</dst>
      <dst id="18">3088.8533</dst>
      <dst id="4">530.4622</dst>
      <dst id="1">103507.0222</dst>
      <dst id="5">6049.3867</dst>
      <dst id="3">48.1867</dst>
      <dst id="7">105.9556</dst>
      <dst id="2">74505.0044</dst>
      <dst id="16">112706.1156</dst>
      <dst id="14">4394.5689</dst>
      <dst id="11">390.0889</dst>
      <dst id="9">21020.1867</dst>
      <dst id="17">47896.2311</dst>
      <dst id="21">39072.4444</dst>
      <dst id="15">1032.7022</dst>
    </src>
    <src id="1">
      <dst id="12">33448.2844</dst>
      <dst id="13">12051.0756</dst>
      <dst id="19">157.0400</dst>
      <dst id="23">28.3467</dst>
      <dst id="8">655.0933</dst>
      <dst id="18">13725.1911</dst>
      <dst id="4">299.1022</dst>
      <dst id="1">19797.0400</dst>
      <dst id="5">611.8311</dst>
      <dst id="3">9.7333</dst>
      <dst id="10">995.4311</dst>
      <dst id="7">22728.2489</dst>
      <dst id="2">60902.6133</dst>
      <dst id="16">48840.4000</dst>
      <dst id="14">116.2400</dst>
      <dst id="20">40.1689</dst>
      <dst id="11">2849.8933</dst>
      <dst id="9">8529.9378</dst>
      <dst id="17">19741.5822</dst>
      <dst id="21">152085.3956</dst>
      <dst id="15">144.0444</dst>
    </src>
    <src id="5">
      <dst id="12">17092.3289</dst>
      <dst id="13">481.6444</dst>
      <dst id="19">80.9156</dst>
      <dst id="23">1.0756</dst>
      <dst id="8">231.3156</dst>
      <dst id="18">136.0533</dst>
      <dst id="4">307.9556</dst>
      <dst id="1">30857.7689</dst>
      <dst id="3">555.5111</dst>
      <dst id="10">1441.0844</dst>
      <dst id="2">238.6756</dst>
      <dst id="16">339290.5244</dst>
      <dst id="14">0.8889</dst>
      <dst id="11">22.0356</dst>
      <dst id="9">39964.7911</dst>
      <dst id="17">28683.6622</dst>
      <dst id="21">54.3378</dst>
      <dst id="15">31.9733</dst>
    </src>
    <src id="3">
      <dst id="12">409.2800</dst>
      <dst id="13">30204.3644</dst>
      <dst id="19">950.7556</dst>
      <dst id="23">18.4000</dst>
      <dst id="8">31.6444</dst>
      <dst id="18">21.7244</dst>
      <dst id="4">707.1200</dst>
      <dst id="1">19183.4667</dst>
      <dst id="5">214.7911</dst>
      <dst id="3">92.3111</dst>
      <dst id="10">695.1111</dst>
      <dst id="7">46495.6267</dst>
      <dst id="2">1961.8400</dst>
      <dst id="16">7554.0889</dst>
      <dst id="14">41.1644</dst>
      <dst id="20">221.1556</dst>
      <dst id="11">171.1022</dst>
      <dst id="9">11617.4756</dst>
      <dst id="17">20815.2978</dst>
      <dst id="21">954.6667</dst>
      <dst id="15">78.4800</dst>
    </src>
    <src id="10">
    </src>
    <src id="22">
      <dst id="12">9342.8178</dst>
      <dst id="13">3804.9689</dst>
      <dst id="19">1.7600</dst>
      <dst id="23">20.2222</dst>
      <dst id="8">88.4711</dst>
      <dst id="18">120.8800</dst>
      <dst id="4">1721.8044</dst>
      <dst id="1">517.8044</dst>
      <dst id="5">5491.8044</dst>
      <dst id="3">4.3467</dst>
      <dst id="10">611.2356</dst>
      <dst id="7">59.5822</dst>
      <dst id="2">700.8622</dst>
      <dst id="16">50.7111</dst>
      <dst id="14">11.6533</dst>
      <dst id="11">60.4000</dst>
      <dst id="9">1242.0444</dst>
      <dst id="17">2591.4044</dst>
      <dst id="21">121.5111</dst>
    </src>
    <src id="7">
      <dst id="12">28316.5333</dst>
      <dst id="13">8135.9467</dst>
      <dst id="19">875.5378</dst>
      <dst id="23">69.5289</dst>
      <dst id="8">92.4800</dst>
      <dst id="18">1.9111</dst>
      <dst id="4">1043.9200</dst>
      <dst id="1">1215.8133</dst>
      <dst id="5">20.7467</dst>
      <dst id="3">45.6178</dst>
      <dst id="10">354.5511</dst>
      <dst id="22">34.6400</dst>
      <dst id="7">23.1200</dst>
      <dst id="2">807.9200</dst>
      <dst id="16">46.5067</dst>
      <dst id="14">20.0711</dst>
      <dst id="20">34.8533</dst>
      <dst id="11">66.5867</dst>
      <dst id="9">128.6844</dst>
      <dst id="17">920.1067</dst>
      <dst id="21">1678.4444</dst>
      <dst id="15">57.1556</dst>
    </src>
    <src id="2">
      <dst id="12">99280.8533</dst>
      <dst id="13">24898.4533</dst>
      <dst id="19">95.5289</dst>
      <dst id="23">3.3422</dst>
      <dst id="8">523.6978</dst>
      <dst id="18">38217.7156</dst>
      <dst id="4">2353.9644</dst>
      <dst id="1">50194.6844</dst>
      <dst id="5">1115.9733</dst>
      <dst id="3">66.7022</dst>
      <dst id="10">4600.7111</dst>
      <dst id="22">94.0356</dst>
      <dst id="7">33143.3156</dst>
      <dst id="2">2662.6844</dst>
      <dst id="6">65.4933</dst>
      <dst id="16">332.9067</dst>
      <dst id="14">119.7067</dst>
      <dst id="20">160.1422</dst>
      <dst id="11">266.6222</dst>
      <dst id="9">646.8533</dst>
      <dst id="17">43559.8933</dst>
      <dst id="21">1592.6133</dst>
      <dst id="15">326.1244</dst>
    </src>
    <src id="6">
      <dst id="12">864.4000</dst>
      <dst id="13">246.9600</dst>
      <dst id="19">1.9733</dst>
      <dst id="4">1.4044</dst>
      <dst id="1">852.6311</dst>
      <dst id="3">0.3556</dst>
      <dst id="10">5.7600</dst>
      <dst id="22">22.9333</dst>
      <dst id="2">320.3467</dst>
      <dst id="16">12.1778</dst>
      <dst id="20">0.7111</dst>
      <dst id="11">0.3378</dst>
      <dst id="9">1663.8578</dst>
      <dst id="17">21234.8711</dst>
      <dst id="21">0.5156</dst>
    </src>
    <src id="16">
      <dst id="12">96573.3689</dst>
      <dst id="13">547.5467</dst>
      <dst id="19">4369.8133</dst>
      <dst id="23">19.7689</dst>
      <dst id="8">49191.5556</dst>
      <dst id="18">18.4178</dst>
      <dst id="4">980.6133</dst>
      <dst id="1">32833.3156</dst>
      <dst id="5">173089.8933</dst>
      <dst id="3">1841.8667</dst>
      <dst id="10">898.8356</dst>
      <dst id="2">311.8222</dst>
      <dst id="16">15151.7333</dst>
      <dst id="14">19087.0044</dst>
      <dst id="11">10645.4400</dst>
      <dst id="9">127256.7556</dst>
      <dst id="17">1426.4711</dst>
    </src>
    <src id="14">
      <dst id="12">415.5200</dst>
      <dst id="13">226.4267</dst>
      <dst id="19">13.7600</dst>
      <dst id="23">0.4622</dst>
      <dst id="4">209.7422</dst>
      <dst id="1">1569.9378</dst>
      <dst id="5">2.8000</dst>
      <dst id="3">624.6933</dst>
      <dst id="10">81.9467</dst>
      <dst id="7">21.9378</dst>
      <dst id="2">64.9867</dst>
      <dst id="16">1972.9778</dst>
      <dst id="11">1.0578</dst>
      <dst id="9">2341.9822</dst>
      <dst id="17">21176.1511</dst>
      <dst id="21">96.8000</dst>
    </src>
    <src id="20">
      <dst id="12">9299.9556</dst>
      <dst id="13">4365.8844</dst>
      <dst id="8">0.3556</dst>
      <dst id="18">24.5333</dst>
      <dst id="4">914.6933</dst>
      <dst id="1">69.8667</dst>
      <dst id="5">107.5556</dst>
      <dst id="10">121.4667</dst>
      <dst id="7">60.3022</dst>
      <dst id="2">1917.2089</dst>
      <dst id="16">11729.1556</dst>
      <dst id="20">64.7822</dst>
      <dst id="11">35.4222</dst>
      <dst id="9">3631.9733</dst>
      <dst id="17">2421.6089</dst>
      <dst id="21">186.1956</dst>
    </src>
    <src id="11">
      <dst id="12">21707.0133</dst>
      <dst id="13">3482.1956</dst>
      <dst id="19">420.7022</dst>
      <dst id="23">135.8756</dst>
      <dst id="8">282.6489</dst>
      <dst id="18">692.2222</dst>
      <dst id="4">995.0133</dst>
      <dst id="1">33969.6800</dst>
      <dst id="5">1372.7467</dst>
      <dst id="3">846.0711</dst>
      <dst id="10">287.2978</dst>
      <dst id="2">7227.6000</dst>
      <dst id="16">30327.4489</dst>
      <dst id="14">3.4844</dst>
      <dst id="20">228.0711</dst>
      <dst id="11">1182.3911</dst>
      <dst id="9">70135.6356</dst>
      <dst id="17">593034.9689</dst>
      <dst id="21">355.3956</dst>
      <dst id="15">45.2978</dst>
    </src>
    <src id="9">
      <dst id="12">21815.5200</dst>
      <dst id="13">282.4178</dst>
      <dst id="19">3.1111</dst>
      <dst id="23">15.3689</dst>
      <dst id="8">72619.4222</dst>
      <dst id="18">61.6889</dst>
      <dst id="4">1202.9333</dst>
      <dst id="1">6528.3733</dst>
      <dst id="5">780.7733</dst>
      <dst id="3">2067.0133</dst>
      <dst id="10">1145.5822</dst>
      <dst id="2">163.3778</dst>
      <dst id="16">522450.6311</dst>
      <dst id="14">22.1156</dst>
      <dst id="11">8.3644</dst>
      <dst id="9">228231.4222</dst>
      <dst id="17">43607.4844</dst>
      <dst id="21">360.2578</dst>
      <dst id="15">29.0756</dst>
    </src>
    <src id="17">
      <dst id="12">90892.9333</dst>
      <dst id="13">36328.7289</dst>
      <dst id="19">285.5378</dst>
      <dst id="23">70.7289</dst>
      <dst id="8">174.1867</dst>
      <dst id="18">4977.2356</dst>
      <dst id="4">7505.7422</dst>
      <dst id="1">10429.6356</dst>
      <dst id="5">135016.4267</dst>
      <dst id="3">4771.1733</dst>
      <dst id="10">2542.0000</dst>
      <dst id="7">908.0622</dst>
      <dst id="2">5352.3467</dst>
      <dst id="16">51990.4622</dst>
      <dst id="14">7222.9956</dst>
      <dst id="20">5427.3067</dst>
      <dst id="11">16411.6000</dst>
      <dst id="9">5942.3733</dst>
      <dst id="17">26447.5556</dst>
      <dst id="21">4042.7556</dst>
      <dst id="15">41.9200</dst>
    </src>
    <src id="21">
      <dst id="12">801.9467</dst>
      <dst id="13">2633.1200</dst>
      <dst id="19">111.6178</dst>
      <dst id="23">5.4222</dst>
      <dst id="8">286.9156</dst>
      <dst id="18">1005.4222</dst>
      <dst id="4">1252.7200</dst>
      <dst id="1">15491.8400</dst>
      <dst id="5">692.8978</dst>
      <dst id="3">569.6711</dst>
      <dst id="10">245.4400</dst>
      <dst id="7">751.7778</dst>
      <dst id="2">2592.1511</dst>
      <dst id="16">8836.5600</dst>
      <dst id="14">56.1778</dst>
      <dst id="20">311.2889</dst>
      <dst id="11">147.0133</dst>
      <dst id="9">1034.7822</dst>
      <dst id="17">18049.6267</dst>
      <dst id="21">1169.3778</dst>
      <dst id="15">181.1911</dst>
    </src>
    <src id="15">
      <dst id="12">136.3378</dst>
      <dst id="13">410.0889</dst>
      <dst id="19">28.0622</dst>
      <dst id="23">0.4622</dst>
      <dst id="8">388.0889</dst>
      <dst id="18">0.3556</dst>
      <dst id="4">326.3911</dst>
      <dst id="1">51.6622</dst>
      <dst id="5">385.0044</dst>
      <dst id="10">17.2000</dst>
      <dst id="2">41.4667</dst>
      <dst id="16">1756.9600</dst>
      <dst id="14">0.8978</dst>
      <dst id="11">15.4133</dst>
      <dst id="9">754.5244</dst>
      <dst id="17">826.2311</dst>
      <dst id="21">186.9867</dst>
    </src>
  </IntraTM>
</TrafficMatrixFile>
