<?xml version="1.0" encoding="UTF-8" standalone="yes"?>
<TrafficMatrixFile xmlns:xsi="http://www.w3.org/2001/XMLSchema-instance" xsi:noNamespaceSchemaLocation="http://totem.run.montefiore.ulg.ac.be/Schema/TrafficMatrix-v1_2.xsd">
  <info>
    <title>Intradomain traffic matrix generated by geant-TM-all.pl</title>
    <date>2005-04-19T23:30:00</date>
    <duration>900</duration>
    <author>Steve Uhlig</author>
    <units>
        <unit type="bandwidth" value="kbps"/>
    </units>
  </info>
  <IntraTM ASID="20965">
    <src id="12">
      <dst id="12">340315.4133</dst>
      <dst id="13">22557.0933</dst>
      <dst id="19">2251.0044</dst>
      <dst id="23">3352.8444</dst>
      <dst id="8">583.1911</dst>
      <dst id="18">31325.3156</dst>
      <dst id="4">3490.1422</dst>
      <dst id="1">22118.9422</dst>
      <dst id="5">4632.5689</dst>
      <dst id="3">268.9244</dst>
      <dst id="10">2617.1822</dst>
      <dst id="22">247.8044</dst>
      <dst id="7">256.2311</dst>
      <dst id="2">9696.4178</dst>
      <dst id="16">2174.7111</dst>
      <dst id="14">1400.1778</dst>
      <dst id="20">1571.0489</dst>
      <dst id="11">3648.9956</dst>
      <dst id="9">26589.1289</dst>
      <dst id="17">31629.7067</dst>
      <dst id="21">1520.7556</dst>
      <dst id="15">1005.4844</dst>
    </src>
    <src id="13">
      <dst id="12">15819.1644</dst>
      <dst id="13">79.8667</dst>
      <dst id="19">4016.7822</dst>
      <dst id="23">38.7733</dst>
      <dst id="8">2271.5644</dst>
      <dst id="18">1525.1467</dst>
      <dst id="4">0.6400</dst>
      <dst id="1">13363.3689</dst>
      <dst id="5">1085.2000</dst>
      <dst id="3">257.5200</dst>
      <dst id="10">14.6311</dst>
      <dst id="22">165.5733</dst>
      <dst id="7">262.9333</dst>
      <dst id="2">10893.4756</dst>
      <dst id="16">2004.8178</dst>
      <dst id="14">75.5822</dst>
      <dst id="20">100.9689</dst>
      <dst id="11">98.9333</dst>
      <dst id="9">1308.1067</dst>
      <dst id="17">38217.7867</dst>
      <dst id="21">601.9733</dst>
      <dst id="15">279.1911</dst>
    </src>
    <src id="19">
      <dst id="12">52978.3644</dst>
      <dst id="13">694.4356</dst>
      <dst id="23">88.7822</dst>
      <dst id="8">0.9956</dst>
      <dst id="4">126.5867</dst>
      <dst id="1">464.1778</dst>
      <dst id="5">1213.6089</dst>
      <dst id="10">130.8800</dst>
      <dst id="7">530.2311</dst>
      <dst id="2">145.6444</dst>
      <dst id="16">37.8222</dst>
      <dst id="14">47.2533</dst>
      <dst id="20">10.7378</dst>
      <dst id="11">27.5556</dst>
      <dst id="9">280.2133</dst>
      <dst id="17">2299.2000</dst>
      <dst id="21">751.0756</dst>
    </src>
    <src id="23">
      <dst id="12">341.8844</dst>
      <dst id="13">404.9156</dst>
      <dst id="19">29.9022</dst>
      <dst id="8">40.8178</dst>
      <dst id="4">55.6444</dst>
      <dst id="1">150.6756</dst>
      <dst id="5">1.0933</dst>
      <dst id="10">116.7644</dst>
      <dst id="22">95.5733</dst>
      <dst id="7">6.8800</dst>
      <dst id="2">348.8267</dst>
      <dst id="14">25.9556</dst>
      <dst id="20">26.6667</dst>
      <dst id="11">39.5378</dst>
      <dst id="9">87.1556</dst>
      <dst id="17">370.0889</dst>
      <dst id="21">16.4711</dst>
    </src>
    <src id="8">
      <dst id="12">13107.8667</dst>
      <dst id="13">1489.7778</dst>
      <dst id="19">9.2444</dst>
      <dst id="23">1.0667</dst>
      <dst id="18">4.6222</dst>
      <dst id="4">941.0578</dst>
      <dst id="1">1178.4178</dst>
      <dst id="5">852.7378</dst>
      <dst id="3">228.6044</dst>
      <dst id="10">40.9511</dst>
      <dst id="2">973.4667</dst>
      <dst id="16">316084.6844</dst>
      <dst id="14">1.4222</dst>
      <dst id="11">318.2933</dst>
      <dst id="9">75668.8444</dst>
      <dst id="17">13101.0133</dst>
      <dst id="21">1.4933</dst>
      <dst id="15">0.4978</dst>
    </src>
    <src id="18">
      <dst id="12">125962.5689</dst>
      <dst id="13">277.0933</dst>
      <dst id="23">1.5378</dst>
      <dst id="8">18.2844</dst>
      <dst id="4">272.5867</dst>
      <dst id="1">9323.0844</dst>
      <dst id="5">1044.1244</dst>
      <dst id="3">2238.0533</dst>
      <dst id="10">4.1600</dst>
      <dst id="22">0.4622</dst>
      <dst id="7">40.8000</dst>
      <dst id="2">8052.2044</dst>
      <dst id="16">435.8311</dst>
      <dst id="14">38.2222</dst>
      <dst id="20">777.1378</dst>
      <dst id="11">12.6222</dst>
      <dst id="9">6867.1467</dst>
      <dst id="17">3678.4711</dst>
      <dst id="21">68.2667</dst>
    </src>
    <src id="4">
      <dst id="12">14226.5067</dst>
      <dst id="13">4.8356</dst>
      <dst id="19">9671.7422</dst>
      <dst id="23">728.7289</dst>
      <dst id="8">2901.2711</dst>
      <dst id="18">3991.9733</dst>
      <dst id="4">1129.2800</dst>
      <dst id="1">8465.0844</dst>
      <dst id="5">5716.7911</dst>
      <dst id="3">73.5200</dst>
      <dst id="7">625.0933</dst>
      <dst id="2">96951.5911</dst>
      <dst id="16">58794.8533</dst>
      <dst id="14">5694.0000</dst>
      <dst id="11">354.0889</dst>
      <dst id="9">17192.7378</dst>
      <dst id="17">43932.4000</dst>
      <dst id="21">2265.7511</dst>
      <dst id="15">289.6711</dst>
    </src>
    <src id="1">
      <dst id="12">1546.3111</dst>
      <dst id="13">1647.7422</dst>
      <dst id="19">145.2889</dst>
      <dst id="23">53.8400</dst>
      <dst id="8">212.6933</dst>
      <dst id="18">94.8800</dst>
      <dst id="4">434.8622</dst>
      <dst id="1">15742.7556</dst>
      <dst id="5">845.5111</dst>
      <dst id="3">209.7778</dst>
      <dst id="10">846.1956</dst>
      <dst id="7">2818.5867</dst>
      <dst id="2">18055.3422</dst>
      <dst id="16">6315.7600</dst>
      <dst id="14">176.0889</dst>
      <dst id="20">23.6978</dst>
      <dst id="11">3125.0044</dst>
      <dst id="9">5000.0267</dst>
      <dst id="17">33906.4978</dst>
      <dst id="21">3254.1422</dst>
      <dst id="15">100.4533</dst>
    </src>
    <src id="5">
      <dst id="12">22675.1111</dst>
      <dst id="13">5953.2622</dst>
      <dst id="19">18.0000</dst>
      <dst id="8">154.2489</dst>
      <dst id="18">182.0800</dst>
      <dst id="4">365.4044</dst>
      <dst id="1">34000.2400</dst>
      <dst id="3">527.6356</dst>
      <dst id="10">281.3156</dst>
      <dst id="2">260.6756</dst>
      <dst id="16">342265.9733</dst>
      <dst id="14">41.1111</dst>
      <dst id="9">53455.9556</dst>
      <dst id="17">25162.3378</dst>
      <dst id="21">40.2489</dst>
      <dst id="15">168.9422</dst>
    </src>
    <src id="3">
      <dst id="12">2044.3911</dst>
      <dst id="13">36292.4533</dst>
      <dst id="19">510.3111</dst>
      <dst id="23">11.4578</dst>
      <dst id="8">7.3067</dst>
      <dst id="18">140.5067</dst>
      <dst id="4">459.0133</dst>
      <dst id="1">15795.5822</dst>
      <dst id="5">44.9600</dst>
      <dst id="3">263.4756</dst>
      <dst id="10">466.9333</dst>
      <dst id="7">155.0667</dst>
      <dst id="2">3685.5911</dst>
      <dst id="16">6150.6133</dst>
      <dst id="14">184.5156</dst>
      <dst id="20">844.8800</dst>
      <dst id="11">211.0133</dst>
      <dst id="9">1384.0711</dst>
      <dst id="17">51138.7822</dst>
      <dst id="21">557.4667</dst>
      <dst id="15">13.2533</dst>
    </src>
    <src id="10">
      <dst id="12">2033.6089</dst>
      <dst id="13">4.7556</dst>
      <dst id="19">3414.5778</dst>
      <dst id="23">618.0711</dst>
      <dst id="8">376.6044</dst>
      <dst id="18">825.9822</dst>
      <dst id="1">526.9422</dst>
      <dst id="5">972.9333</dst>
      <dst id="3">57.2267</dst>
      <dst id="2">33027.5467</dst>
      <dst id="16">21522.4356</dst>
      <dst id="14">1374.6222</dst>
      <dst id="20">461.7156</dst>
      <dst id="11">118.7467</dst>
      <dst id="9">5479.6000</dst>
      <dst id="17">24874.3644</dst>
      <dst id="21">845.5467</dst>
      <dst id="15">48.9778</dst>
    </src>
    <src id="22">
      <dst id="12">3553.7778</dst>
      <dst id="13">3585.4578</dst>
      <dst id="19">4.5956</dst>
      <dst id="23">3.7867</dst>
      <dst id="8">73.1733</dst>
      <dst id="18">324.9600</dst>
      <dst id="4">538.0356</dst>
      <dst id="1">334.8533</dst>
      <dst id="5">2793.8044</dst>
      <dst id="3">2.7289</dst>
      <dst id="10">92.5956</dst>
      <dst id="7">25.7511</dst>
      <dst id="2">1580.5867</dst>
      <dst id="16">135.3067</dst>
      <dst id="14">27.3689</dst>
      <dst id="11">92.4178</dst>
      <dst id="9">546.4800</dst>
      <dst id="17">4113.8400</dst>
      <dst id="21">59.4489</dst>
    </src>
    <src id="7">
      <dst id="12">1426.9867</dst>
      <dst id="13">598.2133</dst>
      <dst id="19">49.8489</dst>
      <dst id="23">83.6356</dst>
      <dst id="8">13.1556</dst>
      <dst id="18">3.5822</dst>
      <dst id="4">895.2889</dst>
      <dst id="1">606.9067</dst>
      <dst id="5">38.9689</dst>
      <dst id="3">171.8133</dst>
      <dst id="10">203.6622</dst>
      <dst id="22">3.5289</dst>
      <dst id="7">21.2356</dst>
      <dst id="2">48476.0356</dst>
      <dst id="16">59.9378</dst>
      <dst id="14">124.0356</dst>
      <dst id="20">125.8222</dst>
      <dst id="11">93.0844</dst>
      <dst id="9">726.2489</dst>
      <dst id="17">2248.3556</dst>
      <dst id="21">1479.7244</dst>
      <dst id="15">9.9733</dst>
    </src>
    <src id="2">
      <dst id="12">80044.1778</dst>
      <dst id="13">17738.0267</dst>
      <dst id="19">409.7333</dst>
      <dst id="23">2.4889</dst>
      <dst id="8">297.3511</dst>
      <dst id="18">18504.6756</dst>
      <dst id="4">1818.0267</dst>
      <dst id="1">42232.4711</dst>
      <dst id="5">2437.4222</dst>
      <dst id="3">42.5956</dst>
      <dst id="10">1127.4400</dst>
      <dst id="22">163.7333</dst>
      <dst id="7">1770.7111</dst>
      <dst id="2">2323.5022</dst>
      <dst id="16">189.6267</dst>
      <dst id="14">416.3111</dst>
      <dst id="20">228.2400</dst>
      <dst id="11">233.7956</dst>
      <dst id="9">632.9600</dst>
      <dst id="17">8331.1289</dst>
      <dst id="21">838.9956</dst>
      <dst id="15">3836.7111</dst>
    </src>
    <src id="6">
      <dst id="12">504.5867</dst>
      <dst id="13">26.8800</dst>
      <dst id="19">2.2756</dst>
      <dst id="8">0.5067</dst>
      <dst id="4">9.1911</dst>
      <dst id="1">812.7111</dst>
      <dst id="5">18.0889</dst>
      <dst id="3">2.0800</dst>
      <dst id="7">0.8533</dst>
      <dst id="2">602.0267</dst>
      <dst id="16">53.6000</dst>
      <dst id="9">1567.3511</dst>
      <dst id="17">25872.0800</dst>
      <dst id="21">10.3378</dst>
    </src>
    <src id="16">
      <dst id="12">74797.7067</dst>
      <dst id="13">4065.3511</dst>
      <dst id="19">5826.8356</dst>
      <dst id="23">2.2400</dst>
      <dst id="8">145543.3956</dst>
      <dst id="18">8.3911</dst>
      <dst id="4">1503.2000</dst>
      <dst id="1">31525.0222</dst>
      <dst id="5">295235.6800</dst>
      <dst id="3">2810.2044</dst>
      <dst id="10">92.5867</dst>
      <dst id="2">175.2089</dst>
      <dst id="16">18118.1867</dst>
      <dst id="14">78266.7556</dst>
      <dst id="11">11476.0889</dst>
      <dst id="9">174967.6089</dst>
      <dst id="17">5358.7911</dst>
      <dst id="21">3.5911</dst>
    </src>
    <src id="14">
      <dst id="12">781.6089</dst>
      <dst id="13">180.4267</dst>
      <dst id="19">2.4533</dst>
      <dst id="23">1.3867</dst>
      <dst id="8">26.5600</dst>
      <dst id="18">0.3556</dst>
      <dst id="4">122.4267</dst>
      <dst id="1">1989.0933</dst>
      <dst id="5">14.3822</dst>
      <dst id="3">1137.2178</dst>
      <dst id="10">132.6133</dst>
      <dst id="7">72.9067</dst>
      <dst id="2">226.2667</dst>
      <dst id="16">1718.9156</dst>
      <dst id="20">1.4933</dst>
      <dst id="11">0.5333</dst>
      <dst id="9">2194.3467</dst>
      <dst id="17">35130.0711</dst>
      <dst id="21">114.0711</dst>
      <dst id="15">0.4622</dst>
    </src>
    <src id="20">
      <dst id="12">210.0533</dst>
      <dst id="13">3282.5689</dst>
      <dst id="19">14.3644</dst>
      <dst id="23">0.8267</dst>
      <dst id="8">5092.2667</dst>
      <dst id="18">45.5200</dst>
      <dst id="4">444.7200</dst>
      <dst id="1">116.8800</dst>
      <dst id="5">2742.4622</dst>
      <dst id="10">4478.2667</dst>
      <dst id="7">8.8178</dst>
      <dst id="2">1353.0489</dst>
      <dst id="16">12375.5289</dst>
      <dst id="20">44.6222</dst>
      <dst id="11">1.5822</dst>
      <dst id="9">302.1511</dst>
      <dst id="17">2355.3956</dst>
      <dst id="21">215.5022</dst>
    </src>
    <src id="11">
      <dst id="12">34821.7689</dst>
      <dst id="13">1973.3867</dst>
      <dst id="19">251.1556</dst>
      <dst id="23">6.0622</dst>
      <dst id="8">178.1422</dst>
      <dst id="18">14.4444</dst>
      <dst id="4">1726.1956</dst>
      <dst id="1">38779.7244</dst>
      <dst id="5">1476.6933</dst>
      <dst id="3">308.8000</dst>
      <dst id="10">513.3067</dst>
      <dst id="2">5542.0178</dst>
      <dst id="16">8796.0533</dst>
      <dst id="14">525.4578</dst>
      <dst id="20">80.7822</dst>
      <dst id="11">1170.3289</dst>
      <dst id="9">48262.5156</dst>
      <dst id="17">468578.9333</dst>
      <dst id="21">146.2756</dst>
      <dst id="15">1.1733</dst>
    </src>
    <src id="9">
      <dst id="12">17514.1689</dst>
      <dst id="13">659.0756</dst>
      <dst id="19">3.8756</dst>
      <dst id="23">2.0978</dst>
      <dst id="8">87440.3467</dst>
      <dst id="18">0.9600</dst>
      <dst id="4">375.8756</dst>
      <dst id="1">3940.4533</dst>
      <dst id="5">375.1022</dst>
      <dst id="3">1019.4489</dst>
      <dst id="10">249.8756</dst>
      <dst id="2">121.7956</dst>
      <dst id="16">438398.1067</dst>
      <dst id="14">161.6356</dst>
      <dst id="11">40.0089</dst>
      <dst id="9">282800.1511</dst>
      <dst id="17">33895.1911</dst>
      <dst id="21">30.6400</dst>
      <dst id="15">4307.0844</dst>
    </src>
    <src id="17">
      <dst id="12">61393.1200</dst>
      <dst id="13">18462.2311</dst>
      <dst id="19">386.1333</dst>
      <dst id="23">107.2000</dst>
      <dst id="8">123.1911</dst>
      <dst id="18">53.6889</dst>
      <dst id="4">3996.8267</dst>
      <dst id="1">27969.2800</dst>
      <dst id="5">193278.9778</dst>
      <dst id="3">3364.0711</dst>
      <dst id="10">2100.4000</dst>
      <dst id="7">1959.9733</dst>
      <dst id="2">4915.5200</dst>
      <dst id="16">24713.9111</dst>
      <dst id="14">28736.8889</dst>
      <dst id="20">22632.8000</dst>
      <dst id="11">10471.1467</dst>
      <dst id="9">2273.7600</dst>
      <dst id="17">10706.6044</dst>
      <dst id="21">1790.9333</dst>
      <dst id="15">351.0133</dst>
    </src>
    <src id="21">
      <dst id="12">6991.1644</dst>
      <dst id="13">2357.1022</dst>
      <dst id="19">109.3867</dst>
      <dst id="23">4.8533</dst>
      <dst id="8">18.4800</dst>
      <dst id="18">320.9422</dst>
      <dst id="4">431.5378</dst>
      <dst id="1">11675.5022</dst>
      <dst id="5">404.4711</dst>
      <dst id="3">708.6400</dst>
      <dst id="10">609.9111</dst>
      <dst id="7">498.6489</dst>
      <dst id="2">758.1778</dst>
      <dst id="16">1902.5867</dst>
      <dst id="14">169.2622</dst>
      <dst id="20">7303.6622</dst>
      <dst id="11">157.2711</dst>
      <dst id="9">1662.9689</dst>
      <dst id="17">35019.6978</dst>
      <dst id="21">644.7911</dst>
      <dst id="15">6.5956</dst>
    </src>
    <src id="15">
      <dst id="12">218.3467</dst>
      <dst id="13">672.4622</dst>
      <dst id="19">0.9422</dst>
      <dst id="23">1.2089</dst>
      <dst id="8">0.8533</dst>
      <dst id="18">0.3378</dst>
      <dst id="4">101.0133</dst>
      <dst id="1">35.8489</dst>
      <dst id="5">286.4267</dst>
      <dst id="10">10.5511</dst>
      <dst id="2">53.6622</dst>
      <dst id="16">1335.1378</dst>
      <dst id="11">39.2889</dst>
      <dst id="9">1154.8444</dst>
      <dst id="17">1317.9289</dst>
      <dst id="21">1.9378</dst>
    </src>
  </IntraTM>
</TrafficMatrixFile>
