<?xml version="1.0" encoding="UTF-8" standalone="yes"?>
<TrafficMatrixFile xmlns:xsi="http://www.w3.org/2001/XMLSchema-instance" xsi:noNamespaceSchemaLocation="http://totem.run.montefiore.ulg.ac.be/Schema/TrafficMatrix-v1_2.xsd">
  <info>
    <title>Intradomain traffic matrix generated by geant-TM-all.pl</title>
    <date>2005-02-21T12:15:00</date>
    <duration>900</duration>
    <author>Steve Uhlig</author>
    <units>
        <unit type="bandwidth" value="kbps"/>
    </units>
  </info>
  <IntraTM ASID="20965">
    <src id="12">
      <dst id="12">190566.9778</dst>
      <dst id="13">311713.4667</dst>
      <dst id="19">7879.2533</dst>
      <dst id="23">39.9822</dst>
      <dst id="8">403.7867</dst>
      <dst id="18">52910.4533</dst>
      <dst id="4">13159.2889</dst>
      <dst id="1">10002.5600</dst>
      <dst id="5">642.6311</dst>
      <dst id="3">22.8444</dst>
      <dst id="10">8014.8711</dst>
      <dst id="22">2675.4044</dst>
      <dst id="7">2748.7467</dst>
      <dst id="2">31179.3067</dst>
      <dst id="16">6730.9956</dst>
      <dst id="14">268.3289</dst>
      <dst id="20">1889.7689</dst>
      <dst id="11">790.0444</dst>
      <dst id="9">11642.8089</dst>
      <dst id="17">53971.2800</dst>
      <dst id="21">4529.3422</dst>
      <dst id="15">320.4000</dst>
    </src>
    <src id="13">
      <dst id="12">8850.6133</dst>
      <dst id="19">1482.0978</dst>
      <dst id="23">4.9156</dst>
      <dst id="8">173.5556</dst>
      <dst id="18">706.5956</dst>
      <dst id="1">353.8844</dst>
      <dst id="5">536.6578</dst>
      <dst id="3">2.3644</dst>
      <dst id="22">11851.7244</dst>
      <dst id="7">272.4711</dst>
      <dst id="2">2049.8311</dst>
      <dst id="6">16.1422</dst>
      <dst id="16">465.7244</dst>
      <dst id="14">70.0178</dst>
      <dst id="20">4181.4489</dst>
      <dst id="11">312.3822</dst>
      <dst id="9">1408.5333</dst>
      <dst id="17">19286.3644</dst>
      <dst id="21">391.9556</dst>
      <dst id="15">9.5644</dst>
    </src>
    <src id="19">
      <dst id="12">18647.3689</dst>
      <dst id="13">207.6444</dst>
      <dst id="23">0.4622</dst>
      <dst id="8">81.9822</dst>
      <dst id="18">0.4622</dst>
      <dst id="4">17538.1600</dst>
      <dst id="1">44.8356</dst>
      <dst id="5">1.1378</dst>
      <dst id="3">1.5644</dst>
      <dst id="10">34.3911</dst>
      <dst id="22">22.2489</dst>
      <dst id="7">3554.0089</dst>
      <dst id="2">210.2311</dst>
      <dst id="16">13252.4711</dst>
      <dst id="14">1.8578</dst>
      <dst id="20">2.4800</dst>
      <dst id="11">7.2178</dst>
      <dst id="9">62.2222</dst>
      <dst id="17">912.2667</dst>
      <dst id="21">300.9333</dst>
    </src>
    <src id="23">
      <dst id="12">3236.7022</dst>
      <dst id="13">29.9378</dst>
      <dst id="19">0.5244</dst>
      <dst id="18">119.8311</dst>
      <dst id="4">1378.2311</dst>
      <dst id="1">59.1911</dst>
      <dst id="5">3102.8267</dst>
      <dst id="10">33.2444</dst>
      <dst id="22">993.6267</dst>
      <dst id="7">294.8178</dst>
      <dst id="2">277.5822</dst>
      <dst id="16">215.5733</dst>
      <dst id="20">0.3378</dst>
      <dst id="11">0.4622</dst>
      <dst id="9">40.8533</dst>
      <dst id="17">37311.0578</dst>
      <dst id="21">30.6044</dst>
      <dst id="15">0.4978</dst>
    </src>
    <src id="8">
      <dst id="12">10814.4356</dst>
      <dst id="13">196.7289</dst>
      <dst id="19">47.7067</dst>
      <dst id="18">1.8667</dst>
      <dst id="4">296.6578</dst>
      <dst id="1">3989.4222</dst>
      <dst id="5">785.2889</dst>
      <dst id="3">0.9867</dst>
      <dst id="10">7.8933</dst>
      <dst id="22">385.9111</dst>
      <dst id="7">131.9822</dst>
      <dst id="2">145.4222</dst>
      <dst id="16">57850.5689</dst>
      <dst id="14">0.8533</dst>
      <dst id="20">103.6978</dst>
      <dst id="11">0.3556</dst>
      <dst id="9">107726.6311</dst>
      <dst id="17">217643.2267</dst>
      <dst id="21">148.7111</dst>
      <dst id="15">118.5600</dst>
    </src>
    <src id="18">
      <dst id="12">105150.3467</dst>
      <dst id="13">48.3289</dst>
      <dst id="19">1.4133</dst>
      <dst id="23">2.6400</dst>
      <dst id="8">32.4711</dst>
      <dst id="4">438.9333</dst>
      <dst id="1">842.1333</dst>
      <dst id="5">237.9111</dst>
      <dst id="3">246.5867</dst>
      <dst id="10">317.9733</dst>
      <dst id="22">122.2844</dst>
      <dst id="7">290.8267</dst>
      <dst id="2">22063.6444</dst>
      <dst id="16">33.8756</dst>
      <dst id="14">3.5911</dst>
      <dst id="20">3.9467</dst>
      <dst id="11">0.6400</dst>
      <dst id="9">6340.0000</dst>
      <dst id="17">33790.6222</dst>
      <dst id="21">182.8356</dst>
      <dst id="15">5.0133</dst>
    </src>
    <src id="4">
      <dst id="12">27138.0178</dst>
      <dst id="13">872.4889</dst>
      <dst id="19">5421.0756</dst>
      <dst id="23">193.5733</dst>
      <dst id="8">4924.0178</dst>
      <dst id="18">3424.6044</dst>
      <dst id="4">17.7600</dst>
      <dst id="1">21269.2800</dst>
      <dst id="5">2971.7422</dst>
      <dst id="3">32.0978</dst>
      <dst id="22">8633.8933</dst>
      <dst id="7">36170.3378</dst>
      <dst id="2">62978.2311</dst>
      <dst id="6">5.0489</dst>
      <dst id="16">5365.2622</dst>
      <dst id="14">15778.7644</dst>
      <dst id="20">26168.1867</dst>
      <dst id="11">557.4311</dst>
      <dst id="9">5815.9111</dst>
      <dst id="17">58420.5511</dst>
      <dst id="21">7491.9467</dst>
      <dst id="15">778.3467</dst>
    </src>
    <src id="1">
      <dst id="12">21591.2178</dst>
      <dst id="13">233.9733</dst>
      <dst id="19">69.2444</dst>
      <dst id="23">40.2489</dst>
      <dst id="8">44.7644</dst>
      <dst id="18">13200.9867</dst>
      <dst id="4">5784.5422</dst>
      <dst id="1">2528.8711</dst>
      <dst id="5">511.2178</dst>
      <dst id="3">77.0489</dst>
      <dst id="10">177.2711</dst>
      <dst id="22">44.6933</dst>
      <dst id="7">7793.6356</dst>
      <dst id="2">1746.3289</dst>
      <dst id="16">22334.7822</dst>
      <dst id="14">57.7422</dst>
      <dst id="20">112.8267</dst>
      <dst id="11">72.8089</dst>
      <dst id="9">1306.6133</dst>
      <dst id="17">37412.6311</dst>
      <dst id="21">6996.3111</dst>
      <dst id="15">162.6844</dst>
    </src>
    <src id="5">
      <dst id="12">6633.9200</dst>
      <dst id="13">168.1067</dst>
      <dst id="19">13.3333</dst>
      <dst id="23">43.9111</dst>
      <dst id="8">223.7778</dst>
      <dst id="18">110.7200</dst>
      <dst id="4">401.3422</dst>
      <dst id="1">4128.5511</dst>
      <dst id="3">0.7111</dst>
      <dst id="10">624.5244</dst>
      <dst id="22">629.3778</dst>
      <dst id="7">54.1422</dst>
      <dst id="2">60.0800</dst>
      <dst id="6">41.5289</dst>
      <dst id="16">78288.4267</dst>
      <dst id="20">169.1378</dst>
      <dst id="11">40.1600</dst>
      <dst id="9">54145.1911</dst>
      <dst id="17">261484.8089</dst>
      <dst id="21">90.3733</dst>
      <dst id="15">49.2089</dst>
    </src>
    <src id="3">
      <dst id="12">7113.1289</dst>
      <dst id="13">178.3822</dst>
      <dst id="19">1328.0356</dst>
      <dst id="23">0.3378</dst>
      <dst id="8">40.9422</dst>
      <dst id="18">228.7822</dst>
      <dst id="4">18721.3867</dst>
      <dst id="1">7352.1956</dst>
      <dst id="5">308.8978</dst>
      <dst id="3">4.3467</dst>
      <dst id="10">1827.6089</dst>
      <dst id="22">910.4800</dst>
      <dst id="7">1441.7689</dst>
      <dst id="2">1117.9200</dst>
      <dst id="6">0.5244</dst>
      <dst id="16">1848.4533</dst>
      <dst id="14">155.3867</dst>
      <dst id="20">9.8489</dst>
      <dst id="11">194.2844</dst>
      <dst id="9">204.6133</dst>
      <dst id="17">12242.3556</dst>
      <dst id="21">717.7333</dst>
      <dst id="15">18.5067</dst>
    </src>
    <src id="10">
      <dst id="12">97056.6044</dst>
      <dst id="19">1900.4978</dst>
      <dst id="23">1045.2622</dst>
      <dst id="8">40626.8889</dst>
      <dst id="18">1477.9111</dst>
      <dst id="1">1183.1822</dst>
      <dst id="5">88618.8089</dst>
      <dst id="3">10235.3867</dst>
      <dst id="22">3562.7556</dst>
      <dst id="7">9149.9911</dst>
      <dst id="2">24471.4489</dst>
      <dst id="6">7379.1822</dst>
      <dst id="16">203.4933</dst>
      <dst id="14">22563.2889</dst>
      <dst id="20">315.8400</dst>
      <dst id="11">7222.8356</dst>
      <dst id="9">91832.4711</dst>
      <dst id="17">45233.5467</dst>
      <dst id="21">4259.6533</dst>
      <dst id="15">93.1378</dst>
    </src>
    <src id="22">
      <dst id="12">7770.3378</dst>
      <dst id="13">2084.4533</dst>
      <dst id="19">169.7867</dst>
      <dst id="23">30.5067</dst>
      <dst id="8">893.2711</dst>
      <dst id="18">272.3378</dst>
      <dst id="4">4452.4000</dst>
      <dst id="1">114.0000</dst>
      <dst id="5">1201.0044</dst>
      <dst id="3">0.3556</dst>
      <dst id="10">499.3422</dst>
      <dst id="7">1369.7689</dst>
      <dst id="2">10227.6622</dst>
      <dst id="6">43.9733</dst>
      <dst id="14">18.8178</dst>
      <dst id="11">226.9956</dst>
      <dst id="9">1750.8889</dst>
      <dst id="17">2348.6133</dst>
      <dst id="21">545.4578</dst>
    </src>
    <src id="7">
      <dst id="12">4917.9911</dst>
      <dst id="13">426.3022</dst>
      <dst id="19">757.1556</dst>
      <dst id="23">33.2533</dst>
      <dst id="8">721.0578</dst>
      <dst id="18">549.3511</dst>
      <dst id="4">14262.1244</dst>
      <dst id="1">3800.1600</dst>
      <dst id="5">1229.9200</dst>
      <dst id="3">34.5422</dst>
      <dst id="10">213.1378</dst>
      <dst id="22">1387.6267</dst>
      <dst id="7">663.8844</dst>
      <dst id="2">4336.3378</dst>
      <dst id="6">12.8000</dst>
      <dst id="16">712.0622</dst>
      <dst id="14">727.6800</dst>
      <dst id="20">339.2800</dst>
      <dst id="11">85.7422</dst>
      <dst id="9">540.5778</dst>
      <dst id="17">2789.9822</dst>
      <dst id="21">1007.3067</dst>
      <dst id="15">93.9644</dst>
    </src>
    <src id="2">
      <dst id="12">49505.7778</dst>
      <dst id="13">1106.9778</dst>
      <dst id="19">1592.1422</dst>
      <dst id="8">405.3067</dst>
      <dst id="18">26049.9111</dst>
      <dst id="4">23374.1156</dst>
      <dst id="1">4268.5244</dst>
      <dst id="5">196.7644</dst>
      <dst id="3">22.6133</dst>
      <dst id="10">1599.4044</dst>
      <dst id="22">1318.0356</dst>
      <dst id="7">3263.2267</dst>
      <dst id="2">1549.9822</dst>
      <dst id="6">5288.5867</dst>
      <dst id="16">274.9156</dst>
      <dst id="14">249.8222</dst>
      <dst id="20">349.1022</dst>
      <dst id="11">86.0978</dst>
      <dst id="9">779.1289</dst>
      <dst id="17">21363.3689</dst>
      <dst id="21">2697.1822</dst>
      <dst id="15">14.6844</dst>
    </src>
    <src id="6">
      <dst id="12">502.9867</dst>
      <dst id="13">39.8578</dst>
      <dst id="19">1.1378</dst>
      <dst id="18">1.4044</dst>
      <dst id="4">16.9244</dst>
      <dst id="1">175.7067</dst>
      <dst id="5">27.0222</dst>
      <dst id="10">0.8178</dst>
      <dst id="22">13.4044</dst>
      <dst id="7">12.2044</dst>
      <dst id="2">1712.4978</dst>
      <dst id="16">1.0133</dst>
      <dst id="11">1.8489</dst>
      <dst id="9">502.1867</dst>
      <dst id="17">12027.7422</dst>
      <dst id="21">3.3689</dst>
    </src>
    <src id="16">
      <dst id="12">58374.9689</dst>
      <dst id="13">92.1511</dst>
      <dst id="19">3742.2756</dst>
      <dst id="23">55.9378</dst>
      <dst id="8">38510.4178</dst>
      <dst id="18">170.0178</dst>
      <dst id="4">873.3778</dst>
      <dst id="1">21619.6178</dst>
      <dst id="5">65035.1911</dst>
      <dst id="3">1858.6311</dst>
      <dst id="10">516.4533</dst>
      <dst id="7">35.3867</dst>
      <dst id="2">129.5289</dst>
      <dst id="6">2.1156</dst>
      <dst id="16">8.0978</dst>
      <dst id="14">37.7689</dst>
      <dst id="11">11038.2044</dst>
      <dst id="9">84169.9467</dst>
      <dst id="17">5912.0267</dst>
      <dst id="21">1371.7067</dst>
    </src>
    <src id="14">
      <dst id="12">1470.9511</dst>
      <dst id="13">102.8533</dst>
      <dst id="19">16.7822</dst>
      <dst id="18">0.4622</dst>
      <dst id="4">610.3556</dst>
      <dst id="1">551.6000</dst>
      <dst id="5">1.1733</dst>
      <dst id="3">97.2711</dst>
      <dst id="10">78.3022</dst>
      <dst id="22">4.5511</dst>
      <dst id="7">55.1022</dst>
      <dst id="2">1293.3778</dst>
      <dst id="16">2686.3467</dst>
      <dst id="20">0.8178</dst>
      <dst id="9">409.1822</dst>
      <dst id="17">22156.9778</dst>
      <dst id="21">116.7289</dst>
      <dst id="15">1.9378</dst>
    </src>
    <src id="20">
      <dst id="12">17991.0933</dst>
      <dst id="13">344.9511</dst>
      <dst id="19">14.2667</dst>
      <dst id="23">0.3378</dst>
      <dst id="8">53.5644</dst>
      <dst id="18">12.4089</dst>
      <dst id="4">2974.5956</dst>
      <dst id="1">1212.3200</dst>
      <dst id="5">466.1600</dst>
      <dst id="10">1709.1556</dst>
      <dst id="7">503.5644</dst>
      <dst id="2">3579.5556</dst>
      <dst id="6">0.5244</dst>
      <dst id="20">34.3556</dst>
      <dst id="11">120.4711</dst>
      <dst id="9">2988.0800</dst>
      <dst id="17">9343.7511</dst>
      <dst id="21">146.1156</dst>
    </src>
    <src id="11">
      <dst id="12">19897.2000</dst>
      <dst id="13">390.1333</dst>
      <dst id="19">430.0000</dst>
      <dst id="23">367.8667</dst>
      <dst id="8">28.8089</dst>
      <dst id="18">425.7067</dst>
      <dst id="4">752.9600</dst>
      <dst id="1">1746.1600</dst>
      <dst id="5">346.5156</dst>
      <dst id="3">1.6889</dst>
      <dst id="10">2543.1911</dst>
      <dst id="22">517.5644</dst>
      <dst id="7">74.1511</dst>
      <dst id="2">48516.7467</dst>
      <dst id="16">47428.7378</dst>
      <dst id="14">9.6978</dst>
      <dst id="20">63.2267</dst>
      <dst id="11">3915.0756</dst>
      <dst id="9">21693.7867</dst>
      <dst id="17">528816.3467</dst>
      <dst id="21">285.0933</dst>
      <dst id="15">207.8044</dst>
    </src>
    <src id="9">
      <dst id="12">14879.7333</dst>
      <dst id="13">966.2133</dst>
      <dst id="19">44.2933</dst>
      <dst id="23">25.8667</dst>
      <dst id="8">63912.5333</dst>
      <dst id="18">45.2622</dst>
      <dst id="4">985.7244</dst>
      <dst id="1">8587.2267</dst>
      <dst id="5">1357.2356</dst>
      <dst id="3">14.1600</dst>
      <dst id="10">1947.9733</dst>
      <dst id="22">620.5422</dst>
      <dst id="7">438.6756</dst>
      <dst id="2">1008.1156</dst>
      <dst id="6">0.3289</dst>
      <dst id="16">120714.8267</dst>
      <dst id="14">4.6044</dst>
      <dst id="20">3007.5022</dst>
      <dst id="11">14.2133</dst>
      <dst id="9">266328.4622</dst>
      <dst id="17">454081.8667</dst>
      <dst id="21">920.7022</dst>
      <dst id="15">126.0000</dst>
    </src>
    <src id="17">
      <dst id="12">67858.0889</dst>
      <dst id="13">1402.5156</dst>
      <dst id="19">272.8089</dst>
      <dst id="23">326.3911</dst>
      <dst id="8">325.1289</dst>
      <dst id="18">5034.7822</dst>
      <dst id="4">10944.0889</dst>
      <dst id="1">1375.2889</dst>
      <dst id="5">64003.6356</dst>
      <dst id="3">467.3067</dst>
      <dst id="10">3280.8178</dst>
      <dst id="22">1645.4756</dst>
      <dst id="7">2426.5867</dst>
      <dst id="2">12674.4000</dst>
      <dst id="6">25.8044</dst>
      <dst id="16">5480.5956</dst>
      <dst id="14">6387.5378</dst>
      <dst id="20">938.8000</dst>
      <dst id="11">9786.9867</dst>
      <dst id="9">3375.0044</dst>
      <dst id="17">16728.4089</dst>
      <dst id="21">2792.7022</dst>
      <dst id="15">132.8622</dst>
    </src>
    <src id="21">
      <dst id="12">3826.1778</dst>
      <dst id="13">313.9022</dst>
      <dst id="19">145.9378</dst>
      <dst id="23">130.1156</dst>
      <dst id="8">467.7511</dst>
      <dst id="18">1440.2578</dst>
      <dst id="4">4060.1422</dst>
      <dst id="1">834.0889</dst>
      <dst id="5">329.4578</dst>
      <dst id="3">1377.3689</dst>
      <dst id="10">574.9956</dst>
      <dst id="22">812.7467</dst>
      <dst id="7">1579.9556</dst>
      <dst id="2">5097.6622</dst>
      <dst id="6">41.6000</dst>
      <dst id="16">286.3022</dst>
      <dst id="14">73.2800</dst>
      <dst id="20">138.8089</dst>
      <dst id="11">460.9156</dst>
      <dst id="9">843.3600</dst>
      <dst id="17">35760.9689</dst>
      <dst id="21">888.3644</dst>
      <dst id="15">20.4444</dst>
    </src>
    <src id="15">
      <dst id="12">1418.0178</dst>
      <dst id="13">42.1422</dst>
      <dst id="23">1.1022</dst>
      <dst id="8">25.5644</dst>
      <dst id="18">111.0044</dst>
      <dst id="4">130.6222</dst>
      <dst id="1">60.2044</dst>
      <dst id="5">7.0400</dst>
      <dst id="3">26.5244</dst>
      <dst id="10">9.7600</dst>
      <dst id="7">208.5422</dst>
      <dst id="2">18.0533</dst>
      <dst id="9">598.6933</dst>
      <dst id="17">160.2756</dst>
      <dst id="21">31.7156</dst>
    </src>
  </IntraTM>
</TrafficMatrixFile>
