<?xml version="1.0" encoding="UTF-8" standalone="yes"?>
<TrafficMatrixFile xmlns:xsi="http://www.w3.org/2001/XMLSchema-instance" xsi:noNamespaceSchemaLocation="http://totem.run.montefiore.ulg.ac.be/Schema/TrafficMatrix-v1_2.xsd">
  <info>
    <title>Intradomain traffic matrix generated by geant-TM-all.pl</title>
    <date>2005-02-04T00:45:00</date>
    <duration>900</duration>
    <author>Steve Uhlig</author>
    <units>
        <unit type="bandwidth" value="kbps"/>
    </units>
  </info>
  <IntraTM ASID="20965">
    <src id="12">
      <dst id="12">399241.6000</dst>
      <dst id="13">72050.7467</dst>
      <dst id="19">9099.1467</dst>
      <dst id="23">29002.6489</dst>
      <dst id="8">14331.6444</dst>
      <dst id="18">267528.7556</dst>
      <dst id="4">142662.0978</dst>
      <dst id="1">19645.1200</dst>
      <dst id="5">7303.4667</dst>
      <dst id="3">19015.1467</dst>
      <dst id="10">17696.9333</dst>
      <dst id="22">25561.6000</dst>
      <dst id="7">32795.6533</dst>
      <dst id="2">75990.4444</dst>
      <dst id="6">16.3467</dst>
      <dst id="16">9208.6133</dst>
      <dst id="14">966.2489</dst>
      <dst id="20">40905.8844</dst>
      <dst id="11">517.8844</dst>
      <dst id="9">11225.7156</dst>
      <dst id="17">144641.2444</dst>
      <dst id="21">18712.6400</dst>
      <dst id="15">8170.2756</dst>
    </src>
    <src id="13">
      <dst id="12">65566.9244</dst>
      <dst id="19">28125.6711</dst>
      <dst id="23">3240.3822</dst>
      <dst id="8">7174.4178</dst>
      <dst id="18">10773.7600</dst>
      <dst id="4">0.7111</dst>
      <dst id="1">10657.8133</dst>
      <dst id="5">33480.3822</dst>
      <dst id="3">27674.3556</dst>
      <dst id="22">180236.1956</dst>
      <dst id="7">33778.7111</dst>
      <dst id="2">120778.0711</dst>
      <dst id="6">252.0267</dst>
      <dst id="16">13471.0578</dst>
      <dst id="14">4783.5200</dst>
      <dst id="20">21277.4756</dst>
      <dst id="11">1686.5600</dst>
      <dst id="9">24406.7556</dst>
      <dst id="17">152766.2756</dst>
      <dst id="21">33635.8044</dst>
      <dst id="15">10650.1422</dst>
    </src>
    <src id="19">
      <dst id="12">16090.3467</dst>
      <dst id="13">2166.2756</dst>
      <dst id="23">1435.7511</dst>
      <dst id="8">34.8889</dst>
      <dst id="18">108.0356</dst>
      <dst id="4">25587.8756</dst>
      <dst id="1">1470.7822</dst>
      <dst id="5">76.1156</dst>
      <dst id="3">1930.2133</dst>
      <dst id="10">1158.0089</dst>
      <dst id="22">283.0667</dst>
      <dst id="7">7412.9511</dst>
      <dst id="2">2262.8533</dst>
      <dst id="6">2888.4711</dst>
      <dst id="16">4762.6756</dst>
      <dst id="14">4896.3467</dst>
      <dst id="20">96.5511</dst>
      <dst id="11">82.6844</dst>
      <dst id="9">688.8978</dst>
      <dst id="17">3393.8311</dst>
      <dst id="21">3704.0000</dst>
      <dst id="15">75.8222</dst>
    </src>
    <src id="23">
      <dst id="12">962.1067</dst>
      <dst id="13">287.4222</dst>
      <dst id="19">124.1244</dst>
      <dst id="18">2348.2489</dst>
      <dst id="4">6801.0578</dst>
      <dst id="1">109.6800</dst>
      <dst id="5">25.9556</dst>
      <dst id="3">338.9867</dst>
      <dst id="10">326.7911</dst>
      <dst id="22">379.9289</dst>
      <dst id="7">10333.4844</dst>
      <dst id="2">194.8178</dst>
      <dst id="16">10779.2978</dst>
      <dst id="20">80.0000</dst>
      <dst id="11">13.6178</dst>
      <dst id="9">376.7111</dst>
      <dst id="17">2190.8267</dst>
      <dst id="21">774.5956</dst>
      <dst id="15">133.3333</dst>
    </src>
    <src id="8">
      <dst id="12">50911.2444</dst>
      <dst id="13">1148.8711</dst>
      <dst id="19">69.4489</dst>
      <dst id="23">0.3556</dst>
      <dst id="18">324.7733</dst>
      <dst id="4">4072.8178</dst>
      <dst id="1">6041.6800</dst>
      <dst id="5">1697.6356</dst>
      <dst id="3">279.6178</dst>
      <dst id="10">745.9822</dst>
      <dst id="22">1342.3111</dst>
      <dst id="7">279.6178</dst>
      <dst id="2">5213.3156</dst>
      <dst id="16">891.5022</dst>
      <dst id="14">5.8044</dst>
      <dst id="20">9305.9200</dst>
      <dst id="11">62.0267</dst>
      <dst id="9">220311.6622</dst>
      <dst id="17">331226.6222</dst>
      <dst id="21">143.7244</dst>
      <dst id="15">360.1244</dst>
    </src>
    <src id="18">
      <dst id="12">209485.1022</dst>
      <dst id="13">1305.6178</dst>
      <dst id="19">165.8667</dst>
      <dst id="23">1080.3289</dst>
      <dst id="8">255.4933</dst>
      <dst id="4">1585.6089</dst>
      <dst id="1">861.0222</dst>
      <dst id="5">1050.9156</dst>
      <dst id="3">1154.5511</dst>
      <dst id="10">324.7022</dst>
      <dst id="22">738.5244</dst>
      <dst id="7">364.1956</dst>
      <dst id="2">67023.6533</dst>
      <dst id="6">28.8444</dst>
      <dst id="16">280.9778</dst>
      <dst id="14">6.6311</dst>
      <dst id="20">449.6178</dst>
      <dst id="11">30.4800</dst>
      <dst id="9">936.3467</dst>
      <dst id="17">24510.3111</dst>
      <dst id="21">1609.9467</dst>
      <dst id="15">420.5511</dst>
    </src>
    <src id="4">
      <dst id="12">26146.5244</dst>
      <dst id="19">3222.6222</dst>
      <dst id="23">1462.1511</dst>
      <dst id="8">1900.5689</dst>
      <dst id="18">2346.7378</dst>
      <dst id="4">309.5200</dst>
      <dst id="1">3176.3289</dst>
      <dst id="5">951.0400</dst>
      <dst id="3">112271.3244</dst>
      <dst id="22">4804.0978</dst>
      <dst id="7">59723.1467</dst>
      <dst id="2">56224.7289</dst>
      <dst id="6">258.9867</dst>
      <dst id="16">1562.5867</dst>
      <dst id="14">1937.3600</dst>
      <dst id="20">1829.4489</dst>
      <dst id="11">1109.7778</dst>
      <dst id="9">4060.6044</dst>
      <dst id="17">45305.2889</dst>
      <dst id="21">9302.2311</dst>
      <dst id="15">3064.9867</dst>
    </src>
    <src id="1">
      <dst id="12">24025.8133</dst>
      <dst id="13">12599.9822</dst>
      <dst id="19">4968.9600</dst>
      <dst id="23">62.5511</dst>
      <dst id="8">100.6044</dst>
      <dst id="18">13268.5956</dst>
      <dst id="4">20050.5333</dst>
      <dst id="1">364.3556</dst>
      <dst id="5">432.7200</dst>
      <dst id="3">124719.1911</dst>
      <dst id="10">1502.3022</dst>
      <dst id="22">20512.2133</dst>
      <dst id="7">18596.2844</dst>
      <dst id="2">45707.2889</dst>
      <dst id="6">89.7422</dst>
      <dst id="16">7829.8667</dst>
      <dst id="14">82.7289</dst>
      <dst id="20">12370.7378</dst>
      <dst id="11">825.3422</dst>
      <dst id="9">1351.8933</dst>
      <dst id="17">27381.0400</dst>
      <dst id="21">11712.4444</dst>
      <dst id="15">295.6089</dst>
    </src>
    <src id="5">
      <dst id="12">48561.9644</dst>
      <dst id="13">6544.7289</dst>
      <dst id="19">230.4889</dst>
      <dst id="23">17.6889</dst>
      <dst id="8">9615.5644</dst>
      <dst id="18">1333.8578</dst>
      <dst id="4">5308.3111</dst>
      <dst id="1">4263.5556</dst>
      <dst id="3">701.5911</dst>
      <dst id="10">538.0178</dst>
      <dst id="22">4974.1956</dst>
      <dst id="7">338.2133</dst>
      <dst id="2">1620.1600</dst>
      <dst id="6">40.0356</dst>
      <dst id="16">1284.2400</dst>
      <dst id="14">36.9778</dst>
      <dst id="20">4066.1156</dst>
      <dst id="11">52.1067</dst>
      <dst id="9">94399.3156</dst>
      <dst id="17">492997.1378</dst>
      <dst id="21">529.4489</dst>
      <dst id="15">3419.6711</dst>
    </src>
    <src id="3">
      <dst id="12">6435.5200</dst>
      <dst id="13">10132.4889</dst>
      <dst id="19">2717.2178</dst>
      <dst id="23">96.1244</dst>
      <dst id="8">436.4267</dst>
      <dst id="18">1176.4444</dst>
      <dst id="4">57463.8578</dst>
      <dst id="1">12943.5200</dst>
      <dst id="5">547.9289</dst>
      <dst id="3">192.1778</dst>
      <dst id="10">1844.2933</dst>
      <dst id="22">3355.0489</dst>
      <dst id="7">3107.6267</dst>
      <dst id="2">14970.8889</dst>
      <dst id="6">177.3156</dst>
      <dst id="16">1678.8356</dst>
      <dst id="14">254.8978</dst>
      <dst id="20">2436.9511</dst>
      <dst id="11">592.5511</dst>
      <dst id="9">712.8533</dst>
      <dst id="17">23104.2400</dst>
      <dst id="21">7332.0533</dst>
      <dst id="15">17355.5822</dst>
    </src>
    <src id="10">
      <dst id="12">321255.4578</dst>
      <dst id="19">2530.4267</dst>
      <dst id="23">1369.6622</dst>
      <dst id="8">203436.5956</dst>
      <dst id="18">4265.2356</dst>
      <dst id="1">4038.4444</dst>
      <dst id="5">327073.0578</dst>
      <dst id="3">50309.3778</dst>
      <dst id="22">4300.2400</dst>
      <dst id="7">23036.0178</dst>
      <dst id="2">49465.8844</dst>
      <dst id="6">24995.7156</dst>
      <dst id="16">1940.8711</dst>
      <dst id="14">69889.0400</dst>
      <dst id="20">5898.3644</dst>
      <dst id="11">32095.0222</dst>
      <dst id="9">398505.7067</dst>
      <dst id="17">61406.7378</dst>
      <dst id="21">40607.1467</dst>
      <dst id="15">1092.1689</dst>
    </src>
    <src id="22">
      <dst id="12">18153.1733</dst>
      <dst id="13">10734.8533</dst>
      <dst id="19">961.2711</dst>
      <dst id="23">722.9689</dst>
      <dst id="8">1648.1333</dst>
      <dst id="18">864.7200</dst>
      <dst id="4">18114.8444</dst>
      <dst id="1">2624.6311</dst>
      <dst id="5">12212.1067</dst>
      <dst id="3">15112.5156</dst>
      <dst id="10">1470.8622</dst>
      <dst id="7">5230.6222</dst>
      <dst id="2">6961.3067</dst>
      <dst id="6">602.1956</dst>
      <dst id="14">36.3022</dst>
      <dst id="11">56.4089</dst>
      <dst id="9">9081.1022</dst>
      <dst id="17">13120.4800</dst>
      <dst id="21">876.0178</dst>
    </src>
    <src id="7">
      <dst id="12">9176.2400</dst>
      <dst id="13">1512.6756</dst>
      <dst id="19">4505.7422</dst>
      <dst id="23">989.3156</dst>
      <dst id="8">1629.9822</dst>
      <dst id="18">1185.1911</dst>
      <dst id="4">26973.6444</dst>
      <dst id="1">7133.2978</dst>
      <dst id="5">1775.1111</dst>
      <dst id="3">9538.1422</dst>
      <dst id="10">653.8933</dst>
      <dst id="22">5451.4844</dst>
      <dst id="7">809.4756</dst>
      <dst id="2">23562.8622</dst>
      <dst id="6">101.5822</dst>
      <dst id="16">4854.4444</dst>
      <dst id="14">551.6622</dst>
      <dst id="20">5791.5200</dst>
      <dst id="11">368.2133</dst>
      <dst id="9">1263.4844</dst>
      <dst id="17">39085.3156</dst>
      <dst id="21">10991.9200</dst>
      <dst id="15">1103.1467</dst>
    </src>
    <src id="2">
      <dst id="12">151995.5200</dst>
      <dst id="13">44603.9378</dst>
      <dst id="19">3125.6089</dst>
      <dst id="23">17.5556</dst>
      <dst id="8">5576.9956</dst>
      <dst id="18">184236.5333</dst>
      <dst id="4">87089.1200</dst>
      <dst id="1">7163.4044</dst>
      <dst id="5">5540.1156</dst>
      <dst id="3">7295.1911</dst>
      <dst id="10">4480.9689</dst>
      <dst id="22">4555.4489</dst>
      <dst id="7">16504.3378</dst>
      <dst id="2">1871.2356</dst>
      <dst id="6">27686.8622</dst>
      <dst id="16">1470.7467</dst>
      <dst id="14">438.6222</dst>
      <dst id="20">7262.5156</dst>
      <dst id="11">1980.1689</dst>
      <dst id="9">3576.7111</dst>
      <dst id="17">51876.7378</dst>
      <dst id="21">5971.7956</dst>
      <dst id="15">1030.9244</dst>
    </src>
    <src id="6">
      <dst id="12">3159.8756</dst>
      <dst id="13">56.1067</dst>
      <dst id="19">120.8978</dst>
      <dst id="8">0.3200</dst>
      <dst id="18">10.3733</dst>
      <dst id="4">189.9644</dst>
      <dst id="1">203.9200</dst>
      <dst id="5">72.2844</dst>
      <dst id="3">92.2222</dst>
      <dst id="10">2.4889</dst>
      <dst id="22">47.5378</dst>
      <dst id="7">228.4889</dst>
      <dst id="2">5140.8533</dst>
      <dst id="16">28.0000</dst>
      <dst id="20">23.2889</dst>
      <dst id="11">0.4622</dst>
      <dst id="9">20.8978</dst>
      <dst id="17">18190.4711</dst>
      <dst id="21">2285.4222</dst>
      <dst id="15">0.3378</dst>
    </src>
    <src id="16">
      <dst id="12">2869.5111</dst>
      <dst id="13">1406.6667</dst>
      <dst id="19">5036.3822</dst>
      <dst id="23">305.0133</dst>
      <dst id="8">6107.4311</dst>
      <dst id="18">164.1778</dst>
      <dst id="4">4499.7067</dst>
      <dst id="1">14582.7822</dst>
      <dst id="5">6892.4711</dst>
      <dst id="3">1933.2089</dst>
      <dst id="10">589.1911</dst>
      <dst id="7">1897.9111</dst>
      <dst id="2">1113.2267</dst>
      <dst id="6">238.7911</dst>
      <dst id="16">46.7200</dst>
      <dst id="14">153.0222</dst>
      <dst id="11">26.4711</dst>
      <dst id="9">13141.5200</dst>
      <dst id="17">14000.0267</dst>
      <dst id="21">838.0889</dst>
    </src>
    <src id="14">
      <dst id="12">4754.5067</dst>
      <dst id="13">182.8444</dst>
      <dst id="19">88.5956</dst>
      <dst id="23">13.0844</dst>
      <dst id="8">1.7778</dst>
      <dst id="18">0.7822</dst>
      <dst id="4">1845.1378</dst>
      <dst id="1">1962.3200</dst>
      <dst id="5">15.4933</dst>
      <dst id="3">254.6667</dst>
      <dst id="10">256.6400</dst>
      <dst id="22">38.9244</dst>
      <dst id="7">296.7378</dst>
      <dst id="2">11985.7511</dst>
      <dst id="16">68.9422</dst>
      <dst id="20">1213.0222</dst>
      <dst id="9">203.9378</dst>
      <dst id="17">36383.2800</dst>
      <dst id="21">146.1867</dst>
      <dst id="15">743.2000</dst>
    </src>
    <src id="20">
      <dst id="12">19647.1022</dst>
      <dst id="13">4760.7111</dst>
      <dst id="19">443.1822</dst>
      <dst id="23">43.7600</dst>
      <dst id="8">4654.8178</dst>
      <dst id="18">2470.8533</dst>
      <dst id="4">9748.8267</dst>
      <dst id="1">446.6578</dst>
      <dst id="5">3551.1556</dst>
      <dst id="3">11146.6133</dst>
      <dst id="10">762.5867</dst>
      <dst id="22">0.3556</dst>
      <dst id="7">4492.6844</dst>
      <dst id="2">2001.8578</dst>
      <dst id="6">0.8889</dst>
      <dst id="14">29.7956</dst>
      <dst id="20">1.6356</dst>
      <dst id="11">0.4622</dst>
      <dst id="9">18517.8400</dst>
      <dst id="17">30089.5022</dst>
      <dst id="21">1465.6533</dst>
    </src>
    <src id="11">
      <dst id="12">76783.4133</dst>
      <dst id="13">4537.9022</dst>
      <dst id="19">2315.2178</dst>
      <dst id="23">39.0400</dst>
      <dst id="8">644.0800</dst>
      <dst id="18">1098.6311</dst>
      <dst id="4">19010.4267</dst>
      <dst id="1">1249.5111</dst>
      <dst id="5">2566.8178</dst>
      <dst id="3">2199.9111</dst>
      <dst id="10">3574.2222</dst>
      <dst id="22">1558.8444</dst>
      <dst id="7">1990.9511</dst>
      <dst id="2">145155.4756</dst>
      <dst id="6">23.0400</dst>
      <dst id="16">1057.8844</dst>
      <dst id="14">116.2044</dst>
      <dst id="20">1729.5822</dst>
      <dst id="11">3062.8356</dst>
      <dst id="9">2519.1111</dst>
      <dst id="17">756517.8400</dst>
      <dst id="21">1173.1467</dst>
      <dst id="15">1238.4800</dst>
    </src>
    <src id="9">
      <dst id="12">84472.2756</dst>
      <dst id="13">12614.9156</dst>
      <dst id="19">301.2356</dst>
      <dst id="23">4.9778</dst>
      <dst id="8">212943.4756</dst>
      <dst id="18">526.1422</dst>
      <dst id="4">8401.5467</dst>
      <dst id="1">10875.7156</dst>
      <dst id="5">1971.0578</dst>
      <dst id="3">1030.5156</dst>
      <dst id="10">379.5378</dst>
      <dst id="22">4891.7244</dst>
      <dst id="7">3013.7778</dst>
      <dst id="2">1694.3378</dst>
      <dst id="6">5.2978</dst>
      <dst id="16">1506.3289</dst>
      <dst id="14">174.7822</dst>
      <dst id="20">8425.6978</dst>
      <dst id="11">39.8400</dst>
      <dst id="9">703110.7111</dst>
      <dst id="17">528671.3689</dst>
      <dst id="21">1683.4933</dst>
      <dst id="15">2998.6844</dst>
    </src>
    <src id="17">
      <dst id="12">239632.5156</dst>
      <dst id="13">33851.7689</dst>
      <dst id="19">15628.7556</dst>
      <dst id="23">1275.1022</dst>
      <dst id="8">607.7244</dst>
      <dst id="18">1006.4267</dst>
      <dst id="4">49839.8133</dst>
      <dst id="1">21748.0800</dst>
      <dst id="5">285910.1244</dst>
      <dst id="3">28458.3200</dst>
      <dst id="10">7745.3689</dst>
      <dst id="22">8507.4133</dst>
      <dst id="7">20399.7422</dst>
      <dst id="2">27270.1511</dst>
      <dst id="6">953.7156</dst>
      <dst id="16">15031.7867</dst>
      <dst id="14">33761.0933</dst>
      <dst id="20">8911.7511</dst>
      <dst id="11">34470.3822</dst>
      <dst id="9">2261.1822</dst>
      <dst id="17">24509.1644</dst>
      <dst id="21">24437.3600</dst>
      <dst id="15">17181.0578</dst>
    </src>
    <src id="21">
      <dst id="12">14230.5600</dst>
      <dst id="13">2372.4444</dst>
      <dst id="19">2315.2978</dst>
      <dst id="23">116.3467</dst>
      <dst id="8">226.8711</dst>
      <dst id="18">3674.9867</dst>
      <dst id="4">19096.7733</dst>
      <dst id="1">10926.0089</dst>
      <dst id="5">1121.3422</dst>
      <dst id="3">8817.2711</dst>
      <dst id="10">3774.0000</dst>
      <dst id="22">2874.8622</dst>
      <dst id="7">3212.1511</dst>
      <dst id="2">17275.5911</dst>
      <dst id="6">140.9511</dst>
      <dst id="16">415.6178</dst>
      <dst id="14">177.9822</dst>
      <dst id="20">513.9822</dst>
      <dst id="11">40.9689</dst>
      <dst id="9">1324.8356</dst>
      <dst id="17">39617.8044</dst>
      <dst id="21">5063.3244</dst>
      <dst id="15">1102.6756</dst>
    </src>
    <src id="15">
      <dst id="12">5664.7378</dst>
      <dst id="13">1151.5378</dst>
      <dst id="19">2.5067</dst>
      <dst id="23">3.0578</dst>
      <dst id="8">1971.0756</dst>
      <dst id="18">724.4089</dst>
      <dst id="4">770.5778</dst>
      <dst id="1">370.7200</dst>
      <dst id="5">788.7822</dst>
      <dst id="3">379.2711</dst>
      <dst id="10">232.1422</dst>
      <dst id="7">2659.1911</dst>
      <dst id="2">698.3733</dst>
      <dst id="6">0.7822</dst>
      <dst id="16">3.2356</dst>
      <dst id="14">16.9956</dst>
      <dst id="11">40.4978</dst>
      <dst id="9">1385.8400</dst>
      <dst id="17">3239.1644</dst>
      <dst id="21">258.9689</dst>
    </src>
  </IntraTM>
</TrafficMatrixFile>
