<?xml version="1.0" encoding="UTF-8" standalone="yes"?>
<TrafficMatrixFile xmlns:xsi="http://www.w3.org/2001/XMLSchema-instance" xsi:noNamespaceSchemaLocation="http://totem.run.montefiore.ulg.ac.be/Schema/TrafficMatrix-v1_2.xsd">
  <info>
    <title>Intradomain traffic matrix generated by geant-TM-all.pl</title>
    <date>2005-01-14T02:30:00</date>
    <duration>900</duration>
    <author>Steve Uhlig</author>
    <units>
        <unit type="bandwidth" value="kbps"/>
    </units>
  </info>
  <IntraTM ASID="20965">
    <src id="12">
      <dst id="12">302443.3422</dst>
      <dst id="13">43605.9911</dst>
      <dst id="19">5241.8222</dst>
      <dst id="23">730.3822</dst>
      <dst id="8">2450.6933</dst>
      <dst id="18">2470.1156</dst>
      <dst id="4">123061.3778</dst>
      <dst id="1">11455.8400</dst>
      <dst id="5">5935.9644</dst>
      <dst id="3">6013.9822</dst>
      <dst id="22">17544.1422</dst>
      <dst id="7">2851.5556</dst>
      <dst id="2">61171.8844</dst>
      <dst id="16">18161.3333</dst>
      <dst id="14">637.4578</dst>
      <dst id="20">10426.1333</dst>
      <dst id="11">6161.0756</dst>
      <dst id="9">13217.1289</dst>
      <dst id="17">116962.8178</dst>
      <dst id="21">15713.5733</dst>
      <dst id="15">24043.6000</dst>
    </src>
    <src id="13">
      <dst id="12">81395.6978</dst>
      <dst id="19">28685.5644</dst>
      <dst id="23">2923.0756</dst>
      <dst id="8">9714.2311</dst>
      <dst id="18">11887.0667</dst>
      <dst id="4">0.3556</dst>
      <dst id="1">10211.0311</dst>
      <dst id="5">19486.3200</dst>
      <dst id="3">23067.5289</dst>
      <dst id="22">24205.2178</dst>
      <dst id="7">27844.6756</dst>
      <dst id="2">135359.2800</dst>
      <dst id="16">8781.1911</dst>
      <dst id="14">2028.3733</dst>
      <dst id="20">15959.1556</dst>
      <dst id="11">9533.3778</dst>
      <dst id="9">41205.2178</dst>
      <dst id="17">93201.2000</dst>
      <dst id="21">59308.3733</dst>
      <dst id="15">8577.3156</dst>
    </src>
    <src id="19">
      <dst id="12">17330.5511</dst>
      <dst id="13">5149.9200</dst>
      <dst id="23">5371.1111</dst>
      <dst id="8">272.7022</dst>
      <dst id="18">192.4533</dst>
      <dst id="4">57195.6622</dst>
      <dst id="1">7409.6889</dst>
      <dst id="5">53.9111</dst>
      <dst id="3">141.5467</dst>
      <dst id="22">2472.3556</dst>
      <dst id="7">6647.0844</dst>
      <dst id="2">811.0933</dst>
      <dst id="16">4183.6178</dst>
      <dst id="14">0.4622</dst>
      <dst id="20">1893.9378</dst>
      <dst id="11">168.7467</dst>
      <dst id="9">244.5067</dst>
      <dst id="17">1994.6222</dst>
      <dst id="21">1105.9822</dst>
      <dst id="15">2697.1289</dst>
    </src>
    <src id="23">
      <dst id="12">549.1556</dst>
      <dst id="13">1233.3956</dst>
      <dst id="19">298.3022</dst>
      <dst id="8">13.7956</dst>
      <dst id="18">283.2978</dst>
      <dst id="4">68.0533</dst>
      <dst id="1">47.4044</dst>
      <dst id="5">160.5689</dst>
      <dst id="3">12.4533</dst>
      <dst id="22">573.4311</dst>
      <dst id="7">786.4444</dst>
      <dst id="2">38.9333</dst>
      <dst id="16">272.6489</dst>
      <dst id="14">67.1289</dst>
      <dst id="20">195.1022</dst>
      <dst id="11">18.7289</dst>
      <dst id="9">714.1511</dst>
      <dst id="17">583.7244</dst>
      <dst id="21">2251.0222</dst>
      <dst id="15">22.2222</dst>
    </src>
    <src id="8">
      <dst id="12">336543.6267</dst>
      <dst id="13">1078.6311</dst>
      <dst id="19">71.1200</dst>
      <dst id="23">46.2933</dst>
      <dst id="18">96.0622</dst>
      <dst id="4">8011.2622</dst>
      <dst id="1">904.2133</dst>
      <dst id="5">1376.2400</dst>
      <dst id="3">1.5644</dst>
      <dst id="22">822.2489</dst>
      <dst id="7">50.7378</dst>
      <dst id="2">334.7911</dst>
      <dst id="16">711.0311</dst>
      <dst id="14">0.4267</dst>
      <dst id="20">410.3378</dst>
      <dst id="11">1307.5733</dst>
      <dst id="9">186548.2667</dst>
      <dst id="17">159853.9822</dst>
      <dst id="21">833.4844</dst>
      <dst id="15">110.6578</dst>
    </src>
    <src id="18">
      <dst id="12">131862.6044</dst>
      <dst id="13">1060.6133</dst>
      <dst id="19">21.8222</dst>
      <dst id="23">1018.8444</dst>
      <dst id="8">62.7911</dst>
      <dst id="4">3148.8267</dst>
      <dst id="1">1679.3244</dst>
      <dst id="5">467.6800</dst>
      <dst id="3">394.1778</dst>
      <dst id="22">475.3600</dst>
      <dst id="7">154.1067</dst>
      <dst id="2">54740.0356</dst>
      <dst id="16">120.2044</dst>
      <dst id="14">19.9556</dst>
      <dst id="20">160.6933</dst>
      <dst id="11">305.9556</dst>
      <dst id="9">459.4222</dst>
      <dst id="17">73024.1867</dst>
      <dst id="21">1063.1289</dst>
      <dst id="15">50.8622</dst>
    </src>
    <src id="4">
      <dst id="12">17352.2578</dst>
      <dst id="19">40207.5644</dst>
      <dst id="23">0.3733</dst>
      <dst id="8">7545.8756</dst>
      <dst id="18">3942.2133</dst>
      <dst id="4">126.9333</dst>
      <dst id="1">29167.3511</dst>
      <dst id="5">2176.7556</dst>
      <dst id="3">605.3778</dst>
      <dst id="22">5953.7244</dst>
      <dst id="7">50051.4756</dst>
      <dst id="2">71256.8711</dst>
      <dst id="16">2124.2667</dst>
      <dst id="14">4183.7422</dst>
      <dst id="20">4098.1600</dst>
      <dst id="11">2311.8578</dst>
      <dst id="9">2545.0222</dst>
      <dst id="17">54436.1067</dst>
      <dst id="21">16296.3378</dst>
      <dst id="15">908.5333</dst>
    </src>
    <src id="1">
      <dst id="12">53381.3778</dst>
      <dst id="13">35781.4933</dst>
      <dst id="19">191.5644</dst>
      <dst id="23">74.8089</dst>
      <dst id="8">174981.0133</dst>
      <dst id="18">18001.5289</dst>
      <dst id="4">18005.2622</dst>
      <dst id="1">124218.2222</dst>
      <dst id="5">294853.1378</dst>
      <dst id="3">5978.5956</dst>
      <dst id="22">17812.1867</dst>
      <dst id="7">42220.9333</dst>
      <dst id="2">29788.9600</dst>
      <dst id="16">6989.1378</dst>
      <dst id="14">40.6756</dst>
      <dst id="20">15616.8622</dst>
      <dst id="11">1427.4489</dst>
      <dst id="9">331634.1689</dst>
      <dst id="17">18558.2667</dst>
      <dst id="21">42270.5156</dst>
      <dst id="15">7723.6444</dst>
    </src>
    <src id="5">
      <dst id="12">349400.6578</dst>
      <dst id="13">11605.5378</dst>
      <dst id="19">87.8489</dst>
      <dst id="23">1.9911</dst>
      <dst id="8">1501.2000</dst>
      <dst id="18">929.7333</dst>
      <dst id="4">13770.9956</dst>
      <dst id="1">695.0044</dst>
      <dst id="3">8.6044</dst>
      <dst id="22">5069.5733</dst>
      <dst id="7">1596.8178</dst>
      <dst id="2">1469.9556</dst>
      <dst id="16">1955.5022</dst>
      <dst id="14">16.2844</dst>
      <dst id="20">4422.0267</dst>
      <dst id="11">3907.7333</dst>
      <dst id="9">187824.8178</dst>
      <dst id="17">185926.5600</dst>
      <dst id="21">933.3511</dst>
      <dst id="15">2183.5378</dst>
    </src>
    <src id="3">
      <dst id="12">37289.3422</dst>
      <dst id="13">18517.8044</dst>
      <dst id="19">2415.1822</dst>
      <dst id="23">17.8222</dst>
      <dst id="8">200.9511</dst>
      <dst id="18">205168.8356</dst>
      <dst id="4">82316.2044</dst>
      <dst id="1">11678.0089</dst>
      <dst id="5">876.2844</dst>
      <dst id="3">23234.2489</dst>
      <dst id="22">1712.5600</dst>
      <dst id="7">5513.0222</dst>
      <dst id="2">18610.9511</dst>
      <dst id="16">3806.8622</dst>
      <dst id="14">49378.8267</dst>
      <dst id="20">6821.9111</dst>
      <dst id="11">222828.0622</dst>
      <dst id="9">2732.4533</dst>
      <dst id="17">37285.7067</dst>
      <dst id="21">31244.2222</dst>
      <dst id="15">1450.0889</dst>
    </src>
    <src id="10">
      <dst id="12">15943.0044</dst>
      <dst id="19">4294.2756</dst>
      <dst id="8">1218.9689</dst>
      <dst id="18">8816.3111</dst>
      <dst id="4">0.7111</dst>
      <dst id="1">2898.4178</dst>
      <dst id="5">1612.4978</dst>
      <dst id="3">12155.6178</dst>
      <dst id="22">5770.7556</dst>
      <dst id="7">29304.4267</dst>
      <dst id="2">66086.3556</dst>
      <dst id="16">1463.3956</dst>
      <dst id="14">4551.8400</dst>
      <dst id="20">3135.0311</dst>
      <dst id="11">2766.7022</dst>
      <dst id="9">3613.7511</dst>
      <dst id="17">24205.0578</dst>
      <dst id="21">21052.3022</dst>
      <dst id="15">199.5911</dst>
    </src>
    <src id="22">
      <dst id="12">20985.1022</dst>
      <dst id="13">5841.2089</dst>
      <dst id="19">2772.6133</dst>
      <dst id="23">77.0044</dst>
      <dst id="8">6554.9689</dst>
      <dst id="18">697.1289</dst>
      <dst id="4">20863.9911</dst>
      <dst id="1">862.9333</dst>
      <dst id="5">17049.2889</dst>
      <dst id="3">2175.3156</dst>
      <dst id="7">2775.5200</dst>
      <dst id="2">7821.3244</dst>
      <dst id="14">107.1556</dst>
      <dst id="11">2275.9644</dst>
      <dst id="9">4382.2844</dst>
      <dst id="17">18895.4044</dst>
      <dst id="21">4535.9556</dst>
    </src>
    <src id="7">
      <dst id="12">5874.5689</dst>
      <dst id="13">939.8311</dst>
      <dst id="19">4515.8044</dst>
      <dst id="23">3966.9956</dst>
      <dst id="8">787.3689</dst>
      <dst id="18">2124.0178</dst>
      <dst id="4">32910.4444</dst>
      <dst id="1">15937.1378</dst>
      <dst id="5">2567.4844</dst>
      <dst id="3">2084.2844</dst>
      <dst id="22">4661.5556</dst>
      <dst id="7">794.0978</dst>
      <dst id="2">14271.5289</dst>
      <dst id="16">1024.8978</dst>
      <dst id="14">1675.5644</dst>
      <dst id="20">25429.3867</dst>
      <dst id="11">4662.3644</dst>
      <dst id="9">1808.0444</dst>
      <dst id="17">30231.0133</dst>
      <dst id="21">9175.2444</dst>
      <dst id="15">452.2311</dst>
    </src>
    <src id="2">
      <dst id="12">154157.1556</dst>
      <dst id="13">15147.3156</dst>
      <dst id="19">3257.4222</dst>
      <dst id="23">3.0222</dst>
      <dst id="8">364.1867</dst>
      <dst id="18">196070.8356</dst>
      <dst id="4">170628.6489</dst>
      <dst id="1">36632.4533</dst>
      <dst id="5">3064.1867</dst>
      <dst id="3">364.9511</dst>
      <dst id="22">5866.0444</dst>
      <dst id="7">19577.1289</dst>
      <dst id="2">1492.0178</dst>
      <dst id="16">8377.9911</dst>
      <dst id="14">1162.8622</dst>
      <dst id="20">7867.7511</dst>
      <dst id="11">9597.6800</dst>
      <dst id="9">2302.9689</dst>
      <dst id="17">22308.3111</dst>
      <dst id="21">37115.6622</dst>
      <dst id="15">1694.9422</dst>
    </src>
    <src id="6">
      <dst id="12">4121.0311</dst>
      <dst id="13">79.1822</dst>
      <dst id="19">36.6933</dst>
      <dst id="18">37.0933</dst>
      <dst id="4">62.4533</dst>
      <dst id="1">38.2844</dst>
      <dst id="5">114.4000</dst>
      <dst id="3">1.4933</dst>
      <dst id="22">56.7467</dst>
      <dst id="7">54.5600</dst>
      <dst id="2">3042.9689</dst>
      <dst id="16">68.3911</dst>
      <dst id="14">9.5289</dst>
      <dst id="20">21.0222</dst>
      <dst id="11">4.7467</dst>
      <dst id="9">37.4933</dst>
      <dst id="17">1860.4267</dst>
      <dst id="21">50.1067</dst>
    </src>
    <src id="16">
      <dst id="12">3251.2444</dst>
      <dst id="13">596.5511</dst>
      <dst id="19">3152.9333</dst>
      <dst id="23">176.0889</dst>
      <dst id="8">4872.2489</dst>
      <dst id="18">202.6311</dst>
      <dst id="4">8278.7644</dst>
      <dst id="1">18375.2178</dst>
      <dst id="5">5050.4178</dst>
      <dst id="3">42.5156</dst>
      <dst id="7">2423.4578</dst>
      <dst id="2">2836.4533</dst>
      <dst id="16">55.6089</dst>
      <dst id="14">201.9822</dst>
      <dst id="11">759.0756</dst>
      <dst id="9">7201.0844</dst>
      <dst id="17">19928.7022</dst>
      <dst id="21">832.3822</dst>
    </src>
    <src id="14">
      <dst id="12">27365.8489</dst>
      <dst id="13">35.8756</dst>
      <dst id="19">22.5244</dst>
      <dst id="18">53.8133</dst>
      <dst id="4">5829.1467</dst>
      <dst id="1">87.6978</dst>
      <dst id="5">108.5156</dst>
      <dst id="3">141.1022</dst>
      <dst id="22">167.1022</dst>
      <dst id="7">97.1911</dst>
      <dst id="2">4516.0444</dst>
      <dst id="16">25.2178</dst>
      <dst id="20">14.2578</dst>
      <dst id="11">34.9778</dst>
      <dst id="9">116.4356</dst>
      <dst id="17">12913.6444</dst>
      <dst id="21">180.1867</dst>
      <dst id="15">2.8622</dst>
    </src>
    <src id="20">
      <dst id="12">11711.5200</dst>
      <dst id="13">2905.8222</dst>
      <dst id="19">3734.2933</dst>
      <dst id="23">34.1689</dst>
      <dst id="8">1990.3911</dst>
      <dst id="18">227.3244</dst>
      <dst id="4">19884.1067</dst>
      <dst id="1">2643.0578</dst>
      <dst id="5">1240.9956</dst>
      <dst id="3">3674.8711</dst>
      <dst id="22">0.3556</dst>
      <dst id="7">716.3022</dst>
      <dst id="2">6482.3200</dst>
      <dst id="14">13.8667</dst>
      <dst id="11">1303.5111</dst>
      <dst id="9">14098.5511</dst>
      <dst id="17">6613.3867</dst>
      <dst id="21">6333.6178</dst>
    </src>
    <src id="11">
      <dst id="12">526259.6711</dst>
      <dst id="13">3315.8844</dst>
      <dst id="19">461.2711</dst>
      <dst id="23">9.6444</dst>
      <dst id="8">1643.0578</dst>
      <dst id="18">678.3822</dst>
      <dst id="4">9462.4444</dst>
      <dst id="1">1179.1467</dst>
      <dst id="5">1408.3111</dst>
      <dst id="3">1358.8178</dst>
      <dst id="22">1961.5378</dst>
      <dst id="7">450.1067</dst>
      <dst id="2">124506.6756</dst>
      <dst id="16">563.1467</dst>
      <dst id="14">117.3244</dst>
      <dst id="20">664.2400</dst>
      <dst id="11">3280.8533</dst>
      <dst id="9">1594.3378</dst>
      <dst id="17">224607.4844</dst>
      <dst id="21">1859.6800</dst>
      <dst id="15">84.7378</dst>
    </src>
    <src id="9">
      <dst id="12">497674.4889</dst>
      <dst id="13">8542.7733</dst>
      <dst id="19">393.3244</dst>
      <dst id="23">50.0178</dst>
      <dst id="8">219325.9378</dst>
      <dst id="18">781.7689</dst>
      <dst id="4">11055.1200</dst>
      <dst id="1">3385.1378</dst>
      <dst id="5">3175.5822</dst>
      <dst id="3">216.2222</dst>
      <dst id="22">8300.8978</dst>
      <dst id="7">3745.1111</dst>
      <dst id="2">2411.6000</dst>
      <dst id="16">1554.6933</dst>
      <dst id="14">95.0489</dst>
      <dst id="20">12971.2267</dst>
      <dst id="11">994.1689</dst>
      <dst id="9">517524.1778</dst>
      <dst id="17">255545.0311</dst>
      <dst id="21">2354.1778</dst>
      <dst id="15">6020.0000</dst>
    </src>
    <src id="17">
      <dst id="12">7812.5422</dst>
      <dst id="13">18701.9289</dst>
      <dst id="19">7848.2578</dst>
      <dst id="23">4303.7600</dst>
      <dst id="8">300.7200</dst>
      <dst id="18">4814.0711</dst>
      <dst id="4">81016.0622</dst>
      <dst id="1">2154.3467</dst>
      <dst id="5">301144.0178</dst>
      <dst id="3">12487.5822</dst>
      <dst id="22">19820.3556</dst>
      <dst id="7">15520.3378</dst>
      <dst id="2">34503.3067</dst>
      <dst id="16">11747.1022</dst>
      <dst id="14">51422.6400</dst>
      <dst id="20">2148.3556</dst>
      <dst id="11">207393.4489</dst>
      <dst id="9">4196.6489</dst>
      <dst id="17">1057.6000</dst>
      <dst id="21">23884.6044</dst>
      <dst id="15">2782.3378</dst>
    </src>
    <src id="21">
      <dst id="12">49440.5333</dst>
      <dst id="13">40276.7644</dst>
      <dst id="19">6473.3244</dst>
      <dst id="23">113.2622</dst>
      <dst id="8">290.9511</dst>
      <dst id="18">6244.8356</dst>
      <dst id="4">42964.1778</dst>
      <dst id="1">13243.4578</dst>
      <dst id="5">834.8356</dst>
      <dst id="3">9949.3867</dst>
      <dst id="22">1683.3067</dst>
      <dst id="7">4185.7867</dst>
      <dst id="2">28371.9022</dst>
      <dst id="16">408.0267</dst>
      <dst id="14">85.0222</dst>
      <dst id="20">6666.6044</dst>
      <dst id="11">1133.0844</dst>
      <dst id="9">3298.4267</dst>
      <dst id="17">11694.1600</dst>
      <dst id="21">3128.7378</dst>
      <dst id="15">421.8044</dst>
    </src>
    <src id="15">
      <dst id="12">2254.8711</dst>
      <dst id="13">6695.5022</dst>
      <dst id="19">1075.5467</dst>
      <dst id="23">480.1067</dst>
      <dst id="8">2913.4311</dst>
      <dst id="18">42.6311</dst>
      <dst id="4">3120.3822</dst>
      <dst id="1">409.9111</dst>
      <dst id="5">1058.7822</dst>
      <dst id="3">1.4222</dst>
      <dst id="7">113.1378</dst>
      <dst id="2">731.7244</dst>
      <dst id="14">13.6889</dst>
      <dst id="11">51.0578</dst>
      <dst id="9">1164.3733</dst>
      <dst id="17">2960.3556</dst>
      <dst id="21">4756.2756</dst>
    </src>
  </IntraTM>
</TrafficMatrixFile>
