<?xml version="1.0" encoding="UTF-8" standalone="yes"?>
<TrafficMatrixFile xmlns:xsi="http://www.w3.org/2001/XMLSchema-instance" xsi:noNamespaceSchemaLocation="http://totem.run.montefiore.ulg.ac.be/Schema/TrafficMatrix-v1_2.xsd">
  <info>
    <title>Intradomain traffic matrix generated by geant-TM-all.pl</title>
    <date>2005-03-24T07:15:00</date>
    <duration>900</duration>
    <author>Steve Uhlig</author>
    <units>
        <unit type="bandwidth" value="kbps"/>
    </units>
  </info>
  <IntraTM ASID="20965">
    <src id="12">
      <dst id="12">349496.9422</dst>
      <dst id="13">23159.8400</dst>
      <dst id="19">2221.4133</dst>
      <dst id="23">7850.3111</dst>
      <dst id="8">1309.6267</dst>
      <dst id="18">93518.6311</dst>
      <dst id="4">12370.6311</dst>
      <dst id="1">30104.9956</dst>
      <dst id="5">697.0400</dst>
      <dst id="3">75.6267</dst>
      <dst id="10">8635.3156</dst>
      <dst id="22">2348.0622</dst>
      <dst id="7">2784.6933</dst>
      <dst id="2">25060.4533</dst>
      <dst id="6">25801.5467</dst>
      <dst id="16">3958.0889</dst>
      <dst id="14">349.8844</dst>
      <dst id="20">6065.1822</dst>
      <dst id="11">17.3956</dst>
      <dst id="9">6173.8489</dst>
      <dst id="17">60307.8222</dst>
      <dst id="21">269.4667</dst>
      <dst id="15">3652.3022</dst>
    </src>
    <src id="13">
      <dst id="12">39966.9422</dst>
      <dst id="13">7072.9778</dst>
      <dst id="19">2379.5822</dst>
      <dst id="23">282.3733</dst>
      <dst id="8">223.3956</dst>
      <dst id="18">201.0133</dst>
      <dst id="1">232.0889</dst>
      <dst id="5">10164.8267</dst>
      <dst id="3">327.2178</dst>
      <dst id="10">14.7378</dst>
      <dst id="22">3211.3156</dst>
      <dst id="7">800.6044</dst>
      <dst id="2">15317.7422</dst>
      <dst id="6">69.8933</dst>
      <dst id="16">3122.1422</dst>
      <dst id="14">42.4444</dst>
      <dst id="20">390.5511</dst>
      <dst id="11">43.1022</dst>
      <dst id="9">5076.2489</dst>
      <dst id="17">7151.4044</dst>
      <dst id="21">172.7467</dst>
      <dst id="15">731.2889</dst>
    </src>
    <src id="19">
      <dst id="12">27717.4578</dst>
      <dst id="13">4767.0222</dst>
      <dst id="8">2.0889</dst>
      <dst id="18">36.3911</dst>
      <dst id="4">52.3467</dst>
      <dst id="1">355.0578</dst>
      <dst id="5">25.7600</dst>
      <dst id="3">100.9778</dst>
      <dst id="10">399.9556</dst>
      <dst id="22">27.1822</dst>
      <dst id="7">3135.8756</dst>
      <dst id="2">1274.2756</dst>
      <dst id="6">0.6311</dst>
      <dst id="16">1132.3467</dst>
      <dst id="14">28.1600</dst>
      <dst id="20">2.0978</dst>
      <dst id="11">13.6889</dst>
      <dst id="9">4.7644</dst>
      <dst id="17">715.9556</dst>
      <dst id="21">407.8667</dst>
    </src>
    <src id="23">
      <dst id="12">3287.5644</dst>
      <dst id="13">1679.7333</dst>
      <dst id="19">0.3556</dst>
      <dst id="8">216.4800</dst>
      <dst id="18">0.7911</dst>
      <dst id="4">333.0222</dst>
      <dst id="1">71.2000</dst>
      <dst id="10">32.5333</dst>
      <dst id="22">136.9156</dst>
      <dst id="7">101.6267</dst>
      <dst id="2">108.5156</dst>
      <dst id="16">0.8178</dst>
      <dst id="14">27.0756</dst>
      <dst id="20">2.7644</dst>
      <dst id="11">52.3378</dst>
      <dst id="9">103.2356</dst>
      <dst id="17">1748.4089</dst>
      <dst id="21">4415.1911</dst>
      <dst id="15">14.1867</dst>
    </src>
    <src id="8">
      <dst id="12">11822.6933</dst>
      <dst id="13">150.6133</dst>
      <dst id="19">1.3867</dst>
      <dst id="23">114.3022</dst>
      <dst id="18">2002.3111</dst>
      <dst id="4">128.2311</dst>
      <dst id="1">1808.8533</dst>
      <dst id="5">208.4711</dst>
      <dst id="10">38.5511</dst>
      <dst id="22">0.3911</dst>
      <dst id="7">13.9733</dst>
      <dst id="2">187.9822</dst>
      <dst id="6">4.5956</dst>
      <dst id="16">269823.9200</dst>
      <dst id="11">3.8311</dst>
      <dst id="9">61517.6889</dst>
      <dst id="17">33183.8756</dst>
      <dst id="21">40.0889</dst>
      <dst id="15">1.8222</dst>
    </src>
    <src id="18">
      <dst id="12">131444.4356</dst>
      <dst id="13">162.7467</dst>
      <dst id="19">2.6044</dst>
      <dst id="23">3.3156</dst>
      <dst id="8">147.1556</dst>
      <dst id="4">116.3822</dst>
      <dst id="1">1080.8800</dst>
      <dst id="5">307.0756</dst>
      <dst id="3">3880.1600</dst>
      <dst id="10">36.1333</dst>
      <dst id="22">96.3200</dst>
      <dst id="7">180.0000</dst>
      <dst id="2">12202.7911</dst>
      <dst id="16">532.0711</dst>
      <dst id="14">13.3333</dst>
      <dst id="20">50.6667</dst>
      <dst id="11">69.6978</dst>
      <dst id="9">213.5378</dst>
      <dst id="17">7446.1244</dst>
      <dst id="21">3435.0489</dst>
      <dst id="15">103.8222</dst>
    </src>
    <src id="4">
      <dst id="12">49899.9644</dst>
      <dst id="13">28.3378</dst>
      <dst id="19">5793.4044</dst>
      <dst id="23">503.2267</dst>
      <dst id="8">885.8756</dst>
      <dst id="18">1588.2667</dst>
      <dst id="4">20.5333</dst>
      <dst id="1">169151.6889</dst>
      <dst id="5">5656.2133</dst>
      <dst id="3">33.3600</dst>
      <dst id="22">136.3111</dst>
      <dst id="7">72.7200</dst>
      <dst id="2">224485.7511</dst>
      <dst id="6">122.3111</dst>
      <dst id="16">43402.1067</dst>
      <dst id="14">4161.5289</dst>
      <dst id="11">525.0844</dst>
      <dst id="9">22246.0444</dst>
      <dst id="17">94658.6933</dst>
      <dst id="21">4532.4267</dst>
      <dst id="15">870.0000</dst>
    </src>
    <src id="1">
      <dst id="12">465347.4844</dst>
      <dst id="13">1416.4711</dst>
      <dst id="19">441.3600</dst>
      <dst id="23">98.6578</dst>
      <dst id="8">60.1244</dst>
      <dst id="18">13740.9422</dst>
      <dst id="4">2222.4444</dst>
      <dst id="1">637470.8356</dst>
      <dst id="5">270.9867</dst>
      <dst id="3">70.1511</dst>
      <dst id="10">245.2000</dst>
      <dst id="22">2.2933</dst>
      <dst id="7">374545.1378</dst>
      <dst id="2">6711.0844</dst>
      <dst id="6">50.7733</dst>
      <dst id="16">961763.3422</dst>
      <dst id="14">81.5556</dst>
      <dst id="20">873.8667</dst>
      <dst id="11">98.9422</dst>
      <dst id="9">962.3556</dst>
      <dst id="17">350522.9156</dst>
      <dst id="21">485387.5644</dst>
      <dst id="15">150.2133</dst>
    </src>
    <src id="5">
      <dst id="12">6424.9689</dst>
      <dst id="13">3399.3689</dst>
      <dst id="8">425.4756</dst>
      <dst id="18">77.1644</dst>
      <dst id="4">174.5689</dst>
      <dst id="1">8060.2222</dst>
      <dst id="3">0.3556</dst>
      <dst id="10">433.0222</dst>
      <dst id="22">136.4711</dst>
      <dst id="7">246.4711</dst>
      <dst id="2">148.5156</dst>
      <dst id="16">300261.0844</dst>
      <dst id="14">27.6622</dst>
      <dst id="11">2.4356</dst>
      <dst id="9">50804.7911</dst>
      <dst id="17">42270.6844</dst>
      <dst id="21">73.9378</dst>
      <dst id="15">154.8711</dst>
    </src>
    <src id="3">
      <dst id="12">8823.7956</dst>
      <dst id="13">11713.1822</dst>
      <dst id="19">6035.3422</dst>
      <dst id="23">12.4711</dst>
      <dst id="8">9.1022</dst>
      <dst id="18">7799.3778</dst>
      <dst id="4">690.4622</dst>
      <dst id="1">7801.1111</dst>
      <dst id="5">236.9956</dst>
      <dst id="3">196.4622</dst>
      <dst id="10">3440.4800</dst>
      <dst id="7">573.1022</dst>
      <dst id="2">3829.3422</dst>
      <dst id="6">1.4044</dst>
      <dst id="16">7420.9333</dst>
      <dst id="14">228.1778</dst>
      <dst id="20">140.6044</dst>
      <dst id="11">185.0400</dst>
      <dst id="9">1310.6578</dst>
      <dst id="17">39404.1689</dst>
      <dst id="21">3793.9644</dst>
      <dst id="15">4.1778</dst>
    </src>
    <src id="10">
      <dst id="12">6129.9556</dst>
      <dst id="13">177.1111</dst>
      <dst id="19">580.8800</dst>
      <dst id="23">690.1778</dst>
      <dst id="8">286.0178</dst>
      <dst id="18">5704.4978</dst>
      <dst id="1">289.5556</dst>
      <dst id="5">423.5111</dst>
      <dst id="3">20.4711</dst>
      <dst id="7">1606.8711</dst>
      <dst id="2">26620.1422</dst>
      <dst id="6">18.3289</dst>
      <dst id="16">16281.6444</dst>
      <dst id="14">2569.9289</dst>
      <dst id="20">1948.1956</dst>
      <dst id="11">1.8489</dst>
      <dst id="9">4013.9111</dst>
      <dst id="17">45914.1778</dst>
      <dst id="21">2677.4400</dst>
      <dst id="15">183.7422</dst>
    </src>
    <src id="22">
      <dst id="12">16476.3289</dst>
      <dst id="13">10089.5822</dst>
      <dst id="19">16.8533</dst>
      <dst id="23">85.4311</dst>
      <dst id="8">2652.0356</dst>
      <dst id="18">385.5644</dst>
      <dst id="4">849.2711</dst>
      <dst id="1">112.7822</dst>
      <dst id="5">2901.3244</dst>
      <dst id="3">18.6311</dst>
      <dst id="10">936.5422</dst>
      <dst id="7">462.5689</dst>
      <dst id="2">978.2400</dst>
      <dst id="6">0.7111</dst>
      <dst id="16">1609.0400</dst>
      <dst id="14">133.8756</dst>
      <dst id="11">203.9289</dst>
      <dst id="9">2928.7022</dst>
      <dst id="17">6240.6933</dst>
      <dst id="21">646.9867</dst>
    </src>
    <src id="7">
      <dst id="12">17102.5333</dst>
      <dst id="13">7600.2578</dst>
      <dst id="19">1133.3067</dst>
      <dst id="23">124.2667</dst>
      <dst id="8">401.1644</dst>
      <dst id="18">250.1867</dst>
      <dst id="4">476.3733</dst>
      <dst id="1">8105.6889</dst>
      <dst id="5">1150.2756</dst>
      <dst id="3">1100.0178</dst>
      <dst id="10">326.9511</dst>
      <dst id="22">1084.7111</dst>
      <dst id="7">27.9289</dst>
      <dst id="2">981.8578</dst>
      <dst id="6">4.9156</dst>
      <dst id="16">1534.7289</dst>
      <dst id="14">179.7067</dst>
      <dst id="20">298.8711</dst>
      <dst id="11">77.5644</dst>
      <dst id="9">1006.5867</dst>
      <dst id="17">14399.2267</dst>
      <dst id="21">2411.6267</dst>
      <dst id="15">39.7689</dst>
    </src>
    <src id="2">
      <dst id="12">86774.3911</dst>
      <dst id="13">39507.5644</dst>
      <dst id="19">1189.4578</dst>
      <dst id="23">16.3200</dst>
      <dst id="8">167.6444</dst>
      <dst id="18">52540.9333</dst>
      <dst id="4">5884.1778</dst>
      <dst id="1">7415.9289</dst>
      <dst id="5">698.1156</dst>
      <dst id="3">55.8667</dst>
      <dst id="10">1818.7822</dst>
      <dst id="22">388.6667</dst>
      <dst id="7">1545.8311</dst>
      <dst id="2">4475.9644</dst>
      <dst id="6">11835.0844</dst>
      <dst id="16">559.0222</dst>
      <dst id="14">4338.7200</dst>
      <dst id="20">215.5022</dst>
      <dst id="11">90.3111</dst>
      <dst id="9">773.9289</dst>
      <dst id="17">12671.5467</dst>
      <dst id="21">1387.2089</dst>
      <dst id="15">3.4578</dst>
    </src>
    <src id="6">
      <dst id="12">1108.1867</dst>
      <dst id="13">22.5511</dst>
      <dst id="19">0.6667</dst>
      <dst id="8">0.4711</dst>
      <dst id="4">2.8000</dst>
      <dst id="1">133.4222</dst>
      <dst id="5">13.1556</dst>
      <dst id="3">1.9556</dst>
      <dst id="10">1.8400</dst>
      <dst id="22">11.4667</dst>
      <dst id="7">15.9111</dst>
      <dst id="2">931.8133</dst>
      <dst id="16">11.3600</dst>
      <dst id="9">6.2844</dst>
      <dst id="17">26643.4933</dst>
      <dst id="21">14.9600</dst>
    </src>
    <src id="16">
      <dst id="12">148682.5333</dst>
      <dst id="13">5580.6844</dst>
      <dst id="19">3410.1956</dst>
      <dst id="23">4.4000</dst>
      <dst id="8">101241.8400</dst>
      <dst id="18">4.1600</dst>
      <dst id="4">2026.8978</dst>
      <dst id="1">6864.5067</dst>
      <dst id="5">241586.3911</dst>
      <dst id="3">8078.5244</dst>
      <dst id="10">347.7511</dst>
      <dst id="22">1.4578</dst>
      <dst id="7">51.0933</dst>
      <dst id="2">1163.7422</dst>
      <dst id="6">24.2133</dst>
      <dst id="16">18849.1733</dst>
      <dst id="14">40005.3333</dst>
      <dst id="11">19025.1644</dst>
      <dst id="9">227207.4667</dst>
      <dst id="17">2430.1600</dst>
      <dst id="21">14.0000</dst>
    </src>
    <src id="14">
      <dst id="12">571.0222</dst>
      <dst id="13">627.9556</dst>
      <dst id="19">18.8178</dst>
      <dst id="23">0.5867</dst>
      <dst id="4">155.4667</dst>
      <dst id="1">190.4889</dst>
      <dst id="5">21.1822</dst>
      <dst id="3">753.5022</dst>
      <dst id="10">208.8267</dst>
      <dst id="7">76.3556</dst>
      <dst id="2">1192.6044</dst>
      <dst id="16">2396.1600</dst>
      <dst id="20">8.2578</dst>
      <dst id="11">160.0000</dst>
      <dst id="9">433.2800</dst>
      <dst id="17">25208.9956</dst>
      <dst id="21">402.6667</dst>
    </src>
    <src id="20">
      <dst id="12">1290.8000</dst>
      <dst id="13">981.4489</dst>
      <dst id="19">1.2444</dst>
      <dst id="23">102.7200</dst>
      <dst id="8">1.5289</dst>
      <dst id="18">15.5200</dst>
      <dst id="4">156.6044</dst>
      <dst id="1">401.1378</dst>
      <dst id="5">594.8444</dst>
      <dst id="10">521.4133</dst>
      <dst id="22">40.0000</dst>
      <dst id="7">944.8267</dst>
      <dst id="2">322.3822</dst>
      <dst id="16">6759.9733</dst>
      <dst id="20">19.1289</dst>
      <dst id="11">17.7244</dst>
      <dst id="9">2062.6311</dst>
      <dst id="17">3799.1733</dst>
      <dst id="21">195.3333</dst>
    </src>
    <src id="11">
      <dst id="12">18644.1422</dst>
      <dst id="13">3731.4844</dst>
      <dst id="19">70.3911</dst>
      <dst id="23">54.6756</dst>
      <dst id="8">142.9067</dst>
      <dst id="18">177.5289</dst>
      <dst id="4">1087.6533</dst>
      <dst id="1">3205.1378</dst>
      <dst id="5">1075.6444</dst>
      <dst id="3">1186.8533</dst>
      <dst id="10">811.3956</dst>
      <dst id="22">0.4622</dst>
      <dst id="7">259.7333</dst>
      <dst id="2">65327.4844</dst>
      <dst id="6">1.2356</dst>
      <dst id="16">11539.5467</dst>
      <dst id="14">20.2667</dst>
      <dst id="20">266.1067</dst>
      <dst id="11">737.2622</dst>
      <dst id="9">4450.7467</dst>
      <dst id="17">615428.1156</dst>
      <dst id="21">844.6222</dst>
      <dst id="15">188.3911</dst>
    </src>
    <src id="9">
      <dst id="12">14452.1067</dst>
      <dst id="13">5560.7822</dst>
      <dst id="19">104.0267</dst>
      <dst id="23">24.6044</dst>
      <dst id="8">80770.4356</dst>
      <dst id="18">4.0356</dst>
      <dst id="4">519.6000</dst>
      <dst id="1">4129.7333</dst>
      <dst id="5">584.0444</dst>
      <dst id="3">80.6667</dst>
      <dst id="10">116.8356</dst>
      <dst id="7">184.9333</dst>
      <dst id="2">1426.6667</dst>
      <dst id="6">0.8356</dst>
      <dst id="16">557258.3111</dst>
      <dst id="14">71.6267</dst>
      <dst id="11">27.1289</dst>
      <dst id="9">303881.1200</dst>
      <dst id="17">84587.0578</dst>
      <dst id="21">29.4222</dst>
      <dst id="15">7074.4356</dst>
    </src>
    <src id="17">
      <dst id="12">93800.0356</dst>
      <dst id="13">68534.5156</dst>
      <dst id="19">4889.5822</dst>
      <dst id="23">120.2578</dst>
      <dst id="8">238.4178</dst>
      <dst id="18">2485.0222</dst>
      <dst id="4">7611.9911</dst>
      <dst id="1">9862.8356</dst>
      <dst id="5">119944.9156</dst>
      <dst id="3">5271.6533</dst>
      <dst id="10">36317.0489</dst>
      <dst id="22">86.4000</dst>
      <dst id="7">13173.0400</dst>
      <dst id="2">14203.4578</dst>
      <dst id="6">47.6622</dst>
      <dst id="16">37340.6933</dst>
      <dst id="14">14436.7467</dst>
      <dst id="20">767.6711</dst>
      <dst id="11">11307.1644</dst>
      <dst id="9">6001.9733</dst>
      <dst id="17">24692.9333</dst>
      <dst id="21">12361.0044</dst>
      <dst id="15">870.0622</dst>
    </src>
    <src id="21">
      <dst id="12">1280.8800</dst>
      <dst id="13">5448.6933</dst>
      <dst id="19">308.0800</dst>
      <dst id="23">106.5422</dst>
      <dst id="8">97.2978</dst>
      <dst id="18">3200.0089</dst>
      <dst id="4">3033.0133</dst>
      <dst id="1">6342.9867</dst>
      <dst id="5">801.3689</dst>
      <dst id="3">1239.7156</dst>
      <dst id="10">269.2178</dst>
      <dst id="22">0.4267</dst>
      <dst id="7">1755.2889</dst>
      <dst id="2">6254.7556</dst>
      <dst id="6">1.1289</dst>
      <dst id="16">4896.9244</dst>
      <dst id="14">834.7200</dst>
      <dst id="20">547.3600</dst>
      <dst id="11">85.5556</dst>
      <dst id="9">2905.1644</dst>
      <dst id="17">29140.4356</dst>
      <dst id="21">2507.1378</dst>
      <dst id="15">183.9644</dst>
    </src>
    <src id="15">
      <dst id="12">81.0311</dst>
      <dst id="13">718.4267</dst>
      <dst id="23">0.4267</dst>
      <dst id="8">11.9111</dst>
      <dst id="18">2.5600</dst>
      <dst id="4">418.7644</dst>
      <dst id="1">300.5956</dst>
      <dst id="5">59.7067</dst>
      <dst id="10">189.9378</dst>
      <dst id="2">1.1378</dst>
      <dst id="16">1474.9689</dst>
      <dst id="14">0.4000</dst>
      <dst id="11">81.5644</dst>
      <dst id="9">687.0667</dst>
      <dst id="17">1336.0000</dst>
      <dst id="21">760.4267</dst>
    </src>
  </IntraTM>
</TrafficMatrixFile>
