<?xml version="1.0" encoding="UTF-8" standalone="yes"?>
<TrafficMatrixFile xmlns:xsi="http://www.w3.org/2001/XMLSchema-instance" xsi:noNamespaceSchemaLocation="http://totem.run.montefiore.ulg.ac.be/Schema/TrafficMatrix-v1_2.xsd">
  <info>
    <title>Intradomain traffic matrix generated by geant-TM-all.pl</title>
    <date>2005-04-27T00:15:00</date>
    <duration>900</duration>
    <author>Steve Uhlig</author>
    <units>
        <unit type="bandwidth" value="kbps"/>
    </units>
  </info>
  <IntraTM ASID="20965">
    <src id="12">
      <dst id="12">338399.2000</dst>
      <dst id="13">50442.5067</dst>
      <dst id="19">3888.7200</dst>
      <dst id="23">2127.1111</dst>
      <dst id="8">1591.3867</dst>
      <dst id="18">37596.5511</dst>
      <dst id="4">4867.8133</dst>
      <dst id="1">31715.9378</dst>
      <dst id="5">2029.4044</dst>
      <dst id="3">653.4133</dst>
      <dst id="10">16112.4533</dst>
      <dst id="22">1209.4133</dst>
      <dst id="7">2306.2933</dst>
      <dst id="2">11102.3022</dst>
      <dst id="16">6018.2756</dst>
      <dst id="14">3361.0400</dst>
      <dst id="20">632.0711</dst>
      <dst id="11">359.9378</dst>
      <dst id="9">31252.7111</dst>
      <dst id="17">57733.0933</dst>
      <dst id="21">2670.9156</dst>
      <dst id="15">665.6978</dst>
    </src>
    <src id="13">
      <dst id="12">25579.8756</dst>
      <dst id="13">222.2133</dst>
      <dst id="19">1250.8800</dst>
      <dst id="23">50.9600</dst>
      <dst id="8">9110.6311</dst>
      <dst id="18">749.6711</dst>
      <dst id="4">1.6356</dst>
      <dst id="1">2179.3422</dst>
      <dst id="5">3195.4400</dst>
      <dst id="3">25.3244</dst>
      <dst id="22">419.3156</dst>
      <dst id="7">403.8133</dst>
      <dst id="2">8844.9067</dst>
      <dst id="16">2065.0133</dst>
      <dst id="14">785.7067</dst>
      <dst id="20">1578.7822</dst>
      <dst id="11">42.9422</dst>
      <dst id="9">1674.0178</dst>
      <dst id="17">19438.8711</dst>
      <dst id="21">575.0311</dst>
      <dst id="15">72.0444</dst>
    </src>
    <src id="19">
      <dst id="12">31727.9556</dst>
      <dst id="13">789.9378</dst>
      <dst id="23">52.3911</dst>
      <dst id="8">3.2533</dst>
      <dst id="18">1.6089</dst>
      <dst id="4">221.6889</dst>
      <dst id="1">236.8089</dst>
      <dst id="5">31.7333</dst>
      <dst id="3">1.9822</dst>
      <dst id="10">110.6044</dst>
      <dst id="22">0.3556</dst>
      <dst id="7">271.1111</dst>
      <dst id="2">6898.6578</dst>
      <dst id="16">98.6400</dst>
      <dst id="14">16.3733</dst>
      <dst id="20">134.7822</dst>
      <dst id="11">25.9556</dst>
      <dst id="9">159.9733</dst>
      <dst id="17">4747.0311</dst>
      <dst id="21">316.1333</dst>
      <dst id="15">1.8489</dst>
    </src>
    <src id="23">
      <dst id="12">4034.5600</dst>
      <dst id="13">175.3689</dst>
      <dst id="19">38.8356</dst>
      <dst id="8">50.3822</dst>
      <dst id="18">24.1067</dst>
      <dst id="4">554.6933</dst>
      <dst id="1">130.4978</dst>
      <dst id="5">2.8444</dst>
      <dst id="10">49.0756</dst>
      <dst id="7">94.6578</dst>
      <dst id="2">17.1467</dst>
      <dst id="20">101.6622</dst>
      <dst id="11">43.8222</dst>
      <dst id="9">16.1156</dst>
      <dst id="17">590.7556</dst>
      <dst id="21">26164.4978</dst>
      <dst id="15">0.4356</dst>
    </src>
    <src id="8">
      <dst id="12">12544.2044</dst>
      <dst id="13">1553.1733</dst>
      <dst id="19">1.2444</dst>
      <dst id="23">27.4133</dst>
      <dst id="4">336.5422</dst>
      <dst id="1">1622.7111</dst>
      <dst id="5">1079.6444</dst>
      <dst id="3">222.5778</dst>
      <dst id="10">88.8444</dst>
      <dst id="2">71.7778</dst>
      <dst id="16">262918.4089</dst>
      <dst id="14">3.2178</dst>
      <dst id="11">4.0800</dst>
      <dst id="9">82335.8489</dst>
      <dst id="17">18484.8089</dst>
      <dst id="21">13.8222</dst>
      <dst id="15">31.7867</dst>
    </src>
    <src id="18">
      <dst id="12">125332.8089</dst>
      <dst id="13">160.1333</dst>
      <dst id="19">1.0044</dst>
      <dst id="8">12.6222</dst>
      <dst id="4">224.4000</dst>
      <dst id="1">9799.8578</dst>
      <dst id="5">202.9689</dst>
      <dst id="3">1377.6622</dst>
      <dst id="10">14.3911</dst>
      <dst id="22">73.1378</dst>
      <dst id="7">29.9289</dst>
      <dst id="2">2974.8533</dst>
      <dst id="16">186.2400</dst>
      <dst id="20">2.0978</dst>
      <dst id="11">1.4933</dst>
      <dst id="9">13156.4978</dst>
      <dst id="17">4529.2444</dst>
      <dst id="21">140.9778</dst>
      <dst id="15">2.3467</dst>
    </src>
    <src id="4">
      <dst id="12">18388.3022</dst>
      <dst id="13">3.5200</dst>
      <dst id="19">4453.1733</dst>
      <dst id="23">323.9378</dst>
      <dst id="8">1001.7689</dst>
      <dst id="18">735.6889</dst>
      <dst id="4">1973.6178</dst>
      <dst id="1">29362.9778</dst>
      <dst id="5">6119.2889</dst>
      <dst id="3">22.1956</dst>
      <dst id="7">31.9200</dst>
      <dst id="2">60887.4044</dst>
      <dst id="16">210191.2889</dst>
      <dst id="14">5009.7067</dst>
      <dst id="11">334.2044</dst>
      <dst id="9">14157.5378</dst>
      <dst id="17">61866.5422</dst>
      <dst id="21">22484.9600</dst>
      <dst id="15">955.0844</dst>
    </src>
    <src id="1">
      <dst id="12">200628.0889</dst>
      <dst id="13">2277.5378</dst>
      <dst id="19">338.7467</dst>
      <dst id="23">94.3467</dst>
      <dst id="8">47.2444</dst>
      <dst id="18">13812.2311</dst>
      <dst id="4">914.9422</dst>
      <dst id="1">1060790.6933</dst>
      <dst id="5">270.4444</dst>
      <dst id="3">10.4711</dst>
      <dst id="10">122.4267</dst>
      <dst id="7">5545.3867</dst>
      <dst id="2">27011.8044</dst>
      <dst id="16">140721.7422</dst>
      <dst id="14">2843.8044</dst>
      <dst id="20">8.6756</dst>
      <dst id="11">4313.0756</dst>
      <dst id="9">1215.0489</dst>
      <dst id="17">16228.7289</dst>
      <dst id="21">1234994.4356</dst>
      <dst id="15">122.6044</dst>
    </src>
    <src id="5">
      <dst id="12">26161.2089</dst>
      <dst id="13">3777.0756</dst>
      <dst id="19">4.9867</dst>
      <dst id="23">340.8000</dst>
      <dst id="8">2730.4444</dst>
      <dst id="18">72.3644</dst>
      <dst id="4">4114.1778</dst>
      <dst id="1">38297.8489</dst>
      <dst id="3">351.3333</dst>
      <dst id="10">183.9556</dst>
      <dst id="2">1602.0000</dst>
      <dst id="16">380261.3422</dst>
      <dst id="14">11.7333</dst>
      <dst id="11">2.2311</dst>
      <dst id="9">61929.0133</dst>
      <dst id="17">36147.9022</dst>
      <dst id="21">26.0978</dst>
      <dst id="15">73.8667</dst>
    </src>
    <src id="3">
      <dst id="12">716.8178</dst>
      <dst id="13">50930.1156</dst>
      <dst id="19">2931.7956</dst>
      <dst id="23">16.8178</dst>
      <dst id="8">16.4800</dst>
      <dst id="18">26.1689</dst>
      <dst id="4">683.1378</dst>
      <dst id="1">22416.0089</dst>
      <dst id="5">188.0178</dst>
      <dst id="3">166.9156</dst>
      <dst id="10">441.0578</dst>
      <dst id="7">30475.7422</dst>
      <dst id="2">1283.3778</dst>
      <dst id="16">41345.9911</dst>
      <dst id="14">137.6178</dst>
      <dst id="20">12.9422</dst>
      <dst id="11">219.9911</dst>
      <dst id="9">4186.2489</dst>
      <dst id="17">30399.0578</dst>
      <dst id="21">549.6356</dst>
      <dst id="15">4.1956</dst>
    </src>
    <src id="10">
      <dst id="12">11178.7378</dst>
      <dst id="13">46.1778</dst>
      <dst id="19">557.6178</dst>
      <dst id="23">286.0622</dst>
      <dst id="8">347.2978</dst>
      <dst id="18">991.8756</dst>
      <dst id="1">936.0622</dst>
      <dst id="5">2244.1778</dst>
      <dst id="3">60.6756</dst>
      <dst id="7">2.2489</dst>
      <dst id="2">26292.0800</dst>
      <dst id="16">23676.9956</dst>
      <dst id="14">4832.6222</dst>
      <dst id="20">1275.8311</dst>
      <dst id="11">3.5911</dst>
      <dst id="9">4566.8267</dst>
      <dst id="17">21287.0844</dst>
      <dst id="21">10508.7733</dst>
      <dst id="15">59.8400</dst>
    </src>
    <src id="22">
      <dst id="12">9639.0578</dst>
      <dst id="13">5603.9733</dst>
      <dst id="19">33.1467</dst>
      <dst id="23">3.7244</dst>
      <dst id="8">100.1956</dst>
      <dst id="18">286.8356</dst>
      <dst id="4">1085.9378</dst>
      <dst id="1">588.3644</dst>
      <dst id="5">949.6622</dst>
      <dst id="3">137.9911</dst>
      <dst id="10">1910.4178</dst>
      <dst id="7">88.3378</dst>
      <dst id="2">6515.4400</dst>
      <dst id="16">50.6044</dst>
      <dst id="14">30.3111</dst>
      <dst id="11">41.2089</dst>
      <dst id="9">4005.0578</dst>
      <dst id="17">3802.3556</dst>
      <dst id="21">1275.3689</dst>
    </src>
    <src id="7">
      <dst id="12">9135.7511</dst>
      <dst id="13">12055.5556</dst>
      <dst id="19">659.0933</dst>
      <dst id="23">198.7467</dst>
      <dst id="8">448.6044</dst>
      <dst id="18">57.3867</dst>
      <dst id="4">495.5022</dst>
      <dst id="1">1323.2089</dst>
      <dst id="5">552.4000</dst>
      <dst id="3">560.4800</dst>
      <dst id="10">149.1556</dst>
      <dst id="22">30.1689</dst>
      <dst id="7">25.3778</dst>
      <dst id="2">455.4222</dst>
      <dst id="16">138.9156</dst>
      <dst id="14">175.8933</dst>
      <dst id="20">64.7556</dst>
      <dst id="11">67.7067</dst>
      <dst id="9">457.2178</dst>
      <dst id="17">1787.8756</dst>
      <dst id="21">495.4933</dst>
      <dst id="15">15.9556</dst>
    </src>
    <src id="2">
      <dst id="12">105949.0311</dst>
      <dst id="13">18596.9422</dst>
      <dst id="19">816.1422</dst>
      <dst id="8">1810.6311</dst>
      <dst id="18">26937.5733</dst>
      <dst id="4">5544.5067</dst>
      <dst id="1">27041.8044</dst>
      <dst id="5">661.5022</dst>
      <dst id="3">60.9333</dst>
      <dst id="10">1719.5378</dst>
      <dst id="22">111.4578</dst>
      <dst id="7">2706.0889</dst>
      <dst id="2">2920.6578</dst>
      <dst id="16">179.2711</dst>
      <dst id="14">371.5644</dst>
      <dst id="20">14326.9422</dst>
      <dst id="11">335.3956</dst>
      <dst id="9">2897.1911</dst>
      <dst id="17">246870.2578</dst>
      <dst id="21">696.2222</dst>
      <dst id="15">34.8711</dst>
    </src>
    <src id="6">
      <dst id="12">704.8356</dst>
      <dst id="13">70.0356</dst>
      <dst id="19">1.5378</dst>
      <dst id="18">0.4267</dst>
      <dst id="4">0.4622</dst>
      <dst id="1">2928.6133</dst>
      <dst id="5">2.2578</dst>
      <dst id="3">3.8844</dst>
      <dst id="22">6.5778</dst>
      <dst id="7">14.9067</dst>
      <dst id="2">292.2489</dst>
      <dst id="16">8.5689</dst>
      <dst id="20">14.8978</dst>
      <dst id="11">12.8889</dst>
      <dst id="9">1414.6311</dst>
      <dst id="17">32357.6978</dst>
      <dst id="21">13.1822</dst>
      <dst id="15">0.3378</dst>
    </src>
    <src id="16">
      <dst id="12">124698.1778</dst>
      <dst id="13">869.3778</dst>
      <dst id="19">4661.9022</dst>
      <dst id="23">63.5378</dst>
      <dst id="8">96303.3956</dst>
      <dst id="18">13.6267</dst>
      <dst id="4">311.9022</dst>
      <dst id="1">19604.6044</dst>
      <dst id="5">290696.5067</dst>
      <dst id="3">2574.0533</dst>
      <dst id="10">29.1467</dst>
      <dst id="2">1323.3956</dst>
      <dst id="16">30671.8311</dst>
      <dst id="14">62779.3333</dst>
      <dst id="11">18249.2356</dst>
      <dst id="9">176944.5156</dst>
      <dst id="17">4565.7867</dst>
      <dst id="21">2.8533</dst>
    </src>
    <src id="14">
      <dst id="12">306.0356</dst>
      <dst id="13">301.1200</dst>
      <dst id="19">227.2889</dst>
      <dst id="8">0.4267</dst>
      <dst id="4">94.8089</dst>
      <dst id="1">2246.8800</dst>
      <dst id="5">3.8133</dst>
      <dst id="3">1080.5600</dst>
      <dst id="10">421.6711</dst>
      <dst id="7">24.0711</dst>
      <dst id="2">99.2356</dst>
      <dst id="16">2288.3378</dst>
      <dst id="11">26.6667</dst>
      <dst id="9">1548.0533</dst>
      <dst id="17">37380.1244</dst>
      <dst id="21">80.8444</dst>
      <dst id="15">0.3556</dst>
    </src>
    <src id="20">
      <dst id="12">290.0711</dst>
      <dst id="13">5183.5467</dst>
      <dst id="19">3587.9556</dst>
      <dst id="8">54.1511</dst>
      <dst id="18">253.8133</dst>
      <dst id="4">187.7511</dst>
      <dst id="1">140.8444</dst>
      <dst id="5">4101.9556</dst>
      <dst id="10">14.3733</dst>
      <dst id="7">46.7200</dst>
      <dst id="2">55.3600</dst>
      <dst id="16">8745.4489</dst>
      <dst id="14">38.5156</dst>
      <dst id="20">46.1422</dst>
      <dst id="11">13.7067</dst>
      <dst id="9">7066.7467</dst>
      <dst id="17">1274.2133</dst>
      <dst id="21">71.1378</dst>
    </src>
    <src id="11">
      <dst id="12">26580.9156</dst>
      <dst id="13">2770.4533</dst>
      <dst id="19">2274.9422</dst>
      <dst id="23">5.5289</dst>
      <dst id="8">124.3822</dst>
      <dst id="18">207.6622</dst>
      <dst id="4">652.7644</dst>
      <dst id="1">54786.2756</dst>
      <dst id="5">990.8889</dst>
      <dst id="3">1041.2711</dst>
      <dst id="10">397.9556</dst>
      <dst id="2">4856.4356</dst>
      <dst id="16">28377.8756</dst>
      <dst id="14">60.5067</dst>
      <dst id="20">34.5333</dst>
      <dst id="11">1067.3689</dst>
      <dst id="9">59200.9689</dst>
      <dst id="17">605154.8267</dst>
      <dst id="21">389.0933</dst>
      <dst id="15">5.7511</dst>
    </src>
    <src id="9">
      <dst id="12">19543.9644</dst>
      <dst id="13">2618.9156</dst>
      <dst id="19">10.4444</dst>
      <dst id="23">3.6978</dst>
      <dst id="8">106970.1156</dst>
      <dst id="18">48.6933</dst>
      <dst id="4">1909.7244</dst>
      <dst id="1">4247.3867</dst>
      <dst id="5">1078.6578</dst>
      <dst id="3">853.1822</dst>
      <dst id="10">378.2578</dst>
      <dst id="2">999.2800</dst>
      <dst id="16">465365.7244</dst>
      <dst id="14">13.3333</dst>
      <dst id="11">53.4578</dst>
      <dst id="9">267045.6089</dst>
      <dst id="17">39603.1467</dst>
      <dst id="21">2.7289</dst>
      <dst id="15">90.9867</dst>
    </src>
    <src id="17">
      <dst id="12">92590.4178</dst>
      <dst id="13">54804.5956</dst>
      <dst id="19">2740.2222</dst>
      <dst id="23">94.5600</dst>
      <dst id="8">1567.6000</dst>
      <dst id="18">133.2978</dst>
      <dst id="4">3673.1556</dst>
      <dst id="1">1738.2044</dst>
      <dst id="5">233131.4578</dst>
      <dst id="3">9086.8711</dst>
      <dst id="10">3237.4133</dst>
      <dst id="7">1752.6311</dst>
      <dst id="2">9186.4800</dst>
      <dst id="16">48412.2222</dst>
      <dst id="14">24145.6178</dst>
      <dst id="20">568.6933</dst>
      <dst id="11">15069.8756</dst>
      <dst id="9">3765.4489</dst>
      <dst id="17">8800.3556</dst>
      <dst id="21">1836.9956</dst>
      <dst id="15">139.4844</dst>
    </src>
    <src id="21">
      <dst id="12">1041.4933</dst>
      <dst id="13">5710.7289</dst>
      <dst id="19">254.5778</dst>
      <dst id="23">355.2889</dst>
      <dst id="8">5.0311</dst>
      <dst id="18">142.8178</dst>
      <dst id="4">1102.0533</dst>
      <dst id="1">31510.4800</dst>
      <dst id="5">569.8933</dst>
      <dst id="3">2264.9156</dst>
      <dst id="10">239.4044</dst>
      <dst id="7">404.4622</dst>
      <dst id="2">1194.7733</dst>
      <dst id="16">8592.1067</dst>
      <dst id="14">93.9822</dst>
      <dst id="20">71.8578</dst>
      <dst id="11">154.6844</dst>
      <dst id="9">4298.7378</dst>
      <dst id="17">33160.3556</dst>
      <dst id="21">290.0444</dst>
      <dst id="15">55.2178</dst>
    </src>
    <src id="15">
      <dst id="12">43.9022</dst>
      <dst id="13">73.9111</dst>
      <dst id="19">1.1467</dst>
      <dst id="8">75.8578</dst>
      <dst id="18">0.5067</dst>
      <dst id="4">151.5467</dst>
      <dst id="1">30.8622</dst>
      <dst id="5">303.6978</dst>
      <dst id="10">113.6622</dst>
      <dst id="2">49.1911</dst>
      <dst id="16">339.9378</dst>
      <dst id="14">11.1289</dst>
      <dst id="11">1.4933</dst>
      <dst id="9">605.6089</dst>
      <dst id="17">296.7911</dst>
      <dst id="21">0.9156</dst>
    </src>
  </IntraTM>
</TrafficMatrixFile>
