<?xml version="1.0" encoding="UTF-8" standalone="yes"?>
<TrafficMatrixFile xmlns:xsi="http://www.w3.org/2001/XMLSchema-instance" xsi:noNamespaceSchemaLocation="http://totem.run.montefiore.ulg.ac.be/Schema/TrafficMatrix-v1_2.xsd">
  <info>
    <title>Intradomain traffic matrix generated by geant-TM-all.pl</title>
    <date>2005-03-12T03:45:00</date>
    <duration>900</duration>
    <author>Steve Uhlig</author>
    <units>
        <unit type="bandwidth" value="kbps"/>
    </units>
  </info>
  <IntraTM ASID="20965">
    <src id="12">
      <dst id="12">284882.5689</dst>
      <dst id="13">40047.9733</dst>
      <dst id="19">466.7111</dst>
      <dst id="23">7997.7511</dst>
      <dst id="8">9069.9111</dst>
      <dst id="18">150215.5111</dst>
      <dst id="4">15447.5467</dst>
      <dst id="1">23215.0933</dst>
      <dst id="5">2906.7556</dst>
      <dst id="3">160.5067</dst>
      <dst id="10">4284.7733</dst>
      <dst id="22">25768.0444</dst>
      <dst id="7">12299.8578</dst>
      <dst id="2">59093.6622</dst>
      <dst id="6">28587.8222</dst>
      <dst id="16">677.1467</dst>
      <dst id="14">833.6711</dst>
      <dst id="20">6148.1511</dst>
      <dst id="11">315.3156</dst>
      <dst id="9">2560.5867</dst>
      <dst id="17">120844.4000</dst>
      <dst id="21">12065.3778</dst>
      <dst id="15">1908.2667</dst>
    </src>
    <src id="13">
      <dst id="12">47700.0533</dst>
      <dst id="19">5311.4756</dst>
      <dst id="23">2131.7867</dst>
      <dst id="8">2682.7111</dst>
      <dst id="18">4192.0711</dst>
      <dst id="1">14248.9422</dst>
      <dst id="5">5204.5689</dst>
      <dst id="3">559.8844</dst>
      <dst id="10">0.4622</dst>
      <dst id="22">6747.2889</dst>
      <dst id="7">14065.7156</dst>
      <dst id="2">41847.2622</dst>
      <dst id="6">338.1333</dst>
      <dst id="16">98.5422</dst>
      <dst id="14">3788.3378</dst>
      <dst id="20">4371.5200</dst>
      <dst id="11">262.3289</dst>
      <dst id="9">4527.1556</dst>
      <dst id="17">97759.3244</dst>
      <dst id="21">10506.9511</dst>
      <dst id="15">1463.4133</dst>
    </src>
    <src id="19">
      <dst id="12">9582.5867</dst>
      <dst id="13">390.5778</dst>
      <dst id="23">126.4889</dst>
      <dst id="8">16.1067</dst>
      <dst id="18">125.7778</dst>
      <dst id="4">2556.4889</dst>
      <dst id="1">354.7733</dst>
      <dst id="5">170.4889</dst>
      <dst id="10">507.0933</dst>
      <dst id="22">72.8089</dst>
      <dst id="7">9652.4356</dst>
      <dst id="2">853.7867</dst>
      <dst id="6">131.0311</dst>
      <dst id="14">118.6844</dst>
      <dst id="20">2221.2978</dst>
      <dst id="11">17.5289</dst>
      <dst id="9">11.4044</dst>
      <dst id="17">3930.9244</dst>
      <dst id="21">481.1378</dst>
    </src>
    <src id="23">
      <dst id="12">13971.1822</dst>
      <dst id="13">166.3022</dst>
      <dst id="19">1.4222</dst>
      <dst id="8">0.3556</dst>
      <dst id="18">16.3733</dst>
      <dst id="4">1128.1067</dst>
      <dst id="1">122.4711</dst>
      <dst id="5">0.7111</dst>
      <dst id="10">4328.8711</dst>
      <dst id="22">113.2711</dst>
      <dst id="7">517.7156</dst>
      <dst id="2">2236.0800</dst>
      <dst id="16">121.5822</dst>
      <dst id="14">18.0978</dst>
      <dst id="20">80.0000</dst>
      <dst id="9">57.5733</dst>
      <dst id="17">35178.8711</dst>
      <dst id="21">678.0267</dst>
      <dst id="15">13.6711</dst>
    </src>
    <src id="8">
      <dst id="12">18668.7467</dst>
      <dst id="13">420.8978</dst>
      <dst id="19">1.5378</dst>
      <dst id="23">26.6667</dst>
      <dst id="18">292.2667</dst>
      <dst id="4">448.1156</dst>
      <dst id="1">2021.3778</dst>
      <dst id="5">1666.7644</dst>
      <dst id="3">0.4622</dst>
      <dst id="10">181.5733</dst>
      <dst id="7">61.5467</dst>
      <dst id="2">616.7733</dst>
      <dst id="16">109397.6267</dst>
      <dst id="11">27.5289</dst>
      <dst id="9">130179.1378</dst>
      <dst id="17">242454.2044</dst>
      <dst id="21">88.1778</dst>
      <dst id="15">22.3200</dst>
    </src>
    <src id="18">
      <dst id="12">126082.8178</dst>
      <dst id="13">662.3289</dst>
      <dst id="19">5.3156</dst>
      <dst id="23">3.5111</dst>
      <dst id="8">36.7022</dst>
      <dst id="4">4763.6533</dst>
      <dst id="1">10942.0444</dst>
      <dst id="5">146.8000</dst>
      <dst id="3">231.8667</dst>
      <dst id="10">32.9156</dst>
      <dst id="22">412.7911</dst>
      <dst id="7">24.9600</dst>
      <dst id="2">24647.6356</dst>
      <dst id="6">1.1733</dst>
      <dst id="16">1589.5733</dst>
      <dst id="14">5.2444</dst>
      <dst id="20">233.2889</dst>
      <dst id="11">9.7422</dst>
      <dst id="9">487.8933</dst>
      <dst id="17">40365.4222</dst>
      <dst id="21">853.8844</dst>
    </src>
    <src id="4">
      <dst id="12">16420.8444</dst>
      <dst id="19">1782.6756</dst>
      <dst id="23">288.8000</dst>
      <dst id="8">855.6444</dst>
      <dst id="18">683.6178</dst>
      <dst id="4">455.2444</dst>
      <dst id="1">35342.5422</dst>
      <dst id="5">2909.6356</dst>
      <dst id="3">2788.6044</dst>
      <dst id="7">42523.4489</dst>
      <dst id="2">41345.4222</dst>
      <dst id="6">82.5244</dst>
      <dst id="16">3243.3867</dst>
      <dst id="14">4802.7556</dst>
      <dst id="11">142.7556</dst>
      <dst id="9">7599.8489</dst>
      <dst id="17">23644.7644</dst>
      <dst id="21">6960.1422</dst>
      <dst id="15">862.7378</dst>
    </src>
    <src id="1">
      <dst id="12">539010.8889</dst>
      <dst id="13">1702.5956</dst>
      <dst id="19">313.0400</dst>
      <dst id="23">63.1378</dst>
      <dst id="8">15.7422</dst>
      <dst id="18">15372.1956</dst>
      <dst id="4">714045.3067</dst>
      <dst id="1">240853.1289</dst>
      <dst id="5">966.8533</dst>
      <dst id="3">1178.3822</dst>
      <dst id="10">1071.9378</dst>
      <dst id="7">327202.7200</dst>
      <dst id="2">185926.6311</dst>
      <dst id="6">12.6222</dst>
      <dst id="16">7413.0844</dst>
      <dst id="14">200.1333</dst>
      <dst id="20">391.1556</dst>
      <dst id="11">60.8889</dst>
      <dst id="9">2356.1956</dst>
      <dst id="17">599214.0356</dst>
      <dst id="21">566038.2400</dst>
      <dst id="15">178.9422</dst>
    </src>
    <src id="5">
      <dst id="12">14927.3422</dst>
      <dst id="13">2013.3244</dst>
      <dst id="19">74.2133</dst>
      <dst id="23">5.0311</dst>
      <dst id="8">673.7778</dst>
      <dst id="18">508.3022</dst>
      <dst id="4">1728.9511</dst>
      <dst id="1">31000.8267</dst>
      <dst id="3">243.0933</dst>
      <dst id="10">106.2489</dst>
      <dst id="7">196.8800</dst>
      <dst id="2">2029.5822</dst>
      <dst id="16">147184.7911</dst>
      <dst id="14">0.4800</dst>
      <dst id="11">33.8489</dst>
      <dst id="9">72130.6311</dst>
      <dst id="17">224440.4178</dst>
      <dst id="21">26.4178</dst>
      <dst id="15">119.6444</dst>
    </src>
    <src id="3">
      <dst id="12">12368.9244</dst>
      <dst id="13">575.8400</dst>
      <dst id="19">707.4844</dst>
      <dst id="23">70.8000</dst>
      <dst id="8">241.7867</dst>
      <dst id="18">1381.1733</dst>
      <dst id="4">52184.5778</dst>
      <dst id="1">16241.8222</dst>
      <dst id="5">266.8356</dst>
      <dst id="3">8.2756</dst>
      <dst id="10">1637.3156</dst>
      <dst id="7">52665.8489</dst>
      <dst id="2">7811.6889</dst>
      <dst id="6">3.7867</dst>
      <dst id="16">1774.6133</dst>
      <dst id="14">91.9733</dst>
      <dst id="20">22.6667</dst>
      <dst id="11">234.3378</dst>
      <dst id="9">1041.3778</dst>
      <dst id="17">36488.4622</dst>
      <dst id="21">14944.0178</dst>
      <dst id="15">29.0578</dst>
    </src>
    <src id="10">
      <dst id="12">12189.5378</dst>
      <dst id="19">3175.8133</dst>
      <dst id="23">2179.0222</dst>
      <dst id="8">970.1511</dst>
      <dst id="18">3196.0089</dst>
      <dst id="1">2552.8533</dst>
      <dst id="5">478.1867</dst>
      <dst id="3">1183.3600</dst>
      <dst id="7">18656.8178</dst>
      <dst id="2">19448.2489</dst>
      <dst id="6">53.6356</dst>
      <dst id="16">3608.5244</dst>
      <dst id="14">974.3467</dst>
      <dst id="20">466.0444</dst>
      <dst id="11">69.4756</dst>
      <dst id="9">12354.7911</dst>
      <dst id="17">46218.1689</dst>
      <dst id="21">12925.4844</dst>
      <dst id="15">833.1378</dst>
    </src>
    <src id="22">
      <dst id="12">10853.5467</dst>
      <dst id="13">1453.6800</dst>
      <dst id="19">151.7689</dst>
      <dst id="23">15.7956</dst>
      <dst id="8">427.8933</dst>
      <dst id="18">353.5644</dst>
      <dst id="4">5192.7467</dst>
      <dst id="1">186.3644</dst>
      <dst id="5">2264.5867</dst>
      <dst id="3">162.1156</dst>
      <dst id="10">2046.0356</dst>
      <dst id="7">561.7600</dst>
      <dst id="2">4631.9378</dst>
      <dst id="6">3.2267</dst>
      <dst id="14">56.2756</dst>
      <dst id="11">49.1467</dst>
      <dst id="9">925.1467</dst>
      <dst id="17">5297.9022</dst>
      <dst id="21">481.5111</dst>
    </src>
    <src id="7">
      <dst id="12">12223.5289</dst>
      <dst id="13">700.0800</dst>
      <dst id="19">269.3156</dst>
      <dst id="23">225.1644</dst>
      <dst id="8">200.8444</dst>
      <dst id="18">259.4756</dst>
      <dst id="4">21895.1111</dst>
      <dst id="1">23863.7956</dst>
      <dst id="5">1536.9511</dst>
      <dst id="3">5962.7200</dst>
      <dst id="10">2957.9733</dst>
      <dst id="22">1815.8578</dst>
      <dst id="7">941.9022</dst>
      <dst id="2">17188.7822</dst>
      <dst id="6">47.1467</dst>
      <dst id="16">1.3867</dst>
      <dst id="14">216.0622</dst>
      <dst id="20">1159.5644</dst>
      <dst id="11">802.6844</dst>
      <dst id="9">981.1911</dst>
      <dst id="17">9105.2356</dst>
      <dst id="21">6707.6533</dst>
      <dst id="15">168.3022</dst>
    </src>
    <src id="2">
      <dst id="12">103510.1867</dst>
      <dst id="13">7797.2978</dst>
      <dst id="19">328.9778</dst>
      <dst id="23">1.5289</dst>
      <dst id="8">697.0489</dst>
      <dst id="18">80078.6133</dst>
      <dst id="4">21715.1111</dst>
      <dst id="1">25000.0267</dst>
      <dst id="5">639.9467</dst>
      <dst id="3">1425.9467</dst>
      <dst id="10">10868.3289</dst>
      <dst id="22">2665.2622</dst>
      <dst id="7">18819.3956</dst>
      <dst id="2">2789.8844</dst>
      <dst id="6">14358.0356</dst>
      <dst id="16">2.3289</dst>
      <dst id="14">216.7289</dst>
      <dst id="20">2752.7378</dst>
      <dst id="11">196.0089</dst>
      <dst id="9">598.6222</dst>
      <dst id="17">67810.5244</dst>
      <dst id="21">15433.2889</dst>
      <dst id="15">378.5600</dst>
    </src>
    <src id="6">
      <dst id="12">2173.7511</dst>
      <dst id="13">39.5556</dst>
      <dst id="19">28.4444</dst>
      <dst id="18">34.4000</dst>
      <dst id="4">3.9467</dst>
      <dst id="1">2371.0756</dst>
      <dst id="5">6.2933</dst>
      <dst id="10">86.6756</dst>
      <dst id="22">47.1111</dst>
      <dst id="7">8.8089</dst>
      <dst id="2">1704.7022</dst>
      <dst id="16">19.3422</dst>
      <dst id="20">2.2044</dst>
      <dst id="9">116.0178</dst>
      <dst id="17">18612.3467</dst>
      <dst id="21">2.0444</dst>
    </src>
    <src id="16">
      <dst id="12">201311.4044</dst>
      <dst id="13">4117.2356</dst>
      <dst id="19">4385.8489</dst>
      <dst id="23">2.3467</dst>
      <dst id="8">144032.9333</dst>
      <dst id="18">66.9867</dst>
      <dst id="4">1717.4933</dst>
      <dst id="1">14467.7244</dst>
      <dst id="5">250210.7733</dst>
      <dst id="3">9676.6933</dst>
      <dst id="10">197.3156</dst>
      <dst id="7">184.1956</dst>
      <dst id="2">1075.5022</dst>
      <dst id="6">0.7111</dst>
      <dst id="16">1763.2533</dst>
      <dst id="14">49088.8889</dst>
      <dst id="11">24459.6711</dst>
      <dst id="9">231191.1467</dst>
      <dst id="17">27101.6622</dst>
    </src>
    <src id="14">
      <dst id="12">4866.1067</dst>
      <dst id="13">14.1333</dst>
      <dst id="19">113.8133</dst>
      <dst id="23">12.9778</dst>
      <dst id="18">11.9111</dst>
      <dst id="4">642.8889</dst>
      <dst id="1">3485.3511</dst>
      <dst id="5">0.3556</dst>
      <dst id="3">383.4756</dst>
      <dst id="10">173.6711</dst>
      <dst id="7">151.0311</dst>
      <dst id="2">1262.7822</dst>
      <dst id="16">990.9422</dst>
      <dst id="20">1.8222</dst>
      <dst id="11">13.3333</dst>
      <dst id="9">235.6978</dst>
      <dst id="17">30662.7467</dst>
      <dst id="21">69.2533</dst>
      <dst id="15">1.7867</dst>
    </src>
    <src id="20">
      <dst id="12">6596.6933</dst>
      <dst id="13">7199.2533</dst>
      <dst id="19">448.3289</dst>
      <dst id="23">1.2800</dst>
      <dst id="8">72.3733</dst>
      <dst id="18">232.9600</dst>
      <dst id="4">6237.3778</dst>
      <dst id="1">91.1644</dst>
      <dst id="5">502.0711</dst>
      <dst id="3">41.8133</dst>
      <dst id="10">78.6044</dst>
      <dst id="7">1262.4178</dst>
      <dst id="2">3986.5689</dst>
      <dst id="6">0.7111</dst>
      <dst id="14">13.3333</dst>
      <dst id="20">35.7511</dst>
      <dst id="11">0.5867</dst>
      <dst id="9">1086.3111</dst>
      <dst id="17">4890.7556</dst>
      <dst id="21">110.4889</dst>
    </src>
    <src id="11">
      <dst id="12">53289.0489</dst>
      <dst id="13">2158.9956</dst>
      <dst id="19">955.3600</dst>
      <dst id="23">0.9244</dst>
      <dst id="8">254.3733</dst>
      <dst id="18">782.0622</dst>
      <dst id="4">4524.5422</dst>
      <dst id="1">50993.5467</dst>
      <dst id="5">1026.7733</dst>
      <dst id="3">207.4044</dst>
      <dst id="10">919.2000</dst>
      <dst id="7">1432.8978</dst>
      <dst id="2">81127.3511</dst>
      <dst id="6">19.4044</dst>
      <dst id="16">32384.2489</dst>
      <dst id="14">194.5333</dst>
      <dst id="20">1249.1289</dst>
      <dst id="11">1436.7822</dst>
      <dst id="9">9211.6089</dst>
      <dst id="17">698719.5289</dst>
      <dst id="21">604.8978</dst>
      <dst id="15">445.5556</dst>
    </src>
    <src id="9">
      <dst id="12">23624.4711</dst>
      <dst id="13">352.7200</dst>
      <dst id="19">27.0844</dst>
      <dst id="23">3.5378</dst>
      <dst id="8">135223.4933</dst>
      <dst id="18">32.3556</dst>
      <dst id="4">394.0533</dst>
      <dst id="1">7628.7644</dst>
      <dst id="5">8552.8356</dst>
      <dst id="3">17.3689</dst>
      <dst id="10">345.7422</dst>
      <dst id="7">841.5733</dst>
      <dst id="2">1139.7689</dst>
      <dst id="16">148650.1244</dst>
      <dst id="14">13.7956</dst>
      <dst id="11">45.1289</dst>
      <dst id="9">317801.0933</dst>
      <dst id="17">332529.5022</dst>
      <dst id="21">63.2178</dst>
      <dst id="15">187.5111</dst>
    </src>
    <src id="17">
      <dst id="12">200717.0667</dst>
      <dst id="13">2576.7289</dst>
      <dst id="19">546.3822</dst>
      <dst id="23">175.5378</dst>
      <dst id="8">750.9067</dst>
      <dst id="18">1905.0756</dst>
      <dst id="4">19968.5778</dst>
      <dst id="1">10700.4978</dst>
      <dst id="5">190969.0222</dst>
      <dst id="3">8307.6356</dst>
      <dst id="10">4073.0933</dst>
      <dst id="7">4392.7289</dst>
      <dst id="2">16956.7556</dst>
      <dst id="6">122.4978</dst>
      <dst id="16">4111.2978</dst>
      <dst id="14">24149.7156</dst>
      <dst id="20">16442.5689</dst>
      <dst id="11">17909.1911</dst>
      <dst id="9">4749.0222</dst>
      <dst id="17">28439.5289</dst>
      <dst id="21">4590.3644</dst>
      <dst id="15">1592.4622</dst>
    </src>
    <src id="21">
      <dst id="12">12643.8667</dst>
      <dst id="13">1001.1289</dst>
      <dst id="19">1908.8444</dst>
      <dst id="23">32.4622</dst>
      <dst id="8">276.4711</dst>
      <dst id="18">4746.1867</dst>
      <dst id="4">7693.5467</dst>
      <dst id="1">16693.7333</dst>
      <dst id="5">1014.9867</dst>
      <dst id="3">2984.3822</dst>
      <dst id="10">2123.7511</dst>
      <dst id="7">927.6444</dst>
      <dst id="2">5611.4044</dst>
      <dst id="6">5.7778</dst>
      <dst id="16">1451.0311</dst>
      <dst id="14">347.5467</dst>
      <dst id="20">123.1200</dst>
      <dst id="11">212.0178</dst>
      <dst id="9">2186.8000</dst>
      <dst id="17">27471.5911</dst>
      <dst id="21">5097.3244</dst>
      <dst id="15">327.1200</dst>
    </src>
    <src id="15">
      <dst id="12">588.8178</dst>
      <dst id="13">72.5067</dst>
      <dst id="19">0.4800</dst>
      <dst id="23">0.3378</dst>
      <dst id="8">29.0044</dst>
      <dst id="18">1.8844</dst>
      <dst id="4">352.1778</dst>
      <dst id="1">339.7422</dst>
      <dst id="5">231.9289</dst>
      <dst id="10">46.0000</dst>
      <dst id="7">20.3467</dst>
      <dst id="2">2635.2444</dst>
      <dst id="6">0.8533</dst>
      <dst id="16">1.3422</dst>
      <dst id="9">1168.2133</dst>
      <dst id="17">5759.3156</dst>
    </src>
  </IntraTM>
</TrafficMatrixFile>
