<?xml version="1.0" encoding="UTF-8" standalone="yes"?>
<TrafficMatrixFile xmlns:xsi="http://www.w3.org/2001/XMLSchema-instance" xsi:noNamespaceSchemaLocation="http://totem.run.montefiore.ulg.ac.be/Schema/TrafficMatrix-v1_2.xsd">
  <info>
    <title>Intradomain traffic matrix generated by geant-TM-all.pl</title>
    <date>2005-03-24T16:45:00</date>
    <duration>900</duration>
    <author>Steve Uhlig</author>
    <units>
        <unit type="bandwidth" value="kbps"/>
    </units>
  </info>
  <IntraTM ASID="20965">
    <src id="12">
      <dst id="12">367291.8844</dst>
      <dst id="13">20670.8622</dst>
      <dst id="19">3011.4133</dst>
      <dst id="23">2537.3422</dst>
      <dst id="8">184.3111</dst>
      <dst id="18">56324.1511</dst>
      <dst id="4">5153.6267</dst>
      <dst id="1">37171.1644</dst>
      <dst id="5">1735.6533</dst>
      <dst id="3">539.7422</dst>
      <dst id="10">1607.7689</dst>
      <dst id="22">3486.3644</dst>
      <dst id="7">3842.3289</dst>
      <dst id="2">22523.2178</dst>
      <dst id="6">23086.1956</dst>
      <dst id="16">10288.9689</dst>
      <dst id="14">273.4044</dst>
      <dst id="20">5951.2267</dst>
      <dst id="11">290.7556</dst>
      <dst id="9">4747.8400</dst>
      <dst id="17">37113.2178</dst>
      <dst id="21">1843.3422</dst>
      <dst id="15">117.0311</dst>
    </src>
    <src id="13">
      <dst id="12">20435.6444</dst>
      <dst id="13">152.8356</dst>
      <dst id="19">3634.4622</dst>
      <dst id="23">95.7600</dst>
      <dst id="8">208.5333</dst>
      <dst id="18">6.1333</dst>
      <dst id="4">0.3556</dst>
      <dst id="1">536.0444</dst>
      <dst id="5">2230.0178</dst>
      <dst id="3">384.0000</dst>
      <dst id="10">14.3822</dst>
      <dst id="22">853.9111</dst>
      <dst id="7">1229.3778</dst>
      <dst id="2">751.1200</dst>
      <dst id="6">97.9289</dst>
      <dst id="16">955.8044</dst>
      <dst id="14">40.5156</dst>
      <dst id="20">1480.3378</dst>
      <dst id="11">55.8844</dst>
      <dst id="9">1520.2044</dst>
      <dst id="17">8905.8844</dst>
      <dst id="21">1760.1956</dst>
      <dst id="15">192.2844</dst>
    </src>
    <src id="19">
      <dst id="12">21813.5289</dst>
      <dst id="13">1332.9600</dst>
      <dst id="23">2.0267</dst>
      <dst id="8">1.5822</dst>
      <dst id="18">19.4133</dst>
      <dst id="4">92.6044</dst>
      <dst id="1">2862.4622</dst>
      <dst id="5">0.6489</dst>
      <dst id="3">65.7333</dst>
      <dst id="10">154.5689</dst>
      <dst id="22">120.3467</dst>
      <dst id="7">3929.9911</dst>
      <dst id="2">1901.1111</dst>
      <dst id="6">997.8311</dst>
      <dst id="16">1163.2000</dst>
      <dst id="14">74.5689</dst>
      <dst id="20">163.1822</dst>
      <dst id="11">40.4622</dst>
      <dst id="9">32.5778</dst>
      <dst id="17">3928.9956</dst>
      <dst id="21">116.4889</dst>
    </src>
    <src id="23">
      <dst id="12">9473.9911</dst>
      <dst id="13">857.5378</dst>
      <dst id="19">89.4222</dst>
      <dst id="18">0.7111</dst>
      <dst id="4">147.2800</dst>
      <dst id="1">142.1867</dst>
      <dst id="5">147.8400</dst>
      <dst id="10">161.1467</dst>
      <dst id="22">333.4756</dst>
      <dst id="7">150.2756</dst>
      <dst id="2">429.5378</dst>
      <dst id="16">13.3333</dst>
      <dst id="14">37.6889</dst>
      <dst id="20">2.7644</dst>
      <dst id="11">48.8089</dst>
      <dst id="9">152.8622</dst>
      <dst id="17">3030.1956</dst>
      <dst id="21">511.0044</dst>
      <dst id="15">69.3689</dst>
    </src>
    <src id="8">
      <dst id="12">3716.4533</dst>
      <dst id="13">1115.8667</dst>
      <dst id="19">1.4044</dst>
      <dst id="18">43.9378</dst>
      <dst id="4">134.3733</dst>
      <dst id="1">2160.2400</dst>
      <dst id="5">439.1556</dst>
      <dst id="10">64.0711</dst>
      <dst id="7">2.4178</dst>
      <dst id="2">33.8933</dst>
      <dst id="6">14.1067</dst>
      <dst id="16">205880.2667</dst>
      <dst id="11">14.3822</dst>
      <dst id="9">56015.6444</dst>
      <dst id="17">24690.4533</dst>
      <dst id="21">1.5644</dst>
      <dst id="15">93.3333</dst>
    </src>
    <src id="18">
      <dst id="12">129547.6178</dst>
      <dst id="13">253.8133</dst>
      <dst id="19">228.6933</dst>
      <dst id="8">96.2844</dst>
      <dst id="4">59.5467</dst>
      <dst id="1">737.8133</dst>
      <dst id="5">189.9644</dst>
      <dst id="3">3173.4311</dst>
      <dst id="10">51.0044</dst>
      <dst id="22">656.3378</dst>
      <dst id="7">149.6533</dst>
      <dst id="2">10104.7111</dst>
      <dst id="6">3.0489</dst>
      <dst id="16">327.1022</dst>
      <dst id="14">46.2222</dst>
      <dst id="20">13.1111</dst>
      <dst id="11">13.8667</dst>
      <dst id="9">498.4089</dst>
      <dst id="17">6353.6622</dst>
      <dst id="21">270.3733</dst>
      <dst id="15">38.9067</dst>
    </src>
    <src id="4">
      <dst id="12">30657.3333</dst>
      <dst id="13">148.1689</dst>
      <dst id="19">8117.1200</dst>
      <dst id="23">153.1022</dst>
      <dst id="8">1675.0400</dst>
      <dst id="18">2261.3778</dst>
      <dst id="4">117.1556</dst>
      <dst id="1">46626.6667</dst>
      <dst id="5">5796.9422</dst>
      <dst id="3">133.5022</dst>
      <dst id="22">78.7200</dst>
      <dst id="7">471.8578</dst>
      <dst id="2">186954.7822</dst>
      <dst id="6">309.9911</dst>
      <dst id="16">59203.8756</dst>
      <dst id="14">6102.7289</dst>
      <dst id="11">826.2933</dst>
      <dst id="9">22418.7200</dst>
      <dst id="17">112282.6667</dst>
      <dst id="21">8902.0444</dst>
      <dst id="15">2252.1156</dst>
    </src>
    <src id="1">
      <dst id="12">425547.6978</dst>
      <dst id="13">2421.2800</dst>
      <dst id="19">1190.7378</dst>
      <dst id="23">117.9911</dst>
      <dst id="8">265.9556</dst>
      <dst id="18">13369.0933</dst>
      <dst id="4">675.0578</dst>
      <dst id="1">633185.4133</dst>
      <dst id="5">3162.8800</dst>
      <dst id="3">1160.8622</dst>
      <dst id="10">1075.1556</dst>
      <dst id="7">488516.8267</dst>
      <dst id="2">49487.6800</dst>
      <dst id="6">7.4844</dst>
      <dst id="16">878233.9022</dst>
      <dst id="14">258.8267</dst>
      <dst id="20">281.4133</dst>
      <dst id="11">658.0978</dst>
      <dst id="9">1619.0933</dst>
      <dst id="17">426489.0311</dst>
      <dst id="21">62385.0133</dst>
      <dst id="15">220.1333</dst>
    </src>
    <src id="5">
      <dst id="12">12820.8356</dst>
      <dst id="13">1074.6578</dst>
      <dst id="23">81.4222</dst>
      <dst id="8">208.6311</dst>
      <dst id="18">24.0533</dst>
      <dst id="4">114.6133</dst>
      <dst id="1">3821.6089</dst>
      <dst id="10">30.2933</dst>
      <dst id="22">1.4222</dst>
      <dst id="7">16.5422</dst>
      <dst id="2">12.3022</dst>
      <dst id="6">13.6889</dst>
      <dst id="16">261767.3956</dst>
      <dst id="14">14.7556</dst>
      <dst id="11">1.7778</dst>
      <dst id="9">30094.2489</dst>
      <dst id="17">40153.8044</dst>
      <dst id="21">40.5689</dst>
      <dst id="15">1309.4578</dst>
    </src>
    <src id="3">
      <dst id="12">17938.4800</dst>
      <dst id="13">33900.2489</dst>
      <dst id="19">792.9511</dst>
      <dst id="23">61.7067</dst>
      <dst id="8">2021.2089</dst>
      <dst id="18">157.0044</dst>
      <dst id="4">1062.0089</dst>
      <dst id="1">13071.8133</dst>
      <dst id="5">204.7911</dst>
      <dst id="3">315.4489</dst>
      <dst id="10">367.0489</dst>
      <dst id="7">931.9733</dst>
      <dst id="2">7814.4089</dst>
      <dst id="6">6.9600</dst>
      <dst id="16">9768.7556</dst>
      <dst id="14">283.6622</dst>
      <dst id="20">60.7644</dst>
      <dst id="11">108.7822</dst>
      <dst id="9">1205.9289</dst>
      <dst id="17">88413.2533</dst>
      <dst id="21">1448.0444</dst>
      <dst id="15">69.2622</dst>
    </src>
    <src id="10">
      <dst id="12">4504.3022</dst>
      <dst id="13">163.7333</dst>
      <dst id="19">1234.3644</dst>
      <dst id="23">2392.0000</dst>
      <dst id="8">60.4178</dst>
      <dst id="18">2933.1911</dst>
      <dst id="1">2598.7822</dst>
      <dst id="5">503.5467</dst>
      <dst id="3">889.0933</dst>
      <dst id="22">113.2800</dst>
      <dst id="7">120.0533</dst>
      <dst id="2">11776.9511</dst>
      <dst id="6">4.1067</dst>
      <dst id="16">29396.4089</dst>
      <dst id="14">4756.0267</dst>
      <dst id="20">5618.4178</dst>
      <dst id="11">218.1156</dst>
      <dst id="9">7831.2089</dst>
      <dst id="17">45000.0356</dst>
      <dst id="21">9407.8044</dst>
      <dst id="15">112.1600</dst>
    </src>
    <src id="22">
      <dst id="12">10365.7511</dst>
      <dst id="13">11086.8711</dst>
      <dst id="19">67.4756</dst>
      <dst id="23">22.9511</dst>
      <dst id="8">75.3244</dst>
      <dst id="18">301.5556</dst>
      <dst id="4">946.4089</dst>
      <dst id="1">256.5422</dst>
      <dst id="5">1939.9822</dst>
      <dst id="3">24.1333</dst>
      <dst id="10">272.1244</dst>
      <dst id="7">865.5022</dst>
      <dst id="2">1362.2044</dst>
      <dst id="6">65.6267</dst>
      <dst id="16">3395.1467</dst>
      <dst id="14">33.0844</dst>
      <dst id="11">2278.8533</dst>
      <dst id="9">901.1644</dst>
      <dst id="17">4094.1689</dst>
      <dst id="21">932.4356</dst>
    </src>
    <src id="7">
      <dst id="12">11384.7911</dst>
      <dst id="13">27732.1600</dst>
      <dst id="19">1068.9778</dst>
      <dst id="23">7.9556</dst>
      <dst id="8">76.4533</dst>
      <dst id="18">64.7733</dst>
      <dst id="4">787.0044</dst>
      <dst id="1">10432.2489</dst>
      <dst id="5">972.1867</dst>
      <dst id="3">192.8533</dst>
      <dst id="10">447.8933</dst>
      <dst id="22">2532.0089</dst>
      <dst id="7">33.0756</dst>
      <dst id="2">1222.0889</dst>
      <dst id="6">675.2533</dst>
      <dst id="16">514.4800</dst>
      <dst id="14">369.5467</dst>
      <dst id="20">130.9333</dst>
      <dst id="11">139.6978</dst>
      <dst id="9">703.7156</dst>
      <dst id="17">5704.9422</dst>
      <dst id="21">1777.7156</dst>
      <dst id="15">256.8711</dst>
    </src>
    <src id="2">
      <dst id="12">96749.6178</dst>
      <dst id="13">40808.2667</dst>
      <dst id="19">1468.5778</dst>
      <dst id="23">2.7378</dst>
      <dst id="8">23.9111</dst>
      <dst id="18">26837.3422</dst>
      <dst id="4">8844.0622</dst>
      <dst id="1">8009.1467</dst>
      <dst id="5">3321.4133</dst>
      <dst id="3">115.7333</dst>
      <dst id="10">3698.4356</dst>
      <dst id="22">3080.4267</dst>
      <dst id="7">7166.0978</dst>
      <dst id="2">3775.3511</dst>
      <dst id="6">14549.9644</dst>
      <dst id="16">679.8756</dst>
      <dst id="14">1434.2756</dst>
      <dst id="20">6916.7911</dst>
      <dst id="11">4880.9067</dst>
      <dst id="9">2296.1689</dst>
      <dst id="17">43180.9689</dst>
      <dst id="21">1116.7822</dst>
      <dst id="15">181.4489</dst>
    </src>
    <src id="6">
      <dst id="12">309.0489</dst>
      <dst id="13">45.3156</dst>
      <dst id="19">104.0000</dst>
      <dst id="23">0.9956</dst>
      <dst id="4">13.0844</dst>
      <dst id="1">205.5467</dst>
      <dst id="5">18.7289</dst>
      <dst id="10">0.4178</dst>
      <dst id="22">197.7067</dst>
      <dst id="7">83.8400</dst>
      <dst id="2">2188.7289</dst>
      <dst id="16">154.7022</dst>
      <dst id="14">11.9289</dst>
      <dst id="20">4.1156</dst>
      <dst id="11">0.3378</dst>
      <dst id="9">104.2311</dst>
      <dst id="17">23701.8311</dst>
      <dst id="21">52.4533</dst>
      <dst id="15">12.9778</dst>
    </src>
    <src id="16">
      <dst id="12">146316.2311</dst>
      <dst id="13">1395.1644</dst>
      <dst id="19">3569.1911</dst>
      <dst id="23">37.9911</dst>
      <dst id="8">71465.5289</dst>
      <dst id="18">5.3778</dst>
      <dst id="4">710.3111</dst>
      <dst id="1">10333.3422</dst>
      <dst id="5">206916.5511</dst>
      <dst id="3">7493.9022</dst>
      <dst id="10">448.0267</dst>
      <dst id="7">340.1511</dst>
      <dst id="2">43.0489</dst>
      <dst id="6">32.0267</dst>
      <dst id="16">23625.6622</dst>
      <dst id="14">71489.4578</dst>
      <dst id="11">25620.6933</dst>
      <dst id="9">299431.2711</dst>
      <dst id="17">5050.8178</dst>
      <dst id="21">0.4178</dst>
    </src>
    <src id="14">
      <dst id="12">902.1956</dst>
      <dst id="13">513.6444</dst>
      <dst id="19">52.1778</dst>
      <dst id="23">2.5956</dst>
      <dst id="18">1.4222</dst>
      <dst id="4">537.8222</dst>
      <dst id="1">902.6400</dst>
      <dst id="5">0.3556</dst>
      <dst id="3">1700.6044</dst>
      <dst id="10">202.5067</dst>
      <dst id="7">190.1778</dst>
      <dst id="2">1065.8933</dst>
      <dst id="6">38.3289</dst>
      <dst id="16">4760.9067</dst>
      <dst id="20">0.5333</dst>
      <dst id="11">1.6178</dst>
      <dst id="9">519.2978</dst>
      <dst id="17">25488.3733</dst>
      <dst id="21">233.1644</dst>
      <dst id="15">0.5244</dst>
    </src>
    <src id="20">
      <dst id="12">1390.8978</dst>
      <dst id="13">8380.5689</dst>
      <dst id="19">125.8400</dst>
      <dst id="23">24.5689</dst>
      <dst id="8">59.6267</dst>
      <dst id="18">1.1200</dst>
      <dst id="4">347.0578</dst>
      <dst id="1">150.3644</dst>
      <dst id="5">2089.4222</dst>
      <dst id="3">27.1289</dst>
      <dst id="10">156.1778</dst>
      <dst id="7">146.6222</dst>
      <dst id="2">4333.8756</dst>
      <dst id="6">25.6000</dst>
      <dst id="16">6201.9378</dst>
      <dst id="20">41.7867</dst>
      <dst id="11">1.4222</dst>
      <dst id="9">5136.6311</dst>
      <dst id="17">27263.7867</dst>
      <dst id="21">1411.4844</dst>
    </src>
    <src id="11">
      <dst id="12">13395.7956</dst>
      <dst id="13">5268.6400</dst>
      <dst id="19">112.2222</dst>
      <dst id="23">19.6711</dst>
      <dst id="8">187.2533</dst>
      <dst id="18">45.1378</dst>
      <dst id="4">698.1511</dst>
      <dst id="1">5025.6889</dst>
      <dst id="5">3061.8311</dst>
      <dst id="3">984.2400</dst>
      <dst id="10">305.0844</dst>
      <dst id="22">0.3556</dst>
      <dst id="7">291.9200</dst>
      <dst id="2">46116.6756</dst>
      <dst id="6">10.3200</dst>
      <dst id="16">11916.9778</dst>
      <dst id="14">84.9333</dst>
      <dst id="20">525.3689</dst>
      <dst id="11">1758.7200</dst>
      <dst id="9">6280.0356</dst>
      <dst id="17">549091.8133</dst>
      <dst id="21">771.0489</dst>
      <dst id="15">284.7022</dst>
    </src>
    <src id="9">
      <dst id="12">9345.3867</dst>
      <dst id="13">3521.5644</dst>
      <dst id="19">8.1689</dst>
      <dst id="23">43.9111</dst>
      <dst id="8">49793.3689</dst>
      <dst id="18">14.6844</dst>
      <dst id="4">525.4133</dst>
      <dst id="1">3570.2756</dst>
      <dst id="5">1336.3822</dst>
      <dst id="10">380.8000</dst>
      <dst id="7">187.4578</dst>
      <dst id="2">184.0000</dst>
      <dst id="6">1.2089</dst>
      <dst id="16">493278.7911</dst>
      <dst id="14">12.5956</dst>
      <dst id="11">25.0400</dst>
      <dst id="9">273351.0311</dst>
      <dst id="17">66887.1111</dst>
      <dst id="21">1.3511</dst>
      <dst id="15">15630.5511</dst>
    </src>
    <src id="17">
      <dst id="12">92236.1778</dst>
      <dst id="13">113412.6667</dst>
      <dst id="19">1207.5822</dst>
      <dst id="23">95.8400</dst>
      <dst id="8">112.5511</dst>
      <dst id="18">2553.8933</dst>
      <dst id="4">6462.7289</dst>
      <dst id="1">11993.0489</dst>
      <dst id="5">99746.2400</dst>
      <dst id="3">7310.9244</dst>
      <dst id="10">1088.6311</dst>
      <dst id="22">27.1289</dst>
      <dst id="7">26222.7289</dst>
      <dst id="2">16445.0311</dst>
      <dst id="6">311.8578</dst>
      <dst id="16">52047.3600</dst>
      <dst id="14">23878.0356</dst>
      <dst id="20">4971.2800</dst>
      <dst id="11">17222.9778</dst>
      <dst id="9">30252.1511</dst>
      <dst id="17">24712.1778</dst>
      <dst id="21">2254.1600</dst>
      <dst id="15">439.5200</dst>
    </src>
    <src id="21">
      <dst id="12">1313.4400</dst>
      <dst id="13">17291.4933</dst>
      <dst id="19">287.3244</dst>
      <dst id="23">47.0578</dst>
      <dst id="8">83.2444</dst>
      <dst id="18">906.4622</dst>
      <dst id="4">706.5422</dst>
      <dst id="1">2653.1556</dst>
      <dst id="5">373.9911</dst>
      <dst id="3">1570.7911</dst>
      <dst id="10">133.6889</dst>
      <dst id="22">13.3333</dst>
      <dst id="7">3067.3156</dst>
      <dst id="2">7046.4622</dst>
      <dst id="6">56.1867</dst>
      <dst id="16">4555.2444</dst>
      <dst id="14">167.5822</dst>
      <dst id="20">141.6622</dst>
      <dst id="11">221.3156</dst>
      <dst id="9">1601.8844</dst>
      <dst id="17">27775.3511</dst>
      <dst id="21">1489.2267</dst>
      <dst id="15">6.8533</dst>
    </src>
    <src id="15">
      <dst id="12">51.0667</dst>
      <dst id="13">1325.9911</dst>
      <dst id="19">14.5422</dst>
      <dst id="23">90.3111</dst>
      <dst id="8">18.0889</dst>
      <dst id="18">2.4178</dst>
      <dst id="4">602.2667</dst>
      <dst id="1">264.8533</dst>
      <dst id="5">151.2089</dst>
      <dst id="3">2.3911</dst>
      <dst id="10">5.1378</dst>
      <dst id="7">6.5422</dst>
      <dst id="2">20.4533</dst>
      <dst id="6">1.6356</dst>
      <dst id="16">983.2000</dst>
      <dst id="11">64.1778</dst>
      <dst id="9">6484.8356</dst>
      <dst id="17">6169.1467</dst>
      <dst id="21">66.6667</dst>
    </src>
  </IntraTM>
</TrafficMatrixFile>
