<?xml version="1.0" encoding="UTF-8" standalone="yes"?>
<TrafficMatrixFile xmlns:xsi="http://www.w3.org/2001/XMLSchema-instance" xsi:noNamespaceSchemaLocation="http://totem.run.montefiore.ulg.ac.be/Schema/TrafficMatrix-v1_2.xsd">
  <info>
    <title>Intradomain traffic matrix generated by geant-TM-all.pl</title>
    <date>2005-01-22T00:15:00</date>
    <duration>900</duration>
    <author>Steve Uhlig</author>
    <units>
        <unit type="bandwidth" value="kbps"/>
    </units>
  </info>
  <IntraTM ASID="20965">
    <src id="12">
      <dst id="12">322652.5333</dst>
      <dst id="13">40481.9556</dst>
      <dst id="19">5840.6400</dst>
      <dst id="23">4359.1378</dst>
      <dst id="8">3274.1689</dst>
      <dst id="18">245970.8089</dst>
      <dst id="4">68917.2533</dst>
      <dst id="1">14247.3422</dst>
      <dst id="5">6727.7244</dst>
      <dst id="3">19476.4267</dst>
      <dst id="10">8875.5111</dst>
      <dst id="22">28955.0133</dst>
      <dst id="7">12020.1511</dst>
      <dst id="2">66462.7289</dst>
      <dst id="16">10107.9289</dst>
      <dst id="14">671.4756</dst>
      <dst id="20">10998.8356</dst>
      <dst id="11">7673.7689</dst>
      <dst id="9">7790.1600</dst>
      <dst id="17">72984.9867</dst>
      <dst id="21">17230.3467</dst>
      <dst id="15">3723.0667</dst>
    </src>
    <src id="13">
      <dst id="12">138090.4622</dst>
      <dst id="19">31449.4222</dst>
      <dst id="23">834.6133</dst>
      <dst id="8">20495.1378</dst>
      <dst id="18">11704.8267</dst>
      <dst id="1">16631.1644</dst>
      <dst id="5">9917.0489</dst>
      <dst id="3">22070.2756</dst>
      <dst id="22">30108.8000</dst>
      <dst id="7">30705.1022</dst>
      <dst id="2">135291.7956</dst>
      <dst id="16">9231.8133</dst>
      <dst id="14">2759.1733</dst>
      <dst id="20">19044.2222</dst>
      <dst id="11">14383.5556</dst>
      <dst id="9">49407.8133</dst>
      <dst id="17">97862.9156</dst>
      <dst id="21">30717.2800</dst>
      <dst id="15">6014.4622</dst>
    </src>
    <src id="19">
      <dst id="12">10402.2489</dst>
      <dst id="13">4464.7289</dst>
      <dst id="23">80.0000</dst>
      <dst id="8">22.7556</dst>
      <dst id="18">1280.5867</dst>
      <dst id="4">20338.0533</dst>
      <dst id="1">1789.7778</dst>
      <dst id="5">89.8844</dst>
      <dst id="3">177.4222</dst>
      <dst id="10">112.5956</dst>
      <dst id="22">1246.7822</dst>
      <dst id="7">10947.5467</dst>
      <dst id="2">12208.2400</dst>
      <dst id="16">17081.9467</dst>
      <dst id="14">94.1244</dst>
      <dst id="20">211.2622</dst>
      <dst id="11">139.5022</dst>
      <dst id="9">1666.0089</dst>
      <dst id="17">6695.3867</dst>
      <dst id="21">4045.7333</dst>
      <dst id="15">104.7289</dst>
    </src>
    <src id="23">
      <dst id="12">1349.7778</dst>
      <dst id="13">689.8667</dst>
      <dst id="19">439.0489</dst>
      <dst id="8">361.0311</dst>
      <dst id="18">296.8533</dst>
      <dst id="4">26.8800</dst>
      <dst id="1">45.9911</dst>
      <dst id="5">29.2622</dst>
      <dst id="3">2246.0978</dst>
      <dst id="22">200.6933</dst>
      <dst id="7">3922.0978</dst>
      <dst id="2">411.5289</dst>
      <dst id="16">296.2667</dst>
      <dst id="14">122.0889</dst>
      <dst id="20">76.7644</dst>
      <dst id="11">209.9200</dst>
      <dst id="9">243.4489</dst>
      <dst id="17">2407.1200</dst>
      <dst id="21">840.4533</dst>
      <dst id="15">0.8178</dst>
    </src>
    <src id="8">
      <dst id="12">87463.2800</dst>
      <dst id="13">975.8489</dst>
      <dst id="19">95.0933</dst>
      <dst id="23">111.8844</dst>
      <dst id="18">1107.5289</dst>
      <dst id="4">5675.6978</dst>
      <dst id="1">2058.2933</dst>
      <dst id="5">1505.5289</dst>
      <dst id="3">14.1333</dst>
      <dst id="10">741.6000</dst>
      <dst id="22">1164.2311</dst>
      <dst id="7">225.0578</dst>
      <dst id="2">3827.4578</dst>
      <dst id="16">1857.4133</dst>
      <dst id="14">60.0533</dst>
      <dst id="20">995.7689</dst>
      <dst id="11">926.3733</dst>
      <dst id="9">174202.3644</dst>
      <dst id="17">331717.6444</dst>
      <dst id="21">98.2044</dst>
      <dst id="15">173.8311</dst>
    </src>
    <src id="18">
      <dst id="12">214872.8089</dst>
      <dst id="13">1119.6178</dst>
      <dst id="19">174.6044</dst>
      <dst id="23">3.9467</dst>
      <dst id="8">96.7467</dst>
      <dst id="4">3698.8533</dst>
      <dst id="1">878.7556</dst>
      <dst id="5">695.2622</dst>
      <dst id="3">908.4267</dst>
      <dst id="10">349.8311</dst>
      <dst id="22">1516.2044</dst>
      <dst id="7">657.3156</dst>
      <dst id="2">74421.9822</dst>
      <dst id="16">41.8844</dst>
      <dst id="14">0.7111</dst>
      <dst id="20">1015.6178</dst>
      <dst id="11">317.5200</dst>
      <dst id="9">1458.9333</dst>
      <dst id="17">50214.2844</dst>
      <dst id="21">2541.5911</dst>
      <dst id="15">61.7600</dst>
    </src>
    <src id="4">
      <dst id="12">15116.3644</dst>
      <dst id="19">14244.7289</dst>
      <dst id="23">10.6044</dst>
      <dst id="8">2732.7911</dst>
      <dst id="18">3591.7511</dst>
      <dst id="4">641.8667</dst>
      <dst id="1">207217.7689</dst>
      <dst id="5">3910.4711</dst>
      <dst id="3">7174.3200</dst>
      <dst id="22">5495.9733</dst>
      <dst id="7">43461.7778</dst>
      <dst id="2">67248.8000</dst>
      <dst id="16">1503.0667</dst>
      <dst id="14">2175.6178</dst>
      <dst id="20">8046.8444</dst>
      <dst id="11">4617.7600</dst>
      <dst id="9">5600.6133</dst>
      <dst id="17">118518.5422</dst>
      <dst id="21">9795.0756</dst>
      <dst id="15">591.7156</dst>
    </src>
    <src id="1">
      <dst id="12">19754.2578</dst>
      <dst id="13">14089.4933</dst>
      <dst id="19">4354.8089</dst>
      <dst id="23">65.3333</dst>
      <dst id="8">52.1778</dst>
      <dst id="18">13721.0844</dst>
      <dst id="4">12717.2089</dst>
      <dst id="1">91043.9289</dst>
      <dst id="5">871.9467</dst>
      <dst id="3">13327.3156</dst>
      <dst id="10">625.7156</dst>
      <dst id="22">19539.3067</dst>
      <dst id="7">11377.6267</dst>
      <dst id="2">50048.3822</dst>
      <dst id="16">28859.8400</dst>
      <dst id="14">330.0000</dst>
      <dst id="20">351.9733</dst>
      <dst id="11">2053.3867</dst>
      <dst id="9">3861.9911</dst>
      <dst id="17">16688.5778</dst>
      <dst id="21">16285.8044</dst>
      <dst id="15">3085.0311</dst>
    </src>
    <src id="5">
      <dst id="12">72500.1511</dst>
      <dst id="13">9509.9111</dst>
      <dst id="19">290.5156</dst>
      <dst id="23">58.7378</dst>
      <dst id="8">4264.3022</dst>
      <dst id="18">1053.7778</dst>
      <dst id="4">7636.3200</dst>
      <dst id="1">3503.8756</dst>
      <dst id="3">45.6889</dst>
      <dst id="10">402.1689</dst>
      <dst id="22">5032.1067</dst>
      <dst id="7">236.8267</dst>
      <dst id="2">4873.3244</dst>
      <dst id="16">4289.3689</dst>
      <dst id="14">86.5422</dst>
      <dst id="20">5452.6756</dst>
      <dst id="11">3328.3822</dst>
      <dst id="9">97978.4711</dst>
      <dst id="17">422173.6267</dst>
      <dst id="21">214.8267</dst>
      <dst id="15">3667.2444</dst>
    </src>
    <src id="3">
      <dst id="12">10109.8044</dst>
      <dst id="13">3088.2844</dst>
      <dst id="19">1908.8267</dst>
      <dst id="23">48.0800</dst>
      <dst id="8">281.8044</dst>
      <dst id="18">1086.6756</dst>
      <dst id="4">92136.0267</dst>
      <dst id="1">118410.4889</dst>
      <dst id="5">2278.4444</dst>
      <dst id="3">8.5867</dst>
      <dst id="10">6404.5067</dst>
      <dst id="22">6366.5778</dst>
      <dst id="7">14149.9467</dst>
      <dst id="2">11161.1022</dst>
      <dst id="16">3178.9689</dst>
      <dst id="14">141.8933</dst>
      <dst id="20">814.4000</dst>
      <dst id="11">1057.3778</dst>
      <dst id="9">3418.4978</dst>
      <dst id="17">47790.1867</dst>
      <dst id="21">34407.3867</dst>
      <dst id="15">895.3867</dst>
    </src>
    <src id="10">
      <dst id="12">35223.2978</dst>
      <dst id="19">2485.6444</dst>
      <dst id="8">196541.4756</dst>
      <dst id="18">9112.6044</dst>
      <dst id="1">4669.6533</dst>
      <dst id="5">332379.0044</dst>
      <dst id="3">55950.3289</dst>
      <dst id="22">5147.2622</dst>
      <dst id="7">17786.6489</dst>
      <dst id="2">62371.1022</dst>
      <dst id="16">1546.7644</dst>
      <dst id="14">68278.7911</dst>
      <dst id="20">7009.2978</dst>
      <dst id="11">386428.0978</dst>
      <dst id="9">476540.7467</dst>
      <dst id="17">30083.3778</dst>
      <dst id="21">40920.0178</dst>
      <dst id="15">791.9556</dst>
    </src>
    <src id="22">
      <dst id="12">9127.4400</dst>
      <dst id="13">14007.6089</dst>
      <dst id="19">623.5467</dst>
      <dst id="23">79.2356</dst>
      <dst id="8">1719.4756</dst>
      <dst id="18">1044.2933</dst>
      <dst id="4">17361.0844</dst>
      <dst id="1">587.5911</dst>
      <dst id="5">4712.1600</dst>
      <dst id="3">1016.2844</dst>
      <dst id="10">2042.0267</dst>
      <dst id="7">1023.1200</dst>
      <dst id="2">2382.4533</dst>
      <dst id="14">686.8533</dst>
      <dst id="11">4040.4978</dst>
      <dst id="9">7468.4889</dst>
      <dst id="17">8258.6222</dst>
      <dst id="21">14343.3244</dst>
    </src>
    <src id="7">
      <dst id="12">6736.4622</dst>
      <dst id="13">13359.2089</dst>
      <dst id="19">6086.0356</dst>
      <dst id="23">711.6444</dst>
      <dst id="8">9237.4133</dst>
      <dst id="18">1874.0978</dst>
      <dst id="4">63023.9200</dst>
      <dst id="1">12610.0622</dst>
      <dst id="5">2920.2578</dst>
      <dst id="3">1703.2267</dst>
      <dst id="10">2089.7600</dst>
      <dst id="22">5450.8089</dst>
      <dst id="7">8.2133</dst>
      <dst id="2">22174.9867</dst>
      <dst id="16">1477.1556</dst>
      <dst id="14">225.9022</dst>
      <dst id="20">3533.7333</dst>
      <dst id="11">1396.2489</dst>
      <dst id="9">1566.9778</dst>
      <dst id="17">15062.4356</dst>
      <dst id="21">11520.8800</dst>
      <dst id="15">420.1422</dst>
    </src>
    <src id="2">
      <dst id="12">151816.9778</dst>
      <dst id="13">14116.2933</dst>
      <dst id="19">4358.1156</dst>
      <dst id="23">100.6044</dst>
      <dst id="8">1414.8000</dst>
      <dst id="18">210219.7333</dst>
      <dst id="4">197399.9378</dst>
      <dst id="1">34067.1556</dst>
      <dst id="5">2585.7956</dst>
      <dst id="3">5658.5956</dst>
      <dst id="10">9403.5467</dst>
      <dst id="22">5520.6044</dst>
      <dst id="7">22381.3956</dst>
      <dst id="2">2372.3733</dst>
      <dst id="16">802.8622</dst>
      <dst id="14">2064.4444</dst>
      <dst id="20">8001.0578</dst>
      <dst id="11">6643.9200</dst>
      <dst id="9">7996.4356</dst>
      <dst id="17">44924.1867</dst>
      <dst id="21">38075.9200</dst>
      <dst id="15">318.4089</dst>
    </src>
    <src id="6">
      <dst id="12">1156.8000</dst>
      <dst id="13">299.1822</dst>
      <dst id="19">218.1600</dst>
      <dst id="23">13.8311</dst>
      <dst id="8">1.7778</dst>
      <dst id="4">125.0844</dst>
      <dst id="1">200.0444</dst>
      <dst id="5">8.1156</dst>
      <dst id="3">2.2933</dst>
      <dst id="10">36.1956</dst>
      <dst id="22">14.6311</dst>
      <dst id="7">320.5067</dst>
      <dst id="2">3309.5644</dst>
      <dst id="16">65.4578</dst>
      <dst id="20">23.5022</dst>
      <dst id="11">0.3556</dst>
      <dst id="9">11.8933</dst>
      <dst id="17">14814.8889</dst>
      <dst id="21">137.4133</dst>
      <dst id="15">4.2400</dst>
    </src>
    <src id="16">
      <dst id="12">4705.1911</dst>
      <dst id="13">667.7244</dst>
      <dst id="19">3734.1244</dst>
      <dst id="23">122.0178</dst>
      <dst id="8">7812.5778</dst>
      <dst id="18">400.8178</dst>
      <dst id="4">5008.8533</dst>
      <dst id="1">33773.0844</dst>
      <dst id="5">6802.7467</dst>
      <dst id="3">229.3067</dst>
      <dst id="10">1308.6489</dst>
      <dst id="7">5590.0267</dst>
      <dst id="2">1386.4444</dst>
      <dst id="16">50.4444</dst>
      <dst id="14">49.4222</dst>
      <dst id="11">1281.3511</dst>
      <dst id="9">10850.4356</dst>
      <dst id="17">12258.0000</dst>
      <dst id="21">2484.7556</dst>
    </src>
    <src id="14">
      <dst id="12">4605.0756</dst>
      <dst id="13">256.0889</dst>
      <dst id="19">34.8889</dst>
      <dst id="23">52.7467</dst>
      <dst id="8">90.8444</dst>
      <dst id="18">39.9200</dst>
      <dst id="4">2594.0356</dst>
      <dst id="1">854.9600</dst>
      <dst id="5">18.3733</dst>
      <dst id="3">195.0311</dst>
      <dst id="10">109.0222</dst>
      <dst id="22">81.3511</dst>
      <dst id="7">349.8844</dst>
      <dst id="2">7412.0711</dst>
      <dst id="16">1366.2222</dst>
      <dst id="20">0.6844</dst>
      <dst id="11">1132.1422</dst>
      <dst id="9">102.8444</dst>
      <dst id="17">31804.7467</dst>
      <dst id="21">263.1378</dst>
      <dst id="15">0.3911</dst>
    </src>
    <src id="20">
      <dst id="12">9173.7156</dst>
      <dst id="13">7296.1689</dst>
      <dst id="19">10.7822</dst>
      <dst id="23">1467.0311</dst>
      <dst id="8">2457.2000</dst>
      <dst id="18">854.0889</dst>
      <dst id="4">5973.2978</dst>
      <dst id="1">534.5156</dst>
      <dst id="5">6267.2978</dst>
      <dst id="3">1222.8178</dst>
      <dst id="10">863.2267</dst>
      <dst id="7">1209.7600</dst>
      <dst id="2">4907.2711</dst>
      <dst id="14">13.3333</dst>
      <dst id="11">4008.9067</dst>
      <dst id="9">2540.7111</dst>
      <dst id="17">16054.8711</dst>
      <dst id="21">4415.8489</dst>
    </src>
    <src id="11">
      <dst id="12">138684.3467</dst>
      <dst id="13">4172.8356</dst>
      <dst id="19">598.4000</dst>
      <dst id="23">251.1644</dst>
      <dst id="8">1369.1733</dst>
      <dst id="18">1840.5333</dst>
      <dst id="4">16352.6311</dst>
      <dst id="1">4522.7022</dst>
      <dst id="5">2824.1333</dst>
      <dst id="3">1511.2711</dst>
      <dst id="10">753.7244</dst>
      <dst id="22">2530.9600</dst>
      <dst id="7">1379.4578</dst>
      <dst id="2">141925.5733</dst>
      <dst id="16">1026.6578</dst>
      <dst id="14">125.7689</dst>
      <dst id="20">5640.3200</dst>
      <dst id="11">8373.1111</dst>
      <dst id="9">1843.7067</dst>
      <dst id="17">780262.6667</dst>
      <dst id="21">702.7378</dst>
      <dst id="15">1839.6089</dst>
    </src>
    <src id="9">
      <dst id="12">127740.2933</dst>
      <dst id="13">11301.5733</dst>
      <dst id="19">995.9822</dst>
      <dst id="23">366.8000</dst>
      <dst id="8">199313.7333</dst>
      <dst id="18">1540.6311</dst>
      <dst id="4">11118.8711</dst>
      <dst id="1">7368.4533</dst>
      <dst id="5">1962.6044</dst>
      <dst id="3">56.6400</dst>
      <dst id="10">3273.5200</dst>
      <dst id="22">8882.1956</dst>
      <dst id="7">7964.6311</dst>
      <dst id="2">11945.7244</dst>
      <dst id="16">2408.1778</dst>
      <dst id="14">31.8133</dst>
      <dst id="20">12872.8978</dst>
      <dst id="11">2650.8267</dst>
      <dst id="9">643932.9422</dst>
      <dst id="17">560642.0178</dst>
      <dst id="21">2009.3511</dst>
      <dst id="15">928.0533</dst>
    </src>
    <src id="17">
      <dst id="12">19288.5956</dst>
      <dst id="13">22892.1244</dst>
      <dst id="19">2991.4578</dst>
      <dst id="23">610.7022</dst>
      <dst id="8">780.4622</dst>
      <dst id="18">2645.2711</dst>
      <dst id="4">60184.0533</dst>
      <dst id="1">28036.3111</dst>
      <dst id="5">238386.2222</dst>
      <dst id="3">32474.5867</dst>
      <dst id="10">5289.9200</dst>
      <dst id="22">15755.8489</dst>
      <dst id="7">17435.3333</dst>
      <dst id="2">14269.7244</dst>
      <dst id="16">6903.0756</dst>
      <dst id="14">34548.5422</dst>
      <dst id="20">2928.4978</dst>
      <dst id="11">260405.8933</dst>
      <dst id="9">5691.9378</dst>
      <dst id="17">3998.7111</dst>
      <dst id="21">35043.5911</dst>
      <dst id="15">513.0311</dst>
    </src>
    <src id="21">
      <dst id="12">11457.0222</dst>
      <dst id="13">6822.5156</dst>
      <dst id="19">1867.6356</dst>
      <dst id="23">148.8089</dst>
      <dst id="8">1547.1733</dst>
      <dst id="18">6156.7378</dst>
      <dst id="4">31560.5333</dst>
      <dst id="1">3805.7600</dst>
      <dst id="5">415.9556</dst>
      <dst id="3">26804.3022</dst>
      <dst id="10">18928.0533</dst>
      <dst id="22">15805.7156</dst>
      <dst id="7">9561.8844</dst>
      <dst id="2">28625.1733</dst>
      <dst id="16">1149.4311</dst>
      <dst id="14">153.6267</dst>
      <dst id="20">466.2756</dst>
      <dst id="11">1180.2044</dst>
      <dst id="9">11013.2356</dst>
      <dst id="17">41719.6178</dst>
      <dst id="21">5654.5422</dst>
      <dst id="15">1813.4933</dst>
    </src>
    <src id="15">
      <dst id="12">723.9378</dst>
      <dst id="13">1308.0000</dst>
      <dst id="19">180.3378</dst>
      <dst id="23">2.7733</dst>
      <dst id="8">49.4400</dst>
      <dst id="18">189.1733</dst>
      <dst id="4">1492.9422</dst>
      <dst id="1">362.3111</dst>
      <dst id="5">952.4622</dst>
      <dst id="3">2.7911</dst>
      <dst id="10">286.8889</dst>
      <dst id="7">135.0667</dst>
      <dst id="2">674.0800</dst>
      <dst id="14">0.4267</dst>
      <dst id="11">246.2133</dst>
      <dst id="9">1441.5111</dst>
      <dst id="17">5437.4400</dst>
      <dst id="21">6013.7956</dst>
    </src>
  </IntraTM>
</TrafficMatrixFile>
