<?xml version="1.0" encoding="UTF-8" standalone="yes"?>
<TrafficMatrixFile xmlns:xsi="http://www.w3.org/2001/XMLSchema-instance" xsi:noNamespaceSchemaLocation="http://totem.run.montefiore.ulg.ac.be/Schema/TrafficMatrix-v1_2.xsd">
  <info>
    <title>Intradomain traffic matrix generated by geant-TM-all.pl</title>
    <date>2005-02-07T07:45:00</date>
    <duration>900</duration>
    <author>Steve Uhlig</author>
    <units>
        <unit type="bandwidth" value="kbps"/>
    </units>
  </info>
  <IntraTM ASID="20965">
    <src id="12">
      <dst id="12">314395.1556</dst>
      <dst id="13">17146.9867</dst>
      <dst id="19">1382.3822</dst>
      <dst id="23">28.0711</dst>
      <dst id="8">742.1956</dst>
      <dst id="18">80055.7156</dst>
      <dst id="4">106963.9378</dst>
      <dst id="1">7728.0267</dst>
      <dst id="5">3910.8178</dst>
      <dst id="3">18.6756</dst>
      <dst id="10">9235.1289</dst>
      <dst id="22">13417.9822</dst>
      <dst id="7">9374.3733</dst>
      <dst id="2">42155.6178</dst>
      <dst id="6">40.3556</dst>
      <dst id="16">10458.5511</dst>
      <dst id="14">316.3556</dst>
      <dst id="20">9399.4489</dst>
      <dst id="11">30.8800</dst>
      <dst id="9">4556.7289</dst>
      <dst id="17">55450.6933</dst>
      <dst id="21">14165.4133</dst>
      <dst id="15">2191.7689</dst>
    </src>
    <src id="13">
      <dst id="12">57720.3289</dst>
      <dst id="19">6671.5644</dst>
      <dst id="23">1905.0044</dst>
      <dst id="8">3645.1022</dst>
      <dst id="18">3917.5733</dst>
      <dst id="1">66668.0889</dst>
      <dst id="5">7362.8000</dst>
      <dst id="3">1694.8889</dst>
      <dst id="22">12290.5244</dst>
      <dst id="7">10515.2267</dst>
      <dst id="2">66548.3111</dst>
      <dst id="6">323.6356</dst>
      <dst id="16">10378.9511</dst>
      <dst id="14">3114.9067</dst>
      <dst id="20">9447.1644</dst>
      <dst id="11">1994.0889</dst>
      <dst id="9">11025.3156</dst>
      <dst id="17">85902.1333</dst>
      <dst id="21">7990.8533</dst>
      <dst id="15">2819.1556</dst>
    </src>
    <src id="19">
      <dst id="12">12908.4889</dst>
      <dst id="13">655.9022</dst>
      <dst id="23">89.8133</dst>
      <dst id="8">27.1644</dst>
      <dst id="18">33.0222</dst>
      <dst id="4">26334.7378</dst>
      <dst id="1">10.6133</dst>
      <dst id="5">20.6933</dst>
      <dst id="3">63.0489</dst>
      <dst id="10">663.5467</dst>
      <dst id="22">1155.1111</dst>
      <dst id="7">10360.2489</dst>
      <dst id="2">1527.8578</dst>
      <dst id="6">12.6222</dst>
      <dst id="16">17650.3378</dst>
      <dst id="14">2.7378</dst>
      <dst id="20">3.7333</dst>
      <dst id="11">13.5111</dst>
      <dst id="9">552.0000</dst>
      <dst id="17">5649.8222</dst>
      <dst id="21">1224.2400</dst>
      <dst id="15">1.4489</dst>
    </src>
    <src id="23">
      <dst id="12">131.0311</dst>
      <dst id="13">155.9289</dst>
      <dst id="19">1.0311</dst>
      <dst id="8">15.6978</dst>
      <dst id="18">8988.4800</dst>
      <dst id="4">4305.9378</dst>
      <dst id="1">45.4133</dst>
      <dst id="5">13.3333</dst>
      <dst id="3">0.4622</dst>
      <dst id="10">102.2667</dst>
      <dst id="22">25.3156</dst>
      <dst id="7">79.3422</dst>
      <dst id="2">455.8489</dst>
      <dst id="16">41.3156</dst>
      <dst id="20">25.2444</dst>
      <dst id="11">12.6222</dst>
      <dst id="9">1494.1156</dst>
      <dst id="17">1694.1600</dst>
      <dst id="21">76.8000</dst>
      <dst id="15">66.6667</dst>
    </src>
    <src id="8">
      <dst id="12">24209.9022</dst>
      <dst id="13">3165.5644</dst>
      <dst id="19">2.2578</dst>
      <dst id="23">1.4222</dst>
      <dst id="18">2.6400</dst>
      <dst id="4">4885.6089</dst>
      <dst id="1">4799.0222</dst>
      <dst id="5">1361.4489</dst>
      <dst id="3">3.0222</dst>
      <dst id="10">666.8533</dst>
      <dst id="22">421.7156</dst>
      <dst id="7">113.0667</dst>
      <dst id="2">1190.9244</dst>
      <dst id="16">574.7022</dst>
      <dst id="20">71.6800</dst>
      <dst id="11">42.1422</dst>
      <dst id="9">187547.8933</dst>
      <dst id="17">431979.3244</dst>
      <dst id="21">1166.9867</dst>
      <dst id="15">53.5378</dst>
    </src>
    <src id="18">
      <dst id="12">190413.4844</dst>
      <dst id="13">339.2356</dst>
      <dst id="19">158.7822</dst>
      <dst id="23">131.2711</dst>
      <dst id="8">15.8311</dst>
      <dst id="4">1745.3689</dst>
      <dst id="1">693.2889</dst>
      <dst id="5">300.3022</dst>
      <dst id="3">840.2400</dst>
      <dst id="10">373.0667</dst>
      <dst id="22">367.4489</dst>
      <dst id="7">49.7689</dst>
      <dst id="2">53261.4133</dst>
      <dst id="6">0.4978</dst>
      <dst id="16">58.6844</dst>
      <dst id="20">169.0667</dst>
      <dst id="9">459.9911</dst>
      <dst id="17">18212.8267</dst>
      <dst id="21">705.9289</dst>
      <dst id="15">36.4800</dst>
    </src>
    <src id="4">
      <dst id="12">9652.1956</dst>
      <dst id="19">3858.8000</dst>
      <dst id="23">63.9200</dst>
      <dst id="8">267.0667</dst>
      <dst id="18">2412.5333</dst>
      <dst id="4">385.7422</dst>
      <dst id="1">11568.9778</dst>
      <dst id="5">2155.9644</dst>
      <dst id="3">5164.5956</dst>
      <dst id="22">2962.4711</dst>
      <dst id="7">92404.0356</dst>
      <dst id="2">38164.1600</dst>
      <dst id="6">5.8133</dst>
      <dst id="16">597.9822</dst>
      <dst id="14">1096.7289</dst>
      <dst id="20">1106.1244</dst>
      <dst id="11">68.4267</dst>
      <dst id="9">2930.3911</dst>
      <dst id="17">31038.1778</dst>
      <dst id="21">9382.3200</dst>
      <dst id="15">737.6267</dst>
    </src>
    <src id="1">
      <dst id="12">11412.3111</dst>
      <dst id="13">670.7467</dst>
      <dst id="19">105.6978</dst>
      <dst id="23">21.9733</dst>
      <dst id="8">99.4756</dst>
      <dst id="18">12146.9867</dst>
      <dst id="4">14707.1111</dst>
      <dst id="1">69905.8222</dst>
      <dst id="5">408.8978</dst>
      <dst id="3">3385.3600</dst>
      <dst id="10">146.8000</dst>
      <dst id="22">14025.4489</dst>
      <dst id="7">8029.5111</dst>
      <dst id="2">4818.8978</dst>
      <dst id="6">0.4622</dst>
      <dst id="16">25086.4800</dst>
      <dst id="14">80.8889</dst>
      <dst id="20">3619.3333</dst>
      <dst id="11">586.0444</dst>
      <dst id="9">1404.5778</dst>
      <dst id="17">28113.4222</dst>
      <dst id="21">30201.6267</dst>
      <dst id="15">391.0044</dst>
    </src>
    <src id="5">
      <dst id="12">21864.4267</dst>
      <dst id="13">2165.4400</dst>
      <dst id="19">52.2933</dst>
      <dst id="8">5709.7689</dst>
      <dst id="18">715.9111</dst>
      <dst id="4">3931.5467</dst>
      <dst id="1">3682.7644</dst>
      <dst id="3">44.2756</dst>
      <dst id="10">265.2267</dst>
      <dst id="22">3042.2667</dst>
      <dst id="7">257.6800</dst>
      <dst id="2">581.9556</dst>
      <dst id="6">1.6711</dst>
      <dst id="16">1833.4844</dst>
      <dst id="14">14.3289</dst>
      <dst id="20">3780.3733</dst>
      <dst id="11">22.1778</dst>
      <dst id="9">76786.9156</dst>
      <dst id="17">381651.1733</dst>
      <dst id="21">176.1867</dst>
      <dst id="15">97.0844</dst>
    </src>
    <src id="3">
      <dst id="12">3574.6756</dst>
      <dst id="13">1783.1822</dst>
      <dst id="19">5954.6578</dst>
      <dst id="23">1.3511</dst>
      <dst id="8">150.3822</dst>
      <dst id="18">186.9244</dst>
      <dst id="4">16238.9778</dst>
      <dst id="1">8104.0978</dst>
      <dst id="5">1783.0844</dst>
      <dst id="3">82.8444</dst>
      <dst id="10">1431.2978</dst>
      <dst id="22">1009.0222</dst>
      <dst id="7">19596.2489</dst>
      <dst id="2">7918.4533</dst>
      <dst id="6">0.5689</dst>
      <dst id="16">3735.5822</dst>
      <dst id="14">87.5822</dst>
      <dst id="20">362.3644</dst>
      <dst id="11">1046.0000</dst>
      <dst id="9">296.8800</dst>
      <dst id="17">72537.9289</dst>
      <dst id="21">3714.6756</dst>
      <dst id="15">29.0044</dst>
    </src>
    <src id="10">
      <dst id="12">184533.8933</dst>
      <dst id="19">1771.0933</dst>
      <dst id="23">100.2844</dst>
      <dst id="8">115237.6000</dst>
      <dst id="18">7933.0844</dst>
      <dst id="1">18567.9022</dst>
      <dst id="5">222558.8711</dst>
      <dst id="3">10113.6089</dst>
      <dst id="22">3196.4978</dst>
      <dst id="7">9735.0222</dst>
      <dst id="2">15013.0933</dst>
      <dst id="6">10721.2978</dst>
      <dst id="16">836.8978</dst>
      <dst id="14">27856.7644</dst>
      <dst id="20">2297.2889</dst>
      <dst id="11">14524.3644</dst>
      <dst id="9">247995.1378</dst>
      <dst id="17">48724.8000</dst>
      <dst id="21">21700.8089</dst>
      <dst id="15">702.1956</dst>
    </src>
    <src id="22">
      <dst id="12">16275.9467</dst>
      <dst id="13">5318.6311</dst>
      <dst id="19">298.3378</dst>
      <dst id="23">475.4844</dst>
      <dst id="8">2380.3022</dst>
      <dst id="18">306.7022</dst>
      <dst id="4">16680.7378</dst>
      <dst id="1">399.9644</dst>
      <dst id="5">4602.5600</dst>
      <dst id="3">4.1422</dst>
      <dst id="10">783.9822</dst>
      <dst id="7">1517.8667</dst>
      <dst id="2">5221.9822</dst>
      <dst id="6">16.6133</dst>
      <dst id="14">115.4756</dst>
      <dst id="11">102.0267</dst>
      <dst id="9">1456.5244</dst>
      <dst id="17">10127.1644</dst>
      <dst id="21">598.6044</dst>
    </src>
    <src id="7">
      <dst id="12">4871.0933</dst>
      <dst id="13">98.5244</dst>
      <dst id="19">5627.9644</dst>
      <dst id="23">29.6622</dst>
      <dst id="8">651.9289</dst>
      <dst id="18">407.2356</dst>
      <dst id="4">87820.0889</dst>
      <dst id="1">8713.0489</dst>
      <dst id="5">1918.1156</dst>
      <dst id="3">1035.4044</dst>
      <dst id="10">871.3156</dst>
      <dst id="22">3479.9378</dst>
      <dst id="7">759.3244</dst>
      <dst id="2">8502.6311</dst>
      <dst id="6">1953.0756</dst>
      <dst id="16">1035.6356</dst>
      <dst id="14">1240.6311</dst>
      <dst id="20">1964.7467</dst>
      <dst id="11">70.4178</dst>
      <dst id="9">784.6489</dst>
      <dst id="17">7241.6978</dst>
      <dst id="21">3536.1511</dst>
      <dst id="15">269.7156</dst>
    </src>
    <src id="2">
      <dst id="12">87947.6356</dst>
      <dst id="13">22535.4133</dst>
      <dst id="19">1705.7333</dst>
      <dst id="8">672.5600</dst>
      <dst id="18">48815.4044</dst>
      <dst id="4">108092.3644</dst>
      <dst id="1">25690.2400</dst>
      <dst id="5">3319.3156</dst>
      <dst id="3">45.5111</dst>
      <dst id="10">3790.2311</dst>
      <dst id="22">1926.5422</dst>
      <dst id="7">6387.1378</dst>
      <dst id="2">693.1467</dst>
      <dst id="6">8790.2133</dst>
      <dst id="16">1911.0667</dst>
      <dst id="14">480.5067</dst>
      <dst id="20">17335.8933</dst>
      <dst id="11">91.6978</dst>
      <dst id="9">1951.8222</dst>
      <dst id="17">23601.4756</dst>
      <dst id="21">25206.5778</dst>
      <dst id="15">301.2889</dst>
    </src>
    <src id="6">
      <dst id="12">7218.7378</dst>
      <dst id="13">21.1111</dst>
      <dst id="19">6.7200</dst>
      <dst id="8">0.4178</dst>
      <dst id="4">973.2267</dst>
      <dst id="1">144.5778</dst>
      <dst id="5">49.0667</dst>
      <dst id="10">0.3378</dst>
      <dst id="22">94.8533</dst>
      <dst id="7">27.1378</dst>
      <dst id="2">2450.9867</dst>
      <dst id="9">25.9556</dst>
      <dst id="17">12730.2578</dst>
      <dst id="21">81.0133</dst>
    </src>
    <src id="16">
      <dst id="12">4893.4667</dst>
      <dst id="13">4137.0933</dst>
      <dst id="19">4645.8222</dst>
      <dst id="23">1.5644</dst>
      <dst id="8">4936.4889</dst>
      <dst id="18">1002.3378</dst>
      <dst id="4">8397.9644</dst>
      <dst id="1">15206.1067</dst>
      <dst id="5">3671.9378</dst>
      <dst id="3">15.5733</dst>
      <dst id="10">260.4711</dst>
      <dst id="7">38.2400</dst>
      <dst id="2">1063.6089</dst>
      <dst id="6">0.9511</dst>
      <dst id="16">35.8044</dst>
      <dst id="11">16.1333</dst>
      <dst id="9">10163.2267</dst>
      <dst id="17">3082.0178</dst>
      <dst id="21">141.8222</dst>
    </src>
    <src id="14">
      <dst id="12">2697.0222</dst>
      <dst id="13">37.8667</dst>
      <dst id="19">1.8044</dst>
      <dst id="4">1056.4622</dst>
      <dst id="1">988.8533</dst>
      <dst id="3">469.4933</dst>
      <dst id="10">49.7333</dst>
      <dst id="22">8.3822</dst>
      <dst id="7">120.7556</dst>
      <dst id="2">3614.0533</dst>
      <dst id="16">1.3156</dst>
      <dst id="20">0.4622</dst>
      <dst id="11">1.0311</dst>
      <dst id="17">28381.0311</dst>
      <dst id="21">48.2933</dst>
    </src>
    <src id="20">
      <dst id="12">4857.6978</dst>
      <dst id="13">1891.7689</dst>
      <dst id="19">363.9200</dst>
      <dst id="23">3.7600</dst>
      <dst id="8">158.4178</dst>
      <dst id="18">8.6844</dst>
      <dst id="4">11023.6533</dst>
      <dst id="1">290.2044</dst>
      <dst id="5">1280.7289</dst>
      <dst id="3">0.9600</dst>
      <dst id="10">175.1644</dst>
      <dst id="7">1358.3378</dst>
      <dst id="2">1531.0756</dst>
      <dst id="14">0.5156</dst>
      <dst id="11">0.7822</dst>
      <dst id="9">1135.1289</dst>
      <dst id="17">4492.7200</dst>
      <dst id="21">10510.9422</dst>
    </src>
    <src id="11">
      <dst id="12">35283.1111</dst>
      <dst id="13">2896.4356</dst>
      <dst id="19">446.4000</dst>
      <dst id="23">1602.2133</dst>
      <dst id="8">3491.5022</dst>
      <dst id="18">348.3022</dst>
      <dst id="4">4903.9200</dst>
      <dst id="1">2292.3733</dst>
      <dst id="5">1362.6489</dst>
      <dst id="3">25.6089</dst>
      <dst id="10">1296.8533</dst>
      <dst id="22">1264.9689</dst>
      <dst id="7">1915.3244</dst>
      <dst id="2">114534.9511</dst>
      <dst id="6">0.4267</dst>
      <dst id="16">561.5378</dst>
      <dst id="14">70.6044</dst>
      <dst id="20">1453.6978</dst>
      <dst id="11">1838.8356</dst>
      <dst id="9">1985.1911</dst>
      <dst id="17">805755.5111</dst>
      <dst id="21">931.3689</dst>
      <dst id="15">267.1556</dst>
    </src>
    <src id="9">
      <dst id="12">37356.6311</dst>
      <dst id="13">6150.3467</dst>
      <dst id="19">411.3422</dst>
      <dst id="23">50.5956</dst>
      <dst id="8">141037.4578</dst>
      <dst id="18">112.1867</dst>
      <dst id="4">6614.2578</dst>
      <dst id="1">7844.2844</dst>
      <dst id="5">2452.2933</dst>
      <dst id="10">1422.7822</dst>
      <dst id="22">3008.3911</dst>
      <dst id="7">73.8844</dst>
      <dst id="2">1185.3156</dst>
      <dst id="16">386.8533</dst>
      <dst id="14">1.8222</dst>
      <dst id="20">7937.0311</dst>
      <dst id="11">3.0222</dst>
      <dst id="9">443125.9644</dst>
      <dst id="17">524350.9956</dst>
      <dst id="21">275.3511</dst>
      <dst id="15">12296.6844</dst>
    </src>
    <src id="17">
      <dst id="12">161677.5378</dst>
      <dst id="13">4398.1956</dst>
      <dst id="19">11042.0267</dst>
      <dst id="23">21.6444</dst>
      <dst id="8">80.1689</dst>
      <dst id="18">189.8844</dst>
      <dst id="4">34666.0533</dst>
      <dst id="1">7287.6533</dst>
      <dst id="5">193499.7422</dst>
      <dst id="3">2620.0356</dst>
      <dst id="10">2321.6089</dst>
      <dst id="22">4245.1378</dst>
      <dst id="7">1580.3822</dst>
      <dst id="2">7262.9422</dst>
      <dst id="6">124.5689</dst>
      <dst id="16">4017.9022</dst>
      <dst id="14">14847.3511</dst>
      <dst id="20">3524.2489</dst>
      <dst id="11">20250.9422</dst>
      <dst id="9">2956.1600</dst>
      <dst id="17">21293.5289</dst>
      <dst id="21">18666.1067</dst>
      <dst id="15">2329.5111</dst>
    </src>
    <src id="21">
      <dst id="12">6106.3733</dst>
      <dst id="13">462.2756</dst>
      <dst id="19">395.5111</dst>
      <dst id="23">353.2711</dst>
      <dst id="8">50.4178</dst>
      <dst id="18">1567.5378</dst>
      <dst id="4">14646.7733</dst>
      <dst id="1">1994.3911</dst>
      <dst id="5">498.7911</dst>
      <dst id="3">9643.1911</dst>
      <dst id="10">1363.2267</dst>
      <dst id="22">941.5022</dst>
      <dst id="7">1393.7956</dst>
      <dst id="2">6359.5644</dst>
      <dst id="6">2.4800</dst>
      <dst id="16">214.3111</dst>
      <dst id="14">72.0711</dst>
      <dst id="20">397.7511</dst>
      <dst id="11">257.4578</dst>
      <dst id="9">683.2533</dst>
      <dst id="17">25050.4533</dst>
      <dst id="21">2954.7467</dst>
      <dst id="15">1573.6356</dst>
    </src>
    <src id="15">
      <dst id="12">6052.8978</dst>
      <dst id="13">119.5644</dst>
      <dst id="19">22.8800</dst>
      <dst id="23">5.6978</dst>
      <dst id="8">131.2800</dst>
      <dst id="18">20.6400</dst>
      <dst id="4">2372.3289</dst>
      <dst id="1">229.0489</dst>
      <dst id="5">309.1289</dst>
      <dst id="3">27.0667</dst>
      <dst id="10">957.2178</dst>
      <dst id="7">16.0889</dst>
      <dst id="2">61.9644</dst>
      <dst id="6">0.3378</dst>
      <dst id="14">0.4978</dst>
      <dst id="11">23.5911</dst>
      <dst id="9">1965.7778</dst>
      <dst id="17">1426.2044</dst>
      <dst id="21">70.5156</dst>
    </src>
  </IntraTM>
</TrafficMatrixFile>
