<?xml version="1.0" encoding="UTF-8" standalone="yes"?>
<TrafficMatrixFile xmlns:xsi="http://www.w3.org/2001/XMLSchema-instance" xsi:noNamespaceSchemaLocation="http://totem.run.montefiore.ulg.ac.be/Schema/TrafficMatrix-v1_2.xsd">
  <info>
    <title>Intradomain traffic matrix generated by geant-TM-all.pl</title>
    <date>2005-04-12T00:00:00</date>
    <duration>900</duration>
    <author>Steve Uhlig</author>
    <units>
        <unit type="bandwidth" value="kbps"/>
    </units>
  </info>
  <IntraTM ASID="20965">
    <src id="12">
      <dst id="12">342150.2578</dst>
      <dst id="13">29897.2178</dst>
      <dst id="19">5663.4133</dst>
      <dst id="23">6624.1244</dst>
      <dst id="8">130.5600</dst>
      <dst id="18">41360.8800</dst>
      <dst id="4">3771.0933</dst>
      <dst id="1">27575.3600</dst>
      <dst id="5">2190.3467</dst>
      <dst id="3">218.4533</dst>
      <dst id="10">1830.3111</dst>
      <dst id="22">1494.6311</dst>
      <dst id="7">11579.8400</dst>
      <dst id="2">5579.4044</dst>
      <dst id="16">10400.5156</dst>
      <dst id="14">1352.2578</dst>
      <dst id="20">1983.6711</dst>
      <dst id="11">44.0089</dst>
      <dst id="9">14219.7511</dst>
      <dst id="17">42078.4711</dst>
      <dst id="21">3208.9600</dst>
      <dst id="15">206.4444</dst>
    </src>
    <src id="13">
      <dst id="12">30891.3778</dst>
      <dst id="13">320.6133</dst>
      <dst id="19">2095.5644</dst>
      <dst id="23">733.2089</dst>
      <dst id="8">1261.9378</dst>
      <dst id="18">236.0978</dst>
      <dst id="4">1.1289</dst>
      <dst id="1">47543.7956</dst>
      <dst id="5">18062.8889</dst>
      <dst id="3">32.7111</dst>
      <dst id="10">0.9956</dst>
      <dst id="22">2772.4000</dst>
      <dst id="7">450.6044</dst>
      <dst id="2">5407.8578</dst>
      <dst id="16">307.4578</dst>
      <dst id="14">91.8044</dst>
      <dst id="20">5178.6578</dst>
      <dst id="11">313.0222</dst>
      <dst id="9">702.1244</dst>
      <dst id="17">11682.4622</dst>
      <dst id="21">311.3067</dst>
      <dst id="15">3658.6756</dst>
    </src>
    <src id="19">
      <dst id="12">27842.7289</dst>
      <dst id="13">582.3644</dst>
      <dst id="23">1.4933</dst>
      <dst id="18">1.4933</dst>
      <dst id="4">97.4933</dst>
      <dst id="1">16690.2222</dst>
      <dst id="5">112.5511</dst>
      <dst id="3">1.5733</dst>
      <dst id="10">77.8933</dst>
      <dst id="22">90.3911</dst>
      <dst id="7">636.3911</dst>
      <dst id="2">140.1689</dst>
      <dst id="16">1947.4044</dst>
      <dst id="14">10.5244</dst>
      <dst id="20">5.4133</dst>
      <dst id="11">1.2800</dst>
      <dst id="9">1457.8667</dst>
      <dst id="17">1625.1022</dst>
      <dst id="21">273.8400</dst>
    </src>
    <src id="23">
      <dst id="12">959.0667</dst>
      <dst id="13">604.8267</dst>
      <dst id="19">13.3333</dst>
      <dst id="18">31.0311</dst>
      <dst id="4">30.9067</dst>
      <dst id="1">63.7689</dst>
      <dst id="10">3.5200</dst>
      <dst id="22">286.2756</dst>
      <dst id="7">343.8933</dst>
      <dst id="2">153.7689</dst>
      <dst id="16">13.6533</dst>
      <dst id="14">40.5333</dst>
      <dst id="20">0.8356</dst>
      <dst id="11">31.6000</dst>
      <dst id="9">37.4756</dst>
      <dst id="17">443.1289</dst>
      <dst id="21">94.5867</dst>
      <dst id="15">12.6222</dst>
    </src>
    <src id="8">
      <dst id="12">6650.0800</dst>
      <dst id="13">882.0889</dst>
      <dst id="19">15.8933</dst>
      <dst id="4">476.8622</dst>
      <dst id="1">1626.1689</dst>
      <dst id="5">305.4400</dst>
      <dst id="3">193.6978</dst>
      <dst id="10">67.0489</dst>
      <dst id="22">468.7822</dst>
      <dst id="2">346.1422</dst>
      <dst id="16">254789.4311</dst>
      <dst id="14">0.4622</dst>
      <dst id="11">227.7067</dst>
      <dst id="9">56448.0267</dst>
      <dst id="17">13904.5067</dst>
      <dst id="21">405.4933</dst>
    </src>
    <src id="18">
      <dst id="12">84896.2133</dst>
      <dst id="13">210.0089</dst>
      <dst id="19">26.6667</dst>
      <dst id="23">4.7822</dst>
      <dst id="8">14.2222</dst>
      <dst id="4">63.8844</dst>
      <dst id="1">10222.0978</dst>
      <dst id="5">111.8400</dst>
      <dst id="3">706.2756</dst>
      <dst id="10">59.3778</dst>
      <dst id="22">50.8711</dst>
      <dst id="7">56.8089</dst>
      <dst id="2">2648.4800</dst>
      <dst id="16">216.8711</dst>
      <dst id="20">2471.6089</dst>
      <dst id="11">39.2889</dst>
      <dst id="9">7474.2400</dst>
      <dst id="17">2150.1778</dst>
      <dst id="21">311.1644</dst>
      <dst id="15">1.1733</dst>
    </src>
    <src id="4">
      <dst id="12">18892.3111</dst>
      <dst id="13">18.8711</dst>
      <dst id="19">4336.6756</dst>
      <dst id="23">388.8711</dst>
      <dst id="8">2239.0400</dst>
      <dst id="18">2255.5289</dst>
      <dst id="4">1799.7067</dst>
      <dst id="1">17034.2933</dst>
      <dst id="5">4733.5733</dst>
      <dst id="3">30.7200</dst>
      <dst id="22">1401.3600</dst>
      <dst id="7">155.0844</dst>
      <dst id="2">156186.4978</dst>
      <dst id="16">94519.1200</dst>
      <dst id="14">1828.4622</dst>
      <dst id="11">197.9111</dst>
      <dst id="9">26137.2000</dst>
      <dst id="17">44057.1644</dst>
      <dst id="21">22619.3511</dst>
      <dst id="15">3109.2178</dst>
    </src>
    <src id="1">
      <dst id="12">33973.3067</dst>
      <dst id="13">12558.3556</dst>
      <dst id="19">4434.1867</dst>
      <dst id="23">78.8267</dst>
      <dst id="8">27.3600</dst>
      <dst id="18">16762.1778</dst>
      <dst id="4">409.2800</dst>
      <dst id="1">464886.1600</dst>
      <dst id="5">135.6622</dst>
      <dst id="3">11.0667</dst>
      <dst id="10">86.7911</dst>
      <dst id="22">13.1644</dst>
      <dst id="7">404.7378</dst>
      <dst id="2">22400.2311</dst>
      <dst id="16">17382.8533</dst>
      <dst id="14">127.3511</dst>
      <dst id="20">24.4533</dst>
      <dst id="11">1390.4889</dst>
      <dst id="9">4209.8400</dst>
      <dst id="17">6163.1200</dst>
      <dst id="21">8222.2756</dst>
      <dst id="15">81.9378</dst>
    </src>
    <src id="5">
      <dst id="12">21524.8889</dst>
      <dst id="13">1999.6356</dst>
      <dst id="19">1.2800</dst>
      <dst id="8">221.5200</dst>
      <dst id="18">238.3822</dst>
      <dst id="4">100.0089</dst>
      <dst id="1">32681.4133</dst>
      <dst id="3">781.5556</dst>
      <dst id="10">40.7644</dst>
      <dst id="22">516.5956</dst>
      <dst id="2">274.6667</dst>
      <dst id="16">326779.2356</dst>
      <dst id="14">53.7956</dst>
      <dst id="11">64.4978</dst>
      <dst id="9">76963.3600</dst>
      <dst id="17">29437.0489</dst>
      <dst id="21">691.0756</dst>
      <dst id="15">7.9644</dst>
    </src>
    <src id="3">
      <dst id="12">40320.5778</dst>
      <dst id="13">3493.6978</dst>
      <dst id="19">1187.7778</dst>
      <dst id="23">7.6356</dst>
      <dst id="8">2.2133</dst>
      <dst id="18">2150.1156</dst>
      <dst id="4">403.3689</dst>
      <dst id="1">33923.9378</dst>
      <dst id="5">85.7333</dst>
      <dst id="3">71.6000</dst>
      <dst id="10">802.2489</dst>
      <dst id="22">43.2533</dst>
      <dst id="7">331.4311</dst>
      <dst id="2">4056.7467</dst>
      <dst id="16">5685.4933</dst>
      <dst id="14">116.8444</dst>
      <dst id="20">22.4178</dst>
      <dst id="11">1204.6222</dst>
      <dst id="9">2021.1022</dst>
      <dst id="17">43648.2667</dst>
      <dst id="21">1364.6400</dst>
      <dst id="15">20.5422</dst>
    </src>
    <src id="10">
      <dst id="12">11015.5378</dst>
      <dst id="13">23.8133</dst>
      <dst id="19">937.2178</dst>
      <dst id="23">107.1200</dst>
      <dst id="8">58.9244</dst>
      <dst id="18">3967.3067</dst>
      <dst id="1">624.6044</dst>
      <dst id="5">722.9156</dst>
      <dst id="3">83.5644</dst>
      <dst id="22">149.6978</dst>
      <dst id="2">12911.8489</dst>
      <dst id="16">32529.1289</dst>
      <dst id="14">233.7867</dst>
      <dst id="20">688.2133</dst>
      <dst id="11">71.4933</dst>
      <dst id="9">850.4622</dst>
      <dst id="17">15977.5911</dst>
      <dst id="21">1410.8622</dst>
      <dst id="15">505.5644</dst>
    </src>
    <src id="22">
      <dst id="12">5578.1689</dst>
      <dst id="13">2896.5867</dst>
      <dst id="19">47.0400</dst>
      <dst id="23">22.3378</dst>
      <dst id="8">147.5378</dst>
      <dst id="18">307.3067</dst>
      <dst id="4">1057.1289</dst>
      <dst id="1">157.5111</dst>
      <dst id="5">1979.5733</dst>
      <dst id="3">1.7511</dst>
      <dst id="10">293.2267</dst>
      <dst id="7">254.8089</dst>
      <dst id="2">633.8400</dst>
      <dst id="16">1703.0489</dst>
      <dst id="14">554.1244</dst>
      <dst id="11">600.5511</dst>
      <dst id="9">1942.7822</dst>
      <dst id="17">10519.4400</dst>
      <dst id="21">345.9911</dst>
    </src>
    <src id="7">
      <dst id="12">7227.3600</dst>
      <dst id="13">2304.9956</dst>
      <dst id="19">200.0356</dst>
      <dst id="23">19.0311</dst>
      <dst id="8">276.8356</dst>
      <dst id="18">79.1644</dst>
      <dst id="4">1380.6133</dst>
      <dst id="1">391.6622</dst>
      <dst id="5">113.8489</dst>
      <dst id="3">308.5511</dst>
      <dst id="10">434.9600</dst>
      <dst id="22">258.0800</dst>
      <dst id="7">21.8933</dst>
      <dst id="2">2785.1822</dst>
      <dst id="16">238.9867</dst>
      <dst id="14">19.8044</dst>
      <dst id="20">17.0044</dst>
      <dst id="11">695.0667</dst>
      <dst id="9">275.8844</dst>
      <dst id="17">2060.5156</dst>
      <dst id="21">598.7378</dst>
      <dst id="15">28.6756</dst>
    </src>
    <src id="2">
      <dst id="12">84744.8800</dst>
      <dst id="13">20838.4444</dst>
      <dst id="19">3915.5822</dst>
      <dst id="23">2.7733</dst>
      <dst id="8">1695.2444</dst>
      <dst id="18">29204.6400</dst>
      <dst id="4">1903.4222</dst>
      <dst id="1">13453.2444</dst>
      <dst id="5">1212.1333</dst>
      <dst id="3">83.7956</dst>
      <dst id="10">2308.1067</dst>
      <dst id="22">1222.7822</dst>
      <dst id="7">5176.1689</dst>
      <dst id="2">3422.6578</dst>
      <dst id="6">1.2800</dst>
      <dst id="16">796.7111</dst>
      <dst id="14">544.0267</dst>
      <dst id="20">180.4267</dst>
      <dst id="11">3090.3467</dst>
      <dst id="9">727.4400</dst>
      <dst id="17">7732.8000</dst>
      <dst id="21">1137.3156</dst>
      <dst id="15">80.9600</dst>
    </src>
    <src id="6">
      <dst id="12">244.3644</dst>
      <dst id="13">42.4533</dst>
      <dst id="19">23.5378</dst>
      <dst id="18">0.4000</dst>
      <dst id="4">28.5689</dst>
      <dst id="1">922.2578</dst>
      <dst id="5">3.5644</dst>
      <dst id="22">29.8400</dst>
      <dst id="2">397.5378</dst>
      <dst id="16">79.1733</dst>
      <dst id="20">1.0933</dst>
      <dst id="11">1.4756</dst>
      <dst id="9">802.3022</dst>
      <dst id="17">20250.4000</dst>
      <dst id="21">0.5156</dst>
      <dst id="15">0.3556</dst>
    </src>
    <src id="16">
      <dst id="12">97550.1333</dst>
      <dst id="13">1136.1956</dst>
      <dst id="19">3225.6889</dst>
      <dst id="23">15.7067</dst>
      <dst id="8">61102.2933</dst>
      <dst id="18">18.7733</dst>
      <dst id="4">921.1022</dst>
      <dst id="1">11333.0222</dst>
      <dst id="5">257698.7200</dst>
      <dst id="3">2673.9644</dst>
      <dst id="10">10.4000</dst>
      <dst id="2">362.0089</dst>
      <dst id="16">33178.7111</dst>
      <dst id="14">43774.3022</dst>
      <dst id="11">14583.7244</dst>
      <dst id="9">177707.9289</dst>
      <dst id="17">10856.8356</dst>
      <dst id="21">40.7111</dst>
    </src>
    <src id="14">
      <dst id="12">963.5289</dst>
      <dst id="13">2386.5778</dst>
      <dst id="19">21.4489</dst>
      <dst id="23">1.9556</dst>
      <dst id="8">1.2622</dst>
      <dst id="18">1.5378</dst>
      <dst id="4">91.6800</dst>
      <dst id="1">2430.0711</dst>
      <dst id="5">3.6533</dst>
      <dst id="3">866.4000</dst>
      <dst id="10">48.2578</dst>
      <dst id="22">25.2444</dst>
      <dst id="7">19.4044</dst>
      <dst id="2">110.2667</dst>
      <dst id="16">2407.7067</dst>
      <dst id="20">41.8489</dst>
      <dst id="11">37.8667</dst>
      <dst id="9">3413.2356</dst>
      <dst id="17">27865.7600</dst>
      <dst id="21">100.4622</dst>
      <dst id="15">0.8889</dst>
    </src>
    <src id="20">
      <dst id="12">87.4489</dst>
      <dst id="13">1505.1911</dst>
      <dst id="19">60.6933</dst>
      <dst id="8">1.0667</dst>
      <dst id="18">94.0889</dst>
      <dst id="4">180.4978</dst>
      <dst id="1">28.6667</dst>
      <dst id="5">1806.0444</dst>
      <dst id="3">1.3778</dst>
      <dst id="10">21.4133</dst>
      <dst id="7">41.6267</dst>
      <dst id="2">1019.2889</dst>
      <dst id="16">15456.7467</dst>
      <dst id="14">0.7111</dst>
      <dst id="11">13.8667</dst>
      <dst id="9">784.9333</dst>
      <dst id="17">1676.3378</dst>
      <dst id="21">17.5022</dst>
    </src>
    <src id="11">
      <dst id="12">31740.8978</dst>
      <dst id="13">1787.1644</dst>
      <dst id="19">55.2622</dst>
      <dst id="23">57.8489</dst>
      <dst id="8">27.3067</dst>
      <dst id="18">183.2178</dst>
      <dst id="4">150.4089</dst>
      <dst id="1">34790.0444</dst>
      <dst id="5">2545.1289</dst>
      <dst id="3">776.7111</dst>
      <dst id="10">803.4933</dst>
      <dst id="22">543.9556</dst>
      <dst id="2">7477.3956</dst>
      <dst id="16">10332.6400</dst>
      <dst id="14">95.1556</dst>
      <dst id="20">30.0711</dst>
      <dst id="11">1327.8044</dst>
      <dst id="9">42489.1822</dst>
      <dst id="17">471498.1511</dst>
      <dst id="21">369.4578</dst>
      <dst id="15">94.1511</dst>
    </src>
    <src id="9">
      <dst id="12">15938.7289</dst>
      <dst id="13">1522.5778</dst>
      <dst id="19">176.5067</dst>
      <dst id="23">0.4622</dst>
      <dst id="8">69557.0667</dst>
      <dst id="18">3.8667</dst>
      <dst id="4">1238.8800</dst>
      <dst id="1">12174.6400</dst>
      <dst id="5">441.0311</dst>
      <dst id="3">1097.7689</dst>
      <dst id="10">486.2933</dst>
      <dst id="22">82.9333</dst>
      <dst id="2">7022.7911</dst>
      <dst id="16">411628.7378</dst>
      <dst id="14">28.9778</dst>
      <dst id="11">63.2178</dst>
      <dst id="9">264999.9556</dst>
      <dst id="17">40176.5156</dst>
      <dst id="21">34.1600</dst>
      <dst id="15">118.5511</dst>
    </src>
    <src id="17">
      <dst id="12">67873.3511</dst>
      <dst id="13">31332.6222</dst>
      <dst id="19">607.8578</dst>
      <dst id="23">62.8356</dst>
      <dst id="8">67.5467</dst>
      <dst id="18">40.8444</dst>
      <dst id="4">6968.8800</dst>
      <dst id="1">13706.5956</dst>
      <dst id="5">167395.9289</dst>
      <dst id="3">4405.2533</dst>
      <dst id="10">3292.7644</dst>
      <dst id="22">85.1111</dst>
      <dst id="7">1749.1556</dst>
      <dst id="2">15054.5422</dst>
      <dst id="16">32777.1200</dst>
      <dst id="14">15948.9689</dst>
      <dst id="20">3389.6978</dst>
      <dst id="11">13684.9689</dst>
      <dst id="9">3388.6222</dst>
      <dst id="17">18772.4356</dst>
      <dst id="21">3512.1244</dst>
      <dst id="15">147.6444</dst>
    </src>
    <src id="21">
      <dst id="12">3203.8311</dst>
      <dst id="13">1223.4756</dst>
      <dst id="19">125.2889</dst>
      <dst id="23">7.4667</dst>
      <dst id="8">900.3200</dst>
      <dst id="18">257.6978</dst>
      <dst id="4">358.6844</dst>
      <dst id="1">13226.0444</dst>
      <dst id="5">193.5644</dst>
      <dst id="3">1516.2933</dst>
      <dst id="10">158.4711</dst>
      <dst id="22">329.1022</dst>
      <dst id="7">487.3422</dst>
      <dst id="2">2932.5244</dst>
      <dst id="16">6781.7511</dst>
      <dst id="14">183.4311</dst>
      <dst id="20">73.6356</dst>
      <dst id="11">103.0400</dst>
      <dst id="9">2383.4844</dst>
      <dst id="17">30764.8356</dst>
      <dst id="21">1451.9822</dst>
      <dst id="15">13.1200</dst>
    </src>
    <src id="15">
      <dst id="12">35.3333</dst>
      <dst id="13">420.0000</dst>
      <dst id="19">40.2844</dst>
      <dst id="18">95.4844</dst>
      <dst id="4">25.8844</dst>
      <dst id="1">41.7778</dst>
      <dst id="5">211.4578</dst>
      <dst id="10">95.8044</dst>
      <dst id="2">15.2711</dst>
      <dst id="16">776.4711</dst>
      <dst id="14">0.8889</dst>
      <dst id="11">39.9289</dst>
      <dst id="9">287.7778</dst>
      <dst id="17">764.1867</dst>
      <dst id="21">0.3556</dst>
    </src>
  </IntraTM>
</TrafficMatrixFile>
