<?xml version="1.0" encoding="UTF-8" standalone="yes"?>
<TrafficMatrixFile xmlns:xsi="http://www.w3.org/2001/XMLSchema-instance" xsi:noNamespaceSchemaLocation="http://totem.run.montefiore.ulg.ac.be/Schema/TrafficMatrix-v1_2.xsd">
  <info>
    <title>Intradomain traffic matrix generated by geant-TM-all.pl</title>
    <date>2005-03-30T02:30:00</date>
    <duration>900</duration>
    <author>Steve Uhlig</author>
    <units>
        <unit type="bandwidth" value="kbps"/>
    </units>
  </info>
  <IntraTM ASID="20965">
    <src id="12">
      <dst id="12">286101.4222</dst>
      <dst id="13">19093.1644</dst>
      <dst id="19">3617.1378</dst>
      <dst id="23">1841.3244</dst>
      <dst id="8">198.9333</dst>
      <dst id="18">55338.3911</dst>
      <dst id="4">1777.3956</dst>
      <dst id="1">34328.0533</dst>
      <dst id="5">1802.8000</dst>
      <dst id="3">97.8667</dst>
      <dst id="10">2762.3911</dst>
      <dst id="22">7836.5422</dst>
      <dst id="7">684.3822</dst>
      <dst id="2">20524.6933</dst>
      <dst id="6">24857.3778</dst>
      <dst id="16">1961.6889</dst>
      <dst id="14">641.7422</dst>
      <dst id="20">975.4667</dst>
      <dst id="11">71.2711</dst>
      <dst id="9">1155.6000</dst>
      <dst id="17">43632.5156</dst>
      <dst id="21">361.6267</dst>
      <dst id="15">2378.2844</dst>
    </src>
    <src id="13">
      <dst id="12">32295.1822</dst>
      <dst id="13">98.8444</dst>
      <dst id="19">2226.8000</dst>
      <dst id="23">16.6044</dst>
      <dst id="8">41.0222</dst>
      <dst id="18">5418.2756</dst>
      <dst id="4">1.9378</dst>
      <dst id="1">3020.2222</dst>
      <dst id="5">2316.3556</dst>
      <dst id="3">5.1022</dst>
      <dst id="22">18193.0222</dst>
      <dst id="7">281.0756</dst>
      <dst id="2">2571.4667</dst>
      <dst id="6">27.4756</dst>
      <dst id="16">2302.0356</dst>
      <dst id="14">256.2756</dst>
      <dst id="20">321.8844</dst>
      <dst id="11">1447.9556</dst>
      <dst id="9">3825.7778</dst>
      <dst id="17">11790.6756</dst>
      <dst id="21">3048.3733</dst>
      <dst id="15">180.5689</dst>
    </src>
    <src id="19">
      <dst id="12">22394.1778</dst>
      <dst id="13">957.3511</dst>
      <dst id="18">0.3556</dst>
      <dst id="4">125.0044</dst>
      <dst id="1">460.8533</dst>
      <dst id="5">54.8000</dst>
      <dst id="10">152.5244</dst>
      <dst id="22">30.0444</dst>
      <dst id="7">3210.8889</dst>
      <dst id="2">706.4000</dst>
      <dst id="6">63.4667</dst>
      <dst id="16">950.2667</dst>
      <dst id="14">2061.1911</dst>
      <dst id="20">2.1422</dst>
      <dst id="11">13.8578</dst>
      <dst id="9">4.1867</dst>
      <dst id="17">977.6444</dst>
      <dst id="21">82.5956</dst>
    </src>
    <src id="23">
      <dst id="12">2562.7822</dst>
      <dst id="13">292.1956</dst>
      <dst id="18">26.6667</dst>
      <dst id="4">54.8978</dst>
      <dst id="1">95.7067</dst>
      <dst id="3">0.3556</dst>
      <dst id="10">182.0089</dst>
      <dst id="22">4.4178</dst>
      <dst id="7">135.1200</dst>
      <dst id="2">2.2667</dst>
      <dst id="16">0.3556</dst>
      <dst id="14">6.3467</dst>
      <dst id="11">42.0444</dst>
      <dst id="9">109.3156</dst>
      <dst id="17">201.5289</dst>
      <dst id="21">29.1556</dst>
    </src>
    <src id="8">
      <dst id="12">6769.6800</dst>
      <dst id="13">212.0444</dst>
      <dst id="19">25.2444</dst>
      <dst id="18">0.3644</dst>
      <dst id="4">57.5378</dst>
      <dst id="1">2270.7733</dst>
      <dst id="5">290.6756</dst>
      <dst id="10">6.6489</dst>
      <dst id="22">0.7111</dst>
      <dst id="7">0.3556</dst>
      <dst id="2">42.7733</dst>
      <dst id="6">0.3556</dst>
      <dst id="16">179612.2222</dst>
      <dst id="11">13.6800</dst>
      <dst id="9">42246.1422</dst>
      <dst id="17">15846.2933</dst>
      <dst id="15">0.7911</dst>
    </src>
    <src id="18">
      <dst id="12">92554.1867</dst>
      <dst id="13">588.9156</dst>
      <dst id="19">0.8356</dst>
      <dst id="23">1.6000</dst>
      <dst id="8">3.5467</dst>
      <dst id="4">59.8044</dst>
      <dst id="1">757.5467</dst>
      <dst id="5">168.3378</dst>
      <dst id="3">2085.3689</dst>
      <dst id="10">5.5556</dst>
      <dst id="22">175.5556</dst>
      <dst id="7">34.1778</dst>
      <dst id="2">7412.4711</dst>
      <dst id="16">329.0400</dst>
      <dst id="14">13.7778</dst>
      <dst id="20">196.1067</dst>
      <dst id="11">28.4711</dst>
      <dst id="9">705.8400</dst>
      <dst id="17">6669.1111</dst>
      <dst id="21">215.7867</dst>
    </src>
    <src id="4">
      <dst id="12">21710.2044</dst>
      <dst id="13">3.1822</dst>
      <dst id="19">4418.8622</dst>
      <dst id="23">1989.9022</dst>
      <dst id="8">392.0000</dst>
      <dst id="18">1050.9244</dst>
      <dst id="4">3341.9378</dst>
      <dst id="1">128794.5689</dst>
      <dst id="5">2828.0000</dst>
      <dst id="3">53.1733</dst>
      <dst id="22">2642.2311</dst>
      <dst id="7">322.5689</dst>
      <dst id="2">57959.6533</dst>
      <dst id="6">108.8711</dst>
      <dst id="16">78199.6711</dst>
      <dst id="14">7957.6178</dst>
      <dst id="11">107.6533</dst>
      <dst id="9">22467.5911</dst>
      <dst id="17">53366.8889</dst>
      <dst id="21">5344.8800</dst>
      <dst id="15">139.3778</dst>
    </src>
    <src id="1">
      <dst id="12">420189.3867</dst>
      <dst id="13">1417.4311</dst>
      <dst id="19">78.7822</dst>
      <dst id="23">50.8089</dst>
      <dst id="8">35.0933</dst>
      <dst id="18">12407.2978</dst>
      <dst id="4">541.2711</dst>
      <dst id="1">13793.9467</dst>
      <dst id="5">338.4800</dst>
      <dst id="3">131.0400</dst>
      <dst id="10">66.5956</dst>
      <dst id="22">2.2667</dst>
      <dst id="7">1978.0533</dst>
      <dst id="2">1236.9422</dst>
      <dst id="16">813044.6933</dst>
      <dst id="14">6169.5378</dst>
      <dst id="20">116.6578</dst>
      <dst id="11">102.7200</dst>
      <dst id="9">6561.8667</dst>
      <dst id="17">1525.2178</dst>
      <dst id="21">226372.7378</dst>
      <dst id="15">145.4222</dst>
    </src>
    <src id="5">
      <dst id="12">22072.5067</dst>
      <dst id="13">2852.5689</dst>
      <dst id="19">74.9511</dst>
      <dst id="8">85.7422</dst>
      <dst id="18">7.3333</dst>
      <dst id="4">271.5378</dst>
      <dst id="1">4520.3200</dst>
      <dst id="10">32.5689</dst>
      <dst id="22">132.9422</dst>
      <dst id="7">18.7111</dst>
      <dst id="2">2405.2178</dst>
      <dst id="6">29.4044</dst>
      <dst id="16">342429.7511</dst>
      <dst id="14">7.0133</dst>
      <dst id="11">8.5867</dst>
      <dst id="9">54024.9867</dst>
      <dst id="17">27615.1111</dst>
      <dst id="21">51.7511</dst>
      <dst id="15">1329.1378</dst>
    </src>
    <src id="3">
      <dst id="12">1550.7378</dst>
      <dst id="13">31808.4356</dst>
      <dst id="19">1086.0444</dst>
      <dst id="23">13.7244</dst>
      <dst id="8">21.1022</dst>
      <dst id="18">1220.4711</dst>
      <dst id="4">867.3778</dst>
      <dst id="1">3992.2667</dst>
      <dst id="5">63.9022</dst>
      <dst id="3">300.1244</dst>
      <dst id="10">357.6089</dst>
      <dst id="22">14.6578</dst>
      <dst id="7">661.4578</dst>
      <dst id="2">2634.3911</dst>
      <dst id="6">90.0089</dst>
      <dst id="16">9469.2800</dst>
      <dst id="14">122.8267</dst>
      <dst id="20">40.5333</dst>
      <dst id="11">1370.2400</dst>
      <dst id="9">466.7911</dst>
      <dst id="17">50157.3600</dst>
      <dst id="21">538.4089</dst>
      <dst id="15">5.2267</dst>
    </src>
    <src id="10">
      <dst id="12">4045.3422</dst>
      <dst id="13">729.3867</dst>
      <dst id="19">145.8044</dst>
      <dst id="23">82.8178</dst>
      <dst id="8">34.4000</dst>
      <dst id="18">3562.5333</dst>
      <dst id="1">364.1778</dst>
      <dst id="5">237.3511</dst>
      <dst id="3">245.0044</dst>
      <dst id="10">12.6222</dst>
      <dst id="22">3.0133</dst>
      <dst id="7">421.9644</dst>
      <dst id="2">9624.9689</dst>
      <dst id="6">6.7733</dst>
      <dst id="16">24129.5467</dst>
      <dst id="14">1253.6444</dst>
      <dst id="20">10400.7200</dst>
      <dst id="11">16.5244</dst>
      <dst id="9">6175.4756</dst>
      <dst id="17">27201.0756</dst>
      <dst id="21">11511.4400</dst>
      <dst id="15">29.9911</dst>
    </src>
    <src id="22">
      <dst id="12">5579.1289</dst>
      <dst id="13">10326.6311</dst>
      <dst id="19">90.7644</dst>
      <dst id="23">9.6089</dst>
      <dst id="8">46.7022</dst>
      <dst id="18">90.0444</dst>
      <dst id="4">683.0400</dst>
      <dst id="1">215.5467</dst>
      <dst id="5">1608.8267</dst>
      <dst id="3">1.4756</dst>
      <dst id="10">404.2667</dst>
      <dst id="7">35.3956</dst>
      <dst id="2">2008.6311</dst>
      <dst id="6">26.5244</dst>
      <dst id="16">326.7911</dst>
      <dst id="14">942.3644</dst>
      <dst id="20">23128.7378</dst>
      <dst id="11">60.5511</dst>
      <dst id="9">1729.8133</dst>
      <dst id="17">2758.8533</dst>
      <dst id="21">1193.5378</dst>
      <dst id="15">614.5956</dst>
    </src>
    <src id="7">
      <dst id="12">6414.4444</dst>
      <dst id="13">27376.6222</dst>
      <dst id="19">714.5156</dst>
      <dst id="23">46.1244</dst>
      <dst id="8">33.4489</dst>
      <dst id="18">91.9200</dst>
      <dst id="4">3385.1822</dst>
      <dst id="1">1298.3289</dst>
      <dst id="5">1425.3689</dst>
      <dst id="3">94.8889</dst>
      <dst id="10">148.3289</dst>
      <dst id="22">750.1244</dst>
      <dst id="7">26.4800</dst>
      <dst id="2">1887.8844</dst>
      <dst id="6">13.6889</dst>
      <dst id="16">758.6844</dst>
      <dst id="14">308.8622</dst>
      <dst id="20">1697.4222</dst>
      <dst id="11">577.6711</dst>
      <dst id="9">150.2756</dst>
      <dst id="17">3734.3644</dst>
      <dst id="21">6769.4133</dst>
      <dst id="15">329.4400</dst>
    </src>
    <src id="2">
      <dst id="12">72510.9156</dst>
      <dst id="13">39738.7022</dst>
      <dst id="19">419.7689</dst>
      <dst id="8">33.1378</dst>
      <dst id="18">31472.6133</dst>
      <dst id="4">1772.5156</dst>
      <dst id="1">3040.1067</dst>
      <dst id="5">386.6933</dst>
      <dst id="3">75.1378</dst>
      <dst id="10">1357.8400</dst>
      <dst id="22">229.9022</dst>
      <dst id="7">5129.9200</dst>
      <dst id="2">1980.0267</dst>
      <dst id="6">11907.6800</dst>
      <dst id="16">1936.2311</dst>
      <dst id="14">662.7467</dst>
      <dst id="20">77.6356</dst>
      <dst id="11">180.9422</dst>
      <dst id="9">256.0444</dst>
      <dst id="17">18386.7022</dst>
      <dst id="21">553.0400</dst>
      <dst id="15">14.8889</dst>
    </src>
    <src id="6">
      <dst id="12">274.0356</dst>
      <dst id="13">53.1289</dst>
      <dst id="19">3.1733</dst>
      <dst id="23">1.1378</dst>
      <dst id="8">0.8267</dst>
      <dst id="4">62.0178</dst>
      <dst id="1">143.5200</dst>
      <dst id="5">39.8578</dst>
      <dst id="3">2.2400</dst>
      <dst id="22">12.3556</dst>
      <dst id="7">60.3022</dst>
      <dst id="2">1326.6044</dst>
      <dst id="16">24.4978</dst>
      <dst id="9">62.8089</dst>
      <dst id="17">21884.0978</dst>
      <dst id="21">9.2178</dst>
    </src>
    <src id="16">
      <dst id="12">102989.6356</dst>
      <dst id="13">3017.8578</dst>
      <dst id="19">4086.0267</dst>
      <dst id="23">11.4489</dst>
      <dst id="8">61052.5689</dst>
      <dst id="18">3.2089</dst>
      <dst id="4">242.7733</dst>
      <dst id="1">9903.3067</dst>
      <dst id="5">229242.1600</dst>
      <dst id="3">5393.5911</dst>
      <dst id="10">954.1067</dst>
      <dst id="7">32.7200</dst>
      <dst id="2">466.1867</dst>
      <dst id="6">1.1022</dst>
      <dst id="16">11676.9600</dst>
      <dst id="14">53311.1200</dst>
      <dst id="11">13786.3822</dst>
      <dst id="9">174485.3422</dst>
      <dst id="17">1611.5289</dst>
      <dst id="21">0.3556</dst>
    </src>
    <src id="14">
      <dst id="12">830.4889</dst>
      <dst id="13">251.3422</dst>
      <dst id="19">72.1867</dst>
      <dst id="23">0.4622</dst>
      <dst id="18">1.6000</dst>
      <dst id="4">347.2978</dst>
      <dst id="1">458.5156</dst>
      <dst id="5">64.1956</dst>
      <dst id="3">2199.0667</dst>
      <dst id="10">317.3511</dst>
      <dst id="7">72.5956</dst>
      <dst id="2">1842.4444</dst>
      <dst id="16">2527.4489</dst>
      <dst id="20">2.3111</dst>
      <dst id="11">0.4622</dst>
      <dst id="9">319.9556</dst>
      <dst id="17">26216.8267</dst>
      <dst id="21">70.3911</dst>
    </src>
    <src id="20">
      <dst id="12">688.6400</dst>
      <dst id="13">4846.5422</dst>
      <dst id="19">15.7244</dst>
      <dst id="23">1.1378</dst>
      <dst id="18">6.8267</dst>
      <dst id="4">131.0400</dst>
      <dst id="1">1772.4711</dst>
      <dst id="5">155.2356</dst>
      <dst id="10">37.9111</dst>
      <dst id="22">21565.1022</dst>
      <dst id="7">351.3867</dst>
      <dst id="2">284.3289</dst>
      <dst id="16">3615.4489</dst>
      <dst id="14">1.5289</dst>
      <dst id="11">14.3289</dst>
      <dst id="9">326.9067</dst>
      <dst id="17">1263.4489</dst>
      <dst id="21">40.8356</dst>
    </src>
    <src id="11">
      <dst id="12">35888.4978</dst>
      <dst id="13">3527.7867</dst>
      <dst id="19">43.6444</dst>
      <dst id="23">7.1200</dst>
      <dst id="8">1024.8978</dst>
      <dst id="18">246.0089</dst>
      <dst id="4">923.5200</dst>
      <dst id="1">5019.8756</dst>
      <dst id="5">737.2800</dst>
      <dst id="3">921.4133</dst>
      <dst id="10">365.7778</dst>
      <dst id="22">58.4978</dst>
      <dst id="7">311.4133</dst>
      <dst id="2">70588.6400</dst>
      <dst id="6">1.2267</dst>
      <dst id="16">10194.1867</dst>
      <dst id="14">39.6356</dst>
      <dst id="20">420.9689</dst>
      <dst id="11">961.2978</dst>
      <dst id="9">2903.9378</dst>
      <dst id="17">588894.0533</dst>
      <dst id="21">280.7200</dst>
      <dst id="15">13.5022</dst>
    </src>
    <src id="9">
      <dst id="12">28390.7467</dst>
      <dst id="13">1857.1467</dst>
      <dst id="19">15.7778</dst>
      <dst id="23">79.7156</dst>
      <dst id="8">56614.5422</dst>
      <dst id="18">40.9067</dst>
      <dst id="4">857.1289</dst>
      <dst id="1">7368.5511</dst>
      <dst id="5">208.6933</dst>
      <dst id="10">103.9911</dst>
      <dst id="22">0.3556</dst>
      <dst id="7">148.1067</dst>
      <dst id="2">1170.6222</dst>
      <dst id="6">5.4578</dst>
      <dst id="16">440562.2044</dst>
      <dst id="14">0.9956</dst>
      <dst id="11">44.5244</dst>
      <dst id="9">240357.9911</dst>
      <dst id="17">48531.5467</dst>
      <dst id="21">66.2400</dst>
      <dst id="15">131.0667</dst>
    </src>
    <src id="17">
      <dst id="12">78954.4089</dst>
      <dst id="13">54949.2622</dst>
      <dst id="19">547.1467</dst>
      <dst id="23">28.6578</dst>
      <dst id="8">314.5422</dst>
      <dst id="18">27.1378</dst>
      <dst id="4">4995.7511</dst>
      <dst id="1">835.7600</dst>
      <dst id="5">139181.0044</dst>
      <dst id="3">4588.4000</dst>
      <dst id="10">28310.9956</dst>
      <dst id="22">5.0933</dst>
      <dst id="7">3988.9511</dst>
      <dst id="2">29941.8667</dst>
      <dst id="6">30.3289</dst>
      <dst id="16">30670.2667</dst>
      <dst id="14">26656.7733</dst>
      <dst id="20">328.5956</dst>
      <dst id="11">10289.1111</dst>
      <dst id="9">2242.9067</dst>
      <dst id="17">14849.9556</dst>
      <dst id="21">1830.3289</dst>
      <dst id="15">115.3422</dst>
    </src>
    <src id="21">
      <dst id="12">1332.4978</dst>
      <dst id="13">5584.3467</dst>
      <dst id="19">30.2222</dst>
      <dst id="23">0.9867</dst>
      <dst id="8">17.7689</dst>
      <dst id="18">2153.7244</dst>
      <dst id="4">190.9511</dst>
      <dst id="1">8967.6089</dst>
      <dst id="5">476.9600</dst>
      <dst id="3">826.0533</dst>
      <dst id="10">174.7378</dst>
      <dst id="22">15.0400</dst>
      <dst id="7">2997.6267</dst>
      <dst id="2">6465.4489</dst>
      <dst id="6">0.3556</dst>
      <dst id="16">4184.8267</dst>
      <dst id="14">63.4578</dst>
      <dst id="20">218.1600</dst>
      <dst id="11">136.1600</dst>
      <dst id="9">460.1333</dst>
      <dst id="17">34327.7689</dst>
      <dst id="21">1317.7867</dst>
      <dst id="15">65.1289</dst>
    </src>
    <src id="15">
      <dst id="12">307.5022</dst>
      <dst id="13">48.8089</dst>
      <dst id="19">0.3556</dst>
      <dst id="8">4.5600</dst>
      <dst id="18">9.6889</dst>
      <dst id="4">2.3467</dst>
      <dst id="1">266.4533</dst>
      <dst id="5">58.8978</dst>
      <dst id="10">55.3422</dst>
      <dst id="7">21.5822</dst>
      <dst id="2">8.4089</dst>
      <dst id="6">0.4267</dst>
      <dst id="16">222.0178</dst>
      <dst id="14">2.6756</dst>
      <dst id="11">48.8178</dst>
      <dst id="9">359.0667</dst>
      <dst id="17">881.3511</dst>
    </src>
  </IntraTM>
</TrafficMatrixFile>
