<?xml version="1.0" encoding="UTF-8" standalone="yes"?>
<TrafficMatrixFile xmlns:xsi="http://www.w3.org/2001/XMLSchema-instance" xsi:noNamespaceSchemaLocation="http://totem.run.montefiore.ulg.ac.be/Schema/TrafficMatrix-v1_2.xsd">
  <info>
    <title>Intradomain traffic matrix generated by geant-TM-all.pl</title>
    <date>2005-04-27T00:00:00</date>
    <duration>900</duration>
    <author>Steve Uhlig</author>
    <units>
        <unit type="bandwidth" value="kbps"/>
    </units>
  </info>
  <IntraTM ASID="20965">
    <src id="12">
      <dst id="12">343636.8000</dst>
      <dst id="13">42683.6978</dst>
      <dst id="19">2885.7867</dst>
      <dst id="23">2521.8222</dst>
      <dst id="8">1915.1111</dst>
      <dst id="18">37324.4000</dst>
      <dst id="4">4746.0800</dst>
      <dst id="1">28851.7778</dst>
      <dst id="5">2511.0844</dst>
      <dst id="3">639.5289</dst>
      <dst id="10">2841.9022</dst>
      <dst id="22">1407.4311</dst>
      <dst id="7">5911.6356</dst>
      <dst id="2">12315.0933</dst>
      <dst id="16">3772.3111</dst>
      <dst id="14">4693.1733</dst>
      <dst id="20">1660.1867</dst>
      <dst id="11">344.9956</dst>
      <dst id="9">36648.8356</dst>
      <dst id="17">58843.7956</dst>
      <dst id="21">3864.6933</dst>
      <dst id="15">57.7244</dst>
    </src>
    <src id="13">
      <dst id="12">19870.6133</dst>
      <dst id="13">143.6622</dst>
      <dst id="19">6282.0622</dst>
      <dst id="23">24.4800</dst>
      <dst id="8">5520.6133</dst>
      <dst id="18">527.3244</dst>
      <dst id="1">5277.2800</dst>
      <dst id="5">3756.6844</dst>
      <dst id="3">28.2311</dst>
      <dst id="22">229.5378</dst>
      <dst id="7">757.3333</dst>
      <dst id="2">7919.4667</dst>
      <dst id="16">6994.5244</dst>
      <dst id="14">1258.7556</dst>
      <dst id="20">1306.4178</dst>
      <dst id="11">25.1911</dst>
      <dst id="9">2010.7733</dst>
      <dst id="17">24214.1778</dst>
      <dst id="21">490.6133</dst>
      <dst id="15">70.8356</dst>
    </src>
    <src id="19">
      <dst id="12">31889.1289</dst>
      <dst id="13">836.7644</dst>
      <dst id="23">151.2533</dst>
      <dst id="8">0.7822</dst>
      <dst id="18">2.9956</dst>
      <dst id="4">250.7644</dst>
      <dst id="1">276.7289</dst>
      <dst id="5">30.4444</dst>
      <dst id="3">3.2889</dst>
      <dst id="10">132.2578</dst>
      <dst id="22">39.8222</dst>
      <dst id="7">591.5467</dst>
      <dst id="2">460.9867</dst>
      <dst id="16">177.1733</dst>
      <dst id="14">130.5956</dst>
      <dst id="20">122.9956</dst>
      <dst id="11">0.9956</dst>
      <dst id="9">485.2533</dst>
      <dst id="17">1233.3600</dst>
      <dst id="21">546.7111</dst>
      <dst id="15">0.4622</dst>
    </src>
    <src id="23">
      <dst id="12">6042.9244</dst>
      <dst id="13">170.6311</dst>
      <dst id="19">16.1600</dst>
      <dst id="8">48.4089</dst>
      <dst id="4">1492.1867</dst>
      <dst id="1">112.0889</dst>
      <dst id="5">56.1778</dst>
      <dst id="3">0.3556</dst>
      <dst id="10">27.8489</dst>
      <dst id="7">22.3022</dst>
      <dst id="2">1.6889</dst>
      <dst id="16">0.3556</dst>
      <dst id="14">78.1156</dst>
      <dst id="11">45.2356</dst>
      <dst id="9">48.8267</dst>
      <dst id="17">433.9467</dst>
      <dst id="21">25515.6000</dst>
      <dst id="15">13.3333</dst>
    </src>
    <src id="8">
      <dst id="12">10350.8622</dst>
      <dst id="13">641.0667</dst>
      <dst id="19">15.1378</dst>
      <dst id="23">38.1867</dst>
      <dst id="18">0.7022</dst>
      <dst id="4">253.1289</dst>
      <dst id="1">2671.8400</dst>
      <dst id="5">520.5600</dst>
      <dst id="3">232.2311</dst>
      <dst id="10">25.2889</dst>
      <dst id="2">88.6489</dst>
      <dst id="16">249505.2267</dst>
      <dst id="14">12.9778</dst>
      <dst id="11">12.6222</dst>
      <dst id="9">83566.1067</dst>
      <dst id="17">19950.6489</dst>
      <dst id="21">14.3289</dst>
      <dst id="15">33.6089</dst>
    </src>
    <src id="18">
      <dst id="12">116528.5956</dst>
      <dst id="13">152.2044</dst>
      <dst id="19">1.5467</dst>
      <dst id="8">143.6089</dst>
      <dst id="4">58.8178</dst>
      <dst id="1">9398.2933</dst>
      <dst id="5">164.6222</dst>
      <dst id="3">1457.9111</dst>
      <dst id="10">42.4178</dst>
      <dst id="22">98.6311</dst>
      <dst id="7">82.4978</dst>
      <dst id="2">3593.3778</dst>
      <dst id="16">231.2178</dst>
      <dst id="14">4.5600</dst>
      <dst id="20">0.7111</dst>
      <dst id="11">0.3378</dst>
      <dst id="9">13133.6978</dst>
      <dst id="17">4811.6178</dst>
      <dst id="21">25.0756</dst>
      <dst id="15">1.2089</dst>
    </src>
    <src id="4">
      <dst id="12">15297.4667</dst>
      <dst id="13">4.0000</dst>
      <dst id="19">3611.3867</dst>
      <dst id="23">538.0889</dst>
      <dst id="8">1023.6178</dst>
      <dst id="18">580.2489</dst>
      <dst id="4">2000.5778</dst>
      <dst id="1">24251.1556</dst>
      <dst id="5">7026.8089</dst>
      <dst id="3">0.8000</dst>
      <dst id="7">14.0444</dst>
      <dst id="2">54035.7067</dst>
      <dst id="16">176087.8222</dst>
      <dst id="14">4865.7867</dst>
      <dst id="11">350.4000</dst>
      <dst id="9">13235.3067</dst>
      <dst id="17">63984.5956</dst>
      <dst id="21">16204.9778</dst>
      <dst id="15">864.7822</dst>
    </src>
    <src id="1">
      <dst id="12">208369.8044</dst>
      <dst id="13">16970.7467</dst>
      <dst id="19">48.4089</dst>
      <dst id="23">134.1956</dst>
      <dst id="8">41.9200</dst>
      <dst id="18">16536.1689</dst>
      <dst id="4">905.3422</dst>
      <dst id="1">1043259.3244</dst>
      <dst id="5">688.6044</dst>
      <dst id="3">9.8844</dst>
      <dst id="10">112.2489</dst>
      <dst id="7">5335.3867</dst>
      <dst id="2">33730.1422</dst>
      <dst id="16">144031.9111</dst>
      <dst id="14">198.4622</dst>
      <dst id="20">15.4756</dst>
      <dst id="11">4915.6089</dst>
      <dst id="9">1028.5778</dst>
      <dst id="17">31915.0222</dst>
      <dst id="21">1245343.7689</dst>
      <dst id="15">73.9556</dst>
    </src>
    <src id="5">
      <dst id="12">25860.6578</dst>
      <dst id="13">2397.6622</dst>
      <dst id="19">1.7778</dst>
      <dst id="23">0.3556</dst>
      <dst id="8">343.6356</dst>
      <dst id="18">30.5422</dst>
      <dst id="4">2894.8178</dst>
      <dst id="1">40638.6933</dst>
      <dst id="3">379.8844</dst>
      <dst id="10">251.2622</dst>
      <dst id="2">1675.7511</dst>
      <dst id="16">395089.2089</dst>
      <dst id="14">2.3467</dst>
      <dst id="11">60.2667</dst>
      <dst id="9">59629.4400</dst>
      <dst id="17">34941.3600</dst>
      <dst id="21">4.3733</dst>
      <dst id="15">133.5644</dst>
    </src>
    <src id="3">
      <dst id="12">1891.9111</dst>
      <dst id="13">61432.1244</dst>
      <dst id="19">11793.1911</dst>
      <dst id="23">22.6756</dst>
      <dst id="8">12.5156</dst>
      <dst id="18">13.5111</dst>
      <dst id="4">485.5467</dst>
      <dst id="1">21944.5867</dst>
      <dst id="5">293.9022</dst>
      <dst id="3">203.9022</dst>
      <dst id="10">422.5156</dst>
      <dst id="7">37345.5022</dst>
      <dst id="2">999.4667</dst>
      <dst id="16">18715.7244</dst>
      <dst id="14">152.0889</dst>
      <dst id="20">18.5956</dst>
      <dst id="11">280.7200</dst>
      <dst id="9">3750.1689</dst>
      <dst id="17">28053.6178</dst>
      <dst id="21">860.7022</dst>
      <dst id="15">1.7778</dst>
    </src>
    <src id="10">
      <dst id="12">5776.8533</dst>
      <dst id="13">22.1156</dst>
      <dst id="19">1094.1956</dst>
      <dst id="23">4123.6000</dst>
      <dst id="8">92.5067</dst>
      <dst id="18">2991.7067</dst>
      <dst id="1">1849.0400</dst>
      <dst id="5">2670.7822</dst>
      <dst id="3">60.7022</dst>
      <dst id="7">1.6889</dst>
      <dst id="2">25581.5200</dst>
      <dst id="16">22836.6400</dst>
      <dst id="14">3857.9467</dst>
      <dst id="20">2952.4978</dst>
      <dst id="11">49.4844</dst>
      <dst id="9">4863.5733</dst>
      <dst id="17">16338.8267</dst>
      <dst id="21">9332.7378</dst>
      <dst id="15">66.1956</dst>
    </src>
    <src id="22">
      <dst id="12">8256.3200</dst>
      <dst id="13">4346.5422</dst>
      <dst id="19">51.9644</dst>
      <dst id="23">2.1689</dst>
      <dst id="8">1137.7422</dst>
      <dst id="18">391.3156</dst>
      <dst id="4">771.9289</dst>
      <dst id="1">151.8489</dst>
      <dst id="5">1709.7511</dst>
      <dst id="3">294.2844</dst>
      <dst id="10">253.2178</dst>
      <dst id="7">69.8756</dst>
      <dst id="2">5768.2844</dst>
      <dst id="16">68.7911</dst>
      <dst id="14">39.0044</dst>
      <dst id="11">37.4311</dst>
      <dst id="9">5950.7911</dst>
      <dst id="17">4774.7200</dst>
      <dst id="21">567.6800</dst>
    </src>
    <src id="7">
      <dst id="12">7386.6756</dst>
      <dst id="13">11907.4311</dst>
      <dst id="19">157.7422</dst>
      <dst id="23">68.9600</dst>
      <dst id="8">215.8933</dst>
      <dst id="18">3.6533</dst>
      <dst id="4">427.4311</dst>
      <dst id="1">1437.6356</dst>
      <dst id="5">433.8400</dst>
      <dst id="3">208.3467</dst>
      <dst id="10">176.7289</dst>
      <dst id="22">73.3689</dst>
      <dst id="7">16.6667</dst>
      <dst id="2">611.0667</dst>
      <dst id="16">43.0844</dst>
      <dst id="14">238.2933</dst>
      <dst id="20">26.3822</dst>
      <dst id="11">18.6667</dst>
      <dst id="9">431.4400</dst>
      <dst id="17">1510.2400</dst>
      <dst id="21">990.8800</dst>
      <dst id="15">0.4978</dst>
    </src>
    <src id="2">
      <dst id="12">90327.4667</dst>
      <dst id="13">18797.0578</dst>
      <dst id="19">664.6044</dst>
      <dst id="23">0.3556</dst>
      <dst id="8">2297.7067</dst>
      <dst id="18">25706.7556</dst>
      <dst id="4">4824.0178</dst>
      <dst id="1">39543.9822</dst>
      <dst id="5">4740.2044</dst>
      <dst id="3">8.9067</dst>
      <dst id="10">1513.9467</dst>
      <dst id="22">159.7600</dst>
      <dst id="7">8347.1200</dst>
      <dst id="2">3144.5511</dst>
      <dst id="6">2.2844</dst>
      <dst id="16">246.8444</dst>
      <dst id="14">320.4178</dst>
      <dst id="20">5197.2444</dst>
      <dst id="11">247.8489</dst>
      <dst id="9">2424.2489</dst>
      <dst id="17">303426.9333</dst>
      <dst id="21">1084.7200</dst>
      <dst id="15">2.2756</dst>
    </src>
    <src id="6">
      <dst id="12">688.9956</dst>
      <dst id="13">87.3600</dst>
      <dst id="19">3.5111</dst>
      <dst id="18">0.3556</dst>
      <dst id="4">1.7333</dst>
      <dst id="1">2723.1022</dst>
      <dst id="5">0.8089</dst>
      <dst id="3">29.6711</dst>
      <dst id="22">4.1333</dst>
      <dst id="7">54.7200</dst>
      <dst id="2">380.9422</dst>
      <dst id="16">15.9822</dst>
      <dst id="14">75.6622</dst>
      <dst id="11">1.8044</dst>
      <dst id="9">1252.4800</dst>
      <dst id="17">30872.2844</dst>
      <dst id="21">0.9156</dst>
      <dst id="15">1.1733</dst>
    </src>
    <src id="16">
      <dst id="12">130856.7111</dst>
      <dst id="13">1266.5600</dst>
      <dst id="19">4188.0089</dst>
      <dst id="23">43.3067</dst>
      <dst id="8">102240.6400</dst>
      <dst id="18">7.8578</dst>
      <dst id="4">225.5556</dst>
      <dst id="1">18128.9156</dst>
      <dst id="5">289473.5289</dst>
      <dst id="3">4261.2711</dst>
      <dst id="10">134.1422</dst>
      <dst id="2">1785.7600</dst>
      <dst id="16">33732.3467</dst>
      <dst id="14">60184.7378</dst>
      <dst id="11">17171.9200</dst>
      <dst id="9">174835.5822</dst>
      <dst id="17">3368.9156</dst>
      <dst id="21">3.3156</dst>
    </src>
    <src id="14">
      <dst id="12">603.9111</dst>
      <dst id="13">147.8756</dst>
      <dst id="19">9.0044</dst>
      <dst id="23">26.3111</dst>
      <dst id="18">4.4089</dst>
      <dst id="4">128.6222</dst>
      <dst id="1">3208.2400</dst>
      <dst id="5">50.8622</dst>
      <dst id="3">1169.8844</dst>
      <dst id="10">129.5644</dst>
      <dst id="7">16.1778</dst>
      <dst id="2">109.9467</dst>
      <dst id="16">2395.9111</dst>
      <dst id="20">2.1511</dst>
      <dst id="11">4.9333</dst>
      <dst id="9">1051.3244</dst>
      <dst id="17">40116.0000</dst>
      <dst id="21">113.2533</dst>
      <dst id="15">0.3556</dst>
    </src>
    <src id="20">
      <dst id="12">797.9644</dst>
      <dst id="13">4536.4000</dst>
      <dst id="19">3749.1556</dst>
      <dst id="8">39.0756</dst>
      <dst id="4">217.4311</dst>
      <dst id="1">115.1822</dst>
      <dst id="5">772.6044</dst>
      <dst id="3">0.7111</dst>
      <dst id="10">38.4978</dst>
      <dst id="22">13.3333</dst>
      <dst id="7">44.6578</dst>
      <dst id="2">24.7556</dst>
      <dst id="16">8327.7956</dst>
      <dst id="14">1.2089</dst>
      <dst id="20">29.1200</dst>
      <dst id="11">14.3911</dst>
      <dst id="9">184.4356</dst>
      <dst id="17">3241.8489</dst>
      <dst id="21">95.5467</dst>
    </src>
    <src id="11">
      <dst id="12">28021.4756</dst>
      <dst id="13">4458.7733</dst>
      <dst id="19">2185.7156</dst>
      <dst id="23">5.4756</dst>
      <dst id="8">106.1600</dst>
      <dst id="18">284.3911</dst>
      <dst id="4">471.3511</dst>
      <dst id="1">51863.7067</dst>
      <dst id="5">934.6044</dst>
      <dst id="3">1131.4133</dst>
      <dst id="10">663.3511</dst>
      <dst id="2">5421.8489</dst>
      <dst id="16">28512.0978</dst>
      <dst id="14">8.2667</dst>
      <dst id="20">95.0844</dst>
      <dst id="11">1402.3467</dst>
      <dst id="9">61270.8978</dst>
      <dst id="17">607374.3111</dst>
      <dst id="21">336.6222</dst>
      <dst id="15">4.8711</dst>
    </src>
    <src id="9">
      <dst id="12">19634.4178</dst>
      <dst id="13">2088.0000</dst>
      <dst id="19">63.7600</dst>
      <dst id="23">1.6356</dst>
      <dst id="8">106359.7333</dst>
      <dst id="18">53.7956</dst>
      <dst id="4">1516.8356</dst>
      <dst id="1">6337.9022</dst>
      <dst id="5">436.0622</dst>
      <dst id="3">656.9333</dst>
      <dst id="10">792.1422</dst>
      <dst id="2">935.1200</dst>
      <dst id="16">475398.3467</dst>
      <dst id="14">1.5289</dst>
      <dst id="11">47.1911</dst>
      <dst id="9">273838.3111</dst>
      <dst id="17">39722.9689</dst>
      <dst id="21">2.8978</dst>
      <dst id="15">74.9689</dst>
    </src>
    <src id="17">
      <dst id="12">90933.6178</dst>
      <dst id="13">41458.4889</dst>
      <dst id="19">2427.0667</dst>
      <dst id="23">21.6178</dst>
      <dst id="8">166.7822</dst>
      <dst id="18">59.0489</dst>
      <dst id="4">5316.6222</dst>
      <dst id="1">2266.3289</dst>
      <dst id="5">227214.9956</dst>
      <dst id="3">10178.9422</dst>
      <dst id="10">4057.4133</dst>
      <dst id="7">2556.8533</dst>
      <dst id="2">10160.6222</dst>
      <dst id="16">52123.9378</dst>
      <dst id="14">23216.1422</dst>
      <dst id="20">988.1333</dst>
      <dst id="11">14940.6133</dst>
      <dst id="9">3530.4000</dst>
      <dst id="17">8781.3867</dst>
      <dst id="21">1896.7022</dst>
      <dst id="15">24.4622</dst>
    </src>
    <src id="21">
      <dst id="12">3532.3289</dst>
      <dst id="13">2038.7644</dst>
      <dst id="19">212.1333</dst>
      <dst id="23">365.7333</dst>
      <dst id="8">10.6311</dst>
      <dst id="18">2160.2844</dst>
      <dst id="4">905.5467</dst>
      <dst id="1">25922.5067</dst>
      <dst id="5">562.6044</dst>
      <dst id="3">2053.2800</dst>
      <dst id="10">142.2844</dst>
      <dst id="7">1120.5689</dst>
      <dst id="2">1015.1556</dst>
      <dst id="16">9241.0756</dst>
      <dst id="14">157.3156</dst>
      <dst id="20">5.3778</dst>
      <dst id="11">304.1867</dst>
      <dst id="9">3607.9733</dst>
      <dst id="17">31943.4489</dst>
      <dst id="21">462.8444</dst>
      <dst id="15">9.9733</dst>
    </src>
    <src id="15">
      <dst id="12">44.2044</dst>
      <dst id="13">94.0178</dst>
      <dst id="19">13.3333</dst>
      <dst id="8">44.9422</dst>
      <dst id="4">43.1822</dst>
      <dst id="1">53.7422</dst>
      <dst id="5">1740.9867</dst>
      <dst id="10">54.6311</dst>
      <dst id="2">17.9644</dst>
      <dst id="16">367.3511</dst>
      <dst id="14">1.3067</dst>
      <dst id="11">12.6222</dst>
      <dst id="9">1025.2889</dst>
      <dst id="17">265.4400</dst>
      <dst id="21">0.6578</dst>
    </src>
  </IntraTM>
</TrafficMatrixFile>
