<?xml version="1.0" encoding="UTF-8" standalone="yes"?>
<TrafficMatrixFile xmlns:xsi="http://www.w3.org/2001/XMLSchema-instance" xsi:noNamespaceSchemaLocation="http://totem.run.montefiore.ulg.ac.be/Schema/TrafficMatrix-v1_2.xsd">
  <info>
    <title>Intradomain traffic matrix generated by geant-TM-all.pl</title>
    <date>2005-04-12T12:15:00</date>
    <duration>900</duration>
    <author>Steve Uhlig</author>
    <units>
        <unit type="bandwidth" value="kbps"/>
    </units>
  </info>
  <IntraTM ASID="20965">
    <src id="12">
      <dst id="12">296721.0044</dst>
      <dst id="13">12354.0444</dst>
      <dst id="19">10382.4978</dst>
      <dst id="23">1022.9689</dst>
      <dst id="8">119.9733</dst>
      <dst id="18">44519.7333</dst>
      <dst id="4">2770.8622</dst>
      <dst id="1">24158.9600</dst>
      <dst id="5">630.8711</dst>
      <dst id="3">130.5156</dst>
      <dst id="10">1485.3689</dst>
      <dst id="22">2026.7911</dst>
      <dst id="7">8252.8978</dst>
      <dst id="2">6100.6044</dst>
      <dst id="16">5233.7156</dst>
      <dst id="14">1984.7289</dst>
      <dst id="20">600.2667</dst>
      <dst id="11">95.1378</dst>
      <dst id="9">17087.2533</dst>
      <dst id="17">32169.6444</dst>
      <dst id="21">171.5822</dst>
      <dst id="15">741.9467</dst>
    </src>
    <src id="13">
      <dst id="12">4403.6089</dst>
      <dst id="13">20.1867</dst>
      <dst id="19">767.2267</dst>
      <dst id="23">4.8533</dst>
      <dst id="8">203.5644</dst>
      <dst id="18">87.9556</dst>
      <dst id="1">40095.7067</dst>
      <dst id="5">1686.5156</dst>
      <dst id="3">23.6444</dst>
      <dst id="22">4726.4356</dst>
      <dst id="7">153.7067</dst>
      <dst id="2">2066.5600</dst>
      <dst id="16">758.6844</dst>
      <dst id="14">31.0756</dst>
      <dst id="20">87.3956</dst>
      <dst id="11">256.7111</dst>
      <dst id="9">1991.7244</dst>
      <dst id="17">42008.1244</dst>
      <dst id="21">318.8533</dst>
      <dst id="15">34.6489</dst>
    </src>
    <src id="19">
      <dst id="12">27489.7867</dst>
      <dst id="13">300.9867</dst>
      <dst id="23">6.2667</dst>
      <dst id="4">72.1333</dst>
      <dst id="1">18945.5200</dst>
      <dst id="5">14.8267</dst>
      <dst id="3">0.9244</dst>
      <dst id="10">29.3156</dst>
      <dst id="22">3.1467</dst>
      <dst id="7">514.7289</dst>
      <dst id="2">1883.1822</dst>
      <dst id="16">1880.0622</dst>
      <dst id="14">9.1289</dst>
      <dst id="20">0.4622</dst>
      <dst id="11">0.5333</dst>
      <dst id="9">4553.1378</dst>
      <dst id="17">35607.1200</dst>
      <dst id="21">172.1778</dst>
    </src>
    <src id="23">
      <dst id="12">1695.4844</dst>
      <dst id="13">152.3467</dst>
      <dst id="19">428.0711</dst>
      <dst id="18">1.0667</dst>
      <dst id="4">52.8267</dst>
      <dst id="1">188.4622</dst>
      <dst id="5">2900.1600</dst>
      <dst id="10">264.8889</dst>
      <dst id="22">27.9200</dst>
      <dst id="7">55.3778</dst>
      <dst id="2">81.7600</dst>
      <dst id="14">26.4889</dst>
      <dst id="11">0.4622</dst>
      <dst id="9">40.0889</dst>
      <dst id="17">616.1600</dst>
      <dst id="21">123.8844</dst>
    </src>
    <src id="8">
      <dst id="12">10627.8844</dst>
      <dst id="13">936.5867</dst>
      <dst id="19">1.0311</dst>
      <dst id="18">0.7111</dst>
      <dst id="4">38.5600</dst>
      <dst id="1">2740.7289</dst>
      <dst id="5">145.1022</dst>
      <dst id="3">6.1422</dst>
      <dst id="10">25.1644</dst>
      <dst id="22">5.0844</dst>
      <dst id="2">164.8000</dst>
      <dst id="16">169973.7422</dst>
      <dst id="14">0.4622</dst>
      <dst id="11">1.0400</dst>
      <dst id="9">49716.2133</dst>
      <dst id="17">17444.4000</dst>
      <dst id="21">0.7822</dst>
    </src>
    <src id="18">
      <dst id="12">83675.1022</dst>
      <dst id="13">117.6533</dst>
      <dst id="19">2.6044</dst>
      <dst id="23">2.1511</dst>
      <dst id="4">105.0667</dst>
      <dst id="1">11264.8978</dst>
      <dst id="5">96.2489</dst>
      <dst id="3">2193.5644</dst>
      <dst id="10">104.7200</dst>
      <dst id="22">16.5244</dst>
      <dst id="7">82.3378</dst>
      <dst id="2">1518.2933</dst>
      <dst id="16">310.7111</dst>
      <dst id="14">1.1467</dst>
      <dst id="20">13.7689</dst>
      <dst id="9">5779.4489</dst>
      <dst id="17">3056.3733</dst>
      <dst id="21">86.3289</dst>
      <dst id="15">0.3556</dst>
    </src>
    <src id="4">
      <dst id="12">9223.0578</dst>
      <dst id="13">6.6489</dst>
      <dst id="19">2301.2356</dst>
      <dst id="23">132.2133</dst>
      <dst id="8">1843.5022</dst>
      <dst id="18">469.0933</dst>
      <dst id="4">1118.1511</dst>
      <dst id="1">127762.4889</dst>
      <dst id="5">2007.8489</dst>
      <dst id="3">4.1600</dst>
      <dst id="22">2000.3467</dst>
      <dst id="7">337.0844</dst>
      <dst id="2">148344.5422</dst>
      <dst id="16">59255.8311</dst>
      <dst id="14">1393.9289</dst>
      <dst id="11">545.9644</dst>
      <dst id="9">18991.3067</dst>
      <dst id="17">40574.3556</dst>
      <dst id="21">4572.9422</dst>
      <dst id="15">639.3689</dst>
    </src>
    <src id="1">
      <dst id="12">29138.1067</dst>
      <dst id="13">24525.5378</dst>
      <dst id="19">4296.2489</dst>
      <dst id="23">94.0800</dst>
      <dst id="8">15.0489</dst>
      <dst id="18">17006.0533</dst>
      <dst id="4">1638.5956</dst>
      <dst id="1">448135.2800</dst>
      <dst id="5">70.9689</dst>
      <dst id="3">17.6356</dst>
      <dst id="10">133.2533</dst>
      <dst id="22">13.3333</dst>
      <dst id="7">565.2533</dst>
      <dst id="2">15467.2889</dst>
      <dst id="16">16125.3511</dst>
      <dst id="14">22.6578</dst>
      <dst id="20">42.9422</dst>
      <dst id="11">89.8489</dst>
      <dst id="9">215.3778</dst>
      <dst id="17">6181.0756</dst>
      <dst id="21">2647.9111</dst>
      <dst id="15">462.4978</dst>
    </src>
    <src id="5">
      <dst id="12">11228.3911</dst>
      <dst id="13">531.3600</dst>
      <dst id="19">0.6756</dst>
      <dst id="23">49.1022</dst>
      <dst id="8">138.2044</dst>
      <dst id="18">42.7378</dst>
      <dst id="4">149.1911</dst>
      <dst id="1">20598.0089</dst>
      <dst id="3">287.0311</dst>
      <dst id="10">459.5200</dst>
      <dst id="22">8.1511</dst>
      <dst id="2">852.5778</dst>
      <dst id="16">230557.8133</dst>
      <dst id="14">6.2133</dst>
      <dst id="9">39624.4800</dst>
      <dst id="17">27539.7156</dst>
      <dst id="21">111.7511</dst>
      <dst id="15">87.3244</dst>
    </src>
    <src id="3">
      <dst id="12">24148.1956</dst>
      <dst id="13">3133.8489</dst>
      <dst id="19">478.9333</dst>
      <dst id="23">4.3644</dst>
      <dst id="8">62.4711</dst>
      <dst id="18">15.6533</dst>
      <dst id="4">337.6444</dst>
      <dst id="1">19437.4400</dst>
      <dst id="5">93.3778</dst>
      <dst id="3">273.7422</dst>
      <dst id="10">195.5289</dst>
      <dst id="22">508.0533</dst>
      <dst id="7">453.1111</dst>
      <dst id="2">3075.8133</dst>
      <dst id="16">5325.3867</dst>
      <dst id="14">95.4578</dst>
      <dst id="20">41.7333</dst>
      <dst id="11">462.5333</dst>
      <dst id="9">1501.9467</dst>
      <dst id="17">33714.7378</dst>
      <dst id="21">524.7556</dst>
      <dst id="15">4.6489</dst>
    </src>
    <src id="10">
      <dst id="12">1356.2400</dst>
      <dst id="13">32.2844</dst>
      <dst id="19">2700.4089</dst>
      <dst id="23">1461.1644</dst>
      <dst id="8">41.1111</dst>
      <dst id="18">593.4400</dst>
      <dst id="1">478.7733</dst>
      <dst id="5">435.8667</dst>
      <dst id="3">1012.7644</dst>
      <dst id="22">338.0622</dst>
      <dst id="7">13.3333</dst>
      <dst id="2">10807.7422</dst>
      <dst id="16">29813.8400</dst>
      <dst id="14">745.9822</dst>
      <dst id="20">9424.9333</dst>
      <dst id="11">13.3333</dst>
      <dst id="9">4153.3600</dst>
      <dst id="17">14409.4311</dst>
      <dst id="21">1568.5156</dst>
      <dst id="15">217.1556</dst>
    </src>
    <src id="22">
      <dst id="12">13850.5600</dst>
      <dst id="13">3592.7111</dst>
      <dst id="19">11.7600</dst>
      <dst id="23">8.2311</dst>
      <dst id="8">269.4222</dst>
      <dst id="18">93.1467</dst>
      <dst id="4">330.3378</dst>
      <dst id="1">163.7956</dst>
      <dst id="5">1336.4800</dst>
      <dst id="10">1655.5289</dst>
      <dst id="7">19.7422</dst>
      <dst id="2">102.3289</dst>
      <dst id="16">1122.5156</dst>
      <dst id="14">3.8844</dst>
      <dst id="11">360.7378</dst>
      <dst id="9">189.3511</dst>
      <dst id="17">952.9422</dst>
      <dst id="21">325.7778</dst>
    </src>
    <src id="7">
      <dst id="12">2253.6444</dst>
      <dst id="13">7453.5556</dst>
      <dst id="19">660.2578</dst>
      <dst id="23">6.2400</dst>
      <dst id="8">286.3378</dst>
      <dst id="18">3.9467</dst>
      <dst id="4">423.1644</dst>
      <dst id="1">1095.9467</dst>
      <dst id="5">462.7467</dst>
      <dst id="3">16.0533</dst>
      <dst id="10">236.5600</dst>
      <dst id="22">29.3778</dst>
      <dst id="7">18.1778</dst>
      <dst id="2">465.6889</dst>
      <dst id="16">122.3822</dst>
      <dst id="14">50.6489</dst>
      <dst id="20">2.1867</dst>
      <dst id="11">1120.5067</dst>
      <dst id="9">345.3333</dst>
      <dst id="17">915.0844</dst>
      <dst id="21">904.2933</dst>
      <dst id="15">0.9600</dst>
    </src>
    <src id="2">
      <dst id="12">57529.6444</dst>
      <dst id="13">28243.2178</dst>
      <dst id="19">1947.1200</dst>
      <dst id="23">0.4622</dst>
      <dst id="8">171.6889</dst>
      <dst id="18">23881.8400</dst>
      <dst id="4">917.0933</dst>
      <dst id="1">24172.8089</dst>
      <dst id="5">297.4489</dst>
      <dst id="3">65.3244</dst>
      <dst id="10">5550.8444</dst>
      <dst id="22">159.0044</dst>
      <dst id="7">2596.5600</dst>
      <dst id="2">1377.5822</dst>
      <dst id="6">0.8533</dst>
      <dst id="16">42.2756</dst>
      <dst id="14">131.9378</dst>
      <dst id="20">154.6756</dst>
      <dst id="11">334.0711</dst>
      <dst id="9">598.3111</dst>
      <dst id="17">10367.4311</dst>
      <dst id="21">772.2933</dst>
      <dst id="15">18.0000</dst>
    </src>
    <src id="6">
      <dst id="12">304.5778</dst>
      <dst id="13">50.9333</dst>
      <dst id="19">1.3867</dst>
      <dst id="23">1.4756</dst>
      <dst id="18">1.2889</dst>
      <dst id="4">0.6933</dst>
      <dst id="1">371.6622</dst>
      <dst id="5">1.1733</dst>
      <dst id="3">2.2578</dst>
      <dst id="10">1.9911</dst>
      <dst id="22">0.4533</dst>
      <dst id="7">2.1422</dst>
      <dst id="2">118.9511</dst>
      <dst id="16">25.3511</dst>
      <dst id="9">373.7778</dst>
      <dst id="17">11950.1244</dst>
      <dst id="21">0.4267</dst>
    </src>
    <src id="16">
      <dst id="12">58815.0133</dst>
      <dst id="13">547.8311</dst>
      <dst id="19">3416.4978</dst>
      <dst id="23">3.0667</dst>
      <dst id="8">38201.3956</dst>
      <dst id="18">5.2000</dst>
      <dst id="4">93.4844</dst>
      <dst id="1">16413.0489</dst>
      <dst id="5">144469.4667</dst>
      <dst id="3">2503.1200</dst>
      <dst id="10">10.1600</dst>
      <dst id="2">326.3378</dst>
      <dst id="16">12252.2311</dst>
      <dst id="14">22690.6667</dst>
      <dst id="11">7836.3022</dst>
      <dst id="9">94921.5556</dst>
      <dst id="17">689.5822</dst>
      <dst id="21">0.3556</dst>
    </src>
    <src id="14">
      <dst id="12">856.9689</dst>
      <dst id="13">488.0178</dst>
      <dst id="19">40.4978</dst>
      <dst id="18">2.6578</dst>
      <dst id="4">128.6222</dst>
      <dst id="1">859.1200</dst>
      <dst id="5">0.9156</dst>
      <dst id="3">339.2178</dst>
      <dst id="10">133.2267</dst>
      <dst id="22">0.3556</dst>
      <dst id="7">32.8533</dst>
      <dst id="2">52.5689</dst>
      <dst id="16">2189.7689</dst>
      <dst id="20">0.3556</dst>
      <dst id="11">13.5467</dst>
      <dst id="9">1034.8178</dst>
      <dst id="17">18664.2578</dst>
      <dst id="21">138.4622</dst>
    </src>
    <src id="20">
      <dst id="12">341.2711</dst>
      <dst id="13">1144.2489</dst>
      <dst id="23">2.4533</dst>
      <dst id="8">1.1733</dst>
      <dst id="18">0.4267</dst>
      <dst id="4">212.5600</dst>
      <dst id="1">1347.1911</dst>
      <dst id="5">387.4489</dst>
      <dst id="10">21.6622</dst>
      <dst id="7">190.4356</dst>
      <dst id="2">47.0400</dst>
      <dst id="16">11772.5689</dst>
      <dst id="11">27.5378</dst>
      <dst id="9">143.9733</dst>
      <dst id="17">520.9511</dst>
      <dst id="21">29.2889</dst>
    </src>
    <src id="11">
      <dst id="12">18210.4444</dst>
      <dst id="13">1474.8356</dst>
      <dst id="19">970.7200</dst>
      <dst id="23">13.0489</dst>
      <dst id="8">36.6044</dst>
      <dst id="18">3.1556</dst>
      <dst id="4">355.9111</dst>
      <dst id="1">25863.9467</dst>
      <dst id="5">1234.1244</dst>
      <dst id="3">421.1733</dst>
      <dst id="10">308.7111</dst>
      <dst id="22">16.0800</dst>
      <dst id="2">7041.7867</dst>
      <dst id="16">8869.9733</dst>
      <dst id="14">85.1911</dst>
      <dst id="20">416.4978</dst>
      <dst id="11">1714.7111</dst>
      <dst id="9">31028.2311</dst>
      <dst id="17">351237.8400</dst>
      <dst id="21">224.5956</dst>
      <dst id="15">26.3289</dst>
    </src>
    <src id="9">
      <dst id="12">11677.7511</dst>
      <dst id="13">1732.6044</dst>
      <dst id="19">160.5689</dst>
      <dst id="23">33.8667</dst>
      <dst id="8">45669.5556</dst>
      <dst id="18">164.0889</dst>
      <dst id="4">626.6133</dst>
      <dst id="1">5496.8800</dst>
      <dst id="5">1374.0889</dst>
      <dst id="3">731.3956</dst>
      <dst id="10">276.3111</dst>
      <dst id="22">102.9333</dst>
      <dst id="2">224.1511</dst>
      <dst id="16">372900.5600</dst>
      <dst id="14">2.6933</dst>
      <dst id="11">38.9333</dst>
      <dst id="9">190927.7156</dst>
      <dst id="17">42849.0133</dst>
      <dst id="21">0.4622</dst>
      <dst id="15">20.9422</dst>
    </src>
    <src id="17">
      <dst id="12">33642.4800</dst>
      <dst id="13">14474.4178</dst>
      <dst id="19">497.2444</dst>
      <dst id="23">5.5022</dst>
      <dst id="8">73.8222</dst>
      <dst id="18">1878.3022</dst>
      <dst id="4">3915.1289</dst>
      <dst id="1">4175.7244</dst>
      <dst id="5">79199.3600</dst>
      <dst id="3">3862.3556</dst>
      <dst id="10">1496.5244</dst>
      <dst id="22">488.9156</dst>
      <dst id="7">2115.7511</dst>
      <dst id="2">12279.0756</dst>
      <dst id="16">41495.9911</dst>
      <dst id="14">11776.9156</dst>
      <dst id="20">2321.4667</dst>
      <dst id="11">4889.6178</dst>
      <dst id="9">2889.0933</dst>
      <dst id="17">10075.1822</dst>
      <dst id="21">6340.2844</dst>
      <dst id="15">45.3156</dst>
    </src>
    <src id="21">
      <dst id="12">699.0667</dst>
      <dst id="13">1206.4711</dst>
      <dst id="19">111.6356</dst>
      <dst id="23">7.8667</dst>
      <dst id="8">4.9867</dst>
      <dst id="18">1296.8889</dst>
      <dst id="4">234.9956</dst>
      <dst id="1">1733.9911</dst>
      <dst id="5">210.9956</dst>
      <dst id="3">801.2267</dst>
      <dst id="10">239.2889</dst>
      <dst id="22">91.0489</dst>
      <dst id="7">1096.9067</dst>
      <dst id="2">3114.1244</dst>
      <dst id="16">4272.3911</dst>
      <dst id="14">39.6267</dst>
      <dst id="20">30.2489</dst>
      <dst id="11">1523.7867</dst>
      <dst id="9">1437.4133</dst>
      <dst id="17">13258.5956</dst>
      <dst id="21">835.6711</dst>
      <dst id="15">50.5244</dst>
    </src>
    <src id="15">
      <dst id="12">138.3111</dst>
      <dst id="13">40.9244</dst>
      <dst id="19">1.5644</dst>
      <dst id="18">2.1156</dst>
      <dst id="4">46.3556</dst>
      <dst id="1">40.0356</dst>
      <dst id="5">845.8844</dst>
      <dst id="10">245.7244</dst>
      <dst id="2">64.3822</dst>
      <dst id="16">485.6267</dst>
      <dst id="14">0.7111</dst>
      <dst id="11">65.9556</dst>
      <dst id="9">1407.3422</dst>
      <dst id="17">423.0578</dst>
      <dst id="21">0.5956</dst>
    </src>
  </IntraTM>
</TrafficMatrixFile>
