<?xml version="1.0" encoding="UTF-8" standalone="yes"?>
<TrafficMatrixFile xmlns:xsi="http://www.w3.org/2001/XMLSchema-instance" xsi:noNamespaceSchemaLocation="http://totem.run.montefiore.ulg.ac.be/Schema/TrafficMatrix-v1_2.xsd">
  <info>
    <title>Intradomain traffic matrix generated by geant-TM-all.pl</title>
    <date>2005-03-15T23:45:00</date>
    <duration>900</duration>
    <author>Steve Uhlig</author>
    <units>
        <unit type="bandwidth" value="kbps"/>
    </units>
  </info>
  <IntraTM ASID="20965">
    <src id="12">
      <dst id="12">254877.3244</dst>
      <dst id="13">17599.0133</dst>
      <dst id="19">1292.4978</dst>
      <dst id="23">2310.0800</dst>
      <dst id="8">281.1467</dst>
      <dst id="18">66498.0978</dst>
      <dst id="4">11613.9022</dst>
      <dst id="1">15944.0178</dst>
      <dst id="5">1750.0000</dst>
      <dst id="3">8.8356</dst>
      <dst id="10">13552.9422</dst>
      <dst id="22">110.9511</dst>
      <dst id="7">1717.3778</dst>
      <dst id="2">17667.0667</dst>
      <dst id="6">24568.1867</dst>
      <dst id="16">1857.6000</dst>
      <dst id="14">337.7600</dst>
      <dst id="20">1403.4222</dst>
      <dst id="11">196.6311</dst>
      <dst id="9">10590.9689</dst>
      <dst id="17">40943.1733</dst>
      <dst id="21">476.5067</dst>
      <dst id="15">460.1156</dst>
    </src>
    <src id="13">
      <dst id="12">41979.8400</dst>
      <dst id="19">9731.7067</dst>
      <dst id="23">2026.5778</dst>
      <dst id="8">775.4844</dst>
      <dst id="18">1047.6978</dst>
      <dst id="1">2618.9689</dst>
      <dst id="5">7989.3067</dst>
      <dst id="3">195.8933</dst>
      <dst id="22">972.1600</dst>
      <dst id="7">5334.6133</dst>
      <dst id="2">53846.7556</dst>
      <dst id="6">221.2533</dst>
      <dst id="16">67.6533</dst>
      <dst id="14">5171.6267</dst>
      <dst id="20">6425.6089</dst>
      <dst id="11">89.2978</dst>
      <dst id="9">11315.3778</dst>
      <dst id="17">54646.8711</dst>
      <dst id="21">4164.6400</dst>
      <dst id="15">2541.2800</dst>
    </src>
    <src id="19">
      <dst id="12">11876.5778</dst>
      <dst id="13">786.4089</dst>
      <dst id="23">88.8356</dst>
      <dst id="8">4.7644</dst>
      <dst id="18">2.5244</dst>
      <dst id="4">338.4000</dst>
      <dst id="1">359.8844</dst>
      <dst id="5">0.4267</dst>
      <dst id="3">2.7911</dst>
      <dst id="10">356.2578</dst>
      <dst id="7">2910.2844</dst>
      <dst id="2">713.4756</dst>
      <dst id="6">89.6356</dst>
      <dst id="14">7.0844</dst>
      <dst id="20">194.4178</dst>
      <dst id="11">7.2444</dst>
      <dst id="9">261.0667</dst>
      <dst id="17">510.8711</dst>
      <dst id="21">349.0667</dst>
      <dst id="15">12.7467</dst>
    </src>
    <src id="23">
      <dst id="12">722.5778</dst>
      <dst id="13">32.3822</dst>
      <dst id="19">56.1778</dst>
      <dst id="8">13.3333</dst>
      <dst id="4">95.3333</dst>
      <dst id="1">4.0267</dst>
      <dst id="5">27.0222</dst>
      <dst id="10">512.4711</dst>
      <dst id="22">146.6667</dst>
      <dst id="7">595.3956</dst>
      <dst id="2">14.2489</dst>
      <dst id="16">1.6622</dst>
      <dst id="14">25.5111</dst>
      <dst id="9">214.0267</dst>
      <dst id="17">605.6978</dst>
      <dst id="21">27.0222</dst>
      <dst id="15">0.7644</dst>
    </src>
    <src id="8">
      <dst id="12">9483.3956</dst>
      <dst id="13">107.3689</dst>
      <dst id="19">4.6222</dst>
      <dst id="23">0.7111</dst>
      <dst id="18">2.5867</dst>
      <dst id="4">162.3467</dst>
      <dst id="1">2183.1733</dst>
      <dst id="5">626.8711</dst>
      <dst id="10">2996.0000</dst>
      <dst id="7">20.5511</dst>
      <dst id="2">226.1244</dst>
      <dst id="16">97781.3867</dst>
      <dst id="14">8.0889</dst>
      <dst id="9">83861.6178</dst>
      <dst id="17">162233.2356</dst>
      <dst id="21">117.7600</dst>
      <dst id="15">25.9822</dst>
    </src>
    <src id="18">
      <dst id="12">127082.4978</dst>
      <dst id="13">189.0756</dst>
      <dst id="19">1.8578</dst>
      <dst id="23">0.8533</dst>
      <dst id="8">0.7111</dst>
      <dst id="4">483.5733</dst>
      <dst id="1">1019.8311</dst>
      <dst id="5">7099.4933</dst>
      <dst id="3">1055.8756</dst>
      <dst id="10">871.7067</dst>
      <dst id="7">333.2711</dst>
      <dst id="2">18338.7644</dst>
      <dst id="16">408.6044</dst>
      <dst id="14">2.0356</dst>
      <dst id="20">1.3689</dst>
      <dst id="11">3.4756</dst>
      <dst id="9">1452.6400</dst>
      <dst id="17">4720.3289</dst>
      <dst id="21">42.9956</dst>
      <dst id="15">1.6711</dst>
    </src>
    <src id="4">
      <dst id="12">5688.0800</dst>
      <dst id="13">13.3333</dst>
      <dst id="19">748.9689</dst>
      <dst id="23">158.6400</dst>
      <dst id="8">15.2444</dst>
      <dst id="18">1039.0222</dst>
      <dst id="4">7.7156</dst>
      <dst id="1">6574.0178</dst>
      <dst id="5">1527.8933</dst>
      <dst id="3">72.9422</dst>
      <dst id="7">4134.5867</dst>
      <dst id="2">32089.3511</dst>
      <dst id="6">15.6889</dst>
      <dst id="16">2275.6000</dst>
      <dst id="14">3982.7822</dst>
      <dst id="11">53.4933</dst>
      <dst id="9">3402.9689</dst>
      <dst id="17">9496.5867</dst>
      <dst id="21">655.0933</dst>
      <dst id="15">367.7156</dst>
    </src>
    <src id="1">
      <dst id="12">1049082.9333</dst>
      <dst id="13">10374.8889</dst>
      <dst id="19">8496.6844</dst>
      <dst id="23">68.2222</dst>
      <dst id="8">67.5911</dst>
      <dst id="18">11747.2978</dst>
      <dst id="4">924.4000</dst>
      <dst id="1">664620.6933</dst>
      <dst id="5">1051.2000</dst>
      <dst id="3">22.5511</dst>
      <dst id="10">1369.2356</dst>
      <dst id="7">482447.2000</dst>
      <dst id="2">136418.1689</dst>
      <dst id="6">54.3911</dst>
      <dst id="16">7884.8267</dst>
      <dst id="14">182.2933</dst>
      <dst id="20">148.7378</dst>
      <dst id="11">61.3956</dst>
      <dst id="9">1256.7111</dst>
      <dst id="17">599118.5511</dst>
      <dst id="21">295568.9067</dst>
      <dst id="15">241.5022</dst>
    </src>
    <src id="5">
      <dst id="12">15291.0044</dst>
      <dst id="13">662.3378</dst>
      <dst id="19">31.5289</dst>
      <dst id="23">85.3333</dst>
      <dst id="8">183.8044</dst>
      <dst id="18">96.2133</dst>
      <dst id="4">387.0756</dst>
      <dst id="1">3170.0444</dst>
      <dst id="3">14.5511</dst>
      <dst id="10">1665.2000</dst>
      <dst id="7">238.2133</dst>
      <dst id="2">96.0356</dst>
      <dst id="6">0.7111</dst>
      <dst id="16">175218.2844</dst>
      <dst id="14">34.4889</dst>
      <dst id="11">1.3867</dst>
      <dst id="9">60228.5422</dst>
      <dst id="17">154799.2622</dst>
      <dst id="21">27.1289</dst>
      <dst id="15">92.2756</dst>
    </src>
    <src id="3">
      <dst id="12">6107.2000</dst>
      <dst id="13">364.3467</dst>
      <dst id="19">525.4222</dst>
      <dst id="23">14.2844</dst>
      <dst id="8">9.2978</dst>
      <dst id="18">333.3067</dst>
      <dst id="4">32485.2267</dst>
      <dst id="1">5411.3422</dst>
      <dst id="5">149.8133</dst>
      <dst id="3">48.1333</dst>
      <dst id="10">1005.2711</dst>
      <dst id="7">567.5200</dst>
      <dst id="2">2518.9156</dst>
      <dst id="6">1.1200</dst>
      <dst id="16">1865.5200</dst>
      <dst id="14">293.4844</dst>
      <dst id="20">33.0578</dst>
      <dst id="11">163.5200</dst>
      <dst id="9">5565.3867</dst>
      <dst id="17">19381.3956</dst>
      <dst id="21">604.5067</dst>
      <dst id="15">5.0667</dst>
    </src>
    <src id="10">
      <dst id="12">9253.9911</dst>
      <dst id="19">471.3067</dst>
      <dst id="23">321.0133</dst>
      <dst id="8">221.6444</dst>
      <dst id="18">2238.3378</dst>
      <dst id="1">5018.6311</dst>
      <dst id="5">483.4311</dst>
      <dst id="3">56.3556</dst>
      <dst id="7">5470.3200</dst>
      <dst id="2">18408.9244</dst>
      <dst id="6">0.7911</dst>
      <dst id="16">677.8667</dst>
      <dst id="14">554.3022</dst>
      <dst id="20">281.8400</dst>
      <dst id="11">4.8889</dst>
      <dst id="9">4895.3956</dst>
      <dst id="17">16474.1422</dst>
      <dst id="21">2638.4978</dst>
      <dst id="15">72.2489</dst>
    </src>
    <src id="22">
      <dst id="12">5679.6000</dst>
      <dst id="13">807.2711</dst>
      <dst id="19">5.9556</dst>
      <dst id="23">84.4178</dst>
      <dst id="8">76.8267</dst>
      <dst id="18">501.3689</dst>
      <dst id="4">3457.2889</dst>
      <dst id="1">1064.8000</dst>
      <dst id="5">1176.9600</dst>
      <dst id="3">20.0978</dst>
      <dst id="10">3527.0044</dst>
      <dst id="7">554.9244</dst>
      <dst id="2">296.7289</dst>
      <dst id="6">685.4667</dst>
      <dst id="16">0.9511</dst>
      <dst id="14">24.8711</dst>
      <dst id="11">42.9067</dst>
      <dst id="9">620.3200</dst>
      <dst id="17">3815.2889</dst>
      <dst id="21">356.0444</dst>
    </src>
    <src id="7">
      <dst id="12">6418.1333</dst>
      <dst id="13">133.0844</dst>
      <dst id="19">102.6400</dst>
      <dst id="23">1.4311</dst>
      <dst id="8">164.1778</dst>
      <dst id="18">65.2800</dst>
      <dst id="4">856.7733</dst>
      <dst id="1">8301.0844</dst>
      <dst id="5">394.8622</dst>
      <dst id="3">161.6444</dst>
      <dst id="10">1154.9156</dst>
      <dst id="22">121.1467</dst>
      <dst id="7">833.6000</dst>
      <dst id="2">6756.6044</dst>
      <dst id="6">298.6756</dst>
      <dst id="16">64.3556</dst>
      <dst id="14">218.0533</dst>
      <dst id="20">4346.2756</dst>
      <dst id="11">143.8400</dst>
      <dst id="9">786.3733</dst>
      <dst id="17">12823.8400</dst>
      <dst id="21">1068.3733</dst>
      <dst id="15">512.3556</dst>
    </src>
    <src id="2">
      <dst id="12">53990.1600</dst>
      <dst id="13">2940.3733</dst>
      <dst id="19">218.5067</dst>
      <dst id="23">2.1333</dst>
      <dst id="8">66.7111</dst>
      <dst id="18">31687.0044</dst>
      <dst id="4">14358.3289</dst>
      <dst id="1">17698.9867</dst>
      <dst id="5">400.5156</dst>
      <dst id="3">34.3022</dst>
      <dst id="10">12982.2933</dst>
      <dst id="22">119.6711</dst>
      <dst id="7">14764.1778</dst>
      <dst id="2">1874.7644</dst>
      <dst id="6">13682.5244</dst>
      <dst id="16">0.4622</dst>
      <dst id="14">360.4711</dst>
      <dst id="20">93.4667</dst>
      <dst id="11">109.9111</dst>
      <dst id="9">3095.9111</dst>
      <dst id="17">68677.4222</dst>
      <dst id="21">1139.5378</dst>
      <dst id="15">38.3378</dst>
    </src>
    <src id="6">
      <dst id="12">355.9644</dst>
      <dst id="13">9.6978</dst>
      <dst id="19">83.1911</dst>
      <dst id="4">3.8311</dst>
      <dst id="1">1684.7289</dst>
      <dst id="5">26.0267</dst>
      <dst id="10">5.6978</dst>
      <dst id="7">10.5600</dst>
      <dst id="2">1969.7867</dst>
      <dst id="16">19.6978</dst>
      <dst id="20">0.3378</dst>
      <dst id="9">78.9333</dst>
      <dst id="17">16143.2711</dst>
      <dst id="21">40.0800</dst>
    </src>
    <src id="16">
      <dst id="12">128437.5289</dst>
      <dst id="13">1322.0267</dst>
      <dst id="19">3612.9689</dst>
      <dst id="23">2.6311</dst>
      <dst id="8">82778.1244</dst>
      <dst id="18">15.1733</dst>
      <dst id="4">645.3422</dst>
      <dst id="1">13269.2889</dst>
      <dst id="5">219038.4711</dst>
      <dst id="3">6687.1911</dst>
      <dst id="10">1857.7689</dst>
      <dst id="7">66.8978</dst>
      <dst id="2">342.5244</dst>
      <dst id="6">12.6933</dst>
      <dst id="16">6985.5911</dst>
      <dst id="14">75820.7556</dst>
      <dst id="11">14365.0400</dst>
      <dst id="9">172409.5733</dst>
      <dst id="17">2490.9511</dst>
    </src>
    <src id="14">
      <dst id="12">2374.9511</dst>
      <dst id="13">38.1867</dst>
      <dst id="19">16.1600</dst>
      <dst id="23">0.8889</dst>
      <dst id="8">0.4622</dst>
      <dst id="18">13.5467</dst>
      <dst id="4">599.6800</dst>
      <dst id="1">3658.7644</dst>
      <dst id="5">14.5956</dst>
      <dst id="3">222.6667</dst>
      <dst id="10">290.4356</dst>
      <dst id="7">172.8889</dst>
      <dst id="2">1400.3556</dst>
      <dst id="16">259.4222</dst>
      <dst id="20">2.9511</dst>
      <dst id="9">142.8178</dst>
      <dst id="17">32226.4444</dst>
      <dst id="21">274.0622</dst>
      <dst id="15">0.6578</dst>
    </src>
    <src id="20">
      <dst id="12">7366.6489</dst>
      <dst id="13">4982.8000</dst>
      <dst id="19">16.8800</dst>
      <dst id="23">0.3556</dst>
      <dst id="8">25.6711</dst>
      <dst id="18">53.0933</dst>
      <dst id="4">2010.1422</dst>
      <dst id="1">52.0444</dst>
      <dst id="5">145.3244</dst>
      <dst id="3">38.4000</dst>
      <dst id="10">897.0756</dst>
      <dst id="7">5480.7911</dst>
      <dst id="2">407.8133</dst>
      <dst id="14">51.4667</dst>
      <dst id="20">31.2978</dst>
      <dst id="9">4927.6000</dst>
      <dst id="17">6506.6756</dst>
      <dst id="21">227.4844</dst>
    </src>
    <src id="11">
      <dst id="12">34180.1778</dst>
      <dst id="13">1119.5911</dst>
      <dst id="19">60.1156</dst>
      <dst id="23">8.9956</dst>
      <dst id="8">57.4844</dst>
      <dst id="18">64.8356</dst>
      <dst id="4">1488.0711</dst>
      <dst id="1">3788.4356</dst>
      <dst id="5">1148.7111</dst>
      <dst id="3">3.0667</dst>
      <dst id="10">6769.6800</dst>
      <dst id="7">316.0711</dst>
      <dst id="2">55672.8711</dst>
      <dst id="6">5.7156</dst>
      <dst id="16">3246.1600</dst>
      <dst id="14">1634.0178</dst>
      <dst id="20">1723.4133</dst>
      <dst id="11">840.4089</dst>
      <dst id="9">2641.2533</dst>
      <dst id="17">582374.6844</dst>
      <dst id="21">297.3867</dst>
      <dst id="15">379.0578</dst>
    </src>
    <src id="9">
      <dst id="12">18722.5778</dst>
      <dst id="13">3151.5556</dst>
      <dst id="19">11.2800</dst>
      <dst id="23">1.6711</dst>
      <dst id="8">78010.4178</dst>
      <dst id="18">160.3378</dst>
      <dst id="4">3909.6178</dst>
      <dst id="1">5088.7111</dst>
      <dst id="5">3889.3422</dst>
      <dst id="3">83.6089</dst>
      <dst id="10">3410.7911</dst>
      <dst id="7">130.1778</dst>
      <dst id="2">401.7067</dst>
      <dst id="16">207973.3244</dst>
      <dst id="14">101.2533</dst>
      <dst id="11">42.2044</dst>
      <dst id="9">293010.2844</dst>
      <dst id="17">302652.6578</dst>
      <dst id="21">68.9422</dst>
      <dst id="15">43.9733</dst>
    </src>
    <src id="17">
      <dst id="12">121448.2044</dst>
      <dst id="13">1649.9822</dst>
      <dst id="19">278.5956</dst>
      <dst id="23">339.8578</dst>
      <dst id="8">166.3733</dst>
      <dst id="18">127.4222</dst>
      <dst id="4">9450.8711</dst>
      <dst id="1">9555.8489</dst>
      <dst id="5">138960.5600</dst>
      <dst id="3">4312.5333</dst>
      <dst id="10">29138.7733</dst>
      <dst id="7">3263.1644</dst>
      <dst id="2">9924.7200</dst>
      <dst id="6">1277.3333</dst>
      <dst id="16">1176.0711</dst>
      <dst id="14">31053.9289</dst>
      <dst id="20">640.4444</dst>
      <dst id="11">7252.1333</dst>
      <dst id="9">7434.0711</dst>
      <dst id="17">9523.3689</dst>
      <dst id="21">11978.8444</dst>
      <dst id="15">100.1689</dst>
    </src>
    <src id="21">
      <dst id="12">2737.3422</dst>
      <dst id="13">1626.3289</dst>
      <dst id="19">269.0044</dst>
      <dst id="23">4.7111</dst>
      <dst id="8">206.9067</dst>
      <dst id="18">103.6267</dst>
      <dst id="4">1210.0622</dst>
      <dst id="1">5873.3867</dst>
      <dst id="5">514.3644</dst>
      <dst id="3">602.7911</dst>
      <dst id="10">1243.8667</dst>
      <dst id="7">1648.7467</dst>
      <dst id="2">7558.8711</dst>
      <dst id="6">3.3422</dst>
      <dst id="16">313.6978</dst>
      <dst id="14">131.6889</dst>
      <dst id="20">245.8844</dst>
      <dst id="11">106.8889</dst>
      <dst id="9">572.7644</dst>
      <dst id="17">27863.5822</dst>
      <dst id="21">311.1467</dst>
      <dst id="15">127.7067</dst>
    </src>
    <src id="15">
      <dst id="12">399.9733</dst>
      <dst id="13">50.8444</dst>
      <dst id="19">26.6667</dst>
      <dst id="23">0.5778</dst>
      <dst id="8">8.8178</dst>
      <dst id="18">1.5644</dst>
      <dst id="4">76.1956</dst>
      <dst id="1">251.1200</dst>
      <dst id="5">16.7022</dst>
      <dst id="3">15.7778</dst>
      <dst id="10">568.0000</dst>
      <dst id="7">94.2133</dst>
      <dst id="2">145.5556</dst>
      <dst id="16">28.5867</dst>
      <dst id="14">27.3156</dst>
      <dst id="9">249.6267</dst>
      <dst id="17">3892.8089</dst>
      <dst id="21">54.5778</dst>
    </src>
  </IntraTM>
</TrafficMatrixFile>
