<?xml version="1.0" encoding="UTF-8" standalone="yes"?>
<TrafficMatrixFile xmlns:xsi="http://www.w3.org/2001/XMLSchema-instance" xsi:noNamespaceSchemaLocation="http://totem.run.montefiore.ulg.ac.be/Schema/TrafficMatrix-v1_2.xsd">
  <info>
    <title>Intradomain traffic matrix generated by geant-TM-all.pl</title>
    <date>2005-03-24T10:30:00</date>
    <duration>900</duration>
    <author>Steve Uhlig</author>
    <units>
        <unit type="bandwidth" value="kbps"/>
    </units>
  </info>
  <IntraTM ASID="20965">
    <src id="12">
      <dst id="12">317386.1511</dst>
      <dst id="13">20901.8667</dst>
      <dst id="19">2404.7200</dst>
      <dst id="23">2066.3644</dst>
      <dst id="8">73.8489</dst>
      <dst id="18">76422.5156</dst>
      <dst id="4">4802.2667</dst>
      <dst id="1">26362.5067</dst>
      <dst id="5">594.7289</dst>
      <dst id="3">233.7067</dst>
      <dst id="10">1425.7156</dst>
      <dst id="22">1780.5067</dst>
      <dst id="7">1748.4622</dst>
      <dst id="2">29095.9200</dst>
      <dst id="6">11960.0711</dst>
      <dst id="16">4818.4178</dst>
      <dst id="14">210.7556</dst>
      <dst id="20">618.6311</dst>
      <dst id="11">15.2178</dst>
      <dst id="9">3140.1689</dst>
      <dst id="17">36841.3867</dst>
      <dst id="21">422.8000</dst>
      <dst id="15">2929.4400</dst>
    </src>
    <src id="13">
      <dst id="12">4750.6933</dst>
      <dst id="13">119.8933</dst>
      <dst id="19">5057.3511</dst>
      <dst id="23">40.2667</dst>
      <dst id="8">64.2311</dst>
      <dst id="18">221.3778</dst>
      <dst id="4">0.3556</dst>
      <dst id="1">226.3378</dst>
      <dst id="5">741.9200</dst>
      <dst id="3">102.3556</dst>
      <dst id="10">13.8489</dst>
      <dst id="22">2572.5600</dst>
      <dst id="7">631.7956</dst>
      <dst id="2">1852.2844</dst>
      <dst id="6">78.8889</dst>
      <dst id="16">134.3378</dst>
      <dst id="14">47.9289</dst>
      <dst id="20">4044.9867</dst>
      <dst id="11">56.0978</dst>
      <dst id="9">1148.4444</dst>
      <dst id="17">6141.5111</dst>
      <dst id="21">500.3644</dst>
      <dst id="15">25.0400</dst>
    </src>
    <src id="19">
      <dst id="12">25653.2444</dst>
      <dst id="13">606.3733</dst>
      <dst id="23">1.1022</dst>
      <dst id="8">2.2489</dst>
      <dst id="4">332.7556</dst>
      <dst id="1">178.3289</dst>
      <dst id="5">2.1156</dst>
      <dst id="10">171.7333</dst>
      <dst id="22">5.8667</dst>
      <dst id="7">3319.4133</dst>
      <dst id="2">2710.7111</dst>
      <dst id="6">4.7378</dst>
      <dst id="16">609.6267</dst>
      <dst id="14">1.5289</dst>
      <dst id="20">1.4222</dst>
      <dst id="9">2.4889</dst>
      <dst id="17">1062.0089</dst>
      <dst id="21">616.1422</dst>
      <dst id="15">11.5556</dst>
    </src>
    <src id="23">
      <dst id="12">1184.8356</dst>
      <dst id="13">737.8133</dst>
      <dst id="19">27.3422</dst>
      <dst id="8">274.4889</dst>
      <dst id="18">382.2844</dst>
      <dst id="4">89.8933</dst>
      <dst id="1">153.4578</dst>
      <dst id="5">0.4622</dst>
      <dst id="10">35.0311</dst>
      <dst id="22">78.6756</dst>
      <dst id="7">91.1022</dst>
      <dst id="2">227.2533</dst>
      <dst id="6">0.4978</dst>
      <dst id="16">1.1022</dst>
      <dst id="14">26.5422</dst>
      <dst id="20">224.6756</dst>
      <dst id="11">27.2889</dst>
      <dst id="9">1.0044</dst>
      <dst id="17">1293.5200</dst>
      <dst id="21">54.2311</dst>
    </src>
    <src id="8">
      <dst id="12">3874.5333</dst>
      <dst id="13">606.0178</dst>
      <dst id="19">38.8178</dst>
      <dst id="23">168.0622</dst>
      <dst id="18">0.6400</dst>
      <dst id="4">646.4978</dst>
      <dst id="1">1567.7422</dst>
      <dst id="5">130.6756</dst>
      <dst id="10">7.8756</dst>
      <dst id="7">20.2311</dst>
      <dst id="2">406.2489</dst>
      <dst id="6">0.8356</dst>
      <dst id="16">195892.5067</dst>
      <dst id="14">9.9200</dst>
      <dst id="11">0.3556</dst>
      <dst id="9">59857.6178</dst>
      <dst id="17">23718.4533</dst>
      <dst id="21">15.9022</dst>
      <dst id="15">0.7111</dst>
    </src>
    <src id="18">
      <dst id="12">129245.3244</dst>
      <dst id="13">198.6489</dst>
      <dst id="19">0.6400</dst>
      <dst id="23">9.2978</dst>
      <dst id="8">2.4800</dst>
      <dst id="4">228.3733</dst>
      <dst id="1">836.1689</dst>
      <dst id="5">162.1333</dst>
      <dst id="3">3351.4044</dst>
      <dst id="10">65.0756</dst>
      <dst id="22">141.4311</dst>
      <dst id="7">17.0311</dst>
      <dst id="2">15483.7956</dst>
      <dst id="6">51.0667</dst>
      <dst id="16">295.9022</dst>
      <dst id="14">0.4711</dst>
      <dst id="9">478.3911</dst>
      <dst id="17">6557.0667</dst>
      <dst id="21">292.0622</dst>
      <dst id="15">2.0711</dst>
    </src>
    <src id="4">
      <dst id="12">22980.8533</dst>
      <dst id="13">29.6533</dst>
      <dst id="19">5686.3556</dst>
      <dst id="23">187.5378</dst>
      <dst id="8">1067.8400</dst>
      <dst id="18">3478.8267</dst>
      <dst id="4">372.9333</dst>
      <dst id="1">20676.6489</dst>
      <dst id="5">5219.2444</dst>
      <dst id="3">9.5822</dst>
      <dst id="22">18.1422</dst>
      <dst id="7">122.5956</dst>
      <dst id="2">190472.1778</dst>
      <dst id="6">14.4622</dst>
      <dst id="16">39217.3067</dst>
      <dst id="14">1331.6622</dst>
      <dst id="11">357.1556</dst>
      <dst id="9">14970.1244</dst>
      <dst id="17">70643.0578</dst>
      <dst id="21">3267.8400</dst>
      <dst id="15">702.6844</dst>
    </src>
    <src id="1">
      <dst id="12">410770.6311</dst>
      <dst id="13">885.3867</dst>
      <dst id="19">415.6533</dst>
      <dst id="23">82.0711</dst>
      <dst id="8">33.9111</dst>
      <dst id="18">12521.8489</dst>
      <dst id="4">233.0222</dst>
      <dst id="1">590472.0444</dst>
      <dst id="5">699.8933</dst>
      <dst id="3">303.0222</dst>
      <dst id="10">39.4844</dst>
      <dst id="7">217971.1200</dst>
      <dst id="2">1759.7422</dst>
      <dst id="6">0.3378</dst>
      <dst id="16">881286.8889</dst>
      <dst id="14">58.6489</dst>
      <dst id="20">217.5200</dst>
      <dst id="11">110.9867</dst>
      <dst id="9">1013.3511</dst>
      <dst id="17">145414.5600</dst>
      <dst id="21">563534.3467</dst>
      <dst id="15">6998.3200</dst>
    </src>
    <src id="5">
      <dst id="12">7913.9111</dst>
      <dst id="13">1049.9644</dst>
      <dst id="8">129.2267</dst>
      <dst id="18">15.5822</dst>
      <dst id="4">1324.0978</dst>
      <dst id="1">2363.3867</dst>
      <dst id="10">157.5022</dst>
      <dst id="22">50.4889</dst>
      <dst id="7">17.3422</dst>
      <dst id="2">182.1067</dst>
      <dst id="6">15.1733</dst>
      <dst id="16">262721.6089</dst>
      <dst id="14">13.6889</dst>
      <dst id="9">62540.8889</dst>
      <dst id="17">39628.5422</dst>
      <dst id="21">139.3333</dst>
      <dst id="15">88.6400</dst>
    </src>
    <src id="3">
      <dst id="12">14952.7467</dst>
      <dst id="13">42781.5556</dst>
      <dst id="19">4052.2133</dst>
      <dst id="23">199.3867</dst>
      <dst id="8">73.7067</dst>
      <dst id="18">3854.4267</dst>
      <dst id="4">709.0222</dst>
      <dst id="1">6792.9778</dst>
      <dst id="5">293.6533</dst>
      <dst id="3">261.7867</dst>
      <dst id="10">285.6711</dst>
      <dst id="22">0.9600</dst>
      <dst id="7">928.3378</dst>
      <dst id="2">7465.7867</dst>
      <dst id="6">1.5822</dst>
      <dst id="16">10656.0711</dst>
      <dst id="14">261.3600</dst>
      <dst id="20">20.1422</dst>
      <dst id="11">106.0356</dst>
      <dst id="9">726.0356</dst>
      <dst id="17">32893.1911</dst>
      <dst id="21">934.0089</dst>
      <dst id="15">4.1778</dst>
    </src>
    <src id="10">
      <dst id="12">5145.2711</dst>
      <dst id="13">2.9156</dst>
      <dst id="19">1927.2089</dst>
      <dst id="23">452.0444</dst>
      <dst id="8">176.7289</dst>
      <dst id="18">149.8311</dst>
      <dst id="1">502.7022</dst>
      <dst id="5">373.3067</dst>
      <dst id="3">13.4400</dst>
      <dst id="22">14.1600</dst>
      <dst id="7">29.1556</dst>
      <dst id="2">10883.5911</dst>
      <dst id="6">16.7378</dst>
      <dst id="16">14332.5422</dst>
      <dst id="14">2508.3822</dst>
      <dst id="20">360.4711</dst>
      <dst id="11">2.2844</dst>
      <dst id="9">4333.8844</dst>
      <dst id="17">31692.1244</dst>
      <dst id="21">2408.7911</dst>
      <dst id="15">18.8622</dst>
    </src>
    <src id="22">
      <dst id="12">13634.5956</dst>
      <dst id="13">5546.4889</dst>
      <dst id="19">46.0800</dst>
      <dst id="23">7.2889</dst>
      <dst id="8">2865.1644</dst>
      <dst id="18">96.6844</dst>
      <dst id="4">804.9956</dst>
      <dst id="1">1601.1822</dst>
      <dst id="5">1743.0222</dst>
      <dst id="3">11.2711</dst>
      <dst id="10">194.9511</dst>
      <dst id="7">462.2667</dst>
      <dst id="2">1386.9244</dst>
      <dst id="6">0.8444</dst>
      <dst id="16">106.5956</dst>
      <dst id="14">156.1067</dst>
      <dst id="11">199.3867</dst>
      <dst id="9">367.1378</dst>
      <dst id="17">4578.1511</dst>
      <dst id="21">172.7111</dst>
    </src>
    <src id="7">
      <dst id="12">13644.3733</dst>
      <dst id="13">10134.9778</dst>
      <dst id="19">23.4311</dst>
      <dst id="23">6.0800</dst>
      <dst id="8">655.7689</dst>
      <dst id="18">114.9600</dst>
      <dst id="4">2925.3244</dst>
      <dst id="1">4368.9067</dst>
      <dst id="5">742.1333</dst>
      <dst id="3">816.3556</dst>
      <dst id="10">438.8178</dst>
      <dst id="22">782.7911</dst>
      <dst id="7">19.3156</dst>
      <dst id="2">5001.7156</dst>
      <dst id="6">6.2311</dst>
      <dst id="16">2469.0400</dst>
      <dst id="14">70.6844</dst>
      <dst id="20">337.1822</dst>
      <dst id="11">87.9289</dst>
      <dst id="9">538.4356</dst>
      <dst id="17">12157.5822</dst>
      <dst id="21">7917.0133</dst>
      <dst id="15">41.6533</dst>
    </src>
    <src id="2">
      <dst id="12">67057.3422</dst>
      <dst id="13">18758.4533</dst>
      <dst id="19">994.2578</dst>
      <dst id="23">2.8800</dst>
      <dst id="8">270.6578</dst>
      <dst id="18">35354.0711</dst>
      <dst id="4">7293.6533</dst>
      <dst id="1">8884.8711</dst>
      <dst id="5">515.8756</dst>
      <dst id="3">4.6222</dst>
      <dst id="10">2237.5289</dst>
      <dst id="22">346.8444</dst>
      <dst id="7">8381.4133</dst>
      <dst id="2">2423.3600</dst>
      <dst id="6">9485.3867</dst>
      <dst id="16">472.2667</dst>
      <dst id="14">4673.0844</dst>
      <dst id="20">112.9244</dst>
      <dst id="11">4387.6622</dst>
      <dst id="9">7888.7022</dst>
      <dst id="17">13827.9289</dst>
      <dst id="21">806.7289</dst>
      <dst id="15">58.4444</dst>
    </src>
    <src id="6">
      <dst id="12">337.4489</dst>
      <dst id="13">24.9689</dst>
      <dst id="23">0.5244</dst>
      <dst id="4">2.3467</dst>
      <dst id="1">83.0933</dst>
      <dst id="5">109.0844</dst>
      <dst id="3">1.6622</dst>
      <dst id="10">39.1822</dst>
      <dst id="22">1.4311</dst>
      <dst id="7">1.6089</dst>
      <dst id="2">789.1644</dst>
      <dst id="16">28.9422</dst>
      <dst id="20">0.4178</dst>
      <dst id="9">43.4756</dst>
      <dst id="17">16831.0933</dst>
      <dst id="21">64.3822</dst>
    </src>
    <src id="16">
      <dst id="12">119330.2044</dst>
      <dst id="13">841.5289</dst>
      <dst id="19">3063.8400</dst>
      <dst id="23">3.9822</dst>
      <dst id="8">65279.9378</dst>
      <dst id="18">107.2622</dst>
      <dst id="4">654.7378</dst>
      <dst id="1">7506.3822</dst>
      <dst id="5">168007.7600</dst>
      <dst id="3">7489.4311</dst>
      <dst id="10">253.5644</dst>
      <dst id="7">63.6178</dst>
      <dst id="2">69.2356</dst>
      <dst id="6">2.4800</dst>
      <dst id="16">18938.2489</dst>
      <dst id="14">23662.0800</dst>
      <dst id="11">15300.9867</dst>
      <dst id="9">150351.8756</dst>
      <dst id="17">1405.4311</dst>
      <dst id="21">4.9067</dst>
    </src>
    <src id="14">
      <dst id="12">430.2756</dst>
      <dst id="13">135.7422</dst>
      <dst id="19">30.3467</dst>
      <dst id="23">3.4489</dst>
      <dst id="18">2.2133</dst>
      <dst id="4">303.4133</dst>
      <dst id="1">166.5511</dst>
      <dst id="5">1.8844</dst>
      <dst id="3">488.4533</dst>
      <dst id="10">27.4667</dst>
      <dst id="7">47.5111</dst>
      <dst id="2">867.1822</dst>
      <dst id="16">1103.0044</dst>
      <dst id="20">0.3911</dst>
      <dst id="9">300.0711</dst>
      <dst id="17">18701.7333</dst>
      <dst id="21">64.7467</dst>
      <dst id="15">0.4622</dst>
    </src>
    <src id="20">
      <dst id="12">2060.3556</dst>
      <dst id="13">1128.7378</dst>
      <dst id="19">0.4711</dst>
      <dst id="23">183.1378</dst>
      <dst id="8">14.4622</dst>
      <dst id="4">334.1067</dst>
      <dst id="1">9.4133</dst>
      <dst id="5">209.9822</dst>
      <dst id="10">91.6800</dst>
      <dst id="7">635.7422</dst>
      <dst id="2">114.3378</dst>
      <dst id="6">0.4178</dst>
      <dst id="16">4704.4711</dst>
      <dst id="14">2.3111</dst>
      <dst id="20">43.0311</dst>
      <dst id="11">18.3378</dst>
      <dst id="9">140.7111</dst>
      <dst id="17">1497.0756</dst>
      <dst id="21">129.7956</dst>
    </src>
    <src id="11">
      <dst id="12">16082.0711</dst>
      <dst id="13">2296.3644</dst>
      <dst id="19">15.4311</dst>
      <dst id="23">5.4756</dst>
      <dst id="8">37.9733</dst>
      <dst id="18">520.4444</dst>
      <dst id="4">650.6667</dst>
      <dst id="1">4270.7022</dst>
      <dst id="5">1200.3289</dst>
      <dst id="3">1773.3333</dst>
      <dst id="10">423.0311</dst>
      <dst id="7">243.1911</dst>
      <dst id="2">58843.8133</dst>
      <dst id="6">6.6044</dst>
      <dst id="16">12930.6400</dst>
      <dst id="14">28.6400</dst>
      <dst id="20">93.3156</dst>
      <dst id="11">534.9956</dst>
      <dst id="9">6082.0978</dst>
      <dst id="17">572801.2533</dst>
      <dst id="21">398.2311</dst>
      <dst id="15">122.6844</dst>
    </src>
    <src id="9">
      <dst id="12">16248.3289</dst>
      <dst id="13">2170.5511</dst>
      <dst id="19">0.8000</dst>
      <dst id="23">1.1378</dst>
      <dst id="8">58026.6133</dst>
      <dst id="18">12.3289</dst>
      <dst id="4">1193.1378</dst>
      <dst id="1">4796.0000</dst>
      <dst id="5">472.7200</dst>
      <dst id="3">1.6800</dst>
      <dst id="10">286.3822</dst>
      <dst id="22">0.8533</dst>
      <dst id="7">100.0178</dst>
      <dst id="2">1363.8844</dst>
      <dst id="6">1.4933</dst>
      <dst id="16">511939.0578</dst>
      <dst id="14">30.8978</dst>
      <dst id="11">13.3333</dst>
      <dst id="9">252386.7467</dst>
      <dst id="17">77143.7867</dst>
      <dst id="21">26.2222</dst>
      <dst id="15">210.7911</dst>
    </src>
    <src id="17">
      <dst id="12">66581.3511</dst>
      <dst id="13">85413.3156</dst>
      <dst id="19">603.5022</dst>
      <dst id="23">35.7422</dst>
      <dst id="8">318.8000</dst>
      <dst id="18">3844.4000</dst>
      <dst id="4">4619.4667</dst>
      <dst id="1">13677.3333</dst>
      <dst id="5">91680.2844</dst>
      <dst id="3">3314.4889</dst>
      <dst id="10">1283.5644</dst>
      <dst id="22">25.8756</dst>
      <dst id="7">21654.2756</dst>
      <dst id="2">2015.4844</dst>
      <dst id="6">310.6844</dst>
      <dst id="16">24230.0444</dst>
      <dst id="14">11360.6578</dst>
      <dst id="20">23397.2356</dst>
      <dst id="11">8423.9378</dst>
      <dst id="9">3551.2089</dst>
      <dst id="17">28399.9200</dst>
      <dst id="21">15819.3067</dst>
      <dst id="15">8.9244</dst>
    </src>
    <src id="21">
      <dst id="12">1328.6844</dst>
      <dst id="13">4355.6089</dst>
      <dst id="19">380.9689</dst>
      <dst id="23">834.2489</dst>
      <dst id="8">184.7111</dst>
      <dst id="18">3006.0978</dst>
      <dst id="4">998.3556</dst>
      <dst id="1">7382.8267</dst>
      <dst id="5">791.6267</dst>
      <dst id="3">719.3778</dst>
      <dst id="10">204.5156</dst>
      <dst id="22">0.3556</dst>
      <dst id="7">1795.9111</dst>
      <dst id="2">6909.4933</dst>
      <dst id="6">69.9733</dst>
      <dst id="16">4016.1956</dst>
      <dst id="14">79.9289</dst>
      <dst id="20">903.6622</dst>
      <dst id="11">84.1511</dst>
      <dst id="9">1288.4533</dst>
      <dst id="17">399630.8800</dst>
      <dst id="21">1008.4978</dst>
      <dst id="15">77.3422</dst>
    </src>
    <src id="15">
      <dst id="12">146.9689</dst>
      <dst id="13">283.2889</dst>
      <dst id="19">0.4622</dst>
      <dst id="18">1.2089</dst>
      <dst id="4">105.0578</dst>
      <dst id="1">396.6578</dst>
      <dst id="5">115.2000</dst>
      <dst id="10">1.1911</dst>
      <dst id="7">13.7956</dst>
      <dst id="2">83.1022</dst>
      <dst id="6">0.4267</dst>
      <dst id="16">969.8756</dst>
      <dst id="11">123.9822</dst>
      <dst id="9">1038.2933</dst>
      <dst id="17">123.4044</dst>
      <dst id="21">53.8667</dst>
    </src>
  </IntraTM>
</TrafficMatrixFile>
