<?xml version="1.0" encoding="UTF-8" standalone="yes"?>
<TrafficMatrixFile xmlns:xsi="http://www.w3.org/2001/XMLSchema-instance" xsi:noNamespaceSchemaLocation="http://totem.run.montefiore.ulg.ac.be/Schema/TrafficMatrix-v1_2.xsd">
  <info>
    <title>Intradomain traffic matrix generated by geant-TM-all.pl</title>
    <date>2005-02-13T19:45:00</date>
    <duration>900</duration>
    <author>Steve Uhlig</author>
    <units>
        <unit type="bandwidth" value="kbps"/>
    </units>
  </info>
  <IntraTM ASID="20965">
    <src id="12">
      <dst id="12">250546.8800</dst>
      <dst id="13">21522.1422</dst>
      <dst id="19">17760.4356</dst>
      <dst id="23">527.9822</dst>
      <dst id="8">4047.5200</dst>
      <dst id="18">208540.6222</dst>
      <dst id="4">22404.9778</dst>
      <dst id="1">10833.3422</dst>
      <dst id="5">2490.9600</dst>
      <dst id="3">3768.7556</dst>
      <dst id="10">2967.2089</dst>
      <dst id="22">18852.4889</dst>
      <dst id="7">25033.2533</dst>
      <dst id="2">71913.6711</dst>
      <dst id="6">25.6711</dst>
      <dst id="16">9199.0133</dst>
      <dst id="14">849.4578</dst>
      <dst id="20">23967.6000</dst>
      <dst id="11">98.2756</dst>
      <dst id="9">13693.8667</dst>
      <dst id="17">114534.0889</dst>
      <dst id="21">14162.3378</dst>
      <dst id="15">11592.9867</dst>
    </src>
    <src id="13">
      <dst id="12">54017.4844</dst>
      <dst id="19">20972.4089</dst>
      <dst id="23">6776.9244</dst>
      <dst id="8">3185.8667</dst>
      <dst id="18">4753.2267</dst>
      <dst id="1">6894.4267</dst>
      <dst id="5">5360.1244</dst>
      <dst id="3">5715.7422</dst>
      <dst id="22">60351.2800</dst>
      <dst id="7">28674.1956</dst>
      <dst id="2">88856.8356</dst>
      <dst id="6">313.5111</dst>
      <dst id="16">8465.1378</dst>
      <dst id="14">8206.0000</dst>
      <dst id="20">14843.7778</dst>
      <dst id="11">913.8222</dst>
      <dst id="9">11774.8178</dst>
      <dst id="17">128625.4489</dst>
      <dst id="21">19452.8622</dst>
      <dst id="15">3404.8000</dst>
    </src>
    <src id="19">
      <dst id="12">20621.9467</dst>
      <dst id="13">2989.5022</dst>
      <dst id="23">48.3911</dst>
      <dst id="8">6158.8533</dst>
      <dst id="18">82.9778</dst>
      <dst id="4">14584.8711</dst>
      <dst id="1">1523.8044</dst>
      <dst id="5">350.4178</dst>
      <dst id="3">92.5511</dst>
      <dst id="10">293.3333</dst>
      <dst id="22">195.4311</dst>
      <dst id="7">16981.9111</dst>
      <dst id="2">1069.9467</dst>
      <dst id="6">186.2489</dst>
      <dst id="16">11516.3467</dst>
      <dst id="14">32.4000</dst>
      <dst id="20">100.6311</dst>
      <dst id="11">333.0489</dst>
      <dst id="9">2759.7422</dst>
      <dst id="17">3915.2356</dst>
      <dst id="21">923.8667</dst>
      <dst id="15">4.3467</dst>
    </src>
    <src id="23">
      <dst id="12">11565.3867</dst>
      <dst id="13">846.3022</dst>
      <dst id="19">399.2889</dst>
      <dst id="8">66.6667</dst>
      <dst id="18">614.7733</dst>
      <dst id="4">2118.5778</dst>
      <dst id="1">118.9600</dst>
      <dst id="3">8499.7689</dst>
      <dst id="10">96.6667</dst>
      <dst id="22">834.5156</dst>
      <dst id="7">2266.4889</dst>
      <dst id="2">122.4089</dst>
      <dst id="16">20827.6000</dst>
      <dst id="14">14.1778</dst>
      <dst id="20">982.6667</dst>
      <dst id="11">13.3333</dst>
      <dst id="9">886.1778</dst>
      <dst id="17">12390.8178</dst>
      <dst id="21">653.9733</dst>
      <dst id="15">2.4889</dst>
    </src>
    <src id="8">
      <dst id="12">25719.6000</dst>
      <dst id="13">892.1867</dst>
      <dst id="19">1948.7200</dst>
      <dst id="23">3.0578</dst>
      <dst id="18">414.0089</dst>
      <dst id="4">667.8489</dst>
      <dst id="1">8955.5822</dst>
      <dst id="5">2159.6978</dst>
      <dst id="3">521.1733</dst>
      <dst id="10">327.5289</dst>
      <dst id="22">2002.0889</dst>
      <dst id="7">1075.4133</dst>
      <dst id="2">4371.0844</dst>
      <dst id="6">1.0489</dst>
      <dst id="16">608.5333</dst>
      <dst id="14">1.4133</dst>
      <dst id="20">8862.9600</dst>
      <dst id="11">53.8044</dst>
      <dst id="9">245090.4178</dst>
      <dst id="17">378241.5556</dst>
      <dst id="21">77.7511</dst>
      <dst id="15">635.4933</dst>
    </src>
    <src id="18">
      <dst id="12">185318.8533</dst>
      <dst id="13">539.8133</dst>
      <dst id="19">59.0222</dst>
      <dst id="23">69.9022</dst>
      <dst id="8">390.1689</dst>
      <dst id="4">546.6756</dst>
      <dst id="1">2006.2400</dst>
      <dst id="5">480.7111</dst>
      <dst id="3">843.7689</dst>
      <dst id="10">136.1778</dst>
      <dst id="22">266.4800</dst>
      <dst id="7">1406.4267</dst>
      <dst id="2">54706.8978</dst>
      <dst id="6">110.4978</dst>
      <dst id="16">28.3378</dst>
      <dst id="14">67.2711</dst>
      <dst id="20">235.2800</dst>
      <dst id="11">0.8533</dst>
      <dst id="9">140.8267</dst>
      <dst id="17">13782.5867</dst>
      <dst id="21">1430.1333</dst>
      <dst id="15">0.3644</dst>
    </src>
    <src id="4">
      <dst id="12">16966.3822</dst>
      <dst id="19">4218.9156</dst>
      <dst id="23">471.7511</dst>
      <dst id="8">1485.2089</dst>
      <dst id="18">1023.4222</dst>
      <dst id="4">13.3333</dst>
      <dst id="1">25940.7467</dst>
      <dst id="5">1455.5733</dst>
      <dst id="3">887.7511</dst>
      <dst id="22">5418.3200</dst>
      <dst id="7">36191.5111</dst>
      <dst id="2">42839.1822</dst>
      <dst id="6">30.7822</dst>
      <dst id="16">1514.9156</dst>
      <dst id="14">13402.0711</dst>
      <dst id="20">4050.4800</dst>
      <dst id="11">422.9778</dst>
      <dst id="9">3025.0044</dst>
      <dst id="17">39277.6444</dst>
      <dst id="21">7867.6000</dst>
      <dst id="15">410.0267</dst>
    </src>
    <src id="1">
      <dst id="12">21969.5733</dst>
      <dst id="13">2030.6133</dst>
      <dst id="19">460.8533</dst>
      <dst id="23">80.6667</dst>
      <dst id="8">93.1378</dst>
      <dst id="18">13718.4267</dst>
      <dst id="4">2055.8844</dst>
      <dst id="1">20401.0578</dst>
      <dst id="5">310.2133</dst>
      <dst id="3">766.5600</dst>
      <dst id="10">402.1867</dst>
      <dst id="22">3789.1378</dst>
      <dst id="7">48590.0444</dst>
      <dst id="2">30274.8533</dst>
      <dst id="6">28.9600</dst>
      <dst id="16">19938.2578</dst>
      <dst id="14">81.2533</dst>
      <dst id="20">8353.5111</dst>
      <dst id="11">4126.7644</dst>
      <dst id="9">7736.8000</dst>
      <dst id="17">26330.5956</dst>
      <dst id="21">6679.0667</dst>
      <dst id="15">301.9289</dst>
    </src>
    <src id="5">
      <dst id="12">30855.5911</dst>
      <dst id="13">2935.2356</dst>
      <dst id="19">26.4444</dst>
      <dst id="23">14.2844</dst>
      <dst id="8">40971.1378</dst>
      <dst id="18">294.4178</dst>
      <dst id="4">936.5511</dst>
      <dst id="1">6880.5422</dst>
      <dst id="3">136.4444</dst>
      <dst id="10">151.2000</dst>
      <dst id="22">9759.6533</dst>
      <dst id="7">3498.1778</dst>
      <dst id="2">6847.9911</dst>
      <dst id="6">29.4578</dst>
      <dst id="16">1139.1911</dst>
      <dst id="14">0.3556</dst>
      <dst id="20">1878.8533</dst>
      <dst id="11">90.1867</dst>
      <dst id="9">100708.1600</dst>
      <dst id="17">428081.6267</dst>
      <dst id="21">456.0178</dst>
      <dst id="15">931.0489</dst>
    </src>
    <src id="3">
      <dst id="12">10577.6622</dst>
      <dst id="13">1973.4044</dst>
      <dst id="19">669.6622</dst>
      <dst id="23">243.0489</dst>
      <dst id="8">2345.2622</dst>
      <dst id="18">2281.4578</dst>
      <dst id="4">2249.0400</dst>
      <dst id="1">8558.4622</dst>
      <dst id="5">948.3911</dst>
      <dst id="3">299.3422</dst>
      <dst id="10">1142.1333</dst>
      <dst id="22">1621.1467</dst>
      <dst id="7">5049.8933</dst>
      <dst id="2">4627.1289</dst>
      <dst id="6">14.1067</dst>
      <dst id="16">852.3289</dst>
      <dst id="14">161.6622</dst>
      <dst id="20">219.4667</dst>
      <dst id="11">166.3289</dst>
      <dst id="9">275.6178</dst>
      <dst id="17">35993.4311</dst>
      <dst id="21">14850.2756</dst>
      <dst id="15">377.3867</dst>
    </src>
    <src id="10">
      <dst id="12">327828.6489</dst>
      <dst id="19">1653.5378</dst>
      <dst id="23">585.9556</dst>
      <dst id="8">276289.8756</dst>
      <dst id="18">12065.8667</dst>
      <dst id="1">3290.7733</dst>
      <dst id="5">291104.3378</dst>
      <dst id="3">21489.5111</dst>
      <dst id="22">2590.3289</dst>
      <dst id="7">19791.8133</dst>
      <dst id="2">27287.9378</dst>
      <dst id="6">31595.1022</dst>
      <dst id="16">3347.0489</dst>
      <dst id="14">40522.0444</dst>
      <dst id="20">5801.3867</dst>
      <dst id="11">39547.7689</dst>
      <dst id="9">416128.7022</dst>
      <dst id="17">114472.2222</dst>
      <dst id="21">20780.7822</dst>
      <dst id="15">1109.9289</dst>
    </src>
    <src id="22">
      <dst id="12">17381.5733</dst>
      <dst id="13">4742.7022</dst>
      <dst id="19">634.1511</dst>
      <dst id="23">68.1689</dst>
      <dst id="8">3271.4489</dst>
      <dst id="18">589.7511</dst>
      <dst id="4">5813.0222</dst>
      <dst id="1">915.8133</dst>
      <dst id="5">5096.8356</dst>
      <dst id="3">252.7289</dst>
      <dst id="10">462.5156</dst>
      <dst id="7">1699.3956</dst>
      <dst id="2">3798.9778</dst>
      <dst id="6">52.0178</dst>
      <dst id="14">127.4222</dst>
      <dst id="11">65.8044</dst>
      <dst id="9">3964.0711</dst>
      <dst id="17">12565.6889</dst>
      <dst id="21">1579.4133</dst>
    </src>
    <src id="7">
      <dst id="12">10113.0311</dst>
      <dst id="13">9407.0133</dst>
      <dst id="19">1679.6089</dst>
      <dst id="23">168.1511</dst>
      <dst id="8">828.0800</dst>
      <dst id="18">3980.8000</dst>
      <dst id="4">17663.6711</dst>
      <dst id="1">23471.3244</dst>
      <dst id="5">1800.8889</dst>
      <dst id="3">1547.0578</dst>
      <dst id="10">470.6133</dst>
      <dst id="22">3554.6133</dst>
      <dst id="7">16.6489</dst>
      <dst id="2">9776.8267</dst>
      <dst id="6">450.9156</dst>
      <dst id="16">1584.3911</dst>
      <dst id="14">185.4044</dst>
      <dst id="20">540.9600</dst>
      <dst id="11">493.9378</dst>
      <dst id="9">2539.2889</dst>
      <dst id="17">26371.6089</dst>
      <dst id="21">4079.8311</dst>
      <dst id="15">682.2044</dst>
    </src>
    <src id="2">
      <dst id="12">141918.4711</dst>
      <dst id="13">15084.3911</dst>
      <dst id="19">2201.0044</dst>
      <dst id="23">45.7244</dst>
      <dst id="8">10179.9022</dst>
      <dst id="18">148344.0533</dst>
      <dst id="4">22948.8978</dst>
      <dst id="1">24865.8756</dst>
      <dst id="5">1115.9467</dst>
      <dst id="3">222.7733</dst>
      <dst id="10">1368.3467</dst>
      <dst id="22">1948.5333</dst>
      <dst id="7">35764.2756</dst>
      <dst id="2">1856.2400</dst>
      <dst id="6">21374.5511</dst>
      <dst id="16">7131.8489</dst>
      <dst id="14">232.0089</dst>
      <dst id="20">3998.6133</dst>
      <dst id="11">286.3644</dst>
      <dst id="9">2071.6711</dst>
      <dst id="17">57076.1422</dst>
      <dst id="21">5883.3067</dst>
      <dst id="15">278.9689</dst>
    </src>
    <src id="6">
      <dst id="12">2263.1378</dst>
      <dst id="13">24.5689</dst>
      <dst id="19">43.4222</dst>
      <dst id="23">5.6622</dst>
      <dst id="8">1.4222</dst>
      <dst id="18">1.3867</dst>
      <dst id="4">14.6667</dst>
      <dst id="1">222.3467</dst>
      <dst id="5">6.2044</dst>
      <dst id="3">14.8178</dst>
      <dst id="22">52.4800</dst>
      <dst id="7">937.9822</dst>
      <dst id="2">3974.4711</dst>
      <dst id="16">66.6489</dst>
      <dst id="14">68.8000</dst>
      <dst id="20">16.2222</dst>
      <dst id="9">11.4667</dst>
      <dst id="17">13216.4889</dst>
      <dst id="21">165.6178</dst>
      <dst id="15">0.5689</dst>
    </src>
    <src id="16">
      <dst id="12">4963.5911</dst>
      <dst id="13">2321.7956</dst>
      <dst id="19">5490.2133</dst>
      <dst id="23">379.4933</dst>
      <dst id="8">4111.0667</dst>
      <dst id="18">95.8844</dst>
      <dst id="4">3550.7911</dst>
      <dst id="1">25357.2800</dst>
      <dst id="5">9471.6889</dst>
      <dst id="3">23.2889</dst>
      <dst id="10">173.3600</dst>
      <dst id="7">2813.2622</dst>
      <dst id="2">2146.6489</dst>
      <dst id="6">5.4222</dst>
      <dst id="16">43.7333</dst>
      <dst id="14">17.5378</dst>
      <dst id="11">44.2044</dst>
      <dst id="9">6754.6311</dst>
      <dst id="17">11439.9467</dst>
      <dst id="21">909.9022</dst>
    </src>
    <src id="14">
      <dst id="12">1818.3911</dst>
      <dst id="13">169.2889</dst>
      <dst id="19">56.9156</dst>
      <dst id="8">0.5689</dst>
      <dst id="18">1.1378</dst>
      <dst id="4">556.7556</dst>
      <dst id="1">635.1289</dst>
      <dst id="5">0.7822</dst>
      <dst id="3">344.8356</dst>
      <dst id="10">26.5867</dst>
      <dst id="22">178.1867</dst>
      <dst id="7">267.6711</dst>
      <dst id="2">3376.4000</dst>
      <dst id="6">2.5067</dst>
      <dst id="16">39.5467</dst>
      <dst id="14">228.5867</dst>
      <dst id="20">1.4489</dst>
      <dst id="11">35.3867</dst>
      <dst id="9">33.3778</dst>
      <dst id="17">21208.3022</dst>
      <dst id="21">50.0000</dst>
      <dst id="15">1.8489</dst>
    </src>
    <src id="20">
      <dst id="12">15299.2711</dst>
      <dst id="13">2150.8533</dst>
      <dst id="19">936.2667</dst>
      <dst id="23">26.5067</dst>
      <dst id="8">7484.1956</dst>
      <dst id="18">182.0444</dst>
      <dst id="4">1411.4667</dst>
      <dst id="1">3638.8533</dst>
      <dst id="5">281.1467</dst>
      <dst id="3">13.3333</dst>
      <dst id="10">1163.6267</dst>
      <dst id="7">918.0889</dst>
      <dst id="2">4485.9022</dst>
      <dst id="6">23.0844</dst>
      <dst id="14">0.3556</dst>
      <dst id="11">25.0311</dst>
      <dst id="9">6358.3378</dst>
      <dst id="17">13396.3200</dst>
      <dst id="21">776.8533</dst>
    </src>
    <src id="11">
      <dst id="12">54358.5156</dst>
      <dst id="13">2831.4222</dst>
      <dst id="19">519.6889</dst>
      <dst id="23">77.8844</dst>
      <dst id="8">782.3467</dst>
      <dst id="18">1862.6489</dst>
      <dst id="4">2561.3156</dst>
      <dst id="1">3296.7200</dst>
      <dst id="5">2264.0178</dst>
      <dst id="3">123.9111</dst>
      <dst id="10">298.0622</dst>
      <dst id="22">5203.1822</dst>
      <dst id="7">831.9200</dst>
      <dst id="2">141101.3156</dst>
      <dst id="6">19.7867</dst>
      <dst id="16">1387.6089</dst>
      <dst id="14">62.3200</dst>
      <dst id="20">1703.3778</dst>
      <dst id="11">4304.6933</dst>
      <dst id="9">3529.2178</dst>
      <dst id="17">709089.1467</dst>
      <dst id="21">580.4978</dst>
      <dst id="15">658.7111</dst>
    </src>
    <src id="9">
      <dst id="12">53427.4756</dst>
      <dst id="13">12985.6800</dst>
      <dst id="19">189.6089</dst>
      <dst id="23">127.1022</dst>
      <dst id="8">222442.4533</dst>
      <dst id="18">485.0489</dst>
      <dst id="4">2754.1867</dst>
      <dst id="1">29679.7511</dst>
      <dst id="5">1266.3200</dst>
      <dst id="3">603.1378</dst>
      <dst id="10">684.4800</dst>
      <dst id="22">6561.2089</dst>
      <dst id="7">657.5733</dst>
      <dst id="2">1834.7111</dst>
      <dst id="6">0.7022</dst>
      <dst id="16">9891.2089</dst>
      <dst id="14">138.2489</dst>
      <dst id="20">5790.6044</dst>
      <dst id="11">205.2800</dst>
      <dst id="9">618731.8667</dst>
      <dst id="17">536885.7333</dst>
      <dst id="21">772.3556</dst>
      <dst id="15">1533.7600</dst>
    </src>
    <src id="17">
      <dst id="12">271845.9200</dst>
      <dst id="13">11432.4889</dst>
      <dst id="19">2679.0489</dst>
      <dst id="23">477.5733</dst>
      <dst id="8">11529.6267</dst>
      <dst id="18">1981.7511</dst>
      <dst id="4">14409.3244</dst>
      <dst id="1">7795.9733</dst>
      <dst id="5">217561.9733</dst>
      <dst id="3">12316.1600</dst>
      <dst id="10">1236.1511</dst>
      <dst id="22">9331.4756</dst>
      <dst id="7">14352.2578</dst>
      <dst id="2">33610.3911</dst>
      <dst id="6">282.6044</dst>
      <dst id="16">12351.4044</dst>
      <dst id="14">23222.5333</dst>
      <dst id="20">18489.0933</dst>
      <dst id="11">34990.0978</dst>
      <dst id="9">25045.8133</dst>
      <dst id="17">36819.2444</dst>
      <dst id="21">18955.0489</dst>
      <dst id="15">327.8578</dst>
    </src>
    <src id="21">
      <dst id="12">12228.7467</dst>
      <dst id="13">1416.1244</dst>
      <dst id="19">239.2711</dst>
      <dst id="23">230.8356</dst>
      <dst id="8">220.9422</dst>
      <dst id="18">27034.2667</dst>
      <dst id="4">13579.6889</dst>
      <dst id="1">3334.9511</dst>
      <dst id="5">1080.6578</dst>
      <dst id="3">4995.9733</dst>
      <dst id="10">914.1778</dst>
      <dst id="22">1299.1733</dst>
      <dst id="7">4301.0933</dst>
      <dst id="2">7530.7644</dst>
      <dst id="6">442.8711</dst>
      <dst id="16">1196.0533</dst>
      <dst id="14">44.2222</dst>
      <dst id="20">314.4444</dst>
      <dst id="11">122.8000</dst>
      <dst id="9">616.5333</dst>
      <dst id="17">31452.3200</dst>
      <dst id="21">3336.9422</dst>
      <dst id="15">50.4622</dst>
    </src>
    <src id="15">
      <dst id="12">3745.6889</dst>
      <dst id="13">235.2889</dst>
      <dst id="23">120.0000</dst>
      <dst id="8">3228.3378</dst>
      <dst id="18">2.0889</dst>
      <dst id="4">495.7689</dst>
      <dst id="1">689.2622</dst>
      <dst id="5">104.4000</dst>
      <dst id="3">204.7200</dst>
      <dst id="10">851.6178</dst>
      <dst id="7">58.1156</dst>
      <dst id="2">395.6978</dst>
      <dst id="14">73.1733</dst>
      <dst id="11">0.4622</dst>
      <dst id="9">1760.4267</dst>
      <dst id="17">2684.4267</dst>
      <dst id="21">47.3867</dst>
    </src>
  </IntraTM>
</TrafficMatrixFile>
