<?xml version="1.0" encoding="UTF-8" standalone="yes"?>
<TrafficMatrixFile xmlns:xsi="http://www.w3.org/2001/XMLSchema-instance" xsi:noNamespaceSchemaLocation="http://totem.run.montefiore.ulg.ac.be/Schema/TrafficMatrix-v1_2.xsd">
  <info>
    <title>Intradomain traffic matrix generated by geant-TM-all.pl</title>
    <date>2005-03-15T19:45:00</date>
    <duration>900</duration>
    <author>Steve Uhlig</author>
    <units>
        <unit type="bandwidth" value="kbps"/>
    </units>
  </info>
  <IntraTM ASID="20965">
    <src id="12">
      <dst id="12">231454.5333</dst>
      <dst id="13">15116.8444</dst>
      <dst id="19">141.5022</dst>
      <dst id="23">1091.4933</dst>
      <dst id="8">152.6400</dst>
      <dst id="18">55602.4356</dst>
      <dst id="4">7858.6133</dst>
      <dst id="1">15082.6667</dst>
      <dst id="5">1596.0178</dst>
      <dst id="3">87.4400</dst>
      <dst id="10">10211.5289</dst>
      <dst id="22">169.2000</dst>
      <dst id="7">1712.7111</dst>
      <dst id="2">24663.8844</dst>
      <dst id="6">15769.6089</dst>
      <dst id="16">840.1422</dst>
      <dst id="14">487.4489</dst>
      <dst id="20">4959.6356</dst>
      <dst id="11">82.1244</dst>
      <dst id="9">6913.2178</dst>
      <dst id="17">37129.7956</dst>
      <dst id="21">5691.9644</dst>
      <dst id="15">4672.1156</dst>
    </src>
    <src id="13">
      <dst id="12">31881.9022</dst>
      <dst id="19">5047.4933</dst>
      <dst id="23">1886.3022</dst>
      <dst id="8">1347.3422</dst>
      <dst id="18">629.4133</dst>
      <dst id="1">13771.6711</dst>
      <dst id="5">3500.9511</dst>
      <dst id="3">211.4133</dst>
      <dst id="22">1787.3600</dst>
      <dst id="7">7466.1422</dst>
      <dst id="2">27634.1778</dst>
      <dst id="6">172.1244</dst>
      <dst id="16">52.9422</dst>
      <dst id="14">4007.4400</dst>
      <dst id="20">4731.2444</dst>
      <dst id="11">164.0889</dst>
      <dst id="9">11472.8356</dst>
      <dst id="17">51109.1556</dst>
      <dst id="21">3759.0044</dst>
      <dst id="15">416.0267</dst>
    </src>
    <src id="19">
      <dst id="12">8042.4000</dst>
      <dst id="13">220.4800</dst>
      <dst id="23">0.9067</dst>
      <dst id="8">15.8489</dst>
      <dst id="18">15.5556</dst>
      <dst id="4">262.8978</dst>
      <dst id="1">79.7067</dst>
      <dst id="5">13.3333</dst>
      <dst id="10">1164.3911</dst>
      <dst id="22">0.5689</dst>
      <dst id="7">3055.6800</dst>
      <dst id="2">114.9867</dst>
      <dst id="6">0.3289</dst>
      <dst id="16">0.4622</dst>
      <dst id="14">28.0533</dst>
      <dst id="20">235.7600</dst>
      <dst id="9">447.7156</dst>
      <dst id="17">947.0489</dst>
      <dst id="21">109.2978</dst>
    </src>
    <src id="23">
      <dst id="12">782.0000</dst>
      <dst id="13">97.0222</dst>
      <dst id="18">0.4267</dst>
      <dst id="4">567.8578</dst>
      <dst id="1">15.8311</dst>
      <dst id="5">13.7956</dst>
      <dst id="10">338.4978</dst>
      <dst id="7">13.6889</dst>
      <dst id="2">6.9867</dst>
      <dst id="14">12.6222</dst>
      <dst id="20">226.6667</dst>
      <dst id="11">39.9289</dst>
      <dst id="9">223.5200</dst>
      <dst id="17">336.0800</dst>
      <dst id="21">0.3556</dst>
      <dst id="15">15.3244</dst>
    </src>
    <src id="8">
      <dst id="12">7534.1956</dst>
      <dst id="13">561.6356</dst>
      <dst id="23">0.7111</dst>
      <dst id="18">1.6267</dst>
      <dst id="4">1754.8444</dst>
      <dst id="1">1651.9556</dst>
      <dst id="5">1419.3067</dst>
      <dst id="10">3180.7467</dst>
      <dst id="7">78.1333</dst>
      <dst id="2">69.2356</dst>
      <dst id="16">113764.3378</dst>
      <dst id="11">2.6756</dst>
      <dst id="9">82216.0356</dst>
      <dst id="17">155958.3822</dst>
      <dst id="21">27.0222</dst>
      <dst id="15">50.4178</dst>
    </src>
    <src id="18">
      <dst id="12">114972.6844</dst>
      <dst id="13">196.5600</dst>
      <dst id="19">14.3556</dst>
      <dst id="23">2.3289</dst>
      <dst id="8">1.2000</dst>
      <dst id="4">366.9067</dst>
      <dst id="1">1278.3733</dst>
      <dst id="5">131.9733</dst>
      <dst id="3">1328.3911</dst>
      <dst id="10">964.4978</dst>
      <dst id="7">5.6444</dst>
      <dst id="2">17215.6178</dst>
      <dst id="16">350.2311</dst>
      <dst id="20">0.4444</dst>
      <dst id="11">0.5333</dst>
      <dst id="9">932.4711</dst>
      <dst id="17">5217.5111</dst>
      <dst id="21">123.4578</dst>
      <dst id="15">15.8933</dst>
    </src>
    <src id="4">
      <dst id="12">9494.4444</dst>
      <dst id="19">664.7111</dst>
      <dst id="23">241.3156</dst>
      <dst id="8">652.8889</dst>
      <dst id="18">33.3867</dst>
      <dst id="4">14.6844</dst>
      <dst id="1">52832.1067</dst>
      <dst id="5">744.4178</dst>
      <dst id="3">182.8889</dst>
      <dst id="7">4350.8444</dst>
      <dst id="2">30600.5244</dst>
      <dst id="6">100.5156</dst>
      <dst id="16">2785.4844</dst>
      <dst id="14">2122.0800</dst>
      <dst id="11">32.7378</dst>
      <dst id="9">4149.0667</dst>
      <dst id="17">17840.7733</dst>
      <dst id="21">548.4089</dst>
      <dst id="15">35.0222</dst>
    </src>
    <src id="1">
      <dst id="12">728136.0178</dst>
      <dst id="13">10873.5378</dst>
      <dst id="19">81.8311</dst>
      <dst id="23">20.6933</dst>
      <dst id="8">30.6222</dst>
      <dst id="18">20419.6711</dst>
      <dst id="4">2937.5467</dst>
      <dst id="1">459865.2622</dst>
      <dst id="5">179.2533</dst>
      <dst id="3">982.2133</dst>
      <dst id="10">1494.9600</dst>
      <dst id="7">211159.1911</dst>
      <dst id="2">2102.0178</dst>
      <dst id="6">0.4267</dst>
      <dst id="16">8270.0267</dst>
      <dst id="14">1585.4133</dst>
      <dst id="20">999.1378</dst>
      <dst id="11">81.9111</dst>
      <dst id="9">1753.3956</dst>
      <dst id="17">299620.5867</dst>
      <dst id="21">249063.5378</dst>
      <dst id="15">101.6356</dst>
    </src>
    <src id="5">
      <dst id="12">8962.9067</dst>
      <dst id="13">337.0844</dst>
      <dst id="19">0.3556</dst>
      <dst id="23">0.5689</dst>
      <dst id="8">161.1644</dst>
      <dst id="18">120.0978</dst>
      <dst id="4">298.5067</dst>
      <dst id="1">2229.6800</dst>
      <dst id="3">45.1378</dst>
      <dst id="10">1219.8578</dst>
      <dst id="7">77.8044</dst>
      <dst id="2">92.2489</dst>
      <dst id="6">133.8933</dst>
      <dst id="16">148578.9600</dst>
      <dst id="14">13.6889</dst>
      <dst id="11">8.6222</dst>
      <dst id="9">44779.1911</dst>
      <dst id="17">162740.1689</dst>
      <dst id="21">2.5511</dst>
      <dst id="15">8.7644</dst>
    </src>
    <src id="3">
      <dst id="12">8438.5600</dst>
      <dst id="13">608.9422</dst>
      <dst id="19">916.0889</dst>
      <dst id="23">2.5600</dst>
      <dst id="8">79.4667</dst>
      <dst id="18">283.6356</dst>
      <dst id="4">40163.6267</dst>
      <dst id="1">5648.9511</dst>
      <dst id="5">288.8089</dst>
      <dst id="3">16.8356</dst>
      <dst id="10">3085.2444</dst>
      <dst id="7">549.2444</dst>
      <dst id="2">3252.0356</dst>
      <dst id="6">14.9422</dst>
      <dst id="16">2254.9156</dst>
      <dst id="14">115.7511</dst>
      <dst id="20">27.3689</dst>
      <dst id="11">133.1289</dst>
      <dst id="9">1106.5778</dst>
      <dst id="17">18784.7289</dst>
      <dst id="21">1126.2133</dst>
      <dst id="15">55.5111</dst>
    </src>
    <src id="10">
      <dst id="12">9472.3556</dst>
      <dst id="19">4728.5956</dst>
      <dst id="23">87.2267</dst>
      <dst id="8">193.1289</dst>
      <dst id="18">9114.8800</dst>
      <dst id="1">288.7822</dst>
      <dst id="5">293.0844</dst>
      <dst id="3">256.7200</dst>
      <dst id="7">3040.7556</dst>
      <dst id="2">10363.9467</dst>
      <dst id="16">837.1911</dst>
      <dst id="14">4173.0756</dst>
      <dst id="20">3551.0400</dst>
      <dst id="11">285.0844</dst>
      <dst id="9">5315.4756</dst>
      <dst id="17">26660.1956</dst>
      <dst id="21">4921.9467</dst>
      <dst id="15">73.8933</dst>
    </src>
    <src id="22">
      <dst id="12">4927.7600</dst>
      <dst id="13">5273.0400</dst>
      <dst id="19">28.5067</dst>
      <dst id="23">7.3956</dst>
      <dst id="8">103.6444</dst>
      <dst id="18">81.6444</dst>
      <dst id="4">2971.2089</dst>
      <dst id="1">19.3156</dst>
      <dst id="5">914.6222</dst>
      <dst id="3">11.2000</dst>
      <dst id="10">4698.2933</dst>
      <dst id="7">149.4222</dst>
      <dst id="2">2680.4178</dst>
      <dst id="6">14.9511</dst>
      <dst id="16">13.3333</dst>
      <dst id="14">138.5511</dst>
      <dst id="11">62.6756</dst>
      <dst id="9">581.0400</dst>
      <dst id="17">4975.9289</dst>
      <dst id="21">5031.8044</dst>
    </src>
    <src id="7">
      <dst id="12">4798.9067</dst>
      <dst id="13">217.9111</dst>
      <dst id="19">223.4844</dst>
      <dst id="23">3.4933</dst>
      <dst id="8">175.7422</dst>
      <dst id="18">124.3822</dst>
      <dst id="4">1015.3778</dst>
      <dst id="1">3572.8622</dst>
      <dst id="5">550.6133</dst>
      <dst id="3">111.4933</dst>
      <dst id="10">1057.2800</dst>
      <dst id="22">2.1333</dst>
      <dst id="7">861.0489</dst>
      <dst id="2">2767.8667</dst>
      <dst id="6">205.0400</dst>
      <dst id="16">0.4622</dst>
      <dst id="14">93.2356</dst>
      <dst id="20">2019.8400</dst>
      <dst id="11">33.4578</dst>
      <dst id="9">581.9467</dst>
      <dst id="17">13098.9867</dst>
      <dst id="21">1406.1067</dst>
      <dst id="15">292.3556</dst>
    </src>
    <src id="2">
      <dst id="12">57288.2489</dst>
      <dst id="13">18057.3156</dst>
      <dst id="19">143.2622</dst>
      <dst id="23">0.4622</dst>
      <dst id="8">84.9333</dst>
      <dst id="18">31292.0978</dst>
      <dst id="4">18574.0711</dst>
      <dst id="1">10477.7956</dst>
      <dst id="5">1597.8400</dst>
      <dst id="3">1.1733</dst>
      <dst id="10">11644.8000</dst>
      <dst id="22">48.9511</dst>
      <dst id="7">3347.5644</dst>
      <dst id="2">1625.1378</dst>
      <dst id="6">17081.0489</dst>
      <dst id="16">0.4622</dst>
      <dst id="14">1775.5822</dst>
      <dst id="20">26.3467</dst>
      <dst id="11">243.5733</dst>
      <dst id="9">2010.8800</dst>
      <dst id="17">23118.8978</dst>
      <dst id="21">1579.6622</dst>
      <dst id="15">15.1822</dst>
    </src>
    <src id="6">
      <dst id="12">303.7156</dst>
      <dst id="13">22.2489</dst>
      <dst id="19">0.5156</dst>
      <dst id="18">0.3378</dst>
      <dst id="4">78.6044</dst>
      <dst id="1">1803.3600</dst>
      <dst id="5">57.4756</dst>
      <dst id="10">36.3556</dst>
      <dst id="22">18.4000</dst>
      <dst id="7">10.9689</dst>
      <dst id="2">1102.3111</dst>
      <dst id="16">27.0756</dst>
      <dst id="9">47.8933</dst>
      <dst id="17">16646.1600</dst>
      <dst id="21">0.8711</dst>
      <dst id="15">0.5244</dst>
    </src>
    <src id="16">
      <dst id="12">117926.7022</dst>
      <dst id="13">1762.9867</dst>
      <dst id="19">3164.2844</dst>
      <dst id="23">3.4667</dst>
      <dst id="8">87546.6844</dst>
      <dst id="18">3.6889</dst>
      <dst id="4">517.9200</dst>
      <dst id="1">18542.1422</dst>
      <dst id="5">189826.5778</dst>
      <dst id="3">4117.8222</dst>
      <dst id="10">1205.9733</dst>
      <dst id="7">50.5067</dst>
      <dst id="2">3307.8311</dst>
      <dst id="6">65.7778</dst>
      <dst id="16">9606.8178</dst>
      <dst id="14">79076.4533</dst>
      <dst id="11">17861.9378</dst>
      <dst id="9">170472.2311</dst>
      <dst id="17">1999.2800</dst>
      <dst id="21">12.6222</dst>
    </src>
    <src id="14">
      <dst id="12">3045.2800</dst>
      <dst id="13">37.2800</dst>
      <dst id="19">7.8489</dst>
      <dst id="23">1.4933</dst>
      <dst id="8">1.0844</dst>
      <dst id="4">301.5911</dst>
      <dst id="1">4066.3556</dst>
      <dst id="5">12.8800</dst>
      <dst id="3">457.9556</dst>
      <dst id="10">255.2978</dst>
      <dst id="7">139.7244</dst>
      <dst id="2">1387.5378</dst>
      <dst id="16">404.5422</dst>
      <dst id="20">21.6889</dst>
      <dst id="11">26.6044</dst>
      <dst id="9">350.3111</dst>
      <dst id="17">33425.4578</dst>
      <dst id="21">205.0222</dst>
    </src>
    <src id="20">
      <dst id="12">8509.9733</dst>
      <dst id="13">2653.6533</dst>
      <dst id="19">44.1600</dst>
      <dst id="23">4.6933</dst>
      <dst id="8">4.2756</dst>
      <dst id="18">0.4267</dst>
      <dst id="4">398.9333</dst>
      <dst id="1">77.5644</dst>
      <dst id="5">14142.1956</dst>
      <dst id="10">1029.9644</dst>
      <dst id="7">5104.3911</dst>
      <dst id="2">162.7378</dst>
      <dst id="6">1.3067</dst>
      <dst id="14">1276.7733</dst>
      <dst id="20">46.9689</dst>
      <dst id="11">0.4622</dst>
      <dst id="9">3604.6222</dst>
      <dst id="17">18173.5289</dst>
      <dst id="21">39.7511</dst>
    </src>
    <src id="11">
      <dst id="12">25091.4756</dst>
      <dst id="13">3565.3511</dst>
      <dst id="19">395.9822</dst>
      <dst id="23">7.6889</dst>
      <dst id="8">131.2000</dst>
      <dst id="18">107.3067</dst>
      <dst id="4">992.1244</dst>
      <dst id="1">3909.2000</dst>
      <dst id="5">776.9244</dst>
      <dst id="3">30.8178</dst>
      <dst id="10">2258.7556</dst>
      <dst id="7">487.5378</dst>
      <dst id="2">42267.9467</dst>
      <dst id="6">2.4000</dst>
      <dst id="16">2616.8800</dst>
      <dst id="14">45.1822</dst>
      <dst id="20">178.6489</dst>
      <dst id="11">894.8267</dst>
      <dst id="9">2668.9067</dst>
      <dst id="17">548641.5111</dst>
      <dst id="21">218.8711</dst>
      <dst id="15">716.8800</dst>
    </src>
    <src id="9">
      <dst id="12">23466.3911</dst>
      <dst id="13">5594.9156</dst>
      <dst id="19">26.9244</dst>
      <dst id="23">2281.6800</dst>
      <dst id="8">79434.2400</dst>
      <dst id="18">220.3378</dst>
      <dst id="4">654.8444</dst>
      <dst id="1">3874.7467</dst>
      <dst id="5">879.4133</dst>
      <dst id="3">27.1733</dst>
      <dst id="10">3147.2622</dst>
      <dst id="7">32.2311</dst>
      <dst id="2">86.8444</dst>
      <dst id="6">12.9067</dst>
      <dst id="16">194716.7911</dst>
      <dst id="14">1081.7333</dst>
      <dst id="11">18.5067</dst>
      <dst id="9">255060.5956</dst>
      <dst id="17">265924.1600</dst>
      <dst id="21">149.5467</dst>
      <dst id="15">60.6489</dst>
    </src>
    <src id="17">
      <dst id="12">94467.5733</dst>
      <dst id="13">9154.3911</dst>
      <dst id="19">473.2622</dst>
      <dst id="23">47.7156</dst>
      <dst id="8">492.7289</dst>
      <dst id="18">127.8400</dst>
      <dst id="4">8617.1378</dst>
      <dst id="1">5987.4311</dst>
      <dst id="5">125149.5200</dst>
      <dst id="3">12240.4533</dst>
      <dst id="10">7617.7956</dst>
      <dst id="7">4323.2711</dst>
      <dst id="2">8153.9556</dst>
      <dst id="6">76.3822</dst>
      <dst id="16">1569.6978</dst>
      <dst id="14">24974.1156</dst>
      <dst id="20">1875.4933</dst>
      <dst id="11">11756.2578</dst>
      <dst id="9">9154.3200</dst>
      <dst id="17">9947.8133</dst>
      <dst id="21">715.1467</dst>
      <dst id="15">76.9867</dst>
    </src>
    <src id="21">
      <dst id="12">5160.7467</dst>
      <dst id="13">1292.8444</dst>
      <dst id="19">153.5822</dst>
      <dst id="23">1.4667</dst>
      <dst id="8">129.9556</dst>
      <dst id="18">265.3778</dst>
      <dst id="4">769.5822</dst>
      <dst id="1">5092.8889</dst>
      <dst id="5">803.5822</dst>
      <dst id="3">815.0489</dst>
      <dst id="10">867.5022</dst>
      <dst id="7">632.3378</dst>
      <dst id="2">2023.4311</dst>
      <dst id="6">1.8222</dst>
      <dst id="16">218.9422</dst>
      <dst id="14">1074.9956</dst>
      <dst id="20">242.9067</dst>
      <dst id="11">63.6711</dst>
      <dst id="9">958.4800</dst>
      <dst id="17">26241.9911</dst>
      <dst id="21">764.0000</dst>
      <dst id="15">7.1022</dst>
    </src>
    <src id="15">
      <dst id="12">527.8578</dst>
      <dst id="13">396.5422</dst>
      <dst id="23">1.1378</dst>
      <dst id="8">3.1289</dst>
      <dst id="18">1.1022</dst>
      <dst id="4">39.4756</dst>
      <dst id="1">309.0667</dst>
      <dst id="5">254.7200</dst>
      <dst id="3">12.4178</dst>
      <dst id="10">216.5244</dst>
      <dst id="7">13.7600</dst>
      <dst id="2">6.1333</dst>
      <dst id="16">1.0756</dst>
      <dst id="14">13.6889</dst>
      <dst id="11">8.0889</dst>
      <dst id="9">1501.2178</dst>
      <dst id="17">151.6622</dst>
    </src>
  </IntraTM>
</TrafficMatrixFile>
