<?xml version="1.0" encoding="UTF-8" standalone="yes"?>
<TrafficMatrixFile xmlns:xsi="http://www.w3.org/2001/XMLSchema-instance" xsi:noNamespaceSchemaLocation="http://totem.run.montefiore.ulg.ac.be/Schema/TrafficMatrix-v1_2.xsd">
  <info>
    <title>Intradomain traffic matrix generated by geant-TM-all.pl</title>
    <date>2005-03-06T12:00:00</date>
    <duration>900</duration>
    <author>Steve Uhlig</author>
    <units>
        <unit type="bandwidth" value="kbps"/>
    </units>
  </info>
  <IntraTM ASID="20965">
    <src id="12">
      <dst id="12">189724.1333</dst>
      <dst id="13">13250.1600</dst>
      <dst id="19">6195.6444</dst>
      <dst id="23">1803.9644</dst>
      <dst id="8">46.2400</dst>
      <dst id="18">61237.1111</dst>
      <dst id="4">20712.2311</dst>
      <dst id="1">20438.3911</dst>
      <dst id="5">591.4578</dst>
      <dst id="3">32.2311</dst>
      <dst id="10">2190.7556</dst>
      <dst id="22">1533.2089</dst>
      <dst id="7">8863.8311</dst>
      <dst id="2">14473.0044</dst>
      <dst id="6">69.7600</dst>
      <dst id="16">8544.2667</dst>
      <dst id="14">1256.1422</dst>
      <dst id="20">2583.6000</dst>
      <dst id="11">127.2178</dst>
      <dst id="9">2127.4311</dst>
      <dst id="17">69069.7956</dst>
      <dst id="21">450.7200</dst>
      <dst id="15">3365.0756</dst>
    </src>
    <src id="13">
      <dst id="12">37116.9867</dst>
      <dst id="19">5407.4044</dst>
      <dst id="23">192.7200</dst>
      <dst id="8">1530.5067</dst>
      <dst id="18">4370.9689</dst>
      <dst id="1">2707.1822</dst>
      <dst id="5">3476.3111</dst>
      <dst id="3">325.7333</dst>
      <dst id="22">4182.9333</dst>
      <dst id="7">7682.2222</dst>
      <dst id="2">29388.1689</dst>
      <dst id="6">102.1867</dst>
      <dst id="16">4683.0489</dst>
      <dst id="14">6601.1467</dst>
      <dst id="20">4496.5778</dst>
      <dst id="11">318.8533</dst>
      <dst id="9">5755.7511</dst>
      <dst id="17">68994.1867</dst>
      <dst id="21">4336.0178</dst>
      <dst id="15">1099.2089</dst>
    </src>
    <src id="19">
      <dst id="12">21019.9644</dst>
      <dst id="13">594.7556</dst>
      <dst id="23">179.8044</dst>
      <dst id="8">1.9200</dst>
      <dst id="4">16779.1200</dst>
      <dst id="1">52.6578</dst>
      <dst id="3">2.2044</dst>
      <dst id="10">85.6622</dst>
      <dst id="22">17.0844</dst>
      <dst id="7">2577.5822</dst>
      <dst id="2">251.3778</dst>
      <dst id="6">215.7244</dst>
      <dst id="16">5855.0044</dst>
      <dst id="14">1.4933</dst>
      <dst id="20">0.4622</dst>
      <dst id="11">0.3556</dst>
      <dst id="9">1.2889</dst>
      <dst id="17">1057.7156</dst>
      <dst id="21">166.0978</dst>
      <dst id="15">61.1200</dst>
    </src>
    <src id="23">
      <dst id="12">1447.5911</dst>
      <dst id="13">41.1378</dst>
      <dst id="19">441.8489</dst>
      <dst id="8">0.4267</dst>
      <dst id="18">0.3378</dst>
      <dst id="4">3471.6533</dst>
      <dst id="1">46.2667</dst>
      <dst id="10">150.5067</dst>
      <dst id="22">13.7956</dst>
      <dst id="7">1.6000</dst>
      <dst id="2">198.8889</dst>
      <dst id="6">0.3378</dst>
      <dst id="16">352.1067</dst>
      <dst id="14">0.5867</dst>
      <dst id="20">0.9244</dst>
      <dst id="9">63.5733</dst>
      <dst id="17">29909.2000</dst>
      <dst id="21">13.1556</dst>
    </src>
    <src id="8">
      <dst id="12">20554.9333</dst>
      <dst id="13">597.2533</dst>
      <dst id="19">40.3556</dst>
      <dst id="23">2.0978</dst>
      <dst id="18">219.7600</dst>
      <dst id="4">836.2933</dst>
      <dst id="1">6097.0222</dst>
      <dst id="5">2467.8133</dst>
      <dst id="10">1786.3911</dst>
      <dst id="22">126.9244</dst>
      <dst id="7">12.4178</dst>
      <dst id="2">65.6444</dst>
      <dst id="16">112447.2267</dst>
      <dst id="14">1.4489</dst>
      <dst id="11">39.9911</dst>
      <dst id="9">124813.8933</dst>
      <dst id="17">245695.6622</dst>
      <dst id="15">81.7600</dst>
    </src>
    <src id="18">
      <dst id="12">96731.4756</dst>
      <dst id="13">213.6622</dst>
      <dst id="19">0.9511</dst>
      <dst id="23">0.7022</dst>
      <dst id="8">24.4356</dst>
      <dst id="4">571.0400</dst>
      <dst id="1">6238.6844</dst>
      <dst id="5">205.7867</dst>
      <dst id="3">249.8578</dst>
      <dst id="10">22.3200</dst>
      <dst id="22">62.5511</dst>
      <dst id="7">99.5111</dst>
      <dst id="2">17951.4667</dst>
      <dst id="16">3478.4267</dst>
      <dst id="14">13.6889</dst>
      <dst id="20">20.4800</dst>
      <dst id="11">1.8933</dst>
      <dst id="9">808.8800</dst>
      <dst id="17">35565.4044</dst>
      <dst id="21">85.9556</dst>
    </src>
    <src id="4">
      <dst id="12">10952.0533</dst>
      <dst id="19">4214.1156</dst>
      <dst id="23">45.1822</dst>
      <dst id="8">297.2711</dst>
      <dst id="18">285.0756</dst>
      <dst id="4">98.1067</dst>
      <dst id="1">39045.6089</dst>
      <dst id="5">931.0933</dst>
      <dst id="3">40.6222</dst>
      <dst id="22">1072.4000</dst>
      <dst id="7">262430.6844</dst>
      <dst id="2">37440.1867</dst>
      <dst id="6">1.2711</dst>
      <dst id="16">1108.6311</dst>
      <dst id="14">797.2978</dst>
      <dst id="11">67.0578</dst>
      <dst id="9">2223.2178</dst>
      <dst id="17">20695.8222</dst>
      <dst id="21">925.0489</dst>
      <dst id="15">867.1200</dst>
    </src>
    <src id="1">
      <dst id="12">22325.7067</dst>
      <dst id="13">196.9778</dst>
      <dst id="19">44.5956</dst>
      <dst id="23">32.0444</dst>
      <dst id="8">19.5200</dst>
      <dst id="18">13729.0133</dst>
      <dst id="4">2407.4667</dst>
      <dst id="1">44127.2178</dst>
      <dst id="5">239.2622</dst>
      <dst id="3">17.8489</dst>
      <dst id="10">196.1422</dst>
      <dst id="22">12476.0178</dst>
      <dst id="7">6092.8267</dst>
      <dst id="2">4235.5111</dst>
      <dst id="6">14.4267</dst>
      <dst id="16">9883.8844</dst>
      <dst id="14">122.4889</dst>
      <dst id="20">24.7378</dst>
      <dst id="11">122.3200</dst>
      <dst id="9">481.0756</dst>
      <dst id="17">28346.6044</dst>
      <dst id="21">1702.6933</dst>
      <dst id="15">73.7156</dst>
    </src>
    <src id="5">
      <dst id="12">15454.2756</dst>
      <dst id="13">1194.4889</dst>
      <dst id="19">0.8622</dst>
      <dst id="8">902.9244</dst>
      <dst id="18">72.6489</dst>
      <dst id="4">2354.1956</dst>
      <dst id="1">21368.8622</dst>
      <dst id="3">13.3333</dst>
      <dst id="10">226.6044</dst>
      <dst id="22">1212.8267</dst>
      <dst id="7">781.8311</dst>
      <dst id="2">1586.3556</dst>
      <dst id="6">3.7333</dst>
      <dst id="16">115134.4533</dst>
      <dst id="14">2.4356</dst>
      <dst id="11">2.3111</dst>
      <dst id="9">53905.6711</dst>
      <dst id="17">200694.4800</dst>
      <dst id="15">2389.5644</dst>
    </src>
    <src id="3">
      <dst id="12">10485.3244</dst>
      <dst id="13">919.0489</dst>
      <dst id="19">1593.4756</dst>
      <dst id="23">4.3644</dst>
      <dst id="8">27.0400</dst>
      <dst id="18">1249.6444</dst>
      <dst id="4">35730.6044</dst>
      <dst id="1">3202.8444</dst>
      <dst id="5">106.3378</dst>
      <dst id="3">30.3200</dst>
      <dst id="10">889.4667</dst>
      <dst id="22">176.7556</dst>
      <dst id="7">1665.1111</dst>
      <dst id="2">1488.3378</dst>
      <dst id="6">10.5067</dst>
      <dst id="16">1895.5378</dst>
      <dst id="14">95.8933</dst>
      <dst id="20">95.9822</dst>
      <dst id="11">59.7956</dst>
      <dst id="9">385.4133</dst>
      <dst id="17">21503.9289</dst>
      <dst id="21">2087.0667</dst>
      <dst id="15">616.5156</dst>
    </src>
    <src id="10">
      <dst id="12">21756.8533</dst>
      <dst id="19">286.1778</dst>
      <dst id="23">11958.5867</dst>
      <dst id="8">2042.5600</dst>
      <dst id="18">1040.4622</dst>
      <dst id="1">4840.9067</dst>
      <dst id="5">324.6756</dst>
      <dst id="3">24.9867</dst>
      <dst id="22">9454.8444</dst>
      <dst id="7">11637.2089</dst>
      <dst id="2">32490.0533</dst>
      <dst id="6">7.2711</dst>
      <dst id="16">721.0933</dst>
      <dst id="14">322.4800</dst>
      <dst id="20">1552.1778</dst>
      <dst id="11">75.7333</dst>
      <dst id="9">480.9689</dst>
      <dst id="17">20771.7600</dst>
      <dst id="21">760.1244</dst>
      <dst id="15">134.8533</dst>
    </src>
    <src id="22">
      <dst id="12">5499.0667</dst>
      <dst id="13">907.8844</dst>
      <dst id="19">59.6178</dst>
      <dst id="23">6.3556</dst>
      <dst id="8">248.2933</dst>
      <dst id="18">403.7600</dst>
      <dst id="4">4524.0711</dst>
      <dst id="1">248.9244</dst>
      <dst id="5">887.7156</dst>
      <dst id="3">0.7822</dst>
      <dst id="10">285.5733</dst>
      <dst id="7">514.3911</dst>
      <dst id="2">1231.3689</dst>
      <dst id="6">0.9778</dst>
      <dst id="16">0.3556</dst>
      <dst id="14">47.1822</dst>
      <dst id="11">62.7467</dst>
      <dst id="9">1833.1644</dst>
      <dst id="17">3035.2000</dst>
      <dst id="21">183.2444</dst>
    </src>
    <src id="7">
      <dst id="12">8083.0400</dst>
      <dst id="13">1390.0978</dst>
      <dst id="19">598.3111</dst>
      <dst id="23">14.7378</dst>
      <dst id="8">238.3467</dst>
      <dst id="18">1188.8089</dst>
      <dst id="4">10169.0667</dst>
      <dst id="1">1309.2089</dst>
      <dst id="5">3415.3333</dst>
      <dst id="3">400.3111</dst>
      <dst id="10">3141.4756</dst>
      <dst id="22">3422.2489</dst>
      <dst id="7">832.0711</dst>
      <dst id="2">9006.0178</dst>
      <dst id="6">69.5200</dst>
      <dst id="16">499.7333</dst>
      <dst id="14">54.3556</dst>
      <dst id="20">120.6489</dst>
      <dst id="11">348.8089</dst>
      <dst id="9">529.7422</dst>
      <dst id="17">4678.8533</dst>
      <dst id="21">622.8978</dst>
      <dst id="15">225.3067</dst>
    </src>
    <src id="2">
      <dst id="12">75592.7644</dst>
      <dst id="13">1840.9244</dst>
      <dst id="19">749.5378</dst>
      <dst id="23">0.4622</dst>
      <dst id="8">8.4800</dst>
      <dst id="18">42481.1733</dst>
      <dst id="4">39752.0089</dst>
      <dst id="1">13751.3422</dst>
      <dst id="5">360.7378</dst>
      <dst id="3">25.1378</dst>
      <dst id="10">2565.7156</dst>
      <dst id="22">140.4978</dst>
      <dst id="7">8159.9733</dst>
      <dst id="2">1086.8711</dst>
      <dst id="6">15195.3511</dst>
      <dst id="16">2759.7778</dst>
      <dst id="14">116.9689</dst>
      <dst id="20">125.8667</dst>
      <dst id="11">56.9156</dst>
      <dst id="9">174.0711</dst>
      <dst id="17">14093.5644</dst>
      <dst id="21">5630.3911</dst>
      <dst id="15">8.2667</dst>
    </src>
    <src id="6">
      <dst id="12">1043.7600</dst>
      <dst id="13">53.1822</dst>
      <dst id="19">2.1333</dst>
      <dst id="23">0.4978</dst>
      <dst id="18">1.2800</dst>
      <dst id="4">26.9422</dst>
      <dst id="1">1239.4578</dst>
      <dst id="5">21.6800</dst>
      <dst id="22">12.3911</dst>
      <dst id="7">42.7733</dst>
      <dst id="2">625.3689</dst>
      <dst id="16">714.2400</dst>
      <dst id="11">0.4622</dst>
      <dst id="9">6.1422</dst>
      <dst id="17">10167.4933</dst>
      <dst id="21">1.1289</dst>
      <dst id="15">1.4044</dst>
    </src>
    <src id="16">
      <dst id="12">115070.1956</dst>
      <dst id="13">429.9200</dst>
      <dst id="19">2834.0711</dst>
      <dst id="23">24.4622</dst>
      <dst id="8">84947.0667</dst>
      <dst id="18">30.5778</dst>
      <dst id="4">1747.4489</dst>
      <dst id="1">7945.6800</dst>
      <dst id="5">176784.7644</dst>
      <dst id="3">4224.8356</dst>
      <dst id="10">530.9600</dst>
      <dst id="7">4463.6711</dst>
      <dst id="2">315.9378</dst>
      <dst id="6">2.1867</dst>
      <dst id="16">51.0667</dst>
      <dst id="14">25711.4222</dst>
      <dst id="11">18736.1511</dst>
      <dst id="9">130424.9422</dst>
      <dst id="17">21485.0044</dst>
      <dst id="21">1151.2267</dst>
    </src>
    <src id="14">
      <dst id="12">2300.8444</dst>
      <dst id="13">225.7156</dst>
      <dst id="19">4.8533</dst>
      <dst id="23">0.4622</dst>
      <dst id="18">13.3689</dst>
      <dst id="4">473.3156</dst>
      <dst id="1">2830.1689</dst>
      <dst id="5">31.4667</dst>
      <dst id="3">49.1644</dst>
      <dst id="10">128.9956</dst>
      <dst id="22">0.4622</dst>
      <dst id="7">23.4222</dst>
      <dst id="2">1675.8400</dst>
      <dst id="16">2984.1600</dst>
      <dst id="20">0.6578</dst>
      <dst id="11">12.6222</dst>
      <dst id="9">196.2756</dst>
      <dst id="17">27913.1022</dst>
      <dst id="21">54.3200</dst>
    </src>
    <src id="20">
      <dst id="12">13089.0933</dst>
      <dst id="13">399.9822</dst>
      <dst id="19">16.6489</dst>
      <dst id="23">54.4711</dst>
      <dst id="8">1.0311</dst>
      <dst id="18">26.1422</dst>
      <dst id="4">2268.4267</dst>
      <dst id="1">71.1200</dst>
      <dst id="5">337.4933</dst>
      <dst id="3">14.3289</dst>
      <dst id="10">76.5689</dst>
      <dst id="7">2154.0356</dst>
      <dst id="2">3935.8133</dst>
      <dst id="6">53.3333</dst>
      <dst id="14">14.7911</dst>
      <dst id="20">59.6800</dst>
      <dst id="11">81.1200</dst>
      <dst id="9">2579.4311</dst>
      <dst id="17">24873.7067</dst>
      <dst id="21">24.0800</dst>
    </src>
    <src id="11">
      <dst id="12">44049.7600</dst>
      <dst id="13">1137.6978</dst>
      <dst id="19">119.6711</dst>
      <dst id="23">19.8044</dst>
      <dst id="8">84.7200</dst>
      <dst id="18">365.3244</dst>
      <dst id="4">3345.9911</dst>
      <dst id="1">33817.1911</dst>
      <dst id="5">781.8756</dst>
      <dst id="3">5.8222</dst>
      <dst id="10">3722.0889</dst>
      <dst id="22">504.9956</dst>
      <dst id="7">483.7689</dst>
      <dst id="2">44552.8533</dst>
      <dst id="6">3.2356</dst>
      <dst id="16">58527.0311</dst>
      <dst id="14">50.8267</dst>
      <dst id="20">43.9822</dst>
      <dst id="11">1437.0667</dst>
      <dst id="9">6279.0222</dst>
      <dst id="17">599926.7378</dst>
      <dst id="21">156.7733</dst>
      <dst id="15">601.4133</dst>
    </src>
    <src id="9">
      <dst id="12">25846.0444</dst>
      <dst id="13">1734.4800</dst>
      <dst id="23">3.2356</dst>
      <dst id="8">72284.8267</dst>
      <dst id="18">197.3600</dst>
      <dst id="4">5401.8933</dst>
      <dst id="1">8733.7778</dst>
      <dst id="5">583.0578</dst>
      <dst id="3">4.7733</dst>
      <dst id="10">484.5600</dst>
      <dst id="22">2946.2133</dst>
      <dst id="7">1256.4178</dst>
      <dst id="2">777.8044</dst>
      <dst id="6">10.3467</dst>
      <dst id="16">133962.0533</dst>
      <dst id="14">14.0444</dst>
      <dst id="11">66.6844</dst>
      <dst id="9">210095.6089</dst>
      <dst id="17">310069.7067</dst>
      <dst id="15">32.9689</dst>
    </src>
    <src id="17">
      <dst id="12">101855.6533</dst>
      <dst id="13">1913.1378</dst>
      <dst id="19">701.3600</dst>
      <dst id="23">307.1289</dst>
      <dst id="8">209.1644</dst>
      <dst id="18">2562.8267</dst>
      <dst id="4">38779.2000</dst>
      <dst id="1">1777.9733</dst>
      <dst id="5">97311.5022</dst>
      <dst id="3">3995.3333</dst>
      <dst id="10">1896.7556</dst>
      <dst id="22">2535.5111</dst>
      <dst id="7">9407.4400</dst>
      <dst id="2">11251.2889</dst>
      <dst id="6">69.8667</dst>
      <dst id="16">3436.4267</dst>
      <dst id="14">8375.3600</dst>
      <dst id="20">5449.8400</dst>
      <dst id="11">12440.4444</dst>
      <dst id="9">634.1511</dst>
      <dst id="17">20986.7911</dst>
      <dst id="21">1965.9644</dst>
      <dst id="15">99.2000</dst>
    </src>
    <src id="21">
      <dst id="12">6194.0444</dst>
      <dst id="13">2627.4489</dst>
      <dst id="19">107.8400</dst>
      <dst id="8">88.9333</dst>
      <dst id="18">775.1644</dst>
      <dst id="4">7568.2222</dst>
      <dst id="1">2118.7556</dst>
      <dst id="5">554.1511</dst>
      <dst id="3">1358.2133</dst>
      <dst id="10">785.9644</dst>
      <dst id="22">566.2489</dst>
      <dst id="7">801.5022</dst>
      <dst id="2">2787.4400</dst>
      <dst id="6">12.8000</dst>
      <dst id="16">1892.7911</dst>
      <dst id="14">135.2533</dst>
      <dst id="20">156.6400</dst>
      <dst id="11">139.9111</dst>
      <dst id="9">156.4178</dst>
      <dst id="17">16412.8089</dst>
      <dst id="21">1049.6533</dst>
      <dst id="15">7.0222</dst>
    </src>
    <src id="15">
      <dst id="12">604.8356</dst>
      <dst id="13">6.1244</dst>
      <dst id="19">3077.1644</dst>
      <dst id="23">0.3378</dst>
      <dst id="8">3.9467</dst>
      <dst id="18">15.8222</dst>
      <dst id="4">464.4711</dst>
      <dst id="1">53.0667</dst>
      <dst id="5">130.5333</dst>
      <dst id="10">74.5067</dst>
      <dst id="7">97.0044</dst>
      <dst id="2">6.3200</dst>
      <dst id="6">0.3556</dst>
      <dst id="16">1.5733</dst>
      <dst id="14">0.4267</dst>
      <dst id="11">14.5422</dst>
      <dst id="9">96.2667</dst>
      <dst id="17">101.5467</dst>
    </src>
  </IntraTM>
</TrafficMatrixFile>
