<?xml version="1.0" encoding="UTF-8" standalone="yes"?>
<TrafficMatrixFile xmlns:xsi="http://www.w3.org/2001/XMLSchema-instance" xsi:noNamespaceSchemaLocation="http://totem.run.montefiore.ulg.ac.be/Schema/TrafficMatrix-v1_2.xsd">
  <info>
    <title>Intradomain traffic matrix generated by geant-TM-all.pl</title>
    <date>2005-03-02T03:00:00</date>
    <duration>900</duration>
    <author>Steve Uhlig</author>
    <units>
        <unit type="bandwidth" value="kbps"/>
    </units>
  </info>
  <IntraTM ASID="20965">
    <src id="12">
      <dst id="12">223480.7111</dst>
      <dst id="13">22313.8756</dst>
      <dst id="19">2037.3244</dst>
      <dst id="23">3261.9289</dst>
      <dst id="8">1116.2844</dst>
      <dst id="18">77223.9200</dst>
      <dst id="4">13016.0711</dst>
      <dst id="1">12843.8667</dst>
      <dst id="5">4009.1200</dst>
      <dst id="3">20.1333</dst>
      <dst id="10">1597.9556</dst>
      <dst id="22">1366.2667</dst>
      <dst id="7">2760.3467</dst>
      <dst id="2">24939.3511</dst>
      <dst id="6">4.5867</dst>
      <dst id="16">6564.5867</dst>
      <dst id="14">56519.9378</dst>
      <dst id="20">3788.5333</dst>
      <dst id="11">119.1111</dst>
      <dst id="9">13352.9689</dst>
      <dst id="17">134421.9378</dst>
      <dst id="21">4599.7067</dst>
      <dst id="15">2691.3422</dst>
    </src>
    <src id="13">
      <dst id="12">33569.4933</dst>
      <dst id="19">10986.8800</dst>
      <dst id="23">705.7778</dst>
      <dst id="8">3025.8222</dst>
      <dst id="18">1410.4711</dst>
      <dst id="1">6357.4489</dst>
      <dst id="5">2865.3067</dst>
      <dst id="3">361.7422</dst>
      <dst id="22">4804.4889</dst>
      <dst id="7">11974.1778</dst>
      <dst id="2">32900.6578</dst>
      <dst id="6">180.8622</dst>
      <dst id="16">5986.2578</dst>
      <dst id="14">2401.0933</dst>
      <dst id="20">12739.8222</dst>
      <dst id="11">266.4978</dst>
      <dst id="9">3725.0133</dst>
      <dst id="17">55573.4667</dst>
      <dst id="21">15229.1822</dst>
      <dst id="15">710.7556</dst>
    </src>
    <src id="19">
      <dst id="12">26497.9911</dst>
      <dst id="13">582.9689</dst>
      <dst id="23">57.2444</dst>
      <dst id="8">2.6667</dst>
      <dst id="18">45.2889</dst>
      <dst id="4">15635.7067</dst>
      <dst id="1">67.4756</dst>
      <dst id="5">32.5244</dst>
      <dst id="3">1.0933</dst>
      <dst id="10">249.2622</dst>
      <dst id="22">30.5956</dst>
      <dst id="7">6067.2800</dst>
      <dst id="2">3838.8444</dst>
      <dst id="6">13.8311</dst>
      <dst id="16">10151.0133</dst>
      <dst id="14">9.6178</dst>
      <dst id="20">13.5467</dst>
      <dst id="11">1.3244</dst>
      <dst id="9">199.6711</dst>
      <dst id="17">938.6756</dst>
      <dst id="21">1801.6711</dst>
      <dst id="15">48.3111</dst>
    </src>
    <src id="23">
      <dst id="12">5741.0933</dst>
      <dst id="13">56.7644</dst>
      <dst id="19">2412.2489</dst>
      <dst id="8">37.9378</dst>
      <dst id="18">407.5911</dst>
      <dst id="4">869.2533</dst>
      <dst id="1">29.0311</dst>
      <dst id="5">43.7689</dst>
      <dst id="10">95.9467</dst>
      <dst id="22">36.9333</dst>
      <dst id="7">183.4489</dst>
      <dst id="2">17.5644</dst>
      <dst id="6">0.6756</dst>
      <dst id="16">2.8000</dst>
      <dst id="14">61.3778</dst>
      <dst id="20">1119.4400</dst>
      <dst id="9">32.3733</dst>
      <dst id="17">19311.4933</dst>
      <dst id="21">13.1911</dst>
    </src>
    <src id="8">
      <dst id="12">18520.7556</dst>
      <dst id="13">601.0400</dst>
      <dst id="19">49.6089</dst>
      <dst id="23">61.6178</dst>
      <dst id="18">2.3111</dst>
      <dst id="4">797.1644</dst>
      <dst id="1">2487.1644</dst>
      <dst id="5">1471.4044</dst>
      <dst id="3">0.8444</dst>
      <dst id="10">494.6400</dst>
      <dst id="22">138.5244</dst>
      <dst id="7">5.2622</dst>
      <dst id="2">138.4978</dst>
      <dst id="6">0.4178</dst>
      <dst id="16">98320.8267</dst>
      <dst id="14">22.6489</dst>
      <dst id="20">132.8533</dst>
      <dst id="11">4.7111</dst>
      <dst id="9">203816.7289</dst>
      <dst id="17">327173.5556</dst>
      <dst id="21">2.6844</dst>
      <dst id="15">71.4933</dst>
    </src>
    <src id="18">
      <dst id="12">107160.7556</dst>
      <dst id="13">82.3556</dst>
      <dst id="19">2.4622</dst>
      <dst id="23">21.5822</dst>
      <dst id="8">13.0489</dst>
      <dst id="4">414.9778</dst>
      <dst id="1">710.4533</dst>
      <dst id="5">283.6889</dst>
      <dst id="3">375.7244</dst>
      <dst id="10">128.5422</dst>
      <dst id="22">75.2978</dst>
      <dst id="7">115.3511</dst>
      <dst id="2">24087.6000</dst>
      <dst id="16">68.0533</dst>
      <dst id="14">0.4622</dst>
      <dst id="20">61.9378</dst>
      <dst id="11">0.8178</dst>
      <dst id="9">7050.6044</dst>
      <dst id="17">33144.9956</dst>
      <dst id="21">157.8489</dst>
      <dst id="15">41.0667</dst>
    </src>
    <src id="4">
      <dst id="12">6860.6667</dst>
      <dst id="19">3937.8844</dst>
      <dst id="23">316.0089</dst>
      <dst id="8">619.1556</dst>
      <dst id="18">641.4133</dst>
      <dst id="1">61776.5511</dst>
      <dst id="5">1229.9378</dst>
      <dst id="3">88.1600</dst>
      <dst id="22">2312.4889</dst>
      <dst id="7">135646.3111</dst>
      <dst id="2">11638.7022</dst>
      <dst id="6">190.4622</dst>
      <dst id="16">1576.4533</dst>
      <dst id="14">4309.0311</dst>
      <dst id="20">2125.7778</dst>
      <dst id="11">4.9422</dst>
      <dst id="9">3637.8578</dst>
      <dst id="17">10463.4311</dst>
      <dst id="21">19508.1156</dst>
      <dst id="15">432.8444</dst>
    </src>
    <src id="1">
      <dst id="12">33694.4800</dst>
      <dst id="13">4195.4667</dst>
      <dst id="19">119.7422</dst>
      <dst id="23">34.3467</dst>
      <dst id="8">97.5644</dst>
      <dst id="18">77.0578</dst>
      <dst id="4">1154.1778</dst>
      <dst id="1">9812.6667</dst>
      <dst id="5">720.8267</dst>
      <dst id="3">27.5378</dst>
      <dst id="10">132.8889</dst>
      <dst id="22">26.8444</dst>
      <dst id="7">565576.0356</dst>
      <dst id="2">57142.6933</dst>
      <dst id="16">19329.1200</dst>
      <dst id="14">133.3156</dst>
      <dst id="20">75.2533</dst>
      <dst id="11">17.5289</dst>
      <dst id="9">2254.5600</dst>
      <dst id="17">687839.1911</dst>
      <dst id="21">152176.4267</dst>
      <dst id="15">109.6267</dst>
    </src>
    <src id="5">
      <dst id="12">12414.4533</dst>
      <dst id="13">30865.1111</dst>
      <dst id="19">44.6222</dst>
      <dst id="23">37.2800</dst>
      <dst id="8">469.7867</dst>
      <dst id="18">157.6178</dst>
      <dst id="4">1395.2978</dst>
      <dst id="1">3049.0933</dst>
      <dst id="3">24.6044</dst>
      <dst id="10">163.9200</dst>
      <dst id="22">819.2356</dst>
      <dst id="7">27.2622</dst>
      <dst id="2">257.5200</dst>
      <dst id="6">5.0400</dst>
      <dst id="16">82607.6000</dst>
      <dst id="20">35.4311</dst>
      <dst id="11">34.7378</dst>
      <dst id="9">68022.5156</dst>
      <dst id="17">288670.0622</dst>
      <dst id="21">76.0978</dst>
      <dst id="15">42.2311</dst>
    </src>
    <src id="3">
      <dst id="12">6412.5867</dst>
      <dst id="13">372.4444</dst>
      <dst id="19">2078.5600</dst>
      <dst id="23">323.2356</dst>
      <dst id="8">36.6667</dst>
      <dst id="18">62.6933</dst>
      <dst id="4">16905.0044</dst>
      <dst id="1">1904.5333</dst>
      <dst id="5">320.3911</dst>
      <dst id="3">1175.2089</dst>
      <dst id="10">472.7822</dst>
      <dst id="22">228.4978</dst>
      <dst id="7">889.9200</dst>
      <dst id="2">1860.8622</dst>
      <dst id="6">126.7022</dst>
      <dst id="16">2223.2000</dst>
      <dst id="14">446.3378</dst>
      <dst id="20">10.8444</dst>
      <dst id="11">98.6222</dst>
      <dst id="9">401.0044</dst>
      <dst id="17">12796.6933</dst>
      <dst id="21">723.4222</dst>
      <dst id="15">3.9822</dst>
    </src>
    <src id="10">
      <dst id="12">7057.3778</dst>
      <dst id="19">1469.8044</dst>
      <dst id="23">544.3733</dst>
      <dst id="8">268.7644</dst>
      <dst id="18">1553.6533</dst>
      <dst id="1">346.4622</dst>
      <dst id="5">348.5422</dst>
      <dst id="3">1635.5111</dst>
      <dst id="22">3105.4756</dst>
      <dst id="7">638.6400</dst>
      <dst id="2">18697.9644</dst>
      <dst id="6">14.9333</dst>
      <dst id="16">551.3689</dst>
      <dst id="14">630.2578</dst>
      <dst id="20">251.8311</dst>
      <dst id="11">26.2222</dst>
      <dst id="9">2753.7600</dst>
      <dst id="17">23055.9822</dst>
      <dst id="21">8713.2178</dst>
      <dst id="15">145.3067</dst>
    </src>
    <src id="22">
      <dst id="12">9499.8311</dst>
      <dst id="13">1665.9022</dst>
      <dst id="19">9.3333</dst>
      <dst id="23">560.0000</dst>
      <dst id="8">786.1067</dst>
      <dst id="18">369.6889</dst>
      <dst id="4">5288.9600</dst>
      <dst id="1">80.7733</dst>
      <dst id="5">1365.5111</dst>
      <dst id="3">14.7733</dst>
      <dst id="10">597.2889</dst>
      <dst id="7">317.8667</dst>
      <dst id="2">357.2622</dst>
      <dst id="14">140.7556</dst>
      <dst id="11">15.5556</dst>
      <dst id="9">1310.1422</dst>
      <dst id="17">3750.1067</dst>
      <dst id="21">145.9467</dst>
    </src>
    <src id="7">
      <dst id="12">6346.2400</dst>
      <dst id="13">236.9600</dst>
      <dst id="19">1169.2711</dst>
      <dst id="23">47.6800</dst>
      <dst id="8">30.0267</dst>
      <dst id="18">211.2800</dst>
      <dst id="4">24642.8711</dst>
      <dst id="1">7534.0533</dst>
      <dst id="5">1031.6267</dst>
      <dst id="3">228.5156</dst>
      <dst id="10">1687.8044</dst>
      <dst id="22">1366.6044</dst>
      <dst id="7">686.7911</dst>
      <dst id="2">3500.4978</dst>
      <dst id="6">250.1067</dst>
      <dst id="16">719.2089</dst>
      <dst id="14">663.6444</dst>
      <dst id="20">538.5244</dst>
      <dst id="11">187.0133</dst>
      <dst id="9">171.0756</dst>
      <dst id="17">2707.7778</dst>
      <dst id="21">804.2400</dst>
      <dst id="15">17.6444</dst>
    </src>
    <src id="2">
      <dst id="12">77636.5600</dst>
      <dst id="13">9638.4711</dst>
      <dst id="19">626.9689</dst>
      <dst id="8">463.7422</dst>
      <dst id="18">34390.5956</dst>
      <dst id="4">18557.8311</dst>
      <dst id="1">37590.5244</dst>
      <dst id="5">808.6133</dst>
      <dst id="3">22.1067</dst>
      <dst id="10">2337.2533</dst>
      <dst id="22">169.9289</dst>
      <dst id="7">1879.7067</dst>
      <dst id="2">384.9511</dst>
      <dst id="6">28417.7689</dst>
      <dst id="16">670.9778</dst>
      <dst id="14">174.6933</dst>
      <dst id="20">150.6933</dst>
      <dst id="11">88.8000</dst>
      <dst id="9">175.7689</dst>
      <dst id="17">10796.1600</dst>
      <dst id="21">7327.1733</dst>
      <dst id="15">536.7556</dst>
    </src>
    <src id="6">
      <dst id="12">645.3422</dst>
      <dst id="13">6.1956</dst>
      <dst id="19">0.4800</dst>
      <dst id="8">0.3556</dst>
      <dst id="4">6.3911</dst>
      <dst id="1">117.9289</dst>
      <dst id="5">79.0311</dst>
      <dst id="3">1.9556</dst>
      <dst id="10">152.8533</dst>
      <dst id="22">25.5111</dst>
      <dst id="7">13.6622</dst>
      <dst id="2">2821.5556</dst>
      <dst id="16">43.3422</dst>
      <dst id="9">407.8311</dst>
      <dst id="17">21233.7422</dst>
      <dst id="21">12.6222</dst>
      <dst id="15">3.8756</dst>
    </src>
    <src id="16">
      <dst id="12">133540.2933</dst>
      <dst id="13">980.1156</dst>
      <dst id="19">4422.1333</dst>
      <dst id="23">3.2356</dst>
      <dst id="8">130587.9822</dst>
      <dst id="18">3.7244</dst>
      <dst id="4">1305.2711</dst>
      <dst id="1">14810.7200</dst>
      <dst id="5">231555.1022</dst>
      <dst id="3">9556.1333</dst>
      <dst id="10">63.2800</dst>
      <dst id="7">151.1289</dst>
      <dst id="2">310.8711</dst>
      <dst id="6">15.7956</dst>
      <dst id="16">13.2267</dst>
      <dst id="14">18.9867</dst>
      <dst id="11">12473.0933</dst>
      <dst id="9">227251.4222</dst>
      <dst id="17">14840.2578</dst>
      <dst id="21">4766.0356</dst>
    </src>
    <src id="14">
      <dst id="12">2489.9556</dst>
      <dst id="13">201.6444</dst>
      <dst id="19">15.6711</dst>
      <dst id="23">1.8489</dst>
      <dst id="8">0.7111</dst>
      <dst id="4">680.0000</dst>
      <dst id="1">339.3333</dst>
      <dst id="5">0.4267</dst>
      <dst id="3">517.8222</dst>
      <dst id="10">195.7778</dst>
      <dst id="22">9.3778</dst>
      <dst id="7">90.5156</dst>
      <dst id="2">1941.9022</dst>
      <dst id="6">1.0756</dst>
      <dst id="16">3830.4800</dst>
      <dst id="20">0.4622</dst>
      <dst id="11">11.4844</dst>
      <dst id="9">1727.8311</dst>
      <dst id="17">31489.2444</dst>
      <dst id="21">176.3911</dst>
      <dst id="15">6.1511</dst>
    </src>
    <src id="20">
      <dst id="12">1715.7244</dst>
      <dst id="13">6583.9911</dst>
      <dst id="19">40.5244</dst>
      <dst id="23">49.4756</dst>
      <dst id="8">66.2756</dst>
      <dst id="18">190.6133</dst>
      <dst id="4">1303.7067</dst>
      <dst id="1">35.8667</dst>
      <dst id="5">118.7378</dst>
      <dst id="10">384.2400</dst>
      <dst id="22">1.4222</dst>
      <dst id="7">6618.5689</dst>
      <dst id="2">184.4711</dst>
      <dst id="14">1.4667</dst>
      <dst id="20">29.4844</dst>
      <dst id="9">1935.0133</dst>
      <dst id="17">457.3511</dst>
      <dst id="21">19.2889</dst>
    </src>
    <src id="11">
      <dst id="12">31210.8533</dst>
      <dst id="13">670.5600</dst>
      <dst id="19">108.5600</dst>
      <dst id="23">8.7822</dst>
      <dst id="8">1062.7111</dst>
      <dst id="18">3488.4178</dst>
      <dst id="4">4848.5778</dst>
      <dst id="1">3110.5244</dst>
      <dst id="5">952.0000</dst>
      <dst id="3">14.3378</dst>
      <dst id="10">5227.6178</dst>
      <dst id="22">590.1600</dst>
      <dst id="7">274.1689</dst>
      <dst id="2">79380.8978</dst>
      <dst id="6">33.1200</dst>
      <dst id="16">52218.3289</dst>
      <dst id="14">128.8267</dst>
      <dst id="20">24.5244</dst>
      <dst id="11">1316.2667</dst>
      <dst id="9">39174.3111</dst>
      <dst id="17">633232.0711</dst>
      <dst id="21">324.4089</dst>
      <dst id="15">34.0622</dst>
    </src>
    <src id="9">
      <dst id="12">31623.0133</dst>
      <dst id="13">1685.5111</dst>
      <dst id="19">1004.0356</dst>
      <dst id="23">238.3644</dst>
      <dst id="8">120380.0800</dst>
      <dst id="18">1.6533</dst>
      <dst id="4">1397.8222</dst>
      <dst id="1">3901.1289</dst>
      <dst id="5">1236.2933</dst>
      <dst id="3">0.3644</dst>
      <dst id="10">2124.4267</dst>
      <dst id="22">298.4533</dst>
      <dst id="7">585.3956</dst>
      <dst id="2">229.1111</dst>
      <dst id="6">1.0311</dst>
      <dst id="16">90098.4178</dst>
      <dst id="14">47.8311</dst>
      <dst id="20">222.6133</dst>
      <dst id="11">1.4578</dst>
      <dst id="9">307873.8044</dst>
      <dst id="17">308298.0000</dst>
      <dst id="21">162.7111</dst>
      <dst id="15">181.4756</dst>
    </src>
    <src id="17">
      <dst id="12">123274.5156</dst>
      <dst id="13">7772.3289</dst>
      <dst id="19">783.8489</dst>
      <dst id="23">124.2311</dst>
      <dst id="8">2711.8400</dst>
      <dst id="18">4922.0978</dst>
      <dst id="4">55220.7556</dst>
      <dst id="1">8169.8756</dst>
      <dst id="5">163388.1511</dst>
      <dst id="3">3465.5733</dst>
      <dst id="10">3984.1689</dst>
      <dst id="22">1095.2889</dst>
      <dst id="7">5247.8578</dst>
      <dst id="2">20264.5689</dst>
      <dst id="6">723.1022</dst>
      <dst id="16">3223.3867</dst>
      <dst id="14">25123.5022</dst>
      <dst id="20">350.5244</dst>
      <dst id="11">8811.6533</dst>
      <dst id="9">1583.0578</dst>
      <dst id="17">24802.3644</dst>
      <dst id="21">6818.7289</dst>
      <dst id="15">2211.3244</dst>
    </src>
    <src id="21">
      <dst id="12">5506.5511</dst>
      <dst id="13">433.5022</dst>
      <dst id="19">167.6089</dst>
      <dst id="23">1.8489</dst>
      <dst id="8">111.0222</dst>
      <dst id="18">692.7289</dst>
      <dst id="4">2286.7111</dst>
      <dst id="1">4240.8711</dst>
      <dst id="5">958.6933</dst>
      <dst id="3">276.6578</dst>
      <dst id="10">3548.2311</dst>
      <dst id="22">287.7600</dst>
      <dst id="7">1285.1911</dst>
      <dst id="2">15566.6844</dst>
      <dst id="6">14.0711</dst>
      <dst id="16">210.8711</dst>
      <dst id="14">1501.8667</dst>
      <dst id="20">8.6311</dst>
      <dst id="11">43.7956</dst>
      <dst id="9">1749.4400</dst>
      <dst id="17">30717.5378</dst>
      <dst id="21">165.2178</dst>
      <dst id="15">72.6400</dst>
    </src>
    <src id="15">
      <dst id="12">395.9733</dst>
      <dst id="13">280.7022</dst>
      <dst id="19">1635.3778</dst>
      <dst id="8">147.7333</dst>
      <dst id="18">170.0978</dst>
      <dst id="4">258.9600</dst>
      <dst id="1">73.6178</dst>
      <dst id="5">17.0578</dst>
      <dst id="10">34.7289</dst>
      <dst id="7">15.0044</dst>
      <dst id="2">21.3689</dst>
      <dst id="6">18.3467</dst>
      <dst id="14">406.0444</dst>
      <dst id="11">14.5422</dst>
      <dst id="9">1193.7067</dst>
      <dst id="17">226.8978</dst>
      <dst id="21">183.3867</dst>
    </src>
  </IntraTM>
</TrafficMatrixFile>
