<?xml version="1.0" encoding="UTF-8" standalone="yes"?>
<TrafficMatrixFile xmlns:xsi="http://www.w3.org/2001/XMLSchema-instance" xsi:noNamespaceSchemaLocation="http://totem.run.montefiore.ulg.ac.be/Schema/TrafficMatrix-v1_2.xsd">
  <info>
    <title>Intradomain traffic matrix generated by geant-TM-all.pl</title>
    <date>2005-01-21T10:30:00</date>
    <duration>900</duration>
    <author>Steve Uhlig</author>
    <units>
        <unit type="bandwidth" value="kbps"/>
    </units>
  </info>
  <IntraTM ASID="20965">
    <src id="12">
      <dst id="12">229176.2133</dst>
      <dst id="13">21062.1422</dst>
      <dst id="19">3605.5378</dst>
      <dst id="23">13.1022</dst>
      <dst id="8">678.0533</dst>
      <dst id="18">85386.6844</dst>
      <dst id="4">64305.5200</dst>
      <dst id="1">8016.8178</dst>
      <dst id="5">3349.9911</dst>
      <dst id="3">3801.3600</dst>
      <dst id="10">8280.6222</dst>
      <dst id="22">10283.0844</dst>
      <dst id="7">3699.0400</dst>
      <dst id="2">33882.7289</dst>
      <dst id="16">8219.1733</dst>
      <dst id="14">547.1200</dst>
      <dst id="20">7722.9067</dst>
      <dst id="11">4880.6489</dst>
      <dst id="9">4250.2578</dst>
      <dst id="17">30231.6178</dst>
      <dst id="21">6253.3956</dst>
      <dst id="15">2242.4178</dst>
    </src>
    <src id="13">
      <dst id="12">63980.7378</dst>
      <dst id="19">20215.5378</dst>
      <dst id="23">44.8711</dst>
      <dst id="8">2326.6667</dst>
      <dst id="18">2395.4667</dst>
      <dst id="1">2276.9511</dst>
      <dst id="5">6475.6444</dst>
      <dst id="3">10571.0222</dst>
      <dst id="22">12163.3689</dst>
      <dst id="7">13618.8356</dst>
      <dst id="2">66026.2044</dst>
      <dst id="16">4901.4044</dst>
      <dst id="14">5871.1289</dst>
      <dst id="20">5236.6667</dst>
      <dst id="11">9490.3200</dst>
      <dst id="9">5563.5822</dst>
      <dst id="17">67139.8489</dst>
      <dst id="21">13056.5422</dst>
      <dst id="15">1776.6222</dst>
    </src>
    <src id="19">
      <dst id="12">11568.8178</dst>
      <dst id="13">392.4978</dst>
      <dst id="23">0.6400</dst>
      <dst id="8">0.5333</dst>
      <dst id="18">1.4933</dst>
      <dst id="4">15998.1422</dst>
      <dst id="1">435.7511</dst>
      <dst id="5">171.1467</dst>
      <dst id="3">17.1022</dst>
      <dst id="10">127.8844</dst>
      <dst id="22">294.7911</dst>
      <dst id="7">3796.8800</dst>
      <dst id="2">6950.7556</dst>
      <dst id="16">14467.1733</dst>
      <dst id="14">0.8533</dst>
      <dst id="20">1948.3644</dst>
      <dst id="11">104.8089</dst>
      <dst id="9">2160.7022</dst>
      <dst id="17">184.0622</dst>
      <dst id="21">43.2711</dst>
      <dst id="15">13.8311</dst>
    </src>
    <src id="23">
      <dst id="12">59.7156</dst>
      <dst id="13">143.8311</dst>
      <dst id="19">13.8400</dst>
      <dst id="8">29.3333</dst>
      <dst id="18">141.3511</dst>
      <dst id="4">67.4844</dst>
      <dst id="1">16.0267</dst>
      <dst id="5">30.3378</dst>
      <dst id="3">224.0711</dst>
      <dst id="22">57.9200</dst>
      <dst id="7">185.7600</dst>
      <dst id="2">259.8222</dst>
      <dst id="16">97.2711</dst>
      <dst id="14">12.6222</dst>
      <dst id="20">26.6667</dst>
      <dst id="11">105.1200</dst>
      <dst id="9">1112.8356</dst>
      <dst id="17">1001.7333</dst>
      <dst id="21">13.3333</dst>
      <dst id="15">0.3378</dst>
    </src>
    <src id="8">
      <dst id="12">11764.8889</dst>
      <dst id="13">574.3733</dst>
      <dst id="19">12.8444</dst>
      <dst id="23">11.8578</dst>
      <dst id="18">120.3556</dst>
      <dst id="4">4535.0044</dst>
      <dst id="1">1898.5778</dst>
      <dst id="5">13211.4133</dst>
      <dst id="10">423.9022</dst>
      <dst id="22">386.3467</dst>
      <dst id="7">45.7244</dst>
      <dst id="2">1320.6756</dst>
      <dst id="16">706.8800</dst>
      <dst id="14">0.6400</dst>
      <dst id="20">90.6311</dst>
      <dst id="11">276.2311</dst>
      <dst id="9">131920.6578</dst>
      <dst id="17">347603.2267</dst>
      <dst id="21">158.4356</dst>
      <dst id="15">114.9511</dst>
    </src>
    <src id="18">
      <dst id="12">186193.4311</dst>
      <dst id="13">1689.2267</dst>
      <dst id="19">0.6222</dst>
      <dst id="23">6.2044</dst>
      <dst id="8">16.8267</dst>
      <dst id="4">998.1067</dst>
      <dst id="1">1063.2978</dst>
      <dst id="5">1059.0756</dst>
      <dst id="3">22.4000</dst>
      <dst id="10">140.9067</dst>
      <dst id="22">249.1733</dst>
      <dst id="7">55.5111</dst>
      <dst id="2">48378.7111</dst>
      <dst id="16">170.6756</dst>
      <dst id="14">0.4622</dst>
      <dst id="20">61.1200</dst>
      <dst id="11">107.1644</dst>
      <dst id="9">132.1867</dst>
      <dst id="17">28157.4311</dst>
      <dst id="21">457.0222</dst>
      <dst id="15">9.4222</dst>
    </src>
    <src id="4">
      <dst id="12">6303.7244</dst>
      <dst id="19">3101.7156</dst>
      <dst id="8">2702.1600</dst>
      <dst id="18">4166.4533</dst>
      <dst id="4">476.1422</dst>
      <dst id="1">13290.1689</dst>
      <dst id="5">1318.8533</dst>
      <dst id="3">635.5556</dst>
      <dst id="22">4651.7511</dst>
      <dst id="7">23522.3822</dst>
      <dst id="2">39423.6267</dst>
      <dst id="16">473.6978</dst>
      <dst id="14">1408.3289</dst>
      <dst id="20">898.8178</dst>
      <dst id="11">2618.3733</dst>
      <dst id="9">1999.6800</dst>
      <dst id="17">87731.6444</dst>
      <dst id="21">6200.2933</dst>
      <dst id="15">398.5422</dst>
    </src>
    <src id="1">
      <dst id="12">16211.5200</dst>
      <dst id="13">208.3733</dst>
      <dst id="19">10147.9911</dst>
      <dst id="23">50.1689</dst>
      <dst id="8">0.3556</dst>
      <dst id="18">12879.2889</dst>
      <dst id="4">8302.7200</dst>
      <dst id="1">8246.7644</dst>
      <dst id="5">335.1733</dst>
      <dst id="3">17006.7822</dst>
      <dst id="10">617.0844</dst>
      <dst id="22">12606.3111</dst>
      <dst id="7">776.7644</dst>
      <dst id="2">11577.0933</dst>
      <dst id="16">22279.3600</dst>
      <dst id="14">59.9111</dst>
      <dst id="20">207.6800</dst>
      <dst id="11">157.0667</dst>
      <dst id="9">3927.1644</dst>
      <dst id="17">5122.3289</dst>
      <dst id="21">4768.9244</dst>
      <dst id="15">542.4178</dst>
    </src>
    <src id="5">
      <dst id="12">19866.9422</dst>
      <dst id="13">3450.9333</dst>
      <dst id="19">1671.4489</dst>
      <dst id="8">878.0533</dst>
      <dst id="18">348.6133</dst>
      <dst id="4">9898.9778</dst>
      <dst id="1">2444.2578</dst>
      <dst id="3">31.9289</dst>
      <dst id="10">2276.4178</dst>
      <dst id="22">3288.5422</dst>
      <dst id="7">242.1778</dst>
      <dst id="2">4785.9822</dst>
      <dst id="16">541.7689</dst>
      <dst id="14">16.7644</dst>
      <dst id="20">1550.0444</dst>
      <dst id="11">1093.3156</dst>
      <dst id="9">67670.6578</dst>
      <dst id="17">340717.8133</dst>
      <dst id="21">10035.3600</dst>
      <dst id="15">77.5733</dst>
    </src>
    <src id="3">
      <dst id="12">1296.8000</dst>
      <dst id="13">2090.9689</dst>
      <dst id="19">546.4356</dst>
      <dst id="23">12306.9156</dst>
      <dst id="8">268.1511</dst>
      <dst id="18">561.9378</dst>
      <dst id="4">64198.3022</dst>
      <dst id="1">18647.0578</dst>
      <dst id="5">898.8978</dst>
      <dst id="10">1563.5022</dst>
      <dst id="22">1461.9111</dst>
      <dst id="7">1835.3333</dst>
      <dst id="2">3620.9333</dst>
      <dst id="16">648.3022</dst>
      <dst id="14">36.7200</dst>
      <dst id="20">3583.1022</dst>
      <dst id="11">645.9289</dst>
      <dst id="9">51.8222</dst>
      <dst id="17">20513.0933</dst>
      <dst id="21">12136.0356</dst>
      <dst id="15">46.5689</dst>
    </src>
    <src id="10">
      <dst id="12">16134.4178</dst>
      <dst id="19">5120.5778</dst>
      <dst id="8">103824.7200</dst>
      <dst id="18">1344.0711</dst>
      <dst id="1">1513.5911</dst>
      <dst id="5">158973.6267</dst>
      <dst id="3">17747.6089</dst>
      <dst id="22">2879.7778</dst>
      <dst id="7">3996.0889</dst>
      <dst id="2">28660.8178</dst>
      <dst id="16">583.6533</dst>
      <dst id="14">17797.1022</dst>
      <dst id="20">4846.5422</dst>
      <dst id="11">161053.3689</dst>
      <dst id="9">175678.0889</dst>
      <dst id="17">28174.0178</dst>
      <dst id="21">13353.1200</dst>
      <dst id="15">122.9689</dst>
    </src>
    <src id="22">
      <dst id="12">4984.4000</dst>
      <dst id="13">7362.9600</dst>
      <dst id="19">787.4667</dst>
      <dst id="23">250.4178</dst>
      <dst id="8">491.0933</dst>
      <dst id="18">621.9022</dst>
      <dst id="4">10602.0533</dst>
      <dst id="1">337.6978</dst>
      <dst id="5">3574.0800</dst>
      <dst id="3">411.3689</dst>
      <dst id="10">2763.2267</dst>
      <dst id="7">811.1822</dst>
      <dst id="2">3011.8222</dst>
      <dst id="14">204.5422</dst>
      <dst id="11">4369.2533</dst>
      <dst id="9">1516.8533</dst>
      <dst id="17">6827.5822</dst>
      <dst id="21">933.9733</dst>
    </src>
    <src id="7">
      <dst id="12">2988.6489</dst>
      <dst id="13">330.1600</dst>
      <dst id="19">1669.0667</dst>
      <dst id="23">220.5333</dst>
      <dst id="8">56.7822</dst>
      <dst id="18">381.5822</dst>
      <dst id="4">23361.4578</dst>
      <dst id="1">3884.1956</dst>
      <dst id="5">1730.9689</dst>
      <dst id="3">8427.7511</dst>
      <dst id="10">649.0756</dst>
      <dst id="22">5036.1067</dst>
      <dst id="7">2.9867</dst>
      <dst id="2">9134.7467</dst>
      <dst id="16">506.2756</dst>
      <dst id="14">33.7422</dst>
      <dst id="20">3761.7422</dst>
      <dst id="11">546.3378</dst>
      <dst id="9">1139.0756</dst>
      <dst id="17">5259.4400</dst>
      <dst id="21">2680.0800</dst>
      <dst id="15">322.8800</dst>
    </src>
    <src id="2">
      <dst id="12">82278.0711</dst>
      <dst id="13">5882.4000</dst>
      <dst id="19">2027.5289</dst>
      <dst id="23">3.6978</dst>
      <dst id="8">567.9289</dst>
      <dst id="18">81998.2667</dst>
      <dst id="4">82238.4356</dst>
      <dst id="1">23834.3378</dst>
      <dst id="5">1057.1200</dst>
      <dst id="3">24.2578</dst>
      <dst id="10">6002.1244</dst>
      <dst id="22">1732.2844</dst>
      <dst id="7">7555.6089</dst>
      <dst id="2">1095.2444</dst>
      <dst id="16">306.9511</dst>
      <dst id="14">3327.2178</dst>
      <dst id="20">435.7867</dst>
      <dst id="11">1456.5067</dst>
      <dst id="9">736.5778</dst>
      <dst id="17">34093.2356</dst>
      <dst id="21">4288.5778</dst>
      <dst id="15">89.6889</dst>
    </src>
    <src id="6">
      <dst id="12">169.2356</dst>
      <dst id="13">44.9156</dst>
      <dst id="19">1.2000</dst>
      <dst id="23">0.3378</dst>
      <dst id="18">0.8178</dst>
      <dst id="4">556.3111</dst>
      <dst id="1">32.5956</dst>
      <dst id="5">1.1378</dst>
      <dst id="10">12.6222</dst>
      <dst id="22">13.0044</dst>
      <dst id="7">2.1511</dst>
      <dst id="2">1897.7600</dst>
      <dst id="16">0.4889</dst>
      <dst id="11">2.7200</dst>
      <dst id="17">8644.8622</dst>
      <dst id="21">11.0044</dst>
    </src>
    <src id="16">
      <dst id="12">2910.3200</dst>
      <dst id="13">446.9956</dst>
      <dst id="19">5260.4978</dst>
      <dst id="23">617.2267</dst>
      <dst id="8">3204.3556</dst>
      <dst id="18">126.5956</dst>
      <dst id="4">7810.1867</dst>
      <dst id="1">22810.2400</dst>
      <dst id="5">2171.3778</dst>
      <dst id="3">175.6089</dst>
      <dst id="10">414.2400</dst>
      <dst id="7">3569.4133</dst>
      <dst id="2">524.3378</dst>
      <dst id="16">8.6933</dst>
      <dst id="14">0.8178</dst>
      <dst id="11">165.1644</dst>
      <dst id="9">4323.1111</dst>
      <dst id="17">2421.7422</dst>
      <dst id="21">415.8844</dst>
    </src>
    <src id="14">
      <dst id="12">846.1600</dst>
      <dst id="13">234.8978</dst>
      <dst id="19">25.9556</dst>
      <dst id="23">1.7867</dst>
      <dst id="18">1.0667</dst>
      <dst id="4">1505.4222</dst>
      <dst id="1">91.2444</dst>
      <dst id="5">54.1778</dst>
      <dst id="3">67.5378</dst>
      <dst id="10">109.9822</dst>
      <dst id="22">45.6533</dst>
      <dst id="7">30.2489</dst>
      <dst id="2">2431.3867</dst>
      <dst id="16">1.2089</dst>
      <dst id="20">41.6444</dst>
      <dst id="11">57.1644</dst>
      <dst id="9">51.6711</dst>
      <dst id="17">21987.6622</dst>
      <dst id="21">59.4489</dst>
      <dst id="15">3.8933</dst>
    </src>
    <src id="20">
      <dst id="12">6032.9333</dst>
      <dst id="13">12321.8222</dst>
      <dst id="19">1819.4578</dst>
      <dst id="23">1.6711</dst>
      <dst id="8">154.1067</dst>
      <dst id="18">65.5733</dst>
      <dst id="4">28369.6533</dst>
      <dst id="1">62.3822</dst>
      <dst id="5">5982.5600</dst>
      <dst id="3">343.7422</dst>
      <dst id="10">18.8000</dst>
      <dst id="22">2.2311</dst>
      <dst id="7">104.3200</dst>
      <dst id="2">12872.6578</dst>
      <dst id="14">59.3156</dst>
      <dst id="11">191.4133</dst>
      <dst id="9">6320.2400</dst>
      <dst id="17">960.2933</dst>
      <dst id="21">292.3378</dst>
    </src>
    <src id="11">
      <dst id="12">30391.4844</dst>
      <dst id="13">1971.8844</dst>
      <dst id="19">497.8933</dst>
      <dst id="23">47.1200</dst>
      <dst id="8">251.5733</dst>
      <dst id="18">306.5689</dst>
      <dst id="4">6695.2267</dst>
      <dst id="1">1921.2267</dst>
      <dst id="5">1866.5689</dst>
      <dst id="3">303.0489</dst>
      <dst id="10">2241.3511</dst>
      <dst id="22">2203.6711</dst>
      <dst id="7">468.0356</dst>
      <dst id="2">132403.3156</dst>
      <dst id="16">400.4178</dst>
      <dst id="14">79.6889</dst>
      <dst id="20">364.2844</dst>
      <dst id="11">1718.7556</dst>
      <dst id="9">3322.3911</dst>
      <dst id="17">772091.6089</dst>
      <dst id="21">530.6667</dst>
      <dst id="15">1014.0178</dst>
    </src>
    <src id="9">
      <dst id="12">22186.7022</dst>
      <dst id="13">2543.2711</dst>
      <dst id="19">227.7244</dst>
      <dst id="23">28.2667</dst>
      <dst id="8">108795.8044</dst>
      <dst id="18">137.6267</dst>
      <dst id="4">7534.1244</dst>
      <dst id="1">5560.7733</dst>
      <dst id="5">13950.6400</dst>
      <dst id="10">765.4756</dst>
      <dst id="22">5555.6800</dst>
      <dst id="7">137.1644</dst>
      <dst id="2">2549.5200</dst>
      <dst id="16">636.7911</dst>
      <dst id="14">1.4933</dst>
      <dst id="20">590.0089</dst>
      <dst id="11">565.4667</dst>
      <dst id="9">359831.1822</dst>
      <dst id="17">576083.7867</dst>
      <dst id="21">706.9956</dst>
      <dst id="15">586.7289</dst>
    </src>
    <src id="17">
      <dst id="12">13154.6222</dst>
      <dst id="13">5745.9378</dst>
      <dst id="19">768.7467</dst>
      <dst id="23">31.1822</dst>
      <dst id="8">1227.2356</dst>
      <dst id="18">319.7333</dst>
      <dst id="4">45052.1867</dst>
      <dst id="1">496.0978</dst>
      <dst id="5">129393.7689</dst>
      <dst id="3">3619.9556</dst>
      <dst id="10">2983.6889</dst>
      <dst id="22">4576.1778</dst>
      <dst id="7">4702.6756</dst>
      <dst id="2">6739.2978</dst>
      <dst id="16">5285.9200</dst>
      <dst id="14">8740.9778</dst>
      <dst id="20">2810.3556</dst>
      <dst id="11">135589.6356</dst>
      <dst id="9">498.6400</dst>
      <dst id="17">4386.7556</dst>
      <dst id="21">18563.2444</dst>
      <dst id="15">203.6533</dst>
    </src>
    <src id="21">
      <dst id="12">2344.0711</dst>
      <dst id="13">860.9067</dst>
      <dst id="19">765.8222</dst>
      <dst id="23">1.0311</dst>
      <dst id="8">166.1689</dst>
      <dst id="18">247.8133</dst>
      <dst id="4">17775.8133</dst>
      <dst id="1">1066.3556</dst>
      <dst id="5">420.0978</dst>
      <dst id="3">5449.3956</dst>
      <dst id="10">1889.4756</dst>
      <dst id="22">935.0222</dst>
      <dst id="7">2011.6711</dst>
      <dst id="2">8254.3022</dst>
      <dst id="16">217.7244</dst>
      <dst id="14">79.5200</dst>
      <dst id="20">1210.1689</dst>
      <dst id="11">523.0311</dst>
      <dst id="9">944.1244</dst>
      <dst id="17">38921.5467</dst>
      <dst id="21">1758.7378</dst>
      <dst id="15">261.0133</dst>
    </src>
    <src id="15">
      <dst id="12">277.2267</dst>
      <dst id="13">323.0667</dst>
      <dst id="19">4.2489</dst>
      <dst id="23">0.4267</dst>
      <dst id="8">5306.0444</dst>
      <dst id="18">235.7778</dst>
      <dst id="4">711.0756</dst>
      <dst id="1">134.4622</dst>
      <dst id="5">89.7778</dst>
      <dst id="10">5.6889</dst>
      <dst id="7">15.3333</dst>
      <dst id="2">1102.8356</dst>
      <dst id="14">13.3333</dst>
      <dst id="11">40.5867</dst>
      <dst id="9">2914.5333</dst>
      <dst id="17">562.4978</dst>
      <dst id="21">42.0978</dst>
    </src>
  </IntraTM>
</TrafficMatrixFile>
