<?xml version="1.0" encoding="UTF-8" standalone="yes"?>
<TrafficMatrixFile xmlns:xsi="http://www.w3.org/2001/XMLSchema-instance" xsi:noNamespaceSchemaLocation="http://totem.run.montefiore.ulg.ac.be/Schema/TrafficMatrix-v1_2.xsd">
  <info>
    <title>Intradomain traffic matrix generated by geant-TM-all.pl</title>
    <date>2005-02-03T07:15:00</date>
    <duration>900</duration>
    <author>Steve Uhlig</author>
    <units>
        <unit type="bandwidth" value="kbps"/>
    </units>
  </info>
  <IntraTM ASID="20965">
    <src id="12">
      <dst id="12">349402.3644</dst>
      <dst id="13">21899.7333</dst>
      <dst id="19">7046.8356</dst>
      <dst id="23">11.5733</dst>
      <dst id="8">1245.1289</dst>
      <dst id="18">138910.0444</dst>
      <dst id="4">119752.7822</dst>
      <dst id="1">24120.5778</dst>
      <dst id="5">6570.5867</dst>
      <dst id="3">8540.3378</dst>
      <dst id="10">13476.8889</dst>
      <dst id="22">46794.4178</dst>
      <dst id="7">31734.1689</dst>
      <dst id="2">73078.6578</dst>
      <dst id="16">8220.5867</dst>
      <dst id="14">404.3733</dst>
      <dst id="20">30257.2444</dst>
      <dst id="11">10.1333</dst>
      <dst id="9">8548.5067</dst>
      <dst id="17">82266.8978</dst>
      <dst id="21">12247.9911</dst>
      <dst id="15">8361.5911</dst>
    </src>
    <src id="13">
      <dst id="12">64275.4311</dst>
      <dst id="19">6602.2311</dst>
      <dst id="23">7878.6756</dst>
      <dst id="8">4141.2444</dst>
      <dst id="18">2565.9289</dst>
      <dst id="1">4195.7067</dst>
      <dst id="5">7242.4089</dst>
      <dst id="3">9695.6356</dst>
      <dst id="22">24697.3600</dst>
      <dst id="7">22000.0356</dst>
      <dst id="2">96220.4444</dst>
      <dst id="16">7346.9600</dst>
      <dst id="14">1155.7067</dst>
      <dst id="20">14808.8800</dst>
      <dst id="11">236.9422</dst>
      <dst id="9">43207.9200</dst>
      <dst id="17">85941.2978</dst>
      <dst id="21">15386.2400</dst>
      <dst id="15">1707.0489</dst>
    </src>
    <src id="19">
      <dst id="12">17293.4844</dst>
      <dst id="13">5551.4489</dst>
      <dst id="23">1.5289</dst>
      <dst id="18">3638.2933</dst>
      <dst id="4">23027.2444</dst>
      <dst id="1">62.5867</dst>
      <dst id="5">98.5333</dst>
      <dst id="3">751.5556</dst>
      <dst id="10">3982.4533</dst>
      <dst id="22">701.2178</dst>
      <dst id="7">3115.7867</dst>
      <dst id="2">270.2844</dst>
      <dst id="16">8907.7156</dst>
      <dst id="14">17.4756</dst>
      <dst id="20">447.7067</dst>
      <dst id="9">236.2756</dst>
      <dst id="17">789.1822</dst>
      <dst id="21">4329.8400</dst>
      <dst id="15">0.9244</dst>
    </src>
    <src id="23">
      <dst id="12">1269.6533</dst>
      <dst id="13">36.8178</dst>
      <dst id="19">26.6667</dst>
      <dst id="8">26.6667</dst>
      <dst id="18">1947.3600</dst>
      <dst id="4">12919.5822</dst>
      <dst id="1">68.3111</dst>
      <dst id="5">27.9911</dst>
      <dst id="3">39.1289</dst>
      <dst id="10">210.8444</dst>
      <dst id="22">0.3556</dst>
      <dst id="7">147.0400</dst>
      <dst id="2">216.0178</dst>
      <dst id="16">71.5467</dst>
      <dst id="14">12.6222</dst>
      <dst id="20">0.9689</dst>
      <dst id="11">0.4978</dst>
      <dst id="9">298.7200</dst>
      <dst id="17">1534.8889</dst>
      <dst id="21">283.4222</dst>
    </src>
    <src id="8">
      <dst id="12">39805.9556</dst>
      <dst id="13">6436.7111</dst>
      <dst id="19">1.2533</dst>
      <dst id="23">1.7422</dst>
      <dst id="18">100.6222</dst>
      <dst id="4">5791.2800</dst>
      <dst id="1">4979.5556</dst>
      <dst id="5">1401.1289</dst>
      <dst id="3">34.7644</dst>
      <dst id="10">741.8578</dst>
      <dst id="22">432.1689</dst>
      <dst id="7">139.5911</dst>
      <dst id="2">243.6267</dst>
      <dst id="16">2035.5022</dst>
      <dst id="14">1.2178</dst>
      <dst id="20">6172.1600</dst>
      <dst id="11">1.0400</dst>
      <dst id="9">215877.1111</dst>
      <dst id="17">281975.8133</dst>
      <dst id="21">40.9244</dst>
      <dst id="15">76.4978</dst>
    </src>
    <src id="18">
      <dst id="12">180314.4800</dst>
      <dst id="13">2457.8756</dst>
      <dst id="19">208.2044</dst>
      <dst id="23">50.5244</dst>
      <dst id="8">215.6978</dst>
      <dst id="4">2054.1333</dst>
      <dst id="1">589.0044</dst>
      <dst id="5">520.3644</dst>
      <dst id="3">429.8667</dst>
      <dst id="10">165.3422</dst>
      <dst id="22">220.7022</dst>
      <dst id="7">1411.1200</dst>
      <dst id="2">60499.3778</dst>
      <dst id="16">125.1822</dst>
      <dst id="14">0.4267</dst>
      <dst id="20">2.2578</dst>
      <dst id="9">405.7067</dst>
      <dst id="17">16270.2400</dst>
      <dst id="21">620.1511</dst>
      <dst id="15">1.8133</dst>
    </src>
    <src id="4">
      <dst id="12">13136.6756</dst>
      <dst id="19">5030.7822</dst>
      <dst id="23">261.1644</dst>
      <dst id="8">544.3378</dst>
      <dst id="18">656.0444</dst>
      <dst id="1">1237.6889</dst>
      <dst id="5">1780.2222</dst>
      <dst id="3">4758.7556</dst>
      <dst id="22">3731.0222</dst>
      <dst id="7">67477.9644</dst>
      <dst id="2">52548.1689</dst>
      <dst id="16">697.7689</dst>
      <dst id="14">562.1689</dst>
      <dst id="20">4287.6356</dst>
      <dst id="11">403.1733</dst>
      <dst id="9">5060.8711</dst>
      <dst id="17">50720.5511</dst>
      <dst id="21">6940.8178</dst>
      <dst id="15">581.6622</dst>
    </src>
    <src id="1">
      <dst id="12">17400.5600</dst>
      <dst id="13">342.5600</dst>
      <dst id="19">1612.0356</dst>
      <dst id="23">37.1111</dst>
      <dst id="8">39.8400</dst>
      <dst id="18">11441.8489</dst>
      <dst id="4">31512.3556</dst>
      <dst id="1">29.4400</dst>
      <dst id="5">226.5244</dst>
      <dst id="3">137038.7022</dst>
      <dst id="10">2000.8978</dst>
      <dst id="22">11809.8756</dst>
      <dst id="7">2958.4622</dst>
      <dst id="2">5211.9911</dst>
      <dst id="16">12752.1156</dst>
      <dst id="14">59.5111</dst>
      <dst id="20">3664.2044</dst>
      <dst id="11">153.7867</dst>
      <dst id="9">1135.7422</dst>
      <dst id="17">31829.9556</dst>
      <dst id="21">1477.6267</dst>
      <dst id="15">125.0933</dst>
    </src>
    <src id="5">
      <dst id="12">45636.9778</dst>
      <dst id="13">2051.0133</dst>
      <dst id="19">1215.9111</dst>
      <dst id="23">10.5778</dst>
      <dst id="8">1842.5600</dst>
      <dst id="18">717.1378</dst>
      <dst id="4">9632.0889</dst>
      <dst id="1">3918.2667</dst>
      <dst id="3">433.6089</dst>
      <dst id="10">1669.0044</dst>
      <dst id="22">6550.7556</dst>
      <dst id="7">166.0711</dst>
      <dst id="2">783.7422</dst>
      <dst id="16">697.0933</dst>
      <dst id="14">2.8444</dst>
      <dst id="20">1879.9911</dst>
      <dst id="11">2.8356</dst>
      <dst id="9">96353.1289</dst>
      <dst id="17">436378.9333</dst>
      <dst id="21">752.4889</dst>
      <dst id="15">1046.4978</dst>
    </src>
    <src id="3">
      <dst id="12">3510.4800</dst>
      <dst id="13">1955.8667</dst>
      <dst id="19">1420.8089</dst>
      <dst id="23">3.2000</dst>
      <dst id="8">213.6800</dst>
      <dst id="18">221.4044</dst>
      <dst id="4">27958.0267</dst>
      <dst id="1">5810.5689</dst>
      <dst id="5">337.6444</dst>
      <dst id="3">58.2222</dst>
      <dst id="10">1086.1778</dst>
      <dst id="22">1246.8444</dst>
      <dst id="7">4014.7467</dst>
      <dst id="2">3856.9778</dst>
      <dst id="16">4899.7511</dst>
      <dst id="14">114.2756</dst>
      <dst id="20">110.8178</dst>
      <dst id="11">58.0533</dst>
      <dst id="9">1914.9156</dst>
      <dst id="17">49001.1378</dst>
      <dst id="21">6651.6000</dst>
      <dst id="15">93.9378</dst>
    </src>
    <src id="10">
      <dst id="12">189894.7822</dst>
      <dst id="19">2110.2044</dst>
      <dst id="23">667.6533</dst>
      <dst id="8">137922.3644</dst>
      <dst id="18">3754.8800</dst>
      <dst id="1">719.7956</dst>
      <dst id="5">257410.2133</dst>
      <dst id="3">16229.3156</dst>
      <dst id="22">3246.2222</dst>
      <dst id="7">14910.7911</dst>
      <dst id="2">22971.8933</dst>
      <dst id="16">2617.2622</dst>
      <dst id="14">38868.7111</dst>
      <dst id="20">5330.1867</dst>
      <dst id="11">18486.6933</dst>
      <dst id="9">250075.2711</dst>
      <dst id="17">36802.6044</dst>
      <dst id="21">17500.2844</dst>
      <dst id="15">161.1911</dst>
    </src>
    <src id="22">
      <dst id="12">14375.5911</dst>
      <dst id="13">2498.9156</dst>
      <dst id="19">581.3067</dst>
      <dst id="23">1.8133</dst>
      <dst id="8">545.9733</dst>
      <dst id="18">804.5600</dst>
      <dst id="4">19835.8133</dst>
      <dst id="1">708.9244</dst>
      <dst id="5">7655.8489</dst>
      <dst id="3">694.9956</dst>
      <dst id="10">1438.0267</dst>
      <dst id="7">1467.3600</dst>
      <dst id="2">2340.9333</dst>
      <dst id="14">33.6978</dst>
      <dst id="11">73.9556</dst>
      <dst id="9">4687.4133</dst>
      <dst id="17">6429.1022</dst>
      <dst id="21">1162.6489</dst>
    </src>
    <src id="7">
      <dst id="12">8050.6400</dst>
      <dst id="13">240.4533</dst>
      <dst id="19">851.7333</dst>
      <dst id="23">32.7289</dst>
      <dst id="8">696.8000</dst>
      <dst id="18">432.0889</dst>
      <dst id="4">65035.6089</dst>
      <dst id="1">962.8711</dst>
      <dst id="5">2533.0133</dst>
      <dst id="3">5430.4533</dst>
      <dst id="10">570.7022</dst>
      <dst id="22">5774.7467</dst>
      <dst id="7">706.8178</dst>
      <dst id="2">12752.8000</dst>
      <dst id="16">778.5244</dst>
      <dst id="14">90.0711</dst>
      <dst id="20">600.4356</dst>
      <dst id="11">125.4044</dst>
      <dst id="9">1116.1867</dst>
      <dst id="17">11824.7022</dst>
      <dst id="21">2719.0222</dst>
      <dst id="15">3063.5111</dst>
    </src>
    <src id="2">
      <dst id="12">140452.6667</dst>
      <dst id="13">27695.3689</dst>
      <dst id="19">3542.9956</dst>
      <dst id="8">305.0311</dst>
      <dst id="18">83063.4489</dst>
      <dst id="4">88866.8889</dst>
      <dst id="1">2995.0133</dst>
      <dst id="5">2047.7689</dst>
      <dst id="3">4511.5022</dst>
      <dst id="10">7326.5511</dst>
      <dst id="22">4874.9600</dst>
      <dst id="7">18800.1867</dst>
      <dst id="2">2916.6222</dst>
      <dst id="16">6323.8044</dst>
      <dst id="14">118.1333</dst>
      <dst id="20">4179.4667</dst>
      <dst id="11">566.1511</dst>
      <dst id="9">1152.5867</dst>
      <dst id="17">39144.9067</dst>
      <dst id="21">23325.7778</dst>
      <dst id="15">741.5822</dst>
    </src>
    <src id="6">
      <dst id="12">3719.9644</dst>
      <dst id="13">58.2400</dst>
      <dst id="19">150.5244</dst>
      <dst id="23">34.4000</dst>
      <dst id="18">0.8800</dst>
      <dst id="4">1655.9289</dst>
      <dst id="1">71.4311</dst>
      <dst id="5">1.6978</dst>
      <dst id="3">3.1289</dst>
      <dst id="10">0.8533</dst>
      <dst id="22">86.5867</dst>
      <dst id="7">3.9022</dst>
      <dst id="2">5133.6267</dst>
      <dst id="16">15.5378</dst>
      <dst id="9">15.8400</dst>
      <dst id="17">15010.2222</dst>
      <dst id="21">43.7244</dst>
    </src>
    <src id="16">
      <dst id="12">4795.7956</dst>
      <dst id="13">1957.2267</dst>
      <dst id="19">5371.5111</dst>
      <dst id="23">533.4578</dst>
      <dst id="8">3673.8044</dst>
      <dst id="18">197.8578</dst>
      <dst id="4">3204.1778</dst>
      <dst id="1">16764.2844</dst>
      <dst id="5">3123.9911</dst>
      <dst id="3">4642.7022</dst>
      <dst id="10">525.0844</dst>
      <dst id="22">480.9244</dst>
      <dst id="7">1007.1911</dst>
      <dst id="2">961.7778</dst>
      <dst id="16">62.1867</dst>
      <dst id="14">29.6978</dst>
      <dst id="11">23.4756</dst>
      <dst id="9">8634.6311</dst>
      <dst id="17">8026.8089</dst>
      <dst id="21">1175.7067</dst>
    </src>
    <src id="14">
      <dst id="12">4089.1467</dst>
      <dst id="13">28.4622</dst>
      <dst id="19">2.0978</dst>
      <dst id="23">0.7111</dst>
      <dst id="8">0.4622</dst>
      <dst id="18">2.7733</dst>
      <dst id="4">1231.4311</dst>
      <dst id="1">583.0222</dst>
      <dst id="5">1.0667</dst>
      <dst id="3">94.9778</dst>
      <dst id="10">45.4578</dst>
      <dst id="22">122.9333</dst>
      <dst id="7">37.6356</dst>
      <dst id="2">4583.3689</dst>
      <dst id="16">2.9333</dst>
      <dst id="20">1.4222</dst>
      <dst id="9">1349.5200</dst>
      <dst id="17">48988.4889</dst>
      <dst id="21">49.0578</dst>
    </src>
    <src id="20">
      <dst id="12">4507.1911</dst>
      <dst id="13">3857.1200</dst>
      <dst id="19">293.6978</dst>
      <dst id="23">0.6756</dst>
      <dst id="8">1195.9200</dst>
      <dst id="18">52.9156</dst>
      <dst id="4">7369.9289</dst>
      <dst id="1">2487.4578</dst>
      <dst id="5">3330.9511</dst>
      <dst id="3">108.4889</dst>
      <dst id="10">534.4089</dst>
      <dst id="7">211.9467</dst>
      <dst id="2">4770.5244</dst>
      <dst id="14">47.5556</dst>
      <dst id="9">347.1911</dst>
      <dst id="17">7509.2800</dst>
      <dst id="21">2708.2756</dst>
    </src>
    <src id="11">
      <dst id="12">74398.6133</dst>
      <dst id="13">3786.5778</dst>
      <dst id="19">212.6844</dst>
      <dst id="23">44.7733</dst>
      <dst id="8">634.7911</dst>
      <dst id="18">327.7244</dst>
      <dst id="4">13202.9244</dst>
      <dst id="1">443.6356</dst>
      <dst id="5">925.4133</dst>
      <dst id="3">820.5689</dst>
      <dst id="10">4594.7289</dst>
      <dst id="22">2072.5600</dst>
      <dst id="7">166.8000</dst>
      <dst id="2">120154.3911</dst>
      <dst id="16">247.2089</dst>
      <dst id="14">30.4356</dst>
      <dst id="20">5603.3600</dst>
      <dst id="11">3123.4400</dst>
      <dst id="9">1427.1289</dst>
      <dst id="17">669855.4667</dst>
      <dst id="21">3087.8933</dst>
      <dst id="15">55.8844</dst>
    </src>
    <src id="9">
      <dst id="12">80256.8356</dst>
      <dst id="13">7527.6711</dst>
      <dst id="19">276.0000</dst>
      <dst id="23">30.9333</dst>
      <dst id="8">168694.3022</dst>
      <dst id="18">125.4133</dst>
      <dst id="4">8081.2533</dst>
      <dst id="1">7364.7289</dst>
      <dst id="5">2690.0444</dst>
      <dst id="3">1214.1244</dst>
      <dst id="10">1435.9556</dst>
      <dst id="22">7203.4933</dst>
      <dst id="7">912.9778</dst>
      <dst id="2">4952.3467</dst>
      <dst id="16">1880.8178</dst>
      <dst id="14">36.9067</dst>
      <dst id="20">1988.8267</dst>
      <dst id="11">18.3200</dst>
      <dst id="9">552761.5200</dst>
      <dst id="17">525566.1333</dst>
      <dst id="21">316.5333</dst>
      <dst id="15">507.5467</dst>
    </src>
    <src id="17">
      <dst id="12">140008.5956</dst>
      <dst id="13">2765.7778</dst>
      <dst id="19">14901.5911</dst>
      <dst id="23">782.5778</dst>
      <dst id="8">14009.6267</dst>
      <dst id="18">818.4444</dst>
      <dst id="4">56639.3511</dst>
      <dst id="1">9638.3911</dst>
      <dst id="5">206439.5733</dst>
      <dst id="3">19611.4578</dst>
      <dst id="10">2866.2133</dst>
      <dst id="22">2705.0400</dst>
      <dst id="7">1745.9289</dst>
      <dst id="2">17332.2044</dst>
      <dst id="16">16049.2533</dst>
      <dst id="14">20589.4756</dst>
      <dst id="20">3153.2267</dst>
      <dst id="11">18572.6222</dst>
      <dst id="9">4129.4578</dst>
      <dst id="17">13653.0933</dst>
      <dst id="21">12548.6044</dst>
      <dst id="15">123.5022</dst>
    </src>
    <src id="21">
      <dst id="12">15030.7733</dst>
      <dst id="13">1363.7956</dst>
      <dst id="19">352.9956</dst>
      <dst id="23">8.5689</dst>
      <dst id="8">502.4711</dst>
      <dst id="18">3458.0089</dst>
      <dst id="4">13669.0844</dst>
      <dst id="1">3573.2444</dst>
      <dst id="5">507.4222</dst>
      <dst id="3">8991.7956</dst>
      <dst id="10">1092.5156</dst>
      <dst id="22">1302.6044</dst>
      <dst id="7">1656.5067</dst>
      <dst id="2">7288.8622</dst>
      <dst id="16">571.7689</dst>
      <dst id="14">72.8444</dst>
      <dst id="20">931.1200</dst>
      <dst id="11">147.5467</dst>
      <dst id="9">681.8489</dst>
      <dst id="17">40582.6133</dst>
      <dst id="21">5505.3422</dst>
      <dst id="15">22.0444</dst>
    </src>
    <src id="15">
      <dst id="12">1525.8311</dst>
      <dst id="13">361.9289</dst>
      <dst id="19">2.7467</dst>
      <dst id="8">432.1067</dst>
      <dst id="18">26.3111</dst>
      <dst id="4">1233.5822</dst>
      <dst id="1">101.8667</dst>
      <dst id="5">470.2044</dst>
      <dst id="3">4348.7289</dst>
      <dst id="10">69.2533</dst>
      <dst id="7">116.1956</dst>
      <dst id="2">92.0622</dst>
      <dst id="14">13.3333</dst>
      <dst id="11">14.8356</dst>
      <dst id="9">2283.0311</dst>
      <dst id="17">375.8844</dst>
      <dst id="21">23.8667</dst>
    </src>
  </IntraTM>
</TrafficMatrixFile>
