<?xml version="1.0" encoding="UTF-8" standalone="yes"?>
<TrafficMatrixFile xmlns:xsi="http://www.w3.org/2001/XMLSchema-instance" xsi:noNamespaceSchemaLocation="http://totem.run.montefiore.ulg.ac.be/Schema/TrafficMatrix-v1_2.xsd">
  <info>
    <title>Intradomain traffic matrix generated by geant-TM-all.pl</title>
    <date>2005-01-22T03:45:00</date>
    <duration>900</duration>
    <author>Steve Uhlig</author>
    <units>
        <unit type="bandwidth" value="kbps"/>
    </units>
  </info>
  <IntraTM ASID="20965">
    <src id="12">
      <dst id="12">311862.7200</dst>
      <dst id="13">43344.4089</dst>
      <dst id="19">5508.7733</dst>
      <dst id="23">2372.4711</dst>
      <dst id="8">3165.2622</dst>
      <dst id="18">167025.5289</dst>
      <dst id="4">94371.3867</dst>
      <dst id="1">28263.8133</dst>
      <dst id="5">6747.3511</dst>
      <dst id="3">8087.3244</dst>
      <dst id="10">13353.1556</dst>
      <dst id="22">14663.6800</dst>
      <dst id="7">10455.1111</dst>
      <dst id="2">85671.6356</dst>
      <dst id="16">8513.8489</dst>
      <dst id="14">204.4089</dst>
      <dst id="20">7599.9111</dst>
      <dst id="11">7335.6800</dst>
      <dst id="9">12893.0311</dst>
      <dst id="17">61951.3778</dst>
      <dst id="21">7219.4489</dst>
      <dst id="15">3186.3111</dst>
    </src>
    <src id="13">
      <dst id="12">137125.3244</dst>
      <dst id="19">8560.5067</dst>
      <dst id="23">221.1733</dst>
      <dst id="8">3457.0311</dst>
      <dst id="18">10935.4489</dst>
      <dst id="4">5.0222</dst>
      <dst id="1">7431.1644</dst>
      <dst id="5">30942.1422</dst>
      <dst id="3">8281.2978</dst>
      <dst id="22">19846.4711</dst>
      <dst id="7">17490.3378</dst>
      <dst id="2">101203.2178</dst>
      <dst id="16">10377.2267</dst>
      <dst id="14">1648.7911</dst>
      <dst id="20">13349.4489</dst>
      <dst id="11">16637.1111</dst>
      <dst id="9">21464.3378</dst>
      <dst id="17">89222.5956</dst>
      <dst id="21">48286.1067</dst>
      <dst id="15">3558.3467</dst>
    </src>
    <src id="19">
      <dst id="12">13143.5200</dst>
      <dst id="13">3498.5422</dst>
      <dst id="23">1.1467</dst>
      <dst id="8">1.9911</dst>
      <dst id="18">712.9778</dst>
      <dst id="4">20401.5733</dst>
      <dst id="1">1413.9467</dst>
      <dst id="5">108.1511</dst>
      <dst id="3">14.6756</dst>
      <dst id="10">508.0711</dst>
      <dst id="22">966.3644</dst>
      <dst id="7">5251.1378</dst>
      <dst id="2">2491.6978</dst>
      <dst id="16">11787.9289</dst>
      <dst id="14">2.7022</dst>
      <dst id="20">95.9822</dst>
      <dst id="11">401.2000</dst>
      <dst id="9">1805.8844</dst>
      <dst id="17">3388.0711</dst>
      <dst id="21">12831.6889</dst>
      <dst id="15">279.8044</dst>
    </src>
    <src id="23">
      <dst id="12">304.3378</dst>
      <dst id="13">156.9867</dst>
      <dst id="19">24.5422</dst>
      <dst id="8">108.7556</dst>
      <dst id="18">177.1733</dst>
      <dst id="4">14.4089</dst>
      <dst id="1">42.6844</dst>
      <dst id="5">26.3733</dst>
      <dst id="3">901.7867</dst>
      <dst id="22">100.1422</dst>
      <dst id="7">622.8000</dst>
      <dst id="2">527.3511</dst>
      <dst id="16">13.3778</dst>
      <dst id="14">1.7511</dst>
      <dst id="20">485.2800</dst>
      <dst id="11">50.1778</dst>
      <dst id="9">232.0889</dst>
      <dst id="17">946.1689</dst>
      <dst id="21">208.9244</dst>
      <dst id="15">1.9733</dst>
    </src>
    <src id="8">
      <dst id="12">83008.5244</dst>
      <dst id="13">1515.9733</dst>
      <dst id="19">2.0267</dst>
      <dst id="23">2.5067</dst>
      <dst id="18">472.9867</dst>
      <dst id="4">4703.2711</dst>
      <dst id="1">3978.6756</dst>
      <dst id="5">2762.5422</dst>
      <dst id="10">400.1867</dst>
      <dst id="22">939.1556</dst>
      <dst id="7">860.3733</dst>
      <dst id="2">360.0444</dst>
      <dst id="16">412.2667</dst>
      <dst id="14">13.6889</dst>
      <dst id="20">49.9022</dst>
      <dst id="11">245.8933</dst>
      <dst id="9">167331.4222</dst>
      <dst id="17">338898.5067</dst>
      <dst id="21">126.2400</dst>
      <dst id="15">217.9111</dst>
    </src>
    <src id="18">
      <dst id="12">206668.9244</dst>
      <dst id="13">774.6044</dst>
      <dst id="19">147.7956</dst>
      <dst id="23">6.1511</dst>
      <dst id="8">155.0311</dst>
      <dst id="4">4153.1378</dst>
      <dst id="1">5721.6000</dst>
      <dst id="5">597.1467</dst>
      <dst id="3">469.4222</dst>
      <dst id="10">576.7378</dst>
      <dst id="22">848.1067</dst>
      <dst id="7">1188.5067</dst>
      <dst id="2">61547.4489</dst>
      <dst id="16">25.7600</dst>
      <dst id="14">0.9244</dst>
      <dst id="20">274.0978</dst>
      <dst id="11">554.1689</dst>
      <dst id="9">832.2667</dst>
      <dst id="17">40007.2356</dst>
      <dst id="21">2006.1689</dst>
      <dst id="15">24.2222</dst>
    </src>
    <src id="4">
      <dst id="12">17298.1778</dst>
      <dst id="19">6177.0844</dst>
      <dst id="23">1.6089</dst>
      <dst id="8">2498.6667</dst>
      <dst id="18">4485.1822</dst>
      <dst id="4">92.5689</dst>
      <dst id="1">17218.5422</dst>
      <dst id="5">3219.9644</dst>
      <dst id="3">325.0133</dst>
      <dst id="22">4580.7644</dst>
      <dst id="7">62225.8133</dst>
      <dst id="2">42122.6756</dst>
      <dst id="16">1257.8844</dst>
      <dst id="14">4822.9511</dst>
      <dst id="20">1897.0578</dst>
      <dst id="11">1312.2844</dst>
      <dst id="9">4237.5022</dst>
      <dst id="17">84653.2533</dst>
      <dst id="21">5745.5556</dst>
      <dst id="15">508.5956</dst>
    </src>
    <src id="1">
      <dst id="12">17297.8044</dst>
      <dst id="13">8039.8667</dst>
      <dst id="19">3654.2489</dst>
      <dst id="23">84.3644</dst>
      <dst id="8">34.0978</dst>
      <dst id="18">14482.6044</dst>
      <dst id="4">11077.7422</dst>
      <dst id="1">47184.0978</dst>
      <dst id="5">777.3156</dst>
      <dst id="3">7588.6578</dst>
      <dst id="10">4046.4444</dst>
      <dst id="22">4724.2578</dst>
      <dst id="7">10748.8444</dst>
      <dst id="2">33899.8489</dst>
      <dst id="16">20928.1689</dst>
      <dst id="14">135.3244</dst>
      <dst id="20">10550.7022</dst>
      <dst id="11">326.4000</dst>
      <dst id="9">3152.5067</dst>
      <dst id="17">21161.8667</dst>
      <dst id="21">12519.1556</dst>
      <dst id="15">693.4844</dst>
    </src>
    <src id="5">
      <dst id="12">88061.9378</dst>
      <dst id="13">4921.9556</dst>
      <dst id="19">838.6933</dst>
      <dst id="23">12.9333</dst>
      <dst id="8">472.5511</dst>
      <dst id="18">646.4267</dst>
      <dst id="4">8003.9644</dst>
      <dst id="1">7822.5156</dst>
      <dst id="3">74.5511</dst>
      <dst id="10">2184.3733</dst>
      <dst id="22">5706.4889</dst>
      <dst id="7">91.7422</dst>
      <dst id="2">803.0844</dst>
      <dst id="16">1701.9200</dst>
      <dst id="14">49.1289</dst>
      <dst id="20">3102.2311</dst>
      <dst id="11">1899.6978</dst>
      <dst id="9">85443.8489</dst>
      <dst id="17">445277.3511</dst>
      <dst id="21">245.4933</dst>
      <dst id="15">3110.8267</dst>
    </src>
    <src id="3">
      <dst id="12">3984.3200</dst>
      <dst id="13">6329.5378</dst>
      <dst id="19">2781.5467</dst>
      <dst id="23">298.0267</dst>
      <dst id="8">5100.0089</dst>
      <dst id="18">134.7200</dst>
      <dst id="4">59018.0889</dst>
      <dst id="1">17554.1422</dst>
      <dst id="5">558.0800</dst>
      <dst id="3">30.3022</dst>
      <dst id="10">564.2756</dst>
      <dst id="22">1296.1689</dst>
      <dst id="7">3517.9644</dst>
      <dst id="2">21115.5644</dst>
      <dst id="16">3189.2267</dst>
      <dst id="14">56.1956</dst>
      <dst id="20">3041.9644</dst>
      <dst id="11">699.1733</dst>
      <dst id="9">126.9422</dst>
      <dst id="17">39508.0622</dst>
      <dst id="21">16814.6044</dst>
      <dst id="15">1500.5156</dst>
    </src>
    <src id="10">
      <dst id="12">22887.4844</dst>
      <dst id="19">4575.5289</dst>
      <dst id="8">147372.9600</dst>
      <dst id="18">3253.6356</dst>
      <dst id="1">1140.7022</dst>
      <dst id="5">325434.5244</dst>
      <dst id="3">27124.7644</dst>
      <dst id="22">2640.7022</dst>
      <dst id="7">11734.4800</dst>
      <dst id="2">37001.1200</dst>
      <dst id="16">891.2356</dst>
      <dst id="14">48541.3867</dst>
      <dst id="20">1177.2978</dst>
      <dst id="11">237376.2756</dst>
      <dst id="9">384813.3244</dst>
      <dst id="17">30883.1733</dst>
      <dst id="21">22346.6044</dst>
      <dst id="15">152.9422</dst>
    </src>
    <src id="22">
      <dst id="12">19087.5733</dst>
      <dst id="13">12608.9956</dst>
      <dst id="19">270.2578</dst>
      <dst id="23">4.7111</dst>
      <dst id="8">752.3467</dst>
      <dst id="18">942.8800</dst>
      <dst id="4">21895.5822</dst>
      <dst id="1">291.8133</dst>
      <dst id="5">6519.7867</dst>
      <dst id="3">849.0756</dst>
      <dst id="10">5824.6133</dst>
      <dst id="7">2312.2933</dst>
      <dst id="2">1991.7689</dst>
      <dst id="14">341.0222</dst>
      <dst id="11">6115.3867</dst>
      <dst id="9">4563.1022</dst>
      <dst id="17">10124.5156</dst>
      <dst id="21">10755.7511</dst>
    </src>
    <src id="7">
      <dst id="12">2200.0444</dst>
      <dst id="13">826.7111</dst>
      <dst id="19">1033.3422</dst>
      <dst id="23">715.4667</dst>
      <dst id="8">346.6578</dst>
      <dst id="18">1569.7333</dst>
      <dst id="4">43645.4222</dst>
      <dst id="1">11266.0178</dst>
      <dst id="5">1947.9556</dst>
      <dst id="3">4597.2622</dst>
      <dst id="10">3345.0578</dst>
      <dst id="22">10126.3911</dst>
      <dst id="7">5.9733</dst>
      <dst id="2">13427.3689</dst>
      <dst id="16">1818.3111</dst>
      <dst id="14">893.0400</dst>
      <dst id="20">7988.8000</dst>
      <dst id="11">862.6756</dst>
      <dst id="9">1757.9911</dst>
      <dst id="17">11779.5467</dst>
      <dst id="21">8886.7467</dst>
      <dst id="15">600.4800</dst>
    </src>
    <src id="2">
      <dst id="12">136164.3911</dst>
      <dst id="13">14770.5511</dst>
      <dst id="19">1434.2222</dst>
      <dst id="23">50.7022</dst>
      <dst id="8">1505.9111</dst>
      <dst id="18">162657.3156</dst>
      <dst id="4">116705.3778</dst>
      <dst id="1">10190.7378</dst>
      <dst id="5">1335.5467</dst>
      <dst id="3">1623.4933</dst>
      <dst id="10">9001.9378</dst>
      <dst id="22">2076.7644</dst>
      <dst id="7">13338.9956</dst>
      <dst id="2">2743.0222</dst>
      <dst id="16">6236.0889</dst>
      <dst id="14">1781.4756</dst>
      <dst id="20">6030.4978</dst>
      <dst id="11">4861.4578</dst>
      <dst id="9">2906.1422</dst>
      <dst id="17">25424.1867</dst>
      <dst id="21">58097.5644</dst>
      <dst id="15">532.9422</dst>
    </src>
    <src id="6">
      <dst id="12">791.9911</dst>
      <dst id="13">10.3733</dst>
      <dst id="19">10.3111</dst>
      <dst id="23">0.3378</dst>
      <dst id="8">0.4978</dst>
      <dst id="4">143.6533</dst>
      <dst id="1">80.5244</dst>
      <dst id="5">2.5956</dst>
      <dst id="3">65.7689</dst>
      <dst id="10">3.2000</dst>
      <dst id="22">0.8533</dst>
      <dst id="7">71.2089</dst>
      <dst id="2">3747.9911</dst>
      <dst id="16">2.9511</dst>
      <dst id="11">1.7778</dst>
      <dst id="9">15.4667</dst>
      <dst id="17">10436.7200</dst>
      <dst id="21">54.5422</dst>
      <dst id="15">11.4667</dst>
    </src>
    <src id="16">
      <dst id="12">4381.8933</dst>
      <dst id="13">2265.4756</dst>
      <dst id="19">4460.9333</dst>
      <dst id="23">14.4000</dst>
      <dst id="8">7845.4667</dst>
      <dst id="18">126.0711</dst>
      <dst id="4">8363.4667</dst>
      <dst id="1">25891.7244</dst>
      <dst id="5">6658.4800</dst>
      <dst id="3">278.2489</dst>
      <dst id="10">1042.4978</dst>
      <dst id="22">1.8133</dst>
      <dst id="7">3365.3422</dst>
      <dst id="2">1938.3467</dst>
      <dst id="16">55.5822</dst>
      <dst id="14">493.3333</dst>
      <dst id="11">314.4000</dst>
      <dst id="9">11860.0622</dst>
      <dst id="17">4579.7422</dst>
      <dst id="21">1217.8400</dst>
    </src>
    <src id="14">
      <dst id="12">3062.5422</dst>
      <dst id="13">370.7022</dst>
      <dst id="19">2.2222</dst>
      <dst id="23">4.7289</dst>
      <dst id="8">0.4889</dst>
      <dst id="18">14.9067</dst>
      <dst id="4">3295.7067</dst>
      <dst id="1">711.3778</dst>
      <dst id="5">10.3467</dst>
      <dst id="3">170.4356</dst>
      <dst id="10">548.6756</dst>
      <dst id="22">8.5778</dst>
      <dst id="7">319.7067</dst>
      <dst id="2">4668.7200</dst>
      <dst id="16">0.4267</dst>
      <dst id="20">18.3289</dst>
      <dst id="11">33.4311</dst>
      <dst id="9">32.0622</dst>
      <dst id="17">25191.0756</dst>
      <dst id="21">164.0356</dst>
      <dst id="15">106.3556</dst>
    </src>
    <src id="20">
      <dst id="12">17293.4044</dst>
      <dst id="13">19487.5644</dst>
      <dst id="19">61.5111</dst>
      <dst id="23">13769.9467</dst>
      <dst id="8">654.1156</dst>
      <dst id="18">964.7911</dst>
      <dst id="4">11145.9644</dst>
      <dst id="1">468.2133</dst>
      <dst id="5">5011.6711</dst>
      <dst id="3">18700.9867</dst>
      <dst id="10">672.5600</dst>
      <dst id="7">8815.8133</dst>
      <dst id="2">9527.1022</dst>
      <dst id="14">713.1644</dst>
      <dst id="11">2164.3556</dst>
      <dst id="9">4717.1378</dst>
      <dst id="17">2736.5511</dst>
      <dst id="21">10412.4978</dst>
    </src>
    <src id="11">
      <dst id="12">123860.4267</dst>
      <dst id="13">2073.6533</dst>
      <dst id="19">245.1911</dst>
      <dst id="23">7.8578</dst>
      <dst id="8">998.0267</dst>
      <dst id="18">768.9689</dst>
      <dst id="4">7496.9156</dst>
      <dst id="1">5874.8000</dst>
      <dst id="5">2048.6489</dst>
      <dst id="3">950.8444</dst>
      <dst id="10">845.8489</dst>
      <dst id="22">3062.9956</dst>
      <dst id="7">1868.1244</dst>
      <dst id="2">142112.8444</dst>
      <dst id="16">790.5067</dst>
      <dst id="14">82.9956</dst>
      <dst id="20">7723.1467</dst>
      <dst id="11">5505.5467</dst>
      <dst id="9">1516.8267</dst>
      <dst id="17">733402.4267</dst>
      <dst id="21">3648.5511</dst>
      <dst id="15">257.9111</dst>
    </src>
    <src id="9">
      <dst id="12">177542.2844</dst>
      <dst id="13">13092.8356</dst>
      <dst id="19">120.4889</dst>
      <dst id="23">4.3200</dst>
      <dst id="8">162207.8933</dst>
      <dst id="18">1189.0400</dst>
      <dst id="4">12325.4311</dst>
      <dst id="1">6662.0267</dst>
      <dst id="5">8774.5156</dst>
      <dst id="3">4.5333</dst>
      <dst id="10">3408.2222</dst>
      <dst id="22">2336.7733</dst>
      <dst id="7">303.4756</dst>
      <dst id="2">2305.4489</dst>
      <dst id="16">1946.2489</dst>
      <dst id="14">15.1378</dst>
      <dst id="20">10593.8311</dst>
      <dst id="11">3070.4000</dst>
      <dst id="9">555904.7111</dst>
      <dst id="17">612682.4889</dst>
      <dst id="21">1001.7244</dst>
      <dst id="15">3350.4356</dst>
    </src>
    <src id="17">
      <dst id="12">9792.1333</dst>
      <dst id="13">10844.8622</dst>
      <dst id="19">2062.3111</dst>
      <dst id="23">417.3689</dst>
      <dst id="8">889.8489</dst>
      <dst id="18">4639.6978</dst>
      <dst id="4">62806.1778</dst>
      <dst id="1">1819.8844</dst>
      <dst id="5">233014.3200</dst>
      <dst id="3">21138.9600</dst>
      <dst id="10">6302.7111</dst>
      <dst id="22">7314.4000</dst>
      <dst id="7">2858.1067</dst>
      <dst id="2">19130.9422</dst>
      <dst id="16">5195.3333</dst>
      <dst id="14">27524.9156</dst>
      <dst id="20">1696.4178</dst>
      <dst id="11">181755.8133</dst>
      <dst id="9">6457.3156</dst>
      <dst id="17">5515.0044</dst>
      <dst id="21">39265.4933</dst>
      <dst id="15">118.8000</dst>
    </src>
    <src id="21">
      <dst id="12">5355.5378</dst>
      <dst id="13">8494.3822</dst>
      <dst id="19">1620.8356</dst>
      <dst id="23">111.4667</dst>
      <dst id="8">403.3244</dst>
      <dst id="18">12301.7067</dst>
      <dst id="4">30932.1156</dst>
      <dst id="1">5180.5333</dst>
      <dst id="5">842.5156</dst>
      <dst id="3">10088.1867</dst>
      <dst id="10">2045.6978</dst>
      <dst id="22">2764.6044</dst>
      <dst id="7">3700.5689</dst>
      <dst id="2">19868.3467</dst>
      <dst id="16">996.9511</dst>
      <dst id="14">122.0711</dst>
      <dst id="20">2484.4178</dst>
      <dst id="11">2142.8622</dst>
      <dst id="9">1263.4311</dst>
      <dst id="17">38351.1556</dst>
      <dst id="21">3173.0667</dst>
      <dst id="15">265.2000</dst>
    </src>
    <src id="15">
      <dst id="12">1207.7600</dst>
      <dst id="13">1963.1111</dst>
      <dst id="19">53.0133</dst>
      <dst id="23">0.8533</dst>
      <dst id="8">295.5200</dst>
      <dst id="18">19.0400</dst>
      <dst id="4">1824.1956</dst>
      <dst id="1">1979.8222</dst>
      <dst id="5">3341.7867</dst>
      <dst id="3">104.7378</dst>
      <dst id="10">2493.3956</dst>
      <dst id="7">57.4844</dst>
      <dst id="2">597.5289</dst>
      <dst id="16">0.3022</dst>
      <dst id="14">7.0044</dst>
      <dst id="11">1619.3778</dst>
      <dst id="9">3028.7200</dst>
      <dst id="17">9990.8622</dst>
      <dst id="21">1005.3689</dst>
    </src>
  </IntraTM>
</TrafficMatrixFile>
