<?xml version="1.0" encoding="UTF-8" standalone="yes"?>
<TrafficMatrixFile xmlns:xsi="http://www.w3.org/2001/XMLSchema-instance" xsi:noNamespaceSchemaLocation="http://totem.run.montefiore.ulg.ac.be/Schema/TrafficMatrix-v1_2.xsd">
  <info>
    <title>Intradomain traffic matrix generated by geant-TM-all.pl</title>
    <date>2005-03-19T19:30:00</date>
    <duration>900</duration>
    <author>Steve Uhlig</author>
    <units>
        <unit type="bandwidth" value="kbps"/>
    </units>
  </info>
  <IntraTM ASID="20965">
    <src id="12">
      <dst id="12">338847.0222</dst>
      <dst id="13">37388.5956</dst>
      <dst id="19">445.7333</dst>
      <dst id="23">9637.7778</dst>
      <dst id="8">2019.8222</dst>
      <dst id="18">170702.7467</dst>
      <dst id="4">4531.1822</dst>
      <dst id="1">20646.0089</dst>
      <dst id="5">1744.2489</dst>
      <dst id="3">811.5200</dst>
      <dst id="10">1787.1911</dst>
      <dst id="22">3202.7378</dst>
      <dst id="7">7119.4400</dst>
      <dst id="2">52422.6933</dst>
      <dst id="6">27730.4889</dst>
      <dst id="16">9149.2356</dst>
      <dst id="14">1252.8089</dst>
      <dst id="20">7004.6756</dst>
      <dst id="11">362.2133</dst>
      <dst id="9">13428.1333</dst>
      <dst id="17">76060.0267</dst>
      <dst id="21">2913.2267</dst>
      <dst id="15">3414.4267</dst>
    </src>
    <src id="13">
      <dst id="12">12860.1778</dst>
      <dst id="13">74.2133</dst>
      <dst id="19">4190.4267</dst>
      <dst id="23">223.9200</dst>
      <dst id="8">3595.4667</dst>
      <dst id="18">722.0800</dst>
      <dst id="4">1.5644</dst>
      <dst id="1">1559.6533</dst>
      <dst id="5">3500.8178</dst>
      <dst id="3">254.4978</dst>
      <dst id="22">5975.0400</dst>
      <dst id="7">10506.2933</dst>
      <dst id="2">2801.0044</dst>
      <dst id="6">71.6622</dst>
      <dst id="16">1574.2489</dst>
      <dst id="14">793.0044</dst>
      <dst id="20">6792.1600</dst>
      <dst id="11">239.3867</dst>
      <dst id="9">4077.9733</dst>
      <dst id="17">20794.7556</dst>
      <dst id="21">873.5200</dst>
      <dst id="15">695.6356</dst>
    </src>
    <src id="19">
      <dst id="12">5897.0133</dst>
      <dst id="13">931.1111</dst>
      <dst id="23">80.9244</dst>
      <dst id="8">3.5556</dst>
      <dst id="18">0.8533</dst>
      <dst id="4">238.2844</dst>
      <dst id="1">192.9244</dst>
      <dst id="5">0.7111</dst>
      <dst id="3">38.6400</dst>
      <dst id="10">24.0000</dst>
      <dst id="22">62.4889</dst>
      <dst id="7">2281.7867</dst>
      <dst id="2">269.0578</dst>
      <dst id="6">50.8444</dst>
      <dst id="16">1187.0311</dst>
      <dst id="14">128.9067</dst>
      <dst id="20">8.0356</dst>
      <dst id="11">0.8711</dst>
      <dst id="9">10.5067</dst>
      <dst id="17">1130.2311</dst>
      <dst id="21">609.3333</dst>
      <dst id="15">13.8667</dst>
    </src>
    <src id="23">
      <dst id="12">1888.2933</dst>
      <dst id="13">1826.7556</dst>
      <dst id="19">45.7333</dst>
      <dst id="8">13.3333</dst>
      <dst id="18">53.3422</dst>
      <dst id="4">569.7956</dst>
      <dst id="1">8298.8533</dst>
      <dst id="5">40.0000</dst>
      <dst id="3">329.6889</dst>
      <dst id="10">116.9422</dst>
      <dst id="22">205.0933</dst>
      <dst id="7">809.4133</dst>
      <dst id="2">2218.3289</dst>
      <dst id="6">0.3556</dst>
      <dst id="16">1215.0933</dst>
      <dst id="14">144.0356</dst>
      <dst id="20">232.4444</dst>
      <dst id="11">132.9778</dst>
      <dst id="9">452.5600</dst>
      <dst id="17">4762.6933</dst>
      <dst id="21">415.0844</dst>
      <dst id="15">40.0000</dst>
    </src>
    <src id="8">
      <dst id="12">7333.8844</dst>
      <dst id="13">2054.5956</dst>
      <dst id="19">53.3511</dst>
      <dst id="23">0.7111</dst>
      <dst id="18">84.6222</dst>
      <dst id="4">220.6667</dst>
      <dst id="1">2580.1067</dst>
      <dst id="5">907.4044</dst>
      <dst id="10">32.9511</dst>
      <dst id="2">144.7911</dst>
      <dst id="6">7.1378</dst>
      <dst id="16">283423.4844</dst>
      <dst id="14">6.6400</dst>
      <dst id="11">13.6800</dst>
      <dst id="9">79959.2178</dst>
      <dst id="17">40592.2400</dst>
      <dst id="21">2.1778</dst>
      <dst id="15">240.8267</dst>
    </src>
    <src id="18">
      <dst id="12">167553.5467</dst>
      <dst id="13">645.8933</dst>
      <dst id="19">27.1289</dst>
      <dst id="23">3.2000</dst>
      <dst id="8">31.7600</dst>
      <dst id="4">608.2489</dst>
      <dst id="1">1059.8578</dst>
      <dst id="5">172.2133</dst>
      <dst id="3">4605.7600</dst>
      <dst id="10">57.1733</dst>
      <dst id="22">102.4533</dst>
      <dst id="7">203.4489</dst>
      <dst id="2">12224.8267</dst>
      <dst id="6">1.8844</dst>
      <dst id="16">529.1911</dst>
      <dst id="20">11.8933</dst>
      <dst id="11">14.4711</dst>
      <dst id="9">618.9600</dst>
      <dst id="17">8024.6578</dst>
      <dst id="21">765.3511</dst>
      <dst id="15">481.4133</dst>
    </src>
    <src id="4">
      <dst id="12">38126.7111</dst>
      <dst id="13">191.1911</dst>
      <dst id="19">5825.0133</dst>
      <dst id="23">1852.8978</dst>
      <dst id="8">9025.8222</dst>
      <dst id="18">5963.2089</dst>
      <dst id="4">48.1600</dst>
      <dst id="1">55925.4578</dst>
      <dst id="5">7274.5244</dst>
      <dst id="3">890.7467</dst>
      <dst id="22">0.3556</dst>
      <dst id="7">1167.0756</dst>
      <dst id="2">65427.6889</dst>
      <dst id="6">136.5867</dst>
      <dst id="16">97633.7689</dst>
      <dst id="14">9275.2000</dst>
      <dst id="11">764.3822</dst>
      <dst id="9">56023.5911</dst>
      <dst id="17">193375.2267</dst>
      <dst id="21">14894.4889</dst>
      <dst id="15">1742.3111</dst>
    </src>
    <src id="1">
      <dst id="12">407824.8889</dst>
      <dst id="13">13015.8756</dst>
      <dst id="19">629.8400</dst>
      <dst id="23">170.1511</dst>
      <dst id="8">93.5022</dst>
      <dst id="18">15652.9867</dst>
      <dst id="4">777.6533</dst>
      <dst id="1">969594.9067</dst>
      <dst id="5">1204.8533</dst>
      <dst id="3">1420.8533</dst>
      <dst id="10">248.0267</dst>
      <dst id="22">1.4222</dst>
      <dst id="7">11108.7644</dst>
      <dst id="2">39371.3244</dst>
      <dst id="6">44.4444</dst>
      <dst id="16">883480.1867</dst>
      <dst id="14">208.5156</dst>
      <dst id="20">964.2578</dst>
      <dst id="11">936.6667</dst>
      <dst id="9">7553.0222</dst>
      <dst id="17">138329.3333</dst>
      <dst id="21">719519.1467</dst>
      <dst id="15">557.6622</dst>
    </src>
    <src id="5">
      <dst id="12">6755.7156</dst>
      <dst id="13">2417.9733</dst>
      <dst id="19">106.0978</dst>
      <dst id="23">33.9911</dst>
      <dst id="8">16816.6133</dst>
      <dst id="18">159.4667</dst>
      <dst id="4">375.5111</dst>
      <dst id="1">4402.7111</dst>
      <dst id="10">420.9333</dst>
      <dst id="2">305.7778</dst>
      <dst id="6">0.7822</dst>
      <dst id="16">306707.5644</dst>
      <dst id="14">58.1333</dst>
      <dst id="11">7.1911</dst>
      <dst id="9">43908.0622</dst>
      <dst id="17">37439.9378</dst>
      <dst id="21">41.3156</dst>
      <dst id="15">61.6089</dst>
    </src>
    <src id="3">
      <dst id="12">11095.3867</dst>
      <dst id="13">25908.3644</dst>
      <dst id="19">1903.7956</dst>
      <dst id="23">107.0133</dst>
      <dst id="8">157.6000</dst>
      <dst id="18">408.2222</dst>
      <dst id="4">1085.0044</dst>
      <dst id="1">16850.8267</dst>
      <dst id="5">458.9600</dst>
      <dst id="3">369.4222</dst>
      <dst id="10">498.7644</dst>
      <dst id="7">3297.9644</dst>
      <dst id="2">3425.6089</dst>
      <dst id="6">44.1689</dst>
      <dst id="16">3768.7467</dst>
      <dst id="14">211.7333</dst>
      <dst id="20">810.0356</dst>
      <dst id="11">223.0400</dst>
      <dst id="9">2373.1200</dst>
      <dst id="17">36345.8311</dst>
      <dst id="21">5862.0178</dst>
      <dst id="15">3167.5022</dst>
    </src>
    <src id="10">
      <dst id="12">29421.4667</dst>
      <dst id="13">312.3022</dst>
      <dst id="19">410.2044</dst>
      <dst id="23">4473.0133</dst>
      <dst id="8">720.3733</dst>
      <dst id="18">5611.5822</dst>
      <dst id="1">5900.4089</dst>
      <dst id="5">2538.9867</dst>
      <dst id="3">648.5067</dst>
      <dst id="7">5526.0533</dst>
      <dst id="2">23428.9156</dst>
      <dst id="6">73.4400</dst>
      <dst id="16">68400.5689</dst>
      <dst id="14">4845.7956</dst>
      <dst id="20">9204.0978</dst>
      <dst id="11">430.3022</dst>
      <dst id="9">13776.9600</dst>
      <dst id="17">82054.0800</dst>
      <dst id="21">10881.2356</dst>
      <dst id="15">442.4622</dst>
    </src>
    <src id="22">
      <dst id="12">18489.9022</dst>
      <dst id="13">5575.5111</dst>
      <dst id="19">386.7556</dst>
      <dst id="23">40.9600</dst>
      <dst id="8">458.0800</dst>
      <dst id="18">1451.5200</dst>
      <dst id="4">2078.4356</dst>
      <dst id="1">942.6489</dst>
      <dst id="5">2155.6356</dst>
      <dst id="3">72.1067</dst>
      <dst id="10">562.3644</dst>
      <dst id="7">960.2133</dst>
      <dst id="2">1334.3111</dst>
      <dst id="6">2.8089</dst>
      <dst id="16">930.5511</dst>
      <dst id="14">115.4667</dst>
      <dst id="11">44.0178</dst>
      <dst id="9">2804.2133</dst>
      <dst id="17">16174.8800</dst>
      <dst id="21">755.5467</dst>
    </src>
    <src id="7">
      <dst id="12">8584.3822</dst>
      <dst id="13">2887.2711</dst>
      <dst id="19">239.6622</dst>
      <dst id="23">123.0222</dst>
      <dst id="8">3.8667</dst>
      <dst id="18">1454.4178</dst>
      <dst id="4">2013.2089</dst>
      <dst id="1">8710.3467</dst>
      <dst id="5">123.2267</dst>
      <dst id="3">1725.9822</dst>
      <dst id="10">1095.9911</dst>
      <dst id="22">1374.7378</dst>
      <dst id="7">878.2756</dst>
      <dst id="2">3768.9156</dst>
      <dst id="6">459.1289</dst>
      <dst id="16">864.3644</dst>
      <dst id="14">207.2178</dst>
      <dst id="20">177.7511</dst>
      <dst id="11">89.7511</dst>
      <dst id="9">450.1778</dst>
      <dst id="17">8832.2222</dst>
      <dst id="21">9935.8133</dst>
      <dst id="15">221.2800</dst>
    </src>
    <src id="2">
      <dst id="12">90010.7911</dst>
      <dst id="13">30533.3422</dst>
      <dst id="19">1645.8667</dst>
      <dst id="23">11.6711</dst>
      <dst id="8">321.3422</dst>
      <dst id="18">98688.1067</dst>
      <dst id="4">2827.5022</dst>
      <dst id="1">13481.0222</dst>
      <dst id="5">631.2267</dst>
      <dst id="3">1649.1911</dst>
      <dst id="10">1156.5156</dst>
      <dst id="22">1019.0044</dst>
      <dst id="7">9675.5378</dst>
      <dst id="2">4829.7333</dst>
      <dst id="6">21753.8489</dst>
      <dst id="16">1546.7556</dst>
      <dst id="14">448.5689</dst>
      <dst id="20">11962.0978</dst>
      <dst id="11">351.2711</dst>
      <dst id="9">3759.8578</dst>
      <dst id="17">41689.7511</dst>
      <dst id="21">14157.1556</dst>
      <dst id="15">913.0933</dst>
    </src>
    <src id="6">
      <dst id="12">468.8622</dst>
      <dst id="13">254.1067</dst>
      <dst id="19">3.9556</dst>
      <dst id="23">12.6933</dst>
      <dst id="8">22.9333</dst>
      <dst id="18">64.5156</dst>
      <dst id="4">29.2889</dst>
      <dst id="1">661.1022</dst>
      <dst id="5">2.8889</dst>
      <dst id="3">13.9733</dst>
      <dst id="10">0.3556</dst>
      <dst id="22">66.6578</dst>
      <dst id="7">1014.3733</dst>
      <dst id="2">1925.8489</dst>
      <dst id="16">110.0356</dst>
      <dst id="14">12.4711</dst>
      <dst id="20">11.8222</dst>
      <dst id="11">27.7689</dst>
      <dst id="9">144.8444</dst>
      <dst id="17">23436.0089</dst>
      <dst id="21">282.1156</dst>
      <dst id="15">12.6044</dst>
    </src>
    <src id="16">
      <dst id="12">286527.6889</dst>
      <dst id="13">834.4889</dst>
      <dst id="19">3095.1111</dst>
      <dst id="23">32.3822</dst>
      <dst id="8">159788.3644</dst>
      <dst id="18">25.6622</dst>
      <dst id="4">689.2711</dst>
      <dst id="1">15910.6044</dst>
      <dst id="5">289072.9867</dst>
      <dst id="3">10528.1244</dst>
      <dst id="10">419.2978</dst>
      <dst id="7">0.3556</dst>
      <dst id="2">1011.7333</dst>
      <dst id="6">81.8311</dst>
      <dst id="16">39343.9733</dst>
      <dst id="14">74844.5956</dst>
      <dst id="11">38732.6489</dst>
      <dst id="9">344580.9156</dst>
      <dst id="17">6503.9289</dst>
    </src>
    <src id="14">
      <dst id="12">1217.1378</dst>
      <dst id="13">11215.5111</dst>
      <dst id="19">27.7778</dst>
      <dst id="23">3.7956</dst>
      <dst id="8">1.2089</dst>
      <dst id="18">0.3556</dst>
      <dst id="4">256.8800</dst>
      <dst id="1">585.5378</dst>
      <dst id="5">14.4000</dst>
      <dst id="3">931.3867</dst>
      <dst id="10">161.4133</dst>
      <dst id="7">351.8844</dst>
      <dst id="2">2134.6222</dst>
      <dst id="6">0.9244</dst>
      <dst id="16">408.8533</dst>
      <dst id="20">1.6356</dst>
      <dst id="11">13.0844</dst>
      <dst id="9">286.8089</dst>
      <dst id="17">26721.6267</dst>
      <dst id="21">565.0222</dst>
    </src>
    <src id="20">
      <dst id="12">9195.6089</dst>
      <dst id="13">1286.0622</dst>
      <dst id="19">109.6267</dst>
      <dst id="23">9.3511</dst>
      <dst id="8">80.4622</dst>
      <dst id="18">176.8444</dst>
      <dst id="4">729.6089</dst>
      <dst id="1">729.1289</dst>
      <dst id="5">7397.7511</dst>
      <dst id="3">16.4444</dst>
      <dst id="10">442.4089</dst>
      <dst id="22">0.3556</dst>
      <dst id="7">489.2622</dst>
      <dst id="2">707.4756</dst>
      <dst id="6">15.6444</dst>
      <dst id="16">2090.7467</dst>
      <dst id="14">59.9556</dst>
      <dst id="20">62.6933</dst>
      <dst id="11">47.1111</dst>
      <dst id="9">3409.9911</dst>
      <dst id="17">11589.8844</dst>
      <dst id="21">120.4356</dst>
    </src>
    <src id="11">
      <dst id="12">33718.7556</dst>
      <dst id="13">4325.6178</dst>
      <dst id="19">320.4711</dst>
      <dst id="23">55.4578</dst>
      <dst id="8">4388.9778</dst>
      <dst id="18">360.2578</dst>
      <dst id="4">881.5111</dst>
      <dst id="1">6327.0489</dst>
      <dst id="5">2891.7067</dst>
      <dst id="3">1382.4178</dst>
      <dst id="10">6180.6311</dst>
      <dst id="7">2.0267</dst>
      <dst id="2">70747.6978</dst>
      <dst id="6">13.4756</dst>
      <dst id="16">8741.6533</dst>
      <dst id="14">70.0444</dst>
      <dst id="20">5341.4933</dst>
      <dst id="11">3419.0844</dst>
      <dst id="9">5537.3956</dst>
      <dst id="17">744912.4889</dst>
      <dst id="21">648.6667</dst>
      <dst id="15">141.5022</dst>
    </src>
    <src id="9">
      <dst id="12">16230.5333</dst>
      <dst id="13">5058.3467</dst>
      <dst id="19">15.4933</dst>
      <dst id="23">314.3378</dst>
      <dst id="8">156653.0400</dst>
      <dst id="18">231.6533</dst>
      <dst id="4">755.1644</dst>
      <dst id="1">11624.8978</dst>
      <dst id="5">814.2844</dst>
      <dst id="10">754.7467</dst>
      <dst id="7">13.6889</dst>
      <dst id="2">726.9511</dst>
      <dst id="6">6.1067</dst>
      <dst id="16">465295.8756</dst>
      <dst id="14">27.4044</dst>
      <dst id="11">51.5111</dst>
      <dst id="9">286933.0311</dst>
      <dst id="17">70596.5067</dst>
      <dst id="21">220.6044</dst>
      <dst id="15">540.5600</dst>
    </src>
    <src id="17">
      <dst id="12">182655.9733</dst>
      <dst id="13">48571.7778</dst>
      <dst id="19">9537.8222</dst>
      <dst id="23">259.5200</dst>
      <dst id="8">472.6489</dst>
      <dst id="18">388.2933</dst>
      <dst id="4">7770.4356</dst>
      <dst id="1">9495.1378</dst>
      <dst id="5">164044.0622</dst>
      <dst id="3">14054.7733</dst>
      <dst id="10">1260.7467</dst>
      <dst id="22">34.4178</dst>
      <dst id="7">18107.4844</dst>
      <dst id="2">20689.1733</dst>
      <dst id="6">1949.3600</dst>
      <dst id="16">43075.7067</dst>
      <dst id="14">32582.8800</dst>
      <dst id="20">3025.8844</dst>
      <dst id="11">21959.6000</dst>
      <dst id="9">13330.4533</dst>
      <dst id="17">52227.2711</dst>
      <dst id="21">12338.2756</dst>
      <dst id="15">1606.7289</dst>
    </src>
    <src id="21">
      <dst id="12">7682.4089</dst>
      <dst id="13">3792.4711</dst>
      <dst id="19">555.8400</dst>
      <dst id="23">84.8089</dst>
      <dst id="8">269.5911</dst>
      <dst id="18">7217.5911</dst>
      <dst id="4">696.5333</dst>
      <dst id="1">13261.5467</dst>
      <dst id="5">997.5111</dst>
      <dst id="3">10223.5556</dst>
      <dst id="10">224.7289</dst>
      <dst id="7">3655.9200</dst>
      <dst id="2">11014.8267</dst>
      <dst id="6">132.5689</dst>
      <dst id="16">8103.5556</dst>
      <dst id="14">1601.3867</dst>
      <dst id="20">369.0756</dst>
      <dst id="11">95.9822</dst>
      <dst id="9">3241.7156</dst>
      <dst id="17">150978.9244</dst>
      <dst id="21">1238.5778</dst>
      <dst id="15">47.6800</dst>
    </src>
    <src id="15">
      <dst id="12">1418.4711</dst>
      <dst id="13">588.3200</dst>
      <dst id="19">13.6889</dst>
      <dst id="23">15.9822</dst>
      <dst id="8">349.6533</dst>
      <dst id="18">28.6756</dst>
      <dst id="4">290.3378</dst>
      <dst id="1">937.9822</dst>
      <dst id="5">306.9156</dst>
      <dst id="10">42.6756</dst>
      <dst id="2">407.4489</dst>
      <dst id="6">4.8000</dst>
      <dst id="16">254.1956</dst>
      <dst id="11">7.3511</dst>
      <dst id="9">1057.7244</dst>
      <dst id="17">3069.7333</dst>
      <dst id="21">28.3378</dst>
    </src>
  </IntraTM>
</TrafficMatrixFile>
