<?xml version="1.0" encoding="UTF-8" standalone="yes"?>
<TrafficMatrixFile xmlns:xsi="http://www.w3.org/2001/XMLSchema-instance" xsi:noNamespaceSchemaLocation="http://totem.run.montefiore.ulg.ac.be/Schema/TrafficMatrix-v1_2.xsd">
  <info>
    <title>Intradomain traffic matrix generated by geant-TM-all.pl</title>
    <date>2005-01-26T14:30:00</date>
    <duration>900</duration>
    <author>Steve Uhlig</author>
    <units>
        <unit type="bandwidth" value="kbps"/>
    </units>
  </info>
  <IntraTM ASID="20965">
    <src id="12">
      <dst id="12">169007.6267</dst>
      <dst id="13">25205.3600</dst>
      <dst id="19">10444.4622</dst>
      <dst id="23">18.4267</dst>
      <dst id="8">287.6711</dst>
      <dst id="18">45039.5200</dst>
      <dst id="4">61741.2533</dst>
      <dst id="1">8198.2311</dst>
      <dst id="5">656.6756</dst>
      <dst id="3">909.6800</dst>
      <dst id="10">5100.4533</dst>
      <dst id="22">4332.6933</dst>
      <dst id="7">10492.8178</dst>
      <dst id="2">29948.3822</dst>
      <dst id="16">18097.4400</dst>
      <dst id="14">904.6756</dst>
      <dst id="20">1569.8667</dst>
      <dst id="11">4517.3333</dst>
      <dst id="9">3117.8578</dst>
      <dst id="17">16494.8622</dst>
      <dst id="21">983.7778</dst>
      <dst id="15">404.6400</dst>
    </src>
    <src id="13">
      <dst id="12">36551.1378</dst>
      <dst id="19">3388.1511</dst>
      <dst id="23">27.4933</dst>
      <dst id="8">1526.2756</dst>
      <dst id="18">2483.2267</dst>
      <dst id="4">0.3556</dst>
      <dst id="1">4863.4667</dst>
      <dst id="5">14539.9911</dst>
      <dst id="3">4324.4800</dst>
      <dst id="22">7420.7378</dst>
      <dst id="7">5997.2267</dst>
      <dst id="2">39497.1467</dst>
      <dst id="16">3985.6978</dst>
      <dst id="14">1608.7911</dst>
      <dst id="20">2432.7733</dst>
      <dst id="11">4688.3911</dst>
      <dst id="9">6710.9867</dst>
      <dst id="17">36784.4356</dst>
      <dst id="21">26479.3956</dst>
      <dst id="15">1054.2578</dst>
    </src>
    <src id="19">
      <dst id="12">10135.4844</dst>
      <dst id="13">210.3378</dst>
      <dst id="23">0.4622</dst>
      <dst id="8">1.2533</dst>
      <dst id="18">1.5822</dst>
      <dst id="4">15410.3289</dst>
      <dst id="1">7.5467</dst>
      <dst id="5">142.2222</dst>
      <dst id="3">189.8044</dst>
      <dst id="10">82.7378</dst>
      <dst id="22">176.6844</dst>
      <dst id="7">3436.2578</dst>
      <dst id="2">217.8578</dst>
      <dst id="16">16468.4444</dst>
      <dst id="14">4.7822</dst>
      <dst id="20">1.3156</dst>
      <dst id="11">1184.4267</dst>
      <dst id="9">10.6578</dst>
      <dst id="17">151.8756</dst>
      <dst id="21">483.5378</dst>
      <dst id="15">1.1733</dst>
    </src>
    <src id="23">
      <dst id="12">246.3378</dst>
      <dst id="13">72.6400</dst>
      <dst id="19">0.6489</dst>
      <dst id="4">46.8711</dst>
      <dst id="1">14.8978</dst>
      <dst id="22">3.9644</dst>
      <dst id="7">16092.7289</dst>
      <dst id="2">2.8356</dst>
      <dst id="16">310.5422</dst>
      <dst id="14">25.9467</dst>
      <dst id="20">55.0400</dst>
      <dst id="11">66.4178</dst>
      <dst id="9">1.0578</dst>
      <dst id="17">41.5022</dst>
      <dst id="21">2.0622</dst>
    </src>
    <src id="8">
      <dst id="12">3360.2133</dst>
      <dst id="13">33.7511</dst>
      <dst id="19">13.3333</dst>
      <dst id="18">1.2000</dst>
      <dst id="4">3492.5600</dst>
      <dst id="1">2963.0667</dst>
      <dst id="5">364.4978</dst>
      <dst id="3">11.4311</dst>
      <dst id="10">88.8978</dst>
      <dst id="22">112.8089</dst>
      <dst id="7">3.6000</dst>
      <dst id="2">56.7822</dst>
      <dst id="16">118.7911</dst>
      <dst id="20">348.2578</dst>
      <dst id="11">446.0889</dst>
      <dst id="9">94229.5289</dst>
      <dst id="17">190581.8667</dst>
      <dst id="21">562.6667</dst>
      <dst id="15">32.4978</dst>
    </src>
    <src id="18">
      <dst id="12">138961.7067</dst>
      <dst id="13">176.1511</dst>
      <dst id="19">2.7644</dst>
      <dst id="23">1.7244</dst>
      <dst id="8">0.5156</dst>
      <dst id="4">1076.7467</dst>
      <dst id="1">1463.0844</dst>
      <dst id="5">16.1778</dst>
      <dst id="3">2296.0178</dst>
      <dst id="10">61.0844</dst>
      <dst id="22">72.8267</dst>
      <dst id="7">147.3156</dst>
      <dst id="2">41520.7733</dst>
      <dst id="16">35.4489</dst>
      <dst id="14">15.3067</dst>
      <dst id="20">2.2578</dst>
      <dst id="11">100.6044</dst>
      <dst id="9">167.2178</dst>
      <dst id="17">11831.7333</dst>
      <dst id="21">147.1467</dst>
      <dst id="15">2.9156</dst>
    </src>
    <src id="4">
      <dst id="12">8423.9911</dst>
      <dst id="19">4354.0267</dst>
      <dst id="8">210.3822</dst>
      <dst id="18">1697.1733</dst>
      <dst id="4">0.7111</dst>
      <dst id="1">1044.8800</dst>
      <dst id="5">372.4711</dst>
      <dst id="3">79537.2000</dst>
      <dst id="22">2210.8889</dst>
      <dst id="7">36414.4800</dst>
      <dst id="2">24090.4978</dst>
      <dst id="16">592.8622</dst>
      <dst id="14">739.2533</dst>
      <dst id="20">1870.4444</dst>
      <dst id="11">2305.1556</dst>
      <dst id="9">1148.0533</dst>
      <dst id="17">148667.0222</dst>
      <dst id="21">2522.7200</dst>
      <dst id="15">227.3067</dst>
    </src>
    <src id="1">
      <dst id="12">10935.5378</dst>
      <dst id="13">581.2267</dst>
      <dst id="19">16.9956</dst>
      <dst id="23">7.7956</dst>
      <dst id="8">0.4622</dst>
      <dst id="18">12836.5956</dst>
      <dst id="4">2681.9200</dst>
      <dst id="1">54.6756</dst>
      <dst id="5">192.1956</dst>
      <dst id="3">37329.8667</dst>
      <dst id="10">313.4400</dst>
      <dst id="22">4705.9644</dst>
      <dst id="7">4332.6578</dst>
      <dst id="2">17264.7556</dst>
      <dst id="16">26216.5956</dst>
      <dst id="14">57.7244</dst>
      <dst id="20">1226.8622</dst>
      <dst id="11">1553.8044</dst>
      <dst id="9">645.3511</dst>
      <dst id="17">7856.4356</dst>
      <dst id="21">7627.4667</dst>
      <dst id="15">1080.5600</dst>
    </src>
    <src id="5">
      <dst id="12">6556.7378</dst>
      <dst id="13">2396.3644</dst>
      <dst id="19">6.5689</dst>
      <dst id="23">0.3556</dst>
      <dst id="8">644.5511</dst>
      <dst id="18">129.6178</dst>
      <dst id="4">2909.7956</dst>
      <dst id="1">3463.2711</dst>
      <dst id="3">139.9822</dst>
      <dst id="10">1959.8578</dst>
      <dst id="22">1136.9867</dst>
      <dst id="7">20.9867</dst>
      <dst id="2">5295.6178</dst>
      <dst id="16">584.1778</dst>
      <dst id="20">301.9911</dst>
      <dst id="11">46.5778</dst>
      <dst id="9">51956.6489</dst>
      <dst id="17">292316.3200</dst>
      <dst id="21">210.6578</dst>
      <dst id="15">19.8578</dst>
    </src>
    <src id="3">
      <dst id="12">1091.8844</dst>
      <dst id="13">6495.3778</dst>
      <dst id="19">1203.1822</dst>
      <dst id="8">44.5511</dst>
      <dst id="18">4500.0444</dst>
      <dst id="4">46301.6356</dst>
      <dst id="1">28056.0978</dst>
      <dst id="5">214.1156</dst>
      <dst id="3">362.4178</dst>
      <dst id="10">2411.5200</dst>
      <dst id="22">3479.5111</dst>
      <dst id="7">17592.0089</dst>
      <dst id="2">13041.1378</dst>
      <dst id="16">1225.2089</dst>
      <dst id="14">71.9289</dst>
      <dst id="20">5325.5911</dst>
      <dst id="11">4222.5156</dst>
      <dst id="9">22.4089</dst>
      <dst id="17">22198.9244</dst>
      <dst id="21">19110.5067</dst>
      <dst id="15">481.1733</dst>
    </src>
    <src id="10">
      <dst id="12">11392.4533</dst>
      <dst id="19">2431.0044</dst>
      <dst id="8">32374.0622</dst>
      <dst id="18">4474.0178</dst>
      <dst id="4">1.7778</dst>
      <dst id="1">5423.6267</dst>
      <dst id="5">123102.6222</dst>
      <dst id="3">11260.7556</dst>
      <dst id="22">2043.2978</dst>
      <dst id="7">7552.5689</dst>
      <dst id="2">13927.7867</dst>
      <dst id="16">3042.3378</dst>
      <dst id="14">25987.7333</dst>
      <dst id="20">884.4000</dst>
      <dst id="11">98531.2267</dst>
      <dst id="9">161000.9244</dst>
      <dst id="17">16732.8000</dst>
      <dst id="21">15107.3689</dst>
      <dst id="15">212.0356</dst>
    </src>
    <src id="22">
      <dst id="12">1555.1111</dst>
      <dst id="13">783.8933</dst>
      <dst id="19">78.4000</dst>
      <dst id="23">8.6044</dst>
      <dst id="8">179.8044</dst>
      <dst id="18">51.8756</dst>
      <dst id="4">8128.9956</dst>
      <dst id="1">312.9867</dst>
      <dst id="5">1842.7911</dst>
      <dst id="3">201.7867</dst>
      <dst id="10">1037.0667</dst>
      <dst id="7">3925.9822</dst>
      <dst id="2">1089.0489</dst>
      <dst id="14">12.7289</dst>
      <dst id="11">3510.4000</dst>
      <dst id="9">1012.0978</dst>
      <dst id="17">1797.1289</dst>
      <dst id="21">1322.5956</dst>
    </src>
    <src id="7">
      <dst id="12">1685.9289</dst>
      <dst id="13">84.6400</dst>
      <dst id="19">421.2356</dst>
      <dst id="23">280.8533</dst>
      <dst id="8">164.1244</dst>
      <dst id="18">148.3556</dst>
      <dst id="4">15110.1333</dst>
      <dst id="1">4127.8044</dst>
      <dst id="5">452.9333</dst>
      <dst id="3">5013.1822</dst>
      <dst id="10">254.8622</dst>
      <dst id="22">3745.4667</dst>
      <dst id="7">62.1867</dst>
      <dst id="2">2998.7733</dst>
      <dst id="16">273.7956</dst>
      <dst id="14">422.2489</dst>
      <dst id="20">2301.5733</dst>
      <dst id="11">1621.5289</dst>
      <dst id="9">630.2044</dst>
      <dst id="17">3694.9333</dst>
      <dst id="21">2853.9111</dst>
      <dst id="15">108.8267</dst>
    </src>
    <src id="2">
      <dst id="12">54914.3911</dst>
      <dst id="13">3023.9111</dst>
      <dst id="19">56.5067</dst>
      <dst id="23">5.2622</dst>
      <dst id="8">20.3289</dst>
      <dst id="18">32044.1956</dst>
      <dst id="4">58291.8844</dst>
      <dst id="1">21925.9111</dst>
      <dst id="5">613.5644</dst>
      <dst id="3">1817.2267</dst>
      <dst id="10">2944.8889</dst>
      <dst id="22">1145.3956</dst>
      <dst id="7">5416.7733</dst>
      <dst id="2">204.0889</dst>
      <dst id="16">456.2222</dst>
      <dst id="14">354.1956</dst>
      <dst id="20">182.3556</dst>
      <dst id="11">1956.3911</dst>
      <dst id="9">266.1956</dst>
      <dst id="17">14101.1822</dst>
      <dst id="21">1830.5689</dst>
      <dst id="15">622.8800</dst>
    </src>
    <src id="6">
      <dst id="12">42.5689</dst>
      <dst id="19">0.6756</dst>
      <dst id="23">0.3378</dst>
      <dst id="4">29.8667</dst>
      <dst id="1">4.2133</dst>
      <dst id="5">53.2978</dst>
      <dst id="3">3.9733</dst>
      <dst id="22">11.4667</dst>
      <dst id="7">23.2711</dst>
      <dst id="2">981.9289</dst>
      <dst id="16">1.6000</dst>
      <dst id="9">0.6756</dst>
      <dst id="17">5264.5600</dst>
      <dst id="21">13.9822</dst>
    </src>
    <src id="16">
      <dst id="12">4611.7689</dst>
      <dst id="13">1153.1022</dst>
      <dst id="19">4343.2356</dst>
      <dst id="23">22.7644</dst>
      <dst id="8">1826.7378</dst>
      <dst id="18">76.4889</dst>
      <dst id="4">2706.8978</dst>
      <dst id="1">25346.1422</dst>
      <dst id="5">3915.1644</dst>
      <dst id="3">922.3022</dst>
      <dst id="10">71.5111</dst>
      <dst id="7">92.4533</dst>
      <dst id="2">356.3556</dst>
      <dst id="16">24.1422</dst>
      <dst id="14">1.1200</dst>
      <dst id="11">96.1244</dst>
      <dst id="9">4251.2444</dst>
      <dst id="17">1982.3733</dst>
      <dst id="21">28.2933</dst>
    </src>
    <src id="14">
      <dst id="12">412.8356</dst>
      <dst id="13">27.9911</dst>
      <dst id="19">14.4444</dst>
      <dst id="23">1.1733</dst>
      <dst id="8">1.4667</dst>
      <dst id="4">1193.1111</dst>
      <dst id="1">704.5778</dst>
      <dst id="5">1.6356</dst>
      <dst id="3">173.2356</dst>
      <dst id="10">140.9778</dst>
      <dst id="22">6.6311</dst>
      <dst id="7">473.1467</dst>
      <dst id="2">3496.6844</dst>
      <dst id="16">1.1378</dst>
      <dst id="20">1601.8578</dst>
      <dst id="11">22.6933</dst>
      <dst id="9">5.0044</dst>
      <dst id="17">21767.8222</dst>
      <dst id="21">73.4844</dst>
      <dst id="15">2.4800</dst>
    </src>
    <src id="20">
      <dst id="12">11237.7244</dst>
      <dst id="13">321.7778</dst>
      <dst id="19">2.0267</dst>
      <dst id="23">0.9244</dst>
      <dst id="8">22.2578</dst>
      <dst id="18">0.3556</dst>
      <dst id="4">2024.4356</dst>
      <dst id="1">121.3067</dst>
      <dst id="5">154.2667</dst>
      <dst id="3">198.8267</dst>
      <dst id="10">277.7244</dst>
      <dst id="7">2524.5778</dst>
      <dst id="2">2724.9867</dst>
      <dst id="14">23.2622</dst>
      <dst id="11">228.4356</dst>
      <dst id="9">6897.2089</dst>
      <dst id="17">5024.0444</dst>
      <dst id="21">13763.3067</dst>
    </src>
    <src id="11">
      <dst id="12">6097.6533</dst>
      <dst id="13">2177.4756</dst>
      <dst id="19">252.2844</dst>
      <dst id="23">2.7467</dst>
      <dst id="8">113.5289</dst>
      <dst id="18">145.3422</dst>
      <dst id="4">6318.4444</dst>
      <dst id="1">449.2533</dst>
      <dst id="5">2778.2844</dst>
      <dst id="3">248.1067</dst>
      <dst id="10">220.0000</dst>
      <dst id="22">900.5156</dst>
      <dst id="7">1895.4133</dst>
      <dst id="2">91056.9511</dst>
      <dst id="16">209.8578</dst>
      <dst id="14">87.7689</dst>
      <dst id="20">205.3156</dst>
      <dst id="11">1262.5689</dst>
      <dst id="9">414.9156</dst>
      <dst id="17">553639.3956</dst>
      <dst id="21">211.5378</dst>
      <dst id="15">48.9244</dst>
    </src>
    <src id="9">
      <dst id="12">13347.2267</dst>
      <dst id="13">957.4933</dst>
      <dst id="23">0.4622</dst>
      <dst id="8">57967.3689</dst>
      <dst id="18">56.0356</dst>
      <dst id="4">5403.4933</dst>
      <dst id="1">9621.4311</dst>
      <dst id="5">325.4044</dst>
      <dst id="3">53.2978</dst>
      <dst id="10">408.1778</dst>
      <dst id="22">730.9067</dst>
      <dst id="7">1157.7244</dst>
      <dst id="2">204.7556</dst>
      <dst id="16">201.2978</dst>
      <dst id="14">10.0889</dst>
      <dst id="20">3319.2000</dst>
      <dst id="11">1120.2667</dst>
      <dst id="9">371378.7467</dst>
      <dst id="17">407722.8356</dst>
      <dst id="21">352.0889</dst>
      <dst id="15">370.5333</dst>
    </src>
    <src id="17">
      <dst id="12">6704.5067</dst>
      <dst id="13">5791.4044</dst>
      <dst id="19">144.3911</dst>
      <dst id="23">26.7378</dst>
      <dst id="8">94.4356</dst>
      <dst id="18">9664.6222</dst>
      <dst id="4">32659.1644</dst>
      <dst id="1">532.0178</dst>
      <dst id="5">107264.9778</dst>
      <dst id="3">6474.0533</dst>
      <dst id="10">3174.0267</dst>
      <dst id="22">1217.9200</dst>
      <dst id="7">916.4356</dst>
      <dst id="2">3990.6133</dst>
      <dst id="16">6466.7733</dst>
      <dst id="14">22586.2311</dst>
      <dst id="20">345.6000</dst>
      <dst id="11">83557.3156</dst>
      <dst id="9">345.8667</dst>
      <dst id="17">6381.2978</dst>
      <dst id="21">4389.7156</dst>
      <dst id="15">123.4844</dst>
    </src>
    <src id="21">
      <dst id="12">1136.1600</dst>
      <dst id="13">368.2667</dst>
      <dst id="19">73.4044</dst>
      <dst id="23">0.7822</dst>
      <dst id="8">58.5689</dst>
      <dst id="18">2342.1956</dst>
      <dst id="4">7464.1956</dst>
      <dst id="1">621.5378</dst>
      <dst id="5">319.2089</dst>
      <dst id="3">8806.6844</dst>
      <dst id="10">2819.2178</dst>
      <dst id="22">6432.6844</dst>
      <dst id="7">6634.5956</dst>
      <dst id="2">5047.1111</dst>
      <dst id="16">39.8133</dst>
      <dst id="14">159.4933</dst>
      <dst id="20">2970.2222</dst>
      <dst id="11">2668.9244</dst>
      <dst id="9">200.0089</dst>
      <dst id="17">28817.2889</dst>
      <dst id="21">781.7689</dst>
      <dst id="15">2467.1556</dst>
    </src>
    <src id="15">
      <dst id="12">579.9822</dst>
      <dst id="13">158.2667</dst>
      <dst id="19">2.9778</dst>
      <dst id="8">14.3733</dst>
      <dst id="18">1.2089</dst>
      <dst id="4">781.6000</dst>
      <dst id="1">48.1067</dst>
      <dst id="5">20.1600</dst>
      <dst id="3">18.1778</dst>
      <dst id="10">37.4578</dst>
      <dst id="7">1218.8444</dst>
      <dst id="2">200.2044</dst>
      <dst id="14">3.9111</dst>
      <dst id="11">32.8978</dst>
      <dst id="9">16323.2978</dst>
      <dst id="17">131.1022</dst>
      <dst id="21">84.5244</dst>
    </src>
  </IntraTM>
</TrafficMatrixFile>
