<?xml version="1.0" encoding="UTF-8" standalone="yes"?>
<TrafficMatrixFile xmlns:xsi="http://www.w3.org/2001/XMLSchema-instance" xsi:noNamespaceSchemaLocation="http://totem.run.montefiore.ulg.ac.be/Schema/TrafficMatrix-v1_2.xsd">
  <info>
    <title>Intradomain traffic matrix generated by geant-TM-all.pl</title>
    <date>2005-03-09T08:30:00</date>
    <duration>900</duration>
    <author>Steve Uhlig</author>
    <units>
        <unit type="bandwidth" value="kbps"/>
    </units>
  </info>
  <IntraTM ASID="20965">
    <src id="12">
      <dst id="12">192018.1511</dst>
      <dst id="13">13020.4622</dst>
      <dst id="19">83.2533</dst>
      <dst id="23">2275.3867</dst>
      <dst id="8">403.0933</dst>
      <dst id="18">63373.6444</dst>
      <dst id="4">12912.8711</dst>
      <dst id="1">21631.5200</dst>
      <dst id="5">1047.4222</dst>
      <dst id="3">69.4044</dst>
      <dst id="10">30652.2756</dst>
      <dst id="22">5255.2444</dst>
      <dst id="7">1184.6489</dst>
      <dst id="2">18606.4711</dst>
      <dst id="6">1.1022</dst>
      <dst id="16">8349.3511</dst>
      <dst id="14">311.7156</dst>
      <dst id="20">14900.2222</dst>
      <dst id="11">75.0311</dst>
      <dst id="9">3380.9867</dst>
      <dst id="17">70248.3467</dst>
      <dst id="21">5674.4800</dst>
      <dst id="15">202.6933</dst>
    </src>
    <src id="13">
      <dst id="12">21897.0756</dst>
      <dst id="19">19031.6889</dst>
      <dst id="23">189.2178</dst>
      <dst id="8">1305.1111</dst>
      <dst id="18">1503.6978</dst>
      <dst id="1">8412.2933</dst>
      <dst id="5">2528.4889</dst>
      <dst id="3">56.5067</dst>
      <dst id="22">8313.0222</dst>
      <dst id="7">5761.3511</dst>
      <dst id="2">28589.4489</dst>
      <dst id="6">482.7111</dst>
      <dst id="16">7551.3778</dst>
      <dst id="14">1736.4267</dst>
      <dst id="20">7494.1333</dst>
      <dst id="11">102.0800</dst>
      <dst id="9">2750.0889</dst>
      <dst id="17">63674.9689</dst>
      <dst id="21">5988.4178</dst>
      <dst id="15">820.5867</dst>
    </src>
    <src id="19">
      <dst id="12">1717.0756</dst>
      <dst id="13">318.2756</dst>
      <dst id="8">1.3511</dst>
      <dst id="18">66.8978</dst>
      <dst id="4">15070.7911</dst>
      <dst id="1">36.7911</dst>
      <dst id="5">50.2311</dst>
      <dst id="3">1.0933</dst>
      <dst id="10">2830.1689</dst>
      <dst id="22">93.3956</dst>
      <dst id="7">3025.9822</dst>
      <dst id="2">724.4000</dst>
      <dst id="6">7.1556</dst>
      <dst id="16">4963.9556</dst>
      <dst id="14">51.3956</dst>
      <dst id="20">0.8178</dst>
      <dst id="11">0.4622</dst>
      <dst id="9">74.2311</dst>
      <dst id="17">6900.2489</dst>
      <dst id="21">993.0044</dst>
      <dst id="15">0.7022</dst>
    </src>
    <src id="23">
      <dst id="12">2077.2089</dst>
      <dst id="13">56.8978</dst>
      <dst id="18">31.4578</dst>
      <dst id="4">366.7200</dst>
      <dst id="1">1714.0533</dst>
      <dst id="5">13.3333</dst>
      <dst id="10">138.1156</dst>
      <dst id="22">13.3333</dst>
      <dst id="7">26.5422</dst>
      <dst id="2">989.2711</dst>
      <dst id="16">74.7200</dst>
      <dst id="20">1123.3778</dst>
      <dst id="11">0.8533</dst>
      <dst id="9">6656.7022</dst>
      <dst id="17">26183.5644</dst>
      <dst id="21">25.2444</dst>
    </src>
    <src id="8">
      <dst id="12">25427.4578</dst>
      <dst id="13">364.0622</dst>
      <dst id="19">0.3556</dst>
      <dst id="18">14.3911</dst>
      <dst id="4">2154.3200</dst>
      <dst id="1">3513.8933</dst>
      <dst id="5">749.4489</dst>
      <dst id="3">185.9111</dst>
      <dst id="10">1589.4578</dst>
      <dst id="22">739.2800</dst>
      <dst id="7">109.4400</dst>
      <dst id="2">47.2889</dst>
      <dst id="16">124885.7511</dst>
      <dst id="11">0.3200</dst>
      <dst id="9">107493.0578</dst>
      <dst id="17">257643.1289</dst>
      <dst id="21">1.4222</dst>
      <dst id="15">15.9378</dst>
    </src>
    <src id="18">
      <dst id="12">103001.0489</dst>
      <dst id="13">109.8844</dst>
      <dst id="19">1.8756</dst>
      <dst id="23">3.1022</dst>
      <dst id="8">297.5644</dst>
      <dst id="4">142.3111</dst>
      <dst id="1">8531.3867</dst>
      <dst id="5">61.6356</dst>
      <dst id="3">615.4311</dst>
      <dst id="10">512.6400</dst>
      <dst id="22">1164.4800</dst>
      <dst id="7">0.9867</dst>
      <dst id="2">17815.3867</dst>
      <dst id="16">1210.9067</dst>
      <dst id="14">0.9689</dst>
      <dst id="20">3.2000</dst>
      <dst id="11">0.4267</dst>
      <dst id="9">696.3644</dst>
      <dst id="17">28711.8400</dst>
      <dst id="21">140.0000</dst>
      <dst id="15">18.8711</dst>
    </src>
    <src id="4">
      <dst id="12">7766.1867</dst>
      <dst id="19">3913.6622</dst>
      <dst id="23">128.9956</dst>
      <dst id="8">1211.2622</dst>
      <dst id="18">54.1600</dst>
      <dst id="4">194.7022</dst>
      <dst id="1">10162.1689</dst>
      <dst id="5">705.6533</dst>
      <dst id="3">700.3822</dst>
      <dst id="22">762.9244</dst>
      <dst id="7">114236.9333</dst>
      <dst id="2">50432.0978</dst>
      <dst id="6">0.3556</dst>
      <dst id="16">1673.6089</dst>
      <dst id="14">1057.9467</dst>
      <dst id="11">75.6444</dst>
      <dst id="9">4276.3644</dst>
      <dst id="17">16177.8844</dst>
      <dst id="21">2255.5556</dst>
      <dst id="15">273.7956</dst>
    </src>
    <src id="1">
      <dst id="12">787150.7378</dst>
      <dst id="13">150.7733</dst>
      <dst id="19">674.8711</dst>
      <dst id="23">71.3689</dst>
      <dst id="8">27.5911</dst>
      <dst id="18">13154.7200</dst>
      <dst id="4">924.9511</dst>
      <dst id="1">10100.3022</dst>
      <dst id="5">218.2044</dst>
      <dst id="3">392.4356</dst>
      <dst id="10">1679.4756</dst>
      <dst id="22">53.9289</dst>
      <dst id="7">955.5022</dst>
      <dst id="2">3648.9600</dst>
      <dst id="6">1.1200</dst>
      <dst id="16">8577.4489</dst>
      <dst id="14">123.3600</dst>
      <dst id="20">30.8000</dst>
      <dst id="11">40.4267</dst>
      <dst id="9">558.4178</dst>
      <dst id="17">70009.9111</dst>
      <dst id="21">634831.2800</dst>
      <dst id="15">78.2400</dst>
    </src>
    <src id="5">
      <dst id="12">10562.6133</dst>
      <dst id="13">1368.5511</dst>
      <dst id="19">1.7778</dst>
      <dst id="8">188.1867</dst>
      <dst id="18">40.5422</dst>
      <dst id="4">329.6800</dst>
      <dst id="1">21333.5289</dst>
      <dst id="3">207.7244</dst>
      <dst id="10">897.8667</dst>
      <dst id="22">1152.0978</dst>
      <dst id="7">68.7733</dst>
      <dst id="2">2624.7378</dst>
      <dst id="6">0.4267</dst>
      <dst id="16">107186.2400</dst>
      <dst id="14">60.0000</dst>
      <dst id="11">21.7867</dst>
      <dst id="9">49933.4844</dst>
      <dst id="17">191384.7822</dst>
      <dst id="21">0.3556</dst>
      <dst id="15">39.0578</dst>
    </src>
    <src id="3">
      <dst id="12">5933.3511</dst>
      <dst id="13">328.5067</dst>
      <dst id="19">5644.3111</dst>
      <dst id="23">3.0933</dst>
      <dst id="8">4.4622</dst>
      <dst id="18">90.2489</dst>
      <dst id="4">5370.7911</dst>
      <dst id="1">4471.2089</dst>
      <dst id="5">175.1200</dst>
      <dst id="3">137.1200</dst>
      <dst id="10">4504.7822</dst>
      <dst id="22">33.2711</dst>
      <dst id="7">789.0756</dst>
      <dst id="2">2177.3511</dst>
      <dst id="6">6.7822</dst>
      <dst id="16">1367.8400</dst>
      <dst id="14">687.9644</dst>
      <dst id="20">16.5511</dst>
      <dst id="11">84.6933</dst>
      <dst id="9">270.7911</dst>
      <dst id="17">16843.7867</dst>
      <dst id="21">990.8267</dst>
      <dst id="15">4.8711</dst>
    </src>
    <src id="10">
      <dst id="12">21297.7511</dst>
      <dst id="19">583.4133</dst>
      <dst id="23">17.4667</dst>
      <dst id="8">189.1378</dst>
      <dst id="18">4309.5200</dst>
      <dst id="1">370.9244</dst>
      <dst id="5">311.9467</dst>
      <dst id="3">6572.3200</dst>
      <dst id="22">1801.9644</dst>
      <dst id="7">9740.1244</dst>
      <dst id="2">26037.8578</dst>
      <dst id="6">0.8889</dst>
      <dst id="16">3478.6756</dst>
      <dst id="14">868.7911</dst>
      <dst id="20">254.1778</dst>
      <dst id="11">152.4622</dst>
      <dst id="9">3300.9422</dst>
      <dst id="17">35070.0978</dst>
      <dst id="21">4160.7733</dst>
      <dst id="15">95.6978</dst>
    </src>
    <src id="22">
      <dst id="12">4503.6889</dst>
      <dst id="13">1002.6044</dst>
      <dst id="19">149.2889</dst>
      <dst id="23">0.4622</dst>
      <dst id="8">137.8667</dst>
      <dst id="18">75.8133</dst>
      <dst id="4">4026.2667</dst>
      <dst id="1">781.9911</dst>
      <dst id="5">1194.7733</dst>
      <dst id="3">75.3867</dst>
      <dst id="10">2614.9156</dst>
      <dst id="7">246.5867</dst>
      <dst id="2">837.2178</dst>
      <dst id="6">2.6222</dst>
      <dst id="14">63.7956</dst>
      <dst id="11">15.7067</dst>
      <dst id="9">398.8444</dst>
      <dst id="17">2295.7689</dst>
      <dst id="21">296.4000</dst>
    </src>
    <src id="7">
      <dst id="12">2567.9911</dst>
      <dst id="13">81.7600</dst>
      <dst id="19">270.3200</dst>
      <dst id="23">40.9244</dst>
      <dst id="8">203.9467</dst>
      <dst id="18">553.6178</dst>
      <dst id="4">65462.9244</dst>
      <dst id="1">1883.5200</dst>
      <dst id="5">925.7778</dst>
      <dst id="3">195.6978</dst>
      <dst id="10">7022.2400</dst>
      <dst id="22">1567.2889</dst>
      <dst id="7">719.1111</dst>
      <dst id="2">4563.2622</dst>
      <dst id="6">74.1778</dst>
      <dst id="16">736.0978</dst>
      <dst id="14">252.0622</dst>
      <dst id="20">1579.0400</dst>
      <dst id="11">59.8489</dst>
      <dst id="9">603.9911</dst>
      <dst id="17">3085.5822</dst>
      <dst id="21">2374.0978</dst>
      <dst id="15">4.0356</dst>
    </src>
    <src id="2">
      <dst id="12">42112.8711</dst>
      <dst id="13">1682.8711</dst>
      <dst id="19">399.2444</dst>
      <dst id="8">23.0489</dst>
      <dst id="18">44484.6133</dst>
      <dst id="4">20415.8844</dst>
      <dst id="1">6921.9200</dst>
      <dst id="5">427.9467</dst>
      <dst id="3">29.6622</dst>
      <dst id="10">19265.3511</dst>
      <dst id="22">189.8222</dst>
      <dst id="7">4786.5333</dst>
      <dst id="2">821.5467</dst>
      <dst id="6">23094.1778</dst>
      <dst id="16">877.6267</dst>
      <dst id="14">138.2489</dst>
      <dst id="20">12423.4489</dst>
      <dst id="11">426.0622</dst>
      <dst id="9">519.7156</dst>
      <dst id="17">16526.8711</dst>
      <dst id="21">887.9733</dst>
      <dst id="15">15.2889</dst>
    </src>
    <src id="6">
      <dst id="12">934.0711</dst>
      <dst id="13">3.6356</dst>
      <dst id="19">7.0044</dst>
      <dst id="23">0.4978</dst>
      <dst id="4">0.7467</dst>
      <dst id="1">2065.0311</dst>
      <dst id="5">2.0000</dst>
      <dst id="3">16.1156</dst>
      <dst id="10">765.3067</dst>
      <dst id="22">13.7778</dst>
      <dst id="7">11.1822</dst>
      <dst id="2">824.0178</dst>
      <dst id="16">9.3156</dst>
      <dst id="9">3.5733</dst>
      <dst id="17">14539.2000</dst>
      <dst id="21">1.6356</dst>
    </src>
    <src id="16">
      <dst id="12">85615.6000</dst>
      <dst id="13">1515.5911</dst>
      <dst id="19">4321.2622</dst>
      <dst id="23">2.0533</dst>
      <dst id="8">108078.9778</dst>
      <dst id="18">17.4044</dst>
      <dst id="4">803.5378</dst>
      <dst id="1">8992.4444</dst>
      <dst id="5">183240.8089</dst>
      <dst id="3">4526.3467</dst>
      <dst id="10">2062.4089</dst>
      <dst id="7">264.3022</dst>
      <dst id="2">118.3022</dst>
      <dst id="6">23.7689</dst>
      <dst id="16">224.4267</dst>
      <dst id="14">39040.0978</dst>
      <dst id="11">14717.8756</dst>
      <dst id="9">171363.5822</dst>
      <dst id="17">10971.0311</dst>
      <dst id="21">40.0000</dst>
    </src>
    <src id="14">
      <dst id="12">1440.7200</dst>
      <dst id="13">39.6356</dst>
      <dst id="19">53.4044</dst>
      <dst id="23">0.4267</dst>
      <dst id="18">1.3067</dst>
      <dst id="4">290.1778</dst>
      <dst id="1">4956.4267</dst>
      <dst id="5">0.7111</dst>
      <dst id="3">1161.7244</dst>
      <dst id="10">922.8800</dst>
      <dst id="22">1.2089</dst>
      <dst id="7">92.4000</dst>
      <dst id="2">2988.5333</dst>
      <dst id="16">642.0000</dst>
      <dst id="20">0.5778</dst>
      <dst id="11">14.0089</dst>
      <dst id="9">235.0756</dst>
      <dst id="17">30414.1778</dst>
      <dst id="21">152.9244</dst>
      <dst id="15">1.7956</dst>
    </src>
    <src id="20">
      <dst id="12">9789.3244</dst>
      <dst id="13">155.1733</dst>
      <dst id="19">0.7111</dst>
      <dst id="23">21.1556</dst>
      <dst id="8">459.0578</dst>
      <dst id="18">2.1244</dst>
      <dst id="4">1956.5244</dst>
      <dst id="1">53.3333</dst>
      <dst id="5">908.0089</dst>
      <dst id="3">10.9778</dst>
      <dst id="10">339.1911</dst>
      <dst id="7">85.7867</dst>
      <dst id="2">1520.1778</dst>
      <dst id="20">54.3467</dst>
      <dst id="11">0.9511</dst>
      <dst id="9">63.1556</dst>
      <dst id="17">1532.3733</dst>
      <dst id="21">8.5956</dst>
    </src>
    <src id="11">
      <dst id="12">32208.7022</dst>
      <dst id="13">1669.6267</dst>
      <dst id="19">5.5822</dst>
      <dst id="23">18.4533</dst>
      <dst id="8">38.7200</dst>
      <dst id="18">210.5244</dst>
      <dst id="4">10850.4000</dst>
      <dst id="1">32904.2400</dst>
      <dst id="5">566.2133</dst>
      <dst id="3">428.6756</dst>
      <dst id="10">2138.2578</dst>
      <dst id="22">943.7067</dst>
      <dst id="7">262.6756</dst>
      <dst id="2">58767.0133</dst>
      <dst id="6">63.6978</dst>
      <dst id="16">20585.9556</dst>
      <dst id="14">36.8356</dst>
      <dst id="20">227.3867</dst>
      <dst id="11">1039.5644</dst>
      <dst id="9">5927.8578</dst>
      <dst id="17">552516.4178</dst>
      <dst id="21">254.5067</dst>
      <dst id="15">631.1111</dst>
    </src>
    <src id="9">
      <dst id="12">43771.4756</dst>
      <dst id="13">1209.0133</dst>
      <dst id="19">25.3067</dst>
      <dst id="23">195.5911</dst>
      <dst id="8">82049.2622</dst>
      <dst id="18">26.4267</dst>
      <dst id="4">4248.9867</dst>
      <dst id="1">7878.7022</dst>
      <dst id="5">305.9822</dst>
      <dst id="3">1066.7289</dst>
      <dst id="10">1365.0489</dst>
      <dst id="22">1021.9644</dst>
      <dst id="7">851.7600</dst>
      <dst id="2">582.6222</dst>
      <dst id="6">1.1200</dst>
      <dst id="16">200012.8622</dst>
      <dst id="14">13.3333</dst>
      <dst id="11">41.9289</dst>
      <dst id="9">291881.7600</dst>
      <dst id="17">393234.3556</dst>
      <dst id="15">6899.7244</dst>
    </src>
    <src id="17">
      <dst id="12">73967.1200</dst>
      <dst id="13">14221.7156</dst>
      <dst id="19">534.0356</dst>
      <dst id="23">66.5333</dst>
      <dst id="8">470.3822</dst>
      <dst id="18">1590.4533</dst>
      <dst id="4">22426.9867</dst>
      <dst id="1">18342.0533</dst>
      <dst id="5">152310.9689</dst>
      <dst id="3">2742.7467</dst>
      <dst id="10">13534.3111</dst>
      <dst id="22">4669.5111</dst>
      <dst id="7">2756.7911</dst>
      <dst id="2">8096.5067</dst>
      <dst id="6">11.1733</dst>
      <dst id="16">2018.4178</dst>
      <dst id="14">12944.5067</dst>
      <dst id="20">651.7689</dst>
      <dst id="11">10451.5822</dst>
      <dst id="9">1575.3244</dst>
      <dst id="17">15040.5956</dst>
      <dst id="21">356.7822</dst>
      <dst id="15">21.7956</dst>
    </src>
    <src id="21">
      <dst id="12">4217.3156</dst>
      <dst id="13">137.4400</dst>
      <dst id="19">220.3289</dst>
      <dst id="23">0.9244</dst>
      <dst id="8">158.2044</dst>
      <dst id="18">1193.6978</dst>
      <dst id="4">11535.9111</dst>
      <dst id="1">10735.3067</dst>
      <dst id="5">464.6311</dst>
      <dst id="3">465.9022</dst>
      <dst id="10">1776.5689</dst>
      <dst id="22">230.1333</dst>
      <dst id="7">690.5156</dst>
      <dst id="2">7305.0756</dst>
      <dst id="6">1.3067</dst>
      <dst id="16">491.2089</dst>
      <dst id="14">145.2267</dst>
      <dst id="20">170.8622</dst>
      <dst id="11">57.6622</dst>
      <dst id="9">549.7333</dst>
      <dst id="17">21687.1289</dst>
      <dst id="21">643.6800</dst>
      <dst id="15">24.6667</dst>
    </src>
    <src id="15">
      <dst id="12">777.3956</dst>
      <dst id="13">223.1111</dst>
      <dst id="19">2.2667</dst>
      <dst id="8">35.6178</dst>
      <dst id="18">69.5289</dst>
      <dst id="4">163.7156</dst>
      <dst id="1">44.6933</dst>
      <dst id="5">97.5200</dst>
      <dst id="3">5.1200</dst>
      <dst id="10">47.3600</dst>
      <dst id="7">27.0756</dst>
      <dst id="2">20.8622</dst>
      <dst id="6">10.6667</dst>
      <dst id="14">1.0400</dst>
      <dst id="11">10.7378</dst>
      <dst id="9">1492.1956</dst>
      <dst id="17">85.4044</dst>
    </src>
  </IntraTM>
</TrafficMatrixFile>
