<?xml version="1.0" encoding="UTF-8" standalone="yes"?>
<TrafficMatrixFile xmlns:xsi="http://www.w3.org/2001/XMLSchema-instance" xsi:noNamespaceSchemaLocation="http://totem.run.montefiore.ulg.ac.be/Schema/TrafficMatrix-v1_2.xsd">
  <info>
    <title>Intradomain traffic matrix generated by geant-TM-all.pl</title>
    <date>2005-03-24T23:15:00</date>
    <duration>900</duration>
    <author>Steve Uhlig</author>
    <units>
        <unit type="bandwidth" value="kbps"/>
    </units>
  </info>
  <IntraTM ASID="20965">
    <src id="12">
      <dst id="12">389464.0622</dst>
      <dst id="13">45135.4133</dst>
      <dst id="19">978.6400</dst>
      <dst id="23">11226.7556</dst>
      <dst id="8">265.6889</dst>
      <dst id="18">196167.2444</dst>
      <dst id="4">2915.9911</dst>
      <dst id="1">29397.0667</dst>
      <dst id="5">4618.6133</dst>
      <dst id="3">1133.4489</dst>
      <dst id="10">2918.0533</dst>
      <dst id="22">5902.2311</dst>
      <dst id="7">15715.6533</dst>
      <dst id="2">29669.5644</dst>
      <dst id="6">31076.4089</dst>
      <dst id="16">12205.4311</dst>
      <dst id="14">687.5289</dst>
      <dst id="20">7959.6267</dst>
      <dst id="11">38.3467</dst>
      <dst id="9">6014.2756</dst>
      <dst id="17">82795.3244</dst>
      <dst id="21">14671.4133</dst>
      <dst id="15">9874.3733</dst>
    </src>
    <src id="13">
      <dst id="12">24035.8844</dst>
      <dst id="13">164.1689</dst>
      <dst id="19">5401.6089</dst>
      <dst id="23">194.6844</dst>
      <dst id="8">1551.5289</dst>
      <dst id="18">1236.3022</dst>
      <dst id="4">25.8133</dst>
      <dst id="1">1466.4533</dst>
      <dst id="5">1168.3022</dst>
      <dst id="3">18667.1378</dst>
      <dst id="10">1.4222</dst>
      <dst id="22">5138.9333</dst>
      <dst id="7">2877.8667</dst>
      <dst id="2">33898.0800</dst>
      <dst id="6">32.0444</dst>
      <dst id="16">8478.6400</dst>
      <dst id="14">196.4444</dst>
      <dst id="20">575.2533</dst>
      <dst id="11">775.8222</dst>
      <dst id="9">1047.8400</dst>
      <dst id="17">77556.6578</dst>
      <dst id="21">2935.2178</dst>
      <dst id="15">4058.4711</dst>
    </src>
    <src id="19">
      <dst id="12">23819.9022</dst>
      <dst id="13">5393.1733</dst>
      <dst id="23">43.0667</dst>
      <dst id="8">1146.2400</dst>
      <dst id="18">95.8756</dst>
      <dst id="4">138.5689</dst>
      <dst id="1">500.0800</dst>
      <dst id="5">8.2844</dst>
      <dst id="3">217.4844</dst>
      <dst id="10">417.6800</dst>
      <dst id="22">54.9244</dst>
      <dst id="7">4397.7600</dst>
      <dst id="2">955.1378</dst>
      <dst id="6">544.4000</dst>
      <dst id="16">1427.6800</dst>
      <dst id="14">36.1689</dst>
      <dst id="20">30.7644</dst>
      <dst id="11">0.4622</dst>
      <dst id="9">163.2889</dst>
      <dst id="17">14643.9022</dst>
      <dst id="21">202.7644</dst>
    </src>
    <src id="23">
      <dst id="12">4809.6800</dst>
      <dst id="13">808.2222</dst>
      <dst id="19">289.1911</dst>
      <dst id="8">53.3333</dst>
      <dst id="18">481.5733</dst>
      <dst id="4">41.0578</dst>
      <dst id="1">279.7422</dst>
      <dst id="5">205.9200</dst>
      <dst id="3">16.8444</dst>
      <dst id="10">614.0800</dst>
      <dst id="22">326.8889</dst>
      <dst id="7">2340.9689</dst>
      <dst id="2">231.3600</dst>
      <dst id="6">1.6711</dst>
      <dst id="16">38.1778</dst>
      <dst id="14">13.6711</dst>
      <dst id="20">53.3422</dst>
      <dst id="11">0.4622</dst>
      <dst id="9">69.7156</dst>
      <dst id="17">6710.2578</dst>
      <dst id="21">680.8889</dst>
      <dst id="15">1.7333</dst>
    </src>
    <src id="8">
      <dst id="12">5333.0400</dst>
      <dst id="13">490.2044</dst>
      <dst id="19">46.1778</dst>
      <dst id="23">0.9244</dst>
      <dst id="18">49.0489</dst>
      <dst id="4">187.4756</dst>
      <dst id="1">2963.6711</dst>
      <dst id="5">4612.7378</dst>
      <dst id="10">50.2311</dst>
      <dst id="7">84.3289</dst>
      <dst id="2">296.2844</dst>
      <dst id="6">4.5333</dst>
      <dst id="16">224368.5333</dst>
      <dst id="11">498.2222</dst>
      <dst id="9">64871.3422</dst>
      <dst id="17">31801.7689</dst>
      <dst id="21">28.0889</dst>
      <dst id="15">57.1200</dst>
    </src>
    <src id="18">
      <dst id="12">167265.1022</dst>
      <dst id="13">862.3289</dst>
      <dst id="19">68.6044</dst>
      <dst id="23">30.4533</dst>
      <dst id="8">75.5200</dst>
      <dst id="4">437.3067</dst>
      <dst id="1">1364.6933</dst>
      <dst id="5">64.9956</dst>
      <dst id="3">5515.1556</dst>
      <dst id="10">457.9556</dst>
      <dst id="22">718.1244</dst>
      <dst id="7">584.9511</dst>
      <dst id="2">15163.5556</dst>
      <dst id="6">71.9111</dst>
      <dst id="16">718.8800</dst>
      <dst id="14">10.9067</dst>
      <dst id="20">133.8400</dst>
      <dst id="11">47.1022</dst>
      <dst id="9">1147.3867</dst>
      <dst id="17">9365.3600</dst>
      <dst id="21">1259.8933</dst>
      <dst id="15">1.9467</dst>
    </src>
    <src id="4">
      <dst id="12">46073.0933</dst>
      <dst id="13">76.3200</dst>
      <dst id="19">10771.6533</dst>
      <dst id="23">2614.6578</dst>
      <dst id="8">9629.7689</dst>
      <dst id="18">5820.4889</dst>
      <dst id="4">78.9778</dst>
      <dst id="1">131833.0578</dst>
      <dst id="5">6369.7689</dst>
      <dst id="3">90.2667</dst>
      <dst id="22">77.6000</dst>
      <dst id="7">8329.6356</dst>
      <dst id="2">164367.8133</dst>
      <dst id="6">109.4311</dst>
      <dst id="16">100236.6133</dst>
      <dst id="14">6469.2978</dst>
      <dst id="11">411.9378</dst>
      <dst id="9">27603.1378</dst>
      <dst id="17">137517.5556</dst>
      <dst id="21">15085.7422</dst>
      <dst id="15">4485.1467</dst>
    </src>
    <src id="1">
      <dst id="12">433412.8622</dst>
      <dst id="13">5738.5956</dst>
      <dst id="19">3520.2044</dst>
      <dst id="23">22.6133</dst>
      <dst id="8">135.6800</dst>
      <dst id="18">14133.7867</dst>
      <dst id="4">688.9778</dst>
      <dst id="1">780926.0533</dst>
      <dst id="5">502.3467</dst>
      <dst id="3">2658.7022</dst>
      <dst id="10">286.3378</dst>
      <dst id="22">240.0000</dst>
      <dst id="7">125659.4933</dst>
      <dst id="2">7399.8933</dst>
      <dst id="6">14.2933</dst>
      <dst id="16">876158.7911</dst>
      <dst id="14">203.1022</dst>
      <dst id="20">208.3200</dst>
      <dst id="11">68.5600</dst>
      <dst id="9">2129.8311</dst>
      <dst id="17">511507.1111</dst>
      <dst id="21">696107.5733</dst>
      <dst id="15">316.1600</dst>
    </src>
    <src id="5">
      <dst id="12">8795.3867</dst>
      <dst id="13">4855.5022</dst>
      <dst id="19">635.5111</dst>
      <dst id="23">56.6400</dst>
      <dst id="8">292.1156</dst>
      <dst id="18">73.5556</dst>
      <dst id="4">262.4178</dst>
      <dst id="1">7060.5244</dst>
      <dst id="3">0.3556</dst>
      <dst id="10">221.5911</dst>
      <dst id="7">91.3244</dst>
      <dst id="2">414.6311</dst>
      <dst id="6">21.5200</dst>
      <dst id="16">291993.0400</dst>
      <dst id="14">14.0711</dst>
      <dst id="11">0.4622</dst>
      <dst id="9">47243.5733</dst>
      <dst id="17">40154.8711</dst>
      <dst id="21">67.3689</dst>
      <dst id="15">135.1733</dst>
    </src>
    <src id="3">
      <dst id="12">5800.1156</dst>
      <dst id="13">47056.2311</dst>
      <dst id="19">1323.8133</dst>
      <dst id="23">121.0667</dst>
      <dst id="8">26.3022</dst>
      <dst id="18">406.7200</dst>
      <dst id="4">842.4800</dst>
      <dst id="1">14779.2622</dst>
      <dst id="5">463.7067</dst>
      <dst id="3">368.8889</dst>
      <dst id="10">372.4889</dst>
      <dst id="7">1962.1956</dst>
      <dst id="2">7416.7378</dst>
      <dst id="6">31.1822</dst>
      <dst id="16">14961.1111</dst>
      <dst id="14">176.2133</dst>
      <dst id="20">727.3956</dst>
      <dst id="11">107.5644</dst>
      <dst id="9">2680.9156</dst>
      <dst id="17">74221.6533</dst>
      <dst id="21">7395.7422</dst>
      <dst id="15">219.4133</dst>
    </src>
    <src id="10">
      <dst id="12">8708.3644</dst>
      <dst id="13">27.2978</dst>
      <dst id="19">6158.6222</dst>
      <dst id="23">5788.5422</dst>
      <dst id="8">2342.5244</dst>
      <dst id="18">2155.7067</dst>
      <dst id="1">5612.6578</dst>
      <dst id="5">550.7644</dst>
      <dst id="3">462.7111</dst>
      <dst id="22">15.2533</dst>
      <dst id="7">4262.8178</dst>
      <dst id="2">23750.6578</dst>
      <dst id="6">215.2533</dst>
      <dst id="16">49583.8933</dst>
      <dst id="14">4554.4800</dst>
      <dst id="20">5286.1867</dst>
      <dst id="11">1175.5733</dst>
      <dst id="9">6712.6756</dst>
      <dst id="17">82633.7156</dst>
      <dst id="21">5219.3600</dst>
      <dst id="15">447.8933</dst>
    </src>
    <src id="22">
      <dst id="12">9010.6844</dst>
      <dst id="13">11582.2133</dst>
      <dst id="19">289.1111</dst>
      <dst id="23">47.7333</dst>
      <dst id="8">65.6444</dst>
      <dst id="18">2609.5467</dst>
      <dst id="4">1054.7556</dst>
      <dst id="1">350.5778</dst>
      <dst id="5">1164.7289</dst>
      <dst id="3">3.0756</dst>
      <dst id="10">725.8400</dst>
      <dst id="7">1653.7778</dst>
      <dst id="2">4529.7600</dst>
      <dst id="6">2.3467</dst>
      <dst id="16">1567.0400</dst>
      <dst id="14">60.6844</dst>
      <dst id="11">33.9556</dst>
      <dst id="9">465.9467</dst>
      <dst id="17">10814.1956</dst>
      <dst id="21">876.5867</dst>
    </src>
    <src id="7">
      <dst id="12">15267.6978</dst>
      <dst id="13">31502.4444</dst>
      <dst id="19">1145.6800</dst>
      <dst id="23">231.7511</dst>
      <dst id="8">379.4222</dst>
      <dst id="18">842.9778</dst>
      <dst id="4">2299.1200</dst>
      <dst id="1">20976.1778</dst>
      <dst id="5">927.8667</dst>
      <dst id="3">1768.0711</dst>
      <dst id="10">1204.7733</dst>
      <dst id="22">4360.7467</dst>
      <dst id="7">317.0933</dst>
      <dst id="2">6478.5689</dst>
      <dst id="6">153.5467</dst>
      <dst id="16">3325.1111</dst>
      <dst id="14">325.6711</dst>
      <dst id="20">1813.7244</dst>
      <dst id="11">190.4089</dst>
      <dst id="9">955.0844</dst>
      <dst id="17">31189.1822</dst>
      <dst id="21">6577.3956</dst>
      <dst id="15">1093.3778</dst>
    </src>
    <src id="2">
      <dst id="12">134752.5067</dst>
      <dst id="13">34547.2356</dst>
      <dst id="19">3157.2533</dst>
      <dst id="23">57.5200</dst>
      <dst id="8">216.0978</dst>
      <dst id="18">100265.7778</dst>
      <dst id="4">4205.5111</dst>
      <dst id="1">22866.8178</dst>
      <dst id="5">1234.4889</dst>
      <dst id="3">244.0444</dst>
      <dst id="10">4699.9911</dst>
      <dst id="22">2365.7067</dst>
      <dst id="7">25204.7822</dst>
      <dst id="2">3528.9333</dst>
      <dst id="6">18319.6089</dst>
      <dst id="16">1195.5556</dst>
      <dst id="14">507.3956</dst>
      <dst id="20">1541.9911</dst>
      <dst id="11">753.3244</dst>
      <dst id="9">2234.6311</dst>
      <dst id="17">22885.6000</dst>
      <dst id="21">6652.9689</dst>
      <dst id="15">640.3644</dst>
    </src>
    <src id="6">
      <dst id="12">551.1111</dst>
      <dst id="13">90.3467</dst>
      <dst id="19">155.1556</dst>
      <dst id="23">55.2711</dst>
      <dst id="8">25.3067</dst>
      <dst id="18">1.7067</dst>
      <dst id="4">1.9822</dst>
      <dst id="1">348.3289</dst>
      <dst id="5">14.7022</dst>
      <dst id="3">112.5600</dst>
      <dst id="10">5.6089</dst>
      <dst id="22">13.0489</dst>
      <dst id="7">552.8711</dst>
      <dst id="2">2414.5600</dst>
      <dst id="16">400.3733</dst>
      <dst id="20">14.2400</dst>
      <dst id="11">0.3378</dst>
      <dst id="9">35.6533</dst>
      <dst id="17">28808.4444</dst>
      <dst id="21">14.9156</dst>
      <dst id="15">2.6311</dst>
    </src>
    <src id="16">
      <dst id="12">266122.5600</dst>
      <dst id="13">5744.5600</dst>
      <dst id="19">3729.2800</dst>
      <dst id="23">16.5778</dst>
      <dst id="8">114107.9556</dst>
      <dst id="18">90.0444</dst>
      <dst id="4">498.9600</dst>
      <dst id="1">8926.3289</dst>
      <dst id="5">273546.0622</dst>
      <dst id="3">12577.3956</dst>
      <dst id="10">693.4844</dst>
      <dst id="7">568.0622</dst>
      <dst id="2">788.4889</dst>
      <dst id="6">14.6311</dst>
      <dst id="16">37035.5289</dst>
      <dst id="14">79222.4889</dst>
      <dst id="11">27938.1511</dst>
      <dst id="9">332952.5422</dst>
      <dst id="17">15534.0267</dst>
      <dst id="21">5.4933</dst>
    </src>
    <src id="14">
      <dst id="12">521.8578</dst>
      <dst id="13">2670.4444</dst>
      <dst id="19">80.0889</dst>
      <dst id="23">1.7956</dst>
      <dst id="18">13.0311</dst>
      <dst id="4">1071.9644</dst>
      <dst id="1">820.7200</dst>
      <dst id="5">0.7111</dst>
      <dst id="3">942.8356</dst>
      <dst id="10">86.5778</dst>
      <dst id="7">132.4800</dst>
      <dst id="2">1587.9467</dst>
      <dst id="16">3687.4222</dst>
      <dst id="20">28.8000</dst>
      <dst id="11">9.6800</dst>
      <dst id="9">344.2311</dst>
      <dst id="17">34015.8222</dst>
      <dst id="21">406.6844</dst>
    </src>
    <src id="20">
      <dst id="12">1128.9867</dst>
      <dst id="13">10540.2489</dst>
      <dst id="19">3.4400</dst>
      <dst id="23">2.4622</dst>
      <dst id="8">237.6622</dst>
      <dst id="18">551.8311</dst>
      <dst id="4">794.8444</dst>
      <dst id="1">246.0533</dst>
      <dst id="5">7142.4178</dst>
      <dst id="3">54.8978</dst>
      <dst id="10">505.5644</dst>
      <dst id="7">221.8311</dst>
      <dst id="2">472.2933</dst>
      <dst id="6">38.3644</dst>
      <dst id="16">8247.7333</dst>
      <dst id="20">194.8356</dst>
      <dst id="11">1.6533</dst>
      <dst id="9">202.1867</dst>
      <dst id="17">19879.2356</dst>
      <dst id="21">3370.1511</dst>
    </src>
    <src id="11">
      <dst id="12">21272.3200</dst>
      <dst id="13">4335.7956</dst>
      <dst id="19">434.8000</dst>
      <dst id="23">99.3333</dst>
      <dst id="8">187.6444</dst>
      <dst id="18">1688.7911</dst>
      <dst id="4">1816.0800</dst>
      <dst id="1">6031.5200</dst>
      <dst id="5">1066.0000</dst>
      <dst id="3">860.4267</dst>
      <dst id="10">505.9289</dst>
      <dst id="22">103.8578</dst>
      <dst id="7">1785.5556</dst>
      <dst id="2">76132.4444</dst>
      <dst id="6">159.1200</dst>
      <dst id="16">11508.3289</dst>
      <dst id="14">52.5867</dst>
      <dst id="20">447.9111</dst>
      <dst id="11">1805.4400</dst>
      <dst id="9">7443.4933</dst>
      <dst id="17">711833.5378</dst>
      <dst id="21">2831.9200</dst>
      <dst id="15">327.3156</dst>
    </src>
    <src id="9">
      <dst id="12">15715.0044</dst>
      <dst id="13">5006.2933</dst>
      <dst id="19">13139.1911</dst>
      <dst id="23">7.3067</dst>
      <dst id="8">79794.7733</dst>
      <dst id="18">455.4933</dst>
      <dst id="4">341.9200</dst>
      <dst id="1">9392.9422</dst>
      <dst id="5">3112.7733</dst>
      <dst id="10">650.7733</dst>
      <dst id="22">1.5111</dst>
      <dst id="7">1952.7467</dst>
      <dst id="2">778.0178</dst>
      <dst id="6">80.0711</dst>
      <dst id="16">506032.9511</dst>
      <dst id="14">14.4711</dst>
      <dst id="11">67.3778</dst>
      <dst id="9">330551.5733</dst>
      <dst id="17">77547.6622</dst>
      <dst id="21">280.3022</dst>
      <dst id="15">27437.1022</dst>
    </src>
    <src id="17">
      <dst id="12">153117.2444</dst>
      <dst id="13">76462.9778</dst>
      <dst id="19">5413.5556</dst>
      <dst id="23">1774.5156</dst>
      <dst id="8">278.5333</dst>
      <dst id="18">1954.0089</dst>
      <dst id="4">5394.4267</dst>
      <dst id="1">11868.3733</dst>
      <dst id="5">133857.0311</dst>
      <dst id="3">7267.7867</dst>
      <dst id="10">2400.0800</dst>
      <dst id="22">145.9644</dst>
      <dst id="7">9415.9822</dst>
      <dst id="2">32393.8933</dst>
      <dst id="6">614.5422</dst>
      <dst id="16">74664.8444</dst>
      <dst id="14">31393.6978</dst>
      <dst id="20">9497.5556</dst>
      <dst id="11">33734.4178</dst>
      <dst id="9">13966.4533</dst>
      <dst id="17">45406.2756</dst>
      <dst id="21">7860.7022</dst>
      <dst id="15">625.1556</dst>
    </src>
    <src id="21">
      <dst id="12">2139.1467</dst>
      <dst id="13">10061.1644</dst>
      <dst id="19">569.4489</dst>
      <dst id="23">139.8578</dst>
      <dst id="8">75.2356</dst>
      <dst id="18">3044.9956</dst>
      <dst id="4">1048.7556</dst>
      <dst id="1">11234.6933</dst>
      <dst id="5">667.3422</dst>
      <dst id="3">14896.0533</dst>
      <dst id="10">446.8978</dst>
      <dst id="22">149.0933</dst>
      <dst id="7">7949.5822</dst>
      <dst id="2">30486.4800</dst>
      <dst id="6">27.2356</dst>
      <dst id="16">6042.5956</dst>
      <dst id="14">326.6044</dst>
      <dst id="20">141.8667</dst>
      <dst id="11">25.0133</dst>
      <dst id="9">2522.2222</dst>
      <dst id="17">30759.2444</dst>
      <dst id="21">2340.3467</dst>
      <dst id="15">291.4044</dst>
    </src>
    <src id="15">
      <dst id="12">502.8356</dst>
      <dst id="13">401.7067</dst>
      <dst id="19">4.1689</dst>
      <dst id="23">2.6756</dst>
      <dst id="8">16.3556</dst>
      <dst id="18">1.6356</dst>
      <dst id="4">120.7467</dst>
      <dst id="1">363.8578</dst>
      <dst id="5">4515.6978</dst>
      <dst id="10">1809.2356</dst>
      <dst id="7">204.1422</dst>
      <dst id="2">101.3511</dst>
      <dst id="6">0.8178</dst>
      <dst id="16">6766.5778</dst>
      <dst id="11">9.0756</dst>
      <dst id="9">7775.5822</dst>
      <dst id="17">379.4933</dst>
      <dst id="21">2.6311</dst>
    </src>
  </IntraTM>
</TrafficMatrixFile>
