<?xml version="1.0" encoding="UTF-8" standalone="yes"?>
<TrafficMatrixFile xmlns:xsi="http://www.w3.org/2001/XMLSchema-instance" xsi:noNamespaceSchemaLocation="http://totem.run.montefiore.ulg.ac.be/Schema/TrafficMatrix-v1_2.xsd">
  <info>
    <title>Intradomain traffic matrix generated by geant-TM-all.pl</title>
    <date>2005-01-26T18:30:00</date>
    <duration>900</duration>
    <author>Steve Uhlig</author>
    <units>
        <unit type="bandwidth" value="kbps"/>
    </units>
  </info>
  <IntraTM ASID="20965">
    <src id="12">
      <dst id="12">376440.7822</dst>
      <dst id="13">28673.9644</dst>
      <dst id="19">5801.3422</dst>
      <dst id="23">3148.4889</dst>
      <dst id="8">7475.0133</dst>
      <dst id="18">200257.4578</dst>
      <dst id="4">65022.1867</dst>
      <dst id="1">23505.3511</dst>
      <dst id="5">16435.6978</dst>
      <dst id="3">10410.4000</dst>
      <dst id="10">3207.5467</dst>
      <dst id="22">16692.1600</dst>
      <dst id="7">22279.3600</dst>
      <dst id="2">58008.5333</dst>
      <dst id="16">29923.5200</dst>
      <dst id="14">507.7689</dst>
      <dst id="20">15073.3244</dst>
      <dst id="11">7529.7422</dst>
      <dst id="9">18195.6622</dst>
      <dst id="17">69948.8533</dst>
      <dst id="21">25336.2222</dst>
      <dst id="15">3058.2844</dst>
    </src>
    <src id="13">
      <dst id="12">59921.4311</dst>
      <dst id="19">18941.0489</dst>
      <dst id="23">165.1200</dst>
      <dst id="8">4288.1600</dst>
      <dst id="18">8293.3244</dst>
      <dst id="1">20692.5067</dst>
      <dst id="5">4878.0000</dst>
      <dst id="3">29728.7378</dst>
      <dst id="22">28306.2844</dst>
      <dst id="7">32342.4178</dst>
      <dst id="2">52501.0044</dst>
      <dst id="16">14353.3511</dst>
      <dst id="14">10394.8000</dst>
      <dst id="20">35439.2178</dst>
      <dst id="11">16979.8133</dst>
      <dst id="9">23794.3022</dst>
      <dst id="17">95581.1200</dst>
      <dst id="21">31205.1911</dst>
      <dst id="15">4009.8933</dst>
    </src>
    <src id="19">
      <dst id="12">13854.4356</dst>
      <dst id="13">2920.3733</dst>
      <dst id="23">16.4889</dst>
      <dst id="8">23.6089</dst>
      <dst id="18">272.7200</dst>
      <dst id="4">21566.6222</dst>
      <dst id="1">18723.3600</dst>
      <dst id="5">1977.0933</dst>
      <dst id="3">1736.9867</dst>
      <dst id="10">321.8489</dst>
      <dst id="22">1911.3067</dst>
      <dst id="7">11015.1200</dst>
      <dst id="2">2360.2311</dst>
      <dst id="16">16346.7733</dst>
      <dst id="14">84.8089</dst>
      <dst id="20">249.2800</dst>
      <dst id="11">42.6667</dst>
      <dst id="9">139.2444</dst>
      <dst id="17">17475.2622</dst>
      <dst id="21">5549.9822</dst>
      <dst id="15">78.8000</dst>
    </src>
    <src id="23">
      <dst id="12">530.6133</dst>
      <dst id="13">554.0000</dst>
      <dst id="19">672.9689</dst>
      <dst id="8">1.3156</dst>
      <dst id="18">257.7867</dst>
      <dst id="4">15.1556</dst>
      <dst id="1">60.7733</dst>
      <dst id="5">53.4844</dst>
      <dst id="3">511.5644</dst>
      <dst id="10">26.6667</dst>
      <dst id="22">405.1111</dst>
      <dst id="7">3729.6800</dst>
      <dst id="2">68.1333</dst>
      <dst id="16">110.9067</dst>
      <dst id="14">37.8667</dst>
      <dst id="20">16.3644</dst>
      <dst id="11">236.2933</dst>
      <dst id="9">187.6978</dst>
      <dst id="17">1041.2622</dst>
      <dst id="21">653.5644</dst>
      <dst id="15">40.4978</dst>
    </src>
    <src id="8">
      <dst id="12">6908.1067</dst>
      <dst id="13">235.6089</dst>
      <dst id="19">1848.2133</dst>
      <dst id="23">2.3822</dst>
      <dst id="18">65.1378</dst>
      <dst id="4">5928.4978</dst>
      <dst id="1">4581.8844</dst>
      <dst id="5">18111.6267</dst>
      <dst id="3">659.5556</dst>
      <dst id="10">549.6533</dst>
      <dst id="22">5055.1911</dst>
      <dst id="7">16.8711</dst>
      <dst id="2">121.4844</dst>
      <dst id="16">1768.2400</dst>
      <dst id="20">291.9378</dst>
      <dst id="11">1450.9333</dst>
      <dst id="9">164881.2978</dst>
      <dst id="17">252732.6222</dst>
      <dst id="21">579.0400</dst>
      <dst id="15">251.6000</dst>
    </src>
    <src id="18">
      <dst id="12">177530.9511</dst>
      <dst id="13">748.7289</dst>
      <dst id="19">209.0756</dst>
      <dst id="23">13.3156</dst>
      <dst id="8">186.1156</dst>
      <dst id="4">1035.4044</dst>
      <dst id="1">1046.2222</dst>
      <dst id="5">1510.7289</dst>
      <dst id="3">1992.1867</dst>
      <dst id="10">105.5200</dst>
      <dst id="22">439.3600</dst>
      <dst id="7">228.1156</dst>
      <dst id="2">53238.6578</dst>
      <dst id="16">50.0089</dst>
      <dst id="14">12.9867</dst>
      <dst id="20">380.0800</dst>
      <dst id="11">320.2311</dst>
      <dst id="9">758.4089</dst>
      <dst id="17">13563.5644</dst>
      <dst id="21">638.0444</dst>
      <dst id="15">4.9778</dst>
    </src>
    <src id="4">
      <dst id="12">14058.8267</dst>
      <dst id="19">11723.8933</dst>
      <dst id="8">519.8222</dst>
      <dst id="18">2188.2667</dst>
      <dst id="4">240.7467</dst>
      <dst id="1">3990.1333</dst>
      <dst id="5">1015.5289</dst>
      <dst id="3">172460.1867</dst>
      <dst id="22">4047.2444</dst>
      <dst id="7">68484.3467</dst>
      <dst id="2">22440.0533</dst>
      <dst id="16">2404.1689</dst>
      <dst id="14">2082.1778</dst>
      <dst id="20">8641.4756</dst>
      <dst id="11">5910.8622</dst>
      <dst id="9">5703.8844</dst>
      <dst id="17">78286.0800</dst>
      <dst id="21">6754.1511</dst>
      <dst id="15">4206.5511</dst>
    </src>
    <src id="1">
      <dst id="12">26057.9911</dst>
      <dst id="13">3348.9067</dst>
      <dst id="19">18669.4222</dst>
      <dst id="23">23.6800</dst>
      <dst id="8">44.7378</dst>
      <dst id="18">14043.5467</dst>
      <dst id="4">6725.0756</dst>
      <dst id="1">121.0578</dst>
      <dst id="5">615.1467</dst>
      <dst id="3">66749.2533</dst>
      <dst id="10">191.6889</dst>
      <dst id="22">11847.6889</dst>
      <dst id="7">20499.5822</dst>
      <dst id="2">29433.3156</dst>
      <dst id="16">30900.1333</dst>
      <dst id="14">101.5911</dst>
      <dst id="20">849.3511</dst>
      <dst id="11">8619.6089</dst>
      <dst id="9">1800.5689</dst>
      <dst id="17">23955.1467</dst>
      <dst id="21">47552.9156</dst>
      <dst id="15">2011.4667</dst>
    </src>
    <src id="5">
      <dst id="12">10561.1733</dst>
      <dst id="13">2551.8133</dst>
      <dst id="19">111.8933</dst>
      <dst id="23">3.6711</dst>
      <dst id="8">5315.3511</dst>
      <dst id="18">1485.3867</dst>
      <dst id="4">3937.2711</dst>
      <dst id="1">3413.4756</dst>
      <dst id="3">850.6844</dst>
      <dst id="10">2875.5822</dst>
      <dst id="22">4178.7733</dst>
      <dst id="7">366.0089</dst>
      <dst id="2">3217.4044</dst>
      <dst id="16">1173.6178</dst>
      <dst id="14">1.0667</dst>
      <dst id="20">5062.6133</dst>
      <dst id="11">2759.7867</dst>
      <dst id="9">72330.9244</dst>
      <dst id="17">375764.0000</dst>
      <dst id="21">1173.6267</dst>
      <dst id="15">754.9689</dst>
    </src>
    <src id="3">
      <dst id="12">7772.5067</dst>
      <dst id="13">8979.8133</dst>
      <dst id="19">2848.9244</dst>
      <dst id="23">55.5822</dst>
      <dst id="8">414.6133</dst>
      <dst id="18">2370.5689</dst>
      <dst id="4">40828.7200</dst>
      <dst id="1">37499.5556</dst>
      <dst id="5">657.0400</dst>
      <dst id="3">73.1733</dst>
      <dst id="10">6814.9333</dst>
      <dst id="22">5227.1822</dst>
      <dst id="7">30670.6400</dst>
      <dst id="2">12879.4756</dst>
      <dst id="16">4530.8444</dst>
      <dst id="14">279.4844</dst>
      <dst id="20">4365.7422</dst>
      <dst id="11">2946.9689</dst>
      <dst id="9">3393.6889</dst>
      <dst id="17">30730.2578</dst>
      <dst id="21">30637.2178</dst>
      <dst id="15">1274.4889</dst>
    </src>
    <src id="10">
      <dst id="12">35724.2133</dst>
      <dst id="19">4701.7333</dst>
      <dst id="8">165761.7956</dst>
      <dst id="18">1568.3289</dst>
      <dst id="1">7054.0978</dst>
      <dst id="5">258114.0533</dst>
      <dst id="3">37373.1467</dst>
      <dst id="22">4692.4267</dst>
      <dst id="7">18832.8356</dst>
      <dst id="2">19716.0889</dst>
      <dst id="16">2435.1644</dst>
      <dst id="14">66290.1867</dst>
      <dst id="20">12698.4711</dst>
      <dst id="11">309733.2000</dst>
      <dst id="9">446457.3244</dst>
      <dst id="17">50536.1156</dst>
      <dst id="21">42503.2711</dst>
      <dst id="15">1912.5511</dst>
    </src>
    <src id="22">
      <dst id="12">12047.1378</dst>
      <dst id="13">6831.9467</dst>
      <dst id="19">2590.4533</dst>
      <dst id="23">493.3067</dst>
      <dst id="8">6386.3644</dst>
      <dst id="18">1782.0533</dst>
      <dst id="4">11622.7733</dst>
      <dst id="1">448.0978</dst>
      <dst id="5">3553.1733</dst>
      <dst id="3">1494.6667</dst>
      <dst id="10">1571.7689</dst>
      <dst id="7">6387.0756</dst>
      <dst id="2">2030.7911</dst>
      <dst id="14">356.2578</dst>
      <dst id="11">1413.9022</dst>
      <dst id="9">9073.7156</dst>
      <dst id="17">22880.4178</dst>
      <dst id="21">2826.7556</dst>
    </src>
    <src id="7">
      <dst id="12">5991.1111</dst>
      <dst id="13">3839.1911</dst>
      <dst id="19">6025.6178</dst>
      <dst id="23">95.2889</dst>
      <dst id="8">231.5289</dst>
      <dst id="18">1243.3778</dst>
      <dst id="4">12470.3378</dst>
      <dst id="1">7624.3911</dst>
      <dst id="5">876.7733</dst>
      <dst id="3">21844.8622</dst>
      <dst id="10">1294.4622</dst>
      <dst id="22">7258.9422</dst>
      <dst id="7">15.1822</dst>
      <dst id="2">3670.6756</dst>
      <dst id="16">3122.6133</dst>
      <dst id="14">693.7244</dst>
      <dst id="20">5204.1689</dst>
      <dst id="11">2951.4044</dst>
      <dst id="9">5719.2178</dst>
      <dst id="17">31359.4667</dst>
      <dst id="21">14140.0800</dst>
      <dst id="15">1218.3022</dst>
    </src>
    <src id="2">
      <dst id="12">164238.9956</dst>
      <dst id="13">26908.2667</dst>
      <dst id="19">1817.2978</dst>
      <dst id="23">40.3200</dst>
      <dst id="8">143.1378</dst>
      <dst id="18">176239.6356</dst>
      <dst id="4">54348.0622</dst>
      <dst id="1">25466.7822</dst>
      <dst id="5">11299.3333</dst>
      <dst id="3">8272.4178</dst>
      <dst id="10">3812.9422</dst>
      <dst id="22">2477.2889</dst>
      <dst id="7">9316.1867</dst>
      <dst id="2">668.6578</dst>
      <dst id="16">982.7467</dst>
      <dst id="14">375.0044</dst>
      <dst id="20">4994.3733</dst>
      <dst id="11">13790.8800</dst>
      <dst id="9">1499.0400</dst>
      <dst id="17">21409.0311</dst>
      <dst id="21">8717.4578</dst>
      <dst id="15">744.1422</dst>
    </src>
    <src id="6">
      <dst id="12">152.3822</dst>
      <dst id="13">279.4756</dst>
      <dst id="19">140.5333</dst>
      <dst id="8">21.6711</dst>
      <dst id="18">31.7156</dst>
      <dst id="4">63.7422</dst>
      <dst id="1">176.6667</dst>
      <dst id="5">11.5556</dst>
      <dst id="3">166.6044</dst>
      <dst id="10">54.9689</dst>
      <dst id="22">41.9289</dst>
      <dst id="7">204.0444</dst>
      <dst id="2">3669.9644</dst>
      <dst id="16">91.4222</dst>
      <dst id="14">0.4622</dst>
      <dst id="20">24.1333</dst>
      <dst id="11">86.0711</dst>
      <dst id="9">38.6044</dst>
      <dst id="17">17298.8622</dst>
      <dst id="21">88.2667</dst>
      <dst id="15">0.3556</dst>
    </src>
    <src id="16">
      <dst id="12">5926.5956</dst>
      <dst id="13">1073.9822</dst>
      <dst id="19">4236.0089</dst>
      <dst id="23">3.4489</dst>
      <dst id="8">8804.9511</dst>
      <dst id="18">23.0133</dst>
      <dst id="4">3926.7556</dst>
      <dst id="1">25641.4400</dst>
      <dst id="5">6654.0444</dst>
      <dst id="3">6697.0578</dst>
      <dst id="10">253.7956</dst>
      <dst id="22">2.7022</dst>
      <dst id="7">2719.2622</dst>
      <dst id="2">310.8178</dst>
      <dst id="16">42.8000</dst>
      <dst id="14">28.7467</dst>
      <dst id="11">217.3689</dst>
      <dst id="9">17161.2356</dst>
      <dst id="17">7505.0044</dst>
      <dst id="21">385.5733</dst>
    </src>
    <src id="14">
      <dst id="12">695.0044</dst>
      <dst id="13">95.7333</dst>
      <dst id="19">7.8667</dst>
      <dst id="23">0.4978</dst>
      <dst id="8">0.3556</dst>
      <dst id="18">0.4267</dst>
      <dst id="4">2022.4267</dst>
      <dst id="1">904.8444</dst>
      <dst id="5">3.9111</dst>
      <dst id="3">204.8444</dst>
      <dst id="10">311.4756</dst>
      <dst id="22">412.9600</dst>
      <dst id="7">1389.4933</dst>
      <dst id="2">5699.9111</dst>
      <dst id="16">100.4622</dst>
      <dst id="20">64.9689</dst>
      <dst id="11">25.2444</dst>
      <dst id="9">138.4889</dst>
      <dst id="17">34992.8711</dst>
      <dst id="21">197.9644</dst>
      <dst id="15">3.9644</dst>
    </src>
    <src id="20">
      <dst id="12">3328.0889</dst>
      <dst id="13">7575.1733</dst>
      <dst id="19">109.5467</dst>
      <dst id="23">1.9556</dst>
      <dst id="8">1747.9733</dst>
      <dst id="18">881.6800</dst>
      <dst id="4">7187.2533</dst>
      <dst id="1">183.1733</dst>
      <dst id="5">4510.0178</dst>
      <dst id="3">1805.6000</dst>
      <dst id="10">624.3200</dst>
      <dst id="7">1508.5156</dst>
      <dst id="2">6313.8578</dst>
      <dst id="14">4.9156</dst>
      <dst id="11">2852.9511</dst>
      <dst id="9">3398.9956</dst>
      <dst id="17">7039.1822</dst>
      <dst id="21">5667.0133</dst>
    </src>
    <src id="11">
      <dst id="12">14329.6533</dst>
      <dst id="13">630.3911</dst>
      <dst id="19">166.8533</dst>
      <dst id="23">57.2356</dst>
      <dst id="8">2334.4622</dst>
      <dst id="18">891.9022</dst>
      <dst id="4">11391.7511</dst>
      <dst id="1">2520.9956</dst>
      <dst id="5">2450.8444</dst>
      <dst id="3">4612.8444</dst>
      <dst id="10">660.5067</dst>
      <dst id="22">2785.5111</dst>
      <dst id="7">11659.6711</dst>
      <dst id="2">117739.2978</dst>
      <dst id="16">1481.1289</dst>
      <dst id="14">49.0844</dst>
      <dst id="20">1917.9378</dst>
      <dst id="11">10904.0800</dst>
      <dst id="9">3140.2667</dst>
      <dst id="17">675556.1778</dst>
      <dst id="21">1854.0711</dst>
      <dst id="15">655.1733</dst>
    </src>
    <src id="9">
      <dst id="12">23476.5778</dst>
      <dst id="13">3814.4178</dst>
      <dst id="19">1330.1600</dst>
      <dst id="23">6.6222</dst>
      <dst id="8">190713.6444</dst>
      <dst id="18">349.0578</dst>
      <dst id="4">8995.3333</dst>
      <dst id="1">25678.6578</dst>
      <dst id="5">1673.2533</dst>
      <dst id="3">1062.3200</dst>
      <dst id="10">314.2222</dst>
      <dst id="22">4995.2533</dst>
      <dst id="7">2109.4222</dst>
      <dst id="2">948.8356</dst>
      <dst id="16">1293.6978</dst>
      <dst id="14">18.9689</dst>
      <dst id="20">5804.1333</dst>
      <dst id="11">827.4933</dst>
      <dst id="9">640014.2756</dst>
      <dst id="17">521801.8311</dst>
      <dst id="21">2778.1778</dst>
      <dst id="15">552.5333</dst>
    </src>
    <src id="17">
      <dst id="12">17457.2889</dst>
      <dst id="13">14835.4133</dst>
      <dst id="19">2876.3467</dst>
      <dst id="23">281.9556</dst>
      <dst id="8">873.7333</dst>
      <dst id="18">1840.8889</dst>
      <dst id="4">57706.4356</dst>
      <dst id="1">15194.9867</dst>
      <dst id="5">221496.2044</dst>
      <dst id="3">12946.6311</dst>
      <dst id="10">3317.1911</dst>
      <dst id="22">10696.3911</dst>
      <dst id="7">34494.4978</dst>
      <dst id="2">4002.7111</dst>
      <dst id="16">9422.1600</dst>
      <dst id="14">47049.8133</dst>
      <dst id="20">3561.5111</dst>
      <dst id="11">240015.0222</dst>
      <dst id="9">12570.3911</dst>
      <dst id="17">19352.6489</dst>
      <dst id="21">20366.9244</dst>
      <dst id="15">223.4933</dst>
    </src>
    <src id="21">
      <dst id="12">3792.8444</dst>
      <dst id="13">3930.6489</dst>
      <dst id="19">768.8622</dst>
      <dst id="23">185.9644</dst>
      <dst id="8">483.7689</dst>
      <dst id="18">3271.9022</dst>
      <dst id="4">12967.1822</dst>
      <dst id="1">6145.7067</dst>
      <dst id="5">362.9689</dst>
      <dst id="3">25294.5422</dst>
      <dst id="10">6964.1333</dst>
      <dst id="22">11252.5422</dst>
      <dst id="7">17723.6800</dst>
      <dst id="2">9952.4000</dst>
      <dst id="16">1358.5867</dst>
      <dst id="14">266.2044</dst>
      <dst id="20">1517.2000</dst>
      <dst id="11">4372.0622</dst>
      <dst id="9">854.0533</dst>
      <dst id="17">43181.7156</dst>
      <dst id="21">2087.9289</dst>
      <dst id="15">903.3244</dst>
    </src>
    <src id="15">
      <dst id="12">594.6489</dst>
      <dst id="13">171.4578</dst>
      <dst id="19">3376.4978</dst>
      <dst id="23">13.5911</dst>
      <dst id="8">27.4222</dst>
      <dst id="18">204.5867</dst>
      <dst id="4">2857.9467</dst>
      <dst id="1">172.7822</dst>
      <dst id="5">2031.6356</dst>
      <dst id="3">534.8800</dst>
      <dst id="10">133.0044</dst>
      <dst id="7">72.4267</dst>
      <dst id="2">176.8889</dst>
      <dst id="11">156.9511</dst>
      <dst id="9">5336.9244</dst>
      <dst id="17">1815.0133</dst>
      <dst id="21">2203.5289</dst>
    </src>
  </IntraTM>
</TrafficMatrixFile>
