<?xml version="1.0" encoding="UTF-8" standalone="yes"?>
<TrafficMatrixFile xmlns:xsi="http://www.w3.org/2001/XMLSchema-instance" xsi:noNamespaceSchemaLocation="http://totem.run.montefiore.ulg.ac.be/Schema/TrafficMatrix-v1_2.xsd">
  <info>
    <title>Intradomain traffic matrix generated by geant-TM-all.pl</title>
    <date>2005-01-21T19:15:00</date>
    <duration>900</duration>
    <author>Steve Uhlig</author>
    <units>
        <unit type="bandwidth" value="kbps"/>
    </units>
  </info>
  <IntraTM ASID="20965">
    <src id="12">
      <dst id="12">350122.0711</dst>
      <dst id="13">67189.8222</dst>
      <dst id="19">7334.3022</dst>
      <dst id="23">249.4044</dst>
      <dst id="8">9928.3644</dst>
      <dst id="18">222157.9556</dst>
      <dst id="4">58438.3200</dst>
      <dst id="1">18422.6133</dst>
      <dst id="5">5201.6978</dst>
      <dst id="3">19493.8044</dst>
      <dst id="10">7016.2400</dst>
      <dst id="22">12353.2978</dst>
      <dst id="7">7914.7200</dst>
      <dst id="2">77928.4178</dst>
      <dst id="16">11881.9911</dst>
      <dst id="14">207.3689</dst>
      <dst id="20">12799.0133</dst>
      <dst id="11">12980.8178</dst>
      <dst id="9">6958.8178</dst>
      <dst id="17">76356.9511</dst>
      <dst id="21">23937.1467</dst>
      <dst id="15">422.4444</dst>
    </src>
    <src id="13">
      <dst id="12">65722.8533</dst>
      <dst id="19">20421.1644</dst>
      <dst id="23">622.4800</dst>
      <dst id="8">7162.4978</dst>
      <dst id="18">8237.8400</dst>
      <dst id="1">13379.9467</dst>
      <dst id="5">5823.6000</dst>
      <dst id="3">22021.0222</dst>
      <dst id="22">24856.2933</dst>
      <dst id="7">49416.5422</dst>
      <dst id="2">99279.4933</dst>
      <dst id="16">9073.2000</dst>
      <dst id="14">8503.2000</dst>
      <dst id="20">21278.4267</dst>
      <dst id="11">17359.4578</dst>
      <dst id="9">34478.8178</dst>
      <dst id="17">110062.2133</dst>
      <dst id="21">30186.1067</dst>
      <dst id="15">4043.5022</dst>
    </src>
    <src id="19">
      <dst id="12">13771.5111</dst>
      <dst id="13">2747.2978</dst>
      <dst id="23">74.4444</dst>
      <dst id="8">93.8756</dst>
      <dst id="18">1203.4044</dst>
      <dst id="4">22240.4089</dst>
      <dst id="1">5293.3511</dst>
      <dst id="5">122.1067</dst>
      <dst id="3">115.7244</dst>
      <dst id="10">619.8044</dst>
      <dst id="22">3790.4356</dst>
      <dst id="7">11817.1111</dst>
      <dst id="2">1963.6356</dst>
      <dst id="16">11247.8578</dst>
      <dst id="14">4.5156</dst>
      <dst id="20">5979.4667</dst>
      <dst id="11">643.3067</dst>
      <dst id="9">1686.0444</dst>
      <dst id="17">8266.6667</dst>
      <dst id="21">4706.4711</dst>
      <dst id="15">101.4044</dst>
    </src>
    <src id="23">
      <dst id="12">2926.7822</dst>
      <dst id="13">1776.8978</dst>
      <dst id="19">401.6444</dst>
      <dst id="8">257.6533</dst>
      <dst id="18">1096.6578</dst>
      <dst id="4">45.5022</dst>
      <dst id="1">136.2044</dst>
      <dst id="5">440.0000</dst>
      <dst id="3">754.2133</dst>
      <dst id="22">1998.3556</dst>
      <dst id="7">951.6444</dst>
      <dst id="2">955.9822</dst>
      <dst id="16">142.3022</dst>
      <dst id="14">1.7778</dst>
      <dst id="20">5454.9511</dst>
      <dst id="11">40.7200</dst>
      <dst id="9">868.1511</dst>
      <dst id="17">6705.3600</dst>
      <dst id="21">1811.2889</dst>
      <dst id="15">133.0311</dst>
    </src>
    <src id="8">
      <dst id="12">83281.8844</dst>
      <dst id="13">1259.9022</dst>
      <dst id="19">43.1644</dst>
      <dst id="23">86.4889</dst>
      <dst id="18">401.2089</dst>
      <dst id="4">4634.1511</dst>
      <dst id="1">1916.9778</dst>
      <dst id="5">8137.8489</dst>
      <dst id="3">15.9022</dst>
      <dst id="10">171.5378</dst>
      <dst id="22">2879.9911</dst>
      <dst id="7">154.7200</dst>
      <dst id="2">1606.0978</dst>
      <dst id="16">650.4267</dst>
      <dst id="14">42.5600</dst>
      <dst id="20">1402.3289</dst>
      <dst id="11">407.2444</dst>
      <dst id="9">187422.2044</dst>
      <dst id="17">393293.1022</dst>
      <dst id="21">2677.9644</dst>
      <dst id="15">89.3778</dst>
    </src>
    <src id="18">
      <dst id="12">176670.2222</dst>
      <dst id="13">893.1822</dst>
      <dst id="19">33.5644</dst>
      <dst id="23">36.6844</dst>
      <dst id="8">35.6178</dst>
      <dst id="4">1382.1244</dst>
      <dst id="1">1748.1156</dst>
      <dst id="5">115.7067</dst>
      <dst id="3">622.9333</dst>
      <dst id="10">114.3911</dst>
      <dst id="22">891.9022</dst>
      <dst id="7">213.3156</dst>
      <dst id="2">64513.8578</dst>
      <dst id="16">126.8178</dst>
      <dst id="14">12.6311</dst>
      <dst id="20">126.7200</dst>
      <dst id="11">369.9378</dst>
      <dst id="9">406.9511</dst>
      <dst id="17">39596.4889</dst>
      <dst id="21">926.6311</dst>
      <dst id="15">5.1378</dst>
    </src>
    <src id="4">
      <dst id="12">26083.8756</dst>
      <dst id="19">16832.6844</dst>
      <dst id="8">1730.3378</dst>
      <dst id="18">5139.5111</dst>
      <dst id="4">84.5600</dst>
      <dst id="1">33449.9200</dst>
      <dst id="5">1244.0356</dst>
      <dst id="3">3939.1911</dst>
      <dst id="22">6056.9067</dst>
      <dst id="7">49602.1244</dst>
      <dst id="2">49976.1867</dst>
      <dst id="16">2101.7600</dst>
      <dst id="14">1518.5956</dst>
      <dst id="20">6124.7911</dst>
      <dst id="11">3835.4489</dst>
      <dst id="9">4521.1289</dst>
      <dst id="17">119167.7422</dst>
      <dst id="21">30592.4711</dst>
      <dst id="15">692.4000</dst>
    </src>
    <src id="1">
      <dst id="12">28356.6933</dst>
      <dst id="13">10601.2178</dst>
      <dst id="19">1592.3733</dst>
      <dst id="23">73.2800</dst>
      <dst id="8">120.9867</dst>
      <dst id="18">12669.8667</dst>
      <dst id="4">6648.1778</dst>
      <dst id="1">67819.0133</dst>
      <dst id="5">572.0889</dst>
      <dst id="3">18936.3467</dst>
      <dst id="10">507.0667</dst>
      <dst id="22">13600.4622</dst>
      <dst id="7">17102.2578</dst>
      <dst id="2">64753.9822</dst>
      <dst id="16">18998.4711</dst>
      <dst id="14">607.1911</dst>
      <dst id="20">621.2267</dst>
      <dst id="11">1233.2178</dst>
      <dst id="9">8103.8133</dst>
      <dst id="17">8399.1467</dst>
      <dst id="21">10226.4267</dst>
      <dst id="15">857.6622</dst>
    </src>
    <src id="5">
      <dst id="12">73960.7467</dst>
      <dst id="13">9552.2311</dst>
      <dst id="19">72.4356</dst>
      <dst id="23">5.5467</dst>
      <dst id="8">26185.1822</dst>
      <dst id="18">389.3689</dst>
      <dst id="4">5810.9600</dst>
      <dst id="1">2836.9867</dst>
      <dst id="3">140.9956</dst>
      <dst id="10">2599.1467</dst>
      <dst id="22">3262.4800</dst>
      <dst id="7">192.6044</dst>
      <dst id="2">3329.4400</dst>
      <dst id="16">1187.6000</dst>
      <dst id="14">52.6311</dst>
      <dst id="20">4818.7733</dst>
      <dst id="11">1733.2000</dst>
      <dst id="9">86160.1422</dst>
      <dst id="17">396431.0044</dst>
      <dst id="21">651.9556</dst>
      <dst id="15">3418.2222</dst>
    </src>
    <src id="3">
      <dst id="12">38819.5644</dst>
      <dst id="13">3467.9289</dst>
      <dst id="19">1895.0311</dst>
      <dst id="23">229.6356</dst>
      <dst id="8">1650.9156</dst>
      <dst id="18">486.1689</dst>
      <dst id="4">37372.0267</dst>
      <dst id="1">22192.4533</dst>
      <dst id="5">3170.7022</dst>
      <dst id="3">177.3244</dst>
      <dst id="10">1658.7644</dst>
      <dst id="22">6226.2044</dst>
      <dst id="7">3907.1022</dst>
      <dst id="2">55102.5867</dst>
      <dst id="16">1464.9067</dst>
      <dst id="14">1599.7333</dst>
      <dst id="20">885.3600</dst>
      <dst id="11">4198.7111</dst>
      <dst id="9">1200.8089</dst>
      <dst id="17">29925.6533</dst>
      <dst id="21">5913.2267</dst>
      <dst id="15">342.0444</dst>
    </src>
    <src id="10">
      <dst id="12">49681.8756</dst>
      <dst id="19">12357.7511</dst>
      <dst id="8">259330.7733</dst>
      <dst id="18">11927.3067</dst>
      <dst id="1">10621.9644</dst>
      <dst id="5">330361.6711</dst>
      <dst id="3">45511.2444</dst>
      <dst id="22">6911.8400</dst>
      <dst id="7">16340.7111</dst>
      <dst id="2">38786.9244</dst>
      <dst id="16">7925.4311</dst>
      <dst id="14">66129.9556</dst>
      <dst id="20">3864.5422</dst>
      <dst id="11">409344.3822</dst>
      <dst id="9">429869.6000</dst>
      <dst id="17">52082.4089</dst>
      <dst id="21">35572.5333</dst>
      <dst id="15">3889.0044</dst>
    </src>
    <src id="22">
      <dst id="12">15521.6978</dst>
      <dst id="13">4860.8711</dst>
      <dst id="19">972.5689</dst>
      <dst id="23">203.7333</dst>
      <dst id="8">10439.8400</dst>
      <dst id="18">1073.6356</dst>
      <dst id="4">14890.0711</dst>
      <dst id="1">1314.4711</dst>
      <dst id="5">3004.5244</dst>
      <dst id="3">2539.5733</dst>
      <dst id="10">1319.1200</dst>
      <dst id="7">1504.2133</dst>
      <dst id="2">3946.4089</dst>
      <dst id="14">384.1689</dst>
      <dst id="11">3409.0133</dst>
      <dst id="9">5850.1156</dst>
      <dst id="17">12391.2889</dst>
      <dst id="21">6014.3467</dst>
    </src>
    <src id="7">
      <dst id="12">6098.3822</dst>
      <dst id="13">17899.3511</dst>
      <dst id="19">13164.8978</dst>
      <dst id="23">2511.2089</dst>
      <dst id="8">693.3778</dst>
      <dst id="18">977.3422</dst>
      <dst id="4">28775.5111</dst>
      <dst id="1">18869.6978</dst>
      <dst id="5">1328.9689</dst>
      <dst id="3">1977.8578</dst>
      <dst id="10">286.0444</dst>
      <dst id="22">5889.8044</dst>
      <dst id="7">6.7200</dst>
      <dst id="2">13016.1156</dst>
      <dst id="16">9039.7067</dst>
      <dst id="14">371.4400</dst>
      <dst id="20">20754.8444</dst>
      <dst id="11">2204.3467</dst>
      <dst id="9">1724.2933</dst>
      <dst id="17">24021.3156</dst>
      <dst id="21">12453.1111</dst>
      <dst id="15">300.5333</dst>
    </src>
    <src id="2">
      <dst id="12">172763.9022</dst>
      <dst id="13">19619.9556</dst>
      <dst id="19">4266.1333</dst>
      <dst id="23">26.6667</dst>
      <dst id="8">2734.7111</dst>
      <dst id="18">188968.9867</dst>
      <dst id="4">86147.4933</dst>
      <dst id="1">38903.8489</dst>
      <dst id="5">1995.1911</dst>
      <dst id="3">1134.1422</dst>
      <dst id="10">3937.7778</dst>
      <dst id="22">3766.0800</dst>
      <dst id="7">15320.7200</dst>
      <dst id="2">2931.8311</dst>
      <dst id="16">6123.3333</dst>
      <dst id="14">2263.1822</dst>
      <dst id="20">4168.6133</dst>
      <dst id="11">10958.8356</dst>
      <dst id="9">3354.4444</dst>
      <dst id="17">42152.0356</dst>
      <dst id="21">19310.8178</dst>
      <dst id="15">7913.8133</dst>
    </src>
    <src id="6">
      <dst id="12">740.7200</dst>
      <dst id="13">165.1911</dst>
      <dst id="19">43.9111</dst>
      <dst id="23">12.5689</dst>
      <dst id="8">4.1689</dst>
      <dst id="18">35.7956</dst>
      <dst id="4">94.9778</dst>
      <dst id="1">329.2000</dst>
      <dst id="5">20.7111</dst>
      <dst id="3">79.7778</dst>
      <dst id="10">1.2089</dst>
      <dst id="22">120.0000</dst>
      <dst id="7">326.4711</dst>
      <dst id="2">2725.2089</dst>
      <dst id="16">57.2356</dst>
      <dst id="20">28.3111</dst>
      <dst id="11">23.7067</dst>
      <dst id="9">64.3467</dst>
      <dst id="17">11431.3600</dst>
      <dst id="21">66.5778</dst>
    </src>
    <src id="16">
      <dst id="12">4699.3956</dst>
      <dst id="13">2078.0800</dst>
      <dst id="19">4656.6044</dst>
      <dst id="23">296.9600</dst>
      <dst id="8">7798.3911</dst>
      <dst id="18">311.8844</dst>
      <dst id="4">4083.9378</dst>
      <dst id="1">31701.7867</dst>
      <dst id="5">8243.4311</dst>
      <dst id="3">1205.5378</dst>
      <dst id="10">359.8400</dst>
      <dst id="22">0.7111</dst>
      <dst id="7">2478.5956</dst>
      <dst id="2">834.7111</dst>
      <dst id="16">30.7111</dst>
      <dst id="14">259.5378</dst>
      <dst id="11">467.5644</dst>
      <dst id="9">13315.5733</dst>
      <dst id="17">7508.6400</dst>
      <dst id="21">2312.8000</dst>
    </src>
    <src id="14">
      <dst id="12">4839.5467</dst>
      <dst id="13">496.6222</dst>
      <dst id="19">1.6711</dst>
      <dst id="23">105.5022</dst>
      <dst id="8">40.3556</dst>
      <dst id="18">474.9867</dst>
      <dst id="4">3024.6400</dst>
      <dst id="1">1583.7600</dst>
      <dst id="5">47.0844</dst>
      <dst id="3">633.9911</dst>
      <dst id="10">95.3867</dst>
      <dst id="22">20.4000</dst>
      <dst id="7">106.8622</dst>
      <dst id="2">5928.5067</dst>
      <dst id="16">390.6844</dst>
      <dst id="20">46.0444</dst>
      <dst id="11">2389.4667</dst>
      <dst id="9">168.7822</dst>
      <dst id="17">31554.1333</dst>
      <dst id="21">127.9467</dst>
      <dst id="15">0.4622</dst>
    </src>
    <src id="20">
      <dst id="12">5410.3022</dst>
      <dst id="13">13342.1956</dst>
      <dst id="19">281.9022</dst>
      <dst id="23">105.5644</dst>
      <dst id="8">1458.2933</dst>
      <dst id="18">675.3600</dst>
      <dst id="4">9412.8800</dst>
      <dst id="1">2004.0178</dst>
      <dst id="5">2419.1733</dst>
      <dst id="3">826.2400</dst>
      <dst id="10">780.0533</dst>
      <dst id="7">1213.5644</dst>
      <dst id="2">4210.6044</dst>
      <dst id="14">40.0356</dst>
      <dst id="11">3956.8889</dst>
      <dst id="9">6798.3911</dst>
      <dst id="17">9639.1022</dst>
      <dst id="21">1381.3511</dst>
    </src>
    <src id="11">
      <dst id="12">130165.8044</dst>
      <dst id="13">3084.4267</dst>
      <dst id="19">2015.6356</dst>
      <dst id="23">31.3600</dst>
      <dst id="8">2687.2000</dst>
      <dst id="18">582.4089</dst>
      <dst id="4">6950.3289</dst>
      <dst id="1">1383.5733</dst>
      <dst id="5">4377.0844</dst>
      <dst id="3">1495.6267</dst>
      <dst id="10">330.1067</dst>
      <dst id="22">2369.9911</dst>
      <dst id="7">2063.5022</dst>
      <dst id="2">143985.5022</dst>
      <dst id="16">2122.6933</dst>
      <dst id="14">155.6356</dst>
      <dst id="20">4005.1644</dst>
      <dst id="11">11476.6044</dst>
      <dst id="9">1928.7556</dst>
      <dst id="17">737334.7467</dst>
      <dst id="21">1327.4578</dst>
      <dst id="15">512.7644</dst>
    </src>
    <src id="9">
      <dst id="12">109774.3200</dst>
      <dst id="13">18955.2978</dst>
      <dst id="19">1493.6000</dst>
      <dst id="23">20.0711</dst>
      <dst id="8">241991.0489</dst>
      <dst id="18">941.4489</dst>
      <dst id="4">11313.0044</dst>
      <dst id="1">20784.3467</dst>
      <dst id="5">2861.6267</dst>
      <dst id="3">715.9644</dst>
      <dst id="10">351.9289</dst>
      <dst id="22">5369.4311</dst>
      <dst id="7">3807.6889</dst>
      <dst id="2">2874.9867</dst>
      <dst id="16">1384.1867</dst>
      <dst id="14">47.4311</dst>
      <dst id="20">24765.3689</dst>
      <dst id="11">3135.6889</dst>
      <dst id="9">565903.5822</dst>
      <dst id="17">519822.5600</dst>
      <dst id="21">1432.8978</dst>
      <dst id="15">7405.9911</dst>
    </src>
    <src id="17">
      <dst id="12">16586.3644</dst>
      <dst id="13">8938.0356</dst>
      <dst id="19">4791.4222</dst>
      <dst id="23">801.7689</dst>
      <dst id="8">696.2311</dst>
      <dst id="18">2001.6000</dst>
      <dst id="4">47571.7956</dst>
      <dst id="1">5055.2978</dst>
      <dst id="5">237869.2444</dst>
      <dst id="3">21817.1911</dst>
      <dst id="10">2483.5111</dst>
      <dst id="22">11561.5911</dst>
      <dst id="7">28750.9422</dst>
      <dst id="2">18479.7689</dst>
      <dst id="16">11584.1422</dst>
      <dst id="14">42382.5333</dst>
      <dst id="20">1557.6622</dst>
      <dst id="11">293286.9422</dst>
      <dst id="9">3509.0933</dst>
      <dst id="17">3867.4044</dst>
      <dst id="21">32609.3778</dst>
      <dst id="15">3130.2933</dst>
    </src>
    <src id="21">
      <dst id="12">10709.3156</dst>
      <dst id="13">11466.0978</dst>
      <dst id="19">1407.0667</dst>
      <dst id="23">179.6622</dst>
      <dst id="8">448.5067</dst>
      <dst id="18">4386.6222</dst>
      <dst id="4">17559.8044</dst>
      <dst id="1">11370.9867</dst>
      <dst id="5">1435.6978</dst>
      <dst id="3">29386.1867</dst>
      <dst id="10">5397.2978</dst>
      <dst id="22">9476.2933</dst>
      <dst id="7">7716.9422</dst>
      <dst id="2">91235.1111</dst>
      <dst id="16">1197.1733</dst>
      <dst id="14">1514.3111</dst>
      <dst id="20">6382.7822</dst>
      <dst id="11">1070.6222</dst>
      <dst id="9">1443.6356</dst>
      <dst id="17">41656.5511</dst>
      <dst id="21">2937.0400</dst>
      <dst id="15">1196.9778</dst>
    </src>
    <src id="15">
      <dst id="12">462.5422</dst>
      <dst id="13">355.6356</dst>
      <dst id="19">6887.1644</dst>
      <dst id="23">1.1822</dst>
      <dst id="8">379.4844</dst>
      <dst id="18">168.6489</dst>
      <dst id="4">1914.0889</dst>
      <dst id="1">822.9333</dst>
      <dst id="5">2111.7244</dst>
      <dst id="3">11.8844</dst>
      <dst id="10">180.0622</dst>
      <dst id="7">273.2444</dst>
      <dst id="2">707.3244</dst>
      <dst id="14">1.1733</dst>
      <dst id="11">351.7422</dst>
      <dst id="9">9324.3111</dst>
      <dst id="17">668.4622</dst>
      <dst id="21">112.5333</dst>
    </src>
  </IntraTM>
</TrafficMatrixFile>
