<?xml version="1.0" encoding="UTF-8" standalone="yes"?>
<TrafficMatrixFile xmlns:xsi="http://www.w3.org/2001/XMLSchema-instance" xsi:noNamespaceSchemaLocation="http://totem.run.montefiore.ulg.ac.be/Schema/TrafficMatrix-v1_2.xsd">
  <info>
    <title>Intradomain traffic matrix generated by geant-TM-all.pl</title>
    <date>2005-02-07T01:30:00</date>
    <duration>900</duration>
    <author>Steve Uhlig</author>
    <units>
        <unit type="bandwidth" value="kbps"/>
    </units>
  </info>
  <IntraTM ASID="20965">
    <src id="12">
      <dst id="12">339193.6800</dst>
      <dst id="13">18818.6222</dst>
      <dst id="19">2019.1822</dst>
      <dst id="23">266.8178</dst>
      <dst id="8">2580.0622</dst>
      <dst id="18">97509.5200</dst>
      <dst id="4">119223.3333</dst>
      <dst id="1">10039.4222</dst>
      <dst id="5">16065.6000</dst>
      <dst id="3">307.9200</dst>
      <dst id="10">10946.3289</dst>
      <dst id="22">22828.3200</dst>
      <dst id="7">11627.1556</dst>
      <dst id="2">70368.2489</dst>
      <dst id="6">70.6489</dst>
      <dst id="16">19324.4356</dst>
      <dst id="14">688.7822</dst>
      <dst id="20">24606.7911</dst>
      <dst id="11">121.9556</dst>
      <dst id="9">11718.9067</dst>
      <dst id="17">138329.2889</dst>
      <dst id="21">20290.8800</dst>
      <dst id="15">1670.0089</dst>
    </src>
    <src id="13">
      <dst id="12">64243.9022</dst>
      <dst id="19">19035.5111</dst>
      <dst id="23">13564.9244</dst>
      <dst id="8">7827.6178</dst>
      <dst id="18">3377.3422</dst>
      <dst id="4">0.3556</dst>
      <dst id="1">14205.8044</dst>
      <dst id="5">7772.6400</dst>
      <dst id="3">1520.8800</dst>
      <dst id="22">14375.4756</dst>
      <dst id="7">21427.6622</dst>
      <dst id="2">79093.8133</dst>
      <dst id="6">1317.1556</dst>
      <dst id="16">9363.8311</dst>
      <dst id="14">2508.6933</dst>
      <dst id="20">6115.6000</dst>
      <dst id="11">291.3067</dst>
      <dst id="9">23847.1644</dst>
      <dst id="17">116725.2978</dst>
      <dst id="21">14855.6533</dst>
      <dst id="15">5483.2711</dst>
    </src>
    <src id="19">
      <dst id="12">20871.5644</dst>
      <dst id="13">6176.8089</dst>
      <dst id="23">165.7244</dst>
      <dst id="8">9.2000</dst>
      <dst id="18">6.4978</dst>
      <dst id="4">22173.1911</dst>
      <dst id="1">15681.5911</dst>
      <dst id="5">84.9422</dst>
      <dst id="3">33.3333</dst>
      <dst id="10">166.7822</dst>
      <dst id="22">22.3822</dst>
      <dst id="7">4571.5378</dst>
      <dst id="2">1496.4267</dst>
      <dst id="6">103.3778</dst>
      <dst id="16">23718.0889</dst>
      <dst id="14">40.3289</dst>
      <dst id="20">821.5289</dst>
      <dst id="11">7.5556</dst>
      <dst id="9">134.7644</dst>
      <dst id="17">16179.3156</dst>
      <dst id="21">629.1556</dst>
      <dst id="15">1.4933</dst>
    </src>
    <src id="23">
      <dst id="12">456.3644</dst>
      <dst id="13">2165.3333</dst>
      <dst id="19">254.0267</dst>
      <dst id="8">122.0089</dst>
      <dst id="18">9487.9822</dst>
      <dst id="4">4226.7022</dst>
      <dst id="1">111.0400</dst>
      <dst id="5">0.4267</dst>
      <dst id="3">94.1511</dst>
      <dst id="10">213.4933</dst>
      <dst id="22">417.0222</dst>
      <dst id="7">343.4844</dst>
      <dst id="2">36.1511</dst>
      <dst id="6">0.8889</dst>
      <dst id="16">476.8000</dst>
      <dst id="20">44.8356</dst>
      <dst id="11">12.6222</dst>
      <dst id="9">466.3911</dst>
      <dst id="17">3136.3022</dst>
      <dst id="21">716.3467</dst>
      <dst id="15">67.1467</dst>
    </src>
    <src id="8">
      <dst id="12">55250.8533</dst>
      <dst id="13">1017.1200</dst>
      <dst id="19">14.4089</dst>
      <dst id="23">1.8844</dst>
      <dst id="18">1045.8489</dst>
      <dst id="4">3706.6667</dst>
      <dst id="1">3965.4400</dst>
      <dst id="5">1860.1422</dst>
      <dst id="3">16.4622</dst>
      <dst id="10">132.9422</dst>
      <dst id="22">650.9867</dst>
      <dst id="7">45.4756</dst>
      <dst id="2">1074.3733</dst>
      <dst id="16">1063.1733</dst>
      <dst id="14">1.6000</dst>
      <dst id="20">448.7378</dst>
      <dst id="11">147.3778</dst>
      <dst id="9">233387.3689</dst>
      <dst id="17">373481.3422</dst>
      <dst id="21">813.6622</dst>
      <dst id="15">945.6178</dst>
    </src>
    <src id="18">
      <dst id="12">194814.6400</dst>
      <dst id="13">649.5911</dst>
      <dst id="19">232.7467</dst>
      <dst id="23">160.4444</dst>
      <dst id="8">81.3956</dst>
      <dst id="4">1398.3200</dst>
      <dst id="1">980.5778</dst>
      <dst id="5">230.0089</dst>
      <dst id="3">1063.0756</dst>
      <dst id="10">170.7022</dst>
      <dst id="22">709.7778</dst>
      <dst id="7">79.0400</dst>
      <dst id="2">55421.5022</dst>
      <dst id="16">53.9644</dst>
      <dst id="20">2397.4933</dst>
      <dst id="11">1.5644</dst>
      <dst id="9">210.1511</dst>
      <dst id="17">17685.8667</dst>
      <dst id="21">1346.3644</dst>
      <dst id="15">15.5556</dst>
    </src>
    <src id="4">
      <dst id="12">11234.9067</dst>
      <dst id="19">3967.6356</dst>
      <dst id="23">525.0489</dst>
      <dst id="8">1289.9200</dst>
      <dst id="18">3735.9733</dst>
      <dst id="4">667.8489</dst>
      <dst id="1">122121.4489</dst>
      <dst id="5">1727.5378</dst>
      <dst id="3">74902.0533</dst>
      <dst id="22">4443.0400</dst>
      <dst id="7">103201.4044</dst>
      <dst id="2">40702.1333</dst>
      <dst id="16">984.3911</dst>
      <dst id="14">1641.0311</dst>
      <dst id="20">903.3422</dst>
      <dst id="11">427.8400</dst>
      <dst id="9">7951.4933</dst>
      <dst id="17">35094.2044</dst>
      <dst id="21">5931.5200</dst>
      <dst id="15">412.3378</dst>
    </src>
    <src id="1">
      <dst id="12">17517.7244</dst>
      <dst id="13">3816.3022</dst>
      <dst id="19">9966.8089</dst>
      <dst id="23">31.0578</dst>
      <dst id="8">41.1822</dst>
      <dst id="18">10956.2844</dst>
      <dst id="4">11263.5733</dst>
      <dst id="1">91038.1244</dst>
      <dst id="5">2269.1378</dst>
      <dst id="3">1122.0178</dst>
      <dst id="10">1966.5156</dst>
      <dst id="22">31767.5022</dst>
      <dst id="7">77919.3244</dst>
      <dst id="2">20327.5111</dst>
      <dst id="6">16.0622</dst>
      <dst id="16">15504.2133</dst>
      <dst id="14">61.2978</dst>
      <dst id="20">359.4222</dst>
      <dst id="11">86.8444</dst>
      <dst id="9">477.1911</dst>
      <dst id="17">24419.0400</dst>
      <dst id="21">18997.6267</dst>
      <dst id="15">311.6444</dst>
    </src>
    <src id="5">
      <dst id="12">40167.1467</dst>
      <dst id="13">1426.5333</dst>
      <dst id="19">812.1511</dst>
      <dst id="23">0.9244</dst>
      <dst id="8">781.6889</dst>
      <dst id="18">301.6800</dst>
      <dst id="4">4598.8089</dst>
      <dst id="1">5126.2400</dst>
      <dst id="3">77.4756</dst>
      <dst id="10">712.0533</dst>
      <dst id="22">4337.4756</dst>
      <dst id="7">398.9867</dst>
      <dst id="2">2567.3244</dst>
      <dst id="6">27.4489</dst>
      <dst id="16">858.7733</dst>
      <dst id="14">0.3556</dst>
      <dst id="20">13876.1422</dst>
      <dst id="11">141.9822</dst>
      <dst id="9">82464.1956</dst>
      <dst id="17">399211.4578</dst>
      <dst id="21">7205.0933</dst>
      <dst id="15">1356.1689</dst>
    </src>
    <src id="3">
      <dst id="12">11567.9733</dst>
      <dst id="13">1162.7644</dst>
      <dst id="19">853.3422</dst>
      <dst id="23">109.3600</dst>
      <dst id="8">5019.5733</dst>
      <dst id="18">40.7111</dst>
      <dst id="4">51374.4889</dst>
      <dst id="1">16593.9378</dst>
      <dst id="5">943.1111</dst>
      <dst id="3">43.4044</dst>
      <dst id="10">427.5378</dst>
      <dst id="22">920.8800</dst>
      <dst id="7">8626.3111</dst>
      <dst id="2">13299.1378</dst>
      <dst id="6">39.5200</dst>
      <dst id="16">1621.9289</dst>
      <dst id="14">147.5911</dst>
      <dst id="20">298.0000</dst>
      <dst id="11">934.5244</dst>
      <dst id="9">789.4933</dst>
      <dst id="17">29955.6356</dst>
      <dst id="21">29793.5644</dst>
      <dst id="15">687.5644</dst>
    </src>
    <src id="10">
      <dst id="12">263985.0667</dst>
      <dst id="19">4347.0489</dst>
      <dst id="23">743.3244</dst>
      <dst id="8">172154.1244</dst>
      <dst id="18">5724.2044</dst>
      <dst id="1">1174.9689</dst>
      <dst id="5">296317.0756</dst>
      <dst id="3">27128.8000</dst>
      <dst id="22">8386.5600</dst>
      <dst id="7">10971.5289</dst>
      <dst id="2">27823.3778</dst>
      <dst id="6">16900.6044</dst>
      <dst id="16">1614.5333</dst>
      <dst id="14">37727.5111</dst>
      <dst id="20">7278.3733</dst>
      <dst id="11">29040.8711</dst>
      <dst id="9">363542.1600</dst>
      <dst id="17">65108.2133</dst>
      <dst id="21">18509.1022</dst>
      <dst id="15">507.6089</dst>
    </src>
    <src id="22">
      <dst id="12">11477.7867</dst>
      <dst id="13">3799.9200</dst>
      <dst id="19">378.5511</dst>
      <dst id="23">3584.6133</dst>
      <dst id="8">4277.7422</dst>
      <dst id="18">3560.0800</dst>
      <dst id="4">17240.6667</dst>
      <dst id="1">948.7022</dst>
      <dst id="5">4639.0044</dst>
      <dst id="3">50.5156</dst>
      <dst id="10">1886.0622</dst>
      <dst id="7">1707.8044</dst>
      <dst id="2">5421.4844</dst>
      <dst id="6">67.6622</dst>
      <dst id="14">139.1467</dst>
      <dst id="11">125.1022</dst>
      <dst id="9">2344.0889</dst>
      <dst id="17">16786.6756</dst>
      <dst id="21">2104.0356</dst>
    </src>
    <src id="7">
      <dst id="12">4505.1022</dst>
      <dst id="13">1169.9467</dst>
      <dst id="19">969.4311</dst>
      <dst id="23">244.0978</dst>
      <dst id="8">1680.0711</dst>
      <dst id="18">966.4978</dst>
      <dst id="4">98622.3822</dst>
      <dst id="1">75216.7022</dst>
      <dst id="5">1285.9378</dst>
      <dst id="3">2798.4089</dst>
      <dst id="10">1257.6089</dst>
      <dst id="22">6330.3111</dst>
      <dst id="7">742.7556</dst>
      <dst id="2">16043.7156</dst>
      <dst id="6">1912.5689</dst>
      <dst id="16">4650.1067</dst>
      <dst id="14">2145.3333</dst>
      <dst id="20">2322.2400</dst>
      <dst id="11">57.3867</dst>
      <dst id="9">2523.2800</dst>
      <dst id="17">42677.5911</dst>
      <dst id="21">5702.8533</dst>
      <dst id="15">191.5644</dst>
    </src>
    <src id="2">
      <dst id="12">110930.8711</dst>
      <dst id="13">17367.8044</dst>
      <dst id="19">1688.1689</dst>
      <dst id="23">0.3556</dst>
      <dst id="8">936.5333</dst>
      <dst id="18">88362.0267</dst>
      <dst id="4">86626.2756</dst>
      <dst id="1">16183.6178</dst>
      <dst id="5">1033.2089</dst>
      <dst id="3">1211.1733</dst>
      <dst id="10">11398.6756</dst>
      <dst id="22">3363.9822</dst>
      <dst id="7">17949.7600</dst>
      <dst id="2">1228.3644</dst>
      <dst id="6">12987.9644</dst>
      <dst id="16">2453.8756</dst>
      <dst id="14">88.2578</dst>
      <dst id="20">542.9511</dst>
      <dst id="11">406.1778</dst>
      <dst id="9">3150.1956</dst>
      <dst id="17">36472.8444</dst>
      <dst id="21">3944.6756</dst>
      <dst id="15">85.6533</dst>
    </src>
    <src id="6">
      <dst id="12">7416.7289</dst>
      <dst id="13">91.1200</dst>
      <dst id="19">44.1156</dst>
      <dst id="23">0.3378</dst>
      <dst id="8">0.8267</dst>
      <dst id="18">0.4178</dst>
      <dst id="4">54.0444</dst>
      <dst id="1">208.6400</dst>
      <dst id="5">0.8356</dst>
      <dst id="3">48.8889</dst>
      <dst id="10">5.2800</dst>
      <dst id="22">1.0667</dst>
      <dst id="7">211.3778</dst>
      <dst id="2">4736.6044</dst>
      <dst id="16">60.2844</dst>
      <dst id="20">1.8844</dst>
      <dst id="11">0.4622</dst>
      <dst id="9">3.4756</dst>
      <dst id="17">13943.1378</dst>
      <dst id="21">31.4311</dst>
    </src>
    <src id="16">
      <dst id="12">2696.4711</dst>
      <dst id="13">1093.8222</dst>
      <dst id="19">4096.9067</dst>
      <dst id="23">99.2889</dst>
      <dst id="8">4308.8711</dst>
      <dst id="18">45.2800</dst>
      <dst id="4">5080.6311</dst>
      <dst id="1">24492.8711</dst>
      <dst id="5">5164.6489</dst>
      <dst id="3">35.0578</dst>
      <dst id="10">743.0578</dst>
      <dst id="7">1590.0711</dst>
      <dst id="2">1609.4933</dst>
      <dst id="6">2.8444</dst>
      <dst id="16">41.5467</dst>
      <dst id="14">0.7111</dst>
      <dst id="11">2.2844</dst>
      <dst id="9">7777.1022</dst>
      <dst id="17">6780.8533</dst>
      <dst id="21">615.4044</dst>
    </src>
    <src id="14">
      <dst id="12">4460.5333</dst>
      <dst id="13">57.2178</dst>
      <dst id="19">35.8133</dst>
      <dst id="23">25.2444</dst>
      <dst id="8">86.9778</dst>
      <dst id="4">1486.4711</dst>
      <dst id="1">1321.0933</dst>
      <dst id="5">0.5600</dst>
      <dst id="3">431.9378</dst>
      <dst id="10">689.5911</dst>
      <dst id="22">6.6133</dst>
      <dst id="7">123.8667</dst>
      <dst id="2">5969.2356</dst>
      <dst id="16">3.4222</dst>
      <dst id="20">3.1556</dst>
      <dst id="9">14.5956</dst>
      <dst id="17">39564.1067</dst>
      <dst id="21">754.9778</dst>
    </src>
    <src id="20">
      <dst id="12">14297.4222</dst>
      <dst id="13">1766.8444</dst>
      <dst id="19">16.9244</dst>
      <dst id="23">37.0400</dst>
      <dst id="8">230.7467</dst>
      <dst id="18">1060.1156</dst>
      <dst id="4">14598.9778</dst>
      <dst id="1">3506.8711</dst>
      <dst id="5">4292.9511</dst>
      <dst id="3">26.6667</dst>
      <dst id="10">858.0444</dst>
      <dst id="7">726.4178</dst>
      <dst id="2">1415.6533</dst>
      <dst id="14">14.0444</dst>
      <dst id="11">102.7911</dst>
      <dst id="9">440.3911</dst>
      <dst id="17">7202.8533</dst>
      <dst id="21">11358.6400</dst>
    </src>
    <src id="11">
      <dst id="12">86058.3822</dst>
      <dst id="13">5057.0667</dst>
      <dst id="19">523.6356</dst>
      <dst id="23">5.1289</dst>
      <dst id="8">841.2889</dst>
      <dst id="18">454.9511</dst>
      <dst id="4">8488.9956</dst>
      <dst id="1">562.0356</dst>
      <dst id="5">1548.8622</dst>
      <dst id="3">51.6711</dst>
      <dst id="10">1402.0089</dst>
      <dst id="22">1587.5911</dst>
      <dst id="7">533.3778</dst>
      <dst id="2">128807.6356</dst>
      <dst id="6">46.1067</dst>
      <dst id="16">314.0444</dst>
      <dst id="14">48.0356</dst>
      <dst id="20">2305.7333</dst>
      <dst id="11">2228.5333</dst>
      <dst id="9">2281.4489</dst>
      <dst id="17">724482.7733</dst>
      <dst id="21">821.7600</dst>
      <dst id="15">996.3111</dst>
    </src>
    <src id="9">
      <dst id="12">72332.7378</dst>
      <dst id="13">5986.9333</dst>
      <dst id="19">588.8267</dst>
      <dst id="23">13.4933</dst>
      <dst id="8">185848.2489</dst>
      <dst id="18">285.8844</dst>
      <dst id="4">11053.1200</dst>
      <dst id="1">10589.7689</dst>
      <dst id="5">1670.1244</dst>
      <dst id="3">6.6311</dst>
      <dst id="10">5175.2622</dst>
      <dst id="22">9779.1378</dst>
      <dst id="7">1916.5156</dst>
      <dst id="2">2168.3200</dst>
      <dst id="6">13.1556</dst>
      <dst id="16">889.3689</dst>
      <dst id="14">59.5289</dst>
      <dst id="20">2942.0356</dst>
      <dst id="11">5.1200</dst>
      <dst id="9">519447.9200</dst>
      <dst id="17">498583.1022</dst>
      <dst id="21">671.7600</dst>
      <dst id="15">1425.2800</dst>
    </src>
    <src id="17">
      <dst id="12">220597.1378</dst>
      <dst id="13">14480.0711</dst>
      <dst id="19">18861.5289</dst>
      <dst id="23">1530.8800</dst>
      <dst id="8">782.3111</dst>
      <dst id="18">2482.2756</dst>
      <dst id="4">47505.6178</dst>
      <dst id="1">5567.5378</dst>
      <dst id="5">259295.6889</dst>
      <dst id="3">6670.8267</dst>
      <dst id="10">4684.4089</dst>
      <dst id="22">6263.1556</dst>
      <dst id="7">9551.5378</dst>
      <dst id="2">14101.9733</dst>
      <dst id="6">204.9956</dst>
      <dst id="16">16096.4178</dst>
      <dst id="14">33238.8533</dst>
      <dst id="20">7975.0311</dst>
      <dst id="11">26267.9022</dst>
      <dst id="9">18091.0133</dst>
      <dst id="17">43979.8756</dst>
      <dst id="21">19449.3689</dst>
      <dst id="15">786.4889</dst>
    </src>
    <src id="21">
      <dst id="12">7944.5333</dst>
      <dst id="13">1080.4889</dst>
      <dst id="19">1303.4933</dst>
      <dst id="23">43.0756</dst>
      <dst id="8">795.5200</dst>
      <dst id="18">1330.3556</dst>
      <dst id="4">17312.3556</dst>
      <dst id="1">1539.7867</dst>
      <dst id="5">767.6089</dst>
      <dst id="3">11079.5378</dst>
      <dst id="10">1273.0933</dst>
      <dst id="22">1495.7867</dst>
      <dst id="7">6854.6667</dst>
      <dst id="2">11484.5156</dst>
      <dst id="6">11.1289</dst>
      <dst id="16">551.3867</dst>
      <dst id="14">270.5244</dst>
      <dst id="20">711.8222</dst>
      <dst id="11">91.1289</dst>
      <dst id="9">7977.1733</dst>
      <dst id="17">25318.5600</dst>
      <dst id="21">5904.3556</dst>
      <dst id="15">82.6933</dst>
    </src>
    <src id="15">
      <dst id="12">1455.7422</dst>
      <dst id="13">509.7067</dst>
      <dst id="19">10.5422</dst>
      <dst id="23">1.8844</dst>
      <dst id="8">1347.7333</dst>
      <dst id="18">17.0400</dst>
      <dst id="4">685.3422</dst>
      <dst id="1">51.3156</dst>
      <dst id="5">596.6578</dst>
      <dst id="3">13.3333</dst>
      <dst id="10">792.3822</dst>
      <dst id="7">10.7911</dst>
      <dst id="2">194.0622</dst>
      <dst id="14">20.2311</dst>
      <dst id="11">51.8489</dst>
      <dst id="9">3170.1511</dst>
      <dst id="17">20613.9200</dst>
      <dst id="21">56.0978</dst>
    </src>
  </IntraTM>
</TrafficMatrixFile>
