<?xml version="1.0" encoding="UTF-8" standalone="yes"?>
<TrafficMatrixFile xmlns:xsi="http://www.w3.org/2001/XMLSchema-instance" xsi:noNamespaceSchemaLocation="http://totem.run.montefiore.ulg.ac.be/Schema/TrafficMatrix-v1_2.xsd">
  <info>
    <title>Intradomain traffic matrix generated by geant-TM-all.pl</title>
    <date>2005-01-31T20:15:00</date>
    <duration>900</duration>
    <author>Steve Uhlig</author>
    <units>
        <unit type="bandwidth" value="kbps"/>
    </units>
  </info>
  <IntraTM ASID="20965">
    <src id="12">
      <dst id="12">293797.9733</dst>
      <dst id="13">36264.0889</dst>
      <dst id="19">4113.2622</dst>
      <dst id="23">37.2000</dst>
      <dst id="8">2820.5956</dst>
      <dst id="18">71137.6533</dst>
      <dst id="4">40744.3911</dst>
      <dst id="1">7840.0089</dst>
      <dst id="5">2234.1867</dst>
      <dst id="3">6441.2533</dst>
      <dst id="10">3040.0178</dst>
      <dst id="22">15897.7422</dst>
      <dst id="7">4942.7822</dst>
      <dst id="2">45123.0311</dst>
      <dst id="16">5235.2267</dst>
      <dst id="14">475.0489</dst>
      <dst id="20">44124.5778</dst>
      <dst id="11">90.6756</dst>
      <dst id="9">8989.4578</dst>
      <dst id="17">44142.2578</dst>
      <dst id="21">3421.5911</dst>
      <dst id="15">725.0578</dst>
    </src>
    <src id="13">
      <dst id="12">49940.5156</dst>
      <dst id="19">6971.7156</dst>
      <dst id="23">428.9867</dst>
      <dst id="8">5435.2533</dst>
      <dst id="18">1321.0578</dst>
      <dst id="1">4941.8756</dst>
      <dst id="5">4209.3244</dst>
      <dst id="3">5333.2622</dst>
      <dst id="22">36032.8089</dst>
      <dst id="7">9917.2711</dst>
      <dst id="2">63729.7067</dst>
      <dst id="16">6032.4000</dst>
      <dst id="14">1652.8889</dst>
      <dst id="20">12304.4533</dst>
      <dst id="11">250.8889</dst>
      <dst id="9">14482.1689</dst>
      <dst id="17">392507.3156</dst>
      <dst id="21">12328.4267</dst>
      <dst id="15">3360.9867</dst>
    </src>
    <src id="19">
      <dst id="12">11810.2844</dst>
      <dst id="13">478.5422</dst>
      <dst id="8">7039.6444</dst>
      <dst id="18">3.6444</dst>
      <dst id="4">18428.0178</dst>
      <dst id="1">139.7156</dst>
      <dst id="5">218.2222</dst>
      <dst id="3">3505.1111</dst>
      <dst id="10">169.2622</dst>
      <dst id="22">1414.1689</dst>
      <dst id="7">6928.5156</dst>
      <dst id="2">175.0400</dst>
      <dst id="16">11980.4444</dst>
      <dst id="14">1.9556</dst>
      <dst id="20">323.0489</dst>
      <dst id="11">26.6667</dst>
      <dst id="9">718.2933</dst>
      <dst id="17">5909.0933</dst>
      <dst id="21">378.9333</dst>
    </src>
    <src id="23">
      <dst id="12">221.0222</dst>
      <dst id="13">174.6756</dst>
      <dst id="19">25.2444</dst>
      <dst id="8">13.8133</dst>
      <dst id="18">826.6667</dst>
      <dst id="4">1288.3822</dst>
      <dst id="1">92.0889</dst>
      <dst id="5">0.6400</dst>
      <dst id="3">53.5822</dst>
      <dst id="10">5.8489</dst>
      <dst id="22">257.1378</dst>
      <dst id="7">97.8844</dst>
      <dst id="2">38.9067</dst>
      <dst id="16">37.9644</dst>
      <dst id="14">26.2311</dst>
      <dst id="20">2.5956</dst>
      <dst id="11">12.6222</dst>
      <dst id="9">196.9600</dst>
      <dst id="17">750.0800</dst>
      <dst id="21">59.9111</dst>
      <dst id="15">0.4622</dst>
    </src>
    <src id="8">
      <dst id="12">39873.7422</dst>
      <dst id="13">2131.6356</dst>
      <dst id="19">116.9511</dst>
      <dst id="18">173.8133</dst>
      <dst id="4">2178.4356</dst>
      <dst id="1">5378.9067</dst>
      <dst id="5">185.8667</dst>
      <dst id="3">23.1022</dst>
      <dst id="10">102.0800</dst>
      <dst id="22">1256.7644</dst>
      <dst id="7">8.5600</dst>
      <dst id="2">1301.0222</dst>
      <dst id="16">310.7644</dst>
      <dst id="20">414.1511</dst>
      <dst id="11">3.4578</dst>
      <dst id="9">174210.7556</dst>
      <dst id="17">239319.4578</dst>
      <dst id="21">13.5911</dst>
      <dst id="15">1.4400</dst>
    </src>
    <src id="18">
      <dst id="12">146751.2978</dst>
      <dst id="13">102.7467</dst>
      <dst id="19">0.8356</dst>
      <dst id="23">26.5244</dst>
      <dst id="8">206.5867</dst>
      <dst id="4">1069.2267</dst>
      <dst id="1">431.5911</dst>
      <dst id="5">313.2622</dst>
      <dst id="3">1057.7956</dst>
      <dst id="10">26.7200</dst>
      <dst id="22">422.2044</dst>
      <dst id="7">269.2444</dst>
      <dst id="2">42867.2533</dst>
      <dst id="16">22.1067</dst>
      <dst id="14">0.5600</dst>
      <dst id="20">19.2444</dst>
      <dst id="11">14.6311</dst>
      <dst id="9">190.3378</dst>
      <dst id="17">15803.8489</dst>
      <dst id="21">1490.8089</dst>
      <dst id="15">44.8178</dst>
    </src>
    <src id="4">
      <dst id="12">10632.7022</dst>
      <dst id="19">3677.4311</dst>
      <dst id="23">331.3422</dst>
      <dst id="8">239.5556</dst>
      <dst id="18">1586.8267</dst>
      <dst id="4">3.7600</dst>
      <dst id="1">1510.1244</dst>
      <dst id="5">764.6844</dst>
      <dst id="3">10644.3822</dst>
      <dst id="22">2975.4489</dst>
      <dst id="7">85821.5111</dst>
      <dst id="2">32470.5778</dst>
      <dst id="16">1593.1022</dst>
      <dst id="14">1482.7733</dst>
      <dst id="20">4467.2711</dst>
      <dst id="11">27.6978</dst>
      <dst id="9">3395.2889</dst>
      <dst id="17">43861.5911</dst>
      <dst id="21">6135.5556</dst>
      <dst id="15">147.1378</dst>
    </src>
    <src id="1">
      <dst id="12">14511.7067</dst>
      <dst id="13">366.4267</dst>
      <dst id="19">25.7689</dst>
      <dst id="23">31.9289</dst>
      <dst id="8">6.6044</dst>
      <dst id="18">13333.4756</dst>
      <dst id="4">6326.0444</dst>
      <dst id="1">84.7822</dst>
      <dst id="5">252.8978</dst>
      <dst id="3">7076.1867</dst>
      <dst id="10">335.6978</dst>
      <dst id="22">13678.3022</dst>
      <dst id="7">9953.8133</dst>
      <dst id="2">4367.9467</dst>
      <dst id="16">18623.2978</dst>
      <dst id="14">289.7511</dst>
      <dst id="20">809.3511</dst>
      <dst id="11">58.0089</dst>
      <dst id="9">644.5333</dst>
      <dst id="17">3178.0000</dst>
      <dst id="21">3572.4267</dst>
      <dst id="15">163.6711</dst>
    </src>
    <src id="5">
      <dst id="12">59633.5289</dst>
      <dst id="13">3342.3111</dst>
      <dst id="19">75.6978</dst>
      <dst id="23">6.2311</dst>
      <dst id="8">1535.6356</dst>
      <dst id="18">533.7778</dst>
      <dst id="4">1691.7333</dst>
      <dst id="1">2238.1511</dst>
      <dst id="3">191.7867</dst>
      <dst id="10">396.1867</dst>
      <dst id="22">3124.3911</dst>
      <dst id="7">18.2222</dst>
      <dst id="2">2640.4267</dst>
      <dst id="16">632.8444</dst>
      <dst id="14">29.8933</dst>
      <dst id="20">4816.3111</dst>
      <dst id="11">33.8400</dst>
      <dst id="9">73115.1822</dst>
      <dst id="17">329479.3067</dst>
      <dst id="21">202.2222</dst>
      <dst id="15">121.0311</dst>
    </src>
    <src id="3">
      <dst id="12">2511.1733</dst>
      <dst id="13">803.4933</dst>
      <dst id="19">1299.1911</dst>
      <dst id="23">20.6044</dst>
      <dst id="8">167.5111</dst>
      <dst id="18">2355.3867</dst>
      <dst id="4">27815.3244</dst>
      <dst id="1">30853.8578</dst>
      <dst id="5">169.6889</dst>
      <dst id="3">8.2400</dst>
      <dst id="10">363.9911</dst>
      <dst id="22">449.8933</dst>
      <dst id="7">7178.2933</dst>
      <dst id="2">5891.9200</dst>
      <dst id="16">2180.5422</dst>
      <dst id="14">91.9467</dst>
      <dst id="20">889.0044</dst>
      <dst id="11">112.0267</dst>
      <dst id="9">468.6844</dst>
      <dst id="17">41161.1644</dst>
      <dst id="21">2185.1556</dst>
      <dst id="15">16.4356</dst>
    </src>
    <src id="10">
      <dst id="12">201029.6178</dst>
      <dst id="19">705.5289</dst>
      <dst id="23">141.9911</dst>
      <dst id="8">108857.3511</dst>
      <dst id="18">4642.4800</dst>
      <dst id="1">491.6356</dst>
      <dst id="5">196556.6578</dst>
      <dst id="3">22016.5422</dst>
      <dst id="22">4513.2711</dst>
      <dst id="7">5720.3111</dst>
      <dst id="2">11615.5111</dst>
      <dst id="16">1580.3733</dst>
      <dst id="14">33357.3156</dst>
      <dst id="20">11911.6267</dst>
      <dst id="11">15650.8711</dst>
      <dst id="9">246736.6311</dst>
      <dst id="17">48322.7378</dst>
      <dst id="21">23423.0489</dst>
      <dst id="15">133.0844</dst>
    </src>
    <src id="22">
      <dst id="12">13215.4578</dst>
      <dst id="13">3113.1111</dst>
      <dst id="19">265.3689</dst>
      <dst id="23">37.2178</dst>
      <dst id="8">1602.1956</dst>
      <dst id="18">344.4444</dst>
      <dst id="4">12875.9733</dst>
      <dst id="1">418.6044</dst>
      <dst id="5">2581.3333</dst>
      <dst id="3">283.6978</dst>
      <dst id="10">1092.7556</dst>
      <dst id="7">816.8089</dst>
      <dst id="2">2733.1644</dst>
      <dst id="14">47.2533</dst>
      <dst id="11">3.7244</dst>
      <dst id="9">1826.2311</dst>
      <dst id="17">8802.6133</dst>
      <dst id="21">3458.7644</dst>
    </src>
    <src id="7">
      <dst id="12">3061.6533</dst>
      <dst id="13">333.8933</dst>
      <dst id="19">536.9689</dst>
      <dst id="23">458.7378</dst>
      <dst id="8">400.4978</dst>
      <dst id="18">647.8578</dst>
      <dst id="4">17569.3689</dst>
      <dst id="1">12562.2222</dst>
      <dst id="5">746.7733</dst>
      <dst id="3">4886.1422</dst>
      <dst id="10">163.8756</dst>
      <dst id="22">3216.4356</dst>
      <dst id="7">13.6711</dst>
      <dst id="2">10027.7600</dst>
      <dst id="16">1376.7022</dst>
      <dst id="14">504.5689</dst>
      <dst id="20">4724.1689</dst>
      <dst id="11">126.9778</dst>
      <dst id="9">4360.8711</dst>
      <dst id="17">5043.9467</dst>
      <dst id="21">3276.9244</dst>
      <dst id="15">101.8400</dst>
    </src>
    <src id="2">
      <dst id="12">119971.6444</dst>
      <dst id="13">19743.1733</dst>
      <dst id="19">1473.7422</dst>
      <dst id="8">297.2444</dst>
      <dst id="18">46371.0489</dst>
      <dst id="4">50878.6489</dst>
      <dst id="1">38723.3689</dst>
      <dst id="5">1668.0800</dst>
      <dst id="3">6385.0400</dst>
      <dst id="10">5783.7422</dst>
      <dst id="22">8539.2178</dst>
      <dst id="7">5561.9733</dst>
      <dst id="2">2344.8444</dst>
      <dst id="16">625.2889</dst>
      <dst id="14">110.8267</dst>
      <dst id="20">489.7867</dst>
      <dst id="11">75.0133</dst>
      <dst id="9">747.8756</dst>
      <dst id="17">17249.2089</dst>
      <dst id="21">6229.4844</dst>
      <dst id="15">60.4800</dst>
    </src>
    <src id="6">
      <dst id="12">1983.4133</dst>
      <dst id="13">4.9422</dst>
      <dst id="19">42.8000</dst>
      <dst id="4">72.5511</dst>
      <dst id="1">55.0667</dst>
      <dst id="5">13.1378</dst>
      <dst id="3">13.6800</dst>
      <dst id="10">0.3556</dst>
      <dst id="22">1.7067</dst>
      <dst id="7">25.1200</dst>
      <dst id="2">4548.7822</dst>
      <dst id="16">3.5911</dst>
      <dst id="20">17.3511</dst>
      <dst id="11">46.3644</dst>
      <dst id="9">1.4044</dst>
      <dst id="17">14386.3467</dst>
      <dst id="21">1.7156</dst>
    </src>
    <src id="16">
      <dst id="12">2817.9556</dst>
      <dst id="13">314.7378</dst>
      <dst id="19">4941.8133</dst>
      <dst id="23">21.7867</dst>
      <dst id="8">4680.2756</dst>
      <dst id="18">80.4711</dst>
      <dst id="4">2337.5556</dst>
      <dst id="1">21945.1200</dst>
      <dst id="5">4703.3511</dst>
      <dst id="3">4276.6133</dst>
      <dst id="10">1304.7289</dst>
      <dst id="22">546.6667</dst>
      <dst id="7">276.1867</dst>
      <dst id="2">1206.1422</dst>
      <dst id="16">42.7378</dst>
      <dst id="14">11.5644</dst>
      <dst id="11">0.4622</dst>
      <dst id="9">9550.1244</dst>
      <dst id="17">3246.8000</dst>
      <dst id="21">29.7778</dst>
    </src>
    <src id="14">
      <dst id="12">4719.6978</dst>
      <dst id="13">65.3333</dst>
      <dst id="19">1.9911</dst>
      <dst id="8">1.7956</dst>
      <dst id="4">1318.3467</dst>
      <dst id="1">963.4844</dst>
      <dst id="5">3.4133</dst>
      <dst id="3">372.0267</dst>
      <dst id="10">44.4444</dst>
      <dst id="22">30.8000</dst>
      <dst id="7">118.9156</dst>
      <dst id="2">6973.4400</dst>
      <dst id="16">143.6622</dst>
      <dst id="20">120.4622</dst>
      <dst id="11">25.9556</dst>
      <dst id="9">5.2711</dst>
      <dst id="17">38608.7289</dst>
      <dst id="21">58.0800</dst>
      <dst id="15">26.5244</dst>
    </src>
    <src id="20">
      <dst id="12">14072.7822</dst>
      <dst id="13">21318.1778</dst>
      <dst id="19">48.1422</dst>
      <dst id="23">1.0844</dst>
      <dst id="8">3257.3956</dst>
      <dst id="18">117.3778</dst>
      <dst id="4">4281.5644</dst>
      <dst id="1">171.2089</dst>
      <dst id="5">4878.4000</dst>
      <dst id="3">88.6044</dst>
      <dst id="10">1461.1911</dst>
      <dst id="7">1290.2844</dst>
      <dst id="2">5327.9022</dst>
      <dst id="14">5.0311</dst>
      <dst id="20">2.4533</dst>
      <dst id="11">13.8311</dst>
      <dst id="9">2371.5822</dst>
      <dst id="17">6078.3289</dst>
      <dst id="21">126.3111</dst>
    </src>
    <src id="11">
      <dst id="12">60905.3067</dst>
      <dst id="13">2322.6667</dst>
      <dst id="19">81.7956</dst>
      <dst id="23">7.0400</dst>
      <dst id="8">1779.2089</dst>
      <dst id="18">343.8667</dst>
      <dst id="4">7409.4844</dst>
      <dst id="1">1893.9822</dst>
      <dst id="5">832.1511</dst>
      <dst id="3">7409.7511</dst>
      <dst id="10">2180.0533</dst>
      <dst id="22">3009.0844</dst>
      <dst id="7">404.0622</dst>
      <dst id="2">122381.2444</dst>
      <dst id="16">194.7022</dst>
      <dst id="14">53.6800</dst>
      <dst id="20">213.2622</dst>
      <dst id="11">1415.4933</dst>
      <dst id="9">1040.7022</dst>
      <dst id="17">647815.2178</dst>
      <dst id="21">382.6933</dst>
      <dst id="15">51.9467</dst>
    </src>
    <src id="9">
      <dst id="12">61488.6044</dst>
      <dst id="13">2342.3022</dst>
      <dst id="19">1332.3644</dst>
      <dst id="23">5.3333</dst>
      <dst id="8">125035.2800</dst>
      <dst id="18">120.5067</dst>
      <dst id="4">7520.7111</dst>
      <dst id="1">10456.9244</dst>
      <dst id="5">1841.1289</dst>
      <dst id="3">210.0089</dst>
      <dst id="10">1167.5467</dst>
      <dst id="22">4763.4578</dst>
      <dst id="7">1107.9022</dst>
      <dst id="2">680.2756</dst>
      <dst id="16">526.7911</dst>
      <dst id="14">70.8089</dst>
      <dst id="20">1418.0889</dst>
      <dst id="11">142.0089</dst>
      <dst id="9">473128.5689</dst>
      <dst id="17">450366.8533</dst>
      <dst id="21">447.6533</dst>
      <dst id="15">395.1822</dst>
    </src>
    <src id="17">
      <dst id="12">121672.5067</dst>
      <dst id="13">5456.5956</dst>
      <dst id="19">293.6000</dst>
      <dst id="23">63.3333</dst>
      <dst id="8">252.4800</dst>
      <dst id="18">418.3378</dst>
      <dst id="4">32657.9644</dst>
      <dst id="1">3866.1422</dst>
      <dst id="5">188463.1644</dst>
      <dst id="3">6642.8444</dst>
      <dst id="10">1192.0711</dst>
      <dst id="22">13102.9600</dst>
      <dst id="7">1470.5511</dst>
      <dst id="2">6509.4489</dst>
      <dst id="16">16163.5733</dst>
      <dst id="14">22123.1022</dst>
      <dst id="20">726.5067</dst>
      <dst id="11">18724.1600</dst>
      <dst id="9">2213.6711</dst>
      <dst id="17">20890.0889</dst>
      <dst id="21">13066.2667</dst>
      <dst id="15">21.6356</dst>
    </src>
    <src id="21">
      <dst id="12">6658.9511</dst>
      <dst id="13">296.6756</dst>
      <dst id="19">259.1822</dst>
      <dst id="23">5.7244</dst>
      <dst id="8">27.7067</dst>
      <dst id="18">1533.4311</dst>
      <dst id="4">12035.9289</dst>
      <dst id="1">2712.6667</dst>
      <dst id="5">2142.8356</dst>
      <dst id="3">11104.7022</dst>
      <dst id="10">578.1422</dst>
      <dst id="22">7853.6978</dst>
      <dst id="7">7003.3511</dst>
      <dst id="2">8522.9867</dst>
      <dst id="16">258.4800</dst>
      <dst id="14">196.1422</dst>
      <dst id="20">773.5467</dst>
      <dst id="11">190.5156</dst>
      <dst id="9">320.0356</dst>
      <dst id="17">39748.2400</dst>
      <dst id="21">1165.4400</dst>
      <dst id="15">4478.7911</dst>
    </src>
    <src id="15">
      <dst id="12">566.2933</dst>
      <dst id="13">132.0533</dst>
      <dst id="23">0.6667</dst>
      <dst id="8">18.0889</dst>
      <dst id="18">1952.1422</dst>
      <dst id="4">381.5467</dst>
      <dst id="1">48.8000</dst>
      <dst id="5">112.9511</dst>
      <dst id="3">35.7600</dst>
      <dst id="10">0.3378</dst>
      <dst id="7">25.0222</dst>
      <dst id="2">20.6844</dst>
      <dst id="14">1.1378</dst>
      <dst id="11">26.4178</dst>
      <dst id="9">2134.9867</dst>
      <dst id="17">187.9822</dst>
      <dst id="21">583.6533</dst>
    </src>
  </IntraTM>
</TrafficMatrixFile>
