<?xml version="1.0" encoding="UTF-8" standalone="yes"?>
<TrafficMatrixFile xmlns:xsi="http://www.w3.org/2001/XMLSchema-instance" xsi:noNamespaceSchemaLocation="http://totem.run.montefiore.ulg.ac.be/Schema/TrafficMatrix-v1_2.xsd">
  <info>
    <title>Intradomain traffic matrix generated by geant-TM-all.pl</title>
    <date>2005-03-01T19:45:00</date>
    <duration>900</duration>
    <author>Steve Uhlig</author>
    <units>
        <unit type="bandwidth" value="kbps"/>
    </units>
  </info>
  <IntraTM ASID="20965">
    <src id="12">
    </src>
    <src id="13">
    </src>
    <src id="19">
    </src>
    <src id="23">
    </src>
    <src id="8">
    </src>
    <src id="18">
    </src>
    <src id="4">
    </src>
    <src id="1">
    </src>
    <src id="5">
    </src>
    <src id="3">
    </src>
    <src id="10">
    </src>
    <src id="22">
    </src>
    <src id="7">
    </src>
    <src id="2">
    </src>
    <src id="6">
    </src>
    <src id="16">
      <dst id="12">111233.0222</dst>
      <dst id="13">2107.4756</dst>
      <dst id="19">6030.3111</dst>
      <dst id="23">1.7067</dst>
      <dst id="8">101781.6000</dst>
      <dst id="18">7.6178</dst>
      <dst id="4">673.8844</dst>
      <dst id="1">21671.6267</dst>
      <dst id="5">189749.7689</dst>
      <dst id="3">5559.7956</dst>
      <dst id="10">42.3911</dst>
      <dst id="22">0.3556</dst>
      <dst id="7">45.0489</dst>
      <dst id="2">305.4133</dst>
      <dst id="16">39.8578</dst>
      <dst id="14">2.6311</dst>
      <dst id="11">16120.4089</dst>
      <dst id="9">74185.4133</dst>
      <dst id="17">12252.2667</dst>
      <dst id="21">8173.6000</dst>
    </src>
    <src id="14">
    </src>
    <src id="20">
    </src>
    <src id="11">
    </src>
    <src id="9">
    </src>
    <src id="17">
    </src>
    <src id="21">
    </src>
    <src id="15">
    </src>
  </IntraTM>
</TrafficMatrixFile>
