<?xml version="1.0" encoding="UTF-8" standalone="yes"?>
<TrafficMatrixFile xmlns:xsi="http://www.w3.org/2001/XMLSchema-instance" xsi:noNamespaceSchemaLocation="http://totem.run.montefiore.ulg.ac.be/Schema/TrafficMatrix-v1_2.xsd">
  <info>
    <title>Intradomain traffic matrix generated by geant-TM-all.pl</title>
    <date>2005-03-06T00:15:00</date>
    <duration>900</duration>
    <author>Steve Uhlig</author>
    <units>
        <unit type="bandwidth" value="kbps"/>
    </units>
  </info>
  <IntraTM ASID="20965">
    <src id="12">
      <dst id="12">243281.6089</dst>
      <dst id="13">21617.8400</dst>
      <dst id="19">6946.1689</dst>
      <dst id="23">15275.0933</dst>
      <dst id="8">6144.2133</dst>
      <dst id="18">181239.4400</dst>
      <dst id="4">36525.3244</dst>
      <dst id="1">11485.4844</dst>
      <dst id="5">2729.2711</dst>
      <dst id="3">1179.3956</dst>
      <dst id="10">3142.3822</dst>
      <dst id="22">17333.9644</dst>
      <dst id="7">20148.6933</dst>
      <dst id="2">51208.1333</dst>
      <dst id="6">188.4178</dst>
      <dst id="16">20807.7689</dst>
      <dst id="14">3319.2267</dst>
      <dst id="20">1782.6578</dst>
      <dst id="11">131.5556</dst>
      <dst id="9">16431.9022</dst>
      <dst id="17">140000.4978</dst>
      <dst id="21">21537.4311</dst>
      <dst id="15">12147.8578</dst>
    </src>
    <src id="13">
      <dst id="12">50154.2933</dst>
      <dst id="19">15025.2889</dst>
      <dst id="23">16113.4933</dst>
      <dst id="8">5281.7067</dst>
      <dst id="18">6662.3289</dst>
      <dst id="1">7675.4400</dst>
      <dst id="5">12900.4978</dst>
      <dst id="3">2635.6267</dst>
      <dst id="22">9299.2089</dst>
      <dst id="7">36014.7200</dst>
      <dst id="2">64927.6622</dst>
      <dst id="6">165.2178</dst>
      <dst id="16">19991.5556</dst>
      <dst id="14">4890.2578</dst>
      <dst id="20">13806.4178</dst>
      <dst id="11">733.4400</dst>
      <dst id="9">10399.4933</dst>
      <dst id="17">162692.7022</dst>
      <dst id="21">14363.2000</dst>
      <dst id="15">3185.1111</dst>
    </src>
    <src id="19">
      <dst id="12">19013.9733</dst>
      <dst id="13">1018.2578</dst>
      <dst id="23">25.1556</dst>
      <dst id="8">23.6267</dst>
      <dst id="18">0.9600</dst>
      <dst id="4">15521.8933</dst>
      <dst id="1">186.8000</dst>
      <dst id="5">14.0444</dst>
      <dst id="3">4594.8978</dst>
      <dst id="10">66.8889</dst>
      <dst id="22">105.8756</dst>
      <dst id="7">7214.9689</dst>
      <dst id="2">910.0444</dst>
      <dst id="6">100.3467</dst>
      <dst id="16">3690.2311</dst>
      <dst id="14">1.4133</dst>
      <dst id="20">89.4667</dst>
      <dst id="11">40.3022</dst>
      <dst id="9">70.5778</dst>
      <dst id="17">6267.2622</dst>
      <dst id="21">634.7200</dst>
      <dst id="15">23.7600</dst>
    </src>
    <src id="23">
      <dst id="12">4235.3422</dst>
      <dst id="13">311.7511</dst>
      <dst id="19">473.4933</dst>
      <dst id="8">0.8533</dst>
      <dst id="18">317.2800</dst>
      <dst id="4">1315.2267</dst>
      <dst id="1">139.2889</dst>
      <dst id="5">56.2311</dst>
      <dst id="3">88.3556</dst>
      <dst id="10">129.2267</dst>
      <dst id="22">897.9644</dst>
      <dst id="7">683.5378</dst>
      <dst id="2">393.7511</dst>
      <dst id="6">1.3156</dst>
      <dst id="16">373.8222</dst>
      <dst id="14">13.0844</dst>
      <dst id="20">0.3556</dst>
      <dst id="11">37.6089</dst>
      <dst id="9">874.7733</dst>
      <dst id="17">36870.2489</dst>
      <dst id="21">4417.0756</dst>
      <dst id="15">27.5289</dst>
    </src>
    <src id="8">
      <dst id="12">32683.9733</dst>
      <dst id="13">13126.6044</dst>
      <dst id="19">336.3022</dst>
      <dst id="23">0.4356</dst>
      <dst id="18">1328.2756</dst>
      <dst id="4">1797.6533</dst>
      <dst id="1">9122.6400</dst>
      <dst id="5">5470.0444</dst>
      <dst id="3">15.3689</dst>
      <dst id="10">131.9644</dst>
      <dst id="22">858.6933</dst>
      <dst id="7">314.5156</dst>
      <dst id="2">1715.7422</dst>
      <dst id="6">0.3556</dst>
      <dst id="16">130408.4000</dst>
      <dst id="14">0.7111</dst>
      <dst id="11">104.6222</dst>
      <dst id="9">179556.0800</dst>
      <dst id="17">361297.2533</dst>
      <dst id="15">2222.7022</dst>
    </src>
    <src id="18">
      <dst id="12">117522.2756</dst>
      <dst id="13">2270.2933</dst>
      <dst id="19">27.0311</dst>
      <dst id="23">6.3378</dst>
      <dst id="8">260.3289</dst>
      <dst id="4">869.6622</dst>
      <dst id="1">2791.4844</dst>
      <dst id="5">107.5733</dst>
      <dst id="3">840.1600</dst>
      <dst id="10">31.7778</dst>
      <dst id="22">192.3733</dst>
      <dst id="7">223.6711</dst>
      <dst id="2">15131.8222</dst>
      <dst id="16">16528.6844</dst>
      <dst id="14">14.4178</dst>
      <dst id="20">199.4844</dst>
      <dst id="11">1.2089</dst>
      <dst id="9">9401.3067</dst>
      <dst id="17">45431.2000</dst>
      <dst id="21">1472.8089</dst>
      <dst id="15">0.9422</dst>
    </src>
    <src id="4">
      <dst id="12">25729.4756</dst>
      <dst id="19">5467.3067</dst>
      <dst id="23">1960.7200</dst>
      <dst id="8">1452.1156</dst>
      <dst id="18">1104.0800</dst>
      <dst id="4">4.3911</dst>
      <dst id="1">120327.8133</dst>
      <dst id="5">2642.8089</dst>
      <dst id="3">433.4311</dst>
      <dst id="22">2213.9467</dst>
      <dst id="7">256001.2178</dst>
      <dst id="2">54398.7911</dst>
      <dst id="6">8384.2133</dst>
      <dst id="16">5746.2133</dst>
      <dst id="14">2235.4400</dst>
      <dst id="11">301.5911</dst>
      <dst id="9">4295.3422</dst>
      <dst id="17">54326.0267</dst>
      <dst id="21">6685.0133</dst>
      <dst id="15">2739.6533</dst>
    </src>
    <src id="1">
      <dst id="12">32121.1378</dst>
      <dst id="13">3582.9067</dst>
      <dst id="19">1598.3644</dst>
      <dst id="23">45.9911</dst>
      <dst id="8">2847.2356</dst>
      <dst id="18">14600.1333</dst>
      <dst id="4">78310.9067</dst>
      <dst id="1">624095.9733</dst>
      <dst id="5">412.7644</dst>
      <dst id="3">1295.5289</dst>
      <dst id="10">237.1378</dst>
      <dst id="22">3745.4133</dst>
      <dst id="7">54082.3022</dst>
      <dst id="2">296021.9200</dst>
      <dst id="6">81.8311</dst>
      <dst id="16">11065.7867</dst>
      <dst id="14">90.4533</dst>
      <dst id="20">602.3556</dst>
      <dst id="11">442.6489</dst>
      <dst id="9">2434.4800</dst>
      <dst id="17">144125.0756</dst>
      <dst id="21">409727.4933</dst>
      <dst id="15">1052.6311</dst>
    </src>
    <src id="5">
      <dst id="12">20174.4800</dst>
      <dst id="13">3182.0711</dst>
      <dst id="19">24.1778</dst>
      <dst id="23">52.6222</dst>
      <dst id="8">36854.8622</dst>
      <dst id="18">210.7378</dst>
      <dst id="4">2207.9467</dst>
      <dst id="1">5265.5378</dst>
      <dst id="3">145.9644</dst>
      <dst id="10">868.4267</dst>
      <dst id="22">1912.2311</dst>
      <dst id="7">145.3956</dst>
      <dst id="2">2998.7289</dst>
      <dst id="6">13.4489</dst>
      <dst id="16">133399.6978</dst>
      <dst id="14">39.6000</dst>
      <dst id="11">51.9911</dst>
      <dst id="9">95761.1822</dst>
      <dst id="17">267652.6756</dst>
      <dst id="15">2245.6889</dst>
    </src>
    <src id="3">
      <dst id="12">17507.1467</dst>
      <dst id="13">4392.9511</dst>
      <dst id="19">1910.3289</dst>
      <dst id="23">188.7289</dst>
      <dst id="8">300.8267</dst>
      <dst id="18">327.9467</dst>
      <dst id="4">17096.9156</dst>
      <dst id="1">10024.1244</dst>
      <dst id="5">1719.8133</dst>
      <dst id="3">59.6889</dst>
      <dst id="10">3486.6489</dst>
      <dst id="22">808.0444</dst>
      <dst id="7">4499.8222</dst>
      <dst id="2">7574.9156</dst>
      <dst id="6">21.5644</dst>
      <dst id="16">4217.0400</dst>
      <dst id="14">173.6444</dst>
      <dst id="20">1545.2800</dst>
      <dst id="11">363.8667</dst>
      <dst id="9">1373.9556</dst>
      <dst id="17">73536.4889</dst>
      <dst id="21">8001.8133</dst>
      <dst id="15">232.9156</dst>
    </src>
    <src id="10">
      <dst id="12">13673.6444</dst>
      <dst id="19">3094.1778</dst>
      <dst id="23">8164.2667</dst>
      <dst id="8">1209.8578</dst>
      <dst id="18">2806.2044</dst>
      <dst id="1">2045.6178</dst>
      <dst id="5">877.4400</dst>
      <dst id="3">479.3778</dst>
      <dst id="22">4409.0044</dst>
      <dst id="7">14686.1689</dst>
      <dst id="2">41337.8222</dst>
      <dst id="6">80.7378</dst>
      <dst id="16">9643.4133</dst>
      <dst id="14">2131.9644</dst>
      <dst id="20">5582.1600</dst>
      <dst id="11">118.5333</dst>
      <dst id="9">2199.2089</dst>
      <dst id="17">41605.1289</dst>
      <dst id="21">12543.0311</dst>
      <dst id="15">292.1244</dst>
    </src>
    <src id="22">
      <dst id="12">21596.6133</dst>
      <dst id="13">4544.1867</dst>
      <dst id="19">1133.6267</dst>
      <dst id="23">19.7333</dst>
      <dst id="8">437.5467</dst>
      <dst id="18">814.1511</dst>
      <dst id="4">6106.9778</dst>
      <dst id="1">417.3956</dst>
      <dst id="5">1580.6400</dst>
      <dst id="3">84.0356</dst>
      <dst id="10">557.0756</dst>
      <dst id="7">1086.1156</dst>
      <dst id="2">2805.4222</dst>
      <dst id="6">81.9378</dst>
      <dst id="14">116.0000</dst>
      <dst id="11">219.0222</dst>
      <dst id="9">1371.1200</dst>
      <dst id="17">11294.9689</dst>
      <dst id="21">2141.9733</dst>
    </src>
    <src id="7">
      <dst id="12">18611.3867</dst>
      <dst id="13">2111.9289</dst>
      <dst id="19">3327.8933</dst>
      <dst id="23">640.5422</dst>
      <dst id="8">557.3600</dst>
      <dst id="18">894.8267</dst>
      <dst id="4">34866.9689</dst>
      <dst id="1">15182.0000</dst>
      <dst id="5">1635.0311</dst>
      <dst id="3">2495.8222</dst>
      <dst id="10">2291.0222</dst>
      <dst id="22">2499.6711</dst>
      <dst id="7">756.4800</dst>
      <dst id="2">15163.2978</dst>
      <dst id="6">111.7778</dst>
      <dst id="16">7236.2578</dst>
      <dst id="14">213.9289</dst>
      <dst id="20">420.6578</dst>
      <dst id="11">200.1067</dst>
      <dst id="9">413.7244</dst>
      <dst id="17">23657.5378</dst>
      <dst id="21">3968.2756</dst>
      <dst id="15">1146.0178</dst>
    </src>
    <src id="2">
      <dst id="12">104145.9733</dst>
      <dst id="13">12457.0933</dst>
      <dst id="19">1172.2933</dst>
      <dst id="23">14.1511</dst>
      <dst id="8">595.4489</dst>
      <dst id="18">137610.5600</dst>
      <dst id="4">50719.1378</dst>
      <dst id="1">44047.0667</dst>
      <dst id="5">965.0756</dst>
      <dst id="3">7172.9422</dst>
      <dst id="10">2656.5156</dst>
      <dst id="22">1422.2578</dst>
      <dst id="7">32369.1022</dst>
      <dst id="2">962.7022</dst>
      <dst id="6">47677.5378</dst>
      <dst id="16">3148.8178</dst>
      <dst id="14">558.0444</dst>
      <dst id="20">1041.4578</dst>
      <dst id="11">284.1422</dst>
      <dst id="9">909.9200</dst>
      <dst id="17">37352.2400</dst>
      <dst id="21">9893.3867</dst>
      <dst id="15">28.0000</dst>
    </src>
    <src id="6">
      <dst id="12">2969.8489</dst>
      <dst id="13">84.0533</dst>
      <dst id="19">254.2756</dst>
      <dst id="23">4.4000</dst>
      <dst id="8">0.4533</dst>
      <dst id="18">14.7200</dst>
      <dst id="4">141.8222</dst>
      <dst id="1">605.0133</dst>
      <dst id="5">61.0756</dst>
      <dst id="3">11.8933</dst>
      <dst id="10">13.9911</dst>
      <dst id="22">0.7111</dst>
      <dst id="7">326.0622</dst>
      <dst id="2">1856.6311</dst>
      <dst id="16">1902.3467</dst>
      <dst id="20">13.6178</dst>
      <dst id="11">12.2844</dst>
      <dst id="9">715.5644</dst>
      <dst id="17">19647.4400</dst>
      <dst id="21">13.3422</dst>
    </src>
    <src id="16">
      <dst id="12">285820.7378</dst>
      <dst id="13">2418.1333</dst>
      <dst id="19">3501.9022</dst>
      <dst id="23">51.3156</dst>
      <dst id="8">238108.2578</dst>
      <dst id="18">289.2978</dst>
      <dst id="4">4041.5022</dst>
      <dst id="1">19254.8178</dst>
      <dst id="5">300968.0089</dst>
      <dst id="3">12789.5822</dst>
      <dst id="10">76.7733</dst>
      <dst id="7">2167.8222</dst>
      <dst id="2">1056.0800</dst>
      <dst id="6">45.7511</dst>
      <dst id="16">147.7511</dst>
      <dst id="14">85647.4578</dst>
      <dst id="11">38508.9422</dst>
      <dst id="9">301844.6933</dst>
      <dst id="17">38790.2222</dst>
      <dst id="21">3262.4800</dst>
    </src>
    <src id="14">
      <dst id="12">8063.5911</dst>
      <dst id="13">256.6222</dst>
      <dst id="19">16.9067</dst>
      <dst id="23">0.5600</dst>
      <dst id="8">24.8889</dst>
      <dst id="4">550.8622</dst>
      <dst id="1">234.2844</dst>
      <dst id="5">39.3511</dst>
      <dst id="3">777.5378</dst>
      <dst id="10">102.7289</dst>
      <dst id="22">7.8489</dst>
      <dst id="7">120.4800</dst>
      <dst id="2">1968.5956</dst>
      <dst id="6">0.7111</dst>
      <dst id="16">8138.9244</dst>
      <dst id="20">0.4622</dst>
      <dst id="11">40.8178</dst>
      <dst id="9">2072.4533</dst>
      <dst id="17">47622.3644</dst>
      <dst id="21">149.2178</dst>
      <dst id="15">2.8800</dst>
    </src>
    <src id="20">
      <dst id="12">5357.8489</dst>
      <dst id="13">4593.2889</dst>
      <dst id="19">104.5600</dst>
      <dst id="23">1.5289</dst>
      <dst id="8">657.6444</dst>
      <dst id="18">793.9911</dst>
      <dst id="4">583.7422</dst>
      <dst id="1">281.3956</dst>
      <dst id="5">508.9244</dst>
      <dst id="3">5843.6267</dst>
      <dst id="10">286.2933</dst>
      <dst id="7">1460.0889</dst>
      <dst id="2">5891.7956</dst>
      <dst id="6">15.3156</dst>
      <dst id="14">40.0000</dst>
      <dst id="20">42.5156</dst>
      <dst id="11">25.9556</dst>
      <dst id="9">526.9511</dst>
      <dst id="17">27164.1689</dst>
      <dst id="21">789.2622</dst>
    </src>
    <src id="11">
      <dst id="12">51805.8578</dst>
      <dst id="13">1092.5511</dst>
      <dst id="19">148.4178</dst>
      <dst id="23">1433.8844</dst>
      <dst id="8">1315.6978</dst>
      <dst id="18">335.1733</dst>
      <dst id="4">5482.4711</dst>
      <dst id="1">9692.3733</dst>
      <dst id="5">1293.3333</dst>
      <dst id="3">2364.1600</dst>
      <dst id="10">6343.2356</dst>
      <dst id="22">1505.5911</dst>
      <dst id="7">750.0089</dst>
      <dst id="2">77608.1956</dst>
      <dst id="6">21.0222</dst>
      <dst id="16">112944.9511</dst>
      <dst id="14">6.9244</dst>
      <dst id="20">738.9778</dst>
      <dst id="11">3962.4889</dst>
      <dst id="9">52806.1600</dst>
      <dst id="17">636003.3778</dst>
      <dst id="21">711.1022</dst>
      <dst id="15">349.9911</dst>
    </src>
    <src id="9">
      <dst id="12">43684.3022</dst>
      <dst id="13">3453.0667</dst>
      <dst id="19">196.3022</dst>
      <dst id="23">20.8000</dst>
      <dst id="8">166697.1022</dst>
      <dst id="18">1377.2178</dst>
      <dst id="4">4231.8133</dst>
      <dst id="1">20904.3556</dst>
      <dst id="5">1372.0444</dst>
      <dst id="3">1979.5378</dst>
      <dst id="10">383.0489</dst>
      <dst id="22">4578.0889</dst>
      <dst id="7">1101.8044</dst>
      <dst id="2">975.5022</dst>
      <dst id="6">13.1200</dst>
      <dst id="16">130497.1111</dst>
      <dst id="11">26.8267</dst>
      <dst id="9">343293.2267</dst>
      <dst id="17">373173.2711</dst>
      <dst id="21">0.3556</dst>
      <dst id="15">1211.8400</dst>
    </src>
    <src id="17">
      <dst id="12">243668.7644</dst>
      <dst id="13">26216.1689</dst>
      <dst id="19">1624.1778</dst>
      <dst id="23">7307.0844</dst>
      <dst id="8">1384.5333</dst>
      <dst id="18">4453.6000</dst>
      <dst id="4">23697.6533</dst>
      <dst id="1">16349.1378</dst>
      <dst id="5">191277.8756</dst>
      <dst id="3">9600.8267</dst>
      <dst id="10">8738.9867</dst>
      <dst id="22">3594.2578</dst>
      <dst id="7">20589.3244</dst>
      <dst id="2">38476.0000</dst>
      <dst id="6">202.1867</dst>
      <dst id="16">11701.8933</dst>
      <dst id="14">37468.5244</dst>
      <dst id="20">4142.4622</dst>
      <dst id="11">27173.8578</dst>
      <dst id="9">2717.9200</dst>
      <dst id="17">45646.4711</dst>
      <dst id="21">16232.0978</dst>
      <dst id="15">1485.2622</dst>
    </src>
    <src id="21">
      <dst id="12">9093.6711</dst>
      <dst id="13">2456.4356</dst>
      <dst id="19">549.6178</dst>
      <dst id="23">48.9244</dst>
      <dst id="8">231.1467</dst>
      <dst id="18">2709.7956</dst>
      <dst id="4">6429.0933</dst>
      <dst id="1">15966.4889</dst>
      <dst id="5">573.0933</dst>
      <dst id="3">8962.7911</dst>
      <dst id="10">1691.6356</dst>
      <dst id="22">3138.4178</dst>
      <dst id="7">3117.6178</dst>
      <dst id="2">7439.5644</dst>
      <dst id="6">2.7289</dst>
      <dst id="16">3231.2978</dst>
      <dst id="14">68.9600</dst>
      <dst id="20">683.0667</dst>
      <dst id="11">152.4178</dst>
      <dst id="9">2041.5911</dst>
      <dst id="17">36881.7422</dst>
      <dst id="21">3368.4178</dst>
      <dst id="15">47.7156</dst>
    </src>
    <src id="15">
      <dst id="12">2426.5156</dst>
      <dst id="13">456.7644</dst>
      <dst id="19">5.1556</dst>
      <dst id="23">0.3378</dst>
      <dst id="8">522.4800</dst>
      <dst id="18">14.6133</dst>
      <dst id="4">2058.0444</dst>
      <dst id="1">386.8000</dst>
      <dst id="5">380.4800</dst>
      <dst id="3">49.6267</dst>
      <dst id="10">19.6889</dst>
      <dst id="7">391.1644</dst>
      <dst id="2">62.7822</dst>
      <dst id="6">1.9733</dst>
      <dst id="16">2.4356</dst>
      <dst id="14">13.3333</dst>
      <dst id="11">40.0000</dst>
      <dst id="9">955.3778</dst>
      <dst id="17">3970.5867</dst>
      <dst id="21">53.3333</dst>
    </src>
  </IntraTM>
</TrafficMatrixFile>
