<?xml version="1.0" encoding="UTF-8" standalone="yes"?>
<TrafficMatrixFile xmlns:xsi="http://www.w3.org/2001/XMLSchema-instance" xsi:noNamespaceSchemaLocation="http://totem.run.montefiore.ulg.ac.be/Schema/TrafficMatrix-v1_2.xsd">
  <info>
    <title>Intradomain traffic matrix generated by geant-TM-all.pl</title>
    <date>2005-01-08T01:45:00</date>
    <duration>900</duration>
    <author>Steve Uhlig</author>
    <units>
        <unit type="bandwidth" value="kbps"/>
    </units>
  </info>
  <IntraTM ASID="20965">
    <src id="12">
      <dst id="12">361434.9422</dst>
      <dst id="13">29279.7511</dst>
      <dst id="19">6715.2533</dst>
      <dst id="23">380.3111</dst>
      <dst id="8">2790.8889</dst>
      <dst id="18">9109.8756</dst>
      <dst id="4">108447.9022</dst>
      <dst id="1">12662.2578</dst>
      <dst id="5">8541.6178</dst>
      <dst id="3">25616.6489</dst>
      <dst id="22">17372.3822</dst>
      <dst id="7">9869.7511</dst>
      <dst id="2">75297.7244</dst>
      <dst id="6">3.0311</dst>
      <dst id="16">7635.1822</dst>
      <dst id="14">1127.3511</dst>
      <dst id="20">16155.5467</dst>
      <dst id="11">3712.1956</dst>
      <dst id="9">8594.5333</dst>
      <dst id="17">129005.4844</dst>
      <dst id="21">28057.8489</dst>
      <dst id="15">4261.1733</dst>
    </src>
    <src id="13">
      <dst id="12">83264.6756</dst>
      <dst id="19">29320.9156</dst>
      <dst id="23">686.2667</dst>
      <dst id="8">3344.9511</dst>
      <dst id="18">13245.6889</dst>
      <dst id="4">0.7111</dst>
      <dst id="1">8853.3067</dst>
      <dst id="5">16653.7333</dst>
      <dst id="3">31555.1822</dst>
      <dst id="22">27752.8356</dst>
      <dst id="7">28680.9156</dst>
      <dst id="2">156926.7911</dst>
      <dst id="6">539.1911</dst>
      <dst id="16">11530.3467</dst>
      <dst id="14">2300.2844</dst>
      <dst id="20">14703.2444</dst>
      <dst id="11">17985.6089</dst>
      <dst id="9">19206.0800</dst>
      <dst id="17">116270.0267</dst>
      <dst id="21">41594.1333</dst>
      <dst id="15">3345.7867</dst>
    </src>
    <src id="19">
      <dst id="12">17730.4267</dst>
      <dst id="13">11627.8933</dst>
      <dst id="23">22.9778</dst>
      <dst id="8">3354.0978</dst>
      <dst id="18">2478.1778</dst>
      <dst id="4">19426.9067</dst>
      <dst id="1">5499.1111</dst>
      <dst id="5">153.7156</dst>
      <dst id="3">77.1556</dst>
      <dst id="22">4178.7289</dst>
      <dst id="7">7195.3422</dst>
      <dst id="2">4678.8089</dst>
      <dst id="6">163.6800</dst>
      <dst id="16">6862.9867</dst>
      <dst id="14">63.4044</dst>
      <dst id="20">336.8622</dst>
      <dst id="11">94.1956</dst>
      <dst id="9">775.8667</dst>
      <dst id="17">17816.9689</dst>
      <dst id="21">2689.6178</dst>
      <dst id="15">29.1911</dst>
    </src>
    <src id="23">
      <dst id="12">188.4800</dst>
      <dst id="13">193.8756</dst>
      <dst id="19">62.2222</dst>
      <dst id="8">0.3556</dst>
      <dst id="18">62.4533</dst>
      <dst id="4">78.0178</dst>
      <dst id="1">57.2800</dst>
      <dst id="5">8.8533</dst>
      <dst id="3">143.5200</dst>
      <dst id="22">72.1867</dst>
      <dst id="7">221.9733</dst>
      <dst id="2">50.9244</dst>
      <dst id="6">0.9244</dst>
      <dst id="16">298.6400</dst>
      <dst id="14">1.1733</dst>
      <dst id="20">13.3333</dst>
      <dst id="11">53.3422</dst>
      <dst id="9">24.7733</dst>
      <dst id="17">443.0222</dst>
      <dst id="21">861.3778</dst>
      <dst id="15">10.4889</dst>
    </src>
    <src id="8">
      <dst id="12">320532.2667</dst>
      <dst id="13">1458.5422</dst>
      <dst id="19">102.4356</dst>
      <dst id="18">319.7156</dst>
      <dst id="4">4143.6978</dst>
      <dst id="1">2001.3956</dst>
      <dst id="5">1363.7244</dst>
      <dst id="3">12.4178</dst>
      <dst id="22">907.6622</dst>
      <dst id="7">314.5778</dst>
      <dst id="2">2744.0089</dst>
      <dst id="16">1220.6489</dst>
      <dst id="14">1.3867</dst>
      <dst id="20">1831.6444</dst>
      <dst id="11">1529.1289</dst>
      <dst id="9">139659.0933</dst>
      <dst id="17">136653.3867</dst>
      <dst id="21">590.6578</dst>
      <dst id="15">113.1556</dst>
    </src>
    <src id="18">
      <dst id="12">152176.0444</dst>
      <dst id="13">320.8000</dst>
      <dst id="19">77.8844</dst>
      <dst id="23">1554.2044</dst>
      <dst id="8">264.7022</dst>
      <dst id="4">3806.5956</dst>
      <dst id="1">1042.8800</dst>
      <dst id="5">953.1644</dst>
      <dst id="3">325.0489</dst>
      <dst id="22">518.8711</dst>
      <dst id="7">576.9244</dst>
      <dst id="2">62182.4533</dst>
      <dst id="16">234.6133</dst>
      <dst id="14">0.8889</dst>
      <dst id="20">33.5644</dst>
      <dst id="11">732.6578</dst>
      <dst id="9">187.3333</dst>
      <dst id="17">63603.5556</dst>
      <dst id="21">1940.7289</dst>
      <dst id="15">5.7600</dst>
    </src>
    <src id="4">
      <dst id="12">23050.0089</dst>
      <dst id="19">12768.9422</dst>
      <dst id="23">4.3111</dst>
      <dst id="8">4585.5022</dst>
      <dst id="18">2594.7289</dst>
      <dst id="4">2.0978</dst>
      <dst id="1">43292.8889</dst>
      <dst id="5">2463.2800</dst>
      <dst id="3">7297.5911</dst>
      <dst id="22">6620.2489</dst>
      <dst id="7">178436.6578</dst>
      <dst id="2">57940.4000</dst>
      <dst id="6">34.1778</dst>
      <dst id="16">2760.0178</dst>
      <dst id="14">1589.5111</dst>
      <dst id="20">3444.2489</dst>
      <dst id="11">3753.0756</dst>
      <dst id="9">6550.1156</dst>
      <dst id="17">32745.5644</dst>
      <dst id="21">17485.9467</dst>
      <dst id="15">830.6933</dst>
    </src>
    <src id="1">
      <dst id="12">28626.4356</dst>
      <dst id="13">49235.0400</dst>
      <dst id="19">1547.8933</dst>
      <dst id="23">198.9689</dst>
      <dst id="8">222185.1822</dst>
      <dst id="18">16188.0800</dst>
      <dst id="4">14151.0400</dst>
      <dst id="1">61101.9911</dst>
      <dst id="5">286667.4400</dst>
      <dst id="3">2981.5822</dst>
      <dst id="22">9112.1511</dst>
      <dst id="7">100072.7289</dst>
      <dst id="2">72577.7778</dst>
      <dst id="6">17981.6178</dst>
      <dst id="16">13946.5244</dst>
      <dst id="14">138.0178</dst>
      <dst id="20">2155.2889</dst>
      <dst id="11">20515.3156</dst>
      <dst id="9">363497.4400</dst>
      <dst id="17">17201.2533</dst>
      <dst id="21">36782.3111</dst>
      <dst id="15">702.3378</dst>
    </src>
    <src id="5">
      <dst id="12">319468.1156</dst>
      <dst id="13">13762.7911</dst>
      <dst id="19">459.0222</dst>
      <dst id="23">507.1289</dst>
      <dst id="8">23525.1733</dst>
      <dst id="18">631.8400</dst>
      <dst id="4">12705.4667</dst>
      <dst id="1">3928.7200</dst>
      <dst id="3">356.1333</dst>
      <dst id="22">3779.0489</dst>
      <dst id="7">612.2133</dst>
      <dst id="2">5881.3867</dst>
      <dst id="6">14.1778</dst>
      <dst id="16">1161.2444</dst>
      <dst id="14">37.7867</dst>
      <dst id="20">8606.4622</dst>
      <dst id="11">586.6667</dst>
      <dst id="9">174922.6400</dst>
      <dst id="17">140888.7200</dst>
      <dst id="21">2179.9733</dst>
      <dst id="15">181.6000</dst>
    </src>
    <src id="3">
      <dst id="12">31628.1689</dst>
      <dst id="13">1614.2844</dst>
      <dst id="19">2310.4000</dst>
      <dst id="23">247.9556</dst>
      <dst id="8">464.4889</dst>
      <dst id="18">210328.9422</dst>
      <dst id="4">51037.2178</dst>
      <dst id="1">13847.8311</dst>
      <dst id="5">3447.1200</dst>
      <dst id="3">18693.4400</dst>
      <dst id="22">1924.7378</dst>
      <dst id="7">4478.0444</dst>
      <dst id="2">19083.0311</dst>
      <dst id="6">37.7156</dst>
      <dst id="16">2007.1556</dst>
      <dst id="14">46916.9778</dst>
      <dst id="20">3937.6711</dst>
      <dst id="11">245930.6756</dst>
      <dst id="9">1283.7156</dst>
      <dst id="17">12767.1200</dst>
      <dst id="21">7305.9467</dst>
      <dst id="15">142.8178</dst>
    </src>
    <src id="10">
      <dst id="12">15438.2311</dst>
      <dst id="19">3073.5111</dst>
      <dst id="8">569.3511</dst>
      <dst id="18">10215.1911</dst>
      <dst id="1">2442.0978</dst>
      <dst id="5">1887.4044</dst>
      <dst id="3">17413.9556</dst>
      <dst id="22">12199.2889</dst>
      <dst id="7">14972.0889</dst>
      <dst id="2">52962.2489</dst>
      <dst id="6">426.4444</dst>
      <dst id="16">2375.0311</dst>
      <dst id="14">876.7200</dst>
      <dst id="20">2343.6533</dst>
      <dst id="11">4438.8000</dst>
      <dst id="9">7006.7644</dst>
      <dst id="17">42063.0400</dst>
      <dst id="21">32078.4889</dst>
      <dst id="15">2462.3822</dst>
    </src>
    <src id="22">
      <dst id="12">8773.4400</dst>
      <dst id="13">15358.2756</dst>
      <dst id="19">608.8889</dst>
      <dst id="23">452.3822</dst>
      <dst id="8">3321.3867</dst>
      <dst id="18">297.8933</dst>
      <dst id="4">20023.5378</dst>
      <dst id="1">515.5467</dst>
      <dst id="5">4463.4489</dst>
      <dst id="3">1287.1733</dst>
      <dst id="7">2571.6711</dst>
      <dst id="2">2694.9067</dst>
      <dst id="6">55.3067</dst>
      <dst id="16">5.5022</dst>
      <dst id="14">14.5689</dst>
      <dst id="11">2551.5644</dst>
      <dst id="9">3421.8400</dst>
      <dst id="17">8786.7111</dst>
      <dst id="21">2073.6089</dst>
    </src>
    <src id="7">
      <dst id="12">7474.0356</dst>
      <dst id="13">4706.3733</dst>
      <dst id="19">1171.7867</dst>
      <dst id="23">534.9422</dst>
      <dst id="8">915.4222</dst>
      <dst id="18">2600.3556</dst>
      <dst id="4">33223.0844</dst>
      <dst id="1">20562.2133</dst>
      <dst id="5">1489.6000</dst>
      <dst id="3">718.3378</dst>
      <dst id="22">5596.8444</dst>
      <dst id="7">670.7200</dst>
      <dst id="2">10022.9067</dst>
      <dst id="6">60.2578</dst>
      <dst id="16">3126.6133</dst>
      <dst id="14">565.2889</dst>
      <dst id="20">1724.1867</dst>
      <dst id="11">1017.5556</dst>
      <dst id="9">2073.3244</dst>
      <dst id="17">19053.0489</dst>
      <dst id="21">12502.4000</dst>
      <dst id="15">1240.8089</dst>
    </src>
    <src id="2">
      <dst id="12">152073.1733</dst>
      <dst id="13">397955.8222</dst>
      <dst id="19">2874.0000</dst>
      <dst id="23">107.4400</dst>
      <dst id="8">1633.0844</dst>
      <dst id="18">164638.2222</dst>
      <dst id="4">124181.2178</dst>
      <dst id="1">12038.2844</dst>
      <dst id="5">4316.2133</dst>
      <dst id="3">181.6356</dst>
      <dst id="22">3303.6800</dst>
      <dst id="7">4924.1778</dst>
      <dst id="2">1003.2356</dst>
      <dst id="6">10756.2222</dst>
      <dst id="16">2061.9378</dst>
      <dst id="14">608.7822</dst>
      <dst id="20">940.3556</dst>
      <dst id="11">9809.9556</dst>
      <dst id="9">1220.9511</dst>
      <dst id="17">38252.4978</dst>
      <dst id="21">10885.2533</dst>
      <dst id="15">238.5067</dst>
    </src>
    <src id="6">
      <dst id="12">11787.3422</dst>
      <dst id="13">3.2533</dst>
      <dst id="19">28.4089</dst>
      <dst id="23">12.6044</dst>
      <dst id="8">1.7600</dst>
      <dst id="18">57.7956</dst>
      <dst id="4">189.4756</dst>
      <dst id="1">197.4933</dst>
      <dst id="5">6.2578</dst>
      <dst id="3">0.3556</dst>
      <dst id="22">17.6178</dst>
      <dst id="7">166.6756</dst>
      <dst id="2">2779.3778</dst>
      <dst id="16">40.3822</dst>
      <dst id="20">3.9378</dst>
      <dst id="11">45.3067</dst>
      <dst id="9">15.8222</dst>
      <dst id="17">1902.8889</dst>
      <dst id="21">59.2800</dst>
      <dst id="15">0.7822</dst>
    </src>
    <src id="16">
      <dst id="12">5005.2267</dst>
      <dst id="13">5496.7911</dst>
      <dst id="19">4027.2622</dst>
      <dst id="23">87.4578</dst>
      <dst id="8">8112.5333</dst>
      <dst id="18">156.8711</dst>
      <dst id="4">10462.1600</dst>
      <dst id="1">15076.4178</dst>
      <dst id="5">6142.2933</dst>
      <dst id="3">1863.9911</dst>
      <dst id="7">1362.8089</dst>
      <dst id="2">1406.3556</dst>
      <dst id="6">161.8044</dst>
      <dst id="16">65.8044</dst>
      <dst id="14">75.9733</dst>
      <dst id="11">280.6044</dst>
      <dst id="9">9599.6800</dst>
      <dst id="17">6459.6533</dst>
      <dst id="21">2078.5689</dst>
    </src>
    <src id="14">
      <dst id="12">20784.3644</dst>
      <dst id="13">130.6933</dst>
      <dst id="19">18.7378</dst>
      <dst id="23">12.6222</dst>
      <dst id="8">9.4933</dst>
      <dst id="4">3825.8578</dst>
      <dst id="1">108.4800</dst>
      <dst id="5">180.3378</dst>
      <dst id="3">241.2267</dst>
      <dst id="22">38.8978</dst>
      <dst id="7">218.6667</dst>
      <dst id="2">3898.7733</dst>
      <dst id="16">3.4311</dst>
      <dst id="20">66.9867</dst>
      <dst id="11">32.5778</dst>
      <dst id="9">33.6533</dst>
      <dst id="17">10278.7556</dst>
      <dst id="21">302.9244</dst>
    </src>
    <src id="20">
      <dst id="12">11738.4267</dst>
      <dst id="13">11256.6844</dst>
      <dst id="19">1131.8311</dst>
      <dst id="23">9.5733</dst>
      <dst id="8">2560.0356</dst>
      <dst id="18">91.1911</dst>
      <dst id="4">13906.9067</dst>
      <dst id="1">96.8800</dst>
      <dst id="5">3988.8533</dst>
      <dst id="3">15577.5200</dst>
      <dst id="7">1681.8489</dst>
      <dst id="2">1371.0844</dst>
      <dst id="6">12.8000</dst>
      <dst id="16">14.7556</dst>
      <dst id="14">1.6356</dst>
      <dst id="11">410.7733</dst>
      <dst id="9">15506.1600</dst>
      <dst id="17">12645.0844</dst>
      <dst id="21">5752.6578</dst>
    </src>
    <src id="11">
      <dst id="12">461585.7156</dst>
      <dst id="13">4776.6756</dst>
      <dst id="19">333.7511</dst>
      <dst id="23">8.2311</dst>
      <dst id="8">2666.7911</dst>
      <dst id="18">554.0267</dst>
      <dst id="4">13126.8356</dst>
      <dst id="1">6298.6667</dst>
      <dst id="5">1932.1956</dst>
      <dst id="3">1345.1911</dst>
      <dst id="22">5534.3200</dst>
      <dst id="7">1869.3511</dst>
      <dst id="2">115059.9733</dst>
      <dst id="6">2.9778</dst>
      <dst id="16">678.5067</dst>
      <dst id="14">86.0622</dst>
      <dst id="20">330.5156</dst>
      <dst id="11">7933.7689</dst>
      <dst id="9">1881.9644</dst>
      <dst id="17">178504.0800</dst>
      <dst id="21">2557.8844</dst>
      <dst id="15">46.9333</dst>
    </src>
    <src id="9">
      <dst id="12">455238.4356</dst>
      <dst id="13">7769.3333</dst>
      <dst id="19">156.7289</dst>
      <dst id="23">22.8889</dst>
      <dst id="8">208633.4311</dst>
      <dst id="18">398.3467</dst>
      <dst id="4">12196.9867</dst>
      <dst id="1">14205.3511</dst>
      <dst id="5">4692.3733</dst>
      <dst id="3">64.5867</dst>
      <dst id="22">1740.9600</dst>
      <dst id="7">797.7689</dst>
      <dst id="2">4365.4667</dst>
      <dst id="6">114.2044</dst>
      <dst id="16">1107.0311</dst>
      <dst id="14">111.0400</dst>
      <dst id="20">8755.3156</dst>
      <dst id="11">2868.7467</dst>
      <dst id="9">515755.9200</dst>
      <dst id="17">234811.0578</dst>
      <dst id="21">1599.7156</dst>
      <dst id="15">4418.3289</dst>
    </src>
    <src id="17">
      <dst id="12">19701.6978</dst>
      <dst id="13">10832.5956</dst>
      <dst id="19">4687.2089</dst>
      <dst id="23">189.3867</dst>
      <dst id="8">351.2444</dst>
      <dst id="18">1866.3378</dst>
      <dst id="4">66018.9511</dst>
      <dst id="1">8280.0178</dst>
      <dst id="5">289093.8044</dst>
      <dst id="3">25827.5200</dst>
      <dst id="22">8526.4533</dst>
      <dst id="7">34228.1422</dst>
      <dst id="2">46010.3111</dst>
      <dst id="6">154.1422</dst>
      <dst id="16">7286.7378</dst>
      <dst id="14">25726.2133</dst>
      <dst id="20">6457.1822</dst>
      <dst id="11">179411.7956</dst>
      <dst id="9">15950.3822</dst>
      <dst id="17">891.9467</dst>
      <dst id="21">15969.6533</dst>
      <dst id="15">688.3911</dst>
    </src>
    <src id="21">
      <dst id="12">16258.4444</dst>
      <dst id="13">5428.5511</dst>
      <dst id="19">918.8622</dst>
      <dst id="23">349.6889</dst>
      <dst id="8">368.1511</dst>
      <dst id="18">2929.9289</dst>
      <dst id="4">28115.7867</dst>
      <dst id="1">11729.5556</dst>
      <dst id="5">885.5289</dst>
      <dst id="3">28865.1111</dst>
      <dst id="22">3681.8044</dst>
      <dst id="7">23151.8756</dst>
      <dst id="2">15041.8222</dst>
      <dst id="6">35.1644</dst>
      <dst id="16">1810.0800</dst>
      <dst id="14">116.3556</dst>
      <dst id="20">391.5200</dst>
      <dst id="11">517.0578</dst>
      <dst id="9">1820.0267</dst>
      <dst id="17">14458.7378</dst>
      <dst id="21">3467.8044</dst>
      <dst id="15">116.3111</dst>
    </src>
    <src id="15">
      <dst id="12">1715.2444</dst>
      <dst id="13">7722.9244</dst>
      <dst id="19">1.2444</dst>
      <dst id="23">1.1911</dst>
      <dst id="8">194.3467</dst>
      <dst id="18">39.4844</dst>
      <dst id="4">2097.5378</dst>
      <dst id="1">2060.2044</dst>
      <dst id="5">2207.5911</dst>
      <dst id="3">1.3067</dst>
      <dst id="7">192.9511</dst>
      <dst id="2">215.2533</dst>
      <dst id="11">306.7822</dst>
      <dst id="9">763.6356</dst>
      <dst id="17">8387.1200</dst>
      <dst id="21">2328.5511</dst>
    </src>
  </IntraTM>
</TrafficMatrixFile>
