<?xml version="1.0" encoding="UTF-8" standalone="yes"?>
<TrafficMatrixFile xmlns:xsi="http://www.w3.org/2001/XMLSchema-instance" xsi:noNamespaceSchemaLocation="http://totem.run.montefiore.ulg.ac.be/Schema/TrafficMatrix-v1_2.xsd">
  <info>
    <title>Intradomain traffic matrix generated by geant-TM-all.pl</title>
    <date>2005-01-17T03:45:00</date>
    <duration>900</duration>
    <author>Steve Uhlig</author>
    <units>
        <unit type="bandwidth" value="kbps"/>
    </units>
  </info>
  <IntraTM ASID="20965">
    <src id="12">
      <dst id="12">338344.1689</dst>
      <dst id="13">45017.7956</dst>
      <dst id="19">5194.9511</dst>
      <dst id="23">1435.4400</dst>
      <dst id="8">2945.4756</dst>
      <dst id="18">153778.4000</dst>
      <dst id="4">104071.4400</dst>
      <dst id="1">10448.5778</dst>
      <dst id="5">3940.5156</dst>
      <dst id="3">7389.2356</dst>
      <dst id="10">13125.2356</dst>
      <dst id="22">20574.5689</dst>
      <dst id="7">8985.6444</dst>
      <dst id="2">65909.2267</dst>
      <dst id="16">14979.8933</dst>
      <dst id="14">1548.4889</dst>
      <dst id="20">12025.4844</dst>
      <dst id="11">3364.6844</dst>
      <dst id="9">3651.2889</dst>
      <dst id="17">73417.6978</dst>
      <dst id="21">5898.1778</dst>
      <dst id="15">1707.6000</dst>
    </src>
    <src id="13">
      <dst id="12">33300.4178</dst>
      <dst id="19">2557.5289</dst>
      <dst id="23">370.2044</dst>
      <dst id="8">1097.8133</dst>
      <dst id="18">2256.1156</dst>
      <dst id="1">976.9689</dst>
      <dst id="5">9372.4978</dst>
      <dst id="3">3061.0133</dst>
      <dst id="22">6421.6267</dst>
      <dst id="7">1824.9422</dst>
      <dst id="2">16462.6667</dst>
      <dst id="16">3110.4178</dst>
      <dst id="14">86.3733</dst>
      <dst id="20">2433.2889</dst>
      <dst id="11">2281.2622</dst>
      <dst id="9">4600.6400</dst>
      <dst id="17">18000.4356</dst>
      <dst id="21">10016.0711</dst>
      <dst id="15">708.0978</dst>
    </src>
    <src id="19">
      <dst id="12">17827.2622</dst>
      <dst id="13">4807.8756</dst>
      <dst id="23">2.1333</dst>
      <dst id="8">15.9289</dst>
      <dst id="18">157.3867</dst>
      <dst id="4">18520.0267</dst>
      <dst id="1">535.5733</dst>
      <dst id="5">19.9733</dst>
      <dst id="3">63.9733</dst>
      <dst id="10">447.0133</dst>
      <dst id="22">1190.9422</dst>
      <dst id="7">3442.4711</dst>
      <dst id="2">2102.7022</dst>
      <dst id="16">13713.7511</dst>
      <dst id="14">2.4000</dst>
      <dst id="20">194.2489</dst>
      <dst id="11">18.2222</dst>
      <dst id="9">3512.6933</dst>
      <dst id="17">846.8978</dst>
      <dst id="21">492.6844</dst>
      <dst id="15">2.3467</dst>
    </src>
    <src id="23">
      <dst id="12">619.4756</dst>
      <dst id="13">207.6711</dst>
      <dst id="19">0.8089</dst>
      <dst id="18">27.0222</dst>
      <dst id="4">875.7689</dst>
      <dst id="1">85.5200</dst>
      <dst id="5">40.0000</dst>
      <dst id="3">6.4178</dst>
      <dst id="22">175.5200</dst>
      <dst id="7">246.5067</dst>
      <dst id="2">113.0044</dst>
      <dst id="16">58.2222</dst>
      <dst id="20">265.3867</dst>
      <dst id="11">64.4533</dst>
      <dst id="9">1613.7600</dst>
      <dst id="17">1249.6356</dst>
      <dst id="21">158.8089</dst>
      <dst id="15">13.6889</dst>
    </src>
    <src id="8">
      <dst id="12">39082.4889</dst>
      <dst id="13">1710.3200</dst>
      <dst id="19">21.1467</dst>
      <dst id="18">219.3244</dst>
      <dst id="4">4772.3467</dst>
      <dst id="1">4594.4978</dst>
      <dst id="5">1354.0889</dst>
      <dst id="3">0.4622</dst>
      <dst id="10">1231.3956</dst>
      <dst id="22">1157.4933</dst>
      <dst id="7">45.7422</dst>
      <dst id="2">1912.9956</dst>
      <dst id="16">678.4800</dst>
      <dst id="14">0.6578</dst>
      <dst id="20">197.7422</dst>
      <dst id="11">336.9778</dst>
      <dst id="9">154082.4089</dst>
      <dst id="17">395134.9778</dst>
      <dst id="21">84.2933</dst>
      <dst id="15">180.9600</dst>
    </src>
    <src id="18">
      <dst id="12">200602.7378</dst>
      <dst id="13">564.8089</dst>
      <dst id="19">3.1644</dst>
      <dst id="23">0.9956</dst>
      <dst id="8">22.9867</dst>
      <dst id="4">3374.8356</dst>
      <dst id="1">820.5600</dst>
      <dst id="5">459.5467</dst>
      <dst id="3">103.9289</dst>
      <dst id="10">309.8044</dst>
      <dst id="22">795.0489</dst>
      <dst id="7">89.9111</dst>
      <dst id="2">59354.0533</dst>
      <dst id="16">36.7467</dst>
      <dst id="20">32.8622</dst>
      <dst id="11">110.3467</dst>
      <dst id="9">939.2178</dst>
      <dst id="17">28723.1822</dst>
      <dst id="21">1821.5111</dst>
      <dst id="15">70.8978</dst>
    </src>
    <src id="4">
      <dst id="12">52539.4933</dst>
      <dst id="13">7457.2711</dst>
      <dst id="19">9521.8311</dst>
      <dst id="8">2084.5600</dst>
      <dst id="18">11506.4444</dst>
      <dst id="4">1.5733</dst>
      <dst id="1">47234.0622</dst>
      <dst id="5">6925.7956</dst>
      <dst id="3">1534.8000</dst>
      <dst id="22">22079.8133</dst>
      <dst id="7">93227.2533</dst>
      <dst id="2">115216.2222</dst>
      <dst id="16">11090.0711</dst>
      <dst id="14">7591.9733</dst>
      <dst id="20">13557.7067</dst>
      <dst id="11">9033.5289</dst>
      <dst id="9">18975.9022</dst>
      <dst id="17">80496.8978</dst>
      <dst id="21">38935.4044</dst>
      <dst id="15">2012.3378</dst>
    </src>
    <src id="1">
      <dst id="12">15589.3511</dst>
      <dst id="13">2945.9733</dst>
      <dst id="19">132.5422</dst>
      <dst id="23">176.6933</dst>
      <dst id="8">3.1200</dst>
      <dst id="18">16057.0044</dst>
      <dst id="4">52990.4000</dst>
      <dst id="1">59258.3200</dst>
      <dst id="5">3955.7511</dst>
      <dst id="3">8496.9422</dst>
      <dst id="10">2547.3600</dst>
      <dst id="22">6248.7911</dst>
      <dst id="7">16219.8933</dst>
      <dst id="2">26554.4267</dst>
      <dst id="16">22132.7733</dst>
      <dst id="14">108.6311</dst>
      <dst id="20">8849.9200</dst>
      <dst id="11">3788.6044</dst>
      <dst id="9">936.9778</dst>
      <dst id="17">8045.4756</dst>
      <dst id="21">14562.0000</dst>
      <dst id="15">211.8578</dst>
    </src>
    <src id="5">
      <dst id="12">22516.3644</dst>
      <dst id="13">11265.9911</dst>
      <dst id="19">23.2800</dst>
      <dst id="23">0.7822</dst>
      <dst id="8">1490.7911</dst>
      <dst id="18">1307.2178</dst>
      <dst id="4">5709.2622</dst>
      <dst id="1">4535.5822</dst>
      <dst id="3">215.2444</dst>
      <dst id="10">1621.7244</dst>
      <dst id="22">12296.1156</dst>
      <dst id="7">516.4356</dst>
      <dst id="2">1036.3733</dst>
      <dst id="16">771.0578</dst>
      <dst id="14">63.3778</dst>
      <dst id="20">1862.1067</dst>
      <dst id="11">1812.5689</dst>
      <dst id="9">128834.5333</dst>
      <dst id="17">343492.5511</dst>
      <dst id="21">540.8622</dst>
      <dst id="15">1257.5467</dst>
    </src>
    <src id="3">
      <dst id="12">15623.6889</dst>
      <dst id="13">1672.3111</dst>
      <dst id="19">1713.3511</dst>
      <dst id="23">78.0178</dst>
      <dst id="8">48.3289</dst>
      <dst id="18">1776.9333</dst>
      <dst id="4">46388.4622</dst>
      <dst id="1">32442.8533</dst>
      <dst id="5">1321.7244</dst>
      <dst id="3">2.7733</dst>
      <dst id="10">364.8533</dst>
      <dst id="22">4095.7867</dst>
      <dst id="7">66393.1289</dst>
      <dst id="2">9823.1822</dst>
      <dst id="16">1907.0844</dst>
      <dst id="14">76.3556</dst>
      <dst id="20">3004.5511</dst>
      <dst id="11">1704.8267</dst>
      <dst id="9">1040.6133</dst>
      <dst id="17">19455.3156</dst>
      <dst id="21">31677.3600</dst>
      <dst id="15">284.9156</dst>
    </src>
    <src id="10">
      <dst id="12">16566.0267</dst>
      <dst id="19">6383.3689</dst>
      <dst id="8">153251.2622</dst>
      <dst id="18">3712.6222</dst>
      <dst id="1">3345.3778</dst>
      <dst id="5">219174.4533</dst>
      <dst id="3">30695.3956</dst>
      <dst id="22">6119.8044</dst>
      <dst id="7">18704.7467</dst>
      <dst id="2">43419.4222</dst>
      <dst id="16">5803.5822</dst>
      <dst id="14">34062.5689</dst>
      <dst id="20">1274.5600</dst>
      <dst id="11">217604.2844</dst>
      <dst id="9">267502.8533</dst>
      <dst id="17">29433.1200</dst>
      <dst id="21">12849.0133</dst>
      <dst id="15">1491.9822</dst>
    </src>
    <src id="22">
      <dst id="12">10512.3289</dst>
      <dst id="13">3850.7911</dst>
      <dst id="19">844.8533</dst>
      <dst id="23">55.3422</dst>
      <dst id="8">1868.9778</dst>
      <dst id="18">1228.5511</dst>
      <dst id="4">15853.9289</dst>
      <dst id="1">1958.3644</dst>
      <dst id="5">2841.8578</dst>
      <dst id="3">530.5867</dst>
      <dst id="10">3860.1244</dst>
      <dst id="7">4476.3200</dst>
      <dst id="2">5065.9378</dst>
      <dst id="14">58.4356</dst>
      <dst id="11">1709.8133</dst>
      <dst id="9">10828.8178</dst>
      <dst id="17">12093.8667</dst>
      <dst id="21">786.1689</dst>
    </src>
    <src id="7">
      <dst id="12">12644.1867</dst>
      <dst id="13">1866.5156</dst>
      <dst id="19">733.9289</dst>
      <dst id="23">233.6444</dst>
      <dst id="8">203.3600</dst>
      <dst id="18">1577.3511</dst>
      <dst id="4">31954.7111</dst>
      <dst id="1">8325.9467</dst>
      <dst id="5">1480.2489</dst>
      <dst id="3">1303.0933</dst>
      <dst id="10">796.1956</dst>
      <dst id="22">4246.5511</dst>
      <dst id="7">852.0267</dst>
      <dst id="2">12670.0978</dst>
      <dst id="16">591.0311</dst>
      <dst id="14">594.0622</dst>
      <dst id="20">1312.9956</dst>
      <dst id="11">3699.7956</dst>
      <dst id="9">1430.5956</dst>
      <dst id="17">15157.6089</dst>
      <dst id="21">5500.6578</dst>
      <dst id="15">205.4133</dst>
    </src>
    <src id="2">
      <dst id="12">133662.9156</dst>
      <dst id="13">23197.1467</dst>
      <dst id="19">1582.3822</dst>
      <dst id="23">15.8756</dst>
      <dst id="8">1098.5067</dst>
      <dst id="18">135876.4711</dst>
      <dst id="4">108503.2622</dst>
      <dst id="1">49608.7200</dst>
      <dst id="5">1559.7511</dst>
      <dst id="3">120.6933</dst>
      <dst id="10">10398.9422</dst>
      <dst id="22">2537.5822</dst>
      <dst id="7">12602.9778</dst>
      <dst id="2">967.9733</dst>
      <dst id="16">5392.5244</dst>
      <dst id="14">157.2267</dst>
      <dst id="20">3590.8444</dst>
      <dst id="11">7338.1156</dst>
      <dst id="9">1434.8978</dst>
      <dst id="17">29869.1022</dst>
      <dst id="21">11651.2533</dst>
      <dst id="15">194.2756</dst>
    </src>
    <src id="6">
      <dst id="12">270.2044</dst>
      <dst id="13">0.6311</dst>
      <dst id="19">1.6622</dst>
      <dst id="8">25.7156</dst>
      <dst id="18">13.7689</dst>
      <dst id="4">41.3600</dst>
      <dst id="1">83.9911</dst>
      <dst id="5">1.1733</dst>
      <dst id="3">11.4667</dst>
      <dst id="10">22.9511</dst>
      <dst id="22">0.9244</dst>
      <dst id="7">3.3778</dst>
      <dst id="2">1658.4089</dst>
      <dst id="16">17.8756</dst>
      <dst id="11">10.4978</dst>
      <dst id="9">5.1022</dst>
      <dst id="17">5303.8844</dst>
      <dst id="21">156.1511</dst>
      <dst id="15">0.7111</dst>
    </src>
    <src id="16">
      <dst id="12">4939.6800</dst>
      <dst id="13">525.1822</dst>
      <dst id="19">4651.0400</dst>
      <dst id="23">42.8978</dst>
      <dst id="8">4880.6756</dst>
      <dst id="18">179.0933</dst>
      <dst id="4">4818.5067</dst>
      <dst id="1">24343.9733</dst>
      <dst id="5">6777.5022</dst>
      <dst id="3">53.8489</dst>
      <dst id="10">565.7244</dst>
      <dst id="7">1496.9511</dst>
      <dst id="2">863.4400</dst>
      <dst id="16">43.5644</dst>
      <dst id="14">1.3600</dst>
      <dst id="11">1054.9333</dst>
      <dst id="9">9385.9111</dst>
      <dst id="17">7279.6267</dst>
      <dst id="21">183.0756</dst>
    </src>
    <src id="14">
      <dst id="12">3841.4311</dst>
      <dst id="13">61.0933</dst>
      <dst id="19">8.2933</dst>
      <dst id="18">6.4000</dst>
      <dst id="4">1845.7333</dst>
      <dst id="1">640.5778</dst>
      <dst id="5">11.1022</dst>
      <dst id="3">56.2756</dst>
      <dst id="10">302.8267</dst>
      <dst id="22">27.6711</dst>
      <dst id="7">34.2933</dst>
      <dst id="2">3621.3778</dst>
      <dst id="16">1.6622</dst>
      <dst id="20">1.6178</dst>
      <dst id="11">23.6622</dst>
      <dst id="9">6.4267</dst>
      <dst id="17">25610.5067</dst>
      <dst id="21">171.4133</dst>
    </src>
    <src id="20">
      <dst id="12">9209.2533</dst>
      <dst id="13">7216.3556</dst>
      <dst id="19">11760.6933</dst>
      <dst id="23">76.2489</dst>
      <dst id="8">3462.8711</dst>
      <dst id="18">767.5378</dst>
      <dst id="4">10442.4622</dst>
      <dst id="1">1486.5333</dst>
      <dst id="5">3270.5778</dst>
      <dst id="3">666.0889</dst>
      <dst id="10">639.9556</dst>
      <dst id="7">149.1733</dst>
      <dst id="2">9998.9156</dst>
      <dst id="14">51.7067</dst>
      <dst id="11">1215.5911</dst>
      <dst id="9">2319.6533</dst>
      <dst id="17">7811.6000</dst>
      <dst id="21">245.4578</dst>
    </src>
    <src id="11">
      <dst id="12">131279.9911</dst>
      <dst id="13">2106.1511</dst>
      <dst id="19">566.5422</dst>
      <dst id="23">240.7289</dst>
      <dst id="8">107.4044</dst>
      <dst id="18">1784.9333</dst>
      <dst id="4">11851.9111</dst>
      <dst id="1">618.5067</dst>
      <dst id="5">5863.7778</dst>
      <dst id="3">1111.1822</dst>
      <dst id="10">1766.0533</dst>
      <dst id="22">2982.2400</dst>
      <dst id="7">1397.0133</dst>
      <dst id="2">128482.5867</dst>
      <dst id="16">560.0622</dst>
      <dst id="14">191.3511</dst>
      <dst id="20">3518.5867</dst>
      <dst id="11">3768.7289</dst>
      <dst id="9">4095.2178</dst>
      <dst id="17">646985.3156</dst>
      <dst id="21">671.6089</dst>
      <dst id="15">169.9200</dst>
    </src>
    <src id="9">
      <dst id="12">47538.3822</dst>
      <dst id="13">15316.3111</dst>
      <dst id="19">890.3378</dst>
      <dst id="23">509.1911</dst>
      <dst id="8">167112.7022</dst>
      <dst id="18">1593.8756</dst>
      <dst id="4">13441.8400</dst>
      <dst id="1">8507.5556</dst>
      <dst id="5">3610.5600</dst>
      <dst id="3">58.6667</dst>
      <dst id="10">2756.2844</dst>
      <dst id="22">12675.7600</dst>
      <dst id="7">1215.7689</dst>
      <dst id="2">4538.7556</dst>
      <dst id="16">963.4044</dst>
      <dst id="14">1.1733</dst>
      <dst id="20">3937.9022</dst>
      <dst id="11">1451.0844</dst>
      <dst id="9">487600.1600</dst>
      <dst id="17">601247.1289</dst>
      <dst id="21">3255.9733</dst>
      <dst id="15">516.2222</dst>
    </src>
    <src id="17">
      <dst id="12">27584.5333</dst>
      <dst id="13">19665.1289</dst>
      <dst id="19">2771.6622</dst>
      <dst id="23">96.3644</dst>
      <dst id="8">475.1822</dst>
      <dst id="18">1722.1333</dst>
      <dst id="4">71752.4622</dst>
      <dst id="1">13151.0044</dst>
      <dst id="5">232617.6356</dst>
      <dst id="3">12015.0489</dst>
      <dst id="10">7538.9956</dst>
      <dst id="22">3082.4267</dst>
      <dst id="7">20475.7156</dst>
      <dst id="2">5375.2000</dst>
      <dst id="16">3549.6267</dst>
      <dst id="14">31861.3600</dst>
      <dst id="20">542.0000</dst>
      <dst id="11">201520.4533</dst>
      <dst id="9">1525.9822</dst>
      <dst id="17">4347.0756</dst>
      <dst id="21">3913.7422</dst>
      <dst id="15">374.9333</dst>
    </src>
    <src id="21">
      <dst id="12">3609.7244</dst>
      <dst id="13">1602.5067</dst>
      <dst id="19">384.1600</dst>
      <dst id="23">86.7556</dst>
      <dst id="8">1553.1022</dst>
      <dst id="18">3961.2178</dst>
      <dst id="4">42735.0222</dst>
      <dst id="1">9875.0667</dst>
      <dst id="5">617.3956</dst>
      <dst id="3">10763.5644</dst>
      <dst id="10">1829.8667</dst>
      <dst id="22">1965.6533</dst>
      <dst id="7">6338.2844</dst>
      <dst id="2">13280.7822</dst>
      <dst id="16">1349.2622</dst>
      <dst id="14">160.4800</dst>
      <dst id="20">851.1022</dst>
      <dst id="11">1020.3289</dst>
      <dst id="9">1062.3644</dst>
      <dst id="17">26434.6222</dst>
      <dst id="21">4398.0978</dst>
      <dst id="15">391.4667</dst>
    </src>
    <src id="15">
      <dst id="12">2036.5244</dst>
      <dst id="13">509.6089</dst>
      <dst id="19">14.8267</dst>
      <dst id="8">54.4089</dst>
      <dst id="18">19.4044</dst>
      <dst id="4">1361.8311</dst>
      <dst id="1">374.1511</dst>
      <dst id="5">901.8756</dst>
      <dst id="3">1.6356</dst>
      <dst id="10">787.6267</dst>
      <dst id="7">775.1022</dst>
      <dst id="2">127.4222</dst>
      <dst id="14">10.0711</dst>
      <dst id="11">147.0222</dst>
      <dst id="9">1243.7956</dst>
      <dst id="17">2002.1067</dst>
      <dst id="21">883.4311</dst>
    </src>
  </IntraTM>
</TrafficMatrixFile>
