<?xml version="1.0" encoding="UTF-8" standalone="yes"?>
<TrafficMatrixFile xmlns:xsi="http://www.w3.org/2001/XMLSchema-instance" xsi:noNamespaceSchemaLocation="http://totem.run.montefiore.ulg.ac.be/Schema/TrafficMatrix-v1_2.xsd">
  <info>
    <title>Intradomain traffic matrix generated by geant-TM-all.pl</title>
    <date>2005-04-02T14:30:00</date>
    <duration>900</duration>
    <author>Steve Uhlig</author>
    <units>
        <unit type="bandwidth" value="kbps"/>
    </units>
  </info>
  <IntraTM ASID="20965">
    <src id="12">
      <dst id="12">294463.9111</dst>
      <dst id="13">13600.6044</dst>
      <dst id="19">7113.9911</dst>
      <dst id="23">1316.9867</dst>
      <dst id="8">202.8889</dst>
      <dst id="18">42295.2444</dst>
      <dst id="4">10540.1422</dst>
      <dst id="1">10897.4044</dst>
      <dst id="5">766.7556</dst>
      <dst id="3">139.6444</dst>
      <dst id="10">6984.9600</dst>
      <dst id="22">9093.7156</dst>
      <dst id="7">4314.2756</dst>
      <dst id="2">21062.2756</dst>
      <dst id="16">1803.9289</dst>
      <dst id="14">489.7600</dst>
      <dst id="20">3533.2711</dst>
      <dst id="11">649.8756</dst>
      <dst id="9">1778.1956</dst>
      <dst id="17">38940.7556</dst>
      <dst id="21">651.7333</dst>
      <dst id="15">71.4489</dst>
    </src>
    <src id="13">
      <dst id="12">4715.2978</dst>
      <dst id="13">55.6444</dst>
      <dst id="19">3948.1422</dst>
      <dst id="23">17.5467</dst>
      <dst id="8">196.6133</dst>
      <dst id="18">42.3733</dst>
      <dst id="1">1664.3733</dst>
      <dst id="5">2309.2444</dst>
      <dst id="3">27.1200</dst>
      <dst id="22">486.7911</dst>
      <dst id="7">426.2311</dst>
      <dst id="2">1420.7200</dst>
      <dst id="16">361.7600</dst>
      <dst id="14">67.6800</dst>
      <dst id="20">201.8400</dst>
      <dst id="11">1404.3289</dst>
      <dst id="9">120.8000</dst>
      <dst id="17">13248.8267</dst>
      <dst id="21">223.3867</dst>
      <dst id="15">378.0089</dst>
    </src>
    <src id="19">
      <dst id="12">31329.3600</dst>
      <dst id="13">3701.6533</dst>
      <dst id="8">1.6356</dst>
      <dst id="4">147.3244</dst>
      <dst id="1">213.0400</dst>
      <dst id="5">95.4667</dst>
      <dst id="3">1.6533</dst>
      <dst id="10">122.9511</dst>
      <dst id="22">77.7333</dst>
      <dst id="7">208.0178</dst>
      <dst id="2">28.0267</dst>
      <dst id="16">579.1200</dst>
      <dst id="14">2.5689</dst>
      <dst id="20">2.4533</dst>
      <dst id="9">14.6844</dst>
      <dst id="17">416.8978</dst>
      <dst id="21">172.8889</dst>
    </src>
    <src id="23">
      <dst id="12">3973.7067</dst>
      <dst id="13">1771.9822</dst>
      <dst id="19">0.4267</dst>
      <dst id="18">5.1644</dst>
      <dst id="4">151.1556</dst>
      <dst id="1">136.3822</dst>
      <dst id="10">295.5289</dst>
      <dst id="22">1.2178</dst>
      <dst id="7">2.4978</dst>
      <dst id="2">0.8622</dst>
      <dst id="16">13.3333</dst>
      <dst id="14">11.2533</dst>
      <dst id="11">39.9289</dst>
      <dst id="17">974.1067</dst>
      <dst id="21">8730.1867</dst>
    </src>
    <src id="8">
      <dst id="12">2996.4089</dst>
      <dst id="13">493.9644</dst>
      <dst id="19">0.8622</dst>
      <dst id="18">1.1733</dst>
      <dst id="4">137.5200</dst>
      <dst id="1">775.3867</dst>
      <dst id="5">77.0222</dst>
      <dst id="10">17.6533</dst>
      <dst id="22">23.1111</dst>
      <dst id="2">59.3867</dst>
      <dst id="16">125654.0889</dst>
      <dst id="11">0.3556</dst>
      <dst id="9">33581.5911</dst>
      <dst id="17">15932.2222</dst>
      <dst id="15">43.7689</dst>
    </src>
    <src id="18">
      <dst id="12">105287.1467</dst>
      <dst id="13">532.9244</dst>
      <dst id="19">0.8089</dst>
      <dst id="23">2.4622</dst>
      <dst id="8">2.0889</dst>
      <dst id="4">170.9156</dst>
      <dst id="1">946.1244</dst>
      <dst id="5">100.9156</dst>
      <dst id="3">1988.9867</dst>
      <dst id="10">19.7422</dst>
      <dst id="22">158.2578</dst>
      <dst id="7">40.8000</dst>
      <dst id="2">6485.6178</dst>
      <dst id="16">204.3378</dst>
      <dst id="14">0.5333</dst>
      <dst id="20">904.9333</dst>
      <dst id="11">26.6667</dst>
      <dst id="9">305.1289</dst>
      <dst id="17">4103.2178</dst>
      <dst id="21">138.8267</dst>
      <dst id="15">24.8711</dst>
    </src>
    <src id="4">
      <dst id="12">22975.3689</dst>
      <dst id="13">11.9200</dst>
      <dst id="19">13484.1600</dst>
      <dst id="23">164.8000</dst>
      <dst id="8">534.5600</dst>
      <dst id="18">804.0444</dst>
      <dst id="4">1738.0622</dst>
      <dst id="1">20544.0267</dst>
      <dst id="5">2915.5556</dst>
      <dst id="3">98.5600</dst>
      <dst id="22">1006.9956</dst>
      <dst id="7">140.8267</dst>
      <dst id="2">101385.0311</dst>
      <dst id="16">174730.9511</dst>
      <dst id="14">7378.4089</dst>
      <dst id="11">357.3422</dst>
      <dst id="9">22965.6000</dst>
      <dst id="17">43812.0089</dst>
      <dst id="21">5189.0933</dst>
      <dst id="15">475.0133</dst>
    </src>
    <src id="1">
      <dst id="12">32217.2622</dst>
      <dst id="13">2166.0711</dst>
      <dst id="19">59.3600</dst>
      <dst id="23">29.0044</dst>
      <dst id="8">212.9333</dst>
      <dst id="18">20392.0533</dst>
      <dst id="4">2242.9067</dst>
      <dst id="1">23151.6444</dst>
      <dst id="5">260.9689</dst>
      <dst id="3">118.2311</dst>
      <dst id="10">411.7156</dst>
      <dst id="22">1.9822</dst>
      <dst id="7">268.9156</dst>
      <dst id="2">689.4756</dst>
      <dst id="16">30420.6756</dst>
      <dst id="14">137.2711</dst>
      <dst id="20">63.3689</dst>
      <dst id="11">68.0178</dst>
      <dst id="9">387.5378</dst>
      <dst id="17">1573.8844</dst>
      <dst id="21">129958.2222</dst>
      <dst id="15">92.9244</dst>
    </src>
    <src id="5">
      <dst id="12">9600.3911</dst>
      <dst id="13">377.2267</dst>
      <dst id="19">85.4044</dst>
      <dst id="8">55.1467</dst>
      <dst id="18">799.1556</dst>
      <dst id="4">148.6667</dst>
      <dst id="1">3196.4889</dst>
      <dst id="10">53.7511</dst>
      <dst id="22">2.7111</dst>
      <dst id="2">282.0622</dst>
      <dst id="16">237277.4222</dst>
      <dst id="14">0.7822</dst>
      <dst id="11">5.6622</dst>
      <dst id="9">28762.0000</dst>
      <dst id="17">26174.5778</dst>
      <dst id="21">18.5867</dst>
      <dst id="15">2.0533</dst>
    </src>
    <src id="3">
      <dst id="12">5274.9067</dst>
      <dst id="13">61256.6311</dst>
      <dst id="19">1118.3822</dst>
      <dst id="23">3.9467</dst>
      <dst id="8">7.8756</dst>
      <dst id="18">326.3911</dst>
      <dst id="4">843.9378</dst>
      <dst id="1">9016.9511</dst>
      <dst id="5">120.1511</dst>
      <dst id="3">161.3333</dst>
      <dst id="10">466.0800</dst>
      <dst id="7">209.6089</dst>
      <dst id="2">4288.8000</dst>
      <dst id="16">7910.5422</dst>
      <dst id="14">229.0311</dst>
      <dst id="20">257.1022</dst>
      <dst id="11">248.8622</dst>
      <dst id="9">693.3156</dst>
      <dst id="17">25629.3867</dst>
      <dst id="21">3209.7956</dst>
      <dst id="15">12.9156</dst>
    </src>
    <src id="10">
      <dst id="12">12385.7244</dst>
      <dst id="13">506.4800</dst>
      <dst id="19">2796.3111</dst>
      <dst id="23">490.8711</dst>
      <dst id="8">4.8089</dst>
      <dst id="18">4345.0133</dst>
      <dst id="1">251.8400</dst>
      <dst id="5">516.8889</dst>
      <dst id="3">397.6889</dst>
      <dst id="22">108.6578</dst>
      <dst id="7">440.5689</dst>
      <dst id="2">9013.4311</dst>
      <dst id="16">29593.3244</dst>
      <dst id="14">1053.5022</dst>
      <dst id="20">1773.1200</dst>
      <dst id="11">1.1467</dst>
      <dst id="9">2342.1333</dst>
      <dst id="17">24507.1556</dst>
      <dst id="21">5671.4756</dst>
      <dst id="15">1.1289</dst>
    </src>
    <src id="22">
      <dst id="12">8336.9067</dst>
      <dst id="13">4039.5200</dst>
      <dst id="19">103.5822</dst>
      <dst id="8">924.8356</dst>
      <dst id="18">61.4844</dst>
      <dst id="4">495.4222</dst>
      <dst id="1">46.5600</dst>
      <dst id="5">550.2489</dst>
      <dst id="3">0.3556</dst>
      <dst id="10">1118.4267</dst>
      <dst id="7">33.2711</dst>
      <dst id="2">407.4222</dst>
      <dst id="16">458.2756</dst>
      <dst id="14">223.8844</dst>
      <dst id="11">2.3467</dst>
      <dst id="9">4359.8133</dst>
      <dst id="17">1805.0933</dst>
      <dst id="21">577.6711</dst>
    </src>
    <src id="7">
      <dst id="12">7861.0844</dst>
      <dst id="13">61484.8622</dst>
      <dst id="19">74.0178</dst>
      <dst id="23">21.1289</dst>
      <dst id="8">22.6667</dst>
      <dst id="18">63.1289</dst>
      <dst id="4">1062.9956</dst>
      <dst id="1">1091.6267</dst>
      <dst id="5">8.6222</dst>
      <dst id="3">7.8400</dst>
      <dst id="10">550.1867</dst>
      <dst id="22">21.6711</dst>
      <dst id="7">27.0844</dst>
      <dst id="2">15348.1156</dst>
      <dst id="16">241.7244</dst>
      <dst id="14">85.0044</dst>
      <dst id="20">40.8356</dst>
      <dst id="11">28.4978</dst>
      <dst id="9">19.4578</dst>
      <dst id="17">3133.1733</dst>
      <dst id="21">3545.2089</dst>
      <dst id="15">2.1333</dst>
    </src>
    <src id="2">
      <dst id="12">82633.2978</dst>
      <dst id="13">25577.5556</dst>
      <dst id="19">422.4533</dst>
      <dst id="23">0.4267</dst>
      <dst id="8">74.0178</dst>
      <dst id="18">23952.9511</dst>
      <dst id="4">3966.0267</dst>
      <dst id="1">2320.9956</dst>
      <dst id="5">95.9200</dst>
      <dst id="3">2364.3467</dst>
      <dst id="10">3311.2089</dst>
      <dst id="22">465.3333</dst>
      <dst id="7">499.6000</dst>
      <dst id="2">5604.6133</dst>
      <dst id="6">0.4978</dst>
      <dst id="16">2883.2000</dst>
      <dst id="14">481.6444</dst>
      <dst id="20">10.9778</dst>
      <dst id="11">659.8133</dst>
      <dst id="9">478.7733</dst>
      <dst id="17">6535.6533</dst>
      <dst id="21">2702.9244</dst>
      <dst id="15">38.5156</dst>
    </src>
    <src id="6">
      <dst id="12">86.0444</dst>
      <dst id="13">84.6933</dst>
      <dst id="19">6.3911</dst>
      <dst id="18">11.9111</dst>
      <dst id="4">4.3911</dst>
      <dst id="1">137.6800</dst>
      <dst id="5">31.8933</dst>
      <dst id="3">1.7333</dst>
      <dst id="22">15.7867</dst>
      <dst id="7">0.6756</dst>
      <dst id="2">800.4800</dst>
      <dst id="16">8.2489</dst>
      <dst id="20">1.8844</dst>
      <dst id="9">5.1822</dst>
      <dst id="17">17040.4711</dst>
      <dst id="21">48.6844</dst>
      <dst id="15">2.0267</dst>
    </src>
    <src id="16">
      <dst id="12">105807.6889</dst>
      <dst id="13">361.0133</dst>
      <dst id="19">3072.3111</dst>
      <dst id="23">25.1200</dst>
      <dst id="8">33920.5156</dst>
      <dst id="18">3.5644</dst>
      <dst id="4">263.7778</dst>
      <dst id="1">14105.3156</dst>
      <dst id="5">154467.3156</dst>
      <dst id="3">2352.0800</dst>
      <dst id="10">409.9556</dst>
      <dst id="22">0.5333</dst>
      <dst id="2">192.0444</dst>
      <dst id="16">8486.4000</dst>
      <dst id="14">36481.0578</dst>
      <dst id="11">17143.5733</dst>
      <dst id="9">118022.9511</dst>
      <dst id="17">1829.9911</dst>
      <dst id="21">27.5644</dst>
    </src>
    <src id="14">
      <dst id="12">600.3822</dst>
      <dst id="13">249.3956</dst>
      <dst id="19">15.9289</dst>
      <dst id="23">0.5600</dst>
      <dst id="8">0.5600</dst>
      <dst id="18">0.9244</dst>
      <dst id="4">143.4044</dst>
      <dst id="1">132.8000</dst>
      <dst id="5">5.1200</dst>
      <dst id="3">1012.8622</dst>
      <dst id="10">330.9422</dst>
      <dst id="7">6.7111</dst>
      <dst id="2">1093.6089</dst>
      <dst id="16">5103.2000</dst>
      <dst id="20">1.8400</dst>
      <dst id="11">31.6622</dst>
      <dst id="9">287.1289</dst>
      <dst id="17">28982.4178</dst>
      <dst id="21">95.1111</dst>
      <dst id="15">0.4000</dst>
    </src>
    <src id="20">
      <dst id="12">3286.2400</dst>
      <dst id="13">3614.2400</dst>
      <dst id="19">15.5378</dst>
      <dst id="8">8.0267</dst>
      <dst id="18">32.9067</dst>
      <dst id="4">836.5867</dst>
      <dst id="1">9.2622</dst>
      <dst id="5">1028.0089</dst>
      <dst id="3">80.0000</dst>
      <dst id="10">134.3378</dst>
      <dst id="7">68.9778</dst>
      <dst id="2">291.7778</dst>
      <dst id="16">7392.0533</dst>
      <dst id="20">53.5644</dst>
      <dst id="11">0.7644</dst>
      <dst id="9">312.0178</dst>
      <dst id="17">21416.8267</dst>
      <dst id="21">14.7644</dst>
    </src>
    <src id="11">
      <dst id="12">16440.1333</dst>
      <dst id="13">2144.2489</dst>
      <dst id="19">84.4178</dst>
      <dst id="23">4.4800</dst>
      <dst id="8">34.4978</dst>
      <dst id="18">77.3511</dst>
      <dst id="4">1404.7467</dst>
      <dst id="1">1793.0311</dst>
      <dst id="5">436.1956</dst>
      <dst id="3">1012.5867</dst>
      <dst id="10">1549.5822</dst>
      <dst id="22">21.7956</dst>
      <dst id="7">0.9244</dst>
      <dst id="2">32611.2533</dst>
      <dst id="16">6573.9911</dst>
      <dst id="14">93.5111</dst>
      <dst id="20">40.7467</dst>
      <dst id="11">811.6622</dst>
      <dst id="9">2309.3778</dst>
      <dst id="17">478384.9600</dst>
      <dst id="21">348.5511</dst>
      <dst id="15">27.6000</dst>
    </src>
    <src id="9">
      <dst id="12">14282.9422</dst>
      <dst id="13">835.2267</dst>
      <dst id="19">2.2844</dst>
      <dst id="8">32518.4800</dst>
      <dst id="18">96.1067</dst>
      <dst id="4">460.6756</dst>
      <dst id="1">5941.6089</dst>
      <dst id="5">263.4222</dst>
      <dst id="10">886.7556</dst>
      <dst id="22">6.1956</dst>
      <dst id="2">115.3067</dst>
      <dst id="16">416899.2711</dst>
      <dst id="14">27.6622</dst>
      <dst id="11">25.9556</dst>
      <dst id="9">186166.5600</dst>
      <dst id="17">51052.3644</dst>
      <dst id="21">45.6533</dst>
      <dst id="15">767.9200</dst>
    </src>
    <src id="17">
      <dst id="12">66150.4444</dst>
      <dst id="13">21062.1689</dst>
      <dst id="19">482.0356</dst>
      <dst id="23">3.6622</dst>
      <dst id="8">106.4533</dst>
      <dst id="18">5306.9600</dst>
      <dst id="4">4458.6489</dst>
      <dst id="1">3477.2444</dst>
      <dst id="5">75856.0444</dst>
      <dst id="3">3549.6889</dst>
      <dst id="10">1498.0889</dst>
      <dst id="22">0.4622</dst>
      <dst id="7">2710.4622</dst>
      <dst id="2">4194.0978</dst>
      <dst id="16">54859.6622</dst>
      <dst id="14">15423.1644</dst>
      <dst id="20">22721.4489</dst>
      <dst id="11">9233.5200</dst>
      <dst id="9">5693.2178</dst>
      <dst id="17">7839.5467</dst>
      <dst id="21">5524.2933</dst>
      <dst id="15">68.9600</dst>
    </src>
    <src id="21">
      <dst id="12">1510.9333</dst>
      <dst id="13">17570.5156</dst>
      <dst id="19">70.3378</dst>
      <dst id="23">128.7111</dst>
      <dst id="8">14.9867</dst>
      <dst id="18">338.2222</dst>
      <dst id="4">665.2800</dst>
      <dst id="1">4545.6444</dst>
      <dst id="5">316.6044</dst>
      <dst id="3">774.4978</dst>
      <dst id="10">230.7733</dst>
      <dst id="22">43.1200</dst>
      <dst id="7">224.4533</dst>
      <dst id="2">16842.7911</dst>
      <dst id="16">5139.1378</dst>
      <dst id="14">242.4267</dst>
      <dst id="20">9.2356</dst>
      <dst id="11">107.5378</dst>
      <dst id="9">667.6356</dst>
      <dst id="17">23590.0444</dst>
      <dst id="21">601.5733</dst>
      <dst id="15">549.3778</dst>
    </src>
    <src id="15">
      <dst id="12">139.3956</dst>
      <dst id="13">300.5689</dst>
      <dst id="19">0.9511</dst>
      <dst id="23">0.3378</dst>
      <dst id="8">21.4222</dst>
      <dst id="18">14.8978</dst>
      <dst id="4">55.5022</dst>
      <dst id="1">322.6578</dst>
      <dst id="5">6.1867</dst>
      <dst id="10">80.7289</dst>
      <dst id="2">17.9378</dst>
      <dst id="16">898.4267</dst>
      <dst id="14">0.4267</dst>
      <dst id="11">30.5244</dst>
      <dst id="9">326.6667</dst>
      <dst id="17">146.0356</dst>
      <dst id="21">3.1644</dst>
    </src>
  </IntraTM>
</TrafficMatrixFile>
