<?xml version="1.0" encoding="UTF-8" standalone="yes"?>
<TrafficMatrixFile xmlns:xsi="http://www.w3.org/2001/XMLSchema-instance" xsi:noNamespaceSchemaLocation="http://totem.run.montefiore.ulg.ac.be/Schema/TrafficMatrix-v1_2.xsd">
  <info>
    <title>Intradomain traffic matrix generated by geant-TM-all.pl</title>
    <date>2005-04-24T19:00:00</date>
    <duration>900</duration>
    <author>Steve Uhlig</author>
    <units>
        <unit type="bandwidth" value="kbps"/>
    </units>
  </info>
  <IntraTM ASID="20965">
    <src id="12">
      <dst id="12">422690.7022</dst>
      <dst id="13">25343.8844</dst>
      <dst id="19">5242.0000</dst>
      <dst id="23">13867.5200</dst>
      <dst id="8">1083.6000</dst>
      <dst id="18">72381.8489</dst>
      <dst id="4">6493.4933</dst>
      <dst id="1">34455.7778</dst>
      <dst id="5">3687.0133</dst>
      <dst id="3">449.2444</dst>
      <dst id="10">2703.6000</dst>
      <dst id="22">53421.9467</dst>
      <dst id="7">19258.1689</dst>
      <dst id="2">21449.7156</dst>
      <dst id="16">14199.3067</dst>
      <dst id="14">587.1733</dst>
      <dst id="20">31267.1822</dst>
      <dst id="11">1267.8044</dst>
      <dst id="9">27333.1378</dst>
      <dst id="17">63972.0089</dst>
      <dst id="21">7043.4044</dst>
      <dst id="15">4167.1644</dst>
    </src>
    <src id="13">
      <dst id="12">40123.1111</dst>
      <dst id="13">414.2133</dst>
      <dst id="19">6403.2089</dst>
      <dst id="23">151.3600</dst>
      <dst id="8">4145.3689</dst>
      <dst id="18">55.3067</dst>
      <dst id="4">521.6444</dst>
      <dst id="1">8102.0178</dst>
      <dst id="5">2201.6356</dst>
      <dst id="3">98.0978</dst>
      <dst id="22">1155.5556</dst>
      <dst id="7">8755.2356</dst>
      <dst id="2">4776.9244</dst>
      <dst id="16">2101.6178</dst>
      <dst id="14">34.8178</dst>
      <dst id="20">24008.7822</dst>
      <dst id="11">451.4756</dst>
      <dst id="9">14081.8933</dst>
      <dst id="17">25889.6978</dst>
      <dst id="21">3590.1867</dst>
      <dst id="15">97.0222</dst>
    </src>
    <src id="19">
      <dst id="12">45303.8133</dst>
      <dst id="13">2599.7867</dst>
      <dst id="23">226.9867</dst>
      <dst id="18">149.2889</dst>
      <dst id="4">635.6356</dst>
      <dst id="1">11493.7156</dst>
      <dst id="5">329.2533</dst>
      <dst id="3">1.6711</dst>
      <dst id="10">113.5733</dst>
      <dst id="22">152.0978</dst>
      <dst id="7">11008.5422</dst>
      <dst id="2">1261.0844</dst>
      <dst id="6">11.5911</dst>
      <dst id="16">463.9644</dst>
      <dst id="14">29.9822</dst>
      <dst id="20">48.6489</dst>
      <dst id="11">17.0044</dst>
      <dst id="9">6977.3778</dst>
      <dst id="17">2321.1556</dst>
      <dst id="21">1238.9956</dst>
      <dst id="15">32.2667</dst>
    </src>
    <src id="23">
      <dst id="12">1840.3822</dst>
      <dst id="13">368.7111</dst>
      <dst id="19">1295.8844</dst>
      <dst id="4">31.1911</dst>
      <dst id="1">776.9333</dst>
      <dst id="5">53.3333</dst>
      <dst id="3">129.7778</dst>
      <dst id="10">180.0000</dst>
      <dst id="22">44.8800</dst>
      <dst id="7">2392.7378</dst>
      <dst id="2">13.9467</dst>
      <dst id="20">81.4933</dst>
      <dst id="11">79.7156</dst>
      <dst id="9">157.9556</dst>
      <dst id="17">2044.5511</dst>
      <dst id="21">4854.1067</dst>
      <dst id="15">18.8089</dst>
    </src>
    <src id="8">
      <dst id="12">6789.0400</dst>
      <dst id="13">1019.0311</dst>
      <dst id="19">56.4622</dst>
      <dst id="23">0.4622</dst>
      <dst id="18">14.2311</dst>
      <dst id="4">616.1778</dst>
      <dst id="1">1288.3911</dst>
      <dst id="5">436.4889</dst>
      <dst id="3">316.0533</dst>
      <dst id="10">26.8711</dst>
      <dst id="2">1046.4533</dst>
      <dst id="16">284813.6800</dst>
      <dst id="11">15.3956</dst>
      <dst id="9">65637.8133</dst>
      <dst id="17">18260.1956</dst>
      <dst id="21">30.7644</dst>
      <dst id="15">23.4400</dst>
    </src>
    <src id="18">
      <dst id="12">125086.3200</dst>
      <dst id="13">433.9378</dst>
      <dst id="19">27.5556</dst>
      <dst id="8">14.8267</dst>
      <dst id="4">109.5733</dst>
      <dst id="1">8399.6356</dst>
      <dst id="5">460.5333</dst>
      <dst id="3">4612.6933</dst>
      <dst id="10">107.9556</dst>
      <dst id="22">16.9867</dst>
      <dst id="7">393.2800</dst>
      <dst id="2">4623.9289</dst>
      <dst id="16">188.1778</dst>
      <dst id="20">182.4178</dst>
      <dst id="11">1.1378</dst>
      <dst id="9">13178.5600</dst>
      <dst id="17">4918.7911</dst>
      <dst id="21">476.5156</dst>
      <dst id="15">14.2578</dst>
    </src>
    <src id="4">
      <dst id="12">32868.8267</dst>
      <dst id="13">8.8444</dst>
      <dst id="19">14006.5156</dst>
      <dst id="23">1463.2178</dst>
      <dst id="8">3855.8044</dst>
      <dst id="18">2609.8133</dst>
      <dst id="4">1473.3511</dst>
      <dst id="1">95655.6711</dst>
      <dst id="5">7552.9600</dst>
      <dst id="3">344.4356</dst>
      <dst id="7">72.0178</dst>
      <dst id="2">73802.8533</dst>
      <dst id="16">115778.9422</dst>
      <dst id="14">4351.2978</dst>
      <dst id="11">2055.2800</dst>
      <dst id="9">44420.2400</dst>
      <dst id="17">101443.5911</dst>
      <dst id="21">30849.7867</dst>
      <dst id="15">1516.6311</dst>
    </src>
    <src id="1">
      <dst id="12">264013.4933</dst>
      <dst id="13">21099.6800</dst>
      <dst id="19">659.0667</dst>
      <dst id="23">592.6844</dst>
      <dst id="8">139.1644</dst>
      <dst id="18">13530.6222</dst>
      <dst id="4">2725.8756</dst>
      <dst id="1">1082929.9911</dst>
      <dst id="5">12605.3511</dst>
      <dst id="3">4568.8000</dst>
      <dst id="10">865.3244</dst>
      <dst id="7">288224.1156</dst>
      <dst id="2">29200.5600</dst>
      <dst id="16">404087.6711</dst>
      <dst id="14">10074.5956</dst>
      <dst id="20">6438.2844</dst>
      <dst id="11">2833.3333</dst>
      <dst id="9">15035.8578</dst>
      <dst id="17">41572.1511</dst>
      <dst id="21">301974.3289</dst>
      <dst id="15">325.1733</dst>
    </src>
    <src id="5">
      <dst id="12">27065.7067</dst>
      <dst id="13">1668.0356</dst>
      <dst id="19">5353.4756</dst>
      <dst id="23">0.7111</dst>
      <dst id="8">413.3956</dst>
      <dst id="18">149.3333</dst>
      <dst id="4">568.0267</dst>
      <dst id="1">44227.1111</dst>
      <dst id="3">668.8356</dst>
      <dst id="10">1382.3200</dst>
      <dst id="2">381.5556</dst>
      <dst id="16">376481.1467</dst>
      <dst id="14">10.1511</dst>
      <dst id="11">13.6356</dst>
      <dst id="9">57323.8311</dst>
      <dst id="17">33327.9289</dst>
      <dst id="21">146.1511</dst>
      <dst id="15">103.0044</dst>
    </src>
    <src id="3">
      <dst id="12">1534.6489</dst>
      <dst id="13">30968.9067</dst>
      <dst id="19">955.2089</dst>
      <dst id="23">109.3156</dst>
      <dst id="8">352.7733</dst>
      <dst id="18">158.2489</dst>
      <dst id="4">1114.0800</dst>
      <dst id="1">41885.3511</dst>
      <dst id="5">462.9778</dst>
      <dst id="3">288.1511</dst>
      <dst id="10">364.3289</dst>
      <dst id="7">47581.4844</dst>
      <dst id="2">1467.1378</dst>
      <dst id="16">41476.3644</dst>
      <dst id="14">234.1600</dst>
      <dst id="20">415.5556</dst>
      <dst id="11">195.2711</dst>
      <dst id="9">2418.4089</dst>
      <dst id="17">25180.8089</dst>
      <dst id="21">7107.4578</dst>
      <dst id="15">36.2489</dst>
    </src>
    <src id="10">
      <dst id="12">23508.8356</dst>
      <dst id="13">35.1200</dst>
      <dst id="19">1701.1200</dst>
      <dst id="23">233.7422</dst>
      <dst id="8">905.1111</dst>
      <dst id="18">1765.3067</dst>
      <dst id="1">7932.8178</dst>
      <dst id="5">1567.5289</dst>
      <dst id="3">1196.7289</dst>
      <dst id="7">0.4622</dst>
      <dst id="2">34885.8844</dst>
      <dst id="16">79145.9556</dst>
      <dst id="14">610.2489</dst>
      <dst id="20">5082.6133</dst>
      <dst id="11">188.4622</dst>
      <dst id="9">7839.3511</dst>
      <dst id="17">53499.5111</dst>
      <dst id="21">8350.7289</dst>
      <dst id="15">2314.1156</dst>
    </src>
    <src id="22">
      <dst id="12">10378.9422</dst>
      <dst id="13">13587.3778</dst>
      <dst id="19">2378.5689</dst>
      <dst id="23">16.5689</dst>
      <dst id="8">279.4133</dst>
      <dst id="18">233.0489</dst>
      <dst id="4">806.2400</dst>
      <dst id="1">320.9511</dst>
      <dst id="5">4111.1911</dst>
      <dst id="3">1361.6356</dst>
      <dst id="10">3848.4178</dst>
      <dst id="7">487.8489</dst>
      <dst id="2">1237.8578</dst>
      <dst id="16">220.6933</dst>
      <dst id="14">84.3467</dst>
      <dst id="11">1443.8667</dst>
      <dst id="9">3076.8800</dst>
      <dst id="17">6971.3422</dst>
      <dst id="21">1583.4756</dst>
    </src>
    <src id="7">
      <dst id="12">27298.9956</dst>
      <dst id="13">25596.0711</dst>
      <dst id="19">2122.4711</dst>
      <dst id="23">112.1600</dst>
      <dst id="8">198.4356</dst>
      <dst id="18">98.9867</dst>
      <dst id="4">588.6222</dst>
      <dst id="1">14467.5289</dst>
      <dst id="5">201.3689</dst>
      <dst id="3">492.5067</dst>
      <dst id="10">439.3600</dst>
      <dst id="22">47.2533</dst>
      <dst id="7">20.1511</dst>
      <dst id="2">4164.2844</dst>
      <dst id="16">1954.7200</dst>
      <dst id="14">40.6311</dst>
      <dst id="20">3053.5111</dst>
      <dst id="11">145.9378</dst>
      <dst id="9">4742.9956</dst>
      <dst id="17">14441.5289</dst>
      <dst id="21">3077.3867</dst>
      <dst id="15">61.7956</dst>
    </src>
    <src id="2">
      <dst id="12">135470.8089</dst>
      <dst id="13">70635.5378</dst>
      <dst id="19">1447.6178</dst>
      <dst id="23">0.8178</dst>
      <dst id="8">603.0667</dst>
      <dst id="18">58290.6578</dst>
      <dst id="4">3619.5378</dst>
      <dst id="1">48569.0222</dst>
      <dst id="5">2299.7244</dst>
      <dst id="3">1707.4400</dst>
      <dst id="10">4519.1733</dst>
      <dst id="22">488.6756</dst>
      <dst id="7">9778.6667</dst>
      <dst id="2">5739.5733</dst>
      <dst id="6">4.4800</dst>
      <dst id="16">316.4178</dst>
      <dst id="14">439.9022</dst>
      <dst id="20">11570.6933</dst>
      <dst id="11">667.8311</dst>
      <dst id="9">3578.4267</dst>
      <dst id="17">36255.2711</dst>
      <dst id="21">3279.6000</dst>
      <dst id="15">345.2889</dst>
    </src>
    <src id="6">
      <dst id="12">523.4133</dst>
      <dst id="13">297.2444</dst>
      <dst id="19">56.1956</dst>
      <dst id="18">14.4533</dst>
      <dst id="4">0.8000</dst>
      <dst id="1">1521.8222</dst>
      <dst id="5">22.9333</dst>
      <dst id="3">38.0267</dst>
      <dst id="10">85.7333</dst>
      <dst id="7">251.3156</dst>
      <dst id="2">632.0622</dst>
      <dst id="16">61.9733</dst>
      <dst id="20">34.4000</dst>
      <dst id="9">2089.4489</dst>
      <dst id="17">27624.1956</dst>
      <dst id="21">61.4667</dst>
      <dst id="15">11.8400</dst>
    </src>
    <src id="16">
      <dst id="12">226795.2889</dst>
      <dst id="13">2079.1822</dst>
      <dst id="19">6166.2844</dst>
      <dst id="23">1.4578</dst>
      <dst id="8">139100.4267</dst>
      <dst id="18">110.1156</dst>
      <dst id="4">195.7244</dst>
      <dst id="1">34263.9556</dst>
      <dst id="5">338966.9333</dst>
      <dst id="3">11303.9733</dst>
      <dst id="10">257.8933</dst>
      <dst id="2">3272.1511</dst>
      <dst id="16">35962.9778</dst>
      <dst id="14">37671.5378</dst>
      <dst id="11">38401.8489</dst>
      <dst id="9">340243.6889</dst>
      <dst id="17">5434.7289</dst>
      <dst id="21">0.4089</dst>
    </src>
    <src id="14">
      <dst id="12">1092.0800</dst>
      <dst id="13">177.9644</dst>
      <dst id="19">15.5467</dst>
      <dst id="4">171.5822</dst>
      <dst id="1">4296.8444</dst>
      <dst id="5">8.5333</dst>
      <dst id="3">693.9467</dst>
      <dst id="10">76.4444</dst>
      <dst id="7">160.8178</dst>
      <dst id="2">279.7156</dst>
      <dst id="16">2492.6400</dst>
      <dst id="20">10.3822</dst>
      <dst id="11">38.5778</dst>
      <dst id="9">1995.4756</dst>
      <dst id="17">31364.4178</dst>
      <dst id="21">66.2756</dst>
      <dst id="15">2.5422</dst>
    </src>
    <src id="20">
      <dst id="12">4113.1644</dst>
      <dst id="13">13982.5333</dst>
      <dst id="19">224.2400</dst>
      <dst id="23">0.9244</dst>
      <dst id="8">298.0267</dst>
      <dst id="18">8625.1556</dst>
      <dst id="4">594.1511</dst>
      <dst id="1">1240.7467</dst>
      <dst id="5">2955.4222</dst>
      <dst id="3">0.3556</dst>
      <dst id="10">813.9822</dst>
      <dst id="7">1336.4800</dst>
      <dst id="2">5907.7600</dst>
      <dst id="16">9378.1867</dst>
      <dst id="14">97.1022</dst>
      <dst id="20">42.7022</dst>
      <dst id="11">53.2622</dst>
      <dst id="9">1231.5022</dst>
      <dst id="17">25392.8711</dst>
      <dst id="21">694.6756</dst>
    </src>
    <src id="11">
      <dst id="12">18280.0978</dst>
      <dst id="13">3900.4533</dst>
      <dst id="19">201.3867</dst>
      <dst id="23">21.6978</dst>
      <dst id="8">1410.5511</dst>
      <dst id="18">590.9422</dst>
      <dst id="4">1013.3778</dst>
      <dst id="1">51453.4756</dst>
      <dst id="5">1201.1644</dst>
      <dst id="3">938.2222</dst>
      <dst id="10">695.9022</dst>
      <dst id="2">5371.9822</dst>
      <dst id="16">25566.7378</dst>
      <dst id="14">12.8000</dst>
      <dst id="20">680.9156</dst>
      <dst id="11">2264.3644</dst>
      <dst id="9">66218.8000</dst>
      <dst id="17">590376.4978</dst>
      <dst id="21">1936.5156</dst>
      <dst id="15">1888.2578</dst>
    </src>
    <src id="9">
      <dst id="12">31661.6978</dst>
      <dst id="13">13823.9911</dst>
      <dst id="19">299.5644</dst>
      <dst id="23">0.7111</dst>
      <dst id="8">128210.6578</dst>
      <dst id="18">45.6800</dst>
      <dst id="4">2068.7289</dst>
      <dst id="1">7044.3556</dst>
      <dst id="5">718.6756</dst>
      <dst id="3">557.5911</dst>
      <dst id="10">416.8178</dst>
      <dst id="2">624.4089</dst>
      <dst id="16">528645.7778</dst>
      <dst id="14">50.5244</dst>
      <dst id="11">86.7200</dst>
      <dst id="9">364300.5600</dst>
      <dst id="17">41174.1511</dst>
      <dst id="21">47.2533</dst>
      <dst id="15">676.0622</dst>
    </src>
    <src id="17">
      <dst id="12">169458.0711</dst>
      <dst id="13">44277.4667</dst>
      <dst id="19">2754.8622</dst>
      <dst id="23">1924.9778</dst>
      <dst id="8">2457.4133</dst>
      <dst id="18">1692.8622</dst>
      <dst id="4">15423.4044</dst>
      <dst id="1">36528.4178</dst>
      <dst id="5">221151.2089</dst>
      <dst id="3">16648.6311</dst>
      <dst id="10">5309.3244</dst>
      <dst id="7">22390.4978</dst>
      <dst id="2">8310.1422</dst>
      <dst id="16">71805.2267</dst>
      <dst id="14">18864.5244</dst>
      <dst id="20">3380.2400</dst>
      <dst id="11">29573.2711</dst>
      <dst id="9">26223.8844</dst>
      <dst id="17">34017.0844</dst>
      <dst id="21">2860.0800</dst>
      <dst id="15">205.5733</dst>
    </src>
    <src id="21">
      <dst id="12">4831.7156</dst>
      <dst id="13">1952.6311</dst>
      <dst id="19">764.3378</dst>
      <dst id="23">125.9822</dst>
      <dst id="8">166.3556</dst>
      <dst id="18">8360.2311</dst>
      <dst id="4">911.2089</dst>
      <dst id="1">11581.6444</dst>
      <dst id="5">912.1244</dst>
      <dst id="3">16599.2622</dst>
      <dst id="10">235.6178</dst>
      <dst id="7">3196.5333</dst>
      <dst id="2">2062.8356</dst>
      <dst id="16">7242.3289</dst>
      <dst id="14">191.6533</dst>
      <dst id="20">149.3333</dst>
      <dst id="11">194.9600</dst>
      <dst id="9">3343.2622</dst>
      <dst id="17">20807.3689</dst>
      <dst id="21">1171.5111</dst>
      <dst id="15">21.3600</dst>
    </src>
    <src id="15">
      <dst id="12">239.4756</dst>
      <dst id="13">145.3333</dst>
      <dst id="23">1.6711</dst>
      <dst id="8">325.8044</dst>
      <dst id="18">15.4044</dst>
      <dst id="4">120.5956</dst>
      <dst id="1">5358.2044</dst>
      <dst id="5">2908.6756</dst>
      <dst id="10">43.1556</dst>
      <dst id="2">38.5333</dst>
      <dst id="16">754.7111</dst>
      <dst id="14">63.1111</dst>
      <dst id="11">25.8311</dst>
      <dst id="9">3653.4133</dst>
      <dst id="17">1202.5244</dst>
      <dst id="21">1.8578</dst>
    </src>
  </IntraTM>
</TrafficMatrixFile>
