<?xml version="1.0" encoding="UTF-8" standalone="yes"?>
<TrafficMatrixFile xmlns:xsi="http://www.w3.org/2001/XMLSchema-instance" xsi:noNamespaceSchemaLocation="http://totem.run.montefiore.ulg.ac.be/Schema/TrafficMatrix-v1_2.xsd">
  <info>
    <title>Intradomain traffic matrix generated by geant-TM-all.pl</title>
    <date>2005-02-21T00:15:00</date>
    <duration>900</duration>
    <author>Steve Uhlig</author>
    <units>
        <unit type="bandwidth" value="kbps"/>
    </units>
  </info>
  <IntraTM ASID="20965">
    <src id="12">
      <dst id="12">261652.9333</dst>
      <dst id="13">315291.4489</dst>
      <dst id="19">8919.9022</dst>
      <dst id="23">791.4400</dst>
      <dst id="8">18256.9511</dst>
      <dst id="18">113360.3556</dst>
      <dst id="4">21284.5511</dst>
      <dst id="1">13608.0533</dst>
      <dst id="5">1933.3600</dst>
      <dst id="3">385.1022</dst>
      <dst id="10">7053.4400</dst>
      <dst id="22">9936.9689</dst>
      <dst id="7">17307.7600</dst>
      <dst id="2">38701.5022</dst>
      <dst id="6">5.1467</dst>
      <dst id="16">14325.1111</dst>
      <dst id="14">1201.5911</dst>
      <dst id="20">6974.7556</dst>
      <dst id="11">57.8756</dst>
      <dst id="9">22974.4800</dst>
      <dst id="17">88322.3378</dst>
      <dst id="21">10505.5378</dst>
      <dst id="15">418.5867</dst>
    </src>
    <src id="13">
      <dst id="12">13714.6044</dst>
      <dst id="19">8032.7911</dst>
      <dst id="23">200.8533</dst>
      <dst id="8">8094.1956</dst>
      <dst id="18">627.9289</dst>
      <dst id="1">1204.4267</dst>
      <dst id="5">2186.7022</dst>
      <dst id="3">701.7867</dst>
      <dst id="22">9028.3467</dst>
      <dst id="7">1791.6711</dst>
      <dst id="2">30220.6489</dst>
      <dst id="6">9.3333</dst>
      <dst id="16">844.5956</dst>
      <dst id="14">111.8044</dst>
      <dst id="20">3228.9600</dst>
      <dst id="11">721.9733</dst>
      <dst id="9">6707.7333</dst>
      <dst id="17">27338.1422</dst>
      <dst id="21">3461.9467</dst>
      <dst id="15">2632.2311</dst>
    </src>
    <src id="19">
      <dst id="12">22614.1156</dst>
      <dst id="13">1929.8844</dst>
      <dst id="23">174.5600</dst>
      <dst id="8">180.3822</dst>
      <dst id="18">381.6533</dst>
      <dst id="4">16968.9333</dst>
      <dst id="1">422.9956</dst>
      <dst id="5">66.8444</dst>
      <dst id="10">1299.9378</dst>
      <dst id="22">168.2044</dst>
      <dst id="7">6500.3289</dst>
      <dst id="2">2200.4711</dst>
      <dst id="6">35.4489</dst>
      <dst id="16">13724.0622</dst>
      <dst id="14">7.0756</dst>
      <dst id="20">285.8933</dst>
      <dst id="11">198.2133</dst>
      <dst id="9">69.2978</dst>
      <dst id="17">1991.9644</dst>
      <dst id="21">289.4489</dst>
    </src>
    <src id="23">
      <dst id="12">8895.6800</dst>
      <dst id="13">1624.3467</dst>
      <dst id="19">10987.8311</dst>
      <dst id="8">9.5467</dst>
      <dst id="18">1255.8667</dst>
      <dst id="4">531.0489</dst>
      <dst id="1">87.7156</dst>
      <dst id="3">0.8178</dst>
      <dst id="10">756.3022</dst>
      <dst id="22">890.3644</dst>
      <dst id="7">2167.7689</dst>
      <dst id="2">317.3333</dst>
      <dst id="6">0.3378</dst>
      <dst id="16">764.4356</dst>
      <dst id="20">123.1022</dst>
      <dst id="11">0.4622</dst>
      <dst id="9">260.4978</dst>
      <dst id="17">37076.1067</dst>
      <dst id="21">703.5378</dst>
      <dst id="15">3830.1156</dst>
    </src>
    <src id="8">
      <dst id="12">23291.8489</dst>
      <dst id="13">1759.1644</dst>
      <dst id="19">122.6756</dst>
      <dst id="23">23.8400</dst>
      <dst id="18">718.1511</dst>
      <dst id="4">1809.3067</dst>
      <dst id="1">4638.0889</dst>
      <dst id="5">17464.2311</dst>
      <dst id="3">4.9244</dst>
      <dst id="10">388.6044</dst>
      <dst id="22">434.9067</dst>
      <dst id="7">337.1822</dst>
      <dst id="2">710.2844</dst>
      <dst id="16">2281.0311</dst>
      <dst id="14">10.5067</dst>
      <dst id="20">290.6756</dst>
      <dst id="11">1157.7778</dst>
      <dst id="9">197677.5822</dst>
      <dst id="17">489484.8356</dst>
      <dst id="21">241.9111</dst>
      <dst id="15">389.1022</dst>
    </src>
    <src id="18">
      <dst id="12">135382.9600</dst>
      <dst id="13">1480.9156</dst>
      <dst id="19">193.5822</dst>
      <dst id="23">79.0044</dst>
      <dst id="8">844.6844</dst>
      <dst id="4">361.2711</dst>
      <dst id="1">595.8756</dst>
      <dst id="5">79.5556</dst>
      <dst id="3">379.6800</dst>
      <dst id="10">746.9067</dst>
      <dst id="22">57.9111</dst>
      <dst id="7">260.8978</dst>
      <dst id="2">21871.2178</dst>
      <dst id="16">47.6000</dst>
      <dst id="14">26.6667</dst>
      <dst id="20">105.7689</dst>
      <dst id="11">5.4044</dst>
      <dst id="9">5930.8356</dst>
      <dst id="17">19798.1600</dst>
      <dst id="21">2768.7289</dst>
      <dst id="15">0.9956</dst>
    </src>
    <src id="4">
      <dst id="12">55424.7200</dst>
      <dst id="13">2371.4044</dst>
      <dst id="19">10027.7867</dst>
      <dst id="23">3237.3600</dst>
      <dst id="8">5277.0044</dst>
      <dst id="18">11898.1956</dst>
      <dst id="4">80.5156</dst>
      <dst id="1">33684.0711</dst>
      <dst id="5">6543.1644</dst>
      <dst id="3">3309.6533</dst>
      <dst id="22">14054.8711</dst>
      <dst id="7">83977.4667</dst>
      <dst id="2">127524.6489</dst>
      <dst id="6">246.3200</dst>
      <dst id="16">8929.7867</dst>
      <dst id="14">3583.4933</dst>
      <dst id="20">11955.6800</dst>
      <dst id="11">1264.4711</dst>
      <dst id="9">8091.5467</dst>
      <dst id="17">120107.0844</dst>
      <dst id="21">27720.8711</dst>
      <dst id="15">3114.2222</dst>
    </src>
    <src id="1">
      <dst id="12">40649.7956</dst>
      <dst id="13">3201.0667</dst>
      <dst id="19">278.0267</dst>
      <dst id="23">102.6578</dst>
      <dst id="8">114.3911</dst>
      <dst id="18">21208.1067</dst>
      <dst id="4">3476.9867</dst>
      <dst id="1">29152.2844</dst>
      <dst id="5">232.8356</dst>
      <dst id="3">106.2133</dst>
      <dst id="10">2939.6711</dst>
      <dst id="22">1277.5556</dst>
      <dst id="7">33283.4489</dst>
      <dst id="2">19534.0356</dst>
      <dst id="6">295.5378</dst>
      <dst id="16">22213.9022</dst>
      <dst id="14">185.7244</dst>
      <dst id="20">7702.0889</dst>
      <dst id="11">449.0311</dst>
      <dst id="9">5869.3244</dst>
      <dst id="17">73954.1689</dst>
      <dst id="21">20133.0933</dst>
      <dst id="15">6304.0889</dst>
    </src>
    <src id="5">
      <dst id="12">18375.2089</dst>
      <dst id="13">1211.1822</dst>
      <dst id="19">823.8844</dst>
      <dst id="8">5507.9200</dst>
      <dst id="18">71.3956</dst>
      <dst id="4">1716.8711</dst>
      <dst id="1">5221.3956</dst>
      <dst id="3">11.8311</dst>
      <dst id="10">138.5689</dst>
      <dst id="22">9481.3422</dst>
      <dst id="7">475.6889</dst>
      <dst id="2">2248.3556</dst>
      <dst id="6">26.9511</dst>
      <dst id="16">2601.7511</dst>
      <dst id="14">24.1778</dst>
      <dst id="20">1874.3111</dst>
      <dst id="11">173.3778</dst>
      <dst id="9">111356.2756</dst>
      <dst id="17">410553.3511</dst>
      <dst id="21">136.6311</dst>
      <dst id="15">443.6089</dst>
    </src>
    <src id="3">
      <dst id="12">15851.9289</dst>
      <dst id="13">893.7067</dst>
      <dst id="19">2273.1289</dst>
      <dst id="23">103.3778</dst>
      <dst id="8">306.6133</dst>
      <dst id="18">640.4444</dst>
      <dst id="4">60119.5556</dst>
      <dst id="1">5849.4222</dst>
      <dst id="5">478.9689</dst>
      <dst id="3">2.3467</dst>
      <dst id="10">1156.6044</dst>
      <dst id="22">1890.3111</dst>
      <dst id="7">2908.6044</dst>
      <dst id="2">11924.7378</dst>
      <dst id="6">8.8089</dst>
      <dst id="16">596.9956</dst>
      <dst id="14">70.3556</dst>
      <dst id="20">19566.1956</dst>
      <dst id="11">176.4622</dst>
      <dst id="9">698.6578</dst>
      <dst id="17">38518.8622</dst>
      <dst id="21">4708.6756</dst>
      <dst id="15">49.1200</dst>
    </src>
    <src id="10">
      <dst id="12">174126.3289</dst>
      <dst id="19">2292.1689</dst>
      <dst id="23">6040.4444</dst>
      <dst id="8">132547.3956</dst>
      <dst id="18">3748.9156</dst>
      <dst id="1">4188.9600</dst>
      <dst id="5">181978.5689</dst>
      <dst id="3">15466.8267</dst>
      <dst id="22">5464.0267</dst>
      <dst id="7">23187.2711</dst>
      <dst id="2">42561.6444</dst>
      <dst id="6">27213.0933</dst>
      <dst id="16">1030.0267</dst>
      <dst id="14">28320.5156</dst>
      <dst id="20">15816.2578</dst>
      <dst id="11">17592.9778</dst>
      <dst id="9">226440.1422</dst>
      <dst id="17">66808.8000</dst>
      <dst id="21">14155.0489</dst>
      <dst id="15">1228.4800</dst>
    </src>
    <src id="22">
      <dst id="12">16381.6800</dst>
      <dst id="13">7991.0578</dst>
      <dst id="19">960.2844</dst>
      <dst id="23">11965.9911</dst>
      <dst id="8">1576.7911</dst>
      <dst id="18">1535.7333</dst>
      <dst id="4">5466.0089</dst>
      <dst id="1">463.6978</dst>
      <dst id="5">3219.7867</dst>
      <dst id="3">571.3600</dst>
      <dst id="10">2259.1111</dst>
      <dst id="7">2521.2711</dst>
      <dst id="2">11108.4178</dst>
      <dst id="6">1.4222</dst>
      <dst id="14">148.4267</dst>
      <dst id="11">99.6889</dst>
      <dst id="9">2039.3778</dst>
      <dst id="17">14024.5422</dst>
      <dst id="21">2968.5956</dst>
    </src>
    <src id="7">
      <dst id="12">15347.3778</dst>
      <dst id="13">1281.5200</dst>
      <dst id="19">2320.6756</dst>
      <dst id="23">285.2178</dst>
      <dst id="8">448.0622</dst>
      <dst id="18">2953.4578</dst>
      <dst id="4">17925.0756</dst>
      <dst id="1">65752.1333</dst>
      <dst id="5">947.0489</dst>
      <dst id="3">320.1956</dst>
      <dst id="10">804.3200</dst>
      <dst id="22">3398.4000</dst>
      <dst id="7">731.6622</dst>
      <dst id="2">14614.1511</dst>
      <dst id="6">48.5778</dst>
      <dst id="16">1064.2933</dst>
      <dst id="14">91.0933</dst>
      <dst id="20">3654.0800</dst>
      <dst id="11">155.3511</dst>
      <dst id="9">1915.9822</dst>
      <dst id="17">26624.3822</dst>
      <dst id="21">3621.1022</dst>
      <dst id="15">1392.2044</dst>
    </src>
    <src id="2">
      <dst id="12">97254.5067</dst>
      <dst id="13">13067.0667</dst>
      <dst id="19">1213.1289</dst>
      <dst id="23">3.8489</dst>
      <dst id="8">3375.2178</dst>
      <dst id="18">55348.4178</dst>
      <dst id="4">24802.3911</dst>
      <dst id="1">28144.0356</dst>
      <dst id="5">821.4133</dst>
      <dst id="3">877.0400</dst>
      <dst id="10">4756.0089</dst>
      <dst id="22">2593.9822</dst>
      <dst id="7">11866.7822</dst>
      <dst id="2">1288.9956</dst>
      <dst id="6">14932.1956</dst>
      <dst id="16">432.5956</dst>
      <dst id="14">878.6933</dst>
      <dst id="20">25670.2489</dst>
      <dst id="11">687.3956</dst>
      <dst id="9">2527.2978</dst>
      <dst id="17">33734.1867</dst>
      <dst id="21">24558.4444</dst>
      <dst id="15">87.3244</dst>
    </src>
    <src id="6">
      <dst id="12">1963.9556</dst>
      <dst id="13">54.3733</dst>
      <dst id="19">75.5467</dst>
      <dst id="23">0.3378</dst>
      <dst id="18">0.7111</dst>
      <dst id="4">34.9689</dst>
      <dst id="1">179.8933</dst>
      <dst id="5">11.8222</dst>
      <dst id="10">0.8533</dst>
      <dst id="22">12.0356</dst>
      <dst id="7">269.5733</dst>
      <dst id="2">3357.2000</dst>
      <dst id="16">0.7111</dst>
      <dst id="20">0.8000</dst>
      <dst id="11">11.8222</dst>
      <dst id="9">808.1422</dst>
      <dst id="17">19296.8800</dst>
      <dst id="21">28.8000</dst>
      <dst id="15">3.3156</dst>
    </src>
    <src id="16">
      <dst id="12">5298.1600</dst>
      <dst id="13">241.0756</dst>
      <dst id="19">3628.7733</dst>
      <dst id="23">35.8133</dst>
      <dst id="8">2592.8533</dst>
      <dst id="18">1251.4933</dst>
      <dst id="4">1147.5200</dst>
      <dst id="1">27029.9378</dst>
      <dst id="5">3710.2756</dst>
      <dst id="3">19.1378</dst>
      <dst id="10">416.6667</dst>
      <dst id="7">1386.7822</dst>
      <dst id="2">5579.6978</dst>
      <dst id="6">0.6400</dst>
      <dst id="16">17.9822</dst>
      <dst id="14">24.2756</dst>
      <dst id="11">68.1956</dst>
      <dst id="9">8631.1822</dst>
      <dst id="17">4813.3156</dst>
      <dst id="21">1819.9467</dst>
    </src>
    <src id="14">
      <dst id="12">4720.5778</dst>
      <dst id="13">201.6533</dst>
      <dst id="19">72.5333</dst>
      <dst id="8">86.5689</dst>
      <dst id="18">1.4133</dst>
      <dst id="4">506.6222</dst>
      <dst id="1">335.9911</dst>
      <dst id="5">2.5956</dst>
      <dst id="3">435.5111</dst>
      <dst id="10">78.0178</dst>
      <dst id="22">17.6622</dst>
      <dst id="7">121.7689</dst>
      <dst id="2">3474.2133</dst>
      <dst id="16">13.9111</dst>
      <dst id="20">39.5822</dst>
      <dst id="11">13.4400</dst>
      <dst id="9">924.8356</dst>
      <dst id="17">32192.2044</dst>
      <dst id="21">160.4622</dst>
      <dst id="15">1.9022</dst>
    </src>
    <src id="20">
      <dst id="12">11693.5378</dst>
      <dst id="13">981.2178</dst>
      <dst id="19">115.3778</dst>
      <dst id="23">59.0489</dst>
      <dst id="8">3067.3689</dst>
      <dst id="18">744.3378</dst>
      <dst id="4">2758.4711</dst>
      <dst id="1">845.1200</dst>
      <dst id="5">1609.1022</dst>
      <dst id="3">86.7644</dst>
      <dst id="10">1639.0756</dst>
      <dst id="7">2258.0711</dst>
      <dst id="2">3651.0756</dst>
      <dst id="14">13.6800</dst>
      <dst id="20">34.9600</dst>
      <dst id="11">35.0222</dst>
      <dst id="9">1867.3511</dst>
      <dst id="17">10202.9689</dst>
      <dst id="21">1780.0800</dst>
    </src>
    <src id="11">
      <dst id="12">96558.9600</dst>
      <dst id="13">1195.6978</dst>
      <dst id="19">1325.6178</dst>
      <dst id="23">9.7600</dst>
      <dst id="8">855.3956</dst>
      <dst id="18">145.6800</dst>
      <dst id="4">2746.7200</dst>
      <dst id="1">3237.0222</dst>
      <dst id="5">1762.3200</dst>
      <dst id="3">144.2044</dst>
      <dst id="10">3191.0578</dst>
      <dst id="22">737.1733</dst>
      <dst id="7">3250.5600</dst>
      <dst id="2">66294.9689</dst>
      <dst id="6">48.4267</dst>
      <dst id="16">541.0133</dst>
      <dst id="14">48.1333</dst>
      <dst id="20">1989.1733</dst>
      <dst id="11">3806.5333</dst>
      <dst id="9">38828.5067</dst>
      <dst id="17">714833.6533</dst>
      <dst id="21">1219.9644</dst>
      <dst id="15">492.2400</dst>
    </src>
    <src id="9">
      <dst id="12">30028.8533</dst>
      <dst id="13">1553.2978</dst>
      <dst id="19">24.2044</dst>
      <dst id="23">42.4089</dst>
      <dst id="8">140483.9111</dst>
      <dst id="18">386.7467</dst>
      <dst id="4">4435.9111</dst>
      <dst id="1">5737.4400</dst>
      <dst id="5">1756.9067</dst>
      <dst id="3">57.4222</dst>
      <dst id="10">772.1067</dst>
      <dst id="22">3159.3511</dst>
      <dst id="7">2910.7911</dst>
      <dst id="2">2093.1289</dst>
      <dst id="6">6.4444</dst>
      <dst id="16">705.1911</dst>
      <dst id="14">7.1733</dst>
      <dst id="20">498.3289</dst>
      <dst id="11">28.3289</dst>
      <dst id="9">366982.9333</dst>
      <dst id="17">575649.2089</dst>
      <dst id="21">596.0089</dst>
      <dst id="15">184.3200</dst>
    </src>
    <src id="17">
      <dst id="12">163975.1733</dst>
      <dst id="13">7110.7733</dst>
      <dst id="19">3474.7644</dst>
      <dst id="23">241.2711</dst>
      <dst id="8">3562.9956</dst>
      <dst id="18">6085.2000</dst>
      <dst id="4">15225.5911</dst>
      <dst id="1">4370.5156</dst>
      <dst id="5">110887.6800</dst>
      <dst id="3">1586.4444</dst>
      <dst id="10">3800.0889</dst>
      <dst id="22">9580.0089</dst>
      <dst id="7">17097.6533</dst>
      <dst id="2">19755.7067</dst>
      <dst id="6">1366.1067</dst>
      <dst id="16">7060.9600</dst>
      <dst id="14">15361.6089</dst>
      <dst id="20">5307.6978</dst>
      <dst id="11">18218.3200</dst>
      <dst id="9">3654.5244</dst>
      <dst id="17">30542.5511</dst>
      <dst id="21">16521.5111</dst>
      <dst id="15">1017.6889</dst>
    </src>
    <src id="21">
      <dst id="12">11170.3733</dst>
      <dst id="13">5327.7511</dst>
      <dst id="19">994.4178</dst>
      <dst id="23">138.1422</dst>
      <dst id="8">716.5600</dst>
      <dst id="18">5096.9422</dst>
      <dst id="4">7751.8667</dst>
      <dst id="1">3403.0489</dst>
      <dst id="5">486.2400</dst>
      <dst id="3">2864.8089</dst>
      <dst id="10">3348.0089</dst>
      <dst id="22">761.5378</dst>
      <dst id="7">4004.3822</dst>
      <dst id="2">13647.8133</dst>
      <dst id="6">16.2667</dst>
      <dst id="16">523.3156</dst>
      <dst id="14">105.6267</dst>
      <dst id="20">6384.7467</dst>
      <dst id="11">128.8000</dst>
      <dst id="9">8271.8222</dst>
      <dst id="17">43175.7600</dst>
      <dst id="21">3603.5644</dst>
      <dst id="15">100.7733</dst>
    </src>
    <src id="15">
      <dst id="12">1897.9378</dst>
      <dst id="13">3672.3022</dst>
      <dst id="19">0.5333</dst>
      <dst id="23">86.8622</dst>
      <dst id="8">105.4489</dst>
      <dst id="18">0.3556</dst>
      <dst id="4">1828.8444</dst>
      <dst id="1">246.3911</dst>
      <dst id="5">339.8311</dst>
      <dst id="3">28.6311</dst>
      <dst id="10">121.4489</dst>
      <dst id="7">444.6578</dst>
      <dst id="2">1043.8578</dst>
      <dst id="6">28.8889</dst>
      <dst id="14">1.1644</dst>
      <dst id="11">23.8133</dst>
      <dst id="9">357.9378</dst>
      <dst id="17">5981.1733</dst>
      <dst id="21">100.1511</dst>
    </src>
  </IntraTM>
</TrafficMatrixFile>
