<?xml version="1.0" encoding="UTF-8" standalone="yes"?>
<TrafficMatrixFile xmlns:xsi="http://www.w3.org/2001/XMLSchema-instance" xsi:noNamespaceSchemaLocation="http://totem.run.montefiore.ulg.ac.be/Schema/TrafficMatrix-v1_2.xsd">
  <info>
    <title>Intradomain traffic matrix generated by geant-TM-all.pl</title>
    <date>2005-01-08T02:00:00</date>
    <duration>900</duration>
    <author>Steve Uhlig</author>
    <units>
        <unit type="bandwidth" value="kbps"/>
    </units>
  </info>
  <IntraTM ASID="20965">
    <src id="12">
      <dst id="12">350501.3778</dst>
      <dst id="13">27166.1600</dst>
      <dst id="19">10029.8133</dst>
      <dst id="23">674.3200</dst>
      <dst id="8">2601.2178</dst>
      <dst id="18">10254.8000</dst>
      <dst id="4">123855.6089</dst>
      <dst id="1">9558.4978</dst>
      <dst id="5">11038.5333</dst>
      <dst id="3">15247.6178</dst>
      <dst id="22">25744.7289</dst>
      <dst id="7">13477.2000</dst>
      <dst id="2">84492.5867</dst>
      <dst id="6">4.8267</dst>
      <dst id="16">7806.8889</dst>
      <dst id="14">264.7822</dst>
      <dst id="20">17586.7644</dst>
      <dst id="11">5635.5378</dst>
      <dst id="9">9863.9378</dst>
      <dst id="17">118983.6267</dst>
      <dst id="21">29040.3822</dst>
      <dst id="15">9146.8889</dst>
    </src>
    <src id="13">
      <dst id="12">80881.9822</dst>
      <dst id="19">32532.0622</dst>
      <dst id="23">1228.2933</dst>
      <dst id="8">3143.0667</dst>
      <dst id="18">14821.8667</dst>
      <dst id="4">0.3556</dst>
      <dst id="1">10106.7822</dst>
      <dst id="5">14693.7156</dst>
      <dst id="3">34147.9378</dst>
      <dst id="22">29788.8533</dst>
      <dst id="7">28625.4667</dst>
      <dst id="2">153901.5111</dst>
      <dst id="6">589.5733</dst>
      <dst id="16">10848.4622</dst>
      <dst id="14">2356.1689</dst>
      <dst id="20">20998.8356</dst>
      <dst id="11">20785.2267</dst>
      <dst id="9">54953.2800</dst>
      <dst id="17">101518.0444</dst>
      <dst id="21">38348.9156</dst>
      <dst id="15">5703.7956</dst>
    </src>
    <src id="19">
      <dst id="12">15109.0044</dst>
      <dst id="13">7206.9244</dst>
      <dst id="23">55.7067</dst>
      <dst id="8">4257.4311</dst>
      <dst id="18">2744.3022</dst>
      <dst id="4">19629.6267</dst>
      <dst id="1">6546.9422</dst>
      <dst id="5">159.4311</dst>
      <dst id="3">45.7600</dst>
      <dst id="22">1355.5022</dst>
      <dst id="7">8079.4222</dst>
      <dst id="2">7766.9867</dst>
      <dst id="6">110.5067</dst>
      <dst id="16">7730.9156</dst>
      <dst id="14">65.7600</dst>
      <dst id="20">89.9022</dst>
      <dst id="11">81.0133</dst>
      <dst id="9">328.3378</dst>
      <dst id="17">7725.2889</dst>
      <dst id="21">2609.2889</dst>
      <dst id="15">1.9556</dst>
    </src>
    <src id="23">
      <dst id="12">224.5156</dst>
      <dst id="13">435.4311</dst>
      <dst id="19">53.8578</dst>
      <dst id="18">120.4444</dst>
      <dst id="4">92.8711</dst>
      <dst id="1">122.7822</dst>
      <dst id="5">32.0711</dst>
      <dst id="3">132.6044</dst>
      <dst id="22">225.7867</dst>
      <dst id="7">252.4444</dst>
      <dst id="2">26.7644</dst>
      <dst id="6">1.8489</dst>
      <dst id="16">632.4622</dst>
      <dst id="20">53.7156</dst>
      <dst id="11">14.8000</dst>
      <dst id="9">28.2756</dst>
      <dst id="17">466.6311</dst>
      <dst id="21">408.6133</dst>
    </src>
    <src id="8">
      <dst id="12">340467.4756</dst>
      <dst id="13">856.9422</dst>
      <dst id="19">100.7822</dst>
      <dst id="18">430.7467</dst>
      <dst id="4">6601.7244</dst>
      <dst id="1">1456.0533</dst>
      <dst id="5">4855.9022</dst>
      <dst id="3">14.1156</dst>
      <dst id="22">757.7956</dst>
      <dst id="7">56.6222</dst>
      <dst id="2">656.7289</dst>
      <dst id="16">1419.5111</dst>
      <dst id="14">5.0756</dst>
      <dst id="20">1326.0800</dst>
      <dst id="11">884.0444</dst>
      <dst id="9">141382.9156</dst>
      <dst id="17">142689.8844</dst>
      <dst id="21">857.2533</dst>
      <dst id="15">116.1511</dst>
    </src>
    <src id="18">
      <dst id="12">151994.7733</dst>
      <dst id="13">474.2756</dst>
      <dst id="19">100.4711</dst>
      <dst id="23">4680.7467</dst>
      <dst id="8">91.1556</dst>
      <dst id="4">5471.4933</dst>
      <dst id="1">1227.6000</dst>
      <dst id="5">1065.1200</dst>
      <dst id="3">513.2178</dst>
      <dst id="22">342.9067</dst>
      <dst id="7">268.8533</dst>
      <dst id="2">58767.2711</dst>
      <dst id="16">157.0844</dst>
      <dst id="20">275.0933</dst>
      <dst id="11">460.7467</dst>
      <dst id="9">130.8089</dst>
      <dst id="17">62588.5422</dst>
      <dst id="21">2158.0978</dst>
      <dst id="15">3.1467</dst>
    </src>
    <src id="4">
      <dst id="12">26627.2889</dst>
      <dst id="19">11138.3911</dst>
      <dst id="23">4.1244</dst>
      <dst id="8">4605.6889</dst>
      <dst id="18">3038.8444</dst>
      <dst id="1">44996.2400</dst>
      <dst id="5">2706.5778</dst>
      <dst id="3">3654.4978</dst>
      <dst id="22">5823.0400</dst>
      <dst id="7">159399.9467</dst>
      <dst id="2">63934.4978</dst>
      <dst id="6">82.3467</dst>
      <dst id="16">3168.1511</dst>
      <dst id="14">1223.2800</dst>
      <dst id="20">4158.1778</dst>
      <dst id="11">3801.7422</dst>
      <dst id="9">5942.5244</dst>
      <dst id="17">37176.4089</dst>
      <dst id="21">19989.7778</dst>
      <dst id="15">613.3778</dst>
    </src>
    <src id="1">
      <dst id="12">31822.4622</dst>
      <dst id="13">47530.3733</dst>
      <dst id="19">1344.9333</dst>
      <dst id="23">77.7689</dst>
      <dst id="8">205912.9422</dst>
      <dst id="18">23050.3200</dst>
      <dst id="4">16757.4400</dst>
      <dst id="1">66486.1244</dst>
      <dst id="5">289014.3467</dst>
      <dst id="3">1551.4844</dst>
      <dst id="22">8923.3333</dst>
      <dst id="7">149645.4933</dst>
      <dst id="2">53974.7911</dst>
      <dst id="6">10113.5467</dst>
      <dst id="16">10299.6711</dst>
      <dst id="14">78.1511</dst>
      <dst id="20">349.4222</dst>
      <dst id="11">13656.4711</dst>
      <dst id="9">351827.1911</dst>
      <dst id="17">16015.8044</dst>
      <dst id="21">69836.5422</dst>
      <dst id="15">848.2933</dst>
    </src>
    <src id="5">
      <dst id="12">308058.2844</dst>
      <dst id="13">9963.6978</dst>
      <dst id="19">982.8800</dst>
      <dst id="23">69.4578</dst>
      <dst id="8">8433.7244</dst>
      <dst id="18">297.7600</dst>
      <dst id="4">12884.8533</dst>
      <dst id="1">3369.9111</dst>
      <dst id="3">35.8044</dst>
      <dst id="22">3815.8844</dst>
      <dst id="7">230.4800</dst>
      <dst id="2">10769.8933</dst>
      <dst id="6">6.9778</dst>
      <dst id="16">1394.4000</dst>
      <dst id="14">62.7111</dst>
      <dst id="20">13673.5556</dst>
      <dst id="11">1620.8978</dst>
      <dst id="9">165578.3556</dst>
      <dst id="17">129092.3111</dst>
      <dst id="21">1659.7956</dst>
      <dst id="15">767.9644</dst>
    </src>
    <src id="3">
      <dst id="12">27470.3022</dst>
      <dst id="13">1829.8756</dst>
      <dst id="19">3609.4933</dst>
      <dst id="23">73.0756</dst>
      <dst id="8">446.4889</dst>
      <dst id="18">203660.3467</dst>
      <dst id="4">81441.5467</dst>
      <dst id="1">21016.8978</dst>
      <dst id="5">5350.5244</dst>
      <dst id="3">19459.3333</dst>
      <dst id="22">1456.6489</dst>
      <dst id="7">1796.9600</dst>
      <dst id="2">12070.3289</dst>
      <dst id="6">1.2444</dst>
      <dst id="16">3476.4178</dst>
      <dst id="14">35078.7022</dst>
      <dst id="20">1486.6578</dst>
      <dst id="11">244738.2756</dst>
      <dst id="9">1470.8356</dst>
      <dst id="17">12852.1067</dst>
      <dst id="21">6336.2311</dst>
      <dst id="15">190.0800</dst>
    </src>
    <src id="10">
      <dst id="12">16340.0444</dst>
      <dst id="19">2045.2444</dst>
      <dst id="8">509.6444</dst>
      <dst id="18">7986.4356</dst>
      <dst id="1">2866.5244</dst>
      <dst id="5">1088.6933</dst>
      <dst id="3">12714.9867</dst>
      <dst id="22">10581.8133</dst>
      <dst id="7">15897.6267</dst>
      <dst id="2">48091.8400</dst>
      <dst id="6">329.3511</dst>
      <dst id="16">4484.4267</dst>
      <dst id="14">507.1378</dst>
      <dst id="20">1939.1822</dst>
      <dst id="11">8324.8267</dst>
      <dst id="9">2948.0356</dst>
      <dst id="17">47473.7689</dst>
      <dst id="21">23357.0400</dst>
      <dst id="15">2711.2267</dst>
    </src>
    <src id="22">
      <dst id="12">10115.2800</dst>
      <dst id="13">14395.8667</dst>
      <dst id="19">683.9467</dst>
      <dst id="23">244.8089</dst>
      <dst id="8">2141.2533</dst>
      <dst id="18">349.6800</dst>
      <dst id="4">21804.2756</dst>
      <dst id="1">678.5689</dst>
      <dst id="5">3993.0400</dst>
      <dst id="3">995.8311</dst>
      <dst id="7">2951.2000</dst>
      <dst id="2">4258.3289</dst>
      <dst id="6">25.2356</dst>
      <dst id="16">3.0044</dst>
      <dst id="14">82.5333</dst>
      <dst id="11">3234.2578</dst>
      <dst id="9">2588.6578</dst>
      <dst id="17">8991.6889</dst>
      <dst id="21">2218.5333</dst>
    </src>
    <src id="7">
      <dst id="12">7414.7822</dst>
      <dst id="13">5951.8756</dst>
      <dst id="19">1261.3689</dst>
      <dst id="23">416.8622</dst>
      <dst id="8">544.0889</dst>
      <dst id="18">1938.4089</dst>
      <dst id="4">34105.6267</dst>
      <dst id="1">17837.2800</dst>
      <dst id="5">1541.6711</dst>
      <dst id="3">730.8978</dst>
      <dst id="22">4550.6578</dst>
      <dst id="7">824.6489</dst>
      <dst id="2">15090.2667</dst>
      <dst id="6">72.0978</dst>
      <dst id="16">2567.4844</dst>
      <dst id="14">299.8489</dst>
      <dst id="20">1538.7822</dst>
      <dst id="11">1053.1022</dst>
      <dst id="9">2458.3378</dst>
      <dst id="17">17117.8222</dst>
      <dst id="21">15244.4178</dst>
      <dst id="15">2439.9467</dst>
    </src>
    <src id="2">
      <dst id="12">149156.4533</dst>
      <dst id="13">504088.7200</dst>
      <dst id="19">2489.8400</dst>
      <dst id="23">262.4889</dst>
      <dst id="8">765.8844</dst>
      <dst id="18">169796.9956</dst>
      <dst id="4">124588.5067</dst>
      <dst id="1">16854.3822</dst>
      <dst id="5">5897.3156</dst>
      <dst id="3">283.4844</dst>
      <dst id="22">4746.8444</dst>
      <dst id="7">13064.3200</dst>
      <dst id="2">1041.1200</dst>
      <dst id="6">10676.0000</dst>
      <dst id="16">2571.6622</dst>
      <dst id="14">459.5644</dst>
      <dst id="20">1410.5422</dst>
      <dst id="11">8554.6933</dst>
      <dst id="9">2200.9244</dst>
      <dst id="17">26181.6089</dst>
      <dst id="21">11781.7778</dst>
      <dst id="15">75.4933</dst>
    </src>
    <src id="6">
      <dst id="12">12330.9511</dst>
      <dst id="13">10.0533</dst>
      <dst id="19">38.6222</dst>
      <dst id="23">34.4000</dst>
      <dst id="8">5.0578</dst>
      <dst id="18">0.6933</dst>
      <dst id="4">155.5733</dst>
      <dst id="1">162.3111</dst>
      <dst id="5">4.0089</dst>
      <dst id="22">5.2444</dst>
      <dst id="7">102.3022</dst>
      <dst id="2">3117.7422</dst>
      <dst id="16">45.0044</dst>
      <dst id="11">23.7156</dst>
      <dst id="9">5.4756</dst>
      <dst id="17">2040.2133</dst>
      <dst id="21">74.6044</dst>
      <dst id="15">0.3556</dst>
    </src>
    <src id="16">
      <dst id="12">5576.9244</dst>
      <dst id="13">3986.1778</dst>
      <dst id="19">4606.1689</dst>
      <dst id="23">246.1067</dst>
      <dst id="8">9710.6756</dst>
      <dst id="18">99.0933</dst>
      <dst id="4">8742.9600</dst>
      <dst id="1">14919.6711</dst>
      <dst id="5">7023.3333</dst>
      <dst id="3">335.4400</dst>
      <dst id="22">3.1556</dst>
      <dst id="7">885.1644</dst>
      <dst id="2">1282.1511</dst>
      <dst id="6">145.5289</dst>
      <dst id="16">61.3689</dst>
      <dst id="14">77.2444</dst>
      <dst id="11">411.9111</dst>
      <dst id="9">9230.1333</dst>
      <dst id="17">4243.3867</dst>
      <dst id="21">900.2844</dst>
    </src>
    <src id="14">
      <dst id="12">20079.5289</dst>
      <dst id="13">62.0889</dst>
      <dst id="19">58.1244</dst>
      <dst id="23">12.6222</dst>
      <dst id="8">16.6222</dst>
      <dst id="18">19.7156</dst>
      <dst id="4">2770.6133</dst>
      <dst id="1">38.2133</dst>
      <dst id="5">122.5689</dst>
      <dst id="3">28.9867</dst>
      <dst id="22">11.0844</dst>
      <dst id="7">62.2933</dst>
      <dst id="2">3248.7822</dst>
      <dst id="16">15.2178</dst>
      <dst id="20">0.3733</dst>
      <dst id="11">45.9822</dst>
      <dst id="9">85.6889</dst>
      <dst id="17">9205.2533</dst>
      <dst id="21">518.0089</dst>
      <dst id="15">1.4133</dst>
    </src>
    <src id="20">
      <dst id="12">8870.2933</dst>
      <dst id="13">3948.8622</dst>
      <dst id="19">327.8489</dst>
      <dst id="23">713.9822</dst>
      <dst id="8">953.8933</dst>
      <dst id="18">675.5289</dst>
      <dst id="4">14190.4711</dst>
      <dst id="1">132.8978</dst>
      <dst id="5">1925.5556</dst>
      <dst id="3">30421.4844</dst>
      <dst id="7">1264.6489</dst>
      <dst id="2">6342.0978</dst>
      <dst id="16">29.5111</dst>
      <dst id="14">1.2089</dst>
      <dst id="11">4890.3378</dst>
      <dst id="9">5946.2133</dst>
      <dst id="17">5575.9733</dst>
      <dst id="21">6913.9289</dst>
    </src>
    <src id="11">
      <dst id="12">455318.3822</dst>
      <dst id="13">3160.4089</dst>
      <dst id="19">590.9600</dst>
      <dst id="23">14.7644</dst>
      <dst id="8">1692.4978</dst>
      <dst id="18">541.4578</dst>
      <dst id="4">13663.2800</dst>
      <dst id="1">5931.7956</dst>
      <dst id="5">1788.1422</dst>
      <dst id="3">2550.7022</dst>
      <dst id="22">3133.4578</dst>
      <dst id="7">3767.1022</dst>
      <dst id="2">117913.8044</dst>
      <dst id="6">2.1156</dst>
      <dst id="16">1807.8578</dst>
      <dst id="14">30.8889</dst>
      <dst id="20">281.3156</dst>
      <dst id="11">1904.4622</dst>
      <dst id="9">2168.0000</dst>
      <dst id="17">179462.1067</dst>
      <dst id="21">1482.0711</dst>
      <dst id="15">70.2222</dst>
    </src>
    <src id="9">
      <dst id="12">451735.4667</dst>
      <dst id="13">7628.8889</dst>
      <dst id="19">783.6622</dst>
      <dst id="23">27.1644</dst>
      <dst id="8">200364.5067</dst>
      <dst id="18">222.7644</dst>
      <dst id="4">13064.5244</dst>
      <dst id="1">4248.4533</dst>
      <dst id="5">2801.7600</dst>
      <dst id="3">126.1511</dst>
      <dst id="22">2189.9733</dst>
      <dst id="7">1094.6311</dst>
      <dst id="2">1879.8489</dst>
      <dst id="6">63.3778</dst>
      <dst id="16">5240.7378</dst>
      <dst id="14">206.7467</dst>
      <dst id="20">9130.9244</dst>
      <dst id="11">2057.0400</dst>
      <dst id="9">514756.6933</dst>
      <dst id="17">212029.2711</dst>
      <dst id="21">1560.9867</dst>
      <dst id="15">3708.8267</dst>
    </src>
    <src id="17">
      <dst id="12">20916.4622</dst>
      <dst id="13">25030.0711</dst>
      <dst id="19">3974.9333</dst>
      <dst id="23">346.0800</dst>
      <dst id="8">434.8089</dst>
      <dst id="18">3477.6089</dst>
      <dst id="4">68491.8044</dst>
      <dst id="1">7377.7689</dst>
      <dst id="5">279653.9111</dst>
      <dst id="3">35189.2356</dst>
      <dst id="22">8229.5022</dst>
      <dst id="7">44213.8133</dst>
      <dst id="2">44034.8356</dst>
      <dst id="6">164.0267</dst>
      <dst id="16">4278.1600</dst>
      <dst id="14">28602.1600</dst>
      <dst id="20">3992.0267</dst>
      <dst id="11">194740.2756</dst>
      <dst id="9">9081.5644</dst>
      <dst id="17">872.0089</dst>
      <dst id="21">8237.8311</dst>
      <dst id="15">507.2089</dst>
    </src>
    <src id="21">
      <dst id="12">18547.9822</dst>
      <dst id="13">5368.2133</dst>
      <dst id="19">864.0533</dst>
      <dst id="23">506.8978</dst>
      <dst id="8">614.2311</dst>
      <dst id="18">2038.0622</dst>
      <dst id="4">23043.5289</dst>
      <dst id="1">31661.1644</dst>
      <dst id="5">874.8444</dst>
      <dst id="3">28297.1111</dst>
      <dst id="22">5691.7333</dst>
      <dst id="7">16725.8844</dst>
      <dst id="2">12893.2711</dst>
      <dst id="6">34.3289</dst>
      <dst id="16">2395.6178</dst>
      <dst id="14">79.3422</dst>
      <dst id="20">555.3333</dst>
      <dst id="11">629.6533</dst>
      <dst id="9">1124.2133</dst>
      <dst id="17">15142.3378</dst>
      <dst id="21">2592.8533</dst>
      <dst id="15">136.5156</dst>
    </src>
    <src id="15">
      <dst id="12">1297.1733</dst>
      <dst id="13">2746.2933</dst>
      <dst id="19">11.6444</dst>
      <dst id="23">2.0533</dst>
      <dst id="8">403.3600</dst>
      <dst id="18">56.5600</dst>
      <dst id="4">1704.8000</dst>
      <dst id="1">3711.0044</dst>
      <dst id="5">4465.2178</dst>
      <dst id="7">106.7200</dst>
      <dst id="2">116.9689</dst>
      <dst id="6">0.4267</dst>
      <dst id="14">0.8978</dst>
      <dst id="11">243.4578</dst>
      <dst id="9">470.9333</dst>
      <dst id="17">8313.5467</dst>
      <dst id="21">1173.5733</dst>
    </src>
  </IntraTM>
</TrafficMatrixFile>
