<?xml version="1.0" encoding="UTF-8" standalone="yes"?>
<TrafficMatrixFile xmlns:xsi="http://www.w3.org/2001/XMLSchema-instance" xsi:noNamespaceSchemaLocation="http://totem.run.montefiore.ulg.ac.be/Schema/TrafficMatrix-v1_2.xsd">
  <info>
    <title>Intradomain traffic matrix generated by geant-TM-all.pl</title>
    <date>2005-02-07T13:30:00</date>
    <duration>900</duration>
    <author>Steve Uhlig</author>
    <units>
        <unit type="bandwidth" value="kbps"/>
    </units>
  </info>
  <IntraTM ASID="20965">
    <src id="12">
      <dst id="12">262834.7733</dst>
      <dst id="13">12400.3644</dst>
      <dst id="19">2496.3289</dst>
      <dst id="23">621.8489</dst>
      <dst id="8">330.3111</dst>
      <dst id="18">50451.5111</dst>
      <dst id="4">78916.6311</dst>
      <dst id="1">7280.2222</dst>
      <dst id="5">2956.2489</dst>
      <dst id="3">806.7467</dst>
      <dst id="10">7084.9867</dst>
      <dst id="22">18558.7822</dst>
      <dst id="7">2239.2444</dst>
      <dst id="2">29561.7956</dst>
      <dst id="6">0.4356</dst>
      <dst id="16">7983.0222</dst>
      <dst id="14">191.9644</dst>
      <dst id="20">1190.9333</dst>
      <dst id="11">308.2222</dst>
      <dst id="9">8457.2178</dst>
      <dst id="17">45459.7156</dst>
      <dst id="21">1931.7600</dst>
      <dst id="15">9629.2444</dst>
    </src>
    <src id="13">
      <dst id="12">25878.3111</dst>
      <dst id="19">8701.4756</dst>
      <dst id="23">892.6222</dst>
      <dst id="8">561.0400</dst>
      <dst id="18">2417.6711</dst>
      <dst id="1">4457.9378</dst>
      <dst id="5">3915.2800</dst>
      <dst id="3">246.6222</dst>
      <dst id="22">6279.3600</dst>
      <dst id="7">7890.0444</dst>
      <dst id="2">44599.5467</dst>
      <dst id="6">296.9689</dst>
      <dst id="16">3533.7333</dst>
      <dst id="14">1437.5822</dst>
      <dst id="20">6514.3556</dst>
      <dst id="11">450.8533</dst>
      <dst id="9">6400.5333</dst>
      <dst id="17">51934.0978</dst>
      <dst id="21">4759.2267</dst>
      <dst id="15">954.5067</dst>
    </src>
    <src id="19">
      <dst id="12">10442.1067</dst>
      <dst id="13">204.0533</dst>
      <dst id="23">0.7822</dst>
      <dst id="18">25.7778</dst>
      <dst id="4">19461.5644</dst>
      <dst id="1">4.0800</dst>
      <dst id="5">18.0356</dst>
      <dst id="3">0.6489</dst>
      <dst id="10">209.8667</dst>
      <dst id="22">221.1289</dst>
      <dst id="7">6331.9556</dst>
      <dst id="2">46.6400</dst>
      <dst id="6">0.6044</dst>
      <dst id="16">17529.3511</dst>
      <dst id="14">1.7867</dst>
      <dst id="20">1.6000</dst>
      <dst id="11">10.6311</dst>
      <dst id="9">77.4044</dst>
      <dst id="17">964.1511</dst>
      <dst id="21">103.5022</dst>
      <dst id="15">122.7378</dst>
    </src>
    <src id="23">
      <dst id="12">207.8311</dst>
      <dst id="13">56.5778</dst>
      <dst id="19">0.9333</dst>
      <dst id="8">0.3556</dst>
      <dst id="18">9532.3467</dst>
      <dst id="4">2251.4933</dst>
      <dst id="1">41.4489</dst>
      <dst id="10">0.8178</dst>
      <dst id="22">14.2222</dst>
      <dst id="7">133.2889</dst>
      <dst id="2">371.2000</dst>
      <dst id="16">59.6800</dst>
      <dst id="9">1.4044</dst>
      <dst id="17">273.1644</dst>
      <dst id="21">29.4311</dst>
    </src>
    <src id="8">
      <dst id="12">11844.2756</dst>
      <dst id="13">11.5111</dst>
      <dst id="19">14.3822</dst>
      <dst id="18">15.1200</dst>
      <dst id="4">2494.0000</dst>
      <dst id="1">8739.4400</dst>
      <dst id="5">819.0222</dst>
      <dst id="3">1.1200</dst>
      <dst id="10">480.6933</dst>
      <dst id="22">834.7111</dst>
      <dst id="7">267.7422</dst>
      <dst id="2">4252.4800</dst>
      <dst id="16">396.9867</dst>
      <dst id="20">36.4889</dst>
      <dst id="9">136668.6756</dst>
      <dst id="17">353782.1778</dst>
      <dst id="21">1.9200</dst>
      <dst id="15">55.4222</dst>
    </src>
    <src id="18">
      <dst id="12">168744.8711</dst>
      <dst id="13">95.5111</dst>
      <dst id="19">0.9244</dst>
      <dst id="23">139.0578</dst>
      <dst id="8">9.3778</dst>
      <dst id="4">4059.0667</dst>
      <dst id="1">615.1911</dst>
      <dst id="5">578.3822</dst>
      <dst id="3">694.0711</dst>
      <dst id="10">224.0711</dst>
      <dst id="22">164.4000</dst>
      <dst id="7">105.0756</dst>
      <dst id="2">45323.0044</dst>
      <dst id="16">31.7689</dst>
      <dst id="14">62.2222</dst>
      <dst id="11">1.0311</dst>
      <dst id="9">77.4667</dst>
      <dst id="17">13252.7200</dst>
      <dst id="21">584.6311</dst>
      <dst id="15">0.7111</dst>
    </src>
    <src id="4">
      <dst id="12">5573.9644</dst>
      <dst id="19">3577.1022</dst>
      <dst id="23">125.8044</dst>
      <dst id="8">293.8844</dst>
      <dst id="18">2056.8089</dst>
      <dst id="4">924.1333</dst>
      <dst id="1">21045.4311</dst>
      <dst id="5">771.8044</dst>
      <dst id="3">3506.2578</dst>
      <dst id="22">1006.0800</dst>
      <dst id="7">96739.1289</dst>
      <dst id="2">28398.7111</dst>
      <dst id="6">3.5911</dst>
      <dst id="16">1627.5289</dst>
      <dst id="14">585.9556</dst>
      <dst id="20">850.5422</dst>
      <dst id="11">51.5200</dst>
      <dst id="9">965.2444</dst>
      <dst id="17">12850.4533</dst>
      <dst id="21">4791.3333</dst>
      <dst id="15">45.1911</dst>
    </src>
    <src id="1">
      <dst id="12">11439.6978</dst>
      <dst id="13">116.4978</dst>
      <dst id="19">72.3111</dst>
      <dst id="23">26.1689</dst>
      <dst id="8">8.8711</dst>
      <dst id="18">14032.3733</dst>
      <dst id="4">8142.6400</dst>
      <dst id="1">12186.0000</dst>
      <dst id="5">314.3378</dst>
      <dst id="3">194.5067</dst>
      <dst id="10">114.6400</dst>
      <dst id="22">6021.9467</dst>
      <dst id="7">1926.0178</dst>
      <dst id="2">1083.5022</dst>
      <dst id="16">26898.0622</dst>
      <dst id="14">71.2800</dst>
      <dst id="20">44.5689</dst>
      <dst id="11">530.0889</dst>
      <dst id="9">1084.3467</dst>
      <dst id="17">1643.9378</dst>
      <dst id="21">13337.4400</dst>
      <dst id="15">86.4978</dst>
    </src>
    <src id="5">
      <dst id="12">21728.9511</dst>
      <dst id="13">5308.1956</dst>
      <dst id="19">7.4044</dst>
      <dst id="8">333.0489</dst>
      <dst id="18">105.2444</dst>
      <dst id="4">3522.3644</dst>
      <dst id="1">4580.8800</dst>
      <dst id="3">7.7244</dst>
      <dst id="10">152.4356</dst>
      <dst id="22">766.3378</dst>
      <dst id="7">251.0844</dst>
      <dst id="2">180.8444</dst>
      <dst id="6">44.9867</dst>
      <dst id="16">187.1289</dst>
      <dst id="14">10.4889</dst>
      <dst id="20">104.5156</dst>
      <dst id="11">38.0533</dst>
      <dst id="9">54767.7511</dst>
      <dst id="17">316504.1244</dst>
      <dst id="21">32.7111</dst>
      <dst id="15">225.9911</dst>
    </src>
    <src id="3">
      <dst id="12">5803.7600</dst>
      <dst id="13">974.4000</dst>
      <dst id="19">1172.7200</dst>
      <dst id="23">2.1867</dst>
      <dst id="8">51.7333</dst>
      <dst id="18">39.8044</dst>
      <dst id="4">35562.8356</dst>
      <dst id="1">8285.0133</dst>
      <dst id="5">439.2267</dst>
      <dst id="3">232.0622</dst>
      <dst id="10">848.8889</dst>
      <dst id="22">898.1511</dst>
      <dst id="7">4022.2400</dst>
      <dst id="2">3438.6756</dst>
      <dst id="6">1.1378</dst>
      <dst id="16">846.5244</dst>
      <dst id="14">77.5911</dst>
      <dst id="20">220.0622</dst>
      <dst id="11">67.9822</dst>
      <dst id="9">250.7556</dst>
      <dst id="17">48126.6667</dst>
      <dst id="21">896.5244</dst>
      <dst id="15">578.0800</dst>
    </src>
    <src id="10">
      <dst id="12">129697.4933</dst>
      <dst id="19">2762.8800</dst>
      <dst id="23">281.1022</dst>
      <dst id="8">60045.9111</dst>
      <dst id="18">4441.7956</dst>
      <dst id="1">905.8311</dst>
      <dst id="5">140359.7867</dst>
      <dst id="3">7430.4622</dst>
      <dst id="22">5356.6311</dst>
      <dst id="7">2034.8533</dst>
      <dst id="2">5654.5422</dst>
      <dst id="6">5511.5467</dst>
      <dst id="16">149.2267</dst>
      <dst id="14">17701.8844</dst>
      <dst id="20">2191.7333</dst>
      <dst id="11">14312.2400</dst>
      <dst id="9">143057.9022</dst>
      <dst id="17">36646.3644</dst>
      <dst id="21">21941.1644</dst>
      <dst id="15">330.4533</dst>
    </src>
    <src id="22">
      <dst id="12">4083.6533</dst>
      <dst id="13">2237.9200</dst>
      <dst id="19">20.6578</dst>
      <dst id="8">1033.9467</dst>
      <dst id="18">168.6400</dst>
      <dst id="4">10488.7111</dst>
      <dst id="1">157.8667</dst>
      <dst id="5">2716.3467</dst>
      <dst id="3">2.8356</dst>
      <dst id="10">1053.3333</dst>
      <dst id="7">738.6667</dst>
      <dst id="2">2738.3111</dst>
      <dst id="6">13.1556</dst>
      <dst id="14">61.7333</dst>
      <dst id="11">39.7156</dst>
      <dst id="9">1043.3956</dst>
      <dst id="17">4124.9422</dst>
      <dst id="21">364.1156</dst>
    </src>
    <src id="7">
      <dst id="12">3150.4711</dst>
      <dst id="13">60.6933</dst>
      <dst id="19">278.6400</dst>
      <dst id="23">6.1867</dst>
      <dst id="8">341.5289</dst>
      <dst id="18">204.7822</dst>
      <dst id="4">15410.1244</dst>
      <dst id="1">2058.2933</dst>
      <dst id="5">872.7556</dst>
      <dst id="3">201.4222</dst>
      <dst id="10">330.8444</dst>
      <dst id="22">1714.1333</dst>
      <dst id="7">826.9867</dst>
      <dst id="2">2783.3244</dst>
      <dst id="6">0.7378</dst>
      <dst id="16">611.8400</dst>
      <dst id="14">505.8133</dst>
      <dst id="20">22.7822</dst>
      <dst id="11">32.6489</dst>
      <dst id="9">1106.0978</dst>
      <dst id="17">8375.4489</dst>
      <dst id="21">1390.1867</dst>
      <dst id="15">173.8133</dst>
    </src>
    <src id="2">
      <dst id="12">58380.5156</dst>
      <dst id="13">2072.7733</dst>
      <dst id="19">262.5156</dst>
      <dst id="23">0.9244</dst>
      <dst id="8">532.0533</dst>
      <dst id="18">51515.4578</dst>
      <dst id="4">47382.8089</dst>
      <dst id="1">1483.8667</dst>
      <dst id="5">348.6133</dst>
      <dst id="3">15.4844</dst>
      <dst id="10">1520.1867</dst>
      <dst id="22">478.2667</dst>
      <dst id="7">3257.2889</dst>
      <dst id="2">156.7911</dst>
      <dst id="6">4725.6000</dst>
      <dst id="16">32.4178</dst>
      <dst id="14">99.5111</dst>
      <dst id="20">306.3733</dst>
      <dst id="11">202.2667</dst>
      <dst id="9">462.9156</dst>
      <dst id="17">27317.0844</dst>
      <dst id="21">1156.2578</dst>
      <dst id="15">9.0756</dst>
    </src>
    <src id="6">
      <dst id="12">2416.9511</dst>
      <dst id="13">3.2533</dst>
      <dst id="19">0.8889</dst>
      <dst id="4">53.3956</dst>
      <dst id="1">61.5467</dst>
      <dst id="5">0.3556</dst>
      <dst id="10">13.0311</dst>
      <dst id="22">0.4622</dst>
      <dst id="2">2472.0178</dst>
      <dst id="16">0.4267</dst>
      <dst id="9">0.6756</dst>
      <dst id="17">10540.2400</dst>
      <dst id="21">14.7467</dst>
    </src>
    <src id="16">
      <dst id="12">4352.7733</dst>
      <dst id="13">6809.5644</dst>
      <dst id="19">4577.6356</dst>
      <dst id="23">936.5422</dst>
      <dst id="8">695.2978</dst>
      <dst id="18">3.1111</dst>
      <dst id="4">2648.7556</dst>
      <dst id="1">20956.9244</dst>
      <dst id="5">2330.1333</dst>
      <dst id="3">0.4089</dst>
      <dst id="10">209.9289</dst>
      <dst id="7">53.7333</dst>
      <dst id="2">393.8044</dst>
      <dst id="6">13.8489</dst>
      <dst id="16">32.9422</dst>
      <dst id="11">68.3822</dst>
      <dst id="9">483.1644</dst>
      <dst id="17">2769.4756</dst>
      <dst id="21">347.3422</dst>
    </src>
    <src id="14">
      <dst id="12">1690.8000</dst>
      <dst id="13">80.9689</dst>
      <dst id="8">0.9244</dst>
      <dst id="18">1.3333</dst>
      <dst id="4">830.4000</dst>
      <dst id="1">246.1244</dst>
      <dst id="5">24.9956</dst>
      <dst id="3">568.1067</dst>
      <dst id="10">53.5467</dst>
      <dst id="22">0.6578</dst>
      <dst id="7">36.3200</dst>
      <dst id="2">2721.7156</dst>
      <dst id="16">1.8222</dst>
      <dst id="20">1.7067</dst>
      <dst id="11">0.5867</dst>
      <dst id="9">19.7067</dst>
      <dst id="17">23948.1422</dst>
      <dst id="21">91.6356</dst>
    </src>
    <src id="20">
      <dst id="12">6398.3644</dst>
      <dst id="13">564.1867</dst>
      <dst id="19">13.3333</dst>
      <dst id="8">412.8711</dst>
      <dst id="4">7606.2044</dst>
      <dst id="1">38.4889</dst>
      <dst id="5">310.7378</dst>
      <dst id="3">0.4622</dst>
      <dst id="10">34.0267</dst>
      <dst id="22">13.9733</dst>
      <dst id="7">593.4044</dst>
      <dst id="2">2283.2356</dst>
      <dst id="6">0.9244</dst>
      <dst id="14">2.1422</dst>
      <dst id="11">71.3778</dst>
      <dst id="9">611.2178</dst>
      <dst id="17">26074.0000</dst>
      <dst id="21">4.7200</dst>
    </src>
    <src id="11">
      <dst id="12">31244.7644</dst>
      <dst id="13">411.7867</dst>
      <dst id="19">646.5600</dst>
      <dst id="23">0.4622</dst>
      <dst id="8">733.0667</dst>
      <dst id="18">110.2756</dst>
      <dst id="4">5386.6933</dst>
      <dst id="1">951.8044</dst>
      <dst id="5">1027.8222</dst>
      <dst id="3">30.4800</dst>
      <dst id="10">3477.6800</dst>
      <dst id="22">450.8711</dst>
      <dst id="7">608.9778</dst>
      <dst id="2">91551.4756</dst>
      <dst id="6">0.3556</dst>
      <dst id="16">301.5022</dst>
      <dst id="14">78.7022</dst>
      <dst id="20">65.7422</dst>
      <dst id="11">3066.6667</dst>
      <dst id="9">610.7911</dst>
      <dst id="17">703770.4356</dst>
      <dst id="21">817.0133</dst>
      <dst id="15">269.2089</dst>
    </src>
    <src id="9">
      <dst id="12">20660.8444</dst>
      <dst id="13">18906.2667</dst>
      <dst id="19">22.5511</dst>
      <dst id="23">0.7644</dst>
      <dst id="8">78149.7600</dst>
      <dst id="18">109.6089</dst>
      <dst id="4">6349.9022</dst>
      <dst id="1">10439.4578</dst>
      <dst id="5">901.4489</dst>
      <dst id="10">2225.8844</dst>
      <dst id="22">1554.0889</dst>
      <dst id="7">862.0978</dst>
      <dst id="2">616.1600</dst>
      <dst id="16">540.3289</dst>
      <dst id="14">88.0622</dst>
      <dst id="20">196.2133</dst>
      <dst id="11">27.0933</dst>
      <dst id="9">356467.5200</dst>
      <dst id="17">440829.1111</dst>
      <dst id="21">257.6978</dst>
      <dst id="15">518.5689</dst>
    </src>
    <src id="17">
      <dst id="12">105176.4978</dst>
      <dst id="13">2192.2844</dst>
      <dst id="19">6871.5467</dst>
      <dst id="23">1.7689</dst>
      <dst id="8">56.0889</dst>
      <dst id="18">239.0667</dst>
      <dst id="4">19115.2089</dst>
      <dst id="1">12816.5956</dst>
      <dst id="5">121166.3733</dst>
      <dst id="3">1700.8356</dst>
      <dst id="10">2642.6222</dst>
      <dst id="22">3010.7378</dst>
      <dst id="7">5461.8489</dst>
      <dst id="2">5979.1111</dst>
      <dst id="6">37.2267</dst>
      <dst id="16">1803.1467</dst>
      <dst id="14">7980.1333</dst>
      <dst id="20">709.0933</dst>
      <dst id="11">14561.8844</dst>
      <dst id="9">1138.3200</dst>
      <dst id="17">16969.8133</dst>
      <dst id="21">10634.4000</dst>
      <dst id="15">76.5244</dst>
    </src>
    <src id="21">
      <dst id="12">10624.1422</dst>
      <dst id="13">182.6933</dst>
      <dst id="19">67.0933</dst>
      <dst id="23">697.3867</dst>
      <dst id="8">195.9822</dst>
      <dst id="18">379.7067</dst>
      <dst id="4">6575.2533</dst>
      <dst id="1">843.2622</dst>
      <dst id="5">248.3822</dst>
      <dst id="3">1083.5022</dst>
      <dst id="10">277.3067</dst>
      <dst id="22">919.4933</dst>
      <dst id="7">1112.5333</dst>
      <dst id="2">4465.2622</dst>
      <dst id="6">93.3333</dst>
      <dst id="16">177.4222</dst>
      <dst id="14">56.2044</dst>
      <dst id="20">242.3911</dst>
      <dst id="11">76.8622</dst>
      <dst id="9">507.1556</dst>
      <dst id="17">23441.8578</dst>
      <dst id="21">3128.8444</dst>
      <dst id="15">8.1067</dst>
    </src>
    <src id="15">
      <dst id="12">454.3822</dst>
      <dst id="13">106.7644</dst>
      <dst id="19">6647.6889</dst>
      <dst id="8">31.0756</dst>
      <dst id="18">11.2267</dst>
      <dst id="4">385.8311</dst>
      <dst id="1">4.6222</dst>
      <dst id="5">318.5778</dst>
      <dst id="10">117.4311</dst>
      <dst id="7">41.1378</dst>
      <dst id="2">98.1511</dst>
      <dst id="14">0.7733</dst>
      <dst id="11">13.2267</dst>
      <dst id="9">822.0000</dst>
      <dst id="17">1235.7067</dst>
      <dst id="21">31.5911</dst>
    </src>
  </IntraTM>
</TrafficMatrixFile>
