<?xml version="1.0" encoding="UTF-8" standalone="yes"?>
<TrafficMatrixFile xmlns:xsi="http://www.w3.org/2001/XMLSchema-instance" xsi:noNamespaceSchemaLocation="http://totem.run.montefiore.ulg.ac.be/Schema/TrafficMatrix-v1_2.xsd">
  <info>
    <title>Intradomain traffic matrix generated by geant-TM-all.pl</title>
    <date>2005-01-07T03:00:00</date>
    <duration>900</duration>
    <author>Steve Uhlig</author>
    <units>
        <unit type="bandwidth" value="kbps"/>
    </units>
  </info>
  <IntraTM ASID="20965">
    <src id="12">
      <dst id="12">320562.3289</dst>
      <dst id="13">25958.0089</dst>
      <dst id="19">1697.0756</dst>
      <dst id="23">8189.8844</dst>
      <dst id="8">6340.2756</dst>
      <dst id="18">8000.0267</dst>
      <dst id="4">143366.8533</dst>
      <dst id="1">13157.4044</dst>
      <dst id="5">13518.9422</dst>
      <dst id="3">3465.0044</dst>
      <dst id="22">16555.5378</dst>
      <dst id="7">3686.6667</dst>
      <dst id="2">85864.0889</dst>
      <dst id="6">2.2667</dst>
      <dst id="16">5338.5244</dst>
      <dst id="14">1042.2044</dst>
      <dst id="20">12395.6178</dst>
      <dst id="11">7985.8578</dst>
      <dst id="9">10531.7333</dst>
      <dst id="17">99696.5778</dst>
      <dst id="21">23990.9867</dst>
      <dst id="15">6283.8400</dst>
    </src>
    <src id="13">
      <dst id="12">70505.9467</dst>
      <dst id="19">9554.8711</dst>
      <dst id="23">287.1822</dst>
      <dst id="8">11992.3111</dst>
      <dst id="18">14063.9111</dst>
      <dst id="1">13189.9911</dst>
      <dst id="5">41258.1600</dst>
      <dst id="3">22279.3244</dst>
      <dst id="22">23108.3289</dst>
      <dst id="7">22088.7911</dst>
      <dst id="2">146930.9511</dst>
      <dst id="6">481.0933</dst>
      <dst id="16">10893.6000</dst>
      <dst id="14">3541.6800</dst>
      <dst id="20">11375.6711</dst>
      <dst id="11">11007.3422</dst>
      <dst id="9">34172.6400</dst>
      <dst id="17">105244.6933</dst>
      <dst id="21">35328.2489</dst>
      <dst id="15">10339.6711</dst>
    </src>
    <src id="19">
      <dst id="12">24634.2489</dst>
      <dst id="13">2840.4267</dst>
      <dst id="23">41.2800</dst>
      <dst id="8">1857.7689</dst>
      <dst id="18">203.3778</dst>
      <dst id="4">15678.0533</dst>
      <dst id="1">821.1822</dst>
      <dst id="5">69.9556</dst>
      <dst id="3">90.9511</dst>
      <dst id="22">1447.9200</dst>
      <dst id="7">8553.0578</dst>
      <dst id="2">24163.1111</dst>
      <dst id="6">2.9689</dst>
      <dst id="16">3057.7867</dst>
      <dst id="14">10.0800</dst>
      <dst id="20">103.0044</dst>
      <dst id="11">115.5200</dst>
      <dst id="9">200.5422</dst>
      <dst id="17">5369.0667</dst>
      <dst id="21">2177.4578</dst>
      <dst id="15">50.2578</dst>
    </src>
    <src id="23">
      <dst id="12">7986.3556</dst>
      <dst id="13">43.8311</dst>
      <dst id="19">82.3022</dst>
      <dst id="18">520.4622</dst>
      <dst id="4">1.7067</dst>
      <dst id="1">198.2222</dst>
      <dst id="5">120.0000</dst>
      <dst id="3">317.7956</dst>
      <dst id="22">212.2400</dst>
      <dst id="7">209.3511</dst>
      <dst id="2">176.8089</dst>
      <dst id="6">0.3378</dst>
      <dst id="16">338.7200</dst>
      <dst id="14">25.2444</dst>
      <dst id="20">1502.4000</dst>
      <dst id="11">162.8800</dst>
      <dst id="9">664.4978</dst>
      <dst id="17">1261.7333</dst>
      <dst id="21">1411.0222</dst>
    </src>
    <src id="8">
      <dst id="12">352411.2267</dst>
      <dst id="13">674.5156</dst>
      <dst id="19">76.4178</dst>
      <dst id="23">0.8444</dst>
      <dst id="18">256.5600</dst>
      <dst id="4">9941.4400</dst>
      <dst id="1">672.0000</dst>
      <dst id="5">3597.5200</dst>
      <dst id="3">56.1067</dst>
      <dst id="22">2132.7911</dst>
      <dst id="7">5247.5111</dst>
      <dst id="2">1588.0089</dst>
      <dst id="16">824.7644</dst>
      <dst id="14">0.6400</dst>
      <dst id="20">911.6444</dst>
      <dst id="11">1091.1556</dst>
      <dst id="9">176132.3822</dst>
      <dst id="17">171753.3956</dst>
      <dst id="21">1270.0711</dst>
      <dst id="15">467.6444</dst>
    </src>
    <src id="18">
      <dst id="12">145602.1067</dst>
      <dst id="13">2214.7378</dst>
      <dst id="19">185.0844</dst>
      <dst id="23">5.8578</dst>
      <dst id="8">186.4711</dst>
      <dst id="4">3521.0667</dst>
      <dst id="1">792.9067</dst>
      <dst id="5">452.6133</dst>
      <dst id="3">445.6178</dst>
      <dst id="22">895.2444</dst>
      <dst id="7">707.9467</dst>
      <dst id="2">53649.7067</dst>
      <dst id="16">99.2889</dst>
      <dst id="20">138.4978</dst>
      <dst id="11">145.8311</dst>
      <dst id="9">125.0667</dst>
      <dst id="17">63236.7111</dst>
      <dst id="21">2113.2800</dst>
      <dst id="15">6.0444</dst>
    </src>
    <src id="4">
      <dst id="12">26547.8756</dst>
      <dst id="19">11207.0044</dst>
      <dst id="8">2716.9244</dst>
      <dst id="18">2035.5200</dst>
      <dst id="1">42225.7867</dst>
      <dst id="5">4084.7911</dst>
      <dst id="3">2754.7289</dst>
      <dst id="22">6902.0267</dst>
      <dst id="7">13151.5022</dst>
      <dst id="2">104282.2578</dst>
      <dst id="6">1.9111</dst>
      <dst id="16">2687.8133</dst>
      <dst id="14">12337.0311</dst>
      <dst id="20">5255.1556</dst>
      <dst id="11">5165.6267</dst>
      <dst id="9">6260.7733</dst>
      <dst id="17">29007.8667</dst>
      <dst id="21">12752.9689</dst>
      <dst id="15">626.3644</dst>
    </src>
    <src id="1">
      <dst id="12">29725.0844</dst>
      <dst id="13">14625.8667</dst>
      <dst id="19">205.2711</dst>
      <dst id="23">965.4489</dst>
      <dst id="8">195567.6978</dst>
      <dst id="18">18686.0444</dst>
      <dst id="4">24701.3422</dst>
      <dst id="1">47541.6533</dst>
      <dst id="5">293767.4933</dst>
      <dst id="3">1963.3778</dst>
      <dst id="22">7604.4444</dst>
      <dst id="7">143275.2889</dst>
      <dst id="2">28285.6800</dst>
      <dst id="6">12428.7289</dst>
      <dst id="16">7153.2622</dst>
      <dst id="14">130.6756</dst>
      <dst id="20">25751.3778</dst>
      <dst id="11">4220.6222</dst>
      <dst id="9">309658.0178</dst>
      <dst id="17">15521.4578</dst>
      <dst id="21">29855.3511</dst>
      <dst id="15">5806.4533</dst>
    </src>
    <src id="5">
      <dst id="12">345483.4844</dst>
      <dst id="13">10484.6667</dst>
      <dst id="19">75.9644</dst>
      <dst id="23">15.9022</dst>
      <dst id="8">11254.1778</dst>
      <dst id="18">673.8844</dst>
      <dst id="4">17927.8311</dst>
      <dst id="1">1374.3022</dst>
      <dst id="3">86.1333</dst>
      <dst id="22">7108.0889</dst>
      <dst id="7">457.4311</dst>
      <dst id="2">3641.8400</dst>
      <dst id="6">72.8267</dst>
      <dst id="16">2273.5200</dst>
      <dst id="14">1.7422</dst>
      <dst id="20">3734.0267</dst>
      <dst id="11">868.1956</dst>
      <dst id="9">156988.3289</dst>
      <dst id="17">136696.3289</dst>
      <dst id="21">898.2133</dst>
      <dst id="15">283.3333</dst>
    </src>
    <src id="3">
      <dst id="12">19772.6844</dst>
      <dst id="13">12649.8578</dst>
      <dst id="19">3603.7956</dst>
      <dst id="23">104.2133</dst>
      <dst id="8">600.7556</dst>
      <dst id="18">191858.7289</dst>
      <dst id="4">57065.0222</dst>
      <dst id="1">6551.9911</dst>
      <dst id="5">563.1022</dst>
      <dst id="3">20343.3689</dst>
      <dst id="22">986.8356</dst>
      <dst id="7">7477.0400</dst>
      <dst id="2">5541.9289</dst>
      <dst id="6">2.6667</dst>
      <dst id="16">2454.9600</dst>
      <dst id="14">47703.3689</dst>
      <dst id="20">60.5600</dst>
      <dst id="11">251627.4844</dst>
      <dst id="9">1076.7911</dst>
      <dst id="17">36120.1067</dst>
      <dst id="21">17854.2756</dst>
      <dst id="15">2500.6756</dst>
    </src>
    <src id="10">
      <dst id="12">15204.9067</dst>
      <dst id="19">7673.4756</dst>
      <dst id="8">1244.9956</dst>
      <dst id="18">2145.6889</dst>
      <dst id="4">0.3556</dst>
      <dst id="1">7215.0311</dst>
      <dst id="5">2362.0622</dst>
      <dst id="3">8098.4711</dst>
      <dst id="22">10868.2756</dst>
      <dst id="7">27175.1644</dst>
      <dst id="2">47544.3911</dst>
      <dst id="6">78.7200</dst>
      <dst id="16">1374.4089</dst>
      <dst id="14">630.9778</dst>
      <dst id="20">4326.3289</dst>
      <dst id="11">2580.8000</dst>
      <dst id="9">6365.8578</dst>
      <dst id="17">32226.6578</dst>
      <dst id="21">20146.9600</dst>
      <dst id="15">739.6000</dst>
    </src>
    <src id="22">
      <dst id="12">7851.0311</dst>
      <dst id="13">7718.0444</dst>
      <dst id="19">494.3733</dst>
      <dst id="23">127.2978</dst>
      <dst id="8">1346.8089</dst>
      <dst id="18">1856.8533</dst>
      <dst id="4">23884.2311</dst>
      <dst id="1">425.7956</dst>
      <dst id="5">6546.3200</dst>
      <dst id="3">3775.0844</dst>
      <dst id="7">2016.2933</dst>
      <dst id="2">3656.1956</dst>
      <dst id="6">5.2444</dst>
      <dst id="16">2.5422</dst>
      <dst id="14">337.9822</dst>
      <dst id="11">2094.6667</dst>
      <dst id="9">3214.3644</dst>
      <dst id="17">6466.0267</dst>
      <dst id="21">3679.2622</dst>
    </src>
    <src id="7">
      <dst id="12">9793.8489</dst>
      <dst id="13">497.6889</dst>
      <dst id="19">1669.1822</dst>
      <dst id="23">751.6711</dst>
      <dst id="8">409.1378</dst>
      <dst id="18">902.2489</dst>
      <dst id="4">63842.4889</dst>
      <dst id="1">9866.7378</dst>
      <dst id="5">2057.1911</dst>
      <dst id="3">2709.6444</dst>
      <dst id="22">5845.8578</dst>
      <dst id="7">610.8356</dst>
      <dst id="2">24491.0489</dst>
      <dst id="6">154.9333</dst>
      <dst id="16">3222.4178</dst>
      <dst id="14">200.8533</dst>
      <dst id="20">752.7378</dst>
      <dst id="11">2945.5378</dst>
      <dst id="9">1789.1911</dst>
      <dst id="17">19484.4711</dst>
      <dst id="21">17200.8711</dst>
      <dst id="15">436.2489</dst>
    </src>
    <src id="2">
      <dst id="12">138100.2844</dst>
      <dst id="13">11475.7067</dst>
      <dst id="19">2291.2800</dst>
      <dst id="23">6.5067</dst>
      <dst id="8">972.9600</dst>
      <dst id="18">149537.2444</dst>
      <dst id="4">142152.5067</dst>
      <dst id="1">30103.8222</dst>
      <dst id="5">3160.3644</dst>
      <dst id="3">741.0667</dst>
      <dst id="22">4646.5156</dst>
      <dst id="7">15429.5822</dst>
      <dst id="2">882.9511</dst>
      <dst id="6">10332.3733</dst>
      <dst id="16">7793.6622</dst>
      <dst id="14">302.6044</dst>
      <dst id="20">13234.7556</dst>
      <dst id="11">4501.8844</dst>
      <dst id="9">2064.9778</dst>
      <dst id="17">36782.9422</dst>
      <dst id="21">13460.2578</dst>
      <dst id="15">1612.8444</dst>
    </src>
    <src id="6">
      <dst id="12">11676.3822</dst>
      <dst id="13">43.0756</dst>
      <dst id="19">18.9333</dst>
      <dst id="18">61.5911</dst>
      <dst id="4">1509.0044</dst>
      <dst id="1">132.7644</dst>
      <dst id="5">3.2089</dst>
      <dst id="22">41.9289</dst>
      <dst id="7">120.3644</dst>
      <dst id="2">2757.7956</dst>
      <dst id="16">51.4578</dst>
      <dst id="11">11.5556</dst>
      <dst id="9">1.8222</dst>
      <dst id="17">1903.0578</dst>
      <dst id="21">75.1822</dst>
    </src>
    <src id="16">
      <dst id="12">3715.2889</dst>
      <dst id="13">1033.4756</dst>
      <dst id="19">2781.3600</dst>
      <dst id="23">41.6978</dst>
      <dst id="8">10282.7822</dst>
      <dst id="18">19.4311</dst>
      <dst id="4">6429.0844</dst>
      <dst id="1">12524.6578</dst>
      <dst id="5">8007.5289</dst>
      <dst id="3">192.6133</dst>
      <dst id="7">5389.5911</dst>
      <dst id="2">5361.1289</dst>
      <dst id="6">71.8844</dst>
      <dst id="16">54.7822</dst>
      <dst id="14">285.7600</dst>
      <dst id="11">669.7067</dst>
      <dst id="9">11671.7778</dst>
      <dst id="17">6230.9600</dst>
      <dst id="21">460.6044</dst>
    </src>
    <src id="14">
      <dst id="12">25724.1333</dst>
      <dst id="13">127.8578</dst>
      <dst id="19">3.7333</dst>
      <dst id="8">0.4622</dst>
      <dst id="18">5.9556</dst>
      <dst id="4">2932.1956</dst>
      <dst id="1">339.4933</dst>
      <dst id="5">1.5378</dst>
      <dst id="3">70.8089</dst>
      <dst id="22">81.1467</dst>
      <dst id="7">89.0667</dst>
      <dst id="2">6747.2533</dst>
      <dst id="16">12.4356</dst>
      <dst id="20">415.0756</dst>
      <dst id="11">43.8222</dst>
      <dst id="9">64.9067</dst>
      <dst id="17">11143.4578</dst>
      <dst id="21">129.6089</dst>
    </src>
    <src id="20">
      <dst id="12">8630.9778</dst>
      <dst id="13">8805.1556</dst>
      <dst id="19">938.7289</dst>
      <dst id="23">60.1956</dst>
      <dst id="8">10852.8622</dst>
      <dst id="18">418.6222</dst>
      <dst id="4">20562.9333</dst>
      <dst id="1">652.5867</dst>
      <dst id="5">11948.9511</dst>
      <dst id="3">369.6178</dst>
      <dst id="7">228.3733</dst>
      <dst id="2">2259.8578</dst>
      <dst id="6">1.9289</dst>
      <dst id="14">47.7067</dst>
      <dst id="11">3053.3244</dst>
      <dst id="9">8739.8756</dst>
      <dst id="17">7579.8667</dst>
      <dst id="21">7762.6311</dst>
    </src>
    <src id="11">
      <dst id="12">503823.4311</dst>
      <dst id="13">3571.5022</dst>
      <dst id="19">463.5644</dst>
      <dst id="23">233.0489</dst>
      <dst id="8">407.7867</dst>
      <dst id="18">895.6267</dst>
      <dst id="4">16341.4400</dst>
      <dst id="1">530.5244</dst>
      <dst id="5">2247.9289</dst>
      <dst id="3">1502.3644</dst>
      <dst id="22">2384.6667</dst>
      <dst id="7">1459.0400</dst>
      <dst id="2">117924.4533</dst>
      <dst id="6">0.3378</dst>
      <dst id="16">426.9689</dst>
      <dst id="14">60.7644</dst>
      <dst id="20">603.2089</dst>
      <dst id="11">2933.2000</dst>
      <dst id="9">3012.5511</dst>
      <dst id="17">179859.1378</dst>
      <dst id="21">795.2800</dst>
      <dst id="15">527.6444</dst>
    </src>
    <src id="9">
      <dst id="12">499638.4978</dst>
      <dst id="13">29383.5111</dst>
      <dst id="19">336.8356</dst>
      <dst id="23">100.9156</dst>
      <dst id="8">207291.6089</dst>
      <dst id="18">367.2089</dst>
      <dst id="4">17838.8800</dst>
      <dst id="1">1775.7067</dst>
      <dst id="5">5066.3378</dst>
      <dst id="3">27.7600</dst>
      <dst id="22">10854.5867</dst>
      <dst id="7">3004.5689</dst>
      <dst id="2">2360.3822</dst>
      <dst id="6">131.5556</dst>
      <dst id="16">1155.9022</dst>
      <dst id="14">16.3556</dst>
      <dst id="20">7678.1511</dst>
      <dst id="11">1140.6400</dst>
      <dst id="9">511889.9378</dst>
      <dst id="17">204342.2311</dst>
      <dst id="21">1314.6133</dst>
      <dst id="15">1894.4622</dst>
    </src>
    <src id="17">
      <dst id="12">23242.9244</dst>
      <dst id="13">5053.6978</dst>
      <dst id="19">1939.5111</dst>
      <dst id="23">1468.9689</dst>
      <dst id="8">596.3467</dst>
      <dst id="18">1228.4978</dst>
      <dst id="4">70545.0044</dst>
      <dst id="1">3733.8756</dst>
      <dst id="5">292762.7111</dst>
      <dst id="3">24155.4311</dst>
      <dst id="22">13961.2889</dst>
      <dst id="7">10917.9556</dst>
      <dst id="2">15869.7067</dst>
      <dst id="6">299.4756</dst>
      <dst id="16">8871.4133</dst>
      <dst id="14">42873.0222</dst>
      <dst id="20">39122.3467</dst>
      <dst id="11">189429.7067</dst>
      <dst id="9">7450.5867</dst>
      <dst id="17">2249.7156</dst>
      <dst id="21">17455.3689</dst>
      <dst id="15">1000.9867</dst>
    </src>
    <src id="21">
      <dst id="12">29802.4533</dst>
      <dst id="13">5709.5733</dst>
      <dst id="19">852.6222</dst>
      <dst id="23">243.7511</dst>
      <dst id="8">295.0578</dst>
      <dst id="18">1713.7600</dst>
      <dst id="4">33765.1378</dst>
      <dst id="1">6406.0622</dst>
      <dst id="5">1081.2089</dst>
      <dst id="3">23561.5822</dst>
      <dst id="22">2805.2711</dst>
      <dst id="7">4362.4889</dst>
      <dst id="2">15197.4400</dst>
      <dst id="6">6.8000</dst>
      <dst id="16">569.8044</dst>
      <dst id="14">75.7156</dst>
      <dst id="20">628.7556</dst>
      <dst id="11">556.6933</dst>
      <dst id="9">1349.7956</dst>
      <dst id="17">8016.9244</dst>
      <dst id="21">4154.4622</dst>
      <dst id="15">9124.6044</dst>
    </src>
    <src id="15">
      <dst id="12">3594.7467</dst>
      <dst id="13">1104.7200</dst>
      <dst id="19">32.7467</dst>
      <dst id="23">2.5956</dst>
      <dst id="8">39.7244</dst>
      <dst id="18">86.9422</dst>
      <dst id="4">4331.0222</dst>
      <dst id="1">1898.0267</dst>
      <dst id="5">3790.3200</dst>
      <dst id="3">789.0844</dst>
      <dst id="7">51.9556</dst>
      <dst id="2">260.4000</dst>
      <dst id="6">0.6756</dst>
      <dst id="11">261.9911</dst>
      <dst id="9">6986.6578</dst>
      <dst id="17">2327.7244</dst>
      <dst id="21">1258.7733</dst>
    </src>
  </IntraTM>
</TrafficMatrixFile>
