<?xml version="1.0" encoding="UTF-8" standalone="yes"?>
<TrafficMatrixFile xmlns:xsi="http://www.w3.org/2001/XMLSchema-instance" xsi:noNamespaceSchemaLocation="http://totem.run.montefiore.ulg.ac.be/Schema/TrafficMatrix-v1_2.xsd">
  <info>
    <title>Intradomain traffic matrix generated by geant-TM-all.pl</title>
    <date>2005-03-11T20:45:00</date>
    <duration>900</duration>
    <author>Steve Uhlig</author>
    <units>
        <unit type="bandwidth" value="kbps"/>
    </units>
  </info>
  <IntraTM ASID="20965">
    <src id="12">
      <dst id="12">289134.6400</dst>
      <dst id="13">38747.5111</dst>
      <dst id="19">3950.5244</dst>
      <dst id="23">10048.2489</dst>
      <dst id="8">950.0800</dst>
      <dst id="18">238148.2844</dst>
      <dst id="4">9726.6133</dst>
      <dst id="1">22358.1689</dst>
      <dst id="5">2837.8578</dst>
      <dst id="3">793.1111</dst>
      <dst id="10">20797.7244</dst>
      <dst id="22">8141.4400</dst>
      <dst id="7">4713.0933</dst>
      <dst id="2">43693.9467</dst>
      <dst id="16">875.7689</dst>
      <dst id="14">548.3644</dst>
      <dst id="20">1318.6400</dst>
      <dst id="11">267.6533</dst>
      <dst id="9">6792.6756</dst>
      <dst id="17">124810.2578</dst>
      <dst id="21">7752.8356</dst>
      <dst id="15">7425.9022</dst>
    </src>
    <src id="13">
      <dst id="12">62476.8356</dst>
      <dst id="13">2.3911</dst>
      <dst id="19">11677.6800</dst>
      <dst id="23">3761.5911</dst>
      <dst id="8">6408.6133</dst>
      <dst id="18">7466.3200</dst>
      <dst id="1">9352.9156</dst>
      <dst id="5">6383.4489</dst>
      <dst id="3">11069.7867</dst>
      <dst id="22">17231.4222</dst>
      <dst id="7">16574.0889</dst>
      <dst id="2">73543.2000</dst>
      <dst id="16">64.3289</dst>
      <dst id="14">6064.2400</dst>
      <dst id="20">7849.0667</dst>
      <dst id="11">1162.2400</dst>
      <dst id="9">9431.0933</dst>
      <dst id="17">133792.0000</dst>
      <dst id="21">32218.5689</dst>
      <dst id="15">12247.3778</dst>
    </src>
    <src id="19">
      <dst id="12">10969.5822</dst>
      <dst id="13">5868.3200</dst>
      <dst id="23">85.0489</dst>
      <dst id="8">83.6356</dst>
      <dst id="18">70.0000</dst>
      <dst id="4">17141.9200</dst>
      <dst id="1">1062.9067</dst>
      <dst id="5">147.1289</dst>
      <dst id="3">108.8533</dst>
      <dst id="10">990.3378</dst>
      <dst id="22">183.3244</dst>
      <dst id="7">4219.8489</dst>
      <dst id="2">1104.3111</dst>
      <dst id="16">0.4622</dst>
      <dst id="14">27.7600</dst>
      <dst id="20">54.4267</dst>
      <dst id="11">21.1200</dst>
      <dst id="9">111.9200</dst>
      <dst id="17">4807.8489</dst>
      <dst id="21">566.8267</dst>
      <dst id="15">8.8622</dst>
    </src>
    <src id="23">
      <dst id="12">7487.8578</dst>
      <dst id="13">140.2222</dst>
      <dst id="19">3.0933</dst>
      <dst id="18">27.4400</dst>
      <dst id="4">2432.5156</dst>
      <dst id="1">110.2400</dst>
      <dst id="5">188.1778</dst>
      <dst id="3">507.1289</dst>
      <dst id="10">632.8533</dst>
      <dst id="22">643.0756</dst>
      <dst id="7">937.6533</dst>
      <dst id="2">972.5689</dst>
      <dst id="16">670.2311</dst>
      <dst id="14">694.7911</dst>
      <dst id="20">68.1956</dst>
      <dst id="11">12.9600</dst>
      <dst id="9">1163.4844</dst>
      <dst id="17">51978.0178</dst>
      <dst id="21">1017.9200</dst>
      <dst id="15">1.2622</dst>
    </src>
    <src id="8">
      <dst id="12">16298.0267</dst>
      <dst id="13">1523.8489</dst>
      <dst id="19">20.1867</dst>
      <dst id="23">0.9422</dst>
      <dst id="18">170.3467</dst>
      <dst id="4">333.2267</dst>
      <dst id="1">3253.7333</dst>
      <dst id="5">2406.7467</dst>
      <dst id="3">17.4933</dst>
      <dst id="10">1581.1733</dst>
      <dst id="7">70.8267</dst>
      <dst id="2">319.7956</dst>
      <dst id="16">135195.8400</dst>
      <dst id="11">56.1778</dst>
      <dst id="9">160710.5867</dst>
      <dst id="17">288673.7867</dst>
      <dst id="21">12.1956</dst>
      <dst id="15">45.0489</dst>
    </src>
    <src id="18">
      <dst id="12">124899.0933</dst>
      <dst id="13">499.9822</dst>
      <dst id="19">28.9067</dst>
      <dst id="23">1.7067</dst>
      <dst id="8">206.8267</dst>
      <dst id="4">612.3022</dst>
      <dst id="1">12257.5111</dst>
      <dst id="5">148.1244</dst>
      <dst id="3">553.1556</dst>
      <dst id="10">474.1511</dst>
      <dst id="22">438.4711</dst>
      <dst id="7">289.3422</dst>
      <dst id="2">30881.2444</dst>
      <dst id="16">2543.2622</dst>
      <dst id="14">0.3556</dst>
      <dst id="20">117.8578</dst>
      <dst id="11">0.4800</dst>
      <dst id="9">553.5556</dst>
      <dst id="17">50651.8400</dst>
      <dst id="21">2580.8356</dst>
      <dst id="15">126.3111</dst>
    </src>
    <src id="4">
      <dst id="12">12745.1911</dst>
      <dst id="19">3676.1422</dst>
      <dst id="23">685.8044</dst>
      <dst id="8">2887.3511</dst>
      <dst id="18">443.5556</dst>
      <dst id="4">2048.5511</dst>
      <dst id="1">38822.1422</dst>
      <dst id="5">1883.7867</dst>
      <dst id="3">2742.5956</dst>
      <dst id="7">18973.4222</dst>
      <dst id="2">38859.8133</dst>
      <dst id="16">2237.7600</dst>
      <dst id="14">7185.0489</dst>
      <dst id="11">188.2756</dst>
      <dst id="9">8650.1778</dst>
      <dst id="17">61653.8311</dst>
      <dst id="21">8768.2667</dst>
      <dst id="15">1146.4889</dst>
    </src>
    <src id="1">
      <dst id="12">598383.2267</dst>
      <dst id="13">9929.2267</dst>
      <dst id="19">735.9111</dst>
      <dst id="23">128.2400</dst>
      <dst id="8">251.3689</dst>
      <dst id="18">12957.8933</dst>
      <dst id="4">15451.2533</dst>
      <dst id="1">405138.9511</dst>
      <dst id="5">1216.3200</dst>
      <dst id="3">1645.9200</dst>
      <dst id="10">1800.4089</dst>
      <dst id="7">29941.5911</dst>
      <dst id="2">133863.5644</dst>
      <dst id="16">13213.9644</dst>
      <dst id="14">253.8133</dst>
      <dst id="20">3494.1600</dst>
      <dst id="11">532.3733</dst>
      <dst id="9">8493.8489</dst>
      <dst id="17">261688.4089</dst>
      <dst id="21">364377.9733</dst>
      <dst id="15">15049.6533</dst>
    </src>
    <src id="5">
      <dst id="12">17743.4133</dst>
      <dst id="13">1627.2800</dst>
      <dst id="19">103.4044</dst>
      <dst id="23">1.1733</dst>
      <dst id="8">5855.5733</dst>
      <dst id="18">502.0978</dst>
      <dst id="4">862.6667</dst>
      <dst id="1">34953.0667</dst>
      <dst id="3">105.4044</dst>
      <dst id="10">1229.1911</dst>
      <dst id="7">125.7689</dst>
      <dst id="2">4187.7867</dst>
      <dst id="16">131198.8000</dst>
      <dst id="14">7.4133</dst>
      <dst id="11">56.5067</dst>
      <dst id="9">61374.6933</dst>
      <dst id="17">245373.0400</dst>
      <dst id="21">27.6089</dst>
      <dst id="15">1307.5644</dst>
    </src>
    <src id="3">
      <dst id="12">11534.6222</dst>
      <dst id="13">1301.3511</dst>
      <dst id="19">1862.5067</dst>
      <dst id="23">88.2311</dst>
      <dst id="8">531.4133</dst>
      <dst id="18">811.3867</dst>
      <dst id="4">41269.5111</dst>
      <dst id="1">13309.1556</dst>
      <dst id="5">768.7111</dst>
      <dst id="3">249.2533</dst>
      <dst id="10">3520.1333</dst>
      <dst id="7">37228.7733</dst>
      <dst id="2">6618.7733</dst>
      <dst id="16">1961.3067</dst>
      <dst id="14">708.8000</dst>
      <dst id="20">1026.5778</dst>
      <dst id="11">130.0444</dst>
      <dst id="9">2176.7822</dst>
      <dst id="17">28812.4800</dst>
      <dst id="21">3126.8711</dst>
      <dst id="15">47.0489</dst>
    </src>
    <src id="10">
      <dst id="12">24361.3600</dst>
      <dst id="19">2418.0889</dst>
      <dst id="23">811.6267</dst>
      <dst id="8">2110.8356</dst>
      <dst id="18">7707.7067</dst>
      <dst id="1">1841.8044</dst>
      <dst id="5">646.4622</dst>
      <dst id="3">4097.4578</dst>
      <dst id="7">14589.1022</dst>
      <dst id="2">26703.2356</dst>
      <dst id="16">3069.5644</dst>
      <dst id="14">4699.5022</dst>
      <dst id="20">921.9289</dst>
      <dst id="11">145.9556</dst>
      <dst id="9">12350.1422</dst>
      <dst id="17">59929.2267</dst>
      <dst id="21">19109.8578</dst>
      <dst id="15">4071.4311</dst>
    </src>
    <src id="22">
      <dst id="12">9220.1778</dst>
      <dst id="13">1962.4711</dst>
      <dst id="19">2425.0578</dst>
      <dst id="23">180.8622</dst>
      <dst id="8">1681.4044</dst>
      <dst id="18">230.2844</dst>
      <dst id="4">6047.9289</dst>
      <dst id="1">1974.8800</dst>
      <dst id="5">1446.7911</dst>
      <dst id="3">32.1067</dst>
      <dst id="10">1270.2311</dst>
      <dst id="7">719.2267</dst>
      <dst id="2">3850.6933</dst>
      <dst id="14">32.6222</dst>
      <dst id="11">112.6222</dst>
      <dst id="9">1243.9822</dst>
      <dst id="17">20845.3956</dst>
      <dst id="21">683.8311</dst>
    </src>
    <src id="7">
      <dst id="12">18023.8489</dst>
      <dst id="13">21706.8978</dst>
      <dst id="19">1244.5956</dst>
      <dst id="23">329.4489</dst>
      <dst id="8">705.8933</dst>
      <dst id="18">959.5822</dst>
      <dst id="4">31436.8622</dst>
      <dst id="1">27353.6800</dst>
      <dst id="5">1581.4933</dst>
      <dst id="3">2293.6444</dst>
      <dst id="10">1958.2844</dst>
      <dst id="22">4843.1644</dst>
      <dst id="7">584.9067</dst>
      <dst id="2">35081.6889</dst>
      <dst id="14">540.2222</dst>
      <dst id="20">1765.5467</dst>
      <dst id="11">308.3111</dst>
      <dst id="9">1123.3422</dst>
      <dst id="17">12629.3333</dst>
      <dst id="21">19516.6756</dst>
      <dst id="15">136.6044</dst>
    </src>
    <src id="2">
      <dst id="12">114869.1467</dst>
      <dst id="13">22016.1244</dst>
      <dst id="19">6359.8933</dst>
      <dst id="8">391.2978</dst>
      <dst id="18">121478.6400</dst>
      <dst id="4">24172.4000</dst>
      <dst id="1">25328.4444</dst>
      <dst id="5">1709.7689</dst>
      <dst id="3">2059.0133</dst>
      <dst id="10">15881.7867</dst>
      <dst id="22">1619.7244</dst>
      <dst id="7">22924.0178</dst>
      <dst id="2">2236.6667</dst>
      <dst id="16">0.4622</dst>
      <dst id="14">5285.5022</dst>
      <dst id="20">1770.4800</dst>
      <dst id="11">271.9467</dst>
      <dst id="9">1488.0711</dst>
      <dst id="17">76096.3378</dst>
      <dst id="21">107183.8400</dst>
      <dst id="15">163.5200</dst>
    </src>
    <src id="6">
      <dst id="12">1461.5289</dst>
      <dst id="13">30.7644</dst>
      <dst id="19">86.6844</dst>
      <dst id="23">11.4667</dst>
      <dst id="8">13.2622</dst>
      <dst id="18">24.9511</dst>
      <dst id="4">12.4089</dst>
      <dst id="1">3035.1378</dst>
      <dst id="5">39.9467</dst>
      <dst id="3">47.8844</dst>
      <dst id="10">854.7733</dst>
      <dst id="22">67.1911</dst>
      <dst id="7">771.4933</dst>
      <dst id="2">1568.4356</dst>
      <dst id="16">57.3778</dst>
      <dst id="14">12.6222</dst>
      <dst id="20">1.3333</dst>
      <dst id="11">0.3378</dst>
      <dst id="9">62.2933</dst>
      <dst id="17">19425.6800</dst>
      <dst id="21">141.5911</dst>
      <dst id="15">3.8933</dst>
    </src>
    <src id="16">
      <dst id="12">264593.1467</dst>
      <dst id="13">1297.8044</dst>
      <dst id="19">4645.0133</dst>
      <dst id="23">611.4044</dst>
      <dst id="8">201541.6267</dst>
      <dst id="18">481.5644</dst>
      <dst id="4">743.6178</dst>
      <dst id="1">14547.8311</dst>
      <dst id="5">302495.3511</dst>
      <dst id="3">17892.2044</dst>
      <dst id="10">1518.5422</dst>
      <dst id="7">1359.3689</dst>
      <dst id="2">1533.5289</dst>
      <dst id="16">2218.3911</dst>
      <dst id="14">81664.8711</dst>
      <dst id="11">46393.8311</dst>
      <dst id="9">356622.6933</dst>
      <dst id="17">36868.4978</dst>
    </src>
    <src id="14">
      <dst id="12">4657.3511</dst>
      <dst id="13">90.7111</dst>
      <dst id="19">230.0533</dst>
      <dst id="23">12.1244</dst>
      <dst id="8">1.5289</dst>
      <dst id="18">12.6222</dst>
      <dst id="4">358.2222</dst>
      <dst id="1">4992.7200</dst>
      <dst id="5">50.4889</dst>
      <dst id="3">144.1600</dst>
      <dst id="10">2345.7511</dst>
      <dst id="7">52.4267</dst>
      <dst id="2">1838.5422</dst>
      <dst id="16">1364.7111</dst>
      <dst id="20">0.4622</dst>
      <dst id="11">14.2578</dst>
      <dst id="9">333.1911</dst>
      <dst id="17">28683.2978</dst>
      <dst id="21">49.2711</dst>
      <dst id="15">0.5333</dst>
    </src>
    <src id="20">
      <dst id="12">3228.4178</dst>
      <dst id="13">3206.6044</dst>
      <dst id="19">8.8622</dst>
      <dst id="23">37.2089</dst>
      <dst id="8">304.8622</dst>
      <dst id="18">1564.5867</dst>
      <dst id="4">6094.3378</dst>
      <dst id="1">1884.0267</dst>
      <dst id="5">2634.1156</dst>
      <dst id="3">40.7911</dst>
      <dst id="10">455.1289</dst>
      <dst id="7">16537.1556</dst>
      <dst id="2">3425.9378</dst>
      <dst id="16">1.2622</dst>
      <dst id="14">0.9244</dst>
      <dst id="20">29.9822</dst>
      <dst id="11">26.6667</dst>
      <dst id="9">1194.4800</dst>
      <dst id="17">3953.0133</dst>
      <dst id="21">448.7289</dst>
    </src>
    <src id="11">
      <dst id="12">50070.2311</dst>
      <dst id="13">9810.6044</dst>
      <dst id="19">870.3822</dst>
      <dst id="23">31.0489</dst>
      <dst id="8">1512.7111</dst>
      <dst id="18">905.6444</dst>
      <dst id="4">2150.6933</dst>
      <dst id="1">51913.4844</dst>
      <dst id="5">2567.6978</dst>
      <dst id="3">983.1911</dst>
      <dst id="10">6673.6444</dst>
      <dst id="7">1041.6444</dst>
      <dst id="2">62107.5556</dst>
      <dst id="16">37658.8178</dst>
      <dst id="14">327.2711</dst>
      <dst id="20">4146.5156</dst>
      <dst id="11">7913.1111</dst>
      <dst id="9">9935.8222</dst>
      <dst id="17">692638.9511</dst>
      <dst id="21">732.8889</dst>
      <dst id="15">322.3467</dst>
    </src>
    <src id="9">
      <dst id="12">21565.2356</dst>
      <dst id="13">1722.9600</dst>
      <dst id="19">114.9244</dst>
      <dst id="23">12.8978</dst>
      <dst id="8">185208.4178</dst>
      <dst id="18">227.8578</dst>
      <dst id="4">4312.4533</dst>
      <dst id="1">9330.1422</dst>
      <dst id="5">3732.3911</dst>
      <dst id="3">105.5467</dst>
      <dst id="10">1108.7467</dst>
      <dst id="7">439.7956</dst>
      <dst id="2">3071.6622</dst>
      <dst id="16">154821.1822</dst>
      <dst id="14">670.6844</dst>
      <dst id="11">197.7689</dst>
      <dst id="9">384609.2800</dst>
      <dst id="17">390636.8622</dst>
      <dst id="21">2.0178</dst>
      <dst id="15">1787.7422</dst>
    </src>
    <src id="17">
      <dst id="12">256414.5511</dst>
      <dst id="13">7269.6622</dst>
      <dst id="19">2073.5467</dst>
      <dst id="23">538.1689</dst>
      <dst id="8">1603.2978</dst>
      <dst id="18">4939.4133</dst>
      <dst id="4">18993.6800</dst>
      <dst id="1">16286.4267</dst>
      <dst id="5">212812.1067</dst>
      <dst id="3">16060.0622</dst>
      <dst id="10">13090.5156</dst>
      <dst id="7">7422.4978</dst>
      <dst id="2">48389.8400</dst>
      <dst id="16">13914.6400</dst>
      <dst id="14">42820.5067</dst>
      <dst id="20">1966.3200</dst>
      <dst id="11">30890.4444</dst>
      <dst id="9">15888.3733</dst>
      <dst id="17">40983.8400</dst>
      <dst id="21">18073.3867</dst>
      <dst id="15">446.7111</dst>
    </src>
    <src id="21">
      <dst id="12">7339.5822</dst>
      <dst id="13">1735.2089</dst>
      <dst id="19">401.9467</dst>
      <dst id="23">95.0933</dst>
      <dst id="8">612.7822</dst>
      <dst id="18">1961.7689</dst>
      <dst id="4">9731.7156</dst>
      <dst id="1">11523.5111</dst>
      <dst id="5">2526.4622</dst>
      <dst id="3">6224.2400</dst>
      <dst id="10">2321.6267</dst>
      <dst id="7">5158.8356</dst>
      <dst id="2">110790.9689</dst>
      <dst id="16">1873.2267</dst>
      <dst id="14">143.2000</dst>
      <dst id="20">505.5911</dst>
      <dst id="11">563.9022</dst>
      <dst id="9">2676.3200</dst>
      <dst id="17">33013.1644</dst>
      <dst id="21">3416.6311</dst>
      <dst id="15">121.8044</dst>
    </src>
    <src id="15">
      <dst id="12">752.4444</dst>
      <dst id="13">2348.2311</dst>
      <dst id="19">18.2667</dst>
      <dst id="23">0.4622</dst>
      <dst id="8">97.7422</dst>
      <dst id="18">52.0444</dst>
      <dst id="4">366.9067</dst>
      <dst id="1">722.1244</dst>
      <dst id="5">68.8800</dst>
      <dst id="10">194.8533</dst>
      <dst id="7">30.0622</dst>
      <dst id="2">113.8133</dst>
      <dst id="16">5.2889</dst>
      <dst id="14">13.7600</dst>
      <dst id="11">2.1333</dst>
      <dst id="9">1086.7556</dst>
      <dst id="17">8715.0311</dst>
    </src>
  </IntraTM>
</TrafficMatrixFile>
