<?xml version="1.0" encoding="UTF-8" standalone="yes"?>
<TrafficMatrixFile xmlns:xsi="http://www.w3.org/2001/XMLSchema-instance" xsi:noNamespaceSchemaLocation="http://totem.run.montefiore.ulg.ac.be/Schema/TrafficMatrix-v1_2.xsd">
  <info>
    <title>Intradomain traffic matrix generated by geant-TM-all.pl</title>
    <date>2005-03-02T11:15:00</date>
    <duration>900</duration>
    <author>Steve Uhlig</author>
    <units>
        <unit type="bandwidth" value="kbps"/>
    </units>
  </info>
  <IntraTM ASID="20965">
    <src id="12">
      <dst id="12">189890.4000</dst>
      <dst id="13">10629.9378</dst>
      <dst id="19">10009.9911</dst>
      <dst id="23">837.5822</dst>
      <dst id="8">458.8089</dst>
      <dst id="18">59060.2222</dst>
      <dst id="4">14263.0489</dst>
      <dst id="1">10311.7511</dst>
      <dst id="5">477.1022</dst>
      <dst id="3">65.0044</dst>
      <dst id="10">1456.4533</dst>
      <dst id="22">13654.6756</dst>
      <dst id="7">1787.7600</dst>
      <dst id="2">17893.7511</dst>
      <dst id="6">13.1556</dst>
      <dst id="16">6021.5911</dst>
      <dst id="14">26394.5333</dst>
      <dst id="20">8451.6533</dst>
      <dst id="11">62.0000</dst>
      <dst id="9">13646.1778</dst>
      <dst id="17">59237.0133</dst>
      <dst id="21">827.7333</dst>
      <dst id="15">785.4044</dst>
    </src>
    <src id="13">
      <dst id="12">22454.5244</dst>
      <dst id="19">7607.7600</dst>
      <dst id="23">381.3778</dst>
      <dst id="8">2366.8000</dst>
      <dst id="18">2787.8667</dst>
      <dst id="1">3240.4089</dst>
      <dst id="5">1999.4133</dst>
      <dst id="3">446.6844</dst>
      <dst id="22">2536.4267</dst>
      <dst id="7">4689.3333</dst>
      <dst id="2">34516.9689</dst>
      <dst id="6">144.0000</dst>
      <dst id="16">5237.7333</dst>
      <dst id="14">1337.4400</dst>
      <dst id="20">4815.7511</dst>
      <dst id="11">42.3378</dst>
      <dst id="9">2541.2622</dst>
      <dst id="17">42962.7556</dst>
      <dst id="21">5678.8000</dst>
      <dst id="15">509.1289</dst>
    </src>
    <src id="19">
      <dst id="12">30416.8533</dst>
      <dst id="13">129.3778</dst>
      <dst id="23">65.4933</dst>
      <dst id="8">2.1511</dst>
      <dst id="18">0.5689</dst>
      <dst id="4">14610.9778</dst>
      <dst id="1">48.5511</dst>
      <dst id="5">1.0222</dst>
      <dst id="10">103.5022</dst>
      <dst id="22">32.4711</dst>
      <dst id="7">2309.3689</dst>
      <dst id="2">87.3244</dst>
      <dst id="6">3.2000</dst>
      <dst id="16">12205.7067</dst>
      <dst id="14">17.5467</dst>
      <dst id="20">1.3867</dst>
      <dst id="11">1.4311</dst>
      <dst id="9">1911.6000</dst>
      <dst id="17">2292.7556</dst>
      <dst id="21">58.9244</dst>
      <dst id="15">55.8933</dst>
    </src>
    <src id="23">
      <dst id="12">5319.9911</dst>
      <dst id="13">1296.0089</dst>
      <dst id="19">4027.0311</dst>
      <dst id="8">50.2400</dst>
      <dst id="4">578.1156</dst>
      <dst id="1">1.5822</dst>
      <dst id="5">39.5200</dst>
      <dst id="3">0.7911</dst>
      <dst id="10">100.7644</dst>
      <dst id="22">25.1111</dst>
      <dst id="7">53.1289</dst>
      <dst id="2">29.3067</dst>
      <dst id="16">148.7289</dst>
      <dst id="20">26.6667</dst>
      <dst id="9">100.8800</dst>
      <dst id="17">17236.5244</dst>
      <dst id="21">1553.5289</dst>
      <dst id="15">0.3378</dst>
    </src>
    <src id="8">
      <dst id="12">17191.6178</dst>
      <dst id="13">438.9956</dst>
      <dst id="19">2.8711</dst>
      <dst id="23">74.4000</dst>
      <dst id="18">2.6489</dst>
      <dst id="4">1084.6489</dst>
      <dst id="1">3847.9022</dst>
      <dst id="5">1160.1244</dst>
      <dst id="3">2.5067</dst>
      <dst id="10">234.5511</dst>
      <dst id="22">563.5644</dst>
      <dst id="7">4.5511</dst>
      <dst id="2">253.9822</dst>
      <dst id="16">84886.5156</dst>
      <dst id="20">6.5156</dst>
      <dst id="11">13.9200</dst>
      <dst id="9">157191.4667</dst>
      <dst id="17">243584.4000</dst>
      <dst id="21">25.9289</dst>
      <dst id="15">12.4889</dst>
    </src>
    <src id="18">
      <dst id="12">102552.3644</dst>
      <dst id="13">215.1289</dst>
      <dst id="19">0.4622</dst>
      <dst id="23">0.7111</dst>
      <dst id="8">83.4844</dst>
      <dst id="4">546.8978</dst>
      <dst id="1">1378.3378</dst>
      <dst id="5">306.3733</dst>
      <dst id="3">398.2311</dst>
      <dst id="10">53.4133</dst>
      <dst id="22">16.5511</dst>
      <dst id="7">77.5644</dst>
      <dst id="2">23639.1200</dst>
      <dst id="16">94.8444</dst>
      <dst id="14">2.0533</dst>
      <dst id="20">3.2711</dst>
      <dst id="9">4837.7244</dst>
      <dst id="17">24770.5511</dst>
      <dst id="21">262.2133</dst>
      <dst id="15">1.6356</dst>
    </src>
    <src id="4">
      <dst id="12">6679.6444</dst>
      <dst id="19">3361.4489</dst>
      <dst id="23">103.0578</dst>
      <dst id="8">2320.3822</dst>
      <dst id="18">555.7956</dst>
      <dst id="4">1.1022</dst>
      <dst id="1">119040.7022</dst>
      <dst id="5">560.5422</dst>
      <dst id="3">130.6667</dst>
      <dst id="22">564.0356</dst>
      <dst id="7">135061.2622</dst>
      <dst id="2">10589.0844</dst>
      <dst id="16">158.1778</dst>
      <dst id="14">21189.6089</dst>
      <dst id="20">375.2444</dst>
      <dst id="11">6.8178</dst>
      <dst id="9">2618.1156</dst>
      <dst id="17">9340.9333</dst>
      <dst id="21">1823.9733</dst>
      <dst id="15">398.5689</dst>
    </src>
    <src id="1">
      <dst id="12">31246.0089</dst>
      <dst id="13">7085.2444</dst>
      <dst id="19">71.6533</dst>
      <dst id="23">18.7111</dst>
      <dst id="8">71.9022</dst>
      <dst id="18">38.4800</dst>
      <dst id="4">4072.7556</dst>
      <dst id="1">3111.9289</dst>
      <dst id="5">313.7689</dst>
      <dst id="3">16.4089</dst>
      <dst id="10">201.3244</dst>
      <dst id="22">8.5156</dst>
      <dst id="7">677.8667</dst>
      <dst id="2">1987.0044</dst>
      <dst id="6">0.3378</dst>
      <dst id="16">19200.8267</dst>
      <dst id="14">88.8889</dst>
      <dst id="20">36.1156</dst>
      <dst id="11">71.2267</dst>
      <dst id="9">794.7022</dst>
      <dst id="17">660346.4356</dst>
      <dst id="21">442814.8800</dst>
      <dst id="15">87.7956</dst>
    </src>
    <src id="5">
      <dst id="12">15585.9111</dst>
      <dst id="13">2172.4089</dst>
      <dst id="23">20.9422</dst>
      <dst id="8">202.0800</dst>
      <dst id="18">4551.3600</dst>
      <dst id="4">389.2800</dst>
      <dst id="1">1562.9511</dst>
      <dst id="3">2.4267</dst>
      <dst id="10">1029.2089</dst>
      <dst id="22">413.6000</dst>
      <dst id="7">6.7378</dst>
      <dst id="2">1064.1067</dst>
      <dst id="6">51.6622</dst>
      <dst id="16">81541.4133</dst>
      <dst id="14">7.7333</dst>
      <dst id="20">12.9956</dst>
      <dst id="11">3.7511</dst>
      <dst id="9">52066.5867</dst>
      <dst id="17">231654.6222</dst>
      <dst id="21">26.3378</dst>
      <dst id="15">12.7378</dst>
    </src>
    <src id="3">
      <dst id="12">12688.9067</dst>
      <dst id="13">391.6800</dst>
      <dst id="19">1370.2044</dst>
      <dst id="23">1.6000</dst>
      <dst id="8">99.0756</dst>
      <dst id="18">394.4444</dst>
      <dst id="4">19638.3289</dst>
      <dst id="1">1233.3867</dst>
      <dst id="5">177.4222</dst>
      <dst id="3">6.8978</dst>
      <dst id="10">811.3244</dst>
      <dst id="22">331.1289</dst>
      <dst id="7">438.6756</dst>
      <dst id="2">813.2711</dst>
      <dst id="6">0.5244</dst>
      <dst id="16">1874.2667</dst>
      <dst id="14">259.5822</dst>
      <dst id="20">71.5644</dst>
      <dst id="11">75.6089</dst>
      <dst id="9">314.2311</dst>
      <dst id="17">35607.1289</dst>
      <dst id="21">619.7067</dst>
      <dst id="15">72.0178</dst>
    </src>
    <src id="10">
      <dst id="12">4917.0311</dst>
      <dst id="19">4721.3156</dst>
      <dst id="23">339.5644</dst>
      <dst id="8">66.6756</dst>
      <dst id="18">1281.7867</dst>
      <dst id="1">105.9733</dst>
      <dst id="5">460.2933</dst>
      <dst id="3">35.3956</dst>
      <dst id="22">728.7378</dst>
      <dst id="7">3382.4889</dst>
      <dst id="2">7042.6489</dst>
      <dst id="6">13.2178</dst>
      <dst id="16">405.2444</dst>
      <dst id="14">1184.7733</dst>
      <dst id="20">285.4222</dst>
      <dst id="9">2888.0444</dst>
      <dst id="17">11682.2756</dst>
      <dst id="21">1075.0044</dst>
      <dst id="15">26.5422</dst>
    </src>
    <src id="22">
      <dst id="12">7767.8311</dst>
      <dst id="13">2213.7422</dst>
      <dst id="19">46.0356</dst>
      <dst id="23">9.8667</dst>
      <dst id="8">953.7067</dst>
      <dst id="18">344.6044</dst>
      <dst id="4">4182.2844</dst>
      <dst id="1">97.8844</dst>
      <dst id="5">1725.7067</dst>
      <dst id="3">71.1911</dst>
      <dst id="10">591.6889</dst>
      <dst id="7">992.0000</dst>
      <dst id="2">270.0978</dst>
      <dst id="6">114.6133</dst>
      <dst id="14">48.8178</dst>
      <dst id="11">14.3644</dst>
      <dst id="9">266.5600</dst>
      <dst id="17">10115.5111</dst>
      <dst id="21">79.8311</dst>
    </src>
    <src id="7">
      <dst id="12">4568.5422</dst>
      <dst id="13">53.7956</dst>
      <dst id="19">79.3511</dst>
      <dst id="23">5.2444</dst>
      <dst id="8">320.5067</dst>
      <dst id="18">692.0889</dst>
      <dst id="4">5573.0044</dst>
      <dst id="1">1800.4622</dst>
      <dst id="5">636.5600</dst>
      <dst id="3">182.7111</dst>
      <dst id="10">2327.5556</dst>
      <dst id="22">927.8489</dst>
      <dst id="7">710.7200</dst>
      <dst id="2">1874.3733</dst>
      <dst id="6">68.2667</dst>
      <dst id="16">342.4000</dst>
      <dst id="14">247.4133</dst>
      <dst id="20">192.6311</dst>
      <dst id="11">169.1111</dst>
      <dst id="9">30.4533</dst>
      <dst id="17">2382.3289</dst>
      <dst id="21">2690.5600</dst>
      <dst id="15">4.4978</dst>
    </src>
    <src id="2">
      <dst id="12">61212.2933</dst>
      <dst id="13">5768.1867</dst>
      <dst id="19">87.3600</dst>
      <dst id="23">1.3867</dst>
      <dst id="8">108.7289</dst>
      <dst id="18">24799.8222</dst>
      <dst id="4">18057.0844</dst>
      <dst id="1">1610.0711</dst>
      <dst id="5">176.8000</dst>
      <dst id="3">31.2978</dst>
      <dst id="10">1982.7556</dst>
      <dst id="22">177.7422</dst>
      <dst id="7">8328.4089</dst>
      <dst id="2">521.4667</dst>
      <dst id="6">14799.8400</dst>
      <dst id="16">27.4222</dst>
      <dst id="14">95.9733</dst>
      <dst id="20">144.9333</dst>
      <dst id="11">41.3067</dst>
      <dst id="9">785.6711</dst>
      <dst id="17">8273.5022</dst>
      <dst id="21">381.7600</dst>
      <dst id="15">680.7911</dst>
    </src>
    <src id="6">
      <dst id="12">1727.6356</dst>
      <dst id="13">2.1156</dst>
      <dst id="19">0.6933</dst>
      <dst id="4">1.8133</dst>
      <dst id="1">65.0044</dst>
      <dst id="10">2.0267</dst>
      <dst id="22">1.4222</dst>
      <dst id="7">2.0978</dst>
      <dst id="2">2654.6667</dst>
      <dst id="9">285.6089</dst>
      <dst id="17">10678.3022</dst>
      <dst id="21">0.5156</dst>
    </src>
    <src id="16">
      <dst id="12">93895.7511</dst>
      <dst id="13">2034.6222</dst>
      <dst id="19">5158.2044</dst>
      <dst id="23">18.4889</dst>
      <dst id="8">66940.9600</dst>
      <dst id="18">42.7200</dst>
      <dst id="4">430.5689</dst>
      <dst id="1">21012.0978</dst>
      <dst id="5">129466.1333</dst>
      <dst id="3">4735.4044</dst>
      <dst id="10">39.7511</dst>
      <dst id="7">1287.9200</dst>
      <dst id="2">14.1511</dst>
      <dst id="6">1.0222</dst>
      <dst id="16">18.6489</dst>
      <dst id="11">8147.3600</dst>
      <dst id="9">113517.2533</dst>
      <dst id="17">12318.6489</dst>
      <dst id="21">2836.4622</dst>
    </src>
    <src id="14">
      <dst id="12">2490.5067</dst>
      <dst id="13">16.3556</dst>
      <dst id="19">25.4578</dst>
      <dst id="23">1.0667</dst>
      <dst id="8">0.5600</dst>
      <dst id="18">0.3556</dst>
      <dst id="4">1082.0533</dst>
      <dst id="1">201.0044</dst>
      <dst id="5">35.9911</dst>
      <dst id="3">113.8400</dst>
      <dst id="10">67.1822</dst>
      <dst id="22">2.4800</dst>
      <dst id="7">79.1822</dst>
      <dst id="2">1686.7822</dst>
      <dst id="16">2456.5422</dst>
      <dst id="20">1.3956</dst>
      <dst id="11">13.5467</dst>
      <dst id="9">699.5022</dst>
      <dst id="17">23495.3689</dst>
      <dst id="21">173.9556</dst>
      <dst id="15">0.5600</dst>
    </src>
    <src id="20">
      <dst id="12">1344.5689</dst>
      <dst id="13">312.8533</dst>
      <dst id="19">54.1956</dst>
      <dst id="23">1.5111</dst>
      <dst id="8">6.0444</dst>
      <dst id="18">228.2400</dst>
      <dst id="4">2808.4089</dst>
      <dst id="1">25.0133</dst>
      <dst id="5">403.5289</dst>
      <dst id="3">21.2000</dst>
      <dst id="10">23.7867</dst>
      <dst id="7">36.8889</dst>
      <dst id="2">80.3200</dst>
      <dst id="20">25.6800</dst>
      <dst id="9">818.7556</dst>
      <dst id="17">7620.9778</dst>
      <dst id="21">21.7333</dst>
    </src>
    <src id="11">
      <dst id="12">20893.7156</dst>
      <dst id="13">1165.3867</dst>
      <dst id="19">33.5911</dst>
      <dst id="23">1.7067</dst>
      <dst id="8">167.2533</dst>
      <dst id="18">137.9556</dst>
      <dst id="4">1492.4089</dst>
      <dst id="1">1274.4444</dst>
      <dst id="5">747.4133</dst>
      <dst id="3">1.1022</dst>
      <dst id="10">2653.9556</dst>
      <dst id="22">536.8711</dst>
      <dst id="7">246.0267</dst>
      <dst id="2">45542.6844</dst>
      <dst id="6">0.4622</dst>
      <dst id="16">58319.6533</dst>
      <dst id="14">71.0667</dst>
      <dst id="20">1713.6267</dst>
      <dst id="11">839.4044</dst>
      <dst id="9">29520.3467</dst>
      <dst id="17">496175.0133</dst>
      <dst id="21">136.0800</dst>
      <dst id="15">5.4044</dst>
    </src>
    <src id="9">
      <dst id="12">14627.1911</dst>
      <dst id="13">2369.5733</dst>
      <dst id="19">68.3022</dst>
      <dst id="23">226.6933</dst>
      <dst id="8">88269.9200</dst>
      <dst id="18">501.2800</dst>
      <dst id="4">3178.9511</dst>
      <dst id="1">8836.2133</dst>
      <dst id="5">643.8933</dst>
      <dst id="3">0.5333</dst>
      <dst id="10">229.4222</dst>
      <dst id="22">3805.7156</dst>
      <dst id="7">61.1556</dst>
      <dst id="2">254.5867</dst>
      <dst id="6">1.0311</dst>
      <dst id="16">93977.9733</dst>
      <dst id="14">17.6533</dst>
      <dst id="20">355.4756</dst>
      <dst id="11">41.6622</dst>
      <dst id="9">234654.6400</dst>
      <dst id="17">287320.8978</dst>
      <dst id="21">52.6667</dst>
      <dst id="15">460.0622</dst>
    </src>
    <src id="17">
      <dst id="12">83540.2844</dst>
      <dst id="13">2682.5067</dst>
      <dst id="19">64.6578</dst>
      <dst id="23">26.8800</dst>
      <dst id="8">98.1511</dst>
      <dst id="18">229.1733</dst>
      <dst id="4">22186.6044</dst>
      <dst id="1">9202.1067</dst>
      <dst id="5">90925.7067</dst>
      <dst id="3">2663.4400</dst>
      <dst id="10">3219.2711</dst>
      <dst id="22">546.4178</dst>
      <dst id="7">14753.8844</dst>
      <dst id="2">5831.2889</dst>
      <dst id="6">93.5911</dst>
      <dst id="16">3474.6133</dst>
      <dst id="14">13372.8089</dst>
      <dst id="20">2499.8844</dst>
      <dst id="11">8416.6844</dst>
      <dst id="9">11722.2400</dst>
      <dst id="17">19868.4178</dst>
      <dst id="21">3336.8000</dst>
      <dst id="15">35.0844</dst>
    </src>
    <src id="21">
      <dst id="12">4804.0978</dst>
      <dst id="13">336.9244</dst>
      <dst id="19">75.3422</dst>
      <dst id="23">21.7244</dst>
      <dst id="8">59.2622</dst>
      <dst id="18">952.3644</dst>
      <dst id="4">3037.3778</dst>
      <dst id="1">7147.0044</dst>
      <dst id="5">237.7067</dst>
      <dst id="3">380.2400</dst>
      <dst id="10">3994.0356</dst>
      <dst id="22">128.9511</dst>
      <dst id="7">907.1822</dst>
      <dst id="2">13571.2622</dst>
      <dst id="6">1.4400</dst>
      <dst id="16">618.8178</dst>
      <dst id="14">180.7556</dst>
      <dst id="20">40.8978</dst>
      <dst id="11">32.9333</dst>
      <dst id="9">1362.0178</dst>
      <dst id="17">26237.0311</dst>
      <dst id="21">363.1911</dst>
      <dst id="15">16.6756</dst>
    </src>
    <src id="15">
      <dst id="12">303.7778</dst>
      <dst id="13">78.8000</dst>
      <dst id="19">3128.7467</dst>
      <dst id="23">0.9244</dst>
      <dst id="8">425.3867</dst>
      <dst id="18">1.5111</dst>
      <dst id="4">78.8533</dst>
      <dst id="1">52.8089</dst>
      <dst id="5">31.4756</dst>
      <dst id="10">60.7822</dst>
      <dst id="7">4.5689</dst>
      <dst id="2">11.1378</dst>
      <dst id="14">0.5689</dst>
      <dst id="11">0.5867</dst>
      <dst id="9">252.5156</dst>
      <dst id="17">302.7733</dst>
    </src>
  </IntraTM>
</TrafficMatrixFile>
