<?xml version="1.0" encoding="UTF-8" standalone="yes"?>
<TrafficMatrixFile xmlns:xsi="http://www.w3.org/2001/XMLSchema-instance" xsi:noNamespaceSchemaLocation="http://totem.run.montefiore.ulg.ac.be/Schema/TrafficMatrix-v1_2.xsd">
  <info>
    <title>Intradomain traffic matrix generated by geant-TM-all.pl</title>
    <date>2005-04-11T23:00:00</date>
    <duration>900</duration>
    <author>Steve Uhlig</author>
    <units>
        <unit type="bandwidth" value="kbps"/>
    </units>
  </info>
  <IntraTM ASID="20965">
    <src id="12">
      <dst id="12">322203.9289</dst>
      <dst id="13">22020.4978</dst>
      <dst id="19">7335.3156</dst>
      <dst id="23">3779.7333</dst>
      <dst id="8">375.0844</dst>
      <dst id="18">39292.5422</dst>
      <dst id="4">4530.0089</dst>
      <dst id="1">24497.6800</dst>
      <dst id="5">1346.9156</dst>
      <dst id="3">287.3333</dst>
      <dst id="10">2347.5022</dst>
      <dst id="22">2941.9911</dst>
      <dst id="7">8840.4444</dst>
      <dst id="2">8285.7067</dst>
      <dst id="16">8418.3200</dst>
      <dst id="14">1394.7467</dst>
      <dst id="20">1010.1511</dst>
      <dst id="11">42.0444</dst>
      <dst id="9">16728.1689</dst>
      <dst id="17">37522.6400</dst>
      <dst id="21">373.0756</dst>
      <dst id="15">4369.3600</dst>
    </src>
    <src id="13">
      <dst id="12">12999.4578</dst>
      <dst id="13">130.1956</dst>
      <dst id="19">6011.8133</dst>
      <dst id="23">1016.9778</dst>
      <dst id="8">1163.6978</dst>
      <dst id="18">153.4844</dst>
      <dst id="4">0.6400</dst>
      <dst id="1">45022.2133</dst>
      <dst id="5">17002.9244</dst>
      <dst id="3">2.6311</dst>
      <dst id="22">7557.0222</dst>
      <dst id="7">389.0844</dst>
      <dst id="2">44741.3956</dst>
      <dst id="16">407.0044</dst>
      <dst id="14">50.4800</dst>
      <dst id="20">7832.9156</dst>
      <dst id="11">182.4089</dst>
      <dst id="9">2698.0089</dst>
      <dst id="17">12190.9333</dst>
      <dst id="21">311.4222</dst>
      <dst id="15">3727.1556</dst>
    </src>
    <src id="19">
      <dst id="12">32770.0089</dst>
      <dst id="13">651.6711</dst>
      <dst id="23">1.6800</dst>
      <dst id="8">6071.4222</dst>
      <dst id="18">0.9600</dst>
      <dst id="4">177.6711</dst>
      <dst id="1">18728.0356</dst>
      <dst id="5">25.8400</dst>
      <dst id="10">82.8444</dst>
      <dst id="22">7.8044</dst>
      <dst id="7">479.0222</dst>
      <dst id="2">496.4622</dst>
      <dst id="16">2609.7511</dst>
      <dst id="14">145.7689</dst>
      <dst id="20">7.0578</dst>
      <dst id="11">9.4311</dst>
      <dst id="9">971.1733</dst>
      <dst id="17">1009.0756</dst>
      <dst id="21">272.0533</dst>
      <dst id="15">0.9244</dst>
    </src>
    <src id="23">
      <dst id="12">938.2489</dst>
      <dst id="13">541.5911</dst>
      <dst id="19">24.0889</dst>
      <dst id="18">0.8622</dst>
      <dst id="4">105.9289</dst>
      <dst id="1">158.6489</dst>
      <dst id="5">120.0000</dst>
      <dst id="10">44.1956</dst>
      <dst id="22">253.6800</dst>
      <dst id="7">31.2622</dst>
      <dst id="2">105.1200</dst>
      <dst id="16">0.7111</dst>
      <dst id="14">10.2756</dst>
      <dst id="20">23.2533</dst>
      <dst id="11">41.5289</dst>
      <dst id="9">99.7244</dst>
      <dst id="17">376.0711</dst>
      <dst id="21">173.0844</dst>
    </src>
    <src id="8">
      <dst id="12">5029.7067</dst>
      <dst id="13">763.2444</dst>
      <dst id="19">65.3956</dst>
      <dst id="18">0.6578</dst>
      <dst id="4">149.7244</dst>
      <dst id="1">987.9111</dst>
      <dst id="5">478.0800</dst>
      <dst id="3">35.2444</dst>
      <dst id="10">570.1422</dst>
      <dst id="22">134.8889</dst>
      <dst id="2">1317.0578</dst>
      <dst id="16">245850.9867</dst>
      <dst id="11">26.6667</dst>
      <dst id="9">48982.7733</dst>
      <dst id="17">15502.1333</dst>
      <dst id="21">5.3689</dst>
    </src>
    <src id="18">
      <dst id="12">89836.0889</dst>
      <dst id="13">423.0133</dst>
      <dst id="19">0.4711</dst>
      <dst id="23">0.4622</dst>
      <dst id="8">27.3778</dst>
      <dst id="4">267.7333</dst>
      <dst id="1">11477.9467</dst>
      <dst id="5">57.8044</dst>
      <dst id="3">840.5156</dst>
      <dst id="10">51.9556</dst>
      <dst id="22">26.4889</dst>
      <dst id="7">5.7689</dst>
      <dst id="2">2660.8889</dst>
      <dst id="16">174.2756</dst>
      <dst id="14">13.7600</dst>
      <dst id="20">1.4222</dst>
      <dst id="11">13.6889</dst>
      <dst id="9">7416.6933</dst>
      <dst id="17">2727.2267</dst>
      <dst id="21">631.9556</dst>
      <dst id="15">37.6800</dst>
    </src>
    <src id="4">
      <dst id="12">19447.1822</dst>
      <dst id="13">4.4978</dst>
      <dst id="19">7171.6267</dst>
      <dst id="23">2152.2933</dst>
      <dst id="8">2391.1911</dst>
      <dst id="18">2165.4933</dst>
      <dst id="4">1493.5111</dst>
      <dst id="1">115832.0533</dst>
      <dst id="5">12595.5111</dst>
      <dst id="3">17.0756</dst>
      <dst id="22">1330.2578</dst>
      <dst id="7">22.1511</dst>
      <dst id="2">165676.4978</dst>
      <dst id="16">116560.6400</dst>
      <dst id="14">2612.8711</dst>
      <dst id="11">221.4133</dst>
      <dst id="9">21940.0533</dst>
      <dst id="17">51109.3956</dst>
      <dst id="21">20309.4044</dst>
      <dst id="15">1965.4933</dst>
    </src>
    <src id="1">
      <dst id="12">32386.6222</dst>
      <dst id="13">11132.7733</dst>
      <dst id="19">5706.2844</dst>
      <dst id="23">45.8133</dst>
      <dst id="8">106.7467</dst>
      <dst id="18">13251.2533</dst>
      <dst id="4">141.6711</dst>
      <dst id="1">450754.2933</dst>
      <dst id="5">562.5778</dst>
      <dst id="3">105.1467</dst>
      <dst id="10">136.5333</dst>
      <dst id="22">53.7956</dst>
      <dst id="7">1639.9733</dst>
      <dst id="2">7581.5111</dst>
      <dst id="16">12648.8267</dst>
      <dst id="14">48.2133</dst>
      <dst id="20">27.7333</dst>
      <dst id="11">34.5244</dst>
      <dst id="9">964.0533</dst>
      <dst id="17">8213.8400</dst>
      <dst id="21">6173.1644</dst>
      <dst id="15">92.4267</dst>
    </src>
    <src id="5">
      <dst id="12">22435.0133</dst>
      <dst id="13">1316.4978</dst>
      <dst id="19">5.3778</dst>
      <dst id="23">1.1733</dst>
      <dst id="8">295.0667</dst>
      <dst id="18">458.5244</dst>
      <dst id="4">265.3778</dst>
      <dst id="1">33961.9556</dst>
      <dst id="3">530.5600</dst>
      <dst id="10">113.6444</dst>
      <dst id="22">160.4089</dst>
      <dst id="2">278.5956</dst>
      <dst id="16">316674.2933</dst>
      <dst id="14">69.1022</dst>
      <dst id="11">106.4711</dst>
      <dst id="9">73841.1644</dst>
      <dst id="17">35504.4533</dst>
      <dst id="21">399.2444</dst>
      <dst id="15">19.5378</dst>
    </src>
    <src id="3">
      <dst id="12">1101.5200</dst>
      <dst id="13">13992.9956</dst>
      <dst id="19">1398.1511</dst>
      <dst id="23">2163.1022</dst>
      <dst id="8">1.2000</dst>
      <dst id="18">54.1689</dst>
      <dst id="4">559.7511</dst>
      <dst id="1">65079.1556</dst>
      <dst id="5">83.1289</dst>
      <dst id="3">190.6222</dst>
      <dst id="10">177.5467</dst>
      <dst id="22">1.2000</dst>
      <dst id="7">603.2978</dst>
      <dst id="2">3341.4756</dst>
      <dst id="16">6315.2267</dst>
      <dst id="14">181.0933</dst>
      <dst id="20">46.1422</dst>
      <dst id="11">415.7867</dst>
      <dst id="9">1932.5600</dst>
      <dst id="17">18744.9156</dst>
      <dst id="21">1066.4000</dst>
      <dst id="15">125.8489</dst>
    </src>
    <src id="10">
      <dst id="12">5385.6000</dst>
      <dst id="13">2.7556</dst>
      <dst id="19">1520.3022</dst>
      <dst id="23">1240.4089</dst>
      <dst id="8">58.9422</dst>
      <dst id="18">731.6000</dst>
      <dst id="1">610.9333</dst>
      <dst id="5">1393.4933</dst>
      <dst id="3">1951.1556</dst>
      <dst id="22">99.7333</dst>
      <dst id="2">15503.6089</dst>
      <dst id="16">20373.0222</dst>
      <dst id="14">297.0222</dst>
      <dst id="20">1254.6756</dst>
      <dst id="11">122.6400</dst>
      <dst id="9">1533.2000</dst>
      <dst id="17">17347.6178</dst>
      <dst id="21">3401.3156</dst>
      <dst id="15">192.6044</dst>
    </src>
    <src id="22">
      <dst id="12">7336.3556</dst>
      <dst id="13">3225.5289</dst>
      <dst id="19">136.7822</dst>
      <dst id="23">23.6089</dst>
      <dst id="8">183.4844</dst>
      <dst id="18">561.1911</dst>
      <dst id="4">912.7022</dst>
      <dst id="1">105.6533</dst>
      <dst id="5">2903.9467</dst>
      <dst id="3">31.9378</dst>
      <dst id="10">230.7200</dst>
      <dst id="7">90.3200</dst>
      <dst id="2">224.1067</dst>
      <dst id="16">1808.5867</dst>
      <dst id="14">650.6844</dst>
      <dst id="11">156.1689</dst>
      <dst id="9">419.9467</dst>
      <dst id="17">13131.1200</dst>
      <dst id="21">155.7689</dst>
    </src>
    <src id="7">
      <dst id="12">3931.2000</dst>
      <dst id="13">2543.3067</dst>
      <dst id="19">159.3511</dst>
      <dst id="23">23.7333</dst>
      <dst id="8">1.5556</dst>
      <dst id="18">3.1733</dst>
      <dst id="4">295.6267</dst>
      <dst id="1">6530.4533</dst>
      <dst id="5">127.6089</dst>
      <dst id="3">680.8711</dst>
      <dst id="10">200.5867</dst>
      <dst id="22">95.4311</dst>
      <dst id="7">17.1733</dst>
      <dst id="2">973.4044</dst>
      <dst id="16">222.0711</dst>
      <dst id="14">92.5244</dst>
      <dst id="20">155.8133</dst>
      <dst id="11">775.7067</dst>
      <dst id="9">80.2667</dst>
      <dst id="17">1249.6622</dst>
      <dst id="21">500.9867</dst>
      <dst id="15">1.7244</dst>
    </src>
    <src id="2">
      <dst id="12">75864.0089</dst>
      <dst id="13">38943.2089</dst>
      <dst id="19">4009.6889</dst>
      <dst id="23">2.7733</dst>
      <dst id="8">2207.1111</dst>
      <dst id="18">22267.2356</dst>
      <dst id="4">2437.0756</dst>
      <dst id="1">45164.6933</dst>
      <dst id="5">1446.2578</dst>
      <dst id="3">49.0489</dst>
      <dst id="10">2619.2444</dst>
      <dst id="22">590.5511</dst>
      <dst id="7">4061.1644</dst>
      <dst id="2">2595.4133</dst>
      <dst id="16">104.5867</dst>
      <dst id="14">570.6222</dst>
      <dst id="20">261.3689</dst>
      <dst id="11">3344.9867</dst>
      <dst id="9">259.7511</dst>
      <dst id="17">43779.2533</dst>
      <dst id="21">1212.6933</dst>
      <dst id="15">64.5689</dst>
    </src>
    <src id="6">
      <dst id="12">488.7289</dst>
      <dst id="13">41.8667</dst>
      <dst id="19">3.3067</dst>
      <dst id="23">1.1378</dst>
      <dst id="18">0.7556</dst>
      <dst id="4">66.4889</dst>
      <dst id="1">1228.8622</dst>
      <dst id="5">9.1644</dst>
      <dst id="10">0.8356</dst>
      <dst id="22">44.7378</dst>
      <dst id="7">3.4400</dst>
      <dst id="2">214.8178</dst>
      <dst id="16">33.5467</dst>
      <dst id="20">3.7244</dst>
      <dst id="9">835.3956</dst>
      <dst id="17">20208.7556</dst>
      <dst id="21">28.2222</dst>
    </src>
    <src id="16">
      <dst id="12">86053.0578</dst>
      <dst id="13">856.4889</dst>
      <dst id="19">3089.4222</dst>
      <dst id="23">13.6444</dst>
      <dst id="8">66829.9733</dst>
      <dst id="18">182.3200</dst>
      <dst id="4">526.6667</dst>
      <dst id="1">7435.3956</dst>
      <dst id="5">252542.2133</dst>
      <dst id="3">4515.8844</dst>
      <dst id="10">19.2978</dst>
      <dst id="2">1121.4044</dst>
      <dst id="16">30348.8889</dst>
      <dst id="14">45992.7467</dst>
      <dst id="11">14108.3378</dst>
      <dst id="9">194919.9733</dst>
      <dst id="17">2803.9467</dst>
      <dst id="21">26.6667</dst>
    </src>
    <src id="14">
      <dst id="12">619.3244</dst>
      <dst id="13">512.6311</dst>
      <dst id="19">30.8711</dst>
      <dst id="23">2.3733</dst>
      <dst id="8">0.4622</dst>
      <dst id="4">74.5333</dst>
      <dst id="1">1571.4756</dst>
      <dst id="5">1.8489</dst>
      <dst id="3">692.3111</dst>
      <dst id="10">69.9644</dst>
      <dst id="7">14.3378</dst>
      <dst id="2">131.5467</dst>
      <dst id="16">2734.0444</dst>
      <dst id="20">46.0356</dst>
      <dst id="11">13.0844</dst>
      <dst id="9">2217.0044</dst>
      <dst id="17">24765.7511</dst>
      <dst id="21">116.7022</dst>
      <dst id="15">1.8489</dst>
    </src>
    <src id="20">
      <dst id="12">898.9600</dst>
      <dst id="13">1256.9422</dst>
      <dst id="19">95.6089</dst>
      <dst id="23">0.6933</dst>
      <dst id="8">68.0889</dst>
      <dst id="18">35.0222</dst>
      <dst id="4">1155.7956</dst>
      <dst id="1">47.2000</dst>
      <dst id="5">1101.6000</dst>
      <dst id="3">0.3556</dst>
      <dst id="10">5.0489</dst>
      <dst id="7">3217.8667</dst>
      <dst id="2">136.4978</dst>
      <dst id="16">10598.8978</dst>
      <dst id="14">5.4844</dst>
      <dst id="9">2414.1422</dst>
      <dst id="17">8623.2444</dst>
      <dst id="21">43.8667</dst>
    </src>
    <src id="11">
      <dst id="12">38106.8356</dst>
      <dst id="13">3444.1600</dst>
      <dst id="19">50.1689</dst>
      <dst id="23">963.9022</dst>
      <dst id="8">263.6089</dst>
      <dst id="18">160.2844</dst>
      <dst id="4">411.8578</dst>
      <dst id="1">44522.6400</dst>
      <dst id="5">2878.1956</dst>
      <dst id="3">998.2667</dst>
      <dst id="10">490.0356</dst>
      <dst id="22">1246.3111</dst>
      <dst id="2">8349.6267</dst>
      <dst id="16">11400.8444</dst>
      <dst id="14">61.6089</dst>
      <dst id="20">130.4800</dst>
      <dst id="11">2124.6400</dst>
      <dst id="9">47790.2222</dst>
      <dst id="17">466264.2667</dst>
      <dst id="21">318.2578</dst>
      <dst id="15">83.9911</dst>
    </src>
    <src id="9">
      <dst id="12">19547.4044</dst>
      <dst id="13">1056.7644</dst>
      <dst id="19">168.0178</dst>
      <dst id="23">2.7378</dst>
      <dst id="8">70755.3333</dst>
      <dst id="18">23.0222</dst>
      <dst id="4">396.2756</dst>
      <dst id="1">7486.9422</dst>
      <dst id="5">1815.9289</dst>
      <dst id="3">384.5956</dst>
      <dst id="10">239.5200</dst>
      <dst id="22">44.8978</dst>
      <dst id="2">321.1467</dst>
      <dst id="16">396356.6489</dst>
      <dst id="14">28.0533</dst>
      <dst id="11">19.0400</dst>
      <dst id="9">239761.0578</dst>
      <dst id="17">45607.9022</dst>
      <dst id="21">19.2889</dst>
      <dst id="15">112.5156</dst>
    </src>
    <src id="17">
      <dst id="12">63809.8311</dst>
      <dst id="13">11654.5422</dst>
      <dst id="19">881.0667</dst>
      <dst id="23">164.0711</dst>
      <dst id="8">68.7111</dst>
      <dst id="18">122.3378</dst>
      <dst id="4">5125.7689</dst>
      <dst id="1">19477.1200</dst>
      <dst id="5">169048.6578</dst>
      <dst id="3">7859.4578</dst>
      <dst id="10">2674.6667</dst>
      <dst id="22">47.9733</dst>
      <dst id="7">1389.6089</dst>
      <dst id="2">15709.9022</dst>
      <dst id="16">36288.3822</dst>
      <dst id="14">13612.3022</dst>
      <dst id="20">7508.3378</dst>
      <dst id="11">13830.4089</dst>
      <dst id="9">5077.0933</dst>
      <dst id="17">9754.3911</dst>
      <dst id="21">3090.5956</dst>
      <dst id="15">132.8178</dst>
    </src>
    <src id="21">
      <dst id="12">8606.7911</dst>
      <dst id="13">1164.4622</dst>
      <dst id="19">178.3200</dst>
      <dst id="23">11.7778</dst>
      <dst id="8">94.4622</dst>
      <dst id="18">577.9022</dst>
      <dst id="4">335.6444</dst>
      <dst id="1">1435.6711</dst>
      <dst id="5">218.4267</dst>
      <dst id="3">676.6489</dst>
      <dst id="10">84.8533</dst>
      <dst id="22">390.4178</dst>
      <dst id="7">483.2978</dst>
      <dst id="2">1525.0844</dst>
      <dst id="16">9215.6622</dst>
      <dst id="14">208.6222</dst>
      <dst id="20">42.1600</dst>
      <dst id="11">422.7733</dst>
      <dst id="9">2148.4356</dst>
      <dst id="17">15686.5156</dst>
      <dst id="21">594.9956</dst>
      <dst id="15">73.5289</dst>
    </src>
    <src id="15">
      <dst id="12">60.7644</dst>
      <dst id="13">1241.3689</dst>
      <dst id="19">37.6889</dst>
      <dst id="8">0.3556</dst>
      <dst id="18">29.4756</dst>
      <dst id="4">58.4711</dst>
      <dst id="1">34.4978</dst>
      <dst id="5">306.0178</dst>
      <dst id="10">111.1733</dst>
      <dst id="2">85.4311</dst>
      <dst id="16">680.5511</dst>
      <dst id="14">0.4622</dst>
      <dst id="11">37.2533</dst>
      <dst id="9">1369.9022</dst>
      <dst id="17">636.7378</dst>
      <dst id="21">1.4844</dst>
    </src>
  </IntraTM>
</TrafficMatrixFile>
