<?xml version="1.0" encoding="UTF-8" standalone="yes"?>
<TrafficMatrixFile xmlns:xsi="http://www.w3.org/2001/XMLSchema-instance" xsi:noNamespaceSchemaLocation="http://totem.run.montefiore.ulg.ac.be/Schema/TrafficMatrix-v1_2.xsd">
  <info>
    <title>Intradomain traffic matrix generated by geant-TM-all.pl</title>
    <date>2005-04-27T17:30:00</date>
    <duration>900</duration>
    <author>Steve Uhlig</author>
    <units>
        <unit type="bandwidth" value="kbps"/>
    </units>
  </info>
  <IntraTM ASID="20965">
    <src id="12">
      <dst id="12">471057.7689</dst>
      <dst id="13">25202.2756</dst>
      <dst id="19">9471.5111</dst>
      <dst id="23">3039.2356</dst>
      <dst id="8">434.1956</dst>
      <dst id="18">34692.0711</dst>
      <dst id="4">4539.0844</dst>
      <dst id="1">20346.7467</dst>
      <dst id="5">2331.5111</dst>
      <dst id="3">1111.2000</dst>
      <dst id="10">2549.6533</dst>
      <dst id="22">5221.0044</dst>
      <dst id="7">12210.8444</dst>
      <dst id="2">4729.0756</dst>
      <dst id="6">0.7822</dst>
      <dst id="16">1917.9378</dst>
      <dst id="14">618.7200</dst>
      <dst id="20">1010.3556</dst>
      <dst id="11">204.2133</dst>
      <dst id="9">31070.0178</dst>
      <dst id="17">57983.3067</dst>
      <dst id="21">3271.0400</dst>
      <dst id="15">295.1111</dst>
    </src>
    <src id="13">
      <dst id="12">19899.0667</dst>
      <dst id="13">274.0533</dst>
      <dst id="19">4048.9333</dst>
      <dst id="23">173.7244</dst>
      <dst id="8">884.1422</dst>
      <dst id="18">2571.9911</dst>
      <dst id="4">5.4400</dst>
      <dst id="1">66351.5644</dst>
      <dst id="5">934.1422</dst>
      <dst id="3">467.2800</dst>
      <dst id="22">654.1867</dst>
      <dst id="7">2250.9956</dst>
      <dst id="2">11329.1733</dst>
      <dst id="16">365.3156</dst>
      <dst id="14">108.0978</dst>
      <dst id="20">1072.4711</dst>
      <dst id="11">605.0933</dst>
      <dst id="9">10224.1600</dst>
      <dst id="17">27534.1867</dst>
      <dst id="21">974.3022</dst>
      <dst id="15">264.2222</dst>
    </src>
    <src id="19">
      <dst id="12">37525.4311</dst>
      <dst id="13">3567.1911</dst>
      <dst id="23">1.6356</dst>
      <dst id="8">1.9911</dst>
      <dst id="18">2.5511</dst>
      <dst id="4">435.3067</dst>
      <dst id="1">201.8400</dst>
      <dst id="5">17.4133</dst>
      <dst id="3">69.8667</dst>
      <dst id="10">1341.7244</dst>
      <dst id="22">10.7200</dst>
      <dst id="7">4205.5111</dst>
      <dst id="2">548.2667</dst>
      <dst id="16">437.9111</dst>
      <dst id="14">42.1333</dst>
      <dst id="20">892.9778</dst>
      <dst id="11">12.6222</dst>
      <dst id="9">1218.1333</dst>
      <dst id="17">15741.2889</dst>
      <dst id="21">698.4622</dst>
      <dst id="15">0.4267</dst>
    </src>
    <src id="23">
      <dst id="12">2980.9778</dst>
      <dst id="13">2729.4133</dst>
      <dst id="19">44.4622</dst>
      <dst id="4">22.5244</dst>
      <dst id="1">12307.1289</dst>
      <dst id="5">578.0800</dst>
      <dst id="3">40.4622</dst>
      <dst id="10">97.4311</dst>
      <dst id="7">1722.7289</dst>
      <dst id="2">44.3467</dst>
      <dst id="16">26.4533</dst>
      <dst id="14">1.5111</dst>
      <dst id="20">281.5022</dst>
      <dst id="11">40.7200</dst>
      <dst id="9">136.2933</dst>
      <dst id="17">1531.1022</dst>
      <dst id="21">198.9511</dst>
    </src>
    <src id="8">
      <dst id="12">4026.0178</dst>
      <dst id="13">1464.7733</dst>
      <dst id="19">15.0756</dst>
      <dst id="23">26.8444</dst>
      <dst id="18">70.6756</dst>
      <dst id="4">169.9644</dst>
      <dst id="1">1867.6533</dst>
      <dst id="5">1914.3822</dst>
      <dst id="3">1382.7911</dst>
      <dst id="10">1305.5822</dst>
      <dst id="2">14.5067</dst>
      <dst id="16">249477.7422</dst>
      <dst id="11">24.8533</dst>
      <dst id="9">62094.4356</dst>
      <dst id="17">19151.7333</dst>
    </src>
    <src id="18">
      <dst id="12">108253.7422</dst>
      <dst id="13">190.1511</dst>
      <dst id="19">2.0356</dst>
      <dst id="8">1019.8578</dst>
      <dst id="4">56.6133</dst>
      <dst id="1">1070.9956</dst>
      <dst id="5">735.8489</dst>
      <dst id="3">1771.4044</dst>
      <dst id="10">15.0578</dst>
      <dst id="22">8.0533</dst>
      <dst id="7">610.0444</dst>
      <dst id="2">4296.6667</dst>
      <dst id="16">121.8933</dst>
      <dst id="20">1.2800</dst>
      <dst id="11">0.6044</dst>
      <dst id="9">8182.1067</dst>
      <dst id="17">4145.5378</dst>
      <dst id="21">460.9600</dst>
      <dst id="15">3.2444</dst>
    </src>
    <src id="4">
      <dst id="12">32108.5778</dst>
      <dst id="13">18.2756</dst>
      <dst id="19">7193.4311</dst>
      <dst id="23">335.1111</dst>
      <dst id="8">2503.6444</dst>
      <dst id="18">1833.2356</dst>
      <dst id="4">5279.3067</dst>
      <dst id="1">48434.5067</dst>
      <dst id="5">9366.9067</dst>
      <dst id="3">113.7867</dst>
      <dst id="7">79.4578</dst>
      <dst id="2">93641.6267</dst>
      <dst id="16">143752.5333</dst>
      <dst id="14">4662.0089</dst>
      <dst id="11">1198.1156</dst>
      <dst id="9">37211.4578</dst>
      <dst id="17">102318.5244</dst>
      <dst id="21">23994.6133</dst>
      <dst id="15">671.2622</dst>
    </src>
    <src id="1">
      <dst id="12">89649.3778</dst>
      <dst id="13">1570.2400</dst>
      <dst id="19">199.1200</dst>
      <dst id="23">399.7689</dst>
      <dst id="8">177.6533</dst>
      <dst id="18">13476.5778</dst>
      <dst id="4">1090.9600</dst>
      <dst id="1">650251.5822</dst>
      <dst id="5">516.0267</dst>
      <dst id="3">662.3022</dst>
      <dst id="10">635.1378</dst>
      <dst id="7">24358.6756</dst>
      <dst id="2">18800.0533</dst>
      <dst id="16">98187.6533</dst>
      <dst id="14">403.9822</dst>
      <dst id="20">312.0978</dst>
      <dst id="11">2050.0178</dst>
      <dst id="9">5540.5689</dst>
      <dst id="17">32741.1289</dst>
      <dst id="21">817393.4756</dst>
      <dst id="15">81.1733</dst>
    </src>
    <src id="5">
      <dst id="12">12683.7156</dst>
      <dst id="13">634.3822</dst>
      <dst id="19">39.9289</dst>
      <dst id="23">1188.9333</dst>
      <dst id="8">574.1867</dst>
      <dst id="18">13.0400</dst>
      <dst id="4">1064.9156</dst>
      <dst id="1">2712.0800</dst>
      <dst id="3">307.2267</dst>
      <dst id="10">347.9556</dst>
      <dst id="2">250.7733</dst>
      <dst id="16">367699.4133</dst>
      <dst id="14">13.4044</dst>
      <dst id="11">154.6578</dst>
      <dst id="9">91320.0000</dst>
      <dst id="17">34351.6356</dst>
      <dst id="21">20.9156</dst>
      <dst id="15">6.4889</dst>
    </src>
    <src id="3">
      <dst id="12">2301.6356</dst>
      <dst id="13">18001.4044</dst>
      <dst id="19">2650.9333</dst>
      <dst id="23">21.6711</dst>
      <dst id="8">84.5867</dst>
      <dst id="18">32.9956</dst>
      <dst id="4">1008.3556</dst>
      <dst id="1">61930.5244</dst>
      <dst id="5">356.0800</dst>
      <dst id="3">336.2489</dst>
      <dst id="10">1790.9333</dst>
      <dst id="7">42830.7822</dst>
      <dst id="2">1062.7822</dst>
      <dst id="16">24802.1956</dst>
      <dst id="14">261.7778</dst>
      <dst id="20">127.8578</dst>
      <dst id="11">252.8889</dst>
      <dst id="9">2117.9911</dst>
      <dst id="17">54716.3556</dst>
      <dst id="21">1113.2178</dst>
      <dst id="15">23.3067</dst>
    </src>
    <src id="10">
      <dst id="12">17402.2844</dst>
      <dst id="13">28.3467</dst>
      <dst id="19">4540.6489</dst>
      <dst id="23">315.5644</dst>
      <dst id="8">673.0844</dst>
      <dst id="18">189.4844</dst>
      <dst id="1">3489.7422</dst>
      <dst id="5">3371.4044</dst>
      <dst id="3">667.7156</dst>
      <dst id="2">10808.1778</dst>
      <dst id="16">50244.2844</dst>
      <dst id="14">3904.3378</dst>
      <dst id="20">2793.5911</dst>
      <dst id="11">408.0000</dst>
      <dst id="9">5780.8889</dst>
      <dst id="17">42769.0578</dst>
      <dst id="21">13760.0800</dst>
      <dst id="15">27.2800</dst>
    </src>
    <src id="22">
      <dst id="12">9594.5422</dst>
      <dst id="13">4901.2711</dst>
      <dst id="19">143.3156</dst>
      <dst id="23">2.1778</dst>
      <dst id="8">515.1644</dst>
      <dst id="18">44.5867</dst>
      <dst id="4">1177.8844</dst>
      <dst id="1">476.1600</dst>
      <dst id="5">2976.2489</dst>
      <dst id="3">36.9778</dst>
      <dst id="10">970.3022</dst>
      <dst id="7">276.5156</dst>
      <dst id="2">553.3244</dst>
      <dst id="16">27.6711</dst>
      <dst id="14">17.0667</dst>
      <dst id="11">45.2711</dst>
      <dst id="9">1593.5289</dst>
      <dst id="17">4772.5867</dst>
      <dst id="21">388.4444</dst>
    </src>
    <src id="7">
      <dst id="12">29320.9067</dst>
      <dst id="13">5650.2933</dst>
      <dst id="19">5074.8622</dst>
      <dst id="23">208.2578</dst>
      <dst id="8">30.3022</dst>
      <dst id="18">150.9956</dst>
      <dst id="4">614.0444</dst>
      <dst id="1">6145.9200</dst>
      <dst id="5">193.4133</dst>
      <dst id="3">692.0800</dst>
      <dst id="10">416.3911</dst>
      <dst id="22">63.4222</dst>
      <dst id="7">42.8711</dst>
      <dst id="2">9434.5156</dst>
      <dst id="16">26451.0222</dst>
      <dst id="14">397.9467</dst>
      <dst id="20">82.3111</dst>
      <dst id="11">793.8667</dst>
      <dst id="9">2698.8978</dst>
      <dst id="17">8872.7289</dst>
      <dst id="21">1456.8089</dst>
      <dst id="15">3.3333</dst>
    </src>
    <src id="2">
      <dst id="12">164540.6222</dst>
      <dst id="13">30307.0578</dst>
      <dst id="19">848.7289</dst>
      <dst id="8">46.5778</dst>
      <dst id="18">22620.0978</dst>
      <dst id="4">2308.6044</dst>
      <dst id="1">105061.7867</dst>
      <dst id="5">1269.4400</dst>
      <dst id="3">897.6356</dst>
      <dst id="10">4175.6444</dst>
      <dst id="22">346.2933</dst>
      <dst id="7">7179.2622</dst>
      <dst id="2">3583.3778</dst>
      <dst id="6">1.4222</dst>
      <dst id="16">151.7067</dst>
      <dst id="14">280.2756</dst>
      <dst id="20">2039.8222</dst>
      <dst id="11">3028.2756</dst>
      <dst id="9">2684.6933</dst>
      <dst id="17">16492.2222</dst>
      <dst id="21">9282.1244</dst>
      <dst id="15">244.0089</dst>
    </src>
    <src id="6">
      <dst id="12">1659.8400</dst>
      <dst id="13">49.1200</dst>
      <dst id="19">89.6978</dst>
      <dst id="23">1.1378</dst>
      <dst id="8">0.7111</dst>
      <dst id="4">22.8089</dst>
      <dst id="1">1032.3467</dst>
      <dst id="5">11.4667</dst>
      <dst id="3">2.8800</dst>
      <dst id="10">1.1378</dst>
      <dst id="22">0.4622</dst>
      <dst id="7">248.9422</dst>
      <dst id="2">534.9422</dst>
      <dst id="16">19.9644</dst>
      <dst id="20">0.3556</dst>
      <dst id="11">0.3378</dst>
      <dst id="9">1141.6711</dst>
      <dst id="17">20221.3422</dst>
      <dst id="21">26.4000</dst>
      <dst id="15">1.1378</dst>
    </src>
    <src id="16">
      <dst id="12">189079.2267</dst>
      <dst id="13">1866.8089</dst>
      <dst id="19">4495.8044</dst>
      <dst id="23">0.6400</dst>
      <dst id="8">120265.9467</dst>
      <dst id="18">16.1956</dst>
      <dst id="4">388.7378</dst>
      <dst id="1">36468.7111</dst>
      <dst id="5">327082.3822</dst>
      <dst id="3">7386.6222</dst>
      <dst id="10">156.9244</dst>
      <dst id="2">201.2267</dst>
      <dst id="16">42126.6933</dst>
      <dst id="14">60588.8800</dst>
      <dst id="11">31322.9778</dst>
      <dst id="9">322794.0356</dst>
      <dst id="17">3016.6044</dst>
      <dst id="21">2.4178</dst>
    </src>
    <src id="14">
      <dst id="12">1105.6533</dst>
      <dst id="13">284.1333</dst>
      <dst id="19">31.8844</dst>
      <dst id="18">0.3556</dst>
      <dst id="4">287.5467</dst>
      <dst id="1">1349.1467</dst>
      <dst id="5">13.8933</dst>
      <dst id="3">1443.6978</dst>
      <dst id="10">99.1111</dst>
      <dst id="7">181.9111</dst>
      <dst id="2">87.6444</dst>
      <dst id="16">5566.1778</dst>
      <dst id="20">14.7022</dst>
      <dst id="11">12.9778</dst>
      <dst id="9">1650.9778</dst>
      <dst id="17">25965.1467</dst>
      <dst id="21">19.2356</dst>
    </src>
    <src id="20">
      <dst id="12">225.0756</dst>
      <dst id="13">1246.7644</dst>
      <dst id="19">30.9600</dst>
      <dst id="23">6.4356</dst>
      <dst id="8">3128.1156</dst>
      <dst id="18">12.6222</dst>
      <dst id="4">343.8578</dst>
      <dst id="1">326.7289</dst>
      <dst id="5">60.7911</dst>
      <dst id="3">1.0578</dst>
      <dst id="10">2483.2267</dst>
      <dst id="22">67.1289</dst>
      <dst id="7">768.1867</dst>
      <dst id="2">52.3822</dst>
      <dst id="16">8902.3022</dst>
      <dst id="14">22.3289</dst>
      <dst id="20">70.5689</dst>
      <dst id="9">483.6444</dst>
      <dst id="17">15717.8667</dst>
      <dst id="21">2695.2800</dst>
    </src>
    <src id="11">
      <dst id="12">51491.7956</dst>
      <dst id="13">4561.7778</dst>
      <dst id="19">76.1511</dst>
      <dst id="23">7.1200</dst>
      <dst id="8">3144.5778</dst>
      <dst id="18">264.6400</dst>
      <dst id="4">1267.9822</dst>
      <dst id="1">7307.9733</dst>
      <dst id="5">1548.1778</dst>
      <dst id="3">1539.1289</dst>
      <dst id="10">993.0400</dst>
      <dst id="2">3032.7822</dst>
      <dst id="16">28691.2533</dst>
      <dst id="14">103.6889</dst>
      <dst id="20">410.3644</dst>
      <dst id="11">1464.8178</dst>
      <dst id="9">57866.5156</dst>
      <dst id="17">581831.9822</dst>
      <dst id="21">622.6311</dst>
      <dst id="15">28.1778</dst>
    </src>
    <src id="9">
      <dst id="12">19612.5244</dst>
      <dst id="13">2362.2667</dst>
      <dst id="19">167.2533</dst>
      <dst id="23">20.6756</dst>
      <dst id="8">126717.2267</dst>
      <dst id="18">22.0356</dst>
      <dst id="4">1318.9867</dst>
      <dst id="1">14440.6400</dst>
      <dst id="5">419.4222</dst>
      <dst id="3">1620.8711</dst>
      <dst id="10">309.4933</dst>
      <dst id="2">314.9422</dst>
      <dst id="16">474802.8178</dst>
      <dst id="14">2.7467</dst>
      <dst id="11">48.8711</dst>
      <dst id="9">397305.1200</dst>
      <dst id="17">46557.8311</dst>
      <dst id="21">91.9911</dst>
      <dst id="15">12.2133</dst>
    </src>
    <src id="17">
      <dst id="12">153329.4756</dst>
      <dst id="13">32319.2800</dst>
      <dst id="19">2206.0444</dst>
      <dst id="23">37.8844</dst>
      <dst id="8">22455.5644</dst>
      <dst id="18">3829.0311</dst>
      <dst id="4">5869.4044</dst>
      <dst id="1">9913.2889</dst>
      <dst id="5">204883.8578</dst>
      <dst id="3">12843.0222</dst>
      <dst id="10">6555.5822</dst>
      <dst id="7">33187.4133</dst>
      <dst id="2">2712.1333</dst>
      <dst id="16">74445.0222</dst>
      <dst id="14">22828.2756</dst>
      <dst id="20">5861.3422</dst>
      <dst id="11">23095.7689</dst>
      <dst id="9">17172.1778</dst>
      <dst id="17">23531.2711</dst>
      <dst id="21">2458.8800</dst>
      <dst id="15">1015.7333</dst>
    </src>
    <src id="21">
      <dst id="12">2740.7733</dst>
      <dst id="13">2397.3511</dst>
      <dst id="19">407.9733</dst>
      <dst id="23">9.3244</dst>
      <dst id="8">159.3422</dst>
      <dst id="18">465.7067</dst>
      <dst id="4">1151.4222</dst>
      <dst id="1">40822.8711</dst>
      <dst id="5">528.4178</dst>
      <dst id="3">1930.1689</dst>
      <dst id="10">200.5956</dst>
      <dst id="7">7682.6489</dst>
      <dst id="2">5310.3911</dst>
      <dst id="16">7225.6267</dst>
      <dst id="14">131.4489</dst>
      <dst id="20">501.2711</dst>
      <dst id="11">187.2622</dst>
      <dst id="9">2878.8622</dst>
      <dst id="17">337451.5911</dst>
      <dst id="21">848.5778</dst>
      <dst id="15">42.8889</dst>
    </src>
    <src id="15">
      <dst id="12">60.0533</dst>
      <dst id="13">3171.8667</dst>
      <dst id="19">37.3422</dst>
      <dst id="23">0.7644</dst>
      <dst id="8">0.4622</dst>
      <dst id="18">11.9911</dst>
      <dst id="4">222.6044</dst>
      <dst id="1">72.0089</dst>
      <dst id="5">98.0889</dst>
      <dst id="10">42.4533</dst>
      <dst id="2">35.4667</dst>
      <dst id="16">931.7422</dst>
      <dst id="11">39.8756</dst>
      <dst id="9">1624.7111</dst>
      <dst id="17">5355.8400</dst>
    </src>
  </IntraTM>
</TrafficMatrixFile>
