<?xml version="1.0" encoding="UTF-8" standalone="yes"?>
<TrafficMatrixFile xmlns:xsi="http://www.w3.org/2001/XMLSchema-instance" xsi:noNamespaceSchemaLocation="http://totem.run.montefiore.ulg.ac.be/Schema/TrafficMatrix-v1_2.xsd">
  <info>
    <title>Intradomain traffic matrix generated by geant-TM-all.pl</title>
    <date>2005-03-11T07:15:00</date>
    <duration>900</duration>
    <author>Steve Uhlig</author>
    <units>
        <unit type="bandwidth" value="kbps"/>
    </units>
  </info>
  <IntraTM ASID="20965">
    <src id="12">
      <dst id="12">187294.5689</dst>
      <dst id="13">22834.1156</dst>
      <dst id="19">10455.8489</dst>
      <dst id="23">3205.9289</dst>
      <dst id="8">900.3733</dst>
      <dst id="18">120886.9867</dst>
      <dst id="4">19963.2622</dst>
      <dst id="1">38652.1511</dst>
      <dst id="5">4146.8533</dst>
      <dst id="3">86.4178</dst>
      <dst id="10">31842.9778</dst>
      <dst id="22">2871.6978</dst>
      <dst id="7">3628.2311</dst>
      <dst id="2">74419.9022</dst>
      <dst id="6">211.5733</dst>
      <dst id="16">6086.3111</dst>
      <dst id="14">292.7822</dst>
      <dst id="20">2711.8756</dst>
      <dst id="11">174.8356</dst>
      <dst id="9">7081.6356</dst>
      <dst id="17">121559.8489</dst>
      <dst id="21">7043.5289</dst>
      <dst id="15">927.3333</dst>
    </src>
    <src id="13">
      <dst id="12">51101.8133</dst>
      <dst id="13">10.1156</dst>
      <dst id="19">6720.0711</dst>
      <dst id="23">1318.0711</dst>
      <dst id="8">2107.3244</dst>
      <dst id="18">1969.3867</dst>
      <dst id="1">3116.6044</dst>
      <dst id="5">24982.9422</dst>
      <dst id="3">293.5556</dst>
      <dst id="22">7452.4622</dst>
      <dst id="7">13311.0489</dst>
      <dst id="2">55535.0756</dst>
      <dst id="6">127.6178</dst>
      <dst id="16">5457.4844</dst>
      <dst id="14">2778.2578</dst>
      <dst id="20">14866.7111</dst>
      <dst id="11">474.3378</dst>
      <dst id="9">7874.4444</dst>
      <dst id="17">53596.5244</dst>
      <dst id="21">6087.2089</dst>
      <dst id="15">8000.5244</dst>
    </src>
    <src id="19">
      <dst id="12">2974.2044</dst>
      <dst id="13">5277.6889</dst>
      <dst id="18">2.9067</dst>
      <dst id="4">16992.2933</dst>
      <dst id="1">41.4311</dst>
      <dst id="5">2.2400</dst>
      <dst id="3">0.3556</dst>
      <dst id="10">2504.3556</dst>
      <dst id="22">47.5289</dst>
      <dst id="7">3065.7778</dst>
      <dst id="2">464.9333</dst>
      <dst id="6">152.6044</dst>
      <dst id="16">4118.3556</dst>
      <dst id="14">6.0089</dst>
      <dst id="20">14.1511</dst>
      <dst id="11">22.7733</dst>
      <dst id="9">71.2978</dst>
      <dst id="17">1662.8800</dst>
      <dst id="21">658.2400</dst>
      <dst id="15">0.8178</dst>
    </src>
    <src id="23">
      <dst id="12">5681.4756</dst>
      <dst id="13">220.4711</dst>
      <dst id="19">0.5244</dst>
      <dst id="8">20.7289</dst>
      <dst id="18">45.8133</dst>
      <dst id="4">1840.3022</dst>
      <dst id="1">41.8578</dst>
      <dst id="5">13.3333</dst>
      <dst id="10">3032.4622</dst>
      <dst id="22">4504.4267</dst>
      <dst id="7">2051.9200</dst>
      <dst id="2">1857.2356</dst>
      <dst id="6">0.4978</dst>
      <dst id="16">935.1556</dst>
      <dst id="20">270.5333</dst>
      <dst id="9">5.8133</dst>
      <dst id="17">32101.6267</dst>
      <dst id="21">1639.7067</dst>
      <dst id="15">20.8356</dst>
    </src>
    <src id="8">
      <dst id="12">21816.0711</dst>
      <dst id="13">1505.9733</dst>
      <dst id="19">13.3333</dst>
      <dst id="23">0.3556</dst>
      <dst id="18">329.0311</dst>
      <dst id="4">969.0933</dst>
      <dst id="1">3582.6222</dst>
      <dst id="5">2183.2356</dst>
      <dst id="3">331.5556</dst>
      <dst id="10">1059.6267</dst>
      <dst id="7">27.0578</dst>
      <dst id="2">1070.2667</dst>
      <dst id="6">0.4178</dst>
      <dst id="16">135226.8089</dst>
      <dst id="14">13.3067</dst>
      <dst id="9">136023.3333</dst>
      <dst id="17">272196.3378</dst>
      <dst id="21">14.4711</dst>
      <dst id="15">588.0000</dst>
    </src>
    <src id="18">
      <dst id="12">98639.2267</dst>
      <dst id="13">175.3511</dst>
      <dst id="19">14.3644</dst>
      <dst id="23">1.3867</dst>
      <dst id="8">59.6267</dst>
      <dst id="4">581.7156</dst>
      <dst id="1">12870.4178</dst>
      <dst id="5">130.1244</dst>
      <dst id="3">1041.9644</dst>
      <dst id="10">447.3956</dst>
      <dst id="22">398.8444</dst>
      <dst id="7">26.4089</dst>
      <dst id="2">26189.2711</dst>
      <dst id="16">626.9600</dst>
      <dst id="14">0.7822</dst>
      <dst id="20">145.1022</dst>
      <dst id="11">1.5289</dst>
      <dst id="9">638.5600</dst>
      <dst id="17">54177.4667</dst>
      <dst id="21">483.0933</dst>
      <dst id="15">115.9022</dst>
    </src>
    <src id="4">
      <dst id="12">10978.8800</dst>
      <dst id="19">4125.1111</dst>
      <dst id="23">41.7067</dst>
      <dst id="8">1623.9200</dst>
      <dst id="18">924.2933</dst>
      <dst id="4">2768.5511</dst>
      <dst id="1">11039.1022</dst>
      <dst id="5">1428.0978</dst>
      <dst id="3">121.2000</dst>
      <dst id="7">62918.9244</dst>
      <dst id="2">31088.3378</dst>
      <dst id="6">0.7289</dst>
      <dst id="16">1389.2622</dst>
      <dst id="14">30020.7644</dst>
      <dst id="11">146.0000</dst>
      <dst id="9">4382.5867</dst>
      <dst id="17">17290.3911</dst>
      <dst id="21">5553.3244</dst>
      <dst id="15">488.0800</dst>
    </src>
    <src id="1">
      <dst id="12">1098869.8667</dst>
      <dst id="13">13317.9467</dst>
      <dst id="19">1152.0800</dst>
      <dst id="23">34.5689</dst>
      <dst id="8">41.9200</dst>
      <dst id="18">16915.3778</dst>
      <dst id="4">19127.1111</dst>
      <dst id="1">86542.3911</dst>
      <dst id="5">377.3600</dst>
      <dst id="3">1139.7156</dst>
      <dst id="10">1533.8933</dst>
      <dst id="7">7378.4000</dst>
      <dst id="2">11171.7333</dst>
      <dst id="6">1.4311</dst>
      <dst id="16">9150.8800</dst>
      <dst id="14">290.9511</dst>
      <dst id="20">1189.4489</dst>
      <dst id="11">41.6089</dst>
      <dst id="9">2963.9822</dst>
      <dst id="17">56771.2622</dst>
      <dst id="21">6867.8667</dst>
      <dst id="15">40.8800</dst>
    </src>
    <src id="5">
      <dst id="12">15698.5600</dst>
      <dst id="13">1908.6489</dst>
      <dst id="19">36.1600</dst>
      <dst id="8">494.3733</dst>
      <dst id="18">319.9556</dst>
      <dst id="4">1088.6044</dst>
      <dst id="1">32337.0133</dst>
      <dst id="3">344.1778</dst>
      <dst id="10">1383.7422</dst>
      <dst id="7">66.7378</dst>
      <dst id="2">520.3289</dst>
      <dst id="6">0.8178</dst>
      <dst id="16">128225.4400</dst>
      <dst id="11">29.7600</dst>
      <dst id="9">64411.4044</dst>
      <dst id="17">222138.7289</dst>
      <dst id="21">280.8356</dst>
      <dst id="15">198.5067</dst>
    </src>
    <src id="3">
      <dst id="12">16724.7111</dst>
      <dst id="13">681.1644</dst>
      <dst id="19">1776.5067</dst>
      <dst id="23">2.1333</dst>
      <dst id="8">1167.9378</dst>
      <dst id="18">92.9156</dst>
      <dst id="4">12491.5200</dst>
      <dst id="1">4857.6622</dst>
      <dst id="5">331.3244</dst>
      <dst id="3">155.3067</dst>
      <dst id="10">6124.9333</dst>
      <dst id="7">1833.0489</dst>
      <dst id="2">8233.2267</dst>
      <dst id="6">20.2844</dst>
      <dst id="16">1993.1200</dst>
      <dst id="14">196.0267</dst>
      <dst id="20">2016.0622</dst>
      <dst id="11">193.7333</dst>
      <dst id="9">1031.3867</dst>
      <dst id="17">26122.1956</dst>
      <dst id="21">1555.9822</dst>
      <dst id="15">99.2444</dst>
    </src>
    <src id="10">
      <dst id="12">10640.9067</dst>
      <dst id="19">1297.0311</dst>
      <dst id="23">551.2356</dst>
      <dst id="8">651.3600</dst>
      <dst id="18">4128.2844</dst>
      <dst id="1">558.9156</dst>
      <dst id="5">959.7511</dst>
      <dst id="3">961.9378</dst>
      <dst id="10">320.0000</dst>
      <dst id="7">6725.8578</dst>
      <dst id="2">24056.9956</dst>
      <dst id="6">53.4756</dst>
      <dst id="16">2025.1822</dst>
      <dst id="14">1108.4978</dst>
      <dst id="20">3504.9156</dst>
      <dst id="11">0.7556</dst>
      <dst id="9">4805.8578</dst>
      <dst id="17">46359.0222</dst>
      <dst id="21">15147.4044</dst>
      <dst id="15">794.4089</dst>
    </src>
    <src id="22">
      <dst id="12">15013.2089</dst>
      <dst id="13">1244.6400</dst>
      <dst id="19">510.5244</dst>
      <dst id="23">92.6044</dst>
      <dst id="8">716.1422</dst>
      <dst id="18">308.9956</dst>
      <dst id="4">4962.4178</dst>
      <dst id="1">158.7467</dst>
      <dst id="5">1263.5556</dst>
      <dst id="3">61.9733</dst>
      <dst id="10">1764.5156</dst>
      <dst id="7">972.2667</dst>
      <dst id="2">5757.4044</dst>
      <dst id="6">21.8667</dst>
      <dst id="16">2.5422</dst>
      <dst id="14">25.5911</dst>
      <dst id="11">85.0756</dst>
      <dst id="9">965.2356</dst>
      <dst id="17">7908.4089</dst>
      <dst id="21">312.0533</dst>
    </src>
    <src id="7">
      <dst id="12">13798.0711</dst>
      <dst id="13">159.5467</dst>
      <dst id="19">2006.4267</dst>
      <dst id="23">74.3200</dst>
      <dst id="8">637.4667</dst>
      <dst id="18">782.4000</dst>
      <dst id="4">33783.1644</dst>
      <dst id="1">21207.2800</dst>
      <dst id="5">2466.2044</dst>
      <dst id="3">399.2000</dst>
      <dst id="10">2237.9467</dst>
      <dst id="22">2306.9600</dst>
      <dst id="7">743.7333</dst>
      <dst id="2">9113.1111</dst>
      <dst id="6">1.1822</dst>
      <dst id="16">719.3422</dst>
      <dst id="14">331.9822</dst>
      <dst id="20">14874.8178</dst>
      <dst id="11">162.4978</dst>
      <dst id="9">353.7511</dst>
      <dst id="17">8390.8622</dst>
      <dst id="21">4545.8133</dst>
      <dst id="15">1025.2889</dst>
    </src>
    <src id="2">
      <dst id="12">68632.1600</dst>
      <dst id="13">12216.0089</dst>
      <dst id="19">744.7733</dst>
      <dst id="23">0.4622</dst>
      <dst id="8">1276.2489</dst>
      <dst id="18">60532.2044</dst>
      <dst id="4">27878.6756</dst>
      <dst id="1">4747.7244</dst>
      <dst id="5">561.0133</dst>
      <dst id="3">98.1422</dst>
      <dst id="10">21098.8533</dst>
      <dst id="22">2322.8711</dst>
      <dst id="7">15157.8578</dst>
      <dst id="2">1471.4844</dst>
      <dst id="6">15473.6000</dst>
      <dst id="16">1615.0756</dst>
      <dst id="14">213.0844</dst>
      <dst id="20">639.7600</dst>
      <dst id="11">127.8756</dst>
      <dst id="9">898.5778</dst>
      <dst id="17">21928.2133</dst>
      <dst id="21">12678.1156</dst>
      <dst id="15">13.0133</dst>
    </src>
    <src id="6">
      <dst id="12">1196.7378</dst>
      <dst id="13">22.6844</dst>
      <dst id="19">5.4222</dst>
      <dst id="23">1.1378</dst>
      <dst id="18">12.4444</dst>
      <dst id="4">45.7244</dst>
      <dst id="1">1851.0133</dst>
      <dst id="5">0.4622</dst>
      <dst id="3">15.8578</dst>
      <dst id="10">1161.4222</dst>
      <dst id="22">13.6000</dst>
      <dst id="7">1.1378</dst>
      <dst id="2">1028.0089</dst>
      <dst id="16">35.5378</dst>
      <dst id="11">78.0622</dst>
      <dst id="9">2.3467</dst>
      <dst id="17">19545.2800</dst>
      <dst id="21">1.5556</dst>
    </src>
    <src id="16">
      <dst id="12">191378.9244</dst>
      <dst id="13">981.0222</dst>
      <dst id="19">4630.1600</dst>
      <dst id="23">22.6133</dst>
      <dst id="8">159347.8933</dst>
      <dst id="18">451.8578</dst>
      <dst id="4">764.3378</dst>
      <dst id="1">10458.1867</dst>
      <dst id="5">242860.3289</dst>
      <dst id="3">8967.7511</dst>
      <dst id="10">935.3244</dst>
      <dst id="7">76.4622</dst>
      <dst id="2">3042.4889</dst>
      <dst id="16">181.9289</dst>
      <dst id="14">46382.4978</dst>
      <dst id="11">21665.0489</dst>
      <dst id="9">208561.0489</dst>
      <dst id="17">12289.4311</dst>
      <dst id="21">48.9422</dst>
    </src>
    <src id="14">
      <dst id="12">4386.3022</dst>
      <dst id="13">130.0800</dst>
      <dst id="19">54.3467</dst>
      <dst id="23">0.4622</dst>
      <dst id="8">11.4756</dst>
      <dst id="18">45.1556</dst>
      <dst id="4">1316.4356</dst>
      <dst id="1">4651.3600</dst>
      <dst id="5">0.6578</dst>
      <dst id="3">619.2889</dst>
      <dst id="10">789.8489</dst>
      <dst id="7">60.5600</dst>
      <dst id="2">2478.3200</dst>
      <dst id="16">800.0444</dst>
      <dst id="20">19.9022</dst>
      <dst id="11">13.3333</dst>
      <dst id="9">132.7733</dst>
      <dst id="17">30282.1778</dst>
      <dst id="21">124.8089</dst>
    </src>
    <src id="20">
      <dst id="12">6107.3067</dst>
      <dst id="13">3436.5600</dst>
      <dst id="19">82.0356</dst>
      <dst id="23">31.6444</dst>
      <dst id="8">226.7111</dst>
      <dst id="18">250.8800</dst>
      <dst id="4">4410.5156</dst>
      <dst id="1">157.4489</dst>
      <dst id="5">2841.4133</dst>
      <dst id="3">27.4844</dst>
      <dst id="10">527.3244</dst>
      <dst id="7">340.1156</dst>
      <dst id="2">3928.5333</dst>
      <dst id="16">288.5867</dst>
      <dst id="14">11.4578</dst>
      <dst id="20">60.0267</dst>
      <dst id="11">40.9689</dst>
      <dst id="9">5325.1378</dst>
      <dst id="17">6792.8089</dst>
      <dst id="21">182.1511</dst>
    </src>
    <src id="11">
      <dst id="12">45719.8844</dst>
      <dst id="13">3142.4978</dst>
      <dst id="19">987.8489</dst>
      <dst id="23">172.1956</dst>
      <dst id="8">2023.6444</dst>
      <dst id="18">250.0622</dst>
      <dst id="4">3926.8711</dst>
      <dst id="1">42537.7244</dst>
      <dst id="5">1523.7689</dst>
      <dst id="3">396.3644</dst>
      <dst id="10">8851.2178</dst>
      <dst id="7">601.0044</dst>
      <dst id="2">75042.4533</dst>
      <dst id="6">37.5644</dst>
      <dst id="16">32111.2000</dst>
      <dst id="14">36.5067</dst>
      <dst id="20">231.4311</dst>
      <dst id="11">861.3333</dst>
      <dst id="9">6319.1911</dst>
      <dst id="17">680113.4844</dst>
      <dst id="21">1287.8133</dst>
      <dst id="15">1308.9600</dst>
    </src>
    <src id="9">
      <dst id="12">34605.6889</dst>
      <dst id="13">11032.4622</dst>
      <dst id="19">3.7244</dst>
      <dst id="23">0.8178</dst>
      <dst id="8">122707.9556</dst>
      <dst id="18">1407.7511</dst>
      <dst id="4">2039.7333</dst>
      <dst id="1">11940.6489</dst>
      <dst id="5">6286.4622</dst>
      <dst id="3">361.6978</dst>
      <dst id="10">2064.4356</dst>
      <dst id="7">76.5867</dst>
      <dst id="2">3684.8622</dst>
      <dst id="6">0.3911</dst>
      <dst id="16">159660.6667</dst>
      <dst id="14">15.8933</dst>
      <dst id="11">35.8756</dst>
      <dst id="9">337893.8222</dst>
      <dst id="17">383190.2578</dst>
      <dst id="21">152.2400</dst>
      <dst id="15">12.0800</dst>
    </src>
    <src id="17">
      <dst id="12">167126.5067</dst>
      <dst id="13">4915.2711</dst>
      <dst id="19">3024.1244</dst>
      <dst id="23">343.5378</dst>
      <dst id="8">228.7111</dst>
      <dst id="18">1237.5822</dst>
      <dst id="4">27844.9067</dst>
      <dst id="1">18506.2133</dst>
      <dst id="5">173400.6667</dst>
      <dst id="3">3094.7111</dst>
      <dst id="10">13531.8222</dst>
      <dst id="7">2341.3778</dst>
      <dst id="2">15995.8044</dst>
      <dst id="6">12.6667</dst>
      <dst id="16">26467.0133</dst>
      <dst id="14">19353.2622</dst>
      <dst id="20">3967.2356</dst>
      <dst id="11">14857.9467</dst>
      <dst id="9">19566.7200</dst>
      <dst id="17">23700.3733</dst>
      <dst id="21">1763.1200</dst>
      <dst id="15">170.0178</dst>
    </src>
    <src id="21">
      <dst id="12">9445.8222</dst>
      <dst id="13">678.0000</dst>
      <dst id="19">251.6356</dst>
      <dst id="23">4.4444</dst>
      <dst id="8">470.3200</dst>
      <dst id="18">1685.5556</dst>
      <dst id="4">9396.6311</dst>
      <dst id="1">5901.3422</dst>
      <dst id="5">1057.9289</dst>
      <dst id="3">1074.6578</dst>
      <dst id="10">2661.1378</dst>
      <dst id="7">4098.6311</dst>
      <dst id="2">10115.1644</dst>
      <dst id="6">12.6222</dst>
      <dst id="16">1295.5733</dst>
      <dst id="14">145.9289</dst>
      <dst id="20">1756.0444</dst>
      <dst id="11">2781.2533</dst>
      <dst id="9">2016.5422</dst>
      <dst id="17">30401.7156</dst>
      <dst id="21">2640.0000</dst>
      <dst id="15">52.5333</dst>
    </src>
    <src id="15">
      <dst id="12">391.4044</dst>
      <dst id="13">830.5956</dst>
      <dst id="23">1.3867</dst>
      <dst id="8">43.7956</dst>
      <dst id="18">31.2267</dst>
      <dst id="4">581.3156</dst>
      <dst id="1">41.1467</dst>
      <dst id="5">8543.1111</dst>
      <dst id="3">2.9511</dst>
      <dst id="10">224.0711</dst>
      <dst id="7">54.4178</dst>
      <dst id="2">368.9689</dst>
      <dst id="16">189.4311</dst>
      <dst id="14">13.7956</dst>
      <dst id="11">3.7156</dst>
      <dst id="9">1850.1067</dst>
      <dst id="17">5578.2844</dst>
      <dst id="21">0.9156</dst>
    </src>
  </IntraTM>
</TrafficMatrixFile>
