<?xml version="1.0" encoding="UTF-8" standalone="yes"?>
<TrafficMatrixFile xmlns:xsi="http://www.w3.org/2001/XMLSchema-instance" xsi:noNamespaceSchemaLocation="http://totem.run.montefiore.ulg.ac.be/Schema/TrafficMatrix-v1_2.xsd">
  <info>
    <title>Intradomain traffic matrix generated by geant-TM-all.pl</title>
    <date>2005-04-27T03:45:00</date>
    <duration>900</duration>
    <author>Steve Uhlig</author>
    <units>
        <unit type="bandwidth" value="kbps"/>
    </units>
  </info>
  <IntraTM ASID="20965">
    <src id="12">
      <dst id="12">353959.3244</dst>
      <dst id="13">43266.5244</dst>
      <dst id="19">3938.4000</dst>
      <dst id="23">1768.2044</dst>
      <dst id="8">205.3244</dst>
      <dst id="18">45577.3422</dst>
      <dst id="4">4550.4533</dst>
      <dst id="1">30919.0667</dst>
      <dst id="5">2424.4089</dst>
      <dst id="3">269.8311</dst>
      <dst id="10">4087.5911</dst>
      <dst id="22">1205.3511</dst>
      <dst id="7">6386.8356</dst>
      <dst id="2">15213.2089</dst>
      <dst id="16">14851.6267</dst>
      <dst id="14">1055.6889</dst>
      <dst id="20">962.3822</dst>
      <dst id="11">3551.6978</dst>
      <dst id="9">25441.0933</dst>
      <dst id="17">32161.8578</dst>
      <dst id="21">437.9644</dst>
      <dst id="15">171.7867</dst>
    </src>
    <src id="13">
      <dst id="12">28388.7022</dst>
      <dst id="13">188.9333</dst>
      <dst id="19">1871.9644</dst>
      <dst id="23">132.6133</dst>
      <dst id="8">920.9867</dst>
      <dst id="18">2082.7111</dst>
      <dst id="4">1.8044</dst>
      <dst id="1">2589.1556</dst>
      <dst id="5">1939.1022</dst>
      <dst id="3">27.2444</dst>
      <dst id="22">183.5822</dst>
      <dst id="7">262.7644</dst>
      <dst id="2">32951.0667</dst>
      <dst id="16">1867.6533</dst>
      <dst id="14">387.6533</dst>
      <dst id="20">673.7244</dst>
      <dst id="11">68.0444</dst>
      <dst id="9">1419.8578</dst>
      <dst id="17">15249.0222</dst>
      <dst id="21">5435.8844</dst>
      <dst id="15">76.9689</dst>
    </src>
    <src id="19">
      <dst id="12">37840.9067</dst>
      <dst id="13">4122.4533</dst>
      <dst id="23">65.8489</dst>
      <dst id="8">16.1867</dst>
      <dst id="18">13.7956</dst>
      <dst id="4">284.8622</dst>
      <dst id="1">267.2267</dst>
      <dst id="5">16.2844</dst>
      <dst id="3">14.4267</dst>
      <dst id="10">87.6000</dst>
      <dst id="22">22.6667</dst>
      <dst id="7">205.2267</dst>
      <dst id="2">747.8578</dst>
      <dst id="16">257.0578</dst>
      <dst id="14">35.7511</dst>
      <dst id="20">141.2978</dst>
      <dst id="11">13.3333</dst>
      <dst id="9">243.4667</dst>
      <dst id="17">1230.8622</dst>
      <dst id="21">201.8933</dst>
      <dst id="15">0.5600</dst>
    </src>
    <src id="23">
      <dst id="12">1642.8178</dst>
      <dst id="13">276.7822</dst>
      <dst id="19">33.0133</dst>
      <dst id="8">13.3333</dst>
      <dst id="18">1.0756</dst>
      <dst id="4">109.9822</dst>
      <dst id="1">246.0889</dst>
      <dst id="5">1080.0000</dst>
      <dst id="10">141.6444</dst>
      <dst id="22">80.0000</dst>
      <dst id="7">20.2044</dst>
      <dst id="2">320.0000</dst>
      <dst id="11">65.8489</dst>
      <dst id="9">29.5733</dst>
      <dst id="17">1254.9333</dst>
      <dst id="21">69.7511</dst>
      <dst id="15">13.3333</dst>
    </src>
    <src id="8">
      <dst id="12">12142.8267</dst>
      <dst id="13">969.9733</dst>
      <dst id="19">1.4844</dst>
      <dst id="18">119.2267</dst>
      <dst id="4">148.4444</dst>
      <dst id="1">929.9111</dst>
      <dst id="5">1336.6400</dst>
      <dst id="3">214.9067</dst>
      <dst id="10">172.8533</dst>
      <dst id="2">38.4267</dst>
      <dst id="16">269982.1956</dst>
      <dst id="14">14.9156</dst>
      <dst id="11">1.3867</dst>
      <dst id="9">66445.6178</dst>
      <dst id="17">17530.0356</dst>
      <dst id="21">9.2800</dst>
      <dst id="15">30.1956</dst>
    </src>
    <src id="18">
      <dst id="12">125935.6711</dst>
      <dst id="13">330.0889</dst>
      <dst id="19">5.5200</dst>
      <dst id="8">1380.7467</dst>
      <dst id="4">317.5378</dst>
      <dst id="1">7286.0978</dst>
      <dst id="5">293.6267</dst>
      <dst id="3">1479.6622</dst>
      <dst id="10">65.7333</dst>
      <dst id="22">47.8667</dst>
      <dst id="7">90.0178</dst>
      <dst id="2">3518.2933</dst>
      <dst id="16">389.6178</dst>
      <dst id="14">0.3556</dst>
      <dst id="20">27.5289</dst>
      <dst id="11">0.6933</dst>
      <dst id="9">10134.1600</dst>
      <dst id="17">5589.7600</dst>
      <dst id="21">147.7778</dst>
      <dst id="15">1.2089</dst>
    </src>
    <src id="4">
      <dst id="12">14620.3289</dst>
      <dst id="13">7.8489</dst>
      <dst id="19">5643.7422</dst>
      <dst id="23">398.3111</dst>
      <dst id="8">2278.3022</dst>
      <dst id="18">451.8578</dst>
      <dst id="4">3298.1511</dst>
      <dst id="1">27101.9644</dst>
      <dst id="5">6825.2444</dst>
      <dst id="3">291.1289</dst>
      <dst id="7">817.2889</dst>
      <dst id="2">58087.9378</dst>
      <dst id="16">91251.6178</dst>
      <dst id="14">3054.5333</dst>
      <dst id="11">512.7911</dst>
      <dst id="9">24001.3422</dst>
      <dst id="17">67973.9733</dst>
      <dst id="21">5504.4178</dst>
      <dst id="15">403.4844</dst>
    </src>
    <src id="1">
      <dst id="12">214051.5733</dst>
      <dst id="13">2464.4889</dst>
      <dst id="19">184.5867</dst>
      <dst id="23">749.3244</dst>
      <dst id="8">3.8933</dst>
      <dst id="18">11534.4800</dst>
      <dst id="4">643.7600</dst>
      <dst id="1">1044877.3867</dst>
      <dst id="5">441.7511</dst>
      <dst id="3">8.6311</dst>
      <dst id="10">282.6133</dst>
      <dst id="7">3807.6089</dst>
      <dst id="2">12533.2533</dst>
      <dst id="16">137337.9022</dst>
      <dst id="14">39.0489</dst>
      <dst id="20">61.1733</dst>
      <dst id="11">3701.9200</dst>
      <dst id="9">3820.8267</dst>
      <dst id="17">11842.5778</dst>
      <dst id="21">820559.5111</dst>
      <dst id="15">411.4667</dst>
    </src>
    <src id="5">
      <dst id="12">18540.3644</dst>
      <dst id="13">1271.7156</dst>
      <dst id="19">16.5956</dst>
      <dst id="23">8.1422</dst>
      <dst id="8">378.2578</dst>
      <dst id="18">117.7244</dst>
      <dst id="4">927.0667</dst>
      <dst id="1">43898.6222</dst>
      <dst id="3">719.8133</dst>
      <dst id="10">358.0978</dst>
      <dst id="2">1747.8667</dst>
      <dst id="16">359942.8622</dst>
      <dst id="14">1.3422</dst>
      <dst id="11">7.0400</dst>
      <dst id="9">68999.4756</dst>
      <dst id="17">29316.8178</dst>
      <dst id="21">28.6933</dst>
      <dst id="15">4309.0489</dst>
    </src>
    <src id="3">
      <dst id="12">2612.6222</dst>
      <dst id="13">65983.4044</dst>
      <dst id="19">1006.1511</dst>
      <dst id="23">248.1511</dst>
      <dst id="8">16.8622</dst>
      <dst id="18">102.5689</dst>
      <dst id="4">696.1333</dst>
      <dst id="1">39586.1156</dst>
      <dst id="5">234.9422</dst>
      <dst id="3">135.1200</dst>
      <dst id="10">484.0000</dst>
      <dst id="7">39049.3422</dst>
      <dst id="2">2283.0578</dst>
      <dst id="16">18659.5556</dst>
      <dst id="14">142.3111</dst>
      <dst id="20">26.1244</dst>
      <dst id="11">215.4222</dst>
      <dst id="9">2957.0756</dst>
      <dst id="17">20141.9378</dst>
      <dst id="21">696.0444</dst>
      <dst id="15">23.2889</dst>
    </src>
    <src id="10">
      <dst id="12">2498.6933</dst>
      <dst id="13">3.8578</dst>
      <dst id="19">887.6000</dst>
      <dst id="23">85.0756</dst>
      <dst id="8">63.2089</dst>
      <dst id="18">721.1556</dst>
      <dst id="1">516.9867</dst>
      <dst id="5">2056.1244</dst>
      <dst id="3">58.3378</dst>
      <dst id="2">23757.0133</dst>
      <dst id="16">24927.3511</dst>
      <dst id="14">1014.0356</dst>
      <dst id="20">950.3556</dst>
      <dst id="11">75.4222</dst>
      <dst id="9">5130.4889</dst>
      <dst id="17">16708.5156</dst>
      <dst id="21">7272.3911</dst>
      <dst id="15">35.4222</dst>
    </src>
    <src id="22">
      <dst id="12">18813.8844</dst>
      <dst id="13">6895.2533</dst>
      <dst id="19">2064.7822</dst>
      <dst id="23">5.4133</dst>
      <dst id="8">82.4800</dst>
      <dst id="18">225.2800</dst>
      <dst id="4">1443.3422</dst>
      <dst id="1">72.9244</dst>
      <dst id="5">3897.5289</dst>
      <dst id="3">42.0444</dst>
      <dst id="10">203.2444</dst>
      <dst id="7">56.1067</dst>
      <dst id="2">952.2489</dst>
      <dst id="16">208.1956</dst>
      <dst id="14">69.1289</dst>
      <dst id="11">15.5644</dst>
      <dst id="9">1285.6622</dst>
      <dst id="17">4208.2844</dst>
      <dst id="21">382.7556</dst>
    </src>
    <src id="7">
      <dst id="12">22002.1778</dst>
      <dst id="13">8315.4933</dst>
      <dst id="19">133.1911</dst>
      <dst id="23">32.3467</dst>
      <dst id="8">40.3556</dst>
      <dst id="18">10.0356</dst>
      <dst id="4">891.2356</dst>
      <dst id="1">1071.9200</dst>
      <dst id="5">29.4400</dst>
      <dst id="3">119.6889</dst>
      <dst id="10">145.2444</dst>
      <dst id="22">55.9289</dst>
      <dst id="7">24.3467</dst>
      <dst id="2">405.9022</dst>
      <dst id="16">277.8222</dst>
      <dst id="14">26.7822</dst>
      <dst id="20">3.6178</dst>
      <dst id="11">64.2044</dst>
      <dst id="9">4143.1378</dst>
      <dst id="17">1411.7600</dst>
      <dst id="21">375.4578</dst>
      <dst id="15">6.4000</dst>
    </src>
    <src id="2">
      <dst id="12">137742.9156</dst>
      <dst id="13">38725.9467</dst>
      <dst id="19">694.9511</dst>
      <dst id="23">7.3956</dst>
      <dst id="8">2107.9378</dst>
      <dst id="18">26118.2400</dst>
      <dst id="4">5877.0133</dst>
      <dst id="1">52053.4133</dst>
      <dst id="5">2926.9778</dst>
      <dst id="3">42.0711</dst>
      <dst id="10">2875.2178</dst>
      <dst id="22">452.5956</dst>
      <dst id="7">18705.0578</dst>
      <dst id="2">4199.3956</dst>
      <dst id="6">2.9156</dst>
      <dst id="16">349.2978</dst>
      <dst id="14">277.6267</dst>
      <dst id="20">676.3822</dst>
      <dst id="11">238.8000</dst>
      <dst id="9">606.9600</dst>
      <dst id="17">6464.7822</dst>
      <dst id="21">946.5689</dst>
      <dst id="15">184.7644</dst>
    </src>
    <src id="6">
      <dst id="12">200.0533</dst>
      <dst id="13">62.4800</dst>
      <dst id="19">3.4667</dst>
      <dst id="4">7.3156</dst>
      <dst id="1">2501.6711</dst>
      <dst id="5">3.1200</dst>
      <dst id="3">29.0578</dst>
      <dst id="22">0.7644</dst>
      <dst id="7">12.8178</dst>
      <dst id="2">1391.6356</dst>
      <dst id="16">10.7556</dst>
      <dst id="11">0.7111</dst>
      <dst id="9">1678.5600</dst>
      <dst id="17">30888.1244</dst>
      <dst id="21">6.7556</dst>
      <dst id="15">11.7867</dst>
    </src>
    <src id="16">
      <dst id="12">106919.8489</dst>
      <dst id="13">1038.7111</dst>
      <dst id="19">4560.3467</dst>
      <dst id="23">0.5689</dst>
      <dst id="8">94610.0089</dst>
      <dst id="18">14.6756</dst>
      <dst id="4">438.7733</dst>
      <dst id="1">22598.8711</dst>
      <dst id="5">294026.6844</dst>
      <dst id="3">4008.5333</dst>
      <dst id="10">125.0756</dst>
      <dst id="2">1085.3600</dst>
      <dst id="16">21749.2356</dst>
      <dst id="14">48840.6489</dst>
      <dst id="11">12067.3511</dst>
      <dst id="9">203305.8044</dst>
      <dst id="17">2137.2622</dst>
    </src>
    <src id="14">
      <dst id="12">207.1467</dst>
      <dst id="13">289.9022</dst>
      <dst id="19">27.4844</dst>
      <dst id="8">0.8533</dst>
      <dst id="4">189.9644</dst>
      <dst id="1">1546.8267</dst>
      <dst id="5">20.1778</dst>
      <dst id="3">474.5156</dst>
      <dst id="10">60.7467</dst>
      <dst id="7">52.4533</dst>
      <dst id="2">125.5111</dst>
      <dst id="16">2258.1956</dst>
      <dst id="11">12.1067</dst>
      <dst id="9">1284.9867</dst>
      <dst id="17">29340.8889</dst>
      <dst id="21">162.6578</dst>
    </src>
    <src id="20">
      <dst id="12">299.1822</dst>
      <dst id="13">15230.6933</dst>
      <dst id="19">3466.6667</dst>
      <dst id="8">31.3689</dst>
      <dst id="18">8.8444</dst>
      <dst id="4">297.9911</dst>
      <dst id="1">143.7333</dst>
      <dst id="5">185.5822</dst>
      <dst id="3">1.2800</dst>
      <dst id="10">143.5200</dst>
      <dst id="22">14.3289</dst>
      <dst id="7">56.2578</dst>
      <dst id="2">33.8311</dst>
      <dst id="16">14277.3867</dst>
      <dst id="20">64.4889</dst>
      <dst id="11">0.5956</dst>
      <dst id="9">1637.1289</dst>
      <dst id="17">2718.6222</dst>
      <dst id="21">67.6711</dst>
    </src>
    <src id="11">
      <dst id="12">21967.5556</dst>
      <dst id="13">11147.3956</dst>
      <dst id="19">69.5022</dst>
      <dst id="23">10.8622</dst>
      <dst id="8">96.3378</dst>
      <dst id="18">207.6622</dst>
      <dst id="4">840.4178</dst>
      <dst id="1">51517.7422</dst>
      <dst id="5">685.9111</dst>
      <dst id="3">794.8178</dst>
      <dst id="10">370.5511</dst>
      <dst id="2">7006.1689</dst>
      <dst id="16">30434.4978</dst>
      <dst id="14">13.2800</dst>
      <dst id="20">127.1111</dst>
      <dst id="11">1174.9333</dst>
      <dst id="9">60168.2667</dst>
      <dst id="17">582181.2178</dst>
      <dst id="21">222.5244</dst>
      <dst id="15">3.7867</dst>
    </src>
    <src id="9">
      <dst id="12">21806.8889</dst>
      <dst id="13">2558.0978</dst>
      <dst id="19">0.4711</dst>
      <dst id="23">3.0756</dst>
      <dst id="8">84128.2222</dst>
      <dst id="18">54.5511</dst>
      <dst id="4">2539.8844</dst>
      <dst id="1">10072.7911</dst>
      <dst id="5">422.1867</dst>
      <dst id="3">560.5244</dst>
      <dst id="10">556.4978</dst>
      <dst id="2">1825.2089</dst>
      <dst id="16">506148.0444</dst>
      <dst id="14">37.8667</dst>
      <dst id="11">2.2400</dst>
      <dst id="9">286630.2667</dst>
      <dst id="17">39414.0622</dst>
      <dst id="21">111.0578</dst>
      <dst id="15">856.0978</dst>
    </src>
    <src id="17">
      <dst id="12">74878.5956</dst>
      <dst id="13">17218.4178</dst>
      <dst id="19">519.6622</dst>
      <dst id="23">65.0133</dst>
      <dst id="8">279.8311</dst>
      <dst id="18">486.8889</dst>
      <dst id="4">4575.3956</dst>
      <dst id="1">2648.5333</dst>
      <dst id="5">215808.1422</dst>
      <dst id="3">6720.8800</dst>
      <dst id="10">2212.8089</dst>
      <dst id="7">1234.2578</dst>
      <dst id="2">8176.8800</dst>
      <dst id="16">41065.1022</dst>
      <dst id="14">16163.2711</dst>
      <dst id="20">950.4089</dst>
      <dst id="11">10464.4622</dst>
      <dst id="9">5173.5822</dst>
      <dst id="17">9713.6356</dst>
      <dst id="21">1545.8311</dst>
      <dst id="15">1864.1511</dst>
    </src>
    <src id="21">
      <dst id="12">699.6356</dst>
      <dst id="13">768.7200</dst>
      <dst id="19">150.7644</dst>
      <dst id="23">21.2889</dst>
      <dst id="8">10.9067</dst>
      <dst id="18">160.3556</dst>
      <dst id="4">453.9111</dst>
      <dst id="1">25457.2000</dst>
      <dst id="5">613.1556</dst>
      <dst id="3">775.0933</dst>
      <dst id="10">104.6133</dst>
      <dst id="7">236.6311</dst>
      <dst id="2">1382.0978</dst>
      <dst id="16">4343.9200</dst>
      <dst id="14">97.3511</dst>
      <dst id="20">64.8089</dst>
      <dst id="11">113.5200</dst>
      <dst id="9">4363.7422</dst>
      <dst id="17">43372.4356</dst>
      <dst id="21">760.8089</dst>
      <dst id="15">89.0667</dst>
    </src>
    <src id="15">
      <dst id="12">56.4000</dst>
      <dst id="13">374.1511</dst>
      <dst id="19">14.1333</dst>
      <dst id="8">2645.6178</dst>
      <dst id="18">0.9956</dst>
      <dst id="4">11.4044</dst>
      <dst id="1">98.0711</dst>
      <dst id="5">4194.7467</dst>
      <dst id="10">44.5156</dst>
      <dst id="2">20.5511</dst>
      <dst id="16">402.8000</dst>
      <dst id="11">0.4622</dst>
      <dst id="9">363.5111</dst>
      <dst id="17">389.3778</dst>
      <dst id="21">0.5600</dst>
    </src>
  </IntraTM>
</TrafficMatrixFile>
