<?xml version="1.0" encoding="UTF-8" standalone="yes"?>
<TrafficMatrixFile xmlns:xsi="http://www.w3.org/2001/XMLSchema-instance" xsi:noNamespaceSchemaLocation="http://totem.run.montefiore.ulg.ac.be/Schema/TrafficMatrix-v1_2.xsd">
  <info>
    <title>Intradomain traffic matrix generated by geant-TM-all.pl</title>
    <date>2005-03-11T15:00:00</date>
    <duration>900</duration>
    <author>Steve Uhlig</author>
    <units>
        <unit type="bandwidth" value="kbps"/>
    </units>
  </info>
  <IntraTM ASID="20965">
    <src id="12">
      <dst id="12">218537.1911</dst>
      <dst id="13">11253.2533</dst>
      <dst id="19">792.8889</dst>
      <dst id="23">925.5644</dst>
      <dst id="8">612.3022</dst>
      <dst id="18">66060.9778</dst>
      <dst id="4">13021.1556</dst>
      <dst id="1">25317.3244</dst>
      <dst id="5">634.8000</dst>
      <dst id="3">25.6622</dst>
      <dst id="10">19844.0267</dst>
      <dst id="22">1187.4578</dst>
      <dst id="7">1373.2089</dst>
      <dst id="2">20058.6489</dst>
      <dst id="6">1814.3111</dst>
      <dst id="16">534.3733</dst>
      <dst id="14">1899.9200</dst>
      <dst id="20">164.1867</dst>
      <dst id="11">55.7689</dst>
      <dst id="9">5433.1733</dst>
      <dst id="17">83539.3422</dst>
      <dst id="21">581.5467</dst>
      <dst id="15">211.6978</dst>
    </src>
    <src id="13">
      <dst id="12">40731.1644</dst>
      <dst id="13">17.9378</dst>
      <dst id="19">2761.0489</dst>
      <dst id="23">1370.4000</dst>
      <dst id="8">1020.0267</dst>
      <dst id="18">1621.5200</dst>
      <dst id="1">3729.6089</dst>
      <dst id="5">5756.8978</dst>
      <dst id="3">73.2800</dst>
      <dst id="22">4942.3289</dst>
      <dst id="7">7467.2889</dst>
      <dst id="2">21158.8267</dst>
      <dst id="6">932.4622</dst>
      <dst id="16">57.7422</dst>
      <dst id="14">3444.1067</dst>
      <dst id="20">6148.7644</dst>
      <dst id="11">327.8311</dst>
      <dst id="9">2311.6889</dst>
      <dst id="17">45022.9600</dst>
      <dst id="21">4506.5956</dst>
      <dst id="15">644.1956</dst>
    </src>
    <src id="19">
      <dst id="12">7819.6178</dst>
      <dst id="13">78.6933</dst>
      <dst id="23">0.3378</dst>
      <dst id="8">0.9778</dst>
      <dst id="18">1.4578</dst>
      <dst id="4">16055.3778</dst>
      <dst id="1">123.0667</dst>
      <dst id="5">5.7333</dst>
      <dst id="3">1.5111</dst>
      <dst id="10">1518.5422</dst>
      <dst id="22">61.8311</dst>
      <dst id="7">4003.5022</dst>
      <dst id="2">172.4800</dst>
      <dst id="6">5.5644</dst>
      <dst id="16">0.4622</dst>
      <dst id="14">29.3067</dst>
      <dst id="20">295.9556</dst>
      <dst id="11">15.4311</dst>
      <dst id="9">212.4978</dst>
      <dst id="17">1030.3911</dst>
      <dst id="21">15.9467</dst>
      <dst id="15">1.3867</dst>
    </src>
    <src id="23">
      <dst id="12">1852.9333</dst>
      <dst id="13">22.1689</dst>
      <dst id="19">13.3689</dst>
      <dst id="18">0.3556</dst>
      <dst id="4">4377.7422</dst>
      <dst id="1">44.5244</dst>
      <dst id="5">0.5956</dst>
      <dst id="10">381.2622</dst>
      <dst id="22">99.4667</dst>
      <dst id="7">1773.6178</dst>
      <dst id="2">606.1778</dst>
      <dst id="16">73.8222</dst>
      <dst id="20">57.4222</dst>
      <dst id="11">12.9600</dst>
      <dst id="9">3.7422</dst>
      <dst id="17">22249.1733</dst>
      <dst id="21">26.1689</dst>
    </src>
    <src id="8">
      <dst id="12">17816.2578</dst>
      <dst id="13">422.1600</dst>
      <dst id="19">13.8044</dst>
      <dst id="18">141.9289</dst>
      <dst id="4">1010.7733</dst>
      <dst id="1">1727.4756</dst>
      <dst id="5">441.5111</dst>
      <dst id="3">208.3733</dst>
      <dst id="10">2098.4267</dst>
      <dst id="7">335.0489</dst>
      <dst id="2">83.7422</dst>
      <dst id="6">11.0222</dst>
      <dst id="16">84615.0133</dst>
      <dst id="11">4.0622</dst>
      <dst id="9">98380.2489</dst>
      <dst id="17">198806.1333</dst>
      <dst id="21">0.4178</dst>
      <dst id="15">5.5111</dst>
    </src>
    <src id="18">
      <dst id="12">88547.3333</dst>
      <dst id="13">116.7467</dst>
      <dst id="19">0.3911</dst>
      <dst id="23">2.1156</dst>
      <dst id="8">47.6267</dst>
      <dst id="4">131.7600</dst>
      <dst id="1">10119.1644</dst>
      <dst id="5">173.4222</dst>
      <dst id="3">416.5156</dst>
      <dst id="10">175.7422</dst>
      <dst id="22">187.6800</dst>
      <dst id="7">40.0000</dst>
      <dst id="2">17349.4756</dst>
      <dst id="16">830.3200</dst>
      <dst id="14">57.9556</dst>
      <dst id="20">40.8178</dst>
      <dst id="11">13.8222</dst>
      <dst id="9">319.1022</dst>
      <dst id="17">42666.0000</dst>
      <dst id="21">180.9867</dst>
      <dst id="15">0.6400</dst>
    </src>
    <src id="4">
      <dst id="12">11241.3244</dst>
      <dst id="13">1.8844</dst>
      <dst id="19">3420.0000</dst>
      <dst id="23">73.6978</dst>
      <dst id="8">308.0711</dst>
      <dst id="18">169.4578</dst>
      <dst id="4">988.6933</dst>
      <dst id="1">63795.5200</dst>
      <dst id="5">238.3378</dst>
      <dst id="3">201.9733</dst>
      <dst id="7">5166.7378</dst>
      <dst id="2">28790.0978</dst>
      <dst id="6">6.9333</dst>
      <dst id="16">1718.8978</dst>
      <dst id="14">2461.9467</dst>
      <dst id="11">162.3733</dst>
      <dst id="9">5152.1778</dst>
      <dst id="17">9025.5467</dst>
      <dst id="21">2149.6800</dst>
      <dst id="15">339.1289</dst>
    </src>
    <src id="1">
      <dst id="12">576930.0622</dst>
      <dst id="13">149.6356</dst>
      <dst id="19">80.9689</dst>
      <dst id="23">16.0889</dst>
      <dst id="8">1.9289</dst>
      <dst id="18">14098.9689</dst>
      <dst id="4">2172.0889</dst>
      <dst id="1">300307.1733</dst>
      <dst id="5">290.8800</dst>
      <dst id="3">49.6089</dst>
      <dst id="10">1796.9067</dst>
      <dst id="7">2230.7289</dst>
      <dst id="2">2108.2222</dst>
      <dst id="6">2.4711</dst>
      <dst id="16">9411.2711</dst>
      <dst id="14">267.3422</dst>
      <dst id="20">6631.3333</dst>
      <dst id="11">23.8756</dst>
      <dst id="9">1073.1200</dst>
      <dst id="17">16529.8578</dst>
      <dst id="21">11278.8622</dst>
      <dst id="15">196.6933</dst>
    </src>
    <src id="5">
      <dst id="12">13181.6178</dst>
      <dst id="13">336.5867</dst>
      <dst id="19">0.8889</dst>
      <dst id="8">334.2311</dst>
      <dst id="18">156.4444</dst>
      <dst id="4">698.3200</dst>
      <dst id="1">19657.3333</dst>
      <dst id="3">542.1511</dst>
      <dst id="10">1114.4800</dst>
      <dst id="7">107.3867</dst>
      <dst id="2">79.4222</dst>
      <dst id="16">106018.4000</dst>
      <dst id="14">56.9511</dst>
      <dst id="11">21.4400</dst>
      <dst id="9">28119.0133</dst>
      <dst id="17">168809.1378</dst>
      <dst id="21">174.4711</dst>
      <dst id="15">20.7556</dst>
    </src>
    <src id="3">
      <dst id="12">18832.4356</dst>
      <dst id="13">396.1867</dst>
      <dst id="19">1169.9111</dst>
      <dst id="23">15.3333</dst>
      <dst id="8">13.7956</dst>
      <dst id="18">53.7867</dst>
      <dst id="4">32255.4311</dst>
      <dst id="1">5878.7022</dst>
      <dst id="5">198.6578</dst>
      <dst id="3">229.2533</dst>
      <dst id="10">3285.8311</dst>
      <dst id="7">792.2844</dst>
      <dst id="2">1930.0533</dst>
      <dst id="6">0.8356</dst>
      <dst id="16">1023.7067</dst>
      <dst id="14">270.3200</dst>
      <dst id="20">128.7644</dst>
      <dst id="11">663.2356</dst>
      <dst id="9">1120.3111</dst>
      <dst id="17">16566.4356</dst>
      <dst id="21">2515.8222</dst>
      <dst id="15">14.6844</dst>
    </src>
    <src id="10">
      <dst id="12">23154.3022</dst>
      <dst id="19">3223.1733</dst>
      <dst id="23">167.2000</dst>
      <dst id="8">145.5644</dst>
      <dst id="18">293.4933</dst>
      <dst id="1">1707.1822</dst>
      <dst id="5">679.5200</dst>
      <dst id="3">1211.7156</dst>
      <dst id="7">10672.9689</dst>
      <dst id="2">20631.7067</dst>
      <dst id="6">0.3467</dst>
      <dst id="16">4076.6311</dst>
      <dst id="14">1258.7733</dst>
      <dst id="20">1287.5467</dst>
      <dst id="11">12.9778</dst>
      <dst id="9">3951.3956</dst>
      <dst id="17">36535.3333</dst>
      <dst id="21">7452.7111</dst>
      <dst id="15">32.2756</dst>
    </src>
    <src id="22">
      <dst id="12">6646.1511</dst>
      <dst id="13">764.4622</dst>
      <dst id="19">150.4711</dst>
      <dst id="23">16.1067</dst>
      <dst id="8">87.6000</dst>
      <dst id="18">496.8000</dst>
      <dst id="4">3608.4978</dst>
      <dst id="1">269.2978</dst>
      <dst id="5">330.7111</dst>
      <dst id="3">3.9289</dst>
      <dst id="10">2659.6267</dst>
      <dst id="7">292.2756</dst>
      <dst id="2">443.6622</dst>
      <dst id="6">1.7067</dst>
      <dst id="14">341.0667</dst>
      <dst id="11">83.7156</dst>
      <dst id="9">1181.0933</dst>
      <dst id="17">3559.2267</dst>
      <dst id="21">417.2356</dst>
    </src>
    <src id="7">
      <dst id="12">6606.7644</dst>
      <dst id="13">307.9822</dst>
      <dst id="19">243.6356</dst>
      <dst id="23">40.7111</dst>
      <dst id="8">113.3067</dst>
      <dst id="18">96.7111</dst>
      <dst id="4">57799.3689</dst>
      <dst id="1">11744.5067</dst>
      <dst id="5">834.2933</dst>
      <dst id="3">498.1511</dst>
      <dst id="10">1131.7956</dst>
      <dst id="22">1362.7911</dst>
      <dst id="7">633.2889</dst>
      <dst id="2">5253.5644</dst>
      <dst id="6">54.8267</dst>
      <dst id="16">1.6356</dst>
      <dst id="14">377.8756</dst>
      <dst id="20">161.0756</dst>
      <dst id="11">64.9067</dst>
      <dst id="9">700.7556</dst>
      <dst id="17">12041.3244</dst>
      <dst id="21">3578.8800</dst>
      <dst id="15">249.9911</dst>
    </src>
    <src id="2">
      <dst id="12">57023.9200</dst>
      <dst id="13">2403.2533</dst>
      <dst id="19">371.4400</dst>
      <dst id="23">1.3867</dst>
      <dst id="8">66.6756</dst>
      <dst id="18">35043.0044</dst>
      <dst id="4">26706.3556</dst>
      <dst id="1">1698.6756</dst>
      <dst id="5">250.0978</dst>
      <dst id="3">85.5556</dst>
      <dst id="10">14945.6533</dst>
      <dst id="22">570.1067</dst>
      <dst id="7">5519.1733</dst>
      <dst id="2">1601.6178</dst>
      <dst id="6">16672.9067</dst>
      <dst id="16">0.5689</dst>
      <dst id="14">146.5156</dst>
      <dst id="20">708.1156</dst>
      <dst id="11">124.7111</dst>
      <dst id="9">1547.7867</dst>
      <dst id="17">9591.6356</dst>
      <dst id="21">2074.7200</dst>
      <dst id="15">37.0044</dst>
    </src>
    <src id="6">
      <dst id="12">1826.8800</dst>
      <dst id="13">35.8311</dst>
      <dst id="23">0.3378</dst>
      <dst id="8">0.7111</dst>
      <dst id="4">0.7111</dst>
      <dst id="1">1829.3511</dst>
      <dst id="5">0.3556</dst>
      <dst id="3">32.9956</dst>
      <dst id="10">962.9778</dst>
      <dst id="22">25.7422</dst>
      <dst id="7">6.0178</dst>
      <dst id="2">805.5822</dst>
      <dst id="16">5.1644</dst>
      <dst id="20">0.4622</dst>
      <dst id="11">73.6000</dst>
      <dst id="9">543.3333</dst>
      <dst id="17">14981.6622</dst>
      <dst id="15">0.3378</dst>
    </src>
    <src id="16">
      <dst id="12">112932.8000</dst>
      <dst id="13">809.0489</dst>
      <dst id="19">4543.8844</dst>
      <dst id="23">28.2933</dst>
      <dst id="8">44030.8978</dst>
      <dst id="18">667.9467</dst>
      <dst id="4">1317.8400</dst>
      <dst id="1">12914.6133</dst>
      <dst id="5">133386.0356</dst>
      <dst id="3">3698.8000</dst>
      <dst id="10">687.7422</dst>
      <dst id="7">33.3422</dst>
      <dst id="2">1523.9556</dst>
      <dst id="6">13.1556</dst>
      <dst id="16">838.2578</dst>
      <dst id="14">47825.2800</dst>
      <dst id="11">17262.6222</dst>
      <dst id="9">124341.3156</dst>
      <dst id="17">7370.6044</dst>
      <dst id="21">0.3556</dst>
    </src>
    <src id="14">
      <dst id="12">3549.6533</dst>
      <dst id="13">161.1378</dst>
      <dst id="19">7.1822</dst>
      <dst id="23">1.5911</dst>
      <dst id="8">1.3244</dst>
      <dst id="18">10.5244</dst>
      <dst id="4">496.4800</dst>
      <dst id="1">4076.1778</dst>
      <dst id="5">2.5067</dst>
      <dst id="3">661.1644</dst>
      <dst id="10">608.0356</dst>
      <dst id="7">529.4133</dst>
      <dst id="2">1516.3111</dst>
      <dst id="16">2034.8089</dst>
      <dst id="11">13.5467</dst>
      <dst id="9">356.4444</dst>
      <dst id="17">28297.7422</dst>
      <dst id="21">101.7956</dst>
    </src>
    <src id="20">
      <dst id="12">1855.3867</dst>
      <dst id="13">625.5911</dst>
      <dst id="19">15080.7911</dst>
      <dst id="23">27.3778</dst>
      <dst id="8">44.2667</dst>
      <dst id="18">1.5911</dst>
      <dst id="4">5190.2222</dst>
      <dst id="1">1993.6267</dst>
      <dst id="5">124.5422</dst>
      <dst id="3">12.2667</dst>
      <dst id="10">1173.8933</dst>
      <dst id="7">50.9333</dst>
      <dst id="2">3909.0844</dst>
      <dst id="6">5.3333</dst>
      <dst id="14">13.6889</dst>
      <dst id="20">48.9689</dst>
      <dst id="11">1.5289</dst>
      <dst id="9">624.5956</dst>
      <dst id="17">10155.0844</dst>
      <dst id="21">107.0933</dst>
    </src>
    <src id="11">
      <dst id="12">44279.3867</dst>
      <dst id="13">2729.5289</dst>
      <dst id="19">929.5644</dst>
      <dst id="23">35.3511</dst>
      <dst id="8">421.9733</dst>
      <dst id="18">52.6133</dst>
      <dst id="4">1946.9689</dst>
      <dst id="1">35897.6889</dst>
      <dst id="5">950.2667</dst>
      <dst id="3">858.2222</dst>
      <dst id="10">6301.9022</dst>
      <dst id="7">195.1467</dst>
      <dst id="2">44268.0444</dst>
      <dst id="6">2.9422</dst>
      <dst id="16">27096.7556</dst>
      <dst id="14">103.1200</dst>
      <dst id="20">223.2622</dst>
      <dst id="11">1593.5911</dst>
      <dst id="9">3172.6133</dst>
      <dst id="17">552116.2667</dst>
      <dst id="21">1187.5200</dst>
      <dst id="15">1382.2756</dst>
    </src>
    <src id="9">
      <dst id="12">29862.3022</dst>
      <dst id="13">5157.8844</dst>
      <dst id="19">104.5244</dst>
      <dst id="23">0.8356</dst>
      <dst id="8">73157.4222</dst>
      <dst id="18">4.5067</dst>
      <dst id="4">6539.8578</dst>
      <dst id="1">4690.7289</dst>
      <dst id="5">493.3156</dst>
      <dst id="3">727.1289</dst>
      <dst id="10">1824.7911</dst>
      <dst id="7">409.2000</dst>
      <dst id="2">369.6267</dst>
      <dst id="6">1.8133</dst>
      <dst id="16">150174.9511</dst>
      <dst id="14">6.9333</dst>
      <dst id="11">9.1378</dst>
      <dst id="9">269505.8400</dst>
      <dst id="17">290046.6222</dst>
      <dst id="21">1.1022</dst>
      <dst id="15">908.4444</dst>
    </src>
    <src id="17">
      <dst id="12">119970.4178</dst>
      <dst id="13">924.9867</dst>
      <dst id="19">2451.2267</dst>
      <dst id="23">41.9644</dst>
      <dst id="8">2191.7422</dst>
      <dst id="18">14100.0533</dst>
      <dst id="4">17283.8133</dst>
      <dst id="1">1422.8533</dst>
      <dst id="5">87709.4578</dst>
      <dst id="3">3120.0533</dst>
      <dst id="10">7013.3511</dst>
      <dst id="7">10884.5244</dst>
      <dst id="2">3328.8089</dst>
      <dst id="6">109.9822</dst>
      <dst id="16">7442.1156</dst>
      <dst id="14">23675.1378</dst>
      <dst id="20">11278.5244</dst>
      <dst id="11">17925.9822</dst>
      <dst id="9">3876.6044</dst>
      <dst id="17">19878.5778</dst>
      <dst id="21">503.3600</dst>
      <dst id="15">268.6756</dst>
    </src>
    <src id="21">
      <dst id="12">4266.0889</dst>
      <dst id="13">430.4000</dst>
      <dst id="19">110.2400</dst>
      <dst id="23">7.0044</dst>
      <dst id="8">77.2533</dst>
      <dst id="18">3549.2267</dst>
      <dst id="4">7649.2000</dst>
      <dst id="1">4527.7600</dst>
      <dst id="5">333.8933</dst>
      <dst id="3">1666.8711</dst>
      <dst id="10">2315.0044</dst>
      <dst id="7">745.4756</dst>
      <dst id="2">8323.8311</dst>
      <dst id="6">12.6222</dst>
      <dst id="16">938.9156</dst>
      <dst id="14">207.0044</dst>
      <dst id="20">1927.3778</dst>
      <dst id="11">40.4800</dst>
      <dst id="9">1099.3156</dst>
      <dst id="17">26857.8933</dst>
      <dst id="21">1529.8756</dst>
      <dst id="15">61.5289</dst>
    </src>
    <src id="15">
      <dst id="12">1080.4800</dst>
      <dst id="13">43.4311</dst>
      <dst id="8">19.5822</dst>
      <dst id="18">4.0444</dst>
      <dst id="4">266.0889</dst>
      <dst id="1">26.6844</dst>
      <dst id="5">151.6444</dst>
      <dst id="3">1.8844</dst>
      <dst id="10">87.6267</dst>
      <dst id="7">122.5689</dst>
      <dst id="2">8.5422</dst>
      <dst id="6">0.8178</dst>
      <dst id="11">13.9733</dst>
      <dst id="9">3711.0933</dst>
      <dst id="17">3971.5822</dst>
    </src>
  </IntraTM>
</TrafficMatrixFile>
