<?xml version="1.0" encoding="UTF-8" standalone="yes"?>
<TrafficMatrixFile xmlns:xsi="http://www.w3.org/2001/XMLSchema-instance" xsi:noNamespaceSchemaLocation="http://totem.run.montefiore.ulg.ac.be/Schema/TrafficMatrix-v1_2.xsd">
  <info>
    <title>Intradomain traffic matrix generated by geant-TM-all.pl</title>
    <date>2005-01-07T18:30:00</date>
    <duration>900</duration>
    <author>Steve Uhlig</author>
    <units>
        <unit type="bandwidth" value="kbps"/>
    </units>
  </info>
  <IntraTM ASID="20965">
    <src id="12">
      <dst id="12">407959.3156</dst>
      <dst id="13">22802.9778</dst>
      <dst id="19">11567.7156</dst>
      <dst id="23">2789.1200</dst>
      <dst id="8">6919.3156</dst>
      <dst id="18">6271.7956</dst>
      <dst id="4">81102.2044</dst>
      <dst id="1">12677.5200</dst>
      <dst id="5">7875.6800</dst>
      <dst id="3">13892.3644</dst>
      <dst id="22">22425.0933</dst>
      <dst id="7">18592.8356</dst>
      <dst id="2">74167.6978</dst>
      <dst id="6">188.6844</dst>
      <dst id="16">7377.8489</dst>
      <dst id="14">652.7378</dst>
      <dst id="20">9672.1778</dst>
      <dst id="11">5087.3689</dst>
      <dst id="9">21544.7289</dst>
      <dst id="17">157975.6711</dst>
      <dst id="21">13565.8489</dst>
      <dst id="15">2235.5022</dst>
    </src>
    <src id="13">
      <dst id="12">85411.8222</dst>
      <dst id="19">46638.1600</dst>
      <dst id="23">10126.9511</dst>
      <dst id="8">11884.6578</dst>
      <dst id="18">4963.6622</dst>
      <dst id="1">20131.6178</dst>
      <dst id="5">18431.1911</dst>
      <dst id="3">40870.2844</dst>
      <dst id="22">30557.4933</dst>
      <dst id="7">39982.4711</dst>
      <dst id="2">107037.2444</dst>
      <dst id="6">464.7378</dst>
      <dst id="16">8568.9689</dst>
      <dst id="14">3205.9111</dst>
      <dst id="20">26494.9600</dst>
      <dst id="11">14296.9333</dst>
      <dst id="9">54057.9733</dst>
      <dst id="17">415528.8889</dst>
      <dst id="21">31316.7111</dst>
      <dst id="15">5837.7867</dst>
    </src>
    <src id="19">
      <dst id="12">23136.2222</dst>
      <dst id="13">7138.5600</dst>
      <dst id="23">83.0756</dst>
      <dst id="8">31.0400</dst>
      <dst id="18">8239.2978</dst>
      <dst id="4">18744.7200</dst>
      <dst id="1">5093.0844</dst>
      <dst id="5">150.0711</dst>
      <dst id="3">9528.2400</dst>
      <dst id="22">1843.7600</dst>
      <dst id="7">8991.1467</dst>
      <dst id="2">4625.4044</dst>
      <dst id="6">373.6267</dst>
      <dst id="16">4419.5822</dst>
      <dst id="14">2.1244</dst>
      <dst id="20">116.5867</dst>
      <dst id="11">146.4711</dst>
      <dst id="9">1124.1333</dst>
      <dst id="17">2389.1822</dst>
      <dst id="21">1401.2267</dst>
      <dst id="15">4857.7067</dst>
    </src>
    <src id="23">
      <dst id="12">2905.5822</dst>
      <dst id="13">473.9911</dst>
      <dst id="19">145.8756</dst>
      <dst id="8">0.4978</dst>
      <dst id="18">1720.8533</dst>
      <dst id="4">19.7067</dst>
      <dst id="1">130.7556</dst>
      <dst id="5">36.4533</dst>
      <dst id="3">683.3244</dst>
      <dst id="22">352.5689</dst>
      <dst id="7">7745.4578</dst>
      <dst id="2">108.0978</dst>
      <dst id="6">3.8044</dst>
      <dst id="16">137.7956</dst>
      <dst id="14">13.3333</dst>
      <dst id="20">109.1556</dst>
      <dst id="11">42.0444</dst>
      <dst id="9">1317.6444</dst>
      <dst id="17">1005.5822</dst>
      <dst id="21">570.6667</dst>
      <dst id="15">0.4978</dst>
    </src>
    <src id="8">
      <dst id="12">335287.0844</dst>
      <dst id="13">3251.3156</dst>
      <dst id="19">34.6578</dst>
      <dst id="18">617.0756</dst>
      <dst id="4">9145.8756</dst>
      <dst id="1">952.4178</dst>
      <dst id="5">8941.5289</dst>
      <dst id="3">32.9067</dst>
      <dst id="22">5044.4444</dst>
      <dst id="7">197.9467</dst>
      <dst id="2">497.3333</dst>
      <dst id="6">0.8178</dst>
      <dst id="16">660.7200</dst>
      <dst id="14">0.4622</dst>
      <dst id="20">2050.6489</dst>
      <dst id="11">3340.3289</dst>
      <dst id="9">142395.9022</dst>
      <dst id="17">146019.2267</dst>
      <dst id="21">778.8000</dst>
      <dst id="15">2441.5289</dst>
    </src>
    <src id="18">
      <dst id="12">133821.9378</dst>
      <dst id="13">746.4178</dst>
      <dst id="19">251.3333</dst>
      <dst id="23">16.4978</dst>
      <dst id="8">489.5822</dst>
      <dst id="4">1560.3289</dst>
      <dst id="1">678.9867</dst>
      <dst id="5">595.3956</dst>
      <dst id="3">304.5867</dst>
      <dst id="22">646.4089</dst>
      <dst id="7">3147.2356</dst>
      <dst id="2">42314.8622</dst>
      <dst id="16">621.6533</dst>
      <dst id="14">3.6089</dst>
      <dst id="20">101.8311</dst>
      <dst id="11">253.2800</dst>
      <dst id="9">70.8444</dst>
      <dst id="17">54517.9822</dst>
      <dst id="21">2087.6267</dst>
      <dst id="15">854.2133</dst>
    </src>
    <src id="4">
      <dst id="12">29569.8578</dst>
      <dst id="19">13720.7467</dst>
      <dst id="23">4.6933</dst>
      <dst id="8">2492.9156</dst>
      <dst id="18">1984.5867</dst>
      <dst id="4">1.1378</dst>
      <dst id="1">58796.6489</dst>
      <dst id="5">5739.3422</dst>
      <dst id="3">3937.8222</dst>
      <dst id="22">8153.5556</dst>
      <dst id="7">196572.8711</dst>
      <dst id="2">40902.2756</dst>
      <dst id="6">117.5111</dst>
      <dst id="16">4329.0667</dst>
      <dst id="14">1469.7244</dst>
      <dst id="20">3703.2800</dst>
      <dst id="11">6732.5689</dst>
      <dst id="9">7605.4133</dst>
      <dst id="17">39591.5733</dst>
      <dst id="21">11824.6667</dst>
      <dst id="15">1575.3511</dst>
    </src>
    <src id="1">
      <dst id="12">40390.3733</dst>
      <dst id="13">35538.7200</dst>
      <dst id="19">1169.5556</dst>
      <dst id="23">67.6889</dst>
      <dst id="8">246551.1022</dst>
      <dst id="18">13524.3289</dst>
      <dst id="4">42807.2622</dst>
      <dst id="1">55556.6222</dst>
      <dst id="5">279775.9733</dst>
      <dst id="3">429.2089</dst>
      <dst id="22">9921.1822</dst>
      <dst id="7">121230.9156</dst>
      <dst id="2">16492.9867</dst>
      <dst id="6">21343.6178</dst>
      <dst id="16">11076.8711</dst>
      <dst id="14">204.0800</dst>
      <dst id="20">24003.8933</dst>
      <dst id="11">994.7022</dst>
      <dst id="9">430435.5644</dst>
      <dst id="17">18925.6533</dst>
      <dst id="21">43196.2667</dst>
      <dst id="15">1854.5689</dst>
    </src>
    <src id="5">
      <dst id="12">311138.4444</dst>
      <dst id="13">2616.1244</dst>
      <dst id="19">290.3022</dst>
      <dst id="23">84.4889</dst>
      <dst id="8">16680.6578</dst>
      <dst id="18">1015.5644</dst>
      <dst id="4">11791.8044</dst>
      <dst id="1">2409.4400</dst>
      <dst id="3">289.3422</dst>
      <dst id="22">3951.7600</dst>
      <dst id="7">188.7022</dst>
      <dst id="2">6043.9289</dst>
      <dst id="6">0.8711</dst>
      <dst id="16">2436.3289</dst>
      <dst id="14">43.8222</dst>
      <dst id="20">5595.0222</dst>
      <dst id="11">900.5156</dst>
      <dst id="9">153348.3200</dst>
      <dst id="17">132648.5067</dst>
      <dst id="21">629.4667</dst>
      <dst id="15">1797.1644</dst>
    </src>
    <src id="3">
      <dst id="12">16488.9956</dst>
      <dst id="13">16492.9778</dst>
      <dst id="19">1367.8756</dst>
      <dst id="23">62.0978</dst>
      <dst id="8">456.8800</dst>
      <dst id="18">176157.2089</dst>
      <dst id="4">64329.0844</dst>
      <dst id="1">10286.9156</dst>
      <dst id="5">3636.2933</dst>
      <dst id="3">19969.6533</dst>
      <dst id="22">6029.2178</dst>
      <dst id="7">11010.7822</dst>
      <dst id="2">5943.1822</dst>
      <dst id="6">187.5822</dst>
      <dst id="16">1734.8711</dst>
      <dst id="14">55408.3200</dst>
      <dst id="20">2472.1778</dst>
      <dst id="11">264807.6711</dst>
      <dst id="9">499.1644</dst>
      <dst id="17">23966.0622</dst>
      <dst id="21">14917.4578</dst>
      <dst id="15">1920.0711</dst>
    </src>
    <src id="10">
      <dst id="12">30235.1733</dst>
      <dst id="19">7889.0933</dst>
      <dst id="8">1117.8400</dst>
      <dst id="18">3403.6444</dst>
      <dst id="1">3848.2311</dst>
      <dst id="5">1923.9289</dst>
      <dst id="3">19568.8711</dst>
      <dst id="22">4736.0089</dst>
      <dst id="7">34282.5689</dst>
      <dst id="2">37571.0489</dst>
      <dst id="6">118.1511</dst>
      <dst id="16">3988.7200</dst>
      <dst id="14">1273.2622</dst>
      <dst id="20">4658.2489</dst>
      <dst id="11">3961.4222</dst>
      <dst id="9">5979.0311</dst>
      <dst id="17">38816.7467</dst>
      <dst id="21">16288.1867</dst>
      <dst id="15">1011.5022</dst>
    </src>
    <src id="22">
      <dst id="12">16772.0622</dst>
      <dst id="13">4160.7911</dst>
      <dst id="19">429.5111</dst>
      <dst id="23">43.9911</dst>
      <dst id="8">3744.6133</dst>
      <dst id="18">307.8756</dst>
      <dst id="4">16917.3867</dst>
      <dst id="1">2535.9289</dst>
      <dst id="5">7312.7289</dst>
      <dst id="3">1746.6133</dst>
      <dst id="7">8970.1956</dst>
      <dst id="2">2101.1556</dst>
      <dst id="6">238.3378</dst>
      <dst id="16">1.2800</dst>
      <dst id="14">191.2533</dst>
      <dst id="11">4238.1244</dst>
      <dst id="9">10737.1378</dst>
      <dst id="17">17273.5822</dst>
      <dst id="21">1367.5644</dst>
    </src>
    <src id="7">
      <dst id="12">11979.1289</dst>
      <dst id="13">1575.0844</dst>
      <dst id="19">3370.5067</dst>
      <dst id="23">228.1422</dst>
      <dst id="8">479.8933</dst>
      <dst id="18">586.5867</dst>
      <dst id="4">36850.0356</dst>
      <dst id="1">22667.1200</dst>
      <dst id="5">456.0178</dst>
      <dst id="3">1485.5467</dst>
      <dst id="22">6270.4178</dst>
      <dst id="7">582.1156</dst>
      <dst id="2">41958.3556</dst>
      <dst id="6">347.7867</dst>
      <dst id="16">2822.0444</dst>
      <dst id="14">914.6844</dst>
      <dst id="20">581.6711</dst>
      <dst id="11">1237.0133</dst>
      <dst id="9">3020.4267</dst>
      <dst id="17">16145.0578</dst>
      <dst id="21">11059.0400</dst>
      <dst id="15">681.7244</dst>
    </src>
    <src id="2">
      <dst id="12">161858.3467</dst>
      <dst id="13">10183.2622</dst>
      <dst id="19">1815.6178</dst>
      <dst id="23">91.8311</dst>
      <dst id="8">449.2978</dst>
      <dst id="18">129995.1822</dst>
      <dst id="4">96460.1511</dst>
      <dst id="1">24314.9867</dst>
      <dst id="5">2261.8311</dst>
      <dst id="3">1091.1556</dst>
      <dst id="22">3743.9467</dst>
      <dst id="7">7841.3067</dst>
      <dst id="2">1383.2089</dst>
      <dst id="6">17505.8400</dst>
      <dst id="16">2303.5644</dst>
      <dst id="14">357.2089</dst>
      <dst id="20">28590.5600</dst>
      <dst id="11">7371.3511</dst>
      <dst id="9">1890.0800</dst>
      <dst id="17">55515.9911</dst>
      <dst id="21">4982.7289</dst>
      <dst id="15">109.0133</dst>
    </src>
    <src id="6">
      <dst id="12">15569.0933</dst>
      <dst id="13">26.3644</dst>
      <dst id="19">24.4178</dst>
      <dst id="23">4.5067</dst>
      <dst id="8">15.8933</dst>
      <dst id="18">14.6667</dst>
      <dst id="4">2088.1244</dst>
      <dst id="1">118.1244</dst>
      <dst id="5">16.4800</dst>
      <dst id="3">40.6400</dst>
      <dst id="22">29.3956</dst>
      <dst id="7">895.8756</dst>
      <dst id="2">3698.6311</dst>
      <dst id="16">67.9644</dst>
      <dst id="14">8.9156</dst>
      <dst id="20">0.9156</dst>
      <dst id="11">8.3289</dst>
      <dst id="9">2195.2444</dst>
      <dst id="17">3511.5556</dst>
      <dst id="21">62.7467</dst>
      <dst id="15">2.3022</dst>
    </src>
    <src id="16">
      <dst id="12">1809.2267</dst>
      <dst id="13">968.5422</dst>
      <dst id="19">5045.3511</dst>
      <dst id="23">568.8889</dst>
      <dst id="8">8483.1200</dst>
      <dst id="18">147.0844</dst>
      <dst id="4">5092.0444</dst>
      <dst id="1">33348.3733</dst>
      <dst id="5">8671.5289</dst>
      <dst id="3">55.5822</dst>
      <dst id="7">5722.8889</dst>
      <dst id="2">1496.4089</dst>
      <dst id="6">123.9289</dst>
      <dst id="16">43.0489</dst>
      <dst id="14">399.1733</dst>
      <dst id="11">506.7022</dst>
      <dst id="9">14961.7244</dst>
      <dst id="17">14706.7467</dst>
      <dst id="21">459.0133</dst>
    </src>
    <src id="14">
      <dst id="12">31107.4844</dst>
      <dst id="13">203.4844</dst>
      <dst id="19">88.3289</dst>
      <dst id="18">16.0089</dst>
      <dst id="4">2155.3511</dst>
      <dst id="1">372.3822</dst>
      <dst id="5">66.3111</dst>
      <dst id="3">200.8178</dst>
      <dst id="22">31.2267</dst>
      <dst id="7">186.2044</dst>
      <dst id="2">4322.2133</dst>
      <dst id="16">33.9467</dst>
      <dst id="20">18.4622</dst>
      <dst id="11">322.2756</dst>
      <dst id="9">655.2089</dst>
      <dst id="17">10390.2044</dst>
      <dst id="21">337.9111</dst>
      <dst id="15">13.3333</dst>
    </src>
    <src id="20">
      <dst id="12">8523.4756</dst>
      <dst id="13">5535.7067</dst>
      <dst id="19">237.6000</dst>
      <dst id="23">49.8756</dst>
      <dst id="8">132.8978</dst>
      <dst id="18">1212.2400</dst>
      <dst id="4">6487.2444</dst>
      <dst id="1">6245.8933</dst>
      <dst id="5">12271.0222</dst>
      <dst id="3">1738.9778</dst>
      <dst id="7">1914.6489</dst>
      <dst id="2">7755.1378</dst>
      <dst id="6">31.8844</dst>
      <dst id="16">25.7067</dst>
      <dst id="14">0.8800</dst>
      <dst id="11">530.9244</dst>
      <dst id="9">6316.7111</dst>
      <dst id="17">4625.8133</dst>
      <dst id="21">304.4444</dst>
    </src>
    <src id="11">
      <dst id="12">425811.3422</dst>
      <dst id="13">9496.7733</dst>
      <dst id="19">434.2844</dst>
      <dst id="23">19.8400</dst>
      <dst id="8">5268.2400</dst>
      <dst id="18">950.7111</dst>
      <dst id="4">9739.9822</dst>
      <dst id="1">1500.1422</dst>
      <dst id="5">2599.0311</dst>
      <dst id="3">3281.1378</dst>
      <dst id="22">1547.9022</dst>
      <dst id="7">1496.0178</dst>
      <dst id="2">86345.7511</dst>
      <dst id="6">8.9600</dst>
      <dst id="16">208.3378</dst>
      <dst id="14">54.3200</dst>
      <dst id="20">1312.1600</dst>
      <dst id="11">1733.8222</dst>
      <dst id="9">1327.6711</dst>
      <dst id="17">147287.0400</dst>
      <dst id="21">3414.0889</dst>
      <dst id="15">456.5422</dst>
    </src>
    <src id="9">
      <dst id="12">425179.0044</dst>
      <dst id="13">9736.1689</dst>
      <dst id="19">1732.9244</dst>
      <dst id="23">42.9867</dst>
      <dst id="8">238160.9333</dst>
      <dst id="18">713.1467</dst>
      <dst id="4">10090.3822</dst>
      <dst id="1">3680.9156</dst>
      <dst id="5">2231.6800</dst>
      <dst id="3">351.1911</dst>
      <dst id="22">8864.4978</dst>
      <dst id="7">4055.8844</dst>
      <dst id="2">2152.0622</dst>
      <dst id="6">40.4800</dst>
      <dst id="16">1723.0489</dst>
      <dst id="14">28.6044</dst>
      <dst id="20">15955.3333</dst>
      <dst id="11">1073.2711</dst>
      <dst id="9">544069.5556</dst>
      <dst id="17">194068.7200</dst>
      <dst id="21">975.1200</dst>
      <dst id="15">6606.3467</dst>
    </src>
    <src id="17">
      <dst id="12">33327.4044</dst>
      <dst id="13">16578.4089</dst>
      <dst id="19">4409.3067</dst>
      <dst id="23">2985.1733</dst>
      <dst id="8">1353.6000</dst>
      <dst id="18">1268.0978</dst>
      <dst id="4">52660.1867</dst>
      <dst id="1">8051.2267</dst>
      <dst id="5">271810.7644</dst>
      <dst id="3">34516.8711</dst>
      <dst id="22">12534.2489</dst>
      <dst id="7">33579.7600</dst>
      <dst id="2">35054.4000</dst>
      <dst id="6">1796.5244</dst>
      <dst id="16">13972.0000</dst>
      <dst id="14">38432.1867</dst>
      <dst id="20">3275.6978</dst>
      <dst id="11">162337.9822</dst>
      <dst id="9">22741.8400</dst>
      <dst id="17">2627.2533</dst>
      <dst id="21">18119.6089</dst>
      <dst id="15">5259.3067</dst>
    </src>
    <src id="21">
      <dst id="12">20013.7156</dst>
      <dst id="13">12530.4089</dst>
      <dst id="19">499.9644</dst>
      <dst id="23">157.8400</dst>
      <dst id="8">145.4756</dst>
      <dst id="18">5565.6267</dst>
      <dst id="4">12412.3289</dst>
      <dst id="1">20004.1244</dst>
      <dst id="5">1277.4933</dst>
      <dst id="3">38886.9511</dst>
      <dst id="22">10078.4800</dst>
      <dst id="7">27824.5600</dst>
      <dst id="2">23357.7244</dst>
      <dst id="6">27.3511</dst>
      <dst id="16">1641.2889</dst>
      <dst id="14">273.4133</dst>
      <dst id="20">445.0578</dst>
      <dst id="11">828.6044</dst>
      <dst id="9">690.8356</dst>
      <dst id="17">7337.5022</dst>
      <dst id="21">2224.6489</dst>
      <dst id="15">262.8178</dst>
    </src>
    <src id="15">
      <dst id="12">4500.3111</dst>
      <dst id="13">2414.6311</dst>
      <dst id="19">212.3911</dst>
      <dst id="23">0.7289</dst>
      <dst id="8">756.9067</dst>
      <dst id="18">396.9956</dst>
      <dst id="4">5659.8489</dst>
      <dst id="1">1071.5822</dst>
      <dst id="5">1283.5200</dst>
      <dst id="7">42.2133</dst>
      <dst id="2">93.0578</dst>
      <dst id="6">6.4178</dst>
      <dst id="14">0.4267</dst>
      <dst id="11">102.1422</dst>
      <dst id="9">2143.5289</dst>
      <dst id="17">887.4133</dst>
      <dst id="21">264.0533</dst>
    </src>
  </IntraTM>
</TrafficMatrixFile>
