<?xml version="1.0" encoding="UTF-8" standalone="yes"?>
<TrafficMatrixFile xmlns:xsi="http://www.w3.org/2001/XMLSchema-instance" xsi:noNamespaceSchemaLocation="http://totem.run.montefiore.ulg.ac.be/Schema/TrafficMatrix-v1_2.xsd">
  <info>
    <title>Intradomain traffic matrix generated by geant-TM-all.pl</title>
    <date>2005-04-12T03:45:00</date>
    <duration>900</duration>
    <author>Steve Uhlig</author>
    <units>
        <unit type="bandwidth" value="kbps"/>
    </units>
  </info>
  <IntraTM ASID="20965">
    <src id="12">
      <dst id="12">366371.7244</dst>
      <dst id="13">29246.6578</dst>
      <dst id="19">6177.6711</dst>
      <dst id="23">5775.0400</dst>
      <dst id="8">1021.4489</dst>
      <dst id="18">45097.6089</dst>
      <dst id="4">5628.5511</dst>
      <dst id="1">30233.8489</dst>
      <dst id="5">3943.3511</dst>
      <dst id="3">260.0089</dst>
      <dst id="10">3808.0533</dst>
      <dst id="22">4356.5867</dst>
      <dst id="7">9661.8222</dst>
      <dst id="2">8709.5378</dst>
      <dst id="16">6591.0400</dst>
      <dst id="14">179.9467</dst>
      <dst id="20">3721.7867</dst>
      <dst id="11">226.0978</dst>
      <dst id="9">20394.4444</dst>
      <dst id="17">31459.4133</dst>
      <dst id="21">1162.2844</dst>
      <dst id="15">18978.2667</dst>
    </src>
    <src id="13">
      <dst id="12">18421.6889</dst>
      <dst id="13">101.0844</dst>
      <dst id="19">1999.3778</dst>
      <dst id="23">33.0578</dst>
      <dst id="8">358.3644</dst>
      <dst id="18">1049.3067</dst>
      <dst id="4">4.8533</dst>
      <dst id="1">36555.3956</dst>
      <dst id="5">1647.1111</dst>
      <dst id="3">19.3778</dst>
      <dst id="10">13.1378</dst>
      <dst id="22">6514.1956</dst>
      <dst id="7">823.2444</dst>
      <dst id="2">4580.0444</dst>
      <dst id="16">891.3956</dst>
      <dst id="14">110.6756</dst>
      <dst id="20">543.7422</dst>
      <dst id="11">537.8844</dst>
      <dst id="9">234.2222</dst>
      <dst id="17">337543.7511</dst>
      <dst id="21">341.0400</dst>
      <dst id="15">10930.2400</dst>
    </src>
    <src id="19">
      <dst id="12">28760.2133</dst>
      <dst id="13">614.2933</dst>
      <dst id="23">0.5867</dst>
      <dst id="8">0.8000</dst>
      <dst id="18">10.0444</dst>
      <dst id="4">71.3956</dst>
      <dst id="1">15971.4133</dst>
      <dst id="5">14.3733</dst>
      <dst id="10">100.2044</dst>
      <dst id="22">267.6889</dst>
      <dst id="7">813.4489</dst>
      <dst id="2">566.8267</dst>
      <dst id="16">2046.9422</dst>
      <dst id="14">9.7956</dst>
      <dst id="20">20.3022</dst>
      <dst id="11">0.9244</dst>
      <dst id="9">51.4667</dst>
      <dst id="17">1142.6933</dst>
      <dst id="21">267.2267</dst>
      <dst id="15">0.4622</dst>
    </src>
    <src id="23">
      <dst id="12">3018.8178</dst>
      <dst id="13">1603.8756</dst>
      <dst id="19">0.3378</dst>
      <dst id="8">10.8889</dst>
      <dst id="18">13.1644</dst>
      <dst id="4">103.2267</dst>
      <dst id="1">175.8756</dst>
      <dst id="10">148.0267</dst>
      <dst id="22">266.9422</dst>
      <dst id="7">29.9378</dst>
      <dst id="2">113.6978</dst>
      <dst id="16">0.3556</dst>
      <dst id="14">133.2800</dst>
      <dst id="20">1.4222</dst>
      <dst id="11">19.0933</dst>
      <dst id="9">49.4133</dst>
      <dst id="17">387.8578</dst>
      <dst id="21">74.3200</dst>
      <dst id="15">13.3333</dst>
    </src>
    <src id="8">
      <dst id="12">7673.0400</dst>
      <dst id="13">795.7333</dst>
      <dst id="19">1.4667</dst>
      <dst id="18">1.8844</dst>
      <dst id="4">208.8711</dst>
      <dst id="1">6277.2711</dst>
      <dst id="5">158.4267</dst>
      <dst id="3">135.6622</dst>
      <dst id="10">9.9644</dst>
      <dst id="22">86.8267</dst>
      <dst id="2">623.6889</dst>
      <dst id="16">248103.6089</dst>
      <dst id="9">57580.6756</dst>
      <dst id="17">20503.5289</dst>
      <dst id="21">4.0889</dst>
    </src>
    <src id="18">
      <dst id="12">93216.5689</dst>
      <dst id="13">553.2356</dst>
      <dst id="19">0.4711</dst>
      <dst id="23">1.1378</dst>
      <dst id="8">33.7600</dst>
      <dst id="4">23.5289</dst>
      <dst id="1">13875.7689</dst>
      <dst id="5">21.2000</dst>
      <dst id="3">2005.7511</dst>
      <dst id="10">41.3600</dst>
      <dst id="22">11.5911</dst>
      <dst id="7">2.0622</dst>
      <dst id="2">3063.2089</dst>
      <dst id="16">113.5467</dst>
      <dst id="20">641.8933</dst>
      <dst id="11">14.2756</dst>
      <dst id="9">8052.8178</dst>
      <dst id="17">3016.3467</dst>
      <dst id="21">124.3644</dst>
      <dst id="15">2.1511</dst>
    </src>
    <src id="4">
      <dst id="12">12169.8222</dst>
      <dst id="13">1.8311</dst>
      <dst id="19">6496.8533</dst>
      <dst id="23">728.8711</dst>
      <dst id="8">3833.7956</dst>
      <dst id="18">2114.9778</dst>
      <dst id="4">2942.7467</dst>
      <dst id="1">21267.2089</dst>
      <dst id="5">3110.9333</dst>
      <dst id="3">81.1644</dst>
      <dst id="22">999.2978</dst>
      <dst id="7">1.6622</dst>
      <dst id="2">191562.2400</dst>
      <dst id="16">92998.3289</dst>
      <dst id="14">16964.2044</dst>
      <dst id="11">134.6311</dst>
      <dst id="9">27955.2533</dst>
      <dst id="17">56905.6356</dst>
      <dst id="21">24554.1511</dst>
      <dst id="15">1581.3422</dst>
    </src>
    <src id="1">
      <dst id="12">31489.9200</dst>
      <dst id="13">14754.6311</dst>
      <dst id="19">3997.3956</dst>
      <dst id="23">68.4800</dst>
      <dst id="8">35.2444</dst>
      <dst id="18">16042.1333</dst>
      <dst id="4">226.9867</dst>
      <dst id="1">458414.7378</dst>
      <dst id="5">195.6978</dst>
      <dst id="3">32.3289</dst>
      <dst id="10">115.3333</dst>
      <dst id="22">42.5956</dst>
      <dst id="7">4987.5644</dst>
      <dst id="2">7241.1378</dst>
      <dst id="16">14994.4800</dst>
      <dst id="14">67.7600</dst>
      <dst id="20">101.1644</dst>
      <dst id="11">50.7022</dst>
      <dst id="9">652.2311</dst>
      <dst id="17">1855.7867</dst>
      <dst id="21">5351.0311</dst>
      <dst id="15">182.7378</dst>
    </src>
    <src id="5">
      <dst id="12">15692.9333</dst>
      <dst id="13">1090.1333</dst>
      <dst id="23">0.3556</dst>
      <dst id="8">811.6533</dst>
      <dst id="18">590.6044</dst>
      <dst id="4">377.3244</dst>
      <dst id="1">34297.8578</dst>
      <dst id="3">377.6444</dst>
      <dst id="10">43.3067</dst>
      <dst id="22">159.3956</dst>
      <dst id="2">741.6533</dst>
      <dst id="16">323430.0267</dst>
      <dst id="14">74.5956</dst>
      <dst id="9">76192.0533</dst>
      <dst id="17">36313.1289</dst>
      <dst id="21">50.5422</dst>
      <dst id="15">8.8978</dst>
    </src>
    <src id="3">
      <dst id="12">17186.3200</dst>
      <dst id="13">17411.4400</dst>
      <dst id="19">1602.3733</dst>
      <dst id="23">11.2978</dst>
      <dst id="8">17.2889</dst>
      <dst id="18">46.1867</dst>
      <dst id="4">179.7600</dst>
      <dst id="1">31461.3244</dst>
      <dst id="5">177.5822</dst>
      <dst id="3">147.4044</dst>
      <dst id="10">164.0800</dst>
      <dst id="22">15.9822</dst>
      <dst id="7">625.0311</dst>
      <dst id="2">4216.3378</dst>
      <dst id="6">2.6756</dst>
      <dst id="16">7869.1200</dst>
      <dst id="14">123.6711</dst>
      <dst id="20">4.8000</dst>
      <dst id="11">481.2267</dst>
      <dst id="9">1758.4444</dst>
      <dst id="17">49086.1422</dst>
      <dst id="21">868.3111</dst>
      <dst id="15">3.9200</dst>
    </src>
    <src id="10">
      <dst id="12">1901.9644</dst>
      <dst id="13">763.6267</dst>
      <dst id="19">845.3333</dst>
      <dst id="23">785.8400</dst>
      <dst id="8">44.5867</dst>
      <dst id="18">1813.2178</dst>
      <dst id="1">452.9422</dst>
      <dst id="5">530.4444</dst>
      <dst id="3">113.3244</dst>
      <dst id="22">184.5778</dst>
      <dst id="7">0.4622</dst>
      <dst id="2">15083.5644</dst>
      <dst id="16">16984.6489</dst>
      <dst id="14">214.6933</dst>
      <dst id="20">548.7911</dst>
      <dst id="11">147.9111</dst>
      <dst id="9">667.7956</dst>
      <dst id="17">14595.5289</dst>
      <dst id="21">2426.0267</dst>
      <dst id="15">26.1511</dst>
    </src>
    <src id="22">
      <dst id="12">13162.3200</dst>
      <dst id="13">3249.3689</dst>
      <dst id="19">20.0267</dst>
      <dst id="23">40.7111</dst>
      <dst id="8">61.3956</dst>
      <dst id="18">445.6533</dst>
      <dst id="4">294.9156</dst>
      <dst id="1">136.8178</dst>
      <dst id="5">2913.0044</dst>
      <dst id="3">9.7333</dst>
      <dst id="10">90.2311</dst>
      <dst id="7">182.3644</dst>
      <dst id="2">303.0756</dst>
      <dst id="16">4348.3911</dst>
      <dst id="14">91.5022</dst>
      <dst id="11">15.8844</dst>
      <dst id="9">1236.1956</dst>
      <dst id="17">2750.7467</dst>
      <dst id="21">342.8178</dst>
    </src>
    <src id="7">
      <dst id="12">6416.2578</dst>
      <dst id="13">2955.6089</dst>
      <dst id="19">139.6533</dst>
      <dst id="23">42.8000</dst>
      <dst id="8">16.6756</dst>
      <dst id="18">42.5956</dst>
      <dst id="4">240.4089</dst>
      <dst id="1">383.0667</dst>
      <dst id="5">1.8133</dst>
      <dst id="3">662.7200</dst>
      <dst id="10">185.9467</dst>
      <dst id="22">136.4267</dst>
      <dst id="7">28.4000</dst>
      <dst id="2">1606.3556</dst>
      <dst id="16">360.8533</dst>
      <dst id="14">179.4133</dst>
      <dst id="20">2.5422</dst>
      <dst id="11">1123.7244</dst>
      <dst id="9">86.7289</dst>
      <dst id="17">922.1867</dst>
      <dst id="21">309.9733</dst>
      <dst id="15">146.3200</dst>
    </src>
    <src id="2">
      <dst id="12">119392.4622</dst>
      <dst id="13">47247.1911</dst>
      <dst id="19">5244.0889</dst>
      <dst id="23">47.5733</dst>
      <dst id="8">244.5422</dst>
      <dst id="18">26835.3956</dst>
      <dst id="4">1440.6667</dst>
      <dst id="1">21009.7422</dst>
      <dst id="5">1179.8756</dst>
      <dst id="3">166.6933</dst>
      <dst id="10">2493.0667</dst>
      <dst id="22">2572.6400</dst>
      <dst id="7">4660.6400</dst>
      <dst id="2">3799.9556</dst>
      <dst id="6">0.7289</dst>
      <dst id="16">118.5067</dst>
      <dst id="14">181.5822</dst>
      <dst id="20">280.6044</dst>
      <dst id="11">3294.2844</dst>
      <dst id="9">548.1600</dst>
      <dst id="17">38586.4000</dst>
      <dst id="21">954.7733</dst>
      <dst id="15">803.2978</dst>
    </src>
    <src id="6">
      <dst id="12">180.1511</dst>
      <dst id="13">88.1600</dst>
      <dst id="19">2.9333</dst>
      <dst id="23">0.8356</dst>
      <dst id="8">34.6667</dst>
      <dst id="18">1.1467</dst>
      <dst id="4">2.5511</dst>
      <dst id="1">1223.4489</dst>
      <dst id="5">0.3556</dst>
      <dst id="3">26.6578</dst>
      <dst id="10">2.1600</dst>
      <dst id="22">24.3111</dst>
      <dst id="2">122.9156</dst>
      <dst id="16">20.5778</dst>
      <dst id="9">1452.0000</dst>
      <dst id="17">18701.8133</dst>
      <dst id="21">15.6000</dst>
    </src>
    <src id="16">
      <dst id="12">83859.8667</dst>
      <dst id="13">988.1600</dst>
      <dst id="19">3166.3111</dst>
      <dst id="23">46.5156</dst>
      <dst id="8">74790.1956</dst>
      <dst id="18">3.2533</dst>
      <dst id="4">781.6000</dst>
      <dst id="1">9472.5956</dst>
      <dst id="5">241935.5556</dst>
      <dst id="3">4114.7111</dst>
      <dst id="10">57.7156</dst>
      <dst id="2">365.1822</dst>
      <dst id="16">22593.1111</dst>
      <dst id="14">40718.6400</dst>
      <dst id="11">12657.6978</dst>
      <dst id="9">164346.4978</dst>
      <dst id="17">1944.1956</dst>
      <dst id="21">4.0267</dst>
    </src>
    <src id="14">
      <dst id="12">707.0311</dst>
      <dst id="13">901.6711</dst>
      <dst id="19">55.6000</dst>
      <dst id="23">15.3956</dst>
      <dst id="18">0.6756</dst>
      <dst id="4">125.5111</dst>
      <dst id="1">3102.8356</dst>
      <dst id="5">2.7289</dst>
      <dst id="3">481.5378</dst>
      <dst id="10">91.7333</dst>
      <dst id="7">16.8267</dst>
      <dst id="2">94.6933</dst>
      <dst id="16">3076.3822</dst>
      <dst id="20">2.0800</dst>
      <dst id="11">17.1378</dst>
      <dst id="9">1446.7556</dst>
      <dst id="17">30084.7378</dst>
      <dst id="21">78.7289</dst>
      <dst id="15">0.4622</dst>
    </src>
    <src id="20">
      <dst id="12">3846.9244</dst>
      <dst id="13">1378.3733</dst>
      <dst id="19">173.1378</dst>
      <dst id="23">23.0400</dst>
      <dst id="8">2.4889</dst>
      <dst id="18">48.0711</dst>
      <dst id="4">265.2356</dst>
      <dst id="1">45.7867</dst>
      <dst id="5">2941.4222</dst>
      <dst id="3">0.4622</dst>
      <dst id="10">506.2933</dst>
      <dst id="22">13.3333</dst>
      <dst id="7">14.2400</dst>
      <dst id="2">3886.5511</dst>
      <dst id="16">7807.7600</dst>
      <dst id="14">2.5511</dst>
      <dst id="11">13.8844</dst>
      <dst id="9">192.2844</dst>
      <dst id="17">4383.6800</dst>
      <dst id="21">2.2933</dst>
    </src>
    <src id="11">
      <dst id="12">33331.6711</dst>
      <dst id="13">2370.4267</dst>
      <dst id="19">39.9111</dst>
      <dst id="23">14.4711</dst>
      <dst id="8">2907.4044</dst>
      <dst id="18">60.6400</dst>
      <dst id="4">1172.9867</dst>
      <dst id="1">29493.2622</dst>
      <dst id="5">5361.0044</dst>
      <dst id="3">850.3556</dst>
      <dst id="10">207.6000</dst>
      <dst id="22">268.0444</dst>
      <dst id="2">5974.3022</dst>
      <dst id="16">8463.6089</dst>
      <dst id="14">74.3644</dst>
      <dst id="20">328.7378</dst>
      <dst id="11">2517.7156</dst>
      <dst id="9">42197.8222</dst>
      <dst id="17">450935.7422</dst>
      <dst id="21">262.1689</dst>
      <dst id="15">29.1733</dst>
    </src>
    <src id="9">
      <dst id="12">21919.2267</dst>
      <dst id="13">615.6089</dst>
      <dst id="19">15.2356</dst>
      <dst id="23">1.3867</dst>
      <dst id="8">61674.5067</dst>
      <dst id="18">2.2133</dst>
      <dst id="4">278.6311</dst>
      <dst id="1">3138.3911</dst>
      <dst id="5">1693.1200</dst>
      <dst id="3">944.0000</dst>
      <dst id="10">87.7689</dst>
      <dst id="22">50.2400</dst>
      <dst id="2">6816.1956</dst>
      <dst id="16">449737.4311</dst>
      <dst id="14">2.1689</dst>
      <dst id="11">212.2222</dst>
      <dst id="9">260830.6400</dst>
      <dst id="17">35998.0711</dst>
      <dst id="21">9.8844</dst>
      <dst id="15">28.5778</dst>
    </src>
    <src id="17">
      <dst id="12">62983.2178</dst>
      <dst id="13">58083.8667</dst>
      <dst id="19">748.9067</dst>
      <dst id="23">7.3333</dst>
      <dst id="8">1817.1644</dst>
      <dst id="18">85.6533</dst>
      <dst id="4">4853.4222</dst>
      <dst id="1">12450.1778</dst>
      <dst id="5">140931.7956</dst>
      <dst id="3">4433.2889</dst>
      <dst id="10">3585.4400</dst>
      <dst id="22">197.6800</dst>
      <dst id="7">992.4356</dst>
      <dst id="2">15498.6133</dst>
      <dst id="16">26528.0267</dst>
      <dst id="14">17515.2444</dst>
      <dst id="20">353.7067</dst>
      <dst id="11">10558.2044</dst>
      <dst id="9">1226.5956</dst>
      <dst id="17">16585.3689</dst>
      <dst id="21">3190.5600</dst>
      <dst id="15">102.4178</dst>
    </src>
    <src id="21">
      <dst id="12">461.5822</dst>
      <dst id="13">4780.2756</dst>
      <dst id="19">382.8444</dst>
      <dst id="23">3.0933</dst>
      <dst id="8">99.2978</dst>
      <dst id="18">280.5511</dst>
      <dst id="4">697.5111</dst>
      <dst id="1">18942.0267</dst>
      <dst id="5">171.5378</dst>
      <dst id="3">587.2978</dst>
      <dst id="10">150.7111</dst>
      <dst id="22">63.8044</dst>
      <dst id="7">495.9644</dst>
      <dst id="2">2616.5422</dst>
      <dst id="16">5426.8000</dst>
      <dst id="14">83.6622</dst>
      <dst id="20">7.5644</dst>
      <dst id="11">208.4267</dst>
      <dst id="9">1499.9822</dst>
      <dst id="17">16065.9556</dst>
      <dst id="21">799.7511</dst>
      <dst id="15">90.1867</dst>
    </src>
    <src id="15">
      <dst id="12">453.3600</dst>
      <dst id="13">4798.9867</dst>
      <dst id="19">13.3333</dst>
      <dst id="23">1.1378</dst>
      <dst id="18">188.9867</dst>
      <dst id="4">14.9778</dst>
      <dst id="1">46.0711</dst>
      <dst id="5">304.1244</dst>
      <dst id="10">21.4044</dst>
      <dst id="2">186.6044</dst>
      <dst id="16">364.0356</dst>
      <dst id="14">0.5333</dst>
      <dst id="9">706.3289</dst>
      <dst id="17">568.6933</dst>
    </src>
  </IntraTM>
</TrafficMatrixFile>
