<?xml version="1.0" encoding="UTF-8" standalone="yes"?>
<TrafficMatrixFile xmlns:xsi="http://www.w3.org/2001/XMLSchema-instance" xsi:noNamespaceSchemaLocation="http://totem.run.montefiore.ulg.ac.be/Schema/TrafficMatrix-v1_2.xsd">
  <info>
    <title>Intradomain traffic matrix generated by geant-TM-all.pl</title>
    <date>2005-04-05T19:00:00</date>
    <duration>900</duration>
    <author>Steve Uhlig</author>
    <units>
        <unit type="bandwidth" value="kbps"/>
    </units>
  </info>
  <IntraTM ASID="20965">
    <src id="12">
      <dst id="12">332594.1600</dst>
      <dst id="13">24815.7156</dst>
      <dst id="19">3594.1778</dst>
      <dst id="23">1441.4400</dst>
      <dst id="8">306.4978</dst>
      <dst id="18">29629.2089</dst>
      <dst id="4">5357.9200</dst>
      <dst id="1">21375.8133</dst>
      <dst id="5">1026.0800</dst>
      <dst id="3">1223.5111</dst>
      <dst id="10">3112.0622</dst>
      <dst id="22">6681.4222</dst>
      <dst id="7">5261.8844</dst>
      <dst id="2">24205.1289</dst>
      <dst id="16">17449.3689</dst>
      <dst id="14">4017.1200</dst>
      <dst id="20">3999.5378</dst>
      <dst id="11">165.1200</dst>
      <dst id="9">9680.1778</dst>
      <dst id="17">47545.3511</dst>
      <dst id="21">312.4267</dst>
      <dst id="15">82.4711</dst>
    </src>
    <src id="13">
      <dst id="12">16166.2756</dst>
      <dst id="13">16.1689</dst>
      <dst id="19">1728.9067</dst>
      <dst id="23">14.9333</dst>
      <dst id="8">107.9911</dst>
      <dst id="18">283.8578</dst>
      <dst id="4">2.0178</dst>
      <dst id="1">2345.2889</dst>
      <dst id="5">13117.2089</dst>
      <dst id="3">2.3378</dst>
      <dst id="10">0.6578</dst>
      <dst id="22">1805.6000</dst>
      <dst id="7">354.1244</dst>
      <dst id="2">10942.6578</dst>
      <dst id="16">232.5600</dst>
      <dst id="14">247.4844</dst>
      <dst id="20">1018.5956</dst>
      <dst id="11">228.5244</dst>
      <dst id="9">449.4667</dst>
      <dst id="17">9153.8756</dst>
      <dst id="21">170.6667</dst>
      <dst id="15">61.0044</dst>
    </src>
    <src id="19">
      <dst id="12">30185.4489</dst>
      <dst id="13">1104.0000</dst>
      <dst id="8">0.7111</dst>
      <dst id="18">2.1600</dst>
      <dst id="4">433.6622</dst>
      <dst id="1">281.1022</dst>
      <dst id="5">13.0578</dst>
      <dst id="3">12.6222</dst>
      <dst id="10">62.3644</dst>
      <dst id="22">15.6089</dst>
      <dst id="7">830.6400</dst>
      <dst id="2">139.5733</dst>
      <dst id="16">136.8533</dst>
      <dst id="14">77.2356</dst>
      <dst id="20">0.3200</dst>
      <dst id="9">251.4489</dst>
      <dst id="17">640.8178</dst>
      <dst id="21">40.2489</dst>
      <dst id="15">2.5689</dst>
    </src>
    <src id="23">
      <dst id="12">4036.8089</dst>
      <dst id="13">554.1244</dst>
      <dst id="8">0.3556</dst>
      <dst id="18">13.3333</dst>
      <dst id="4">1.2978</dst>
      <dst id="1">173.8400</dst>
      <dst id="10">222.3644</dst>
      <dst id="22">43.3244</dst>
      <dst id="7">14.8267</dst>
      <dst id="2">375.5644</dst>
      <dst id="16">15.6356</dst>
      <dst id="14">141.9733</dst>
      <dst id="20">13.3333</dst>
      <dst id="11">39.2889</dst>
      <dst id="9">0.6933</dst>
      <dst id="17">258.8800</dst>
      <dst id="21">293.5111</dst>
      <dst id="15">1.3689</dst>
    </src>
    <src id="8">
      <dst id="12">10042.3378</dst>
      <dst id="13">124.7467</dst>
      <dst id="19">0.9422</dst>
      <dst id="23">5.0844</dst>
      <dst id="18">2.9867</dst>
      <dst id="4">133.0933</dst>
      <dst id="1">2834.9778</dst>
      <dst id="5">556.4267</dst>
      <dst id="3">371.5911</dst>
      <dst id="10">64.6133</dst>
      <dst id="22">2.7378</dst>
      <dst id="2">76.7467</dst>
      <dst id="16">168171.2444</dst>
      <dst id="11">14.1511</dst>
      <dst id="9">45089.4400</dst>
      <dst id="17">18953.1644</dst>
      <dst id="21">0.9244</dst>
      <dst id="15">3.2000</dst>
    </src>
    <src id="18">
      <dst id="12">91050.6844</dst>
      <dst id="13">424.7822</dst>
      <dst id="19">1.4489</dst>
      <dst id="23">1.3511</dst>
      <dst id="8">0.3556</dst>
      <dst id="4">35.2533</dst>
      <dst id="1">2603.1378</dst>
      <dst id="5">177.6444</dst>
      <dst id="3">1266.1778</dst>
      <dst id="10">16.4533</dst>
      <dst id="22">153.9111</dst>
      <dst id="7">1.0400</dst>
      <dst id="2">12450.6756</dst>
      <dst id="16">332.1689</dst>
      <dst id="14">19.4222</dst>
      <dst id="20">1146.6756</dst>
      <dst id="9">419.9200</dst>
      <dst id="17">3527.3156</dst>
      <dst id="21">79.3244</dst>
      <dst id="15">0.6400</dst>
    </src>
    <src id="4">
      <dst id="12">26473.5111</dst>
      <dst id="13">12.2311</dst>
      <dst id="19">12208.0000</dst>
      <dst id="23">6571.4311</dst>
      <dst id="8">2181.0311</dst>
      <dst id="18">304.1778</dst>
      <dst id="4">757.3867</dst>
      <dst id="1">66532.2400</dst>
      <dst id="5">2708.8800</dst>
      <dst id="3">7.2533</dst>
      <dst id="22">143.3511</dst>
      <dst id="7">40.3822</dst>
      <dst id="2">47934.1511</dst>
      <dst id="16">82097.6267</dst>
      <dst id="14">6291.7956</dst>
      <dst id="11">293.4489</dst>
      <dst id="9">20023.5911</dst>
      <dst id="17">43845.6622</dst>
      <dst id="21">2672.4444</dst>
      <dst id="15">720.6578</dst>
    </src>
    <src id="1">
      <dst id="12">462386.6933</dst>
      <dst id="13">1212.7378</dst>
      <dst id="19">329.4133</dst>
      <dst id="23">67.2000</dst>
      <dst id="8">3.1911</dst>
      <dst id="18">14729.1200</dst>
      <dst id="4">429.5467</dst>
      <dst id="1">18145.6000</dst>
      <dst id="5">539.5111</dst>
      <dst id="3">11806.7822</dst>
      <dst id="10">114.6489</dst>
      <dst id="22">268.8800</dst>
      <dst id="7">1529.9733</dst>
      <dst id="2">3265.4222</dst>
      <dst id="16">164701.5822</dst>
      <dst id="14">109.8311</dst>
      <dst id="20">141.8578</dst>
      <dst id="11">717.9200</dst>
      <dst id="9">1052.3467</dst>
      <dst id="17">528334.1244</dst>
      <dst id="21">267454.9867</dst>
      <dst id="15">86.5422</dst>
    </src>
    <src id="5">
      <dst id="12">9964.0000</dst>
      <dst id="13">771.8578</dst>
      <dst id="19">7.2267</dst>
      <dst id="8">169.4222</dst>
      <dst id="18">272.5333</dst>
      <dst id="4">156.8178</dst>
      <dst id="1">1720.4444</dst>
      <dst id="3">437.3778</dst>
      <dst id="10">323.0578</dst>
      <dst id="22">4691.2889</dst>
      <dst id="2">1856.5244</dst>
      <dst id="16">256018.0178</dst>
      <dst id="11">1.3067</dst>
      <dst id="9">28788.0444</dst>
      <dst id="17">21255.5022</dst>
      <dst id="21">5.0133</dst>
      <dst id="15">20.9156</dst>
    </src>
    <src id="3">
      <dst id="12">974.1244</dst>
      <dst id="13">26978.9778</dst>
      <dst id="19">1634.1956</dst>
      <dst id="23">4.3556</dst>
      <dst id="8">4.8089</dst>
      <dst id="18">60.6400</dst>
      <dst id="4">294.2133</dst>
      <dst id="1">15970.6311</dst>
      <dst id="5">90.0622</dst>
      <dst id="3">212.0178</dst>
      <dst id="10">512.4089</dst>
      <dst id="22">1.0667</dst>
      <dst id="7">204.2667</dst>
      <dst id="2">3420.9244</dst>
      <dst id="16">9085.6444</dst>
      <dst id="14">187.8133</dst>
      <dst id="20">38.7289</dst>
      <dst id="11">352.7022</dst>
      <dst id="9">1158.2489</dst>
      <dst id="17">24180.9333</dst>
      <dst id="21">5719.3156</dst>
      <dst id="15">8.4444</dst>
    </src>
    <src id="10">
      <dst id="12">34624.8444</dst>
      <dst id="13">162.8444</dst>
      <dst id="19">4955.4756</dst>
      <dst id="23">4955.7067</dst>
      <dst id="8">128.0800</dst>
      <dst id="18">830.1600</dst>
      <dst id="1">471.8667</dst>
      <dst id="5">511.8667</dst>
      <dst id="3">11.6978</dst>
      <dst id="22">275.7511</dst>
      <dst id="7">14.7022</dst>
      <dst id="2">10782.3022</dst>
      <dst id="16">20891.3689</dst>
      <dst id="14">3531.4933</dst>
      <dst id="20">5781.4489</dst>
      <dst id="11">19.1822</dst>
      <dst id="9">4036.8089</dst>
      <dst id="17">21657.2533</dst>
      <dst id="21">3324.5156</dst>
      <dst id="15">55.9022</dst>
    </src>
    <src id="22">
      <dst id="12">21158.0889</dst>
      <dst id="13">1401.6889</dst>
      <dst id="19">8.0444</dst>
      <dst id="23">9.1378</dst>
      <dst id="8">344.1333</dst>
      <dst id="18">204.1156</dst>
      <dst id="4">712.7022</dst>
      <dst id="1">1230.5244</dst>
      <dst id="5">1238.6133</dst>
      <dst id="10">590.7911</dst>
      <dst id="7">85.1289</dst>
      <dst id="2">164.6667</dst>
      <dst id="16">151.4311</dst>
      <dst id="14">30.3911</dst>
      <dst id="11">18.8978</dst>
      <dst id="9">337.0400</dst>
      <dst id="17">2599.2178</dst>
      <dst id="21">297.4844</dst>
    </src>
    <src id="7">
      <dst id="12">6749.6178</dst>
      <dst id="13">3191.5911</dst>
      <dst id="19">233.8667</dst>
      <dst id="23">6.6400</dst>
      <dst id="8">1.7956</dst>
      <dst id="18">33.1644</dst>
      <dst id="4">322.7644</dst>
      <dst id="1">4274.3289</dst>
      <dst id="5">0.4356</dst>
      <dst id="3">0.9956</dst>
      <dst id="10">176.2222</dst>
      <dst id="22">145.7067</dst>
      <dst id="2">2057.0933</dst>
      <dst id="16">61.1644</dst>
      <dst id="14">169.6889</dst>
      <dst id="20">60.9511</dst>
      <dst id="11">473.2978</dst>
      <dst id="9">802.6311</dst>
      <dst id="17">2023.2800</dst>
      <dst id="21">686.3378</dst>
      <dst id="15">0.4622</dst>
    </src>
    <src id="2">
      <dst id="12">74759.4933</dst>
      <dst id="13">22075.7156</dst>
      <dst id="19">563.4844</dst>
      <dst id="23">8.3200</dst>
      <dst id="8">11.7956</dst>
      <dst id="18">11967.8756</dst>
      <dst id="4">1767.3333</dst>
      <dst id="1">43878.1511</dst>
      <dst id="5">1369.5822</dst>
      <dst id="3">544.8711</dst>
      <dst id="10">1389.9111</dst>
      <dst id="22">2297.5378</dst>
      <dst id="7">556.8889</dst>
      <dst id="2">1714.5867</dst>
      <dst id="6">0.4978</dst>
      <dst id="16">1523.2089</dst>
      <dst id="14">1049.0578</dst>
      <dst id="20">4971.7600</dst>
      <dst id="11">823.7333</dst>
      <dst id="9">392.6044</dst>
      <dst id="17">11418.6578</dst>
      <dst id="21">656.2044</dst>
      <dst id="15">29.9467</dst>
    </src>
    <src id="6">
      <dst id="12">153.8844</dst>
      <dst id="13">57.7422</dst>
      <dst id="18">0.7111</dst>
      <dst id="4">1.3511</dst>
      <dst id="1">151.7689</dst>
      <dst id="3">9.4222</dst>
      <dst id="10">6.8622</dst>
      <dst id="22">52.7289</dst>
      <dst id="7">0.6933</dst>
      <dst id="2">1408.1511</dst>
      <dst id="16">24.6933</dst>
      <dst id="14">0.3556</dst>
      <dst id="20">73.1022</dst>
      <dst id="9">15.4133</dst>
      <dst id="17">18174.5956</dst>
      <dst id="21">1.9733</dst>
    </src>
    <src id="16">
      <dst id="12">109244.4800</dst>
      <dst id="13">1032.2933</dst>
      <dst id="19">2716.0444</dst>
      <dst id="23">1.9556</dst>
      <dst id="8">58464.5511</dst>
      <dst id="18">12.3022</dst>
      <dst id="4">246.1511</dst>
      <dst id="1">9485.5556</dst>
      <dst id="5">211563.9467</dst>
      <dst id="3">1192.2667</dst>
      <dst id="10">448.9778</dst>
      <dst id="2">909.0222</dst>
      <dst id="16">17874.1156</dst>
      <dst id="14">89079.4667</dst>
      <dst id="11">13677.7956</dst>
      <dst id="9">161320.9778</dst>
      <dst id="17">1509.8044</dst>
      <dst id="21">13.3333</dst>
    </src>
    <src id="14">
      <dst id="12">750.2133</dst>
      <dst id="13">548.0889</dst>
      <dst id="19">3.4756</dst>
      <dst id="23">7.3156</dst>
      <dst id="4">160.3911</dst>
      <dst id="1">380.0444</dst>
      <dst id="5">0.8089</dst>
      <dst id="3">1229.4933</dst>
      <dst id="10">195.4844</dst>
      <dst id="22">0.9422</dst>
      <dst id="7">15.0756</dst>
      <dst id="2">2180.5511</dst>
      <dst id="16">2406.6578</dst>
      <dst id="20">21.4578</dst>
      <dst id="11">14.0089</dst>
      <dst id="9">85.4578</dst>
      <dst id="17">38335.2178</dst>
      <dst id="21">190.8356</dst>
      <dst id="15">1.5822</dst>
    </src>
    <src id="20">
      <dst id="12">3791.9111</dst>
      <dst id="13">2710.9867</dst>
      <dst id="19">2.9956</dst>
      <dst id="23">0.6933</dst>
      <dst id="8">4.6756</dst>
      <dst id="18">50.2756</dst>
      <dst id="4">150.4622</dst>
      <dst id="1">3110.6489</dst>
      <dst id="5">143.3156</dst>
      <dst id="3">11.2978</dst>
      <dst id="10">271.1378</dst>
      <dst id="7">1.1733</dst>
      <dst id="2">231.6889</dst>
      <dst id="16">3307.0578</dst>
      <dst id="14">46.0533</dst>
      <dst id="20">48.3111</dst>
      <dst id="9">341.8489</dst>
      <dst id="17">851.4044</dst>
      <dst id="21">3.5378</dst>
    </src>
    <src id="11">
      <dst id="12">18988.7911</dst>
      <dst id="13">1992.4000</dst>
      <dst id="19">2.2844</dst>
      <dst id="23">11.5200</dst>
      <dst id="8">177.2178</dst>
      <dst id="18">59.0400</dst>
      <dst id="4">607.8133</dst>
      <dst id="1">9253.4578</dst>
      <dst id="5">642.7733</dst>
      <dst id="3">370.2489</dst>
      <dst id="10">409.0844</dst>
      <dst id="22">169.6711</dst>
      <dst id="7">0.4267</dst>
      <dst id="2">45850.1422</dst>
      <dst id="16">8794.3378</dst>
      <dst id="14">310.5422</dst>
      <dst id="20">383.6622</dst>
      <dst id="11">855.6711</dst>
      <dst id="9">4852.5511</dst>
      <dst id="17">571410.3911</dst>
      <dst id="21">515.2711</dst>
      <dst id="15">412.8800</dst>
    </src>
    <src id="9">
      <dst id="12">22921.2889</dst>
      <dst id="13">3190.9600</dst>
      <dst id="19">272.8978</dst>
      <dst id="8">33088.0533</dst>
      <dst id="18">97.8489</dst>
      <dst id="4">240.8889</dst>
      <dst id="1">4793.3956</dst>
      <dst id="5">633.1911</dst>
      <dst id="3">547.3778</dst>
      <dst id="10">209.6356</dst>
      <dst id="22">0.3556</dst>
      <dst id="2">257.6267</dst>
      <dst id="16">431100.1867</dst>
      <dst id="14">26.8000</dst>
      <dst id="11">42.3200</dst>
      <dst id="9">190952.1600</dst>
      <dst id="17">41247.2089</dst>
      <dst id="21">27.1556</dst>
      <dst id="15">16.4089</dst>
    </src>
    <src id="17">
      <dst id="12">59925.6356</dst>
      <dst id="13">22767.5289</dst>
      <dst id="19">423.4133</dst>
      <dst id="23">4.8356</dst>
      <dst id="8">191.4044</dst>
      <dst id="18">2305.8400</dst>
      <dst id="4">3059.6889</dst>
      <dst id="1">23534.8622</dst>
      <dst id="5">109413.4222</dst>
      <dst id="3">2148.5867</dst>
      <dst id="10">901.3778</dst>
      <dst id="22">41.4844</dst>
      <dst id="7">5876.7289</dst>
      <dst id="2">2936.7378</dst>
      <dst id="16">32070.1422</dst>
      <dst id="14">29930.6044</dst>
      <dst id="20">180.4089</dst>
      <dst id="11">10459.6711</dst>
      <dst id="9">2476.2844</dst>
      <dst id="17">10477.6800</dst>
      <dst id="21">1871.1911</dst>
      <dst id="15">234.7644</dst>
    </src>
    <src id="21">
      <dst id="12">1370.4000</dst>
      <dst id="13">687.4133</dst>
      <dst id="19">199.9911</dst>
      <dst id="23">10.7733</dst>
      <dst id="8">210.7022</dst>
      <dst id="18">67.1556</dst>
      <dst id="4">142.9422</dst>
      <dst id="1">6120.4978</dst>
      <dst id="5">125.8044</dst>
      <dst id="3">721.6889</dst>
      <dst id="10">259.7156</dst>
      <dst id="22">31.0044</dst>
      <dst id="7">170.0000</dst>
      <dst id="2">2492.8622</dst>
      <dst id="16">4602.7911</dst>
      <dst id="14">221.5733</dst>
      <dst id="20">275.9467</dst>
      <dst id="11">372.2844</dst>
      <dst id="9">404.8800</dst>
      <dst id="17">19648.9422</dst>
      <dst id="21">752.4267</dst>
      <dst id="15">9.9644</dst>
    </src>
    <src id="15">
      <dst id="12">123.9644</dst>
      <dst id="13">2825.4756</dst>
      <dst id="23">0.3556</dst>
      <dst id="8">50.4889</dst>
      <dst id="18">14.8978</dst>
      <dst id="4">36.8978</dst>
      <dst id="1">35.5289</dst>
      <dst id="5">210.4178</dst>
      <dst id="10">53.3333</dst>
      <dst id="2">24.2667</dst>
      <dst id="16">338.1600</dst>
      <dst id="14">41.8844</dst>
      <dst id="11">34.0622</dst>
      <dst id="9">124.8267</dst>
      <dst id="17">349.4756</dst>
    </src>
  </IntraTM>
</TrafficMatrixFile>
