<?xml version="1.0" encoding="UTF-8" standalone="yes"?>
<TrafficMatrixFile xmlns:xsi="http://www.w3.org/2001/XMLSchema-instance" xsi:noNamespaceSchemaLocation="http://totem.run.montefiore.ulg.ac.be/Schema/TrafficMatrix-v1_2.xsd">
  <info>
    <title>Intradomain traffic matrix generated by geant-TM-all.pl</title>
    <date>2005-04-11T10:30:00</date>
    <duration>900</duration>
    <author>Steve Uhlig</author>
    <units>
        <unit type="bandwidth" value="kbps"/>
    </units>
  </info>
  <IntraTM ASID="20965">
    <src id="12">
      <dst id="12">293846.8267</dst>
      <dst id="13">16642.3911</dst>
      <dst id="19">4740.1867</dst>
      <dst id="23">2455.8311</dst>
      <dst id="8">104.6844</dst>
      <dst id="18">46384.6311</dst>
      <dst id="4">3353.8667</dst>
      <dst id="1">23031.7244</dst>
      <dst id="5">745.6711</dst>
      <dst id="3">176.6044</dst>
      <dst id="10">850.5689</dst>
      <dst id="22">1766.1511</dst>
      <dst id="7">8733.4844</dst>
      <dst id="2">4066.0889</dst>
      <dst id="16">7060.3556</dst>
      <dst id="14">132.9333</dst>
      <dst id="20">2459.6444</dst>
      <dst id="11">42.9600</dst>
      <dst id="9">18534.2044</dst>
      <dst id="17">18427.9556</dst>
      <dst id="21">2923.7867</dst>
      <dst id="15">1663.5200</dst>
    </src>
    <src id="13">
      <dst id="12">5048.2933</dst>
      <dst id="13">142.5244</dst>
      <dst id="19">1369.0133</dst>
      <dst id="23">8.2400</dst>
      <dst id="8">140.0533</dst>
      <dst id="18">148.0178</dst>
      <dst id="4">1.1289</dst>
      <dst id="1">28766.7200</dst>
      <dst id="5">2045.0489</dst>
      <dst id="3">35.1733</dst>
      <dst id="10">0.3556</dst>
      <dst id="22">1560.9422</dst>
      <dst id="7">85.5467</dst>
      <dst id="2">4005.7156</dst>
      <dst id="16">127.5911</dst>
      <dst id="14">180.5422</dst>
      <dst id="20">3835.3778</dst>
      <dst id="11">82.5333</dst>
      <dst id="9">1363.9556</dst>
      <dst id="17">255072.5778</dst>
      <dst id="21">410.6222</dst>
      <dst id="15">72.1067</dst>
    </src>
    <src id="19">
      <dst id="12">27433.3422</dst>
      <dst id="13">1033.5644</dst>
      <dst id="23">2.6311</dst>
      <dst id="8">1.8489</dst>
      <dst id="18">2.6756</dst>
      <dst id="4">197.7600</dst>
      <dst id="1">19241.2089</dst>
      <dst id="5">308.0178</dst>
      <dst id="3">1.2533</dst>
      <dst id="10">57.4667</dst>
      <dst id="22">121.4756</dst>
      <dst id="7">345.0400</dst>
      <dst id="2">1568.0533</dst>
      <dst id="16">2027.4756</dst>
      <dst id="14">5.7956</dst>
      <dst id="9">0.4622</dst>
      <dst id="17">11951.2178</dst>
      <dst id="21">181.2622</dst>
      <dst id="15">44.8178</dst>
    </src>
    <src id="23">
      <dst id="12">419.8311</dst>
      <dst id="13">1936.2044</dst>
      <dst id="19">196.5156</dst>
      <dst id="18">797.5467</dst>
      <dst id="4">53.8933</dst>
      <dst id="1">60.6578</dst>
      <dst id="10">105.6356</dst>
      <dst id="22">145.5733</dst>
      <dst id="7">71.1911</dst>
      <dst id="2">173.9644</dst>
      <dst id="16">0.3556</dst>
      <dst id="14">25.5644</dst>
      <dst id="20">80.0000</dst>
      <dst id="11">26.4178</dst>
      <dst id="9">51.0578</dst>
      <dst id="17">1628.8533</dst>
      <dst id="21">1838.5067</dst>
    </src>
    <src id="8">
      <dst id="12">11153.9467</dst>
      <dst id="13">1442.4711</dst>
      <dst id="19">0.9422</dst>
      <dst id="18">11.2000</dst>
      <dst id="4">180.2756</dst>
      <dst id="1">1807.2622</dst>
      <dst id="5">207.9644</dst>
      <dst id="3">165.7244</dst>
      <dst id="10">178.0178</dst>
      <dst id="22">244.9600</dst>
      <dst id="2">78.6044</dst>
      <dst id="16">196028.3911</dst>
      <dst id="14">13.3333</dst>
      <dst id="9">54978.3644</dst>
      <dst id="17">20919.3600</dst>
      <dst id="21">39.2267</dst>
      <dst id="15">0.3556</dst>
    </src>
    <src id="18">
      <dst id="12">103302.1511</dst>
      <dst id="13">182.1156</dst>
      <dst id="19">0.9422</dst>
      <dst id="23">16.4978</dst>
      <dst id="8">38.5778</dst>
      <dst id="4">10.5333</dst>
      <dst id="1">12930.2667</dst>
      <dst id="5">60.5156</dst>
      <dst id="3">1792.7822</dst>
      <dst id="10">38.2133</dst>
      <dst id="22">75.6622</dst>
      <dst id="7">46.6667</dst>
      <dst id="2">4404.0089</dst>
      <dst id="16">367.8311</dst>
      <dst id="14">20.2667</dst>
      <dst id="20">2546.1333</dst>
      <dst id="11">1.0400</dst>
      <dst id="9">7366.1956</dst>
      <dst id="17">2604.6400</dst>
      <dst id="21">264.0889</dst>
      <dst id="15">2.0267</dst>
    </src>
    <src id="4">
      <dst id="12">15845.0400</dst>
      <dst id="13">23.5467</dst>
      <dst id="19">4175.7156</dst>
      <dst id="23">115.4311</dst>
      <dst id="8">2136.0711</dst>
      <dst id="18">3369.7511</dst>
      <dst id="4">1030.2133</dst>
      <dst id="1">16503.0311</dst>
      <dst id="5">2946.5689</dst>
      <dst id="3">7.8667</dst>
      <dst id="22">1678.0356</dst>
      <dst id="7">65.4578</dst>
      <dst id="2">173854.6667</dst>
      <dst id="16">103789.9378</dst>
      <dst id="14">1066.9333</dst>
      <dst id="11">425.2622</dst>
      <dst id="9">19015.6800</dst>
      <dst id="17">55004.9067</dst>
      <dst id="21">7874.7644</dst>
      <dst id="15">968.0978</dst>
    </src>
    <src id="1">
      <dst id="12">34668.3733</dst>
      <dst id="13">22701.3422</dst>
      <dst id="19">5514.1333</dst>
      <dst id="23">80.6222</dst>
      <dst id="8">26.6667</dst>
      <dst id="18">12459.8756</dst>
      <dst id="4">258.2133</dst>
      <dst id="1">557595.6178</dst>
      <dst id="5">582.5333</dst>
      <dst id="3">89.6178</dst>
      <dst id="10">58.2933</dst>
      <dst id="22">13.3333</dst>
      <dst id="7">643.7956</dst>
      <dst id="2">14456.5067</dst>
      <dst id="16">11004.6578</dst>
      <dst id="14">53.5911</dst>
      <dst id="20">33.1378</dst>
      <dst id="11">1158.8622</dst>
      <dst id="9">7449.0044</dst>
      <dst id="17">3734.9956</dst>
      <dst id="21">3938.0533</dst>
      <dst id="15">6903.7333</dst>
    </src>
    <src id="5">
      <dst id="12">15661.3333</dst>
      <dst id="13">1019.5467</dst>
      <dst id="19">2.2311</dst>
      <dst id="23">0.4178</dst>
      <dst id="8">107.0578</dst>
      <dst id="18">76.3289</dst>
      <dst id="4">449.8578</dst>
      <dst id="1">25064.0267</dst>
      <dst id="3">388.2222</dst>
      <dst id="10">704.9511</dst>
      <dst id="22">15.3422</dst>
      <dst id="2">1330.2933</dst>
      <dst id="16">280025.3422</dst>
      <dst id="14">1.2000</dst>
      <dst id="11">64.4444</dst>
      <dst id="9">50666.8089</dst>
      <dst id="17">24445.7422</dst>
      <dst id="21">75.0844</dst>
      <dst id="15">158.8444</dst>
    </src>
    <src id="3">
      <dst id="12">570.7733</dst>
      <dst id="13">9077.7244</dst>
      <dst id="19">965.7956</dst>
      <dst id="23">6.8800</dst>
      <dst id="8">13.6622</dst>
      <dst id="18">91.9733</dst>
      <dst id="4">417.9022</dst>
      <dst id="1">28926.2667</dst>
      <dst id="5">54.4711</dst>
      <dst id="3">141.5556</dst>
      <dst id="10">230.2311</dst>
      <dst id="22">13.3333</dst>
      <dst id="7">520.8711</dst>
      <dst id="2">3774.3467</dst>
      <dst id="16">6524.5067</dst>
      <dst id="14">145.5467</dst>
      <dst id="20">411.5200</dst>
      <dst id="11">846.1511</dst>
      <dst id="9">1048.2133</dst>
      <dst id="17">12527.9378</dst>
      <dst id="21">7003.6800</dst>
      <dst id="15">29.3333</dst>
    </src>
    <src id="10">
      <dst id="12">4818.7733</dst>
      <dst id="13">17.7244</dst>
      <dst id="19">3567.6000</dst>
      <dst id="23">98.0889</dst>
      <dst id="8">93.6889</dst>
      <dst id="18">1293.3511</dst>
      <dst id="1">260.4622</dst>
      <dst id="5">175.9467</dst>
      <dst id="3">71.4578</dst>
      <dst id="22">91.9467</dst>
      <dst id="7">0.7911</dst>
      <dst id="2">12403.7956</dst>
      <dst id="16">29684.6756</dst>
      <dst id="14">2310.9511</dst>
      <dst id="20">4526.7200</dst>
      <dst id="11">47.7333</dst>
      <dst id="9">4971.5556</dst>
      <dst id="17">26445.4844</dst>
      <dst id="21">1533.0400</dst>
      <dst id="15">187.9822</dst>
    </src>
    <src id="22">
      <dst id="12">6863.1022</dst>
      <dst id="13">3002.8533</dst>
      <dst id="19">20.7733</dst>
      <dst id="23">15.4400</dst>
      <dst id="8">239.5556</dst>
      <dst id="18">526.7556</dst>
      <dst id="4">1462.5156</dst>
      <dst id="1">516.4089</dst>
      <dst id="5">975.0578</dst>
      <dst id="3">0.4533</dst>
      <dst id="10">626.2044</dst>
      <dst id="7">66.8178</dst>
      <dst id="2">509.5556</dst>
      <dst id="16">834.7911</dst>
      <dst id="14">2.3200</dst>
      <dst id="11">499.4133</dst>
      <dst id="9">1871.5822</dst>
      <dst id="17">2463.7156</dst>
      <dst id="21">671.8844</dst>
    </src>
    <src id="7">
      <dst id="12">5767.7689</dst>
      <dst id="13">1143.5022</dst>
      <dst id="19">40.9867</dst>
      <dst id="23">84.9689</dst>
      <dst id="8">29.6711</dst>
      <dst id="18">37.0667</dst>
      <dst id="4">1248.7022</dst>
      <dst id="1">1636.6933</dst>
      <dst id="5">0.6756</dst>
      <dst id="3">32.7289</dst>
      <dst id="10">144.9689</dst>
      <dst id="22">95.4578</dst>
      <dst id="7">137.3956</dst>
      <dst id="2">2051.6000</dst>
      <dst id="16">133.2178</dst>
      <dst id="14">61.2622</dst>
      <dst id="20">108.2933</dst>
      <dst id="11">1264.7378</dst>
      <dst id="9">105.9644</dst>
      <dst id="17">6932.8711</dst>
      <dst id="21">2237.4756</dst>
      <dst id="15">3.1733</dst>
    </src>
    <src id="2">
      <dst id="12">79932.9067</dst>
      <dst id="13">53937.7333</dst>
      <dst id="19">1326.2933</dst>
      <dst id="23">2.3111</dst>
      <dst id="8">1341.0756</dst>
      <dst id="18">28519.2356</dst>
      <dst id="4">3873.2178</dst>
      <dst id="1">35768.3911</dst>
      <dst id="5">802.4711</dst>
      <dst id="3">52.6400</dst>
      <dst id="10">984.8356</dst>
      <dst id="22">1664.6756</dst>
      <dst id="7">6168.9333</dst>
      <dst id="2">3611.2178</dst>
      <dst id="6">0.4267</dst>
      <dst id="16">142.9156</dst>
      <dst id="14">146.5956</dst>
      <dst id="20">861.7333</dst>
      <dst id="11">1015.9111</dst>
      <dst id="9">931.6622</dst>
      <dst id="17">48170.5689</dst>
      <dst id="21">1003.5733</dst>
      <dst id="15">81.2089</dst>
    </src>
    <src id="6">
      <dst id="12">124.5333</dst>
      <dst id="13">3.9111</dst>
      <dst id="19">0.7911</dst>
      <dst id="23">0.9600</dst>
      <dst id="18">0.4178</dst>
      <dst id="4">12.7911</dst>
      <dst id="1">626.1600</dst>
      <dst id="5">0.4267</dst>
      <dst id="3">0.3556</dst>
      <dst id="10">0.4267</dst>
      <dst id="7">13.3333</dst>
      <dst id="2">182.9422</dst>
      <dst id="16">30.9867</dst>
      <dst id="9">542.2044</dst>
      <dst id="17">15210.8000</dst>
    </src>
    <src id="16">
      <dst id="12">82511.6800</dst>
      <dst id="13">1652.8533</dst>
      <dst id="19">3264.8444</dst>
      <dst id="23">12.3111</dst>
      <dst id="8">48406.9156</dst>
      <dst id="18">39.7956</dst>
      <dst id="4">137.2533</dst>
      <dst id="1">13859.5289</dst>
      <dst id="5">173007.7156</dst>
      <dst id="3">1892.8356</dst>
      <dst id="10">386.8533</dst>
      <dst id="2">446.9511</dst>
      <dst id="16">14955.5822</dst>
      <dst id="14">22485.1822</dst>
      <dst id="11">13732.9867</dst>
      <dst id="9">120116.2489</dst>
      <dst id="17">2533.9200</dst>
      <dst id="21">40.7111</dst>
    </src>
    <src id="14">
      <dst id="12">322.2489</dst>
      <dst id="13">351.1022</dst>
      <dst id="19">28.6756</dst>
      <dst id="23">2.7911</dst>
      <dst id="8">1.3600</dst>
      <dst id="4">29.7511</dst>
      <dst id="1">1611.2711</dst>
      <dst id="5">1.2178</dst>
      <dst id="3">556.6133</dst>
      <dst id="10">43.2533</dst>
      <dst id="7">6.4000</dst>
      <dst id="2">85.8756</dst>
      <dst id="16">2671.3156</dst>
      <dst id="20">2.9778</dst>
      <dst id="11">13.6889</dst>
      <dst id="9">1055.9556</dst>
      <dst id="17">17789.2444</dst>
      <dst id="21">202.7467</dst>
      <dst id="15">0.4622</dst>
    </src>
    <src id="20">
      <dst id="12">4448.4356</dst>
      <dst id="13">1023.8756</dst>
      <dst id="19">3.6978</dst>
      <dst id="8">21.5378</dst>
      <dst id="18">91.8222</dst>
      <dst id="4">98.6578</dst>
      <dst id="1">57.0667</dst>
      <dst id="5">7843.7244</dst>
      <dst id="3">17.8133</dst>
      <dst id="10">198.5689</dst>
      <dst id="7">2760.6933</dst>
      <dst id="2">1805.3600</dst>
      <dst id="16">6556.0533</dst>
      <dst id="14">13.3333</dst>
      <dst id="11">39.2889</dst>
      <dst id="9">1979.9556</dst>
      <dst id="17">2849.6089</dst>
      <dst id="21">929.4667</dst>
    </src>
    <src id="11">
      <dst id="12">19247.3422</dst>
      <dst id="13">2318.5067</dst>
      <dst id="19">432.2578</dst>
      <dst id="23">4.4178</dst>
      <dst id="8">145.5289</dst>
      <dst id="18">30.9778</dst>
      <dst id="4">1044.4889</dst>
      <dst id="1">29063.3867</dst>
      <dst id="5">1430.0267</dst>
      <dst id="3">678.9778</dst>
      <dst id="10">467.5911</dst>
      <dst id="22">356.2222</dst>
      <dst id="2">2860.3289</dst>
      <dst id="16">11767.3333</dst>
      <dst id="14">65.2000</dst>
      <dst id="20">801.4756</dst>
      <dst id="11">1094.6222</dst>
      <dst id="9">45828.6044</dst>
      <dst id="17">436273.0578</dst>
      <dst id="21">455.0844</dst>
      <dst id="15">291.6444</dst>
    </src>
    <src id="9">
      <dst id="12">15012.8622</dst>
      <dst id="13">2070.1333</dst>
      <dst id="19">40.4622</dst>
      <dst id="23">124.4178</dst>
      <dst id="8">51179.4133</dst>
      <dst id="18">175.7333</dst>
      <dst id="4">338.1956</dst>
      <dst id="1">12486.5067</dst>
      <dst id="5">865.1467</dst>
      <dst id="3">2539.4400</dst>
      <dst id="10">68.3467</dst>
      <dst id="22">13.3333</dst>
      <dst id="2">960.2756</dst>
      <dst id="16">401775.4756</dst>
      <dst id="14">60.7911</dst>
      <dst id="11">64.8533</dst>
      <dst id="9">199140.6311</dst>
      <dst id="17">45127.4311</dst>
      <dst id="21">183.2978</dst>
      <dst id="15">62.7644</dst>
    </src>
    <src id="17">
      <dst id="12">50760.7022</dst>
      <dst id="13">30285.4756</dst>
      <dst id="19">322.2578</dst>
      <dst id="23">4.6578</dst>
      <dst id="8">64.0622</dst>
      <dst id="18">307.8756</dst>
      <dst id="4">5413.6089</dst>
      <dst id="1">19413.5200</dst>
      <dst id="5">115977.3600</dst>
      <dst id="3">4842.9600</dst>
      <dst id="10">37154.2311</dst>
      <dst id="22">143.1200</dst>
      <dst id="7">3268.7556</dst>
      <dst id="2">17049.6356</dst>
      <dst id="16">33485.5111</dst>
      <dst id="14">7174.9333</dst>
      <dst id="20">9373.8311</dst>
      <dst id="11">8562.7911</dst>
      <dst id="9">2910.4622</dst>
      <dst id="17">20858.9067</dst>
      <dst id="21">4246.0267</dst>
      <dst id="15">35.7511</dst>
    </src>
    <src id="21">
      <dst id="12">4550.3022</dst>
      <dst id="13">2937.1289</dst>
      <dst id="19">384.3644</dst>
      <dst id="23">19.5200</dst>
      <dst id="8">41.2444</dst>
      <dst id="18">491.9556</dst>
      <dst id="4">157.9022</dst>
      <dst id="1">9397.6178</dst>
      <dst id="5">512.8533</dst>
      <dst id="3">1080.7289</dst>
      <dst id="10">1264.0533</dst>
      <dst id="22">170.3022</dst>
      <dst id="7">1245.9200</dst>
      <dst id="2">3317.6444</dst>
      <dst id="16">10496.3733</dst>
      <dst id="14">118.9511</dst>
      <dst id="20">63.1911</dst>
      <dst id="11">1030.7556</dst>
      <dst id="9">2509.7600</dst>
      <dst id="17">16565.4044</dst>
      <dst id="21">1516.7733</dst>
      <dst id="15">9.3156</dst>
    </src>
    <src id="15">
      <dst id="12">241.4844</dst>
      <dst id="13">372.6933</dst>
      <dst id="19">2035.2356</dst>
      <dst id="18">15.7511</dst>
      <dst id="4">16.6756</dst>
      <dst id="1">192.1244</dst>
      <dst id="5">150.3822</dst>
      <dst id="10">71.0667</dst>
      <dst id="2">530.2578</dst>
      <dst id="16">554.0889</dst>
      <dst id="14">0.4267</dst>
      <dst id="11">73.2800</dst>
      <dst id="9">378.0533</dst>
      <dst id="17">256.6311</dst>
      <dst id="21">0.3556</dst>
    </src>
  </IntraTM>
</TrafficMatrixFile>
