<?xml version="1.0" encoding="UTF-8" standalone="yes"?>
<TrafficMatrixFile xmlns:xsi="http://www.w3.org/2001/XMLSchema-instance" xsi:noNamespaceSchemaLocation="http://totem.run.montefiore.ulg.ac.be/Schema/TrafficMatrix-v1_2.xsd">
  <info>
    <title>Intradomain traffic matrix generated by geant-TM-all.pl</title>
    <date>2005-03-15T01:30:00</date>
    <duration>900</duration>
    <author>Steve Uhlig</author>
    <units>
        <unit type="bandwidth" value="kbps"/>
    </units>
  </info>
  <IntraTM ASID="20965">
    <src id="12">
      <dst id="12">257321.8044</dst>
      <dst id="13">14288.7467</dst>
      <dst id="19">311.2533</dst>
      <dst id="23">7181.9378</dst>
      <dst id="8">5470.8800</dst>
      <dst id="18">96995.0311</dst>
      <dst id="4">7555.7156</dst>
      <dst id="1">611.2267</dst>
      <dst id="5">4002.1067</dst>
      <dst id="3">45.2178</dst>
      <dst id="10">11356.6578</dst>
      <dst id="22">95.6711</dst>
      <dst id="7">3896.4267</dst>
      <dst id="2">21173.8844</dst>
      <dst id="6">17708.4978</dst>
      <dst id="16">981.9822</dst>
      <dst id="14">1467.9289</dst>
      <dst id="20">7946.8889</dst>
      <dst id="11">28.4178</dst>
      <dst id="9">9571.8933</dst>
      <dst id="17">39565.3067</dst>
      <dst id="21">262.9956</dst>
      <dst id="15">357.3778</dst>
    </src>
    <src id="13">
      <dst id="12">45003.9911</dst>
      <dst id="19">6545.6444</dst>
      <dst id="23">7333.7867</dst>
      <dst id="8">882.5600</dst>
      <dst id="18">2389.6267</dst>
      <dst id="1">16239.9556</dst>
      <dst id="5">4736.0622</dst>
      <dst id="3">102.9333</dst>
      <dst id="10">0.6844</dst>
      <dst id="22">443.0311</dst>
      <dst id="7">7686.5600</dst>
      <dst id="2">38760.0978</dst>
      <dst id="6">67.6711</dst>
      <dst id="16">4.9689</dst>
      <dst id="14">5780.8089</dst>
      <dst id="20">5102.8000</dst>
      <dst id="11">721.7778</dst>
      <dst id="9">9481.4578</dst>
      <dst id="17">76556.9600</dst>
      <dst id="21">21390.4978</dst>
      <dst id="15">451.1289</dst>
    </src>
    <src id="19">
      <dst id="12">11829.9911</dst>
      <dst id="13">339.0400</dst>
      <dst id="23">51.0133</dst>
      <dst id="8">0.4978</dst>
      <dst id="18">2.5600</dst>
      <dst id="4">800.2400</dst>
      <dst id="1">81.6267</dst>
      <dst id="5">13.3333</dst>
      <dst id="3">1.6089</dst>
      <dst id="10">951.5022</dst>
      <dst id="22">3.4489</dst>
      <dst id="7">6733.0311</dst>
      <dst id="2">3936.7733</dst>
      <dst id="6">45.1911</dst>
      <dst id="14">14.8267</dst>
      <dst id="20">109.2000</dst>
      <dst id="11">144.7467</dst>
      <dst id="9">123.6622</dst>
      <dst id="17">1483.3422</dst>
      <dst id="21">399.0933</dst>
      <dst id="15">0.3378</dst>
    </src>
    <src id="23">
      <dst id="12">566.2933</dst>
      <dst id="13">26.4178</dst>
      <dst id="19">2.3733</dst>
      <dst id="8">80.0000</dst>
      <dst id="18">0.3378</dst>
      <dst id="4">163.6089</dst>
      <dst id="1">203.5289</dst>
      <dst id="5">40.0000</dst>
      <dst id="10">832.1600</dst>
      <dst id="7">79.1378</dst>
      <dst id="2">1.5378</dst>
      <dst id="6">0.3378</dst>
      <dst id="20">165.5822</dst>
      <dst id="11">0.4978</dst>
      <dst id="9">241.9644</dst>
      <dst id="17">629.0133</dst>
      <dst id="21">13.6889</dst>
      <dst id="15">1.8933</dst>
    </src>
    <src id="8">
      <dst id="12">11915.6533</dst>
      <dst id="13">218.3556</dst>
      <dst id="19">3.5200</dst>
      <dst id="23">3.2356</dst>
      <dst id="18">42.2400</dst>
      <dst id="4">562.4267</dst>
      <dst id="1">3870.2400</dst>
      <dst id="5">717.3244</dst>
      <dst id="3">1.8133</dst>
      <dst id="10">1508.4889</dst>
      <dst id="7">12.3733</dst>
      <dst id="2">265.4667</dst>
      <dst id="16">107022.3911</dst>
      <dst id="11">0.4622</dst>
      <dst id="9">88838.4267</dst>
      <dst id="17">177700.1333</dst>
      <dst id="15">192.3200</dst>
    </src>
    <src id="18">
      <dst id="12">143915.7422</dst>
      <dst id="13">123.7156</dst>
      <dst id="19">0.4711</dst>
      <dst id="8">1.1022</dst>
      <dst id="4">193.3600</dst>
      <dst id="1">1391.7422</dst>
      <dst id="5">136.3289</dst>
      <dst id="3">1126.3111</dst>
      <dst id="10">822.8267</dst>
      <dst id="22">26.9778</dst>
      <dst id="7">76.0000</dst>
      <dst id="2">27037.2533</dst>
      <dst id="16">529.5111</dst>
      <dst id="20">21.7956</dst>
      <dst id="11">13.8756</dst>
      <dst id="9">724.2400</dst>
      <dst id="17">6298.3289</dst>
      <dst id="21">174.1778</dst>
      <dst id="15">5.4667</dst>
    </src>
    <src id="4">
      <dst id="12">8819.2800</dst>
      <dst id="19">773.6356</dst>
      <dst id="23">94.8533</dst>
      <dst id="8">494.6311</dst>
      <dst id="18">267.5111</dst>
      <dst id="4">2.3644</dst>
      <dst id="1">61364.9156</dst>
      <dst id="5">1050.9422</dst>
      <dst id="3">28.4533</dst>
      <dst id="7">125960.8800</dst>
      <dst id="2">45345.8933</dst>
      <dst id="6">0.8800</dst>
      <dst id="16">1383.0311</dst>
      <dst id="14">3284.3289</dst>
      <dst id="11">5.5378</dst>
      <dst id="9">5251.9911</dst>
      <dst id="17">10155.4311</dst>
      <dst id="21">1816.8356</dst>
      <dst id="15">297.1200</dst>
    </src>
    <src id="1">
      <dst id="12">9555.9111</dst>
      <dst id="13">11445.8578</dst>
      <dst id="19">287.5378</dst>
      <dst id="23">3.2000</dst>
      <dst id="8">2.2489</dst>
      <dst id="18">13368.7111</dst>
      <dst id="4">3622.0356</dst>
      <dst id="1">906028.2756</dst>
      <dst id="5">720.3733</dst>
      <dst id="3">280.0267</dst>
      <dst id="10">872.5867</dst>
      <dst id="7">457867.9911</dst>
      <dst id="2">4602.4978</dst>
      <dst id="6">2.5244</dst>
      <dst id="16">9299.2800</dst>
      <dst id="14">1129.5200</dst>
      <dst id="20">93.7422</dst>
      <dst id="11">79.5111</dst>
      <dst id="9">10920.9778</dst>
      <dst id="17">590554.5600</dst>
      <dst id="21">221769.6800</dst>
      <dst id="15">33.8222</dst>
    </src>
    <src id="5">
      <dst id="12">11050.2933</dst>
      <dst id="13">793.7244</dst>
      <dst id="19">17.9289</dst>
      <dst id="8">505.8844</dst>
      <dst id="18">163.1556</dst>
      <dst id="4">1421.7333</dst>
      <dst id="1">2498.8089</dst>
      <dst id="3">14.1600</dst>
      <dst id="10">2656.9333</dst>
      <dst id="7">69.7867</dst>
      <dst id="2">2970.3644</dst>
      <dst id="6">18.2756</dst>
      <dst id="16">151635.0667</dst>
      <dst id="14">16.6133</dst>
      <dst id="11">2.6756</dst>
      <dst id="9">40301.8044</dst>
      <dst id="17">180129.0578</dst>
      <dst id="21">6.7822</dst>
      <dst id="15">573.4667</dst>
    </src>
    <src id="3">
      <dst id="12">18209.3244</dst>
      <dst id="13">575.9822</dst>
      <dst id="19">1334.8978</dst>
      <dst id="23">6.8800</dst>
      <dst id="8">36.6667</dst>
      <dst id="18">14.2044</dst>
      <dst id="4">24117.2533</dst>
      <dst id="1">7790.5156</dst>
      <dst id="5">321.8667</dst>
      <dst id="3">159.1289</dst>
      <dst id="10">1509.0667</dst>
      <dst id="7">563.1911</dst>
      <dst id="2">7943.4933</dst>
      <dst id="6">5.5644</dst>
      <dst id="16">2039.7600</dst>
      <dst id="14">226.4800</dst>
      <dst id="20">16.4444</dst>
      <dst id="11">415.3689</dst>
      <dst id="9">933.9289</dst>
      <dst id="17">19561.7067</dst>
      <dst id="21">37139.7778</dst>
      <dst id="15">279.6800</dst>
    </src>
    <src id="10">
      <dst id="12">15397.3333</dst>
      <dst id="19">899.3333</dst>
      <dst id="23">121.8311</dst>
      <dst id="8">44.1689</dst>
      <dst id="18">4178.1422</dst>
      <dst id="1">302.1244</dst>
      <dst id="5">1444.4444</dst>
      <dst id="3">132.5156</dst>
      <dst id="7">6250.3556</dst>
      <dst id="2">6336.0178</dst>
      <dst id="16">1018.6044</dst>
      <dst id="14">3002.8444</dst>
      <dst id="20">7038.8533</dst>
      <dst id="11">62.7200</dst>
      <dst id="9">2245.4844</dst>
      <dst id="17">22862.2489</dst>
      <dst id="21">18583.9022</dst>
      <dst id="15">80.9333</dst>
    </src>
    <src id="22">
      <dst id="12">11584.1956</dst>
      <dst id="13">1205.0222</dst>
      <dst id="19">38.0089</dst>
      <dst id="23">541.8044</dst>
      <dst id="8">246.1600</dst>
      <dst id="18">179.7156</dst>
      <dst id="4">3720.3644</dst>
      <dst id="1">233.0400</dst>
      <dst id="5">1365.7156</dst>
      <dst id="3">40.3556</dst>
      <dst id="10">4329.6889</dst>
      <dst id="7">298.1156</dst>
      <dst id="2">809.9467</dst>
      <dst id="6">26.7289</dst>
      <dst id="14">88.9067</dst>
      <dst id="11">61.6267</dst>
      <dst id="9">1692.2311</dst>
      <dst id="17">2105.5200</dst>
      <dst id="21">462.0711</dst>
    </src>
    <src id="7">
      <dst id="12">13124.6756</dst>
      <dst id="13">208.4089</dst>
      <dst id="19">217.1644</dst>
      <dst id="23">19.0222</dst>
      <dst id="8">117.8489</dst>
      <dst id="18">145.4756</dst>
      <dst id="4">23549.4222</dst>
      <dst id="1">6541.6267</dst>
      <dst id="5">483.4311</dst>
      <dst id="3">416.3022</dst>
      <dst id="10">911.0844</dst>
      <dst id="22">60.4000</dst>
      <dst id="7">852.2133</dst>
      <dst id="2">4648.7378</dst>
      <dst id="6">324.4000</dst>
      <dst id="14">272.2667</dst>
      <dst id="20">135.4400</dst>
      <dst id="11">60.3644</dst>
      <dst id="9">1393.2444</dst>
      <dst id="17">8107.8133</dst>
      <dst id="21">1188.2756</dst>
      <dst id="15">7.3067</dst>
    </src>
    <src id="2">
      <dst id="12">73612.7556</dst>
      <dst id="13">1733.7333</dst>
      <dst id="19">553.6533</dst>
      <dst id="8">109.0222</dst>
      <dst id="18">45296.3200</dst>
      <dst id="4">35743.6356</dst>
      <dst id="1">6976.4267</dst>
      <dst id="5">418.6667</dst>
      <dst id="3">92.1067</dst>
      <dst id="10">12849.2089</dst>
      <dst id="22">6.7556</dst>
      <dst id="7">705.8667</dst>
      <dst id="2">2393.4311</dst>
      <dst id="6">15922.4089</dst>
      <dst id="16">0.8800</dst>
      <dst id="14">134.9244</dst>
      <dst id="20">149.5822</dst>
      <dst id="11">114.7733</dst>
      <dst id="9">1689.9644</dst>
      <dst id="17">20255.2089</dst>
      <dst id="21">1610.7111</dst>
      <dst id="15">21.1111</dst>
    </src>
    <src id="6">
      <dst id="12">475.5200</dst>
      <dst id="13">1.1022</dst>
      <dst id="19">1.4489</dst>
      <dst id="8">0.6222</dst>
      <dst id="18">0.3556</dst>
      <dst id="4">0.3556</dst>
      <dst id="1">1606.2400</dst>
      <dst id="5">1.4222</dst>
      <dst id="10">37.2178</dst>
      <dst id="7">12.1600</dst>
      <dst id="2">901.3867</dst>
      <dst id="16">155.4489</dst>
      <dst id="20">1.6622</dst>
      <dst id="9">63.1644</dst>
      <dst id="17">16894.1156</dst>
      <dst id="21">46.9067</dst>
      <dst id="15">0.3378</dst>
    </src>
    <src id="16">
      <dst id="12">144519.7422</dst>
      <dst id="13">11903.7689</dst>
      <dst id="19">4138.7467</dst>
      <dst id="23">39.7244</dst>
      <dst id="8">87807.9378</dst>
      <dst id="18">964.7644</dst>
      <dst id="4">829.4489</dst>
      <dst id="1">11902.2667</dst>
      <dst id="5">197939.9378</dst>
      <dst id="3">10680.7911</dst>
      <dst id="10">1344.4000</dst>
      <dst id="7">345.8933</dst>
      <dst id="2">8200.3733</dst>
      <dst id="6">12.5422</dst>
      <dst id="16">12081.2533</dst>
      <dst id="14">51442.3911</dst>
      <dst id="11">16861.1556</dst>
      <dst id="9">189525.7422</dst>
      <dst id="17">1863.5111</dst>
      <dst id="21">13.3333</dst>
    </src>
    <src id="14">
      <dst id="12">3283.1644</dst>
      <dst id="13">12.9867</dst>
      <dst id="19">8.4978</dst>
      <dst id="18">13.5822</dst>
      <dst id="4">581.9022</dst>
      <dst id="1">4445.0400</dst>
      <dst id="5">73.3067</dst>
      <dst id="3">346.8800</dst>
      <dst id="10">445.9911</dst>
      <dst id="7">2081.8044</dst>
      <dst id="2">2825.9733</dst>
      <dst id="16">327.8756</dst>
      <dst id="20">0.4622</dst>
      <dst id="11">0.4622</dst>
      <dst id="9">165.6000</dst>
      <dst id="17">35798.7467</dst>
      <dst id="21">57.5378</dst>
      <dst id="15">0.9244</dst>
    </src>
    <src id="20">
      <dst id="12">12627.4667</dst>
      <dst id="13">1334.7733</dst>
      <dst id="19">6884.1422</dst>
      <dst id="23">42.8444</dst>
      <dst id="8">1.7778</dst>
      <dst id="18">66.7467</dst>
      <dst id="4">3074.6844</dst>
      <dst id="1">1897.6267</dst>
      <dst id="5">640.4000</dst>
      <dst id="3">13.3333</dst>
      <dst id="10">564.5689</dst>
      <dst id="22">0.3556</dst>
      <dst id="7">89.6000</dst>
      <dst id="2">816.4267</dst>
      <dst id="14">12.8000</dst>
      <dst id="20">100.1333</dst>
      <dst id="11">0.8622</dst>
      <dst id="9">2526.5422</dst>
      <dst id="17">9132.2933</dst>
      <dst id="21">141.2089</dst>
    </src>
    <src id="11">
      <dst id="12">27552.5511</dst>
      <dst id="13">955.5111</dst>
      <dst id="19">15.4222</dst>
      <dst id="23">12.0711</dst>
      <dst id="8">1386.3289</dst>
      <dst id="18">151.1378</dst>
      <dst id="4">1960.8178</dst>
      <dst id="1">4174.7111</dst>
      <dst id="5">714.1156</dst>
      <dst id="3">125.2622</dst>
      <dst id="10">4503.1556</dst>
      <dst id="7">350.4000</dst>
      <dst id="2">53675.6444</dst>
      <dst id="6">3.6889</dst>
      <dst id="16">3004.4889</dst>
      <dst id="14">120.2578</dst>
      <dst id="20">84.1244</dst>
      <dst id="11">1254.8178</dst>
      <dst id="9">8089.4489</dst>
      <dst id="17">594887.0222</dst>
      <dst id="21">437.8489</dst>
      <dst id="15">4.0711</dst>
    </src>
    <src id="9">
      <dst id="12">21154.6489</dst>
      <dst id="13">1319.5467</dst>
      <dst id="19">50.0356</dst>
      <dst id="23">1.0311</dst>
      <dst id="8">79063.7778</dst>
      <dst id="18">444.0089</dst>
      <dst id="4">363.8933</dst>
      <dst id="1">4932.4800</dst>
      <dst id="5">288.7733</dst>
      <dst id="3">51.7689</dst>
      <dst id="10">3982.7111</dst>
      <dst id="7">6986.9067</dst>
      <dst id="2">976.6667</dst>
      <dst id="6">2.7467</dst>
      <dst id="16">206330.6044</dst>
      <dst id="14">2.4711</dst>
      <dst id="11">2.5333</dst>
      <dst id="9">288034.7111</dst>
      <dst id="17">279103.9022</dst>
      <dst id="21">123.4844</dst>
      <dst id="15">198.6044</dst>
    </src>
    <src id="17">
      <dst id="12">103668.8889</dst>
      <dst id="13">5678.9689</dst>
      <dst id="19">711.6622</dst>
      <dst id="23">82.5511</dst>
      <dst id="8">414.9600</dst>
      <dst id="18">506.4178</dst>
      <dst id="4">8552.5244</dst>
      <dst id="1">7501.5289</dst>
      <dst id="5">135605.4311</dst>
      <dst id="3">4221.6178</dst>
      <dst id="10">32903.5822</dst>
      <dst id="7">2101.0667</dst>
      <dst id="2">57845.2356</dst>
      <dst id="6">16.7022</dst>
      <dst id="16">2077.8311</dst>
      <dst id="14">15816.8978</dst>
      <dst id="20">474.9778</dst>
      <dst id="11">13072.6667</dst>
      <dst id="9">1946.0178</dst>
      <dst id="17">17536.6667</dst>
      <dst id="21">2739.0667</dst>
      <dst id="15">32.5867</dst>
    </src>
    <src id="21">
      <dst id="12">3643.5644</dst>
      <dst id="13">798.7378</dst>
      <dst id="19">77.2267</dst>
      <dst id="23">0.6400</dst>
      <dst id="8">477.7333</dst>
      <dst id="18">2417.0489</dst>
      <dst id="4">1352.0267</dst>
      <dst id="1">5568.3200</dst>
      <dst id="5">442.7822</dst>
      <dst id="3">1969.7156</dst>
      <dst id="10">1252.4178</dst>
      <dst id="7">1983.3244</dst>
      <dst id="2">2675.8222</dst>
      <dst id="6">14.5156</dst>
      <dst id="16">286.8711</dst>
      <dst id="14">90.0267</dst>
      <dst id="20">1631.6178</dst>
      <dst id="11">94.8978</dst>
      <dst id="9">772.8444</dst>
      <dst id="17">40809.6978</dst>
      <dst id="21">1169.8133</dst>
      <dst id="15">16.7289</dst>
    </src>
    <src id="15">
      <dst id="12">235.4400</dst>
      <dst id="13">54.0000</dst>
      <dst id="19">14.9422</dst>
      <dst id="8">102.4533</dst>
      <dst id="18">6.3289</dst>
      <dst id="4">148.0089</dst>
      <dst id="1">250.0533</dst>
      <dst id="5">63.5111</dst>
      <dst id="3">6.6489</dst>
      <dst id="10">277.1822</dst>
      <dst id="7">14.4711</dst>
      <dst id="2">184.1689</dst>
      <dst id="16">0.5689</dst>
      <dst id="11">18.0267</dst>
      <dst id="9">590.3556</dst>
      <dst id="17">12442.3111</dst>
    </src>
  </IntraTM>
</TrafficMatrixFile>
