<?xml version="1.0" encoding="UTF-8" standalone="yes"?>
<TrafficMatrixFile xmlns:xsi="http://www.w3.org/2001/XMLSchema-instance" xsi:noNamespaceSchemaLocation="http://totem.run.montefiore.ulg.ac.be/Schema/TrafficMatrix-v1_2.xsd">
  <info>
    <title>Intradomain traffic matrix generated by geant-TM-all.pl</title>
    <date>2005-03-27T17:30:00</date>
    <duration>900</duration>
    <author>Steve Uhlig</author>
    <units>
        <unit type="bandwidth" value="kbps"/>
    </units>
  </info>
  <IntraTM ASID="20965">
    <src id="12">
      <dst id="12">333916.9422</dst>
      <dst id="13">13550.3200</dst>
      <dst id="19">8211.4222</dst>
      <dst id="23">3894.8978</dst>
      <dst id="8">1557.4667</dst>
      <dst id="18">71492.1689</dst>
      <dst id="4">4161.7156</dst>
      <dst id="1">28330.0978</dst>
      <dst id="5">1718.5156</dst>
      <dst id="3">373.2711</dst>
      <dst id="10">543.1556</dst>
      <dst id="22">10067.1467</dst>
      <dst id="7">15395.7956</dst>
      <dst id="2">21769.2711</dst>
      <dst id="6">20993.6089</dst>
      <dst id="16">2227.6089</dst>
      <dst id="14">1654.8622</dst>
      <dst id="20">828.0178</dst>
      <dst id="11">149.1822</dst>
      <dst id="9">2511.7511</dst>
      <dst id="17">53920.4000</dst>
      <dst id="21">5417.3867</dst>
      <dst id="15">1249.9733</dst>
    </src>
    <src id="13">
      <dst id="12">9184.3022</dst>
      <dst id="13">327.4489</dst>
      <dst id="19">3486.0089</dst>
      <dst id="23">231.1733</dst>
      <dst id="8">790.5689</dst>
      <dst id="18">103.7600</dst>
      <dst id="4">13.7511</dst>
      <dst id="1">822.3022</dst>
      <dst id="5">743.8400</dst>
      <dst id="3">314.5689</dst>
      <dst id="10">10.5956</dst>
      <dst id="22">1360.3733</dst>
      <dst id="7">3332.6311</dst>
      <dst id="2">1098.5689</dst>
      <dst id="6">60.2756</dst>
      <dst id="16">2094.8978</dst>
      <dst id="14">389.4844</dst>
      <dst id="20">1951.3511</dst>
      <dst id="11">702.4711</dst>
      <dst id="9">1422.3467</dst>
      <dst id="17">25543.3067</dst>
      <dst id="21">1028.5867</dst>
      <dst id="15">69.4400</dst>
    </src>
    <src id="19">
      <dst id="12">20837.5200</dst>
      <dst id="13">1677.2533</dst>
      <dst id="23">17.8133</dst>
      <dst id="8">0.4622</dst>
      <dst id="18">26.4533</dst>
      <dst id="4">154.1956</dst>
      <dst id="1">1518.6044</dst>
      <dst id="5">433.7600</dst>
      <dst id="3">43.8133</dst>
      <dst id="10">1029.1644</dst>
      <dst id="22">2210.8889</dst>
      <dst id="7">4024.5244</dst>
      <dst id="2">751.1733</dst>
      <dst id="6">172.7644</dst>
      <dst id="16">683.9467</dst>
      <dst id="14">2.1778</dst>
      <dst id="20">53.2178</dst>
      <dst id="11">584.4622</dst>
      <dst id="9">371.7422</dst>
      <dst id="17">3628.0889</dst>
      <dst id="21">115.6178</dst>
      <dst id="15">1123.3600</dst>
    </src>
    <src id="23">
      <dst id="12">1864.1333</dst>
      <dst id="13">843.0133</dst>
      <dst id="19">268.1244</dst>
      <dst id="8">5.6533</dst>
      <dst id="18">376.6756</dst>
      <dst id="4">204.0622</dst>
      <dst id="1">853.6444</dst>
      <dst id="5">26.6667</dst>
      <dst id="3">53.3333</dst>
      <dst id="10">112.9244</dst>
      <dst id="22">229.4222</dst>
      <dst id="7">416.3111</dst>
      <dst id="2">281.6178</dst>
      <dst id="16">93.3333</dst>
      <dst id="14">1.0222</dst>
      <dst id="20">13.6889</dst>
      <dst id="11">0.4622</dst>
      <dst id="9">29.0222</dst>
      <dst id="17">6490.6844</dst>
      <dst id="21">146.4889</dst>
      <dst id="15">0.7467</dst>
    </src>
    <src id="8">
      <dst id="12">5105.7689</dst>
      <dst id="13">270.8889</dst>
      <dst id="19">17.0222</dst>
      <dst id="18">1.0756</dst>
      <dst id="4">67.4400</dst>
      <dst id="1">1065.3244</dst>
      <dst id="5">254.6489</dst>
      <dst id="10">1120.3378</dst>
      <dst id="22">0.3200</dst>
      <dst id="7">267.8400</dst>
      <dst id="2">11.0133</dst>
      <dst id="16">204049.6444</dst>
      <dst id="14">6.2222</dst>
      <dst id="11">2.9244</dst>
      <dst id="9">60276.0000</dst>
      <dst id="17">17714.0267</dst>
      <dst id="21">2.0444</dst>
      <dst id="15">1.8044</dst>
    </src>
    <src id="18">
      <dst id="12">112275.6711</dst>
      <dst id="13">633.5733</dst>
      <dst id="19">0.3556</dst>
      <dst id="23">13.5911</dst>
      <dst id="8">0.7111</dst>
      <dst id="4">50.2044</dst>
      <dst id="1">936.6133</dst>
      <dst id="5">57.4400</dst>
      <dst id="3">2052.0533</dst>
      <dst id="10">6.6844</dst>
      <dst id="22">813.3867</dst>
      <dst id="7">479.4667</dst>
      <dst id="2">7534.5778</dst>
      <dst id="6">0.5689</dst>
      <dst id="16">604.9867</dst>
      <dst id="20">120.1422</dst>
      <dst id="11">12.6222</dst>
      <dst id="9">317.5556</dst>
      <dst id="17">3091.6978</dst>
      <dst id="21">191.5911</dst>
      <dst id="15">14.0978</dst>
    </src>
    <src id="4">
      <dst id="12">29778.3111</dst>
      <dst id="13">9.6622</dst>
      <dst id="19">20434.4178</dst>
      <dst id="23">941.7600</dst>
      <dst id="8">949.2800</dst>
      <dst id="18">2171.3511</dst>
      <dst id="4">136.5422</dst>
      <dst id="1">230041.9111</dst>
      <dst id="5">4412.0978</dst>
      <dst id="3">62.1333</dst>
      <dst id="22">1360.8978</dst>
      <dst id="7">2306.3911</dst>
      <dst id="2">158376.6489</dst>
      <dst id="6">247.2178</dst>
      <dst id="16">118085.4756</dst>
      <dst id="14">2162.7911</dst>
      <dst id="11">707.3422</dst>
      <dst id="9">28614.6400</dst>
      <dst id="17">86793.2711</dst>
      <dst id="21">11330.1244</dst>
      <dst id="15">2888.8267</dst>
    </src>
    <src id="1">
      <dst id="12">362151.9200</dst>
      <dst id="13">2705.4844</dst>
      <dst id="19">666.0178</dst>
      <dst id="23">499.7867</dst>
      <dst id="8">2819.0044</dst>
      <dst id="18">13373.6356</dst>
      <dst id="4">689.7422</dst>
      <dst id="1">76422.8267</dst>
      <dst id="5">774.0533</dst>
      <dst id="3">3992.6311</dst>
      <dst id="10">200.0178</dst>
      <dst id="22">42.9511</dst>
      <dst id="7">24540.3467</dst>
      <dst id="2">2614.4089</dst>
      <dst id="6">66.0800</dst>
      <dst id="16">843474.9778</dst>
      <dst id="14">92.1244</dst>
      <dst id="20">331.2267</dst>
      <dst id="11">293.0756</dst>
      <dst id="9">11218.0978</dst>
      <dst id="17">10873.6533</dst>
      <dst id="21">15518.2044</dst>
      <dst id="15">147.7422</dst>
    </src>
    <src id="5">
      <dst id="12">6822.5244</dst>
      <dst id="13">6689.9467</dst>
      <dst id="19">15.9822</dst>
      <dst id="8">471.8311</dst>
      <dst id="18">33.0756</dst>
      <dst id="4">210.1156</dst>
      <dst id="1">3580.3822</dst>
      <dst id="10">215.8844</dst>
      <dst id="22">76.0533</dst>
      <dst id="7">53.9289</dst>
      <dst id="2">133.5556</dst>
      <dst id="6">1.1378</dst>
      <dst id="16">309437.9467</dst>
      <dst id="14">0.7822</dst>
      <dst id="11">77.0400</dst>
      <dst id="9">42084.0356</dst>
      <dst id="17">35446.8622</dst>
      <dst id="21">175.6800</dst>
      <dst id="15">1508.1867</dst>
    </src>
    <src id="3">
      <dst id="12">7742.2222</dst>
      <dst id="13">54760.7111</dst>
      <dst id="19">15529.0489</dst>
      <dst id="23">10259.5822</dst>
      <dst id="8">23.2800</dst>
      <dst id="18">145.2533</dst>
      <dst id="4">900.5689</dst>
      <dst id="1">5537.2711</dst>
      <dst id="5">470.9867</dst>
      <dst id="3">395.7600</dst>
      <dst id="10">700.3556</dst>
      <dst id="22">14.9422</dst>
      <dst id="7">1466.6844</dst>
      <dst id="2">3591.1111</dst>
      <dst id="6">112.4444</dst>
      <dst id="16">11817.0489</dst>
      <dst id="14">157.6622</dst>
      <dst id="20">179.3689</dst>
      <dst id="11">434.8711</dst>
      <dst id="9">1214.4000</dst>
      <dst id="17">30289.8311</dst>
      <dst id="21">6695.2889</dst>
      <dst id="15">79.4044</dst>
    </src>
    <src id="10">
      <dst id="12">6767.8667</dst>
      <dst id="13">3.0578</dst>
      <dst id="19">4180.5600</dst>
      <dst id="23">927.5378</dst>
      <dst id="8">214.1600</dst>
      <dst id="18">276.6400</dst>
      <dst id="1">3477.1822</dst>
      <dst id="5">1803.3600</dst>
      <dst id="3">1082.2133</dst>
      <dst id="22">19.6444</dst>
      <dst id="7">1546.6133</dst>
      <dst id="2">10078.2489</dst>
      <dst id="6">79.6800</dst>
      <dst id="16">38845.9911</dst>
      <dst id="14">628.9067</dst>
      <dst id="20">930.7822</dst>
      <dst id="11">131.2533</dst>
      <dst id="9">3433.1289</dst>
      <dst id="17">29971.0489</dst>
      <dst id="21">10944.8978</dst>
      <dst id="15">1423.0756</dst>
    </src>
    <src id="22">
      <dst id="12">7159.7511</dst>
      <dst id="13">4320.2222</dst>
      <dst id="19">299.4133</dst>
      <dst id="23">12.3467</dst>
      <dst id="8">202.0267</dst>
      <dst id="18">288.3200</dst>
      <dst id="4">1319.2356</dst>
      <dst id="1">418.4711</dst>
      <dst id="5">7099.1911</dst>
      <dst id="3">34.8800</dst>
      <dst id="10">424.0000</dst>
      <dst id="7">705.7244</dst>
      <dst id="2">1881.6089</dst>
      <dst id="6">213.4222</dst>
      <dst id="16">1517.0400</dst>
      <dst id="14">44.8622</dst>
      <dst id="11">138.4089</dst>
      <dst id="9">2440.7644</dst>
      <dst id="17">14738.9600</dst>
      <dst id="21">2138.3467</dst>
    </src>
    <src id="7">
      <dst id="12">11884.0800</dst>
      <dst id="13">19072.2667</dst>
      <dst id="19">2052.1689</dst>
      <dst id="23">252.4533</dst>
      <dst id="8">595.2889</dst>
      <dst id="18">238.8444</dst>
      <dst id="4">1381.3422</dst>
      <dst id="1">6513.2889</dst>
      <dst id="5">435.8222</dst>
      <dst id="3">609.8667</dst>
      <dst id="10">336.2933</dst>
      <dst id="22">1717.5022</dst>
      <dst id="7">32.7022</dst>
      <dst id="2">3355.4933</dst>
      <dst id="6">540.0089</dst>
      <dst id="16">2143.0400</dst>
      <dst id="14">330.4800</dst>
      <dst id="20">3579.7689</dst>
      <dst id="11">1173.2800</dst>
      <dst id="9">1407.9822</dst>
      <dst id="17">8337.4578</dst>
      <dst id="21">1020.4889</dst>
      <dst id="15">553.5111</dst>
    </src>
    <src id="2">
      <dst id="12">90534.6133</dst>
      <dst id="13">24852.1867</dst>
      <dst id="19">1391.1556</dst>
      <dst id="23">39.0222</dst>
      <dst id="8">318.6756</dst>
      <dst id="18">50613.4222</dst>
      <dst id="4">3101.9111</dst>
      <dst id="1">12165.0844</dst>
      <dst id="5">841.8844</dst>
      <dst id="3">306.3289</dst>
      <dst id="10">10507.2178</dst>
      <dst id="22">559.7244</dst>
      <dst id="7">30583.1822</dst>
      <dst id="2">3017.8756</dst>
      <dst id="6">15866.1422</dst>
      <dst id="16">1383.6444</dst>
      <dst id="14">361.8311</dst>
      <dst id="20">354.8356</dst>
      <dst id="11">1028.1333</dst>
      <dst id="9">12942.8711</dst>
      <dst id="17">43073.3244</dst>
      <dst id="21">3566.3289</dst>
      <dst id="15">187.5022</dst>
    </src>
    <src id="6">
      <dst id="12">137.6000</dst>
      <dst id="13">44.1867</dst>
      <dst id="19">54.1600</dst>
      <dst id="23">12.9422</dst>
      <dst id="8">0.3556</dst>
      <dst id="4">7.0756</dst>
      <dst id="1">378.7111</dst>
      <dst id="5">18.5422</dst>
      <dst id="3">26.1600</dst>
      <dst id="22">78.3022</dst>
      <dst id="7">72.5956</dst>
      <dst id="2">995.8222</dst>
      <dst id="16">75.9911</dst>
      <dst id="20">1.0667</dst>
      <dst id="9">75.1644</dst>
      <dst id="17">17317.6800</dst>
      <dst id="21">84.0444</dst>
      <dst id="15">26.0356</dst>
    </src>
    <src id="16">
      <dst id="12">183596.3378</dst>
      <dst id="13">1633.1822</dst>
      <dst id="19">2787.9556</dst>
      <dst id="23">41.6800</dst>
      <dst id="8">82715.2533</dst>
      <dst id="18">2.7022</dst>
      <dst id="4">486.4622</dst>
      <dst id="1">10789.0044</dst>
      <dst id="5">254217.3778</dst>
      <dst id="3">7676.8889</dst>
      <dst id="10">213.0044</dst>
      <dst id="22">102.3644</dst>
      <dst id="7">93.7600</dst>
      <dst id="2">203.4311</dst>
      <dst id="16">24462.6844</dst>
      <dst id="14">36338.2578</dst>
      <dst id="11">35264.8800</dst>
      <dst id="9">310135.6800</dst>
      <dst id="17">5709.2356</dst>
      <dst id="21">27.8400</dst>
    </src>
    <src id="14">
      <dst id="12">1281.0844</dst>
      <dst id="13">541.8400</dst>
      <dst id="19">14.5067</dst>
      <dst id="23">1.5378</dst>
      <dst id="8">1.4222</dst>
      <dst id="18">1.3067</dst>
      <dst id="4">135.5200</dst>
      <dst id="1">283.6356</dst>
      <dst id="5">26.3822</dst>
      <dst id="3">802.6756</dst>
      <dst id="10">229.2800</dst>
      <dst id="22">25.2444</dst>
      <dst id="7">846.0444</dst>
      <dst id="2">1037.0133</dst>
      <dst id="16">1021.9822</dst>
      <dst id="20">2.9689</dst>
      <dst id="11">91.3067</dst>
      <dst id="9">135.9822</dst>
      <dst id="17">25897.4311</dst>
      <dst id="21">242.6311</dst>
      <dst id="15">3.7600</dst>
    </src>
    <src id="20">
      <dst id="12">1180.3200</dst>
      <dst id="13">5940.1244</dst>
      <dst id="19">19.2889</dst>
      <dst id="23">1.1733</dst>
      <dst id="8">8127.6978</dst>
      <dst id="18">116.4089</dst>
      <dst id="4">2098.3556</dst>
      <dst id="1">4997.3422</dst>
      <dst id="5">730.2667</dst>
      <dst id="3">157.5467</dst>
      <dst id="10">743.3511</dst>
      <dst id="7">1504.2311</dst>
      <dst id="2">755.3067</dst>
      <dst id="6">30.4000</dst>
      <dst id="16">4363.2622</dst>
      <dst id="11">53.7600</dst>
      <dst id="9">199.7956</dst>
      <dst id="17">18368.4889</dst>
      <dst id="21">125.4400</dst>
    </src>
    <src id="11">
      <dst id="12">18180.3556</dst>
      <dst id="13">5095.7511</dst>
      <dst id="19">76.8978</dst>
      <dst id="23">16.3733</dst>
      <dst id="8">46.9867</dst>
      <dst id="18">965.2622</dst>
      <dst id="4">1642.2489</dst>
      <dst id="1">5286.6133</dst>
      <dst id="5">394.7733</dst>
      <dst id="3">926.8178</dst>
      <dst id="10">250.6489</dst>
      <dst id="22">186.2222</dst>
      <dst id="7">1078.0978</dst>
      <dst id="2">61892.3733</dst>
      <dst id="6">115.8667</dst>
      <dst id="16">11737.1911</dst>
      <dst id="14">59.1644</dst>
      <dst id="20">1256.6844</dst>
      <dst id="11">4209.6356</dst>
      <dst id="9">6504.6222</dst>
      <dst id="17">613669.7333</dst>
      <dst id="21">639.3067</dst>
      <dst id="15">2032.1600</dst>
    </src>
    <src id="9">
      <dst id="12">14440.4978</dst>
      <dst id="13">2546.5422</dst>
      <dst id="19">7035.2178</dst>
      <dst id="23">18.9867</dst>
      <dst id="8">66691.1200</dst>
      <dst id="18">71.6356</dst>
      <dst id="4">841.4667</dst>
      <dst id="1">9846.7289</dst>
      <dst id="5">794.5422</dst>
      <dst id="3">39.0133</dst>
      <dst id="10">291.2533</dst>
      <dst id="22">83.9467</dst>
      <dst id="7">199.6711</dst>
      <dst id="2">434.9156</dst>
      <dst id="6">15.9289</dst>
      <dst id="16">534573.6444</dst>
      <dst id="14">82.4356</dst>
      <dst id="11">1027.8933</dst>
      <dst id="9">281804.9422</dst>
      <dst id="17">67499.3067</dst>
      <dst id="21">81.7067</dst>
      <dst id="15">212.5867</dst>
    </src>
    <src id="17">
      <dst id="12">130147.7422</dst>
      <dst id="13">71378.9422</dst>
      <dst id="19">866.9778</dst>
      <dst id="23">671.9556</dst>
      <dst id="8">102.3200</dst>
      <dst id="18">8432.5333</dst>
      <dst id="4">8202.6933</dst>
      <dst id="1">16329.2089</dst>
      <dst id="5">124595.9467</dst>
      <dst id="3">7481.5022</dst>
      <dst id="10">2406.5867</dst>
      <dst id="22">191.4489</dst>
      <dst id="7">46374.4800</dst>
      <dst id="2">3901.4667</dst>
      <dst id="6">92.6578</dst>
      <dst id="16">26064.2311</dst>
      <dst id="14">13094.0533</dst>
      <dst id="20">20762.5778</dst>
      <dst id="11">22048.4889</dst>
      <dst id="9">9723.3244</dst>
      <dst id="17">58486.0800</dst>
      <dst id="21">2247.5911</dst>
      <dst id="15">8283.4222</dst>
    </src>
    <src id="21">
      <dst id="12">3016.0533</dst>
      <dst id="13">49066.3111</dst>
      <dst id="19">382.5333</dst>
      <dst id="23">12.1511</dst>
      <dst id="8">144.6844</dst>
      <dst id="18">656.9956</dst>
      <dst id="4">1341.3067</dst>
      <dst id="1">3377.7422</dst>
      <dst id="5">379.2711</dst>
      <dst id="3">3360.9067</dst>
      <dst id="10">1031.9022</dst>
      <dst id="22">8.1511</dst>
      <dst id="7">1358.4089</dst>
      <dst id="2">5442.2756</dst>
      <dst id="6">34.9778</dst>
      <dst id="16">5625.6711</dst>
      <dst id="14">406.5333</dst>
      <dst id="20">406.7556</dst>
      <dst id="11">972.4533</dst>
      <dst id="9">1524.4622</dst>
      <dst id="17">24243.7333</dst>
      <dst id="21">2307.6978</dst>
      <dst id="15">76.4444</dst>
    </src>
    <src id="15">
      <dst id="12">8034.2844</dst>
      <dst id="13">241.0578</dst>
      <dst id="19">37.6533</dst>
      <dst id="23">1.0044</dst>
      <dst id="8">15.5733</dst>
      <dst id="18">10.8889</dst>
      <dst id="4">75.8844</dst>
      <dst id="1">356.9067</dst>
      <dst id="5">55.4133</dst>
      <dst id="10">1230.7111</dst>
      <dst id="7">9.7867</dst>
      <dst id="2">153.4933</dst>
      <dst id="16">539.1644</dst>
      <dst id="14">2.3289</dst>
      <dst id="11">18.8444</dst>
      <dst id="9">574.1156</dst>
      <dst id="17">466.2133</dst>
      <dst id="21">0.3556</dst>
    </src>
  </IntraTM>
</TrafficMatrixFile>
