<?xml version="1.0" encoding="UTF-8" standalone="yes"?>
<TrafficMatrixFile xmlns:xsi="http://www.w3.org/2001/XMLSchema-instance" xsi:noNamespaceSchemaLocation="http://totem.run.montefiore.ulg.ac.be/Schema/TrafficMatrix-v1_2.xsd">
  <info>
    <title>Intradomain traffic matrix generated by geant-TM-all.pl</title>
    <date>2005-02-04T03:15:00</date>
    <duration>900</duration>
    <author>Steve Uhlig</author>
    <units>
        <unit type="bandwidth" value="kbps"/>
    </units>
  </info>
  <IntraTM ASID="20965">
    <src id="12">
      <dst id="12">429211.0756</dst>
      <dst id="13">33554.2667</dst>
      <dst id="19">1698.7200</dst>
      <dst id="23">596.8800</dst>
      <dst id="8">2400.9956</dst>
      <dst id="18">196173.6356</dst>
      <dst id="4">142212.4444</dst>
      <dst id="1">16016.8622</dst>
      <dst id="5">5979.1822</dst>
      <dst id="3">8275.8756</dst>
      <dst id="10">22937.9022</dst>
      <dst id="22">39299.6089</dst>
      <dst id="7">47900.6400</dst>
      <dst id="2">80144.9511</dst>
      <dst id="6">3.3511</dst>
      <dst id="16">18758.8978</dst>
      <dst id="14">1701.4311</dst>
      <dst id="20">34505.3689</dst>
      <dst id="11">3284.0444</dst>
      <dst id="9">27938.4978</dst>
      <dst id="17">102954.1956</dst>
      <dst id="21">34598.6311</dst>
      <dst id="15">11767.5200</dst>
    </src>
    <src id="13">
      <dst id="12">117931.7422</dst>
      <dst id="19">18263.1111</dst>
      <dst id="23">638.6222</dst>
      <dst id="8">6311.2178</dst>
      <dst id="18">14326.7111</dst>
      <dst id="1">4102.0356</dst>
      <dst id="5">6505.7422</dst>
      <dst id="3">21084.3378</dst>
      <dst id="22">23578.7111</dst>
      <dst id="7">19406.8089</dst>
      <dst id="2">126097.6622</dst>
      <dst id="6">398.8178</dst>
      <dst id="16">12501.1378</dst>
      <dst id="14">2488.5422</dst>
      <dst id="20">33061.2622</dst>
      <dst id="11">845.6711</dst>
      <dst id="9">16417.8844</dst>
      <dst id="17">119540.9156</dst>
      <dst id="21">28683.4400</dst>
      <dst id="15">6886.2756</dst>
    </src>
    <src id="19">
      <dst id="12">12961.2444</dst>
      <dst id="13">833.0489</dst>
      <dst id="23">1.1378</dst>
      <dst id="8">66.9156</dst>
      <dst id="18">167.6267</dst>
      <dst id="4">22814.1244</dst>
      <dst id="1">731.3244</dst>
      <dst id="5">81.2267</dst>
      <dst id="3">601.1200</dst>
      <dst id="10">1175.8578</dst>
      <dst id="22">106.7733</dst>
      <dst id="7">4665.2444</dst>
      <dst id="2">12054.8800</dst>
      <dst id="6">24.2222</dst>
      <dst id="16">7679.0311</dst>
      <dst id="14">50.6844</dst>
      <dst id="20">20.7111</dst>
      <dst id="11">13.5822</dst>
      <dst id="9">7286.1333</dst>
      <dst id="17">13386.4267</dst>
      <dst id="21">1329.0578</dst>
      <dst id="15">1131.8489</dst>
    </src>
    <src id="23">
      <dst id="12">1213.1467</dst>
      <dst id="13">153.9200</dst>
      <dst id="19">0.3378</dst>
      <dst id="18">2409.5111</dst>
      <dst id="4">7263.3600</dst>
      <dst id="1">111.1022</dst>
      <dst id="5">0.9067</dst>
      <dst id="3">2896.7911</dst>
      <dst id="10">503.3867</dst>
      <dst id="22">103.0133</dst>
      <dst id="7">172.2489</dst>
      <dst id="2">191.7244</dst>
      <dst id="16">4163.0400</dst>
      <dst id="14">14.1867</dst>
      <dst id="20">3705.7333</dst>
      <dst id="11">0.3556</dst>
      <dst id="9">241.2533</dst>
      <dst id="17">1633.7689</dst>
      <dst id="21">205.4933</dst>
      <dst id="15">25.2444</dst>
    </src>
    <src id="8">
      <dst id="12">58578.2933</dst>
      <dst id="13">1782.8089</dst>
      <dst id="19">43.8311</dst>
      <dst id="23">2.5600</dst>
      <dst id="18">168.3733</dst>
      <dst id="4">4157.9911</dst>
      <dst id="1">4051.5467</dst>
      <dst id="5">2848.5778</dst>
      <dst id="3">516.5956</dst>
      <dst id="10">4455.1644</dst>
      <dst id="22">775.1200</dst>
      <dst id="7">15716.3556</dst>
      <dst id="2">2496.0889</dst>
      <dst id="6">12.8000</dst>
      <dst id="16">602.0800</dst>
      <dst id="14">0.5333</dst>
      <dst id="20">215.8489</dst>
      <dst id="11">70.6489</dst>
      <dst id="9">225249.1911</dst>
      <dst id="17">326289.2533</dst>
      <dst id="21">73.3600</dst>
      <dst id="15">785.4489</dst>
    </src>
    <src id="18">
      <dst id="12">213649.5022</dst>
      <dst id="13">880.5600</dst>
      <dst id="19">599.2533</dst>
      <dst id="23">77.6978</dst>
      <dst id="8">212.8622</dst>
      <dst id="4">2968.8800</dst>
      <dst id="1">725.9378</dst>
      <dst id="5">497.6444</dst>
      <dst id="3">1490.0533</dst>
      <dst id="10">332.2400</dst>
      <dst id="22">1117.9733</dst>
      <dst id="7">269.2089</dst>
      <dst id="2">62048.3378</dst>
      <dst id="6">1.4133</dst>
      <dst id="16">200.4622</dst>
      <dst id="14">27.0222</dst>
      <dst id="20">1528.2311</dst>
      <dst id="9">148.5511</dst>
      <dst id="17">24819.3511</dst>
      <dst id="21">3254.4089</dst>
      <dst id="15">0.3556</dst>
    </src>
    <src id="4">
      <dst id="12">21151.7067</dst>
      <dst id="19">8225.0667</dst>
      <dst id="23">949.3689</dst>
      <dst id="8">1939.7867</dst>
      <dst id="18">2353.9022</dst>
      <dst id="4">194.3556</dst>
      <dst id="1">2401.1200</dst>
      <dst id="5">2181.6178</dst>
      <dst id="3">17775.9644</dst>
      <dst id="22">4006.9600</dst>
      <dst id="7">59677.1733</dst>
      <dst id="2">58145.4044</dst>
      <dst id="6">52.0178</dst>
      <dst id="16">4110.4533</dst>
      <dst id="14">4994.4889</dst>
      <dst id="20">4675.7511</dst>
      <dst id="11">133.0044</dst>
      <dst id="9">3997.2178</dst>
      <dst id="17">33683.4222</dst>
      <dst id="21">9778.7200</dst>
      <dst id="15">865.4133</dst>
    </src>
    <src id="1">
      <dst id="12">12277.2267</dst>
      <dst id="13">10750.3911</dst>
      <dst id="19">5701.7422</dst>
      <dst id="23">48.4089</dst>
      <dst id="8">2423.4222</dst>
      <dst id="18">15998.1156</dst>
      <dst id="4">20096.3822</dst>
      <dst id="1">64.3022</dst>
      <dst id="5">1473.0044</dst>
      <dst id="3">45059.0667</dst>
      <dst id="10">2234.1067</dst>
      <dst id="22">16215.8400</dst>
      <dst id="7">83119.5644</dst>
      <dst id="2">28531.2622</dst>
      <dst id="6">2.1778</dst>
      <dst id="16">10832.2222</dst>
      <dst id="14">261.8667</dst>
      <dst id="20">4875.8756</dst>
      <dst id="11">1626.9244</dst>
      <dst id="9">1594.0800</dst>
      <dst id="17">38803.2622</dst>
      <dst id="21">24104.6489</dst>
      <dst id="15">2938.4089</dst>
    </src>
    <src id="5">
      <dst id="12">58443.9289</dst>
      <dst id="13">6487.4311</dst>
      <dst id="19">1508.5778</dst>
      <dst id="8">5988.6756</dst>
      <dst id="18">1161.6089</dst>
      <dst id="4">7295.5378</dst>
      <dst id="1">3162.5156</dst>
      <dst id="3">488.9422</dst>
      <dst id="10">429.2622</dst>
      <dst id="22">9850.4000</dst>
      <dst id="7">191.1289</dst>
      <dst id="2">2492.4889</dst>
      <dst id="6">37.6889</dst>
      <dst id="16">1416.5333</dst>
      <dst id="14">777.6978</dst>
      <dst id="20">4362.7111</dst>
      <dst id="11">376.0889</dst>
      <dst id="9">101226.7911</dst>
      <dst id="17">529565.3867</dst>
      <dst id="21">1058.2400</dst>
      <dst id="15">1297.2000</dst>
    </src>
    <src id="3">
      <dst id="12">5956.3911</dst>
      <dst id="13">7009.3778</dst>
      <dst id="19">3213.1644</dst>
      <dst id="23">122.2933</dst>
      <dst id="8">128.2933</dst>
      <dst id="18">1197.3422</dst>
      <dst id="4">43603.9200</dst>
      <dst id="1">6227.7422</dst>
      <dst id="5">3767.7156</dst>
      <dst id="3">155.8222</dst>
      <dst id="10">1309.3778</dst>
      <dst id="22">622.0533</dst>
      <dst id="7">2339.1911</dst>
      <dst id="2">12436.5689</dst>
      <dst id="6">100.7644</dst>
      <dst id="16">2111.4133</dst>
      <dst id="14">153.9644</dst>
      <dst id="20">249.4044</dst>
      <dst id="11">445.8578</dst>
      <dst id="9">434.9333</dst>
      <dst id="17">60465.2267</dst>
      <dst id="21">3146.6133</dst>
      <dst id="15">12344.7378</dst>
    </src>
    <src id="10">
      <dst id="12">223220.6133</dst>
      <dst id="19">8260.7022</dst>
      <dst id="23">2684.5689</dst>
      <dst id="8">201200.5867</dst>
      <dst id="18">2247.6622</dst>
      <dst id="1">2759.9556</dst>
      <dst id="5">323952.9244</dst>
      <dst id="3">25448.2756</dst>
      <dst id="22">4731.9289</dst>
      <dst id="7">13221.7511</dst>
      <dst id="2">23014.7911</dst>
      <dst id="6">23346.4000</dst>
      <dst id="16">748.3556</dst>
      <dst id="14">52960.0178</dst>
      <dst id="20">1020.1067</dst>
      <dst id="11">22780.1778</dst>
      <dst id="9">324153.1111</dst>
      <dst id="17">73064.0178</dst>
      <dst id="21">32425.6711</dst>
      <dst id="15">287.4489</dst>
    </src>
    <src id="22">
      <dst id="12">12008.2756</dst>
      <dst id="13">10182.4978</dst>
      <dst id="19">657.0489</dst>
      <dst id="23">16.5511</dst>
      <dst id="8">1199.3156</dst>
      <dst id="18">2752.9600</dst>
      <dst id="4">19129.6800</dst>
      <dst id="1">531.3422</dst>
      <dst id="5">7723.2978</dst>
      <dst id="3">1010.9244</dst>
      <dst id="10">1557.3333</dst>
      <dst id="7">2727.4667</dst>
      <dst id="2">2781.6444</dst>
      <dst id="6">164.5333</dst>
      <dst id="14">31.9644</dst>
      <dst id="11">33.8400</dst>
      <dst id="9">2465.6533</dst>
      <dst id="17">8509.0311</dst>
      <dst id="21">3664.0267</dst>
    </src>
    <src id="7">
      <dst id="12">8860.2489</dst>
      <dst id="13">383.2800</dst>
      <dst id="19">5925.2711</dst>
      <dst id="23">119.2267</dst>
      <dst id="8">371.0667</dst>
      <dst id="18">1340.2311</dst>
      <dst id="4">34123.9644</dst>
      <dst id="1">2993.4578</dst>
      <dst id="5">3085.0133</dst>
      <dst id="3">8594.4800</dst>
      <dst id="10">952.8444</dst>
      <dst id="22">4853.7333</dst>
      <dst id="7">774.6489</dst>
      <dst id="2">13667.8311</dst>
      <dst id="6">99.3067</dst>
      <dst id="16">1533.8400</dst>
      <dst id="14">862.0000</dst>
      <dst id="20">4628.0622</dst>
      <dst id="11">346.2578</dst>
      <dst id="9">1026.6756</dst>
      <dst id="17">27825.6711</dst>
      <dst id="21">5770.7644</dst>
      <dst id="15">843.6800</dst>
    </src>
    <src id="2">
      <dst id="12">160342.0444</dst>
      <dst id="13">28860.3022</dst>
      <dst id="19">700.4711</dst>
      <dst id="23">0.3556</dst>
      <dst id="8">484.5067</dst>
      <dst id="18">125396.7289</dst>
      <dst id="4">124016.0178</dst>
      <dst id="1">4949.1200</dst>
      <dst id="5">1889.2622</dst>
      <dst id="3">2994.3822</dst>
      <dst id="10">8771.7333</dst>
      <dst id="22">3012.8267</dst>
      <dst id="7">8438.4000</dst>
      <dst id="2">1267.3156</dst>
      <dst id="6">17139.1822</dst>
      <dst id="16">4183.9378</dst>
      <dst id="14">8780.4800</dst>
      <dst id="20">10515.9467</dst>
      <dst id="11">1462.9778</dst>
      <dst id="9">1206.4800</dst>
      <dst id="17">33776.0356</dst>
      <dst id="21">26383.8400</dst>
      <dst id="15">165.0667</dst>
    </src>
    <src id="6">
      <dst id="12">3419.0222</dst>
      <dst id="13">0.7111</dst>
      <dst id="19">17.9733</dst>
      <dst id="8">0.8178</dst>
      <dst id="18">17.6267</dst>
      <dst id="4">135.7689</dst>
      <dst id="1">105.4667</dst>
      <dst id="5">13.5911</dst>
      <dst id="3">36.2489</dst>
      <dst id="10">59.3778</dst>
      <dst id="22">4.1244</dst>
      <dst id="7">14.2222</dst>
      <dst id="2">4504.5333</dst>
      <dst id="16">3.9556</dst>
      <dst id="9">50.3022</dst>
      <dst id="17">18068.6044</dst>
      <dst id="21">70.7467</dst>
    </src>
    <src id="16">
      <dst id="12">4433.0933</dst>
      <dst id="13">6881.6711</dst>
      <dst id="19">4286.6756</dst>
      <dst id="23">243.9111</dst>
      <dst id="8">6765.4933</dst>
      <dst id="18">490.9956</dst>
      <dst id="4">7468.0089</dst>
      <dst id="1">19036.3467</dst>
      <dst id="5">6454.2667</dst>
      <dst id="3">2057.5111</dst>
      <dst id="10">855.5644</dst>
      <dst id="7">1208.9067</dst>
      <dst id="2">4092.2578</dst>
      <dst id="6">13.2711</dst>
      <dst id="16">71.0133</dst>
      <dst id="14">28.9333</dst>
      <dst id="11">46.7733</dst>
      <dst id="9">13605.1822</dst>
      <dst id="17">9393.2356</dst>
      <dst id="21">411.0400</dst>
    </src>
    <src id="14">
      <dst id="12">5145.6444</dst>
      <dst id="13">62.1867</dst>
      <dst id="19">4.2489</dst>
      <dst id="23">2.4000</dst>
      <dst id="18">15.3156</dst>
      <dst id="4">2128.6756</dst>
      <dst id="1">682.1778</dst>
      <dst id="5">104.6133</dst>
      <dst id="3">248.7644</dst>
      <dst id="10">708.8889</dst>
      <dst id="22">17.8311</dst>
      <dst id="7">39.6622</dst>
      <dst id="2">4243.1822</dst>
      <dst id="16">1.2800</dst>
      <dst id="20">27.2533</dst>
      <dst id="11">0.5867</dst>
      <dst id="9">100.0444</dst>
      <dst id="17">28800.3644</dst>
      <dst id="21">788.9600</dst>
      <dst id="15">0.3556</dst>
    </src>
    <src id="20">
      <dst id="12">10827.7956</dst>
      <dst id="13">8804.5244</dst>
      <dst id="19">876.3911</dst>
      <dst id="23">96.5422</dst>
      <dst id="8">4407.9289</dst>
      <dst id="18">4420.2044</dst>
      <dst id="4">14273.8222</dst>
      <dst id="1">268.6400</dst>
      <dst id="5">5077.5022</dst>
      <dst id="3">7694.6667</dst>
      <dst id="10">1680.3733</dst>
      <dst id="7">3317.9289</dst>
      <dst id="2">14741.6000</dst>
      <dst id="6">13.3333</dst>
      <dst id="14">24.7644</dst>
      <dst id="20">1.6356</dst>
      <dst id="11">0.3378</dst>
      <dst id="9">6161.7156</dst>
      <dst id="17">10952.0356</dst>
      <dst id="21">2173.2444</dst>
    </src>
    <src id="11">
      <dst id="12">93272.6578</dst>
      <dst id="13">3234.6578</dst>
      <dst id="19">415.7511</dst>
      <dst id="23">67.0489</dst>
      <dst id="8">1003.1556</dst>
      <dst id="18">518.6667</dst>
      <dst id="4">15001.0133</dst>
      <dst id="1">873.8667</dst>
      <dst id="5">1820.7289</dst>
      <dst id="3">955.8667</dst>
      <dst id="10">3851.2444</dst>
      <dst id="22">1178.1422</dst>
      <dst id="7">969.6267</dst>
      <dst id="2">141020.2844</dst>
      <dst id="6">100.3022</dst>
      <dst id="16">557.9733</dst>
      <dst id="14">730.2667</dst>
      <dst id="20">3845.4489</dst>
      <dst id="11">9942.7111</dst>
      <dst id="9">3867.5378</dst>
      <dst id="17">858697.4400</dst>
      <dst id="21">9878.5778</dst>
      <dst id="15">1091.4222</dst>
    </src>
    <src id="9">
      <dst id="12">81748.5600</dst>
      <dst id="13">16551.6267</dst>
      <dst id="19">225.2267</dst>
      <dst id="23">78.8622</dst>
      <dst id="8">184546.7289</dst>
      <dst id="18">194.2489</dst>
      <dst id="4">10804.6222</dst>
      <dst id="1">10923.9822</dst>
      <dst id="5">5234.7556</dst>
      <dst id="3">491.5378</dst>
      <dst id="10">2422.0800</dst>
      <dst id="22">9268.0444</dst>
      <dst id="7">441.8844</dst>
      <dst id="2">2947.5111</dst>
      <dst id="6">45.3689</dst>
      <dst id="16">29837.0311</dst>
      <dst id="14">53.6267</dst>
      <dst id="20">5684.7022</dst>
      <dst id="11">69.8489</dst>
      <dst id="9">668075.5644</dst>
      <dst id="17">617050.5956</dst>
      <dst id="21">1009.4756</dst>
      <dst id="15">26706.4089</dst>
    </src>
    <src id="17">
      <dst id="12">179967.7956</dst>
      <dst id="13">28624.7022</dst>
      <dst id="19">8985.0756</dst>
      <dst id="23">109.0933</dst>
      <dst id="8">296.5244</dst>
      <dst id="18">4731.9022</dst>
      <dst id="4">57690.0356</dst>
      <dst id="1">2932.0711</dst>
      <dst id="5">289971.5378</dst>
      <dst id="3">12362.6756</dst>
      <dst id="10">4509.5644</dst>
      <dst id="22">8920.7022</dst>
      <dst id="7">20861.2800</dst>
      <dst id="2">9993.3778</dst>
      <dst id="6">1210.9867</dst>
      <dst id="16">9062.1244</dst>
      <dst id="14">35642.4000</dst>
      <dst id="20">8583.7067</dst>
      <dst id="11">25092.3289</dst>
      <dst id="9">2489.0578</dst>
      <dst id="17">19434.9511</dst>
      <dst id="21">23408.1956</dst>
      <dst id="15">771.3511</dst>
    </src>
    <src id="21">
      <dst id="12">17922.2400</dst>
      <dst id="13">4358.2133</dst>
      <dst id="19">1563.3244</dst>
      <dst id="23">33.6178</dst>
      <dst id="8">74.4356</dst>
      <dst id="18">3561.6000</dst>
      <dst id="4">15189.9200</dst>
      <dst id="1">6391.8222</dst>
      <dst id="5">776.1956</dst>
      <dst id="3">11346.6311</dst>
      <dst id="10">3704.9156</dst>
      <dst id="22">3675.8489</dst>
      <dst id="7">2297.5111</dst>
      <dst id="2">13924.0978</dst>
      <dst id="6">12.9600</dst>
      <dst id="16">936.7200</dst>
      <dst id="14">88.4800</dst>
      <dst id="20">682.9689</dst>
      <dst id="11">406.5156</dst>
      <dst id="9">1770.5244</dst>
      <dst id="17">39318.7200</dst>
      <dst id="21">6016.6756</dst>
      <dst id="15">2916.6222</dst>
    </src>
    <src id="15">
      <dst id="12">1261.3867</dst>
      <dst id="13">1410.4444</dst>
      <dst id="19">66.7822</dst>
      <dst id="23">13.4400</dst>
      <dst id="8">706.5156</dst>
      <dst id="18">13.4578</dst>
      <dst id="4">1054.7556</dst>
      <dst id="1">169.8667</dst>
      <dst id="5">661.5644</dst>
      <dst id="3">346.2133</dst>
      <dst id="10">193.4844</dst>
      <dst id="7">28.7200</dst>
      <dst id="2">2131.8756</dst>
      <dst id="14">8.8178</dst>
      <dst id="11">52.6222</dst>
      <dst id="9">1571.7333</dst>
      <dst id="17">1690.2133</dst>
      <dst id="21">432.8267</dst>
    </src>
  </IntraTM>
</TrafficMatrixFile>
