<?xml version="1.0" encoding="UTF-8" standalone="yes"?>
<TrafficMatrixFile xmlns:xsi="http://www.w3.org/2001/XMLSchema-instance" xsi:noNamespaceSchemaLocation="http://totem.run.montefiore.ulg.ac.be/Schema/TrafficMatrix-v1_2.xsd">
  <info>
    <title>Intradomain traffic matrix generated by geant-TM-all.pl</title>
    <date>2005-03-30T23:15:00</date>
    <duration>900</duration>
    <author>Steve Uhlig</author>
    <units>
        <unit type="bandwidth" value="kbps"/>
    </units>
  </info>
  <IntraTM ASID="20965">
    <src id="12">
      <dst id="12">372051.1289</dst>
      <dst id="13">20638.3378</dst>
      <dst id="19">6283.8222</dst>
      <dst id="23">2733.1911</dst>
      <dst id="8">362.4444</dst>
      <dst id="18">121579.6533</dst>
      <dst id="4">4985.6089</dst>
      <dst id="1">14113.8844</dst>
      <dst id="5">3636.8800</dst>
      <dst id="3">323.0844</dst>
      <dst id="10">3137.1200</dst>
      <dst id="22">7495.6533</dst>
      <dst id="7">13710.1067</dst>
      <dst id="2">38134.2578</dst>
      <dst id="6">26057.4311</dst>
      <dst id="16">15926.0178</dst>
      <dst id="14">626.0978</dst>
      <dst id="20">5173.5467</dst>
      <dst id="11">549.6000</dst>
      <dst id="9">3893.9911</dst>
      <dst id="17">79844.2933</dst>
      <dst id="21">1836.6044</dst>
      <dst id="15">272.8267</dst>
    </src>
    <src id="13">
      <dst id="12">28054.8889</dst>
      <dst id="13">209.6711</dst>
      <dst id="19">8856.6844</dst>
      <dst id="23">88.0622</dst>
      <dst id="8">164.9333</dst>
      <dst id="18">620.8444</dst>
      <dst id="4">1.1289</dst>
      <dst id="1">7676.6133</dst>
      <dst id="5">1633.2267</dst>
      <dst id="3">274.9333</dst>
      <dst id="10">0.6400</dst>
      <dst id="22">5451.8133</dst>
      <dst id="7">1139.7244</dst>
      <dst id="2">16307.6622</dst>
      <dst id="6">91.2444</dst>
      <dst id="16">1743.3778</dst>
      <dst id="14">959.9467</dst>
      <dst id="20">649.9111</dst>
      <dst id="11">113.9111</dst>
      <dst id="9">4747.6000</dst>
      <dst id="17">43286.8533</dst>
      <dst id="21">1373.2889</dst>
      <dst id="15">61.6267</dst>
    </src>
    <src id="19">
      <dst id="12">38507.8933</dst>
      <dst id="13">1722.3911</dst>
      <dst id="23">237.3867</dst>
      <dst id="8">1.3511</dst>
      <dst id="18">14.9067</dst>
      <dst id="4">319.6711</dst>
      <dst id="1">163.4044</dst>
      <dst id="5">480.9244</dst>
      <dst id="3">32.9600</dst>
      <dst id="10">765.1822</dst>
      <dst id="22">26.9600</dst>
      <dst id="7">7684.7822</dst>
      <dst id="2">1041.6533</dst>
      <dst id="6">398.4089</dst>
      <dst id="16">580.0889</dst>
      <dst id="14">60.8178</dst>
      <dst id="20">25.0933</dst>
      <dst id="11">48.7200</dst>
      <dst id="9">575.3333</dst>
      <dst id="17">2492.6578</dst>
      <dst id="21">2016.8800</dst>
      <dst id="15">1245.3511</dst>
    </src>
    <src id="23">
      <dst id="12">3874.1956</dst>
      <dst id="13">1361.3067</dst>
      <dst id="19">83.6889</dst>
      <dst id="8">0.6133</dst>
      <dst id="18">451.5378</dst>
      <dst id="4">242.3644</dst>
      <dst id="1">369.3778</dst>
      <dst id="5">2.6311</dst>
      <dst id="3">147.0222</dst>
      <dst id="10">172.9511</dst>
      <dst id="22">324.6133</dst>
      <dst id="7">254.5689</dst>
      <dst id="2">281.7778</dst>
      <dst id="14">1311.3778</dst>
      <dst id="20">629.2800</dst>
      <dst id="11">23.4578</dst>
      <dst id="9">131.2889</dst>
      <dst id="17">6643.9556</dst>
      <dst id="21">428.5422</dst>
      <dst id="15">0.9067</dst>
    </src>
    <src id="8">
      <dst id="12">8672.0800</dst>
      <dst id="13">916.3200</dst>
      <dst id="19">2.5956</dst>
      <dst id="23">0.4267</dst>
      <dst id="18">1027.9378</dst>
      <dst id="4">542.2222</dst>
      <dst id="1">1345.9911</dst>
      <dst id="5">276.9956</dst>
      <dst id="10">56.7644</dst>
      <dst id="7">38.4000</dst>
      <dst id="2">21.5822</dst>
      <dst id="16">213633.3333</dst>
      <dst id="14">0.8622</dst>
      <dst id="11">25.9556</dst>
      <dst id="9">51910.4889</dst>
      <dst id="17">49602.6311</dst>
      <dst id="21">52.8267</dst>
      <dst id="15">127.7956</dst>
    </src>
    <src id="18">
      <dst id="12">143844.8800</dst>
      <dst id="13">473.4133</dst>
      <dst id="19">1.7422</dst>
      <dst id="23">31.1911</dst>
      <dst id="8">14.2222</dst>
      <dst id="4">457.7156</dst>
      <dst id="1">1219.4489</dst>
      <dst id="5">83.3422</dst>
      <dst id="3">2803.6178</dst>
      <dst id="10">17.4311</dst>
      <dst id="22">317.1289</dst>
      <dst id="7">1224.5333</dst>
      <dst id="2">13409.7511</dst>
      <dst id="6">13.2444</dst>
      <dst id="16">588.0711</dst>
      <dst id="14">17.0311</dst>
      <dst id="20">1006.9511</dst>
      <dst id="9">897.4578</dst>
      <dst id="17">6387.3511</dst>
      <dst id="21">590.9333</dst>
      <dst id="15">26.6667</dst>
    </src>
    <src id="4">
      <dst id="12">30079.4400</dst>
      <dst id="13">18.3378</dst>
      <dst id="19">9829.9822</dst>
      <dst id="23">1570.6222</dst>
      <dst id="8">1231.2978</dst>
      <dst id="18">4319.9289</dst>
      <dst id="4">1408.4711</dst>
      <dst id="1">113345.8756</dst>
      <dst id="5">4203.4933</dst>
      <dst id="3">226.6578</dst>
      <dst id="22">725.4133</dst>
      <dst id="7">1930.3822</dst>
      <dst id="2">87108.1333</dst>
      <dst id="6">157.7333</dst>
      <dst id="16">98855.3333</dst>
      <dst id="14">5116.9600</dst>
      <dst id="11">913.6089</dst>
      <dst id="9">28712.3200</dst>
      <dst id="17">125968.4711</dst>
      <dst id="21">12971.0844</dst>
      <dst id="15">1023.3156</dst>
    </src>
    <src id="1">
      <dst id="12">32516.8267</dst>
      <dst id="13">2689.0933</dst>
      <dst id="19">1305.9911</dst>
      <dst id="23">388.4267</dst>
      <dst id="8">127.0044</dst>
      <dst id="18">12012.6756</dst>
      <dst id="4">983.9733</dst>
      <dst id="1">11535.8667</dst>
      <dst id="5">226.1422</dst>
      <dst id="3">818.2044</dst>
      <dst id="10">192.5333</dst>
      <dst id="22">199.6000</dst>
      <dst id="7">24806.1867</dst>
      <dst id="2">28227.7422</dst>
      <dst id="6">83.2800</dst>
      <dst id="16">24077.5556</dst>
      <dst id="14">280.9156</dst>
      <dst id="20">1730.8356</dst>
      <dst id="11">156.6133</dst>
      <dst id="9">5383.1644</dst>
      <dst id="17">63779.0400</dst>
      <dst id="21">254828.1689</dst>
      <dst id="15">498.1422</dst>
    </src>
    <src id="5">
      <dst id="12">12062.2667</dst>
      <dst id="13">1392.5333</dst>
      <dst id="19">13.6533</dst>
      <dst id="8">247.3956</dst>
      <dst id="18">30.4089</dst>
      <dst id="4">347.4756</dst>
      <dst id="1">15474.8711</dst>
      <dst id="3">15.8933</dst>
      <dst id="10">181.0133</dst>
      <dst id="22">50.7467</dst>
      <dst id="7">182.7644</dst>
      <dst id="2">3244.7644</dst>
      <dst id="6">4.9244</dst>
      <dst id="16">320489.2444</dst>
      <dst id="14">0.5600</dst>
      <dst id="11">5.2089</dst>
      <dst id="9">52217.3511</dst>
      <dst id="17">25826.6400</dst>
      <dst id="21">107.1822</dst>
      <dst id="15">61.1644</dst>
    </src>
    <src id="3">
      <dst id="12">3945.3689</dst>
      <dst id="13">49038.4533</dst>
      <dst id="19">1223.3244</dst>
      <dst id="23">34.0356</dst>
      <dst id="8">1279.3956</dst>
      <dst id="18">71.3156</dst>
      <dst id="4">1004.5600</dst>
      <dst id="1">17195.8044</dst>
      <dst id="5">661.9289</dst>
      <dst id="3">900.3467</dst>
      <dst id="10">1027.1556</dst>
      <dst id="22">13.0844</dst>
      <dst id="7">51059.4133</dst>
      <dst id="2">7762.1689</dst>
      <dst id="6">33.7600</dst>
      <dst id="16">13678.8622</dst>
      <dst id="14">167.2711</dst>
      <dst id="20">105.9289</dst>
      <dst id="11">284.4356</dst>
      <dst id="9">1821.2711</dst>
      <dst id="17">51735.1556</dst>
      <dst id="21">1234.5778</dst>
      <dst id="15">76.8267</dst>
    </src>
    <src id="10">
      <dst id="12">14085.1556</dst>
      <dst id="13">43.1289</dst>
      <dst id="19">1725.7867</dst>
      <dst id="23">222.8356</dst>
      <dst id="8">321.1556</dst>
      <dst id="18">2370.9600</dst>
      <dst id="1">3703.0489</dst>
      <dst id="5">433.6089</dst>
      <dst id="3">277.5822</dst>
      <dst id="10">2265.6978</dst>
      <dst id="22">60.0622</dst>
      <dst id="7">1031.0489</dst>
      <dst id="2">20200.8978</dst>
      <dst id="6">0.5956</dst>
      <dst id="16">46614.9156</dst>
      <dst id="14">2019.0133</dst>
      <dst id="20">6275.9200</dst>
      <dst id="11">203.4133</dst>
      <dst id="9">5863.6622</dst>
      <dst id="17">93403.2356</dst>
      <dst id="21">14840.1333</dst>
      <dst id="15">303.6711</dst>
    </src>
    <src id="22">
      <dst id="12">18107.9022</dst>
      <dst id="13">5461.3333</dst>
      <dst id="19">96.1156</dst>
      <dst id="23">32.0000</dst>
      <dst id="8">125.9911</dst>
      <dst id="18">4893.9378</dst>
      <dst id="4">1481.2978</dst>
      <dst id="1">239.0489</dst>
      <dst id="5">1020.3733</dst>
      <dst id="3">5.5378</dst>
      <dst id="10">282.9778</dst>
      <dst id="7">420.2489</dst>
      <dst id="2">3415.6089</dst>
      <dst id="6">28.4800</dst>
      <dst id="16">1370.0267</dst>
      <dst id="14">1325.8578</dst>
      <dst id="11">52.5422</dst>
      <dst id="9">2835.2178</dst>
      <dst id="17">6782.8089</dst>
      <dst id="21">1687.0844</dst>
    </src>
    <src id="7">
      <dst id="12">11569.7956</dst>
      <dst id="13">33196.5867</dst>
      <dst id="19">1197.8667</dst>
      <dst id="23">113.7600</dst>
      <dst id="8">90.4889</dst>
      <dst id="18">3582.6311</dst>
      <dst id="4">860.3200</dst>
      <dst id="1">6384.4622</dst>
      <dst id="5">1567.3867</dst>
      <dst id="3">409.8667</dst>
      <dst id="10">2903.7600</dst>
      <dst id="22">2647.2889</dst>
      <dst id="7">23.9733</dst>
      <dst id="2">13963.3689</dst>
      <dst id="6">108.0000</dst>
      <dst id="16">1027.5378</dst>
      <dst id="14">249.3244</dst>
      <dst id="20">7061.9822</dst>
      <dst id="11">356.1244</dst>
      <dst id="9">1211.4311</dst>
      <dst id="17">8503.9733</dst>
      <dst id="21">10502.5511</dst>
      <dst id="15">289.7422</dst>
    </src>
    <src id="2">
      <dst id="12">97920.3644</dst>
      <dst id="13">45560.7644</dst>
      <dst id="19">1765.8578</dst>
      <dst id="23">51.0933</dst>
      <dst id="8">632.7022</dst>
      <dst id="18">64678.9689</dst>
      <dst id="4">3732.0178</dst>
      <dst id="1">13429.3511</dst>
      <dst id="5">1146.3556</dst>
      <dst id="3">4929.0311</dst>
      <dst id="10">2218.6400</dst>
      <dst id="22">1226.4000</dst>
      <dst id="7">8318.1067</dst>
      <dst id="2">5135.1467</dst>
      <dst id="6">15383.5556</dst>
      <dst id="16">352.7822</dst>
      <dst id="14">754.0533</dst>
      <dst id="20">592.4800</dst>
      <dst id="11">212.7822</dst>
      <dst id="9">1662.6400</dst>
      <dst id="17">38382.7289</dst>
      <dst id="21">8987.3600</dst>
      <dst id="15">204.7111</dst>
    </src>
    <src id="6">
      <dst id="12">466.8267</dst>
      <dst id="13">140.2400</dst>
      <dst id="19">83.5467</dst>
      <dst id="23">0.4622</dst>
      <dst id="8">0.3556</dst>
      <dst id="18">11.9289</dst>
      <dst id="4">2.4000</dst>
      <dst id="1">267.6978</dst>
      <dst id="5">13.3156</dst>
      <dst id="3">81.5822</dst>
      <dst id="10">5.1200</dst>
      <dst id="22">13.7689</dst>
      <dst id="7">421.5733</dst>
      <dst id="2">1248.8444</dst>
      <dst id="16">63.8667</dst>
      <dst id="14">0.4267</dst>
      <dst id="20">19.5644</dst>
      <dst id="11">11.4667</dst>
      <dst id="9">146.8711</dst>
      <dst id="17">27289.8222</dst>
      <dst id="21">123.2356</dst>
      <dst id="15">35.0222</dst>
    </src>
    <src id="16">
      <dst id="12">180768.8889</dst>
      <dst id="13">6919.4222</dst>
      <dst id="19">3169.1911</dst>
      <dst id="23">9.6000</dst>
      <dst id="8">87674.2400</dst>
      <dst id="18">19.1556</dst>
      <dst id="4">552.8889</dst>
      <dst id="1">9354.3022</dst>
      <dst id="5">274829.8933</dst>
      <dst id="3">7051.7422</dst>
      <dst id="10">216.3022</dst>
      <dst id="7">264.3022</dst>
      <dst id="2">765.0756</dst>
      <dst id="6">5.1733</dst>
      <dst id="16">27776.9778</dst>
      <dst id="14">75927.4222</dst>
      <dst id="11">33223.2533</dst>
      <dst id="9">295357.4933</dst>
      <dst id="17">9902.1511</dst>
    </src>
    <src id="14">
      <dst id="12">1593.9200</dst>
      <dst id="13">2728.7822</dst>
      <dst id="19">26.3111</dst>
      <dst id="23">39.8222</dst>
      <dst id="18">4.5156</dst>
      <dst id="4">239.5733</dst>
      <dst id="1">405.3422</dst>
      <dst id="5">0.7022</dst>
      <dst id="3">2496.6489</dst>
      <dst id="10">127.8133</dst>
      <dst id="7">165.9911</dst>
      <dst id="2">3942.2311</dst>
      <dst id="6">3.6533</dst>
      <dst id="16">4392.0978</dst>
      <dst id="20">14.9244</dst>
      <dst id="11">13.7244</dst>
      <dst id="9">338.4622</dst>
      <dst id="17">38130.8089</dst>
      <dst id="21">113.5467</dst>
    </src>
    <src id="20">
      <dst id="12">4280.4089</dst>
      <dst id="13">894.7200</dst>
      <dst id="19">131.3244</dst>
      <dst id="23">1176.5333</dst>
      <dst id="8">539.5733</dst>
      <dst id="18">1357.7956</dst>
      <dst id="4">554.4000</dst>
      <dst id="1">1899.2800</dst>
      <dst id="5">1508.4978</dst>
      <dst id="3">192.1867</dst>
      <dst id="10">84.0978</dst>
      <dst id="22">14.7200</dst>
      <dst id="7">4714.6933</dst>
      <dst id="2">341.2533</dst>
      <dst id="6">50.6489</dst>
      <dst id="16">4597.4667</dst>
      <dst id="14">14.6933</dst>
      <dst id="11">31.6178</dst>
      <dst id="9">6043.4667</dst>
      <dst id="17">12444.8178</dst>
      <dst id="21">92.8889</dst>
    </src>
    <src id="11">
      <dst id="12">35367.7422</dst>
      <dst id="13">5173.9378</dst>
      <dst id="19">298.0711</dst>
      <dst id="23">9.4578</dst>
      <dst id="8">329.2800</dst>
      <dst id="18">271.7067</dst>
      <dst id="4">829.7956</dst>
      <dst id="1">5728.7467</dst>
      <dst id="5">361.8933</dst>
      <dst id="3">692.6756</dst>
      <dst id="10">797.9644</dst>
      <dst id="22">202.3911</dst>
      <dst id="7">368.2044</dst>
      <dst id="2">59877.1378</dst>
      <dst id="6">36.6667</dst>
      <dst id="16">13291.6356</dst>
      <dst id="14">74.4978</dst>
      <dst id="20">421.7600</dst>
      <dst id="11">6315.0044</dst>
      <dst id="9">5864.0622</dst>
      <dst id="17">609403.7244</dst>
      <dst id="21">308.4533</dst>
      <dst id="15">1752.1244</dst>
    </src>
    <src id="9">
      <dst id="12">26185.8489</dst>
      <dst id="13">2547.9733</dst>
      <dst id="19">110.4978</dst>
      <dst id="23">4.6044</dst>
      <dst id="8">76143.6444</dst>
      <dst id="18">169.3511</dst>
      <dst id="4">714.8711</dst>
      <dst id="1">7513.4756</dst>
      <dst id="5">325.9289</dst>
      <dst id="3">0.4178</dst>
      <dst id="10">476.6756</dst>
      <dst id="22">133.9733</dst>
      <dst id="7">293.5111</dst>
      <dst id="2">3415.9733</dst>
      <dst id="6">14.6489</dst>
      <dst id="16">465615.4311</dst>
      <dst id="14">1779.9022</dst>
      <dst id="11">68.4089</dst>
      <dst id="9">263918.6756</dst>
      <dst id="17">49417.2711</dst>
      <dst id="21">51.1911</dst>
      <dst id="15">484.3378</dst>
    </src>
    <src id="17">
      <dst id="12">115869.2711</dst>
      <dst id="13">14847.7422</dst>
      <dst id="19">1438.6222</dst>
      <dst id="23">131.2622</dst>
      <dst id="8">218.9244</dst>
      <dst id="18">2285.0222</dst>
      <dst id="4">8346.1156</dst>
      <dst id="1">3686.6489</dst>
      <dst id="5">148190.1333</dst>
      <dst id="3">8971.9378</dst>
      <dst id="10">5554.4356</dst>
      <dst id="22">59.9822</dst>
      <dst id="7">13045.8756</dst>
      <dst id="2">35826.5067</dst>
      <dst id="6">1406.2044</dst>
      <dst id="16">96383.3689</dst>
      <dst id="14">30435.9467</dst>
      <dst id="20">3623.3156</dst>
      <dst id="11">20848.5956</dst>
      <dst id="9">16600.8711</dst>
      <dst id="17">29964.3644</dst>
      <dst id="21">5478.4178</dst>
      <dst id="15">255.4222</dst>
    </src>
    <src id="21">
      <dst id="12">1774.0267</dst>
      <dst id="13">6851.7156</dst>
      <dst id="19">605.6622</dst>
      <dst id="23">23.5200</dst>
      <dst id="8">1256.6489</dst>
      <dst id="18">6932.3556</dst>
      <dst id="4">529.1911</dst>
      <dst id="1">5074.3556</dst>
      <dst id="5">739.1467</dst>
      <dst id="3">1627.5111</dst>
      <dst id="10">392.9244</dst>
      <dst id="22">110.2133</dst>
      <dst id="7">1960.5867</dst>
      <dst id="2">6131.2711</dst>
      <dst id="6">6.4711</dst>
      <dst id="16">10415.0756</dst>
      <dst id="14">1379.1822</dst>
      <dst id="20">245.2978</dst>
      <dst id="11">2444.6044</dst>
      <dst id="9">792.8267</dst>
      <dst id="17">391387.0756</dst>
      <dst id="21">1154.8178</dst>
      <dst id="15">70.2222</dst>
    </src>
    <src id="15">
      <dst id="12">564.5956</dst>
      <dst id="13">372.5333</dst>
      <dst id="19">2391.3956</dst>
      <dst id="23">13.2622</dst>
      <dst id="8">118.4711</dst>
      <dst id="18">2.3022</dst>
      <dst id="4">44.3733</dst>
      <dst id="1">277.5467</dst>
      <dst id="5">288.4089</dst>
      <dst id="10">5.9111</dst>
      <dst id="7">6.9067</dst>
      <dst id="2">26.3644</dst>
      <dst id="6">1.8667</dst>
      <dst id="16">752.2311</dst>
      <dst id="11">27.0222</dst>
      <dst id="9">755.5822</dst>
      <dst id="17">3090.4444</dst>
      <dst id="21">14.4978</dst>
    </src>
  </IntraTM>
</TrafficMatrixFile>
