<?xml version="1.0" encoding="UTF-8" standalone="yes"?>
<TrafficMatrixFile xmlns:xsi="http://www.w3.org/2001/XMLSchema-instance" xsi:noNamespaceSchemaLocation="http://totem.run.montefiore.ulg.ac.be/Schema/TrafficMatrix-v1_2.xsd">
  <info>
    <title>Intradomain traffic matrix generated by geant-TM-all.pl</title>
    <date>2005-01-18T13:15:00</date>
    <duration>900</duration>
    <author>Steve Uhlig</author>
    <units>
        <unit type="bandwidth" value="kbps"/>
    </units>
  </info>
  <IntraTM ASID="20965">
    <src id="12">
      <dst id="12">216947.7244</dst>
      <dst id="13">26816.2311</dst>
      <dst id="19">2463.6000</dst>
      <dst id="23">4.7378</dst>
      <dst id="8">374.9867</dst>
      <dst id="18">54960.9778</dst>
      <dst id="4">37625.7956</dst>
      <dst id="1">10734.6844</dst>
      <dst id="5">2004.3911</dst>
      <dst id="3">469.4578</dst>
      <dst id="10">2157.6089</dst>
      <dst id="22">6048.7822</dst>
      <dst id="7">290.1244</dst>
      <dst id="2">52294.7733</dst>
      <dst id="16">4893.1467</dst>
      <dst id="14">939.5022</dst>
      <dst id="20">1373.4756</dst>
      <dst id="11">754.0356</dst>
      <dst id="9">1512.9600</dst>
      <dst id="17">25672.8356</dst>
      <dst id="21">3133.4222</dst>
      <dst id="15">316.6844</dst>
    </src>
    <src id="13">
      <dst id="12">29547.7778</dst>
      <dst id="19">3175.6444</dst>
      <dst id="23">10.7200</dst>
      <dst id="8">1992.9333</dst>
      <dst id="18">4291.3689</dst>
      <dst id="1">11566.6933</dst>
      <dst id="5">2605.1733</dst>
      <dst id="3">2733.9822</dst>
      <dst id="22">11638.2133</dst>
      <dst id="7">7045.2800</dst>
      <dst id="2">50398.7911</dst>
      <dst id="16">9048.3200</dst>
      <dst id="14">1529.7067</dst>
      <dst id="20">4252.4356</dst>
      <dst id="11">2341.6889</dst>
      <dst id="9">3591.1822</dst>
      <dst id="17">26106.8800</dst>
      <dst id="21">8505.5822</dst>
      <dst id="15">840.9689</dst>
    </src>
    <src id="19">
      <dst id="12">10848.5333</dst>
      <dst id="13">209.7867</dst>
      <dst id="23">17.7778</dst>
      <dst id="8">0.7733</dst>
      <dst id="18">62.2578</dst>
      <dst id="4">18258.2667</dst>
      <dst id="1">1094.1867</dst>
      <dst id="5">53.3333</dst>
      <dst id="10">132.8622</dst>
      <dst id="22">21.5644</dst>
      <dst id="7">3457.9822</dst>
      <dst id="2">477.2356</dst>
      <dst id="16">5575.1022</dst>
      <dst id="14">1.3511</dst>
      <dst id="20">0.9244</dst>
      <dst id="11">11.0133</dst>
      <dst id="9">3993.5022</dst>
      <dst id="17">97.9733</dst>
      <dst id="21">151.8933</dst>
    </src>
    <src id="23">
      <dst id="12">196.0000</dst>
      <dst id="13">32.1156</dst>
      <dst id="19">1165.4578</dst>
      <dst id="18">93.3333</dst>
      <dst id="4">10.9511</dst>
      <dst id="1">5.9733</dst>
      <dst id="5">13.3333</dst>
      <dst id="3">0.7467</dst>
      <dst id="22">67.1289</dst>
      <dst id="7">196.5156</dst>
      <dst id="2">113.3333</dst>
      <dst id="16">7.1822</dst>
      <dst id="20">11.5200</dst>
      <dst id="11">141.4578</dst>
      <dst id="9">1159.2000</dst>
      <dst id="17">116.4889</dst>
      <dst id="21">58.1600</dst>
      <dst id="15">0.3556</dst>
    </src>
    <src id="8">
      <dst id="12">23480.8533</dst>
      <dst id="13">295.2267</dst>
      <dst id="18">3.0489</dst>
      <dst id="4">946.0978</dst>
      <dst id="1">3874.8711</dst>
      <dst id="5">256.6844</dst>
      <dst id="3">38.5422</dst>
      <dst id="10">18.2844</dst>
      <dst id="22">200.2222</dst>
      <dst id="7">19.0222</dst>
      <dst id="2">822.1778</dst>
      <dst id="16">52.1244</dst>
      <dst id="14">25.2444</dst>
      <dst id="20">98.4089</dst>
      <dst id="11">118.7822</dst>
      <dst id="9">112748.4089</dst>
      <dst id="17">304320.0089</dst>
      <dst id="21">38.5422</dst>
      <dst id="15">135.1111</dst>
    </src>
    <src id="18">
      <dst id="12">135626.3467</dst>
      <dst id="13">131.8933</dst>
      <dst id="19">2.0622</dst>
      <dst id="23">3.1733</dst>
      <dst id="8">1.4400</dst>
      <dst id="4">1105.3422</dst>
      <dst id="1">658.4267</dst>
      <dst id="5">93.7867</dst>
      <dst id="3">147.9644</dst>
      <dst id="10">788.1956</dst>
      <dst id="22">135.8933</dst>
      <dst id="7">1287.6800</dst>
      <dst id="2">42256.2489</dst>
      <dst id="16">37.8489</dst>
      <dst id="20">2.1689</dst>
      <dst id="11">95.5644</dst>
      <dst id="9">91.8400</dst>
      <dst id="17">16089.1378</dst>
      <dst id="21">211.7333</dst>
      <dst id="15">0.3556</dst>
    </src>
    <src id="4">
      <dst id="12">10511.7156</dst>
      <dst id="19">2762.0000</dst>
      <dst id="8">289.9022</dst>
      <dst id="18">3510.9600</dst>
      <dst id="4">172.8178</dst>
      <dst id="1">21010.4000</dst>
      <dst id="5">348.8889</dst>
      <dst id="3">1793.8667</dst>
      <dst id="22">2795.6267</dst>
      <dst id="7">67590.5422</dst>
      <dst id="2">34621.5467</dst>
      <dst id="16">492.5067</dst>
      <dst id="14">649.0133</dst>
      <dst id="20">615.0578</dst>
      <dst id="11">921.4933</dst>
      <dst id="9">1394.5867</dst>
      <dst id="17">15802.0711</dst>
      <dst id="21">9695.0933</dst>
      <dst id="15">58.9689</dst>
    </src>
    <src id="1">
      <dst id="12">15686.7378</dst>
      <dst id="13">15867.9467</dst>
      <dst id="19">9.0667</dst>
      <dst id="23">39.1644</dst>
      <dst id="8">2.3911</dst>
      <dst id="18">12129.6889</dst>
      <dst id="4">21983.7778</dst>
      <dst id="1">32792.2578</dst>
      <dst id="5">367.9556</dst>
      <dst id="3">313.4044</dst>
      <dst id="10">338.6578</dst>
      <dst id="22">5990.5600</dst>
      <dst id="7">16268.3111</dst>
      <dst id="2">15103.0933</dst>
      <dst id="16">9475.8489</dst>
      <dst id="14">70.3556</dst>
      <dst id="20">5787.6711</dst>
      <dst id="11">4650.8711</dst>
      <dst id="9">658.1689</dst>
      <dst id="17">3489.0400</dst>
      <dst id="21">4243.8133</dst>
      <dst id="15">86.5511</dst>
    </src>
    <src id="5">
      <dst id="12">13731.6444</dst>
      <dst id="13">1624.7200</dst>
      <dst id="19">19.2000</dst>
      <dst id="23">5.2267</dst>
      <dst id="8">258.3022</dst>
      <dst id="18">273.0489</dst>
      <dst id="4">2896.3289</dst>
      <dst id="1">4140.8178</dst>
      <dst id="3">2.5156</dst>
      <dst id="10">74.2933</dst>
      <dst id="22">2827.3867</dst>
      <dst id="7">5.2978</dst>
      <dst id="2">2350.8978</dst>
      <dst id="16">509.9378</dst>
      <dst id="14">29.9911</dst>
      <dst id="20">349.7422</dst>
      <dst id="11">1040.4000</dst>
      <dst id="9">81901.3867</dst>
      <dst id="17">259188.6400</dst>
      <dst id="21">29.1911</dst>
      <dst id="15">65.0400</dst>
    </src>
    <src id="3">
      <dst id="12">5906.5156</dst>
      <dst id="13">4753.1556</dst>
      <dst id="19">636.8622</dst>
      <dst id="23">1.7778</dst>
      <dst id="8">4.2756</dst>
      <dst id="18">2536.4444</dst>
      <dst id="4">39275.6711</dst>
      <dst id="1">24276.1511</dst>
      <dst id="5">87.5111</dst>
      <dst id="3">5.9378</dst>
      <dst id="10">209.2622</dst>
      <dst id="22">447.6978</dst>
      <dst id="7">12559.2444</dst>
      <dst id="2">1742.3378</dst>
      <dst id="16">712.4533</dst>
      <dst id="14">137.2178</dst>
      <dst id="20">234.1422</dst>
      <dst id="11">412.6400</dst>
      <dst id="9">158.4889</dst>
      <dst id="17">20365.4222</dst>
      <dst id="21">4138.8267</dst>
      <dst id="15">1.9822</dst>
    </src>
    <src id="10">
      <dst id="12">5934.2133</dst>
      <dst id="19">7406.2222</dst>
      <dst id="8">61460.3556</dst>
      <dst id="18">3793.7689</dst>
      <dst id="1">262.6578</dst>
      <dst id="5">100247.5022</dst>
      <dst id="3">8814.5956</dst>
      <dst id="22">4062.7556</dst>
      <dst id="7">70737.4933</dst>
      <dst id="2">15483.7511</dst>
      <dst id="16">57.3244</dst>
      <dst id="14">17183.4933</dst>
      <dst id="20">1629.1467</dst>
      <dst id="11">88299.7600</dst>
      <dst id="9">118118.8356</dst>
      <dst id="17">37373.3867</dst>
      <dst id="21">9186.6311</dst>
      <dst id="15">184.9778</dst>
    </src>
    <src id="22">
      <dst id="12">5413.2356</dst>
      <dst id="13">7851.1556</dst>
      <dst id="19">4.5867</dst>
      <dst id="23">0.4622</dst>
      <dst id="8">327.4222</dst>
      <dst id="18">398.0444</dst>
      <dst id="4">12362.4533</dst>
      <dst id="1">380.7200</dst>
      <dst id="5">1554.3378</dst>
      <dst id="3">51.3511</dst>
      <dst id="10">622.2044</dst>
      <dst id="7">1520.7733</dst>
      <dst id="2">1092.2578</dst>
      <dst id="14">39.7867</dst>
      <dst id="11">443.6978</dst>
      <dst id="9">1414.8711</dst>
      <dst id="17">1399.5822</dst>
      <dst id="21">2170.0356</dst>
    </src>
    <src id="7">
      <dst id="12">3403.8133</dst>
      <dst id="13">1081.7422</dst>
      <dst id="19">1169.7600</dst>
      <dst id="23">246.8089</dst>
      <dst id="8">176.4089</dst>
      <dst id="18">51.4133</dst>
      <dst id="4">11516.0978</dst>
      <dst id="1">3522.8356</dst>
      <dst id="5">1199.2356</dst>
      <dst id="3">181.0844</dst>
      <dst id="10">1337.4578</dst>
      <dst id="22">4368.9244</dst>
      <dst id="7">805.6622</dst>
      <dst id="2">4895.6178</dst>
      <dst id="16">882.0622</dst>
      <dst id="14">299.7600</dst>
      <dst id="20">146.4978</dst>
      <dst id="11">257.4133</dst>
      <dst id="9">315.1822</dst>
      <dst id="17">4392.2756</dst>
      <dst id="21">1187.1733</dst>
      <dst id="15">184.4089</dst>
    </src>
    <src id="2">
      <dst id="12">49855.0489</dst>
      <dst id="13">7254.9778</dst>
      <dst id="19">87.6800</dst>
      <dst id="23">0.3556</dst>
      <dst id="8">480.3822</dst>
      <dst id="18">59255.3867</dst>
      <dst id="4">63278.2400</dst>
      <dst id="1">9120.9778</dst>
      <dst id="5">713.4578</dst>
      <dst id="3">53.3067</dst>
      <dst id="10">3052.7022</dst>
      <dst id="22">311.3067</dst>
      <dst id="7">4951.8311</dst>
      <dst id="2">312.4889</dst>
      <dst id="16">1285.9733</dst>
      <dst id="14">80.6844</dst>
      <dst id="20">237.5644</dst>
      <dst id="11">559.8489</dst>
      <dst id="9">475.0133</dst>
      <dst id="17">18568.4356</dst>
      <dst id="21">8061.2889</dst>
      <dst id="15">77.3422</dst>
    </src>
    <src id="6">
      <dst id="12">131.0933</dst>
      <dst id="23">0.3378</dst>
      <dst id="18">2.4889</dst>
      <dst id="4">6.9244</dst>
      <dst id="1">32.9156</dst>
      <dst id="5">14.2222</dst>
      <dst id="3">0.4622</dst>
      <dst id="22">23.3689</dst>
      <dst id="2">1125.7422</dst>
      <dst id="16">4.5333</dst>
      <dst id="20">0.3556</dst>
      <dst id="11">1.1378</dst>
      <dst id="17">2832.6044</dst>
      <dst id="21">61.6000</dst>
      <dst id="15">0.4978</dst>
    </src>
    <src id="16">
      <dst id="12">3189.7156</dst>
      <dst id="13">259.8489</dst>
      <dst id="19">3657.7067</dst>
      <dst id="23">0.8533</dst>
      <dst id="8">1397.8933</dst>
      <dst id="18">380.8622</dst>
      <dst id="4">1963.9822</dst>
      <dst id="1">22003.7778</dst>
      <dst id="5">840.8889</dst>
      <dst id="3">42.0800</dst>
      <dst id="10">553.2267</dst>
      <dst id="7">37.7867</dst>
      <dst id="2">268.1778</dst>
      <dst id="16">17.6978</dst>
      <dst id="14">2.1244</dst>
      <dst id="11">541.6800</dst>
      <dst id="9">997.5022</dst>
      <dst id="17">1657.7333</dst>
      <dst id="21">19.3244</dst>
    </src>
    <src id="14">
      <dst id="12">2884.9067</dst>
      <dst id="13">15.8222</dst>
      <dst id="19">77.2267</dst>
      <dst id="4">1010.1156</dst>
      <dst id="1">453.3244</dst>
      <dst id="5">2.0800</dst>
      <dst id="3">55.5200</dst>
      <dst id="10">34.2489</dst>
      <dst id="22">27.3422</dst>
      <dst id="7">16.3467</dst>
      <dst id="2">2520.0444</dst>
      <dst id="16">0.6489</dst>
      <dst id="11">10.6311</dst>
      <dst id="9">10.4800</dst>
      <dst id="17">25985.8400</dst>
      <dst id="21">36.1067</dst>
    </src>
    <src id="20">
      <dst id="12">1330.5600</dst>
      <dst id="13">374.7111</dst>
      <dst id="19">0.9422</dst>
      <dst id="23">41.2800</dst>
      <dst id="8">16.9956</dst>
      <dst id="18">41.5111</dst>
      <dst id="4">7758.4800</dst>
      <dst id="1">3616.6311</dst>
      <dst id="5">138.6133</dst>
      <dst id="3">16.5689</dst>
      <dst id="10">63.3778</dst>
      <dst id="7">5.3333</dst>
      <dst id="2">629.0667</dst>
      <dst id="14">1.0222</dst>
      <dst id="11">800.9244</dst>
      <dst id="9">689.5733</dst>
      <dst id="17">10136.4533</dst>
      <dst id="21">4023.3333</dst>
    </src>
    <src id="11">
      <dst id="12">86119.6000</dst>
      <dst id="13">3205.5022</dst>
      <dst id="19">450.2489</dst>
      <dst id="23">18.9511</dst>
      <dst id="8">1623.4578</dst>
      <dst id="18">634.8444</dst>
      <dst id="4">3990.6844</dst>
      <dst id="1">2826.3644</dst>
      <dst id="5">2050.4089</dst>
      <dst id="3">405.9733</dst>
      <dst id="10">72.1244</dst>
      <dst id="22">309.3600</dst>
      <dst id="7">62.5778</dst>
      <dst id="2">99228.8533</dst>
      <dst id="16">146.8533</dst>
      <dst id="14">47.8133</dst>
      <dst id="20">137.4044</dst>
      <dst id="11">1078.2044</dst>
      <dst id="9">593.6267</dst>
      <dst id="17">498493.6356</dst>
      <dst id="21">565.1022</dst>
      <dst id="15">19.4044</dst>
    </src>
    <src id="9">
      <dst id="12">34509.4844</dst>
      <dst id="13">2306.9333</dst>
      <dst id="19">164.4978</dst>
      <dst id="23">39.8756</dst>
      <dst id="8">79786.4178</dst>
      <dst id="18">108.7022</dst>
      <dst id="4">5807.3956</dst>
      <dst id="1">4639.2533</dst>
      <dst id="5">517.7689</dst>
      <dst id="3">50.0622</dst>
      <dst id="10">380.3733</dst>
      <dst id="22">1452.1600</dst>
      <dst id="7">34.3467</dst>
      <dst id="2">596.5600</dst>
      <dst id="16">109.3600</dst>
      <dst id="14">14.3556</dst>
      <dst id="20">503.7244</dst>
      <dst id="11">583.3956</dst>
      <dst id="9">258077.6622</dst>
      <dst id="17">464302.5689</dst>
      <dst id="21">323.2889</dst>
      <dst id="15">256.2400</dst>
    </src>
    <src id="17">
      <dst id="12">9559.3067</dst>
      <dst id="13">13668.4178</dst>
      <dst id="19">370.2400</dst>
      <dst id="23">3.4667</dst>
      <dst id="8">96.6489</dst>
      <dst id="18">83.9022</dst>
      <dst id="4">36461.3067</dst>
      <dst id="1">531.5644</dst>
      <dst id="5">106675.5733</dst>
      <dst id="3">16220.5156</dst>
      <dst id="10">1426.2311</dst>
      <dst id="22">11177.1022</dst>
      <dst id="7">2532.4622</dst>
      <dst id="2">4547.9200</dst>
      <dst id="16">576.2400</dst>
      <dst id="14">11313.2178</dst>
      <dst id="20">20881.5200</dst>
      <dst id="11">97160.6667</dst>
      <dst id="9">327.6000</dst>
      <dst id="17">1415.5822</dst>
      <dst id="21">8692.3111</dst>
      <dst id="15">48.8622</dst>
    </src>
    <src id="21">
      <dst id="12">2331.0489</dst>
      <dst id="13">2739.4756</dst>
      <dst id="19">101.0311</dst>
      <dst id="23">1.8489</dst>
      <dst id="8">21.6356</dst>
      <dst id="18">1116.6311</dst>
      <dst id="4">31062.1778</dst>
      <dst id="1">6714.7200</dst>
      <dst id="5">107.2889</dst>
      <dst id="3">446.9600</dst>
      <dst id="10">2149.1022</dst>
      <dst id="22">896.1333</dst>
      <dst id="7">10754.0889</dst>
      <dst id="2">8066.6222</dst>
      <dst id="16">54.7289</dst>
      <dst id="14">49.6800</dst>
      <dst id="20">1747.6178</dst>
      <dst id="11">141.7956</dst>
      <dst id="9">1334.1511</dst>
      <dst id="17">10629.8578</dst>
      <dst id="21">430.2489</dst>
      <dst id="15">1230.4533</dst>
    </src>
    <src id="15">
      <dst id="12">152.2311</dst>
      <dst id="13">149.7422</dst>
      <dst id="19">11.9111</dst>
      <dst id="23">22.6133</dst>
      <dst id="8">95.9467</dst>
      <dst id="18">43.3422</dst>
      <dst id="4">873.4578</dst>
      <dst id="1">51.8311</dst>
      <dst id="5">85.9911</dst>
      <dst id="10">46.5867</dst>
      <dst id="7">2.3289</dst>
      <dst id="2">2264.6311</dst>
      <dst id="14">13.7600</dst>
      <dst id="11">5.3600</dst>
      <dst id="9">411.8400</dst>
      <dst id="17">1586.3556</dst>
      <dst id="21">41.1467</dst>
    </src>
  </IntraTM>
</TrafficMatrixFile>
