<?xml version="1.0" encoding="UTF-8" standalone="yes"?>
<TrafficMatrixFile xmlns:xsi="http://www.w3.org/2001/XMLSchema-instance" xsi:noNamespaceSchemaLocation="http://totem.run.montefiore.ulg.ac.be/Schema/TrafficMatrix-v1_2.xsd">
  <info>
    <title>Intradomain traffic matrix generated by geant-TM-all.pl</title>
    <date>2005-04-06T21:30:00</date>
    <duration>900</duration>
    <author>Steve Uhlig</author>
    <units>
        <unit type="bandwidth" value="kbps"/>
    </units>
  </info>
  <IntraTM ASID="20965">
    <src id="12">
      <dst id="12">431669.4756</dst>
      <dst id="13">25798.9956</dst>
      <dst id="19">5246.0711</dst>
      <dst id="23">11119.0400</dst>
      <dst id="8">1272.7200</dst>
      <dst id="18">99076.8533</dst>
      <dst id="4">5176.6578</dst>
      <dst id="1">20220.4444</dst>
      <dst id="5">3928.0178</dst>
      <dst id="3">208.1956</dst>
      <dst id="10">3469.8044</dst>
      <dst id="22">21356.8711</dst>
      <dst id="7">5550.2933</dst>
      <dst id="2">37658.3733</dst>
      <dst id="16">13139.8489</dst>
      <dst id="14">552.6400</dst>
      <dst id="20">18053.4311</dst>
      <dst id="11">94.8089</dst>
      <dst id="9">19681.3778</dst>
      <dst id="17">67240.7467</dst>
      <dst id="21">4992.1422</dst>
      <dst id="15">5088.3289</dst>
    </src>
    <src id="13">
      <dst id="12">27783.5111</dst>
      <dst id="13">2055.7956</dst>
      <dst id="19">3704.2400</dst>
      <dst id="23">226.4356</dst>
      <dst id="8">430.8622</dst>
      <dst id="18">1293.1200</dst>
      <dst id="1">2220.7022</dst>
      <dst id="5">3027.4133</dst>
      <dst id="3">34.4000</dst>
      <dst id="22">3877.5200</dst>
      <dst id="7">328.2311</dst>
      <dst id="2">40524.5511</dst>
      <dst id="6">1.0667</dst>
      <dst id="16">9740.4000</dst>
      <dst id="14">349.6178</dst>
      <dst id="20">13147.8578</dst>
      <dst id="11">100.3022</dst>
      <dst id="9">12224.1867</dst>
      <dst id="17">37599.8667</dst>
      <dst id="21">633.2356</dst>
      <dst id="15">661.0578</dst>
    </src>
    <src id="19">
      <dst id="12">31135.9733</dst>
      <dst id="13">2527.1556</dst>
      <dst id="23">162.1333</dst>
      <dst id="8">65.6800</dst>
      <dst id="18">42.2311</dst>
      <dst id="4">178.6133</dst>
      <dst id="1">483.1556</dst>
      <dst id="5">24.9067</dst>
      <dst id="3">28.0711</dst>
      <dst id="10">59.5733</dst>
      <dst id="22">1360.4978</dst>
      <dst id="7">455.2000</dst>
      <dst id="2">2353.8222</dst>
      <dst id="16">677.1822</dst>
      <dst id="14">22.4356</dst>
      <dst id="20">482.8800</dst>
      <dst id="11">14.6222</dst>
      <dst id="9">7.6978</dst>
      <dst id="17">2867.7511</dst>
      <dst id="21">208.9511</dst>
      <dst id="15">3808.5511</dst>
    </src>
    <src id="23">
      <dst id="12">4497.5022</dst>
      <dst id="13">1479.8844</dst>
      <dst id="19">28.6578</dst>
      <dst id="8">13.6889</dst>
      <dst id="18">181.1911</dst>
      <dst id="4">476.8711</dst>
      <dst id="1">548.5067</dst>
      <dst id="3">67.9467</dst>
      <dst id="10">12.2133</dst>
      <dst id="22">115.9467</dst>
      <dst id="7">139.0133</dst>
      <dst id="2">175.6444</dst>
      <dst id="16">102.3556</dst>
      <dst id="14">123.4400</dst>
      <dst id="20">175.8844</dst>
      <dst id="11">41.1467</dst>
      <dst id="9">2222.7022</dst>
      <dst id="17">3800.8711</dst>
      <dst id="21">11180.5422</dst>
    </src>
    <src id="8">
      <dst id="12">12114.0800</dst>
      <dst id="13">331.7244</dst>
      <dst id="19">12.0800</dst>
      <dst id="23">1.9200</dst>
      <dst id="18">5.2000</dst>
      <dst id="4">154.3022</dst>
      <dst id="1">1632.4356</dst>
      <dst id="5">550.5156</dst>
      <dst id="3">15.6533</dst>
      <dst id="10">90.4356</dst>
      <dst id="22">0.9067</dst>
      <dst id="2">35.1822</dst>
      <dst id="16">173911.7067</dst>
      <dst id="11">13.3333</dst>
      <dst id="9">50569.1911</dst>
      <dst id="17">13688.7378</dst>
      <dst id="21">3.9911</dst>
      <dst id="15">14.0089</dst>
    </src>
    <src id="18">
      <dst id="12">120881.1467</dst>
      <dst id="13">565.4756</dst>
      <dst id="19">148.1689</dst>
      <dst id="23">7.2178</dst>
      <dst id="8">37.1733</dst>
      <dst id="4">45.2089</dst>
      <dst id="1">1002.2578</dst>
      <dst id="5">118.9422</dst>
      <dst id="3">2276.2933</dst>
      <dst id="10">436.8800</dst>
      <dst id="22">8.5156</dst>
      <dst id="7">29.7778</dst>
      <dst id="2">9435.8844</dst>
      <dst id="16">825.4400</dst>
      <dst id="14">1.6178</dst>
      <dst id="20">1584.3378</dst>
      <dst id="11">0.3556</dst>
      <dst id="9">368.4533</dst>
      <dst id="17">3522.1422</dst>
      <dst id="21">1089.1022</dst>
      <dst id="15">236.9156</dst>
    </src>
    <src id="4">
      <dst id="12">42607.3778</dst>
      <dst id="13">90.1244</dst>
      <dst id="19">9419.7689</dst>
      <dst id="23">2987.2889</dst>
      <dst id="8">50464.2400</dst>
      <dst id="18">12202.0800</dst>
      <dst id="4">1671.9644</dst>
      <dst id="1">118163.4489</dst>
      <dst id="5">12342.4978</dst>
      <dst id="3">71.5556</dst>
      <dst id="22">1287.7778</dst>
      <dst id="7">1201.8222</dst>
      <dst id="2">78654.9956</dst>
      <dst id="16">211617.9556</dst>
      <dst id="14">10455.5289</dst>
      <dst id="11">363.5289</dst>
      <dst id="9">53495.4933</dst>
      <dst id="17">119539.1733</dst>
      <dst id="21">7386.0356</dst>
      <dst id="15">2243.9200</dst>
    </src>
    <src id="1">
      <dst id="12">435277.0667</dst>
      <dst id="13">10387.4044</dst>
      <dst id="19">1713.1644</dst>
      <dst id="23">296.5689</dst>
      <dst id="8">621.4756</dst>
      <dst id="18">13891.7867</dst>
      <dst id="4">734.8533</dst>
      <dst id="1">96318.1333</dst>
      <dst id="5">236.4800</dst>
      <dst id="3">2891.1289</dst>
      <dst id="10">200.0444</dst>
      <dst id="22">74.2578</dst>
      <dst id="7">5751.2800</dst>
      <dst id="2">68317.2889</dst>
      <dst id="16">165353.6267</dst>
      <dst id="14">237.9556</dst>
      <dst id="20">710.4444</dst>
      <dst id="11">91.2000</dst>
      <dst id="9">14759.2800</dst>
      <dst id="17">518044.1867</dst>
      <dst id="21">15903.0844</dst>
      <dst id="15">58.2044</dst>
    </src>
    <src id="5">
      <dst id="12">14189.0844</dst>
      <dst id="13">2009.7156</dst>
      <dst id="19">397.1200</dst>
      <dst id="23">0.9511</dst>
      <dst id="8">556.3111</dst>
      <dst id="18">68.0622</dst>
      <dst id="4">353.9111</dst>
      <dst id="1">2540.6756</dst>
      <dst id="3">587.7600</dst>
      <dst id="10">436.9778</dst>
      <dst id="22">2244.1689</dst>
      <dst id="2">370.8356</dst>
      <dst id="16">333020.5511</dst>
      <dst id="14">30.0356</dst>
      <dst id="11">60.2667</dst>
      <dst id="9">64044.8356</dst>
      <dst id="17">28190.6756</dst>
      <dst id="21">6.4356</dst>
      <dst id="15">101.7511</dst>
    </src>
    <src id="3">
      <dst id="12">2788.7644</dst>
      <dst id="13">29655.8133</dst>
      <dst id="19">886.0178</dst>
      <dst id="23">177.7778</dst>
      <dst id="8">27.5556</dst>
      <dst id="18">351.6978</dst>
      <dst id="4">505.7956</dst>
      <dst id="1">48617.9556</dst>
      <dst id="5">1489.5111</dst>
      <dst id="3">157.0133</dst>
      <dst id="10">1869.3244</dst>
      <dst id="22">80.3111</dst>
      <dst id="7">4783.8667</dst>
      <dst id="2">4886.4000</dst>
      <dst id="16">15218.6933</dst>
      <dst id="14">169.1822</dst>
      <dst id="20">452.9067</dst>
      <dst id="11">350.4978</dst>
      <dst id="9">1353.9733</dst>
      <dst id="17">31871.7422</dst>
      <dst id="21">1903.0400</dst>
      <dst id="15">5.1733</dst>
    </src>
    <src id="10">
      <dst id="12">22515.5111</dst>
      <dst id="13">456.7822</dst>
      <dst id="19">1093.4756</dst>
      <dst id="23">10150.7556</dst>
      <dst id="8">531.5822</dst>
      <dst id="18">1832.0000</dst>
      <dst id="1">4788.6844</dst>
      <dst id="5">2008.1511</dst>
      <dst id="3">17274.4622</dst>
      <dst id="22">203.3689</dst>
      <dst id="2">25506.8267</dst>
      <dst id="16">46033.0756</dst>
      <dst id="14">5364.8533</dst>
      <dst id="20">7001.9911</dst>
      <dst id="11">143.0756</dst>
      <dst id="9">6542.0622</dst>
      <dst id="17">48794.5067</dst>
      <dst id="21">8604.0356</dst>
      <dst id="15">390.0178</dst>
    </src>
    <src id="22">
      <dst id="12">13980.7022</dst>
      <dst id="13">5442.6489</dst>
      <dst id="19">3169.7511</dst>
      <dst id="23">115.3956</dst>
      <dst id="8">4190.5600</dst>
      <dst id="18">187.7422</dst>
      <dst id="4">581.2622</dst>
      <dst id="1">635.2178</dst>
      <dst id="5">3259.6089</dst>
      <dst id="3">15.6978</dst>
      <dst id="10">325.1644</dst>
      <dst id="7">64.8178</dst>
      <dst id="2">791.3511</dst>
      <dst id="16">644.1867</dst>
      <dst id="14">89.2889</dst>
      <dst id="11">287.2267</dst>
      <dst id="9">461.1289</dst>
      <dst id="17">10092.1422</dst>
      <dst id="21">337.9022</dst>
    </src>
    <src id="7">
      <dst id="12">10130.5244</dst>
      <dst id="13">31542.5600</dst>
      <dst id="19">1198.9867</dst>
      <dst id="23">165.7867</dst>
      <dst id="8">80.8178</dst>
      <dst id="18">1185.7778</dst>
      <dst id="4">673.4311</dst>
      <dst id="1">8205.0311</dst>
      <dst id="5">78.6667</dst>
      <dst id="3">611.0578</dst>
      <dst id="10">369.8489</dst>
      <dst id="22">400.6044</dst>
      <dst id="2">2065.9911</dst>
      <dst id="16">1433.4489</dst>
      <dst id="14">298.2667</dst>
      <dst id="20">2597.6178</dst>
      <dst id="11">448.2667</dst>
      <dst id="9">292.1956</dst>
      <dst id="17">10087.9911</dst>
      <dst id="21">1049.3956</dst>
      <dst id="15">1082.7200</dst>
    </src>
    <src id="2">
      <dst id="12">134248.7022</dst>
      <dst id="13">24069.5822</dst>
      <dst id="19">3773.6356</dst>
      <dst id="23">19.1911</dst>
      <dst id="8">227.4489</dst>
      <dst id="18">41877.3333</dst>
      <dst id="4">2548.4889</dst>
      <dst id="1">69024.9956</dst>
      <dst id="5">728.3911</dst>
      <dst id="3">88.4089</dst>
      <dst id="10">2085.0578</dst>
      <dst id="22">1693.6178</dst>
      <dst id="7">37792.3200</dst>
      <dst id="2">3663.7244</dst>
      <dst id="6">1.7778</dst>
      <dst id="16">2270.9956</dst>
      <dst id="14">2034.5067</dst>
      <dst id="20">5185.4667</dst>
      <dst id="11">1059.8667</dst>
      <dst id="9">4883.1556</dst>
      <dst id="17">43733.2444</dst>
      <dst id="21">2301.2978</dst>
      <dst id="15">356.7378</dst>
    </src>
    <src id="6">
      <dst id="12">503.6000</dst>
      <dst id="13">50.4622</dst>
      <dst id="19">89.1644</dst>
      <dst id="23">23.3600</dst>
      <dst id="18">30.6844</dst>
      <dst id="4">0.5689</dst>
      <dst id="1">878.9067</dst>
      <dst id="5">1.6978</dst>
      <dst id="3">28.4089</dst>
      <dst id="10">0.3733</dst>
      <dst id="22">24.5778</dst>
      <dst id="7">34.9333</dst>
      <dst id="2">2258.6400</dst>
      <dst id="16">222.9511</dst>
      <dst id="11">11.4667</dst>
      <dst id="9">136.7111</dst>
      <dst id="17">25739.2356</dst>
      <dst id="21">50.4800</dst>
    </src>
    <src id="16">
      <dst id="12">169200.4444</dst>
      <dst id="13">1482.8800</dst>
      <dst id="19">4440.1244</dst>
      <dst id="23">140.6044</dst>
      <dst id="8">119469.3600</dst>
      <dst id="18">57.5378</dst>
      <dst id="4">287.0133</dst>
      <dst id="1">10286.2667</dst>
      <dst id="5">349236.6933</dst>
      <dst id="3">7218.0178</dst>
      <dst id="10">497.9378</dst>
      <dst id="2">380.1067</dst>
      <dst id="16">31597.0400</dst>
      <dst id="14">79272.3733</dst>
      <dst id="11">21927.3244</dst>
      <dst id="9">331335.0844</dst>
      <dst id="17">12892.1067</dst>
      <dst id="21">74.1689</dst>
    </src>
    <src id="14">
      <dst id="12">1051.2356</dst>
      <dst id="13">982.2044</dst>
      <dst id="19">55.0756</dst>
      <dst id="23">4.2311</dst>
      <dst id="18">12.6222</dst>
      <dst id="4">191.8667</dst>
      <dst id="1">890.5778</dst>
      <dst id="5">3.8222</dst>
      <dst id="3">1083.6356</dst>
      <dst id="10">164.3378</dst>
      <dst id="7">68.8711</dst>
      <dst id="2">1691.8222</dst>
      <dst id="16">4070.4444</dst>
      <dst id="20">7.8044</dst>
      <dst id="11">13.2089</dst>
      <dst id="9">63.4044</dst>
      <dst id="17">34222.0356</dst>
      <dst id="21">61.9644</dst>
      <dst id="15">5.1200</dst>
    </src>
    <src id="20">
      <dst id="12">16035.3244</dst>
      <dst id="13">17079.9822</dst>
      <dst id="19">70.8622</dst>
      <dst id="23">51.5822</dst>
      <dst id="8">1.4222</dst>
      <dst id="18">78.7733</dst>
      <dst id="4">1392.9067</dst>
      <dst id="1">140.0444</dst>
      <dst id="5">8467.7156</dst>
      <dst id="3">1.3867</dst>
      <dst id="10">252.9956</dst>
      <dst id="7">8384.3378</dst>
      <dst id="2">364.2222</dst>
      <dst id="16">5023.3244</dst>
      <dst id="14">124.6222</dst>
      <dst id="20">41.5556</dst>
      <dst id="11">12.1067</dst>
      <dst id="9">5599.8756</dst>
      <dst id="17">14631.6089</dst>
      <dst id="21">1951.0133</dst>
    </src>
    <src id="11">
      <dst id="12">24500.8889</dst>
      <dst id="13">3557.1556</dst>
      <dst id="19">404.1067</dst>
      <dst id="23">50.8533</dst>
      <dst id="8">324.4711</dst>
      <dst id="18">133.4311</dst>
      <dst id="4">1333.5378</dst>
      <dst id="1">3865.3422</dst>
      <dst id="5">997.1822</dst>
      <dst id="3">790.3467</dst>
      <dst id="10">356.7644</dst>
      <dst id="22">222.4444</dst>
      <dst id="7">0.4267</dst>
      <dst id="2">68296.5333</dst>
      <dst id="16">11509.2178</dst>
      <dst id="14">78.1956</dst>
      <dst id="20">1407.6978</dst>
      <dst id="11">3927.6267</dst>
      <dst id="9">6700.8889</dst>
      <dst id="17">630406.4000</dst>
      <dst id="21">417.7689</dst>
      <dst id="15">130.5511</dst>
    </src>
    <src id="9">
      <dst id="12">28526.5867</dst>
      <dst id="13">2652.4800</dst>
      <dst id="19">106.7644</dst>
      <dst id="23">306.9511</dst>
      <dst id="8">68939.2800</dst>
      <dst id="18">46.9600</dst>
      <dst id="4">5161.1644</dst>
      <dst id="1">11629.6089</dst>
      <dst id="5">20792.2044</dst>
      <dst id="3">711.8133</dst>
      <dst id="10">102.5511</dst>
      <dst id="22">3.3956</dst>
      <dst id="2">1609.4578</dst>
      <dst id="16">468269.4578</dst>
      <dst id="14">13.7956</dst>
      <dst id="11">121.8578</dst>
      <dst id="9">293101.3867</dst>
      <dst id="17">44902.8178</dst>
      <dst id="21">29.7956</dst>
      <dst id="15">408.8711</dst>
    </src>
    <src id="17">
      <dst id="12">107186.7911</dst>
      <dst id="13">27624.5600</dst>
      <dst id="19">4886.9156</dst>
      <dst id="23">125.8667</dst>
      <dst id="8">1204.4356</dst>
      <dst id="18">936.2400</dst>
      <dst id="4">5412.3911</dst>
      <dst id="1">32272.1333</dst>
      <dst id="5">171940.7111</dst>
      <dst id="3">5784.9333</dst>
      <dst id="10">2595.4933</dst>
      <dst id="22">858.8444</dst>
      <dst id="7">3658.5244</dst>
      <dst id="2">12644.6133</dst>
      <dst id="16">59724.8622</dst>
      <dst id="14">31137.7867</dst>
      <dst id="20">1114.2400</dst>
      <dst id="11">18503.1289</dst>
      <dst id="9">12126.2844</dst>
      <dst id="17">28740.8800</dst>
      <dst id="21">3739.2444</dst>
      <dst id="15">428.5511</dst>
    </src>
    <src id="21">
      <dst id="12">2651.2444</dst>
      <dst id="13">3951.6533</dst>
      <dst id="19">231.1200</dst>
      <dst id="23">768.3378</dst>
      <dst id="8">100.5956</dst>
      <dst id="18">509.8222</dst>
      <dst id="4">480.5333</dst>
      <dst id="1">3383.1289</dst>
      <dst id="5">517.5911</dst>
      <dst id="3">2743.2711</dst>
      <dst id="10">287.3422</dst>
      <dst id="22">91.2178</dst>
      <dst id="7">263.1467</dst>
      <dst id="2">7408.7644</dst>
      <dst id="16">8772.2400</dst>
      <dst id="14">163.6978</dst>
      <dst id="20">411.5111</dst>
      <dst id="11">442.1600</dst>
      <dst id="9">1054.5333</dst>
      <dst id="17">31743.3422</dst>
      <dst id="21">1333.7422</dst>
      <dst id="15">91.9111</dst>
    </src>
    <src id="15">
      <dst id="12">209.6356</dst>
      <dst id="13">309.1822</dst>
      <dst id="19">188.6311</dst>
      <dst id="23">2.8000</dst>
      <dst id="8">16.3911</dst>
      <dst id="18">49.4400</dst>
      <dst id="4">123.2444</dst>
      <dst id="1">86.3733</dst>
      <dst id="5">226.1600</dst>
      <dst id="10">438.6489</dst>
      <dst id="2">75.4667</dst>
      <dst id="16">889.2711</dst>
      <dst id="14">1.6533</dst>
      <dst id="11">25.9556</dst>
      <dst id="9">1451.0311</dst>
      <dst id="17">1338.0356</dst>
      <dst id="21">2.2933</dst>
    </src>
  </IntraTM>
</TrafficMatrixFile>
