<?xml version="1.0" encoding="UTF-8" standalone="yes"?>
<TrafficMatrixFile xmlns:xsi="http://www.w3.org/2001/XMLSchema-instance" xsi:noNamespaceSchemaLocation="http://totem.run.montefiore.ulg.ac.be/Schema/TrafficMatrix-v1_2.xsd">
  <info>
    <title>Intradomain traffic matrix generated by geant-TM-all.pl</title>
    <date>2005-03-05T19:00:00</date>
    <duration>900</duration>
    <author>Steve Uhlig</author>
    <units>
        <unit type="bandwidth" value="kbps"/>
    </units>
  </info>
  <IntraTM ASID="20965">
    <src id="12">
      <dst id="12">247512.5600</dst>
      <dst id="13">81067.5644</dst>
      <dst id="19">9573.8400</dst>
      <dst id="23">10317.0844</dst>
      <dst id="8">7901.7778</dst>
      <dst id="18">119863.5289</dst>
      <dst id="4">15328.4711</dst>
      <dst id="1">12670.6578</dst>
      <dst id="5">1025.4044</dst>
      <dst id="3">603.6178</dst>
      <dst id="10">1114.6489</dst>
      <dst id="22">13239.4489</dst>
      <dst id="7">15860.8711</dst>
      <dst id="2">26829.2178</dst>
      <dst id="6">25.8311</dst>
      <dst id="16">22915.2356</dst>
      <dst id="14">1554.4267</dst>
      <dst id="20">3405.9822</dst>
      <dst id="11">725.9911</dst>
      <dst id="9">15196.7911</dst>
      <dst id="17">179215.3333</dst>
      <dst id="21">11874.9156</dst>
      <dst id="15">2501.2533</dst>
    </src>
    <src id="13">
      <dst id="12">52971.1378</dst>
      <dst id="19">8710.7644</dst>
      <dst id="23">1585.2622</dst>
      <dst id="8">15662.9867</dst>
      <dst id="18">2662.3467</dst>
      <dst id="1">25844.9156</dst>
      <dst id="5">5185.6444</dst>
      <dst id="3">4042.8089</dst>
      <dst id="22">15004.9867</dst>
      <dst id="7">33518.1156</dst>
      <dst id="2">48760.5778</dst>
      <dst id="6">270.1689</dst>
      <dst id="16">14026.4622</dst>
      <dst id="14">6843.5200</dst>
      <dst id="20">8614.0000</dst>
      <dst id="11">988.1778</dst>
      <dst id="9">8562.2133</dst>
      <dst id="17">148233.9378</dst>
      <dst id="21">13091.0489</dst>
      <dst id="15">4661.6622</dst>
    </src>
    <src id="19">
      <dst id="12">20843.0222</dst>
      <dst id="13">3988.1511</dst>
      <dst id="23">69.9822</dst>
      <dst id="8">19.7689</dst>
      <dst id="18">1222.2222</dst>
      <dst id="4">16112.2400</dst>
      <dst id="1">2734.5333</dst>
      <dst id="5">13.3333</dst>
      <dst id="3">34.2400</dst>
      <dst id="10">46.3111</dst>
      <dst id="22">2588.3911</dst>
      <dst id="7">7621.9111</dst>
      <dst id="2">5388.7644</dst>
      <dst id="6">341.7156</dst>
      <dst id="16">5757.0844</dst>
      <dst id="14">18.8356</dst>
      <dst id="20">38.0356</dst>
      <dst id="11">147.2711</dst>
      <dst id="9">675.3511</dst>
      <dst id="17">11073.6711</dst>
      <dst id="21">739.0933</dst>
      <dst id="15">1.4756</dst>
    </src>
    <src id="23">
      <dst id="12">5114.4089</dst>
      <dst id="13">348.7200</dst>
      <dst id="19">832.4178</dst>
      <dst id="8">0.4267</dst>
      <dst id="18">236.9956</dst>
      <dst id="4">5203.5556</dst>
      <dst id="1">68.5956</dst>
      <dst id="5">32.7822</dst>
      <dst id="3">29.4489</dst>
      <dst id="10">50.2933</dst>
      <dst id="22">261.6444</dst>
      <dst id="7">2241.5022</dst>
      <dst id="2">234.1067</dst>
      <dst id="6">0.3378</dst>
      <dst id="16">598.8356</dst>
      <dst id="14">813.6889</dst>
      <dst id="20">2005.1200</dst>
      <dst id="11">1.4400</dst>
      <dst id="9">272.3556</dst>
      <dst id="17">32037.6267</dst>
      <dst id="21">729.6267</dst>
    </src>
    <src id="8">
      <dst id="12">31055.7333</dst>
      <dst id="13">917.9022</dst>
      <dst id="19">102.1867</dst>
      <dst id="23">0.3556</dst>
      <dst id="18">1237.6889</dst>
      <dst id="4">2262.4978</dst>
      <dst id="1">6289.5200</dst>
      <dst id="5">2137.9733</dst>
      <dst id="3">0.8800</dst>
      <dst id="10">46.1867</dst>
      <dst id="22">3465.4756</dst>
      <dst id="7">159.8756</dst>
      <dst id="2">969.7244</dst>
      <dst id="6">3.9378</dst>
      <dst id="16">125696.0356</dst>
      <dst id="14">1.6089</dst>
      <dst id="11">1.2089</dst>
      <dst id="9">161195.2089</dst>
      <dst id="17">328872.4711</dst>
      <dst id="15">282.9867</dst>
    </src>
    <src id="18">
      <dst id="12">100347.2178</dst>
      <dst id="13">208.8267</dst>
      <dst id="19">159.2178</dst>
      <dst id="23">8.4622</dst>
      <dst id="8">79.3067</dst>
      <dst id="4">483.1911</dst>
      <dst id="1">2097.5200</dst>
      <dst id="5">625.3244</dst>
      <dst id="3">383.9733</dst>
      <dst id="10">379.1822</dst>
      <dst id="22">745.4489</dst>
      <dst id="7">124.0000</dst>
      <dst id="2">12150.8267</dst>
      <dst id="6">39.2889</dst>
      <dst id="16">12391.0578</dst>
      <dst id="20">90.0622</dst>
      <dst id="11">4.3378</dst>
      <dst id="9">7495.2444</dst>
      <dst id="17">33282.9867</dst>
      <dst id="21">1194.3556</dst>
      <dst id="15">326.2133</dst>
    </src>
    <src id="4">
      <dst id="12">21984.4356</dst>
      <dst id="19">15971.4578</dst>
      <dst id="23">1241.2178</dst>
      <dst id="8">3985.9200</dst>
      <dst id="18">608.3911</dst>
      <dst id="1">66239.6711</dst>
      <dst id="5">1572.8800</dst>
      <dst id="3">1161.5467</dst>
      <dst id="22">2853.0311</dst>
      <dst id="7">73242.1244</dst>
      <dst id="2">41968.6667</dst>
      <dst id="6">8335.3333</dst>
      <dst id="16">5063.0044</dst>
      <dst id="14">6935.9467</dst>
      <dst id="11">766.6489</dst>
      <dst id="9">6945.3244</dst>
      <dst id="17">34349.1200</dst>
      <dst id="21">4111.0311</dst>
      <dst id="15">3423.0844</dst>
    </src>
    <src id="1">
      <dst id="12">25854.9956</dst>
      <dst id="13">10780.9956</dst>
      <dst id="19">1059.6889</dst>
      <dst id="23">105.2889</dst>
      <dst id="8">201.9200</dst>
      <dst id="18">13644.6667</dst>
      <dst id="4">5494.5067</dst>
      <dst id="1">414827.3956</dst>
      <dst id="5">2397.3422</dst>
      <dst id="3">1565.4667</dst>
      <dst id="10">316.3822</dst>
      <dst id="22">3914.2667</dst>
      <dst id="7">122235.2711</dst>
      <dst id="2">9257.8044</dst>
      <dst id="6">18.5156</dst>
      <dst id="16">12726.6400</dst>
      <dst id="14">269.7067</dst>
      <dst id="20">270.7467</dst>
      <dst id="11">175.4667</dst>
      <dst id="9">2809.5289</dst>
      <dst id="17">335402.1422</dst>
      <dst id="21">133442.0178</dst>
      <dst id="15">165.0044</dst>
    </src>
    <src id="5">
      <dst id="12">18214.5067</dst>
      <dst id="13">1325.3778</dst>
      <dst id="19">10.0267</dst>
      <dst id="23">1.1733</dst>
      <dst id="8">34343.4844</dst>
      <dst id="18">1162.3644</dst>
      <dst id="4">1515.3956</dst>
      <dst id="1">5218.6044</dst>
      <dst id="3">93.7244</dst>
      <dst id="10">116.2578</dst>
      <dst id="22">2596.7289</dst>
      <dst id="7">376.6489</dst>
      <dst id="2">2344.0356</dst>
      <dst id="6">0.8178</dst>
      <dst id="16">112090.8622</dst>
      <dst id="14">1.1644</dst>
      <dst id="11">2.1333</dst>
      <dst id="9">82220.6578</dst>
      <dst id="17">240623.1644</dst>
      <dst id="21">0.8178</dst>
      <dst id="15">175.8400</dst>
    </src>
    <src id="3">
      <dst id="12">48759.2356</dst>
      <dst id="13">18862.4000</dst>
      <dst id="19">2280.5600</dst>
      <dst id="23">78.0356</dst>
      <dst id="8">755.3689</dst>
      <dst id="18">365.2533</dst>
      <dst id="4">22092.9956</dst>
      <dst id="1">16607.1378</dst>
      <dst id="5">385.7511</dst>
      <dst id="3">113.0400</dst>
      <dst id="10">1362.6844</dst>
      <dst id="22">2769.4756</dst>
      <dst id="7">2374.5956</dst>
      <dst id="2">6302.1867</dst>
      <dst id="6">54.2222</dst>
      <dst id="16">7220.0978</dst>
      <dst id="14">282.3467</dst>
      <dst id="20">1308.4711</dst>
      <dst id="11">130.2311</dst>
      <dst id="9">2636.0978</dst>
      <dst id="17">22413.6089</dst>
      <dst id="21">2310.6311</dst>
      <dst id="15">284.7111</dst>
    </src>
    <src id="10">
      <dst id="12">27421.3867</dst>
      <dst id="19">8472.6578</dst>
      <dst id="23">1546.7022</dst>
      <dst id="8">657.7600</dst>
      <dst id="18">1040.9689</dst>
      <dst id="1">2990.2756</dst>
      <dst id="5">690.7467</dst>
      <dst id="3">689.8222</dst>
      <dst id="22">4420.8178</dst>
      <dst id="7">9858.4356</dst>
      <dst id="2">22349.4844</dst>
      <dst id="6">183.1556</dst>
      <dst id="16">5287.2089</dst>
      <dst id="14">1873.7600</dst>
      <dst id="20">1915.0222</dst>
      <dst id="11">98.3644</dst>
      <dst id="9">4042.5244</dst>
      <dst id="17">62571.1022</dst>
      <dst id="21">8126.0000</dst>
      <dst id="15">2282.8800</dst>
    </src>
    <src id="22">
      <dst id="12">12913.9822</dst>
      <dst id="13">2264.9867</dst>
      <dst id="19">843.5733</dst>
      <dst id="23">255.4044</dst>
      <dst id="8">930.4089</dst>
      <dst id="18">180.1422</dst>
      <dst id="4">5500.7822</dst>
      <dst id="1">1984.7822</dst>
      <dst id="5">1576.3733</dst>
      <dst id="3">90.9422</dst>
      <dst id="10">527.6000</dst>
      <dst id="7">1062.2844</dst>
      <dst id="2">1890.5156</dst>
      <dst id="6">3.1644</dst>
      <dst id="16">0.4533</dst>
      <dst id="14">41.4667</dst>
      <dst id="11">131.6356</dst>
      <dst id="9">3893.9467</dst>
      <dst id="17">10526.0444</dst>
      <dst id="21">1550.3733</dst>
    </src>
    <src id="7">
      <dst id="12">13684.2133</dst>
      <dst id="13">1279.9022</dst>
      <dst id="19">5240.9600</dst>
      <dst id="23">104.3378</dst>
      <dst id="8">297.0933</dst>
      <dst id="18">822.9956</dst>
      <dst id="4">4815.8667</dst>
      <dst id="1">34576.6756</dst>
      <dst id="5">1239.5822</dst>
      <dst id="3">2121.7511</dst>
      <dst id="10">3840.3289</dst>
      <dst id="22">2186.2756</dst>
      <dst id="7">841.7244</dst>
      <dst id="2">9470.0178</dst>
      <dst id="6">120.9956</dst>
      <dst id="16">5872.4178</dst>
      <dst id="14">318.9511</dst>
      <dst id="20">296.4622</dst>
      <dst id="11">137.6622</dst>
      <dst id="9">610.7733</dst>
      <dst id="17">29231.1289</dst>
      <dst id="21">9408.5689</dst>
      <dst id="15">299.9200</dst>
    </src>
    <src id="2">
      <dst id="12">141074.9244</dst>
      <dst id="13">7883.8044</dst>
      <dst id="19">1240.4800</dst>
      <dst id="23">42.9511</dst>
      <dst id="8">779.8844</dst>
      <dst id="18">92760.2844</dst>
      <dst id="4">17869.2533</dst>
      <dst id="1">28475.6444</dst>
      <dst id="5">636.7644</dst>
      <dst id="3">480.7289</dst>
      <dst id="10">1183.1200</dst>
      <dst id="22">971.3689</dst>
      <dst id="7">18733.4133</dst>
      <dst id="2">1736.7644</dst>
      <dst id="6">80426.8089</dst>
      <dst id="16">1367.7156</dst>
      <dst id="14">446.3822</dst>
      <dst id="20">2927.5556</dst>
      <dst id="11">543.7156</dst>
      <dst id="9">4203.7244</dst>
      <dst id="17">32102.0978</dst>
      <dst id="21">5332.1244</dst>
      <dst id="15">2165.0400</dst>
    </src>
    <src id="6">
      <dst id="12">2790.6844</dst>
      <dst id="13">64.3200</dst>
      <dst id="19">75.7867</dst>
      <dst id="23">1.0667</dst>
      <dst id="8">11.4667</dst>
      <dst id="18">23.4756</dst>
      <dst id="4">167.1556</dst>
      <dst id="1">447.1733</dst>
      <dst id="5">0.3556</dst>
      <dst id="3">35.6711</dst>
      <dst id="10">3.9289</dst>
      <dst id="22">77.6444</dst>
      <dst id="7">319.7600</dst>
      <dst id="2">2085.8400</dst>
      <dst id="16">2506.1333</dst>
      <dst id="20">0.3378</dst>
      <dst id="11">12.1778</dst>
      <dst id="9">618.7378</dst>
      <dst id="17">19041.7422</dst>
      <dst id="21">39.0400</dst>
      <dst id="15">11.4667</dst>
    </src>
    <src id="16">
      <dst id="12">268508.2222</dst>
      <dst id="13">1305.0933</dst>
      <dst id="19">2760.4800</dst>
      <dst id="23">41.4756</dst>
      <dst id="8">233170.6222</dst>
      <dst id="18">206.8800</dst>
      <dst id="4">4130.5778</dst>
      <dst id="1">9059.2267</dst>
      <dst id="5">314304.1067</dst>
      <dst id="3">21339.5911</dst>
      <dst id="10">525.3511</dst>
      <dst id="7">1958.3911</dst>
      <dst id="2">1313.7867</dst>
      <dst id="6">49.0400</dst>
      <dst id="16">299.2889</dst>
      <dst id="14">83631.6622</dst>
      <dst id="11">48258.6756</dst>
      <dst id="9">394961.8844</dst>
      <dst id="17">43824.1422</dst>
      <dst id="21">2837.9289</dst>
    </src>
    <src id="14">
      <dst id="12">4062.3111</dst>
      <dst id="13">89.4311</dst>
      <dst id="19">24.2756</dst>
      <dst id="23">14.3911</dst>
      <dst id="4">627.4222</dst>
      <dst id="1">367.7244</dst>
      <dst id="5">22.7022</dst>
      <dst id="3">223.3867</dst>
      <dst id="10">46.6222</dst>
      <dst id="22">0.3556</dst>
      <dst id="7">147.6622</dst>
      <dst id="2">1543.4667</dst>
      <dst id="16">5962.5244</dst>
      <dst id="20">23.7067</dst>
      <dst id="9">977.7600</dst>
      <dst id="17">32524.2133</dst>
      <dst id="21">227.4044</dst>
      <dst id="15">0.4622</dst>
    </src>
    <src id="20">
      <dst id="12">7940.8889</dst>
      <dst id="13">2445.2978</dst>
      <dst id="19">171.8489</dst>
      <dst id="23">32.4444</dst>
      <dst id="8">111.3600</dst>
      <dst id="18">468.7556</dst>
      <dst id="4">1023.5733</dst>
      <dst id="1">2057.9378</dst>
      <dst id="5">199.6800</dst>
      <dst id="3">84.3644</dst>
      <dst id="10">77.9822</dst>
      <dst id="7">205.3867</dst>
      <dst id="2">8660.5244</dst>
      <dst id="14">19.7778</dst>
      <dst id="20">64.5422</dst>
      <dst id="11">0.3556</dst>
      <dst id="9">1706.5600</dst>
      <dst id="17">7912.0800</dst>
      <dst id="21">201.7333</dst>
    </src>
    <src id="11">
      <dst id="12">50135.4933</dst>
      <dst id="13">1451.7511</dst>
      <dst id="19">103.3333</dst>
      <dst id="23">3.5556</dst>
      <dst id="8">1680.9778</dst>
      <dst id="18">178.7556</dst>
      <dst id="4">2234.9156</dst>
      <dst id="1">5391.0222</dst>
      <dst id="5">2410.3111</dst>
      <dst id="3">159.8844</dst>
      <dst id="10">7879.4756</dst>
      <dst id="22">4963.7689</dst>
      <dst id="7">727.6000</dst>
      <dst id="2">52462.7200</dst>
      <dst id="6">15.4844</dst>
      <dst id="16">103653.1200</dst>
      <dst id="14">383.2444</dst>
      <dst id="20">170.9244</dst>
      <dst id="11">3993.9644</dst>
      <dst id="9">48744.9244</dst>
      <dst id="17">580197.1200</dst>
      <dst id="21">2037.5733</dst>
      <dst id="15">78.0178</dst>
    </src>
    <src id="9">
      <dst id="12">42683.7067</dst>
      <dst id="13">420.3911</dst>
      <dst id="19">1530.1511</dst>
      <dst id="23">67.8578</dst>
      <dst id="8">172955.5022</dst>
      <dst id="18">95.9378</dst>
      <dst id="4">3246.8978</dst>
      <dst id="1">9641.5822</dst>
      <dst id="5">823.4844</dst>
      <dst id="3">380.2844</dst>
      <dst id="10">238.6667</dst>
      <dst id="22">1898.8356</dst>
      <dst id="7">2049.8489</dst>
      <dst id="2">1569.5733</dst>
      <dst id="6">12.0622</dst>
      <dst id="16">139376.8622</dst>
      <dst id="14">99.0311</dst>
      <dst id="11">2.6400</dst>
      <dst id="9">351250.6844</dst>
      <dst id="17">401397.2800</dst>
      <dst id="21">8.7111</dst>
      <dst id="15">8669.3867</dst>
    </src>
    <src id="17">
      <dst id="12">223988.4533</dst>
      <dst id="13">16357.9200</dst>
      <dst id="19">4868.9333</dst>
      <dst id="23">2486.9333</dst>
      <dst id="8">2054.0178</dst>
      <dst id="18">443.3689</dst>
      <dst id="4">29232.5422</dst>
      <dst id="1">17893.9733</dst>
      <dst id="5">178188.3644</dst>
      <dst id="3">8815.2711</dst>
      <dst id="10">6486.6667</dst>
      <dst id="22">7089.1378</dst>
      <dst id="7">32480.0800</dst>
      <dst id="2">14819.5200</dst>
      <dst id="6">309.1644</dst>
      <dst id="16">10759.5556</dst>
      <dst id="14">31071.4133</dst>
      <dst id="20">5577.0400</dst>
      <dst id="11">25916.6489</dst>
      <dst id="9">3918.6756</dst>
      <dst id="17">50500.7733</dst>
      <dst id="21">33922.5778</dst>
      <dst id="15">1089.4489</dst>
    </src>
    <src id="21">
      <dst id="12">7758.0444</dst>
      <dst id="13">4549.2978</dst>
      <dst id="19">1463.6533</dst>
      <dst id="23">259.2178</dst>
      <dst id="8">254.2133</dst>
      <dst id="18">1229.2889</dst>
      <dst id="4">4313.1556</dst>
      <dst id="1">7019.2978</dst>
      <dst id="5">826.4978</dst>
      <dst id="3">4601.6000</dst>
      <dst id="10">405.6533</dst>
      <dst id="22">585.4489</dst>
      <dst id="7">2422.6133</dst>
      <dst id="2">13597.9200</dst>
      <dst id="6">320.9600</dst>
      <dst id="16">2690.2578</dst>
      <dst id="14">696.7467</dst>
      <dst id="20">2595.8667</dst>
      <dst id="11">208.9600</dst>
      <dst id="9">892.6756</dst>
      <dst id="17">36126.6844</dst>
      <dst id="21">1971.4400</dst>
      <dst id="15">41.6711</dst>
    </src>
    <src id="15">
      <dst id="12">1406.9244</dst>
      <dst id="13">3722.0533</dst>
      <dst id="19">0.5511</dst>
      <dst id="23">1.2622</dst>
      <dst id="8">30.3022</dst>
      <dst id="18">10.1333</dst>
      <dst id="4">3642.3378</dst>
      <dst id="1">92.8622</dst>
      <dst id="5">282.9600</dst>
      <dst id="3">5164.8178</dst>
      <dst id="10">134.7556</dst>
      <dst id="7">150.8267</dst>
      <dst id="2">86.9511</dst>
      <dst id="6">0.9867</dst>
      <dst id="16">27.0844</dst>
      <dst id="14">0.8622</dst>
      <dst id="11">62.1156</dst>
      <dst id="9">1118.5333</dst>
      <dst id="17">737.4844</dst>
    </src>
  </IntraTM>
</TrafficMatrixFile>
