<?xml version="1.0" encoding="UTF-8" standalone="yes"?>
<TrafficMatrixFile xmlns:xsi="http://www.w3.org/2001/XMLSchema-instance" xsi:noNamespaceSchemaLocation="http://totem.run.montefiore.ulg.ac.be/Schema/TrafficMatrix-v1_2.xsd">
  <info>
    <title>Intradomain traffic matrix generated by geant-TM-all.pl</title>
    <date>2005-04-19T07:30:00</date>
    <duration>900</duration>
    <author>Steve Uhlig</author>
    <units>
        <unit type="bandwidth" value="kbps"/>
    </units>
  </info>
  <IntraTM ASID="20965">
    <src id="12">
      <dst id="12">346226.2667</dst>
      <dst id="13">31794.5689</dst>
      <dst id="19">1946.4000</dst>
      <dst id="23">2215.2444</dst>
      <dst id="8">300.8178</dst>
      <dst id="18">32241.4667</dst>
      <dst id="4">4978.5156</dst>
      <dst id="1">16523.0133</dst>
      <dst id="5">2925.4844</dst>
      <dst id="3">205.8933</dst>
      <dst id="10">4456.0444</dst>
      <dst id="22">522.4000</dst>
      <dst id="7">599.0933</dst>
      <dst id="2">10544.0178</dst>
      <dst id="16">8325.1378</dst>
      <dst id="14">251.5200</dst>
      <dst id="20">2461.6178</dst>
      <dst id="11">196.4889</dst>
      <dst id="9">24961.9556</dst>
      <dst id="17">40781.7689</dst>
      <dst id="21">1568.5600</dst>
      <dst id="15">3477.8044</dst>
    </src>
    <src id="13">
      <dst id="12">11685.7511</dst>
      <dst id="13">359.2267</dst>
      <dst id="19">8989.7511</dst>
      <dst id="23">69.5289</dst>
      <dst id="8">340.5511</dst>
      <dst id="18">1334.7556</dst>
      <dst id="1">11551.0578</dst>
      <dst id="5">17235.3067</dst>
      <dst id="3">22.8089</dst>
      <dst id="22">42.0978</dst>
      <dst id="7">62.8089</dst>
      <dst id="2">40536.8800</dst>
      <dst id="16">1804.4622</dst>
      <dst id="14">58.5333</dst>
      <dst id="20">689.3244</dst>
      <dst id="11">1100.3378</dst>
      <dst id="9">2276.2578</dst>
      <dst id="17">13861.9200</dst>
      <dst id="21">5574.1067</dst>
      <dst id="15">9671.0756</dst>
    </src>
    <src id="19">
      <dst id="12">55493.4844</dst>
      <dst id="13">1409.9822</dst>
      <dst id="23">0.6044</dst>
      <dst id="8">2.1956</dst>
      <dst id="4">132.1422</dst>
      <dst id="1">166.7200</dst>
      <dst id="10">9.4933</dst>
      <dst id="22">0.6222</dst>
      <dst id="7">382.8267</dst>
      <dst id="2">71.1644</dst>
      <dst id="16">32.5867</dst>
      <dst id="14">5.1556</dst>
      <dst id="20">3.2356</dst>
      <dst id="11">0.4622</dst>
      <dst id="9">16.2844</dst>
      <dst id="17">2191.7422</dst>
      <dst id="21">600.8356</dst>
      <dst id="15">0.3556</dst>
    </src>
    <src id="23">
      <dst id="12">6393.1467</dst>
      <dst id="13">206.8267</dst>
      <dst id="19">1.9556</dst>
      <dst id="4">190.1600</dst>
      <dst id="1">338.6844</dst>
      <dst id="5">106.6933</dst>
      <dst id="10">44.0800</dst>
      <dst id="7">42.2578</dst>
      <dst id="2">13.3333</dst>
      <dst id="14">28.1867</dst>
      <dst id="20">39.7511</dst>
      <dst id="11">26.6133</dst>
      <dst id="9">120.9511</dst>
      <dst id="17">1222.5867</dst>
      <dst id="21">61.0133</dst>
      <dst id="15">13.3333</dst>
    </src>
    <src id="8">
      <dst id="12">12477.3600</dst>
      <dst id="13">347.1644</dst>
      <dst id="19">2.0089</dst>
      <dst id="18">1.5644</dst>
      <dst id="4">158.0800</dst>
      <dst id="1">1293.7067</dst>
      <dst id="5">1178.1422</dst>
      <dst id="3">219.9378</dst>
      <dst id="10">32.2667</dst>
      <dst id="2">22.5067</dst>
      <dst id="16">273167.9111</dst>
      <dst id="11">25.5644</dst>
      <dst id="9">65385.1467</dst>
      <dst id="17">18302.1156</dst>
      <dst id="21">11.1111</dst>
      <dst id="15">0.6311</dst>
    </src>
    <src id="18">
      <dst id="12">126197.4489</dst>
      <dst id="13">303.0044</dst>
      <dst id="19">13.3333</dst>
      <dst id="8">30.4533</dst>
      <dst id="4">176.3022</dst>
      <dst id="1">7071.6889</dst>
      <dst id="5">967.3778</dst>
      <dst id="3">2177.6267</dst>
      <dst id="10">16.2044</dst>
      <dst id="7">131.6533</dst>
      <dst id="2">9014.4178</dst>
      <dst id="16">267.2711</dst>
      <dst id="20">39.6889</dst>
      <dst id="11">0.3378</dst>
      <dst id="9">9860.3111</dst>
      <dst id="17">2750.2311</dst>
      <dst id="21">65.2533</dst>
      <dst id="15">0.8178</dst>
    </src>
    <src id="4">
      <dst id="12">15085.1200</dst>
      <dst id="13">5.1644</dst>
      <dst id="19">4770.9067</dst>
      <dst id="23">659.2622</dst>
      <dst id="8">3594.1600</dst>
      <dst id="18">3427.0400</dst>
      <dst id="4">3768.2756</dst>
      <dst id="1">114034.0000</dst>
      <dst id="5">7372.7644</dst>
      <dst id="3">1.5822</dst>
      <dst id="7">754.9600</dst>
      <dst id="2">129232.2756</dst>
      <dst id="6">120.0000</dst>
      <dst id="16">54408.8533</dst>
      <dst id="14">1406.8089</dst>
      <dst id="11">331.8489</dst>
      <dst id="9">17380.6311</dst>
      <dst id="17">49602.6756</dst>
      <dst id="21">3987.2800</dst>
      <dst id="15">724.2489</dst>
    </src>
    <src id="1">
      <dst id="12">1945.2978</dst>
      <dst id="13">12399.0933</dst>
      <dst id="19">103.3867</dst>
      <dst id="23">94.3289</dst>
      <dst id="8">20.4800</dst>
      <dst id="18">46.1422</dst>
      <dst id="4">1153.4311</dst>
      <dst id="1">12491.0578</dst>
      <dst id="5">101.0933</dst>
      <dst id="3">171.9022</dst>
      <dst id="10">1868.7200</dst>
      <dst id="7">1520.6222</dst>
      <dst id="2">13274.6311</dst>
      <dst id="16">9706.6933</dst>
      <dst id="14">48.7467</dst>
      <dst id="20">104.4889</dst>
      <dst id="11">2231.0400</dst>
      <dst id="9">6226.4978</dst>
      <dst id="17">20149.0756</dst>
      <dst id="21">856.1422</dst>
      <dst id="15">139.2711</dst>
    </src>
    <src id="5">
      <dst id="12">18112.9956</dst>
      <dst id="13">2127.8756</dst>
      <dst id="23">5.7422</dst>
      <dst id="8">457.1378</dst>
      <dst id="18">175.6533</dst>
      <dst id="4">921.0844</dst>
      <dst id="1">39259.1556</dst>
      <dst id="3">737.0756</dst>
      <dst id="10">2636.8000</dst>
      <dst id="2">112.6044</dst>
      <dst id="16">312376.9689</dst>
      <dst id="11">0.8889</dst>
      <dst id="9">49933.1111</dst>
      <dst id="17">22518.8444</dst>
      <dst id="21">64.7822</dst>
      <dst id="15">13.8756</dst>
    </src>
    <src id="3">
      <dst id="12">11983.3333</dst>
      <dst id="13">47034.6044</dst>
      <dst id="19">5584.1600</dst>
      <dst id="23">32.1689</dst>
      <dst id="8">3.5733</dst>
      <dst id="18">5.1200</dst>
      <dst id="4">545.6444</dst>
      <dst id="1">6966.8267</dst>
      <dst id="5">182.1511</dst>
      <dst id="3">956.9156</dst>
      <dst id="10">346.4800</dst>
      <dst id="7">37034.2667</dst>
      <dst id="2">3714.8267</dst>
      <dst id="16">10084.6133</dst>
      <dst id="14">176.0622</dst>
      <dst id="20">37.3956</dst>
      <dst id="11">258.6400</dst>
      <dst id="9">2818.3022</dst>
      <dst id="17">38026.6756</dst>
      <dst id="21">1303.3867</dst>
      <dst id="15">13.9289</dst>
    </src>
    <src id="10">
      <dst id="12">1236.2044</dst>
      <dst id="13">4.5689</dst>
      <dst id="19">250.5600</dst>
      <dst id="23">124.2400</dst>
      <dst id="8">651.4756</dst>
      <dst id="18">4475.5556</dst>
      <dst id="1">562.2400</dst>
      <dst id="5">1586.8711</dst>
      <dst id="3">60.0978</dst>
      <dst id="7">0.7644</dst>
      <dst id="2">35935.3956</dst>
      <dst id="16">23832.6933</dst>
      <dst id="14">179.6978</dst>
      <dst id="20">2253.0133</dst>
      <dst id="11">1.1467</dst>
      <dst id="9">5155.6444</dst>
      <dst id="17">29981.5467</dst>
      <dst id="21">1056.8622</dst>
      <dst id="15">59.6533</dst>
    </src>
    <src id="22">
      <dst id="12">6748.3289</dst>
      <dst id="13">4626.2222</dst>
      <dst id="19">74.0889</dst>
      <dst id="23">1698.1422</dst>
      <dst id="8">115.4667</dst>
      <dst id="18">52.8000</dst>
      <dst id="4">944.5956</dst>
      <dst id="1">269.0311</dst>
      <dst id="5">689.0133</dst>
      <dst id="10">268.8267</dst>
      <dst id="7">292.4356</dst>
      <dst id="2">3569.4222</dst>
      <dst id="16">225.8222</dst>
      <dst id="14">20.1778</dst>
      <dst id="11">40.1067</dst>
      <dst id="9">956.6311</dst>
      <dst id="17">7239.7422</dst>
      <dst id="21">72.0178</dst>
    </src>
    <src id="7">
      <dst id="12">5731.0044</dst>
      <dst id="13">10034.5244</dst>
      <dst id="19">107.5111</dst>
      <dst id="23">21.4133</dst>
      <dst id="8">277.5200</dst>
      <dst id="18">0.7111</dst>
      <dst id="4">276.4178</dst>
      <dst id="1">1315.0222</dst>
      <dst id="5">136.6756</dst>
      <dst id="3">150.5333</dst>
      <dst id="10">167.8044</dst>
      <dst id="22">4.8178</dst>
      <dst id="7">20.1600</dst>
      <dst id="2">7937.1733</dst>
      <dst id="16">27.0222</dst>
      <dst id="14">398.5689</dst>
      <dst id="20">90.0889</dst>
      <dst id="11">54.1867</dst>
      <dst id="9">106.6044</dst>
      <dst id="17">758.8000</dst>
      <dst id="21">34629.3778</dst>
      <dst id="15">0.5600</dst>
    </src>
    <src id="2">
      <dst id="12">74106.6400</dst>
      <dst id="13">52651.3867</dst>
      <dst id="19">660.4978</dst>
      <dst id="8">77.2889</dst>
      <dst id="18">18984.7911</dst>
      <dst id="4">2583.7422</dst>
      <dst id="1">27740.7467</dst>
      <dst id="5">1850.9956</dst>
      <dst id="3">37.3244</dst>
      <dst id="10">2869.3778</dst>
      <dst id="22">92.0800</dst>
      <dst id="7">3133.7067</dst>
      <dst id="2">960.9778</dst>
      <dst id="6">0.6933</dst>
      <dst id="16">52.4267</dst>
      <dst id="14">365.8756</dst>
      <dst id="20">239.4844</dst>
      <dst id="11">607.4400</dst>
      <dst id="9">3161.9644</dst>
      <dst id="17">17797.4489</dst>
      <dst id="21">968.5422</dst>
      <dst id="15">1766.9867</dst>
    </src>
    <src id="6">
      <dst id="12">692.2311</dst>
      <dst id="13">53.4578</dst>
      <dst id="19">5.8311</dst>
      <dst id="8">0.4622</dst>
      <dst id="1">839.0489</dst>
      <dst id="5">0.7111</dst>
      <dst id="3">2.7556</dst>
      <dst id="10">0.6578</dst>
      <dst id="2">460.0178</dst>
      <dst id="16">1.1733</dst>
      <dst id="9">2408.5956</dst>
      <dst id="17">27640.0000</dst>
      <dst id="21">3.1733</dst>
      <dst id="15">1.0667</dst>
    </src>
    <src id="16">
      <dst id="12">98311.3244</dst>
      <dst id="13">1061.9556</dst>
      <dst id="19">5947.6711</dst>
      <dst id="23">14.3467</dst>
      <dst id="8">84392.2933</dst>
      <dst id="18">14.9067</dst>
      <dst id="4">142.1867</dst>
      <dst id="1">32628.0978</dst>
      <dst id="5">226040.9244</dst>
      <dst id="3">1965.3689</dst>
      <dst id="10">267.0311</dst>
      <dst id="2">221.3244</dst>
      <dst id="16">15059.2178</dst>
      <dst id="14">36752.0978</dst>
      <dst id="11">13178.8711</dst>
      <dst id="9">152872.9244</dst>
      <dst id="17">3849.5022</dst>
      <dst id="21">27.5911</dst>
    </src>
    <src id="14">
      <dst id="12">711.3511</dst>
      <dst id="13">89.3600</dst>
      <dst id="19">14.7022</dst>
      <dst id="23">0.4622</dst>
      <dst id="4">72.9156</dst>
      <dst id="1">1591.8311</dst>
      <dst id="5">1.5289</dst>
      <dst id="3">553.5822</dst>
      <dst id="10">76.4711</dst>
      <dst id="7">40.5067</dst>
      <dst id="2">112.7644</dst>
      <dst id="16">1242.6756</dst>
      <dst id="20">1.2800</dst>
      <dst id="11">26.1689</dst>
      <dst id="9">846.4178</dst>
      <dst id="17">20794.3556</dst>
      <dst id="21">120.0800</dst>
    </src>
    <src id="20">
      <dst id="12">48.0800</dst>
      <dst id="13">14956.2844</dst>
      <dst id="19">12.8178</dst>
      <dst id="8">46.8711</dst>
      <dst id="18">1.7689</dst>
      <dst id="4">212.9511</dst>
      <dst id="1">63.2800</dst>
      <dst id="5">617.9378</dst>
      <dst id="3">37.7956</dst>
      <dst id="10">3997.3689</dst>
      <dst id="22">0.3556</dst>
      <dst id="7">260.9244</dst>
      <dst id="2">209.6356</dst>
      <dst id="16">3944.6044</dst>
      <dst id="14">4.9067</dst>
      <dst id="20">31.4578</dst>
      <dst id="11">33.7600</dst>
      <dst id="9">2110.4978</dst>
      <dst id="17">283.4756</dst>
      <dst id="21">79.9200</dst>
    </src>
    <src id="11">
      <dst id="12">28705.1733</dst>
      <dst id="13">1570.9511</dst>
      <dst id="19">19.3067</dst>
      <dst id="23">159.4489</dst>
      <dst id="8">399.8311</dst>
      <dst id="18">57.5644</dst>
      <dst id="4">611.7244</dst>
      <dst id="1">35999.7067</dst>
      <dst id="5">5651.2267</dst>
      <dst id="3">372.1067</dst>
      <dst id="10">727.9111</dst>
      <dst id="2">3102.0533</dst>
      <dst id="16">7928.9422</dst>
      <dst id="14">63.9644</dst>
      <dst id="20">100.3467</dst>
      <dst id="11">1001.8311</dst>
      <dst id="9">42458.5067</dst>
      <dst id="17">483604.5600</dst>
      <dst id="21">256.2844</dst>
      <dst id="15">85.1644</dst>
    </src>
    <src id="9">
      <dst id="12">17903.9556</dst>
      <dst id="13">1490.5333</dst>
      <dst id="19">14.4711</dst>
      <dst id="23">3.5911</dst>
      <dst id="8">69745.9378</dst>
      <dst id="18">3.8044</dst>
      <dst id="4">377.1644</dst>
      <dst id="1">5242.7022</dst>
      <dst id="5">548.7733</dst>
      <dst id="3">1579.5467</dst>
      <dst id="10">206.7022</dst>
      <dst id="2">289.9378</dst>
      <dst id="16">440888.3644</dst>
      <dst id="14">36.4356</dst>
      <dst id="11">150.1867</dst>
      <dst id="9">213100.5067</dst>
      <dst id="17">33593.1644</dst>
      <dst id="21">525.9733</dst>
      <dst id="15">123.2000</dst>
    </src>
    <src id="17">
      <dst id="12">61737.3600</dst>
      <dst id="13">31735.0489</dst>
      <dst id="19">1776.3556</dst>
      <dst id="23">587.1822</dst>
      <dst id="8">451.3511</dst>
      <dst id="18">1836.7467</dst>
      <dst id="4">2528.7467</dst>
      <dst id="1">13540.9422</dst>
      <dst id="5">147061.4844</dst>
      <dst id="3">2666.1067</dst>
      <dst id="10">5719.1022</dst>
      <dst id="7">706.1511</dst>
      <dst id="2">5294.9244</dst>
      <dst id="16">46209.5022</dst>
      <dst id="14">13263.3156</dst>
      <dst id="20">1853.2533</dst>
      <dst id="11">15672.6222</dst>
      <dst id="9">4397.9467</dst>
      <dst id="17">37458.4889</dst>
      <dst id="21">2071.8489</dst>
      <dst id="15">695.9644</dst>
    </src>
    <src id="21">
      <dst id="12">929.7689</dst>
      <dst id="13">6294.5511</dst>
      <dst id="19">299.7156</dst>
      <dst id="23">1.8489</dst>
      <dst id="8">25.2800</dst>
      <dst id="18">1060.9956</dst>
      <dst id="4">380.3644</dst>
      <dst id="1">3227.9111</dst>
      <dst id="5">941.3689</dst>
      <dst id="3">569.5911</dst>
      <dst id="10">3036.9867</dst>
      <dst id="7">8656.0356</dst>
      <dst id="2">627.1200</dst>
      <dst id="16">3231.6000</dst>
      <dst id="14">138.5156</dst>
      <dst id="20">10.2756</dst>
      <dst id="11">104.7289</dst>
      <dst id="9">1859.6622</dst>
      <dst id="17">17473.9733</dst>
      <dst id="21">648.8711</dst>
      <dst id="15">9.7778</dst>
    </src>
    <src id="15">
      <dst id="12">740.9689</dst>
      <dst id="13">276.5778</dst>
      <dst id="19">0.3378</dst>
      <dst id="23">0.4622</dst>
      <dst id="18">1.2089</dst>
      <dst id="4">8.7556</dst>
      <dst id="1">72.6311</dst>
      <dst id="5">516.5511</dst>
      <dst id="10">272.4800</dst>
      <dst id="2">47.4133</dst>
      <dst id="16">1154.5867</dst>
      <dst id="14">13.3333</dst>
      <dst id="11">13.6978</dst>
      <dst id="9">1338.3644</dst>
      <dst id="17">430.8978</dst>
      <dst id="21">1.0133</dst>
    </src>
  </IntraTM>
</TrafficMatrixFile>
