<?xml version="1.0" encoding="UTF-8" standalone="yes"?>
<TrafficMatrixFile xmlns:xsi="http://www.w3.org/2001/XMLSchema-instance" xsi:noNamespaceSchemaLocation="http://totem.run.montefiore.ulg.ac.be/Schema/TrafficMatrix-v1_2.xsd">
  <info>
    <title>Intradomain traffic matrix generated by geant-TM-all.pl</title>
    <date>2005-01-25T04:00:00</date>
    <duration>900</duration>
    <author>Steve Uhlig</author>
    <units>
        <unit type="bandwidth" value="kbps"/>
    </units>
  </info>
  <IntraTM ASID="20965">
    <src id="12">
      <dst id="12">181619.4667</dst>
      <dst id="13">34552.6222</dst>
      <dst id="19">475.5733</dst>
      <dst id="23">3987.1022</dst>
      <dst id="8">354.0178</dst>
      <dst id="18">80392.6578</dst>
      <dst id="4">50284.2222</dst>
      <dst id="1">9373.0133</dst>
      <dst id="5">3022.7467</dst>
      <dst id="3">9689.8933</dst>
      <dst id="10">5150.1867</dst>
      <dst id="22">19756.0178</dst>
      <dst id="7">8089.1911</dst>
      <dst id="2">44195.8667</dst>
      <dst id="16">11447.0133</dst>
      <dst id="14">605.7867</dst>
      <dst id="20">7093.4756</dst>
      <dst id="11">934.6933</dst>
      <dst id="9">3526.2756</dst>
      <dst id="17">20772.0533</dst>
      <dst id="21">4042.6844</dst>
      <dst id="15">2288.3022</dst>
    </src>
    <src id="13">
      <dst id="12">42341.5822</dst>
      <dst id="19">7266.2578</dst>
      <dst id="23">1307.6711</dst>
      <dst id="8">1514.8000</dst>
      <dst id="18">4913.1556</dst>
      <dst id="1">7394.2222</dst>
      <dst id="5">12204.0889</dst>
      <dst id="3">4803.9378</dst>
      <dst id="22">10049.2000</dst>
      <dst id="7">8883.9200</dst>
      <dst id="2">81037.8489</dst>
      <dst id="16">13818.0800</dst>
      <dst id="14">1591.4400</dst>
      <dst id="20">9075.6889</dst>
      <dst id="11">5084.9689</dst>
      <dst id="9">11100.3911</dst>
      <dst id="17">120436.1422</dst>
      <dst id="21">35307.5911</dst>
      <dst id="15">2462.7378</dst>
    </src>
    <src id="19">
      <dst id="12">10912.0089</dst>
      <dst id="13">490.2578</dst>
      <dst id="8">12.4622</dst>
      <dst id="18">22.4533</dst>
      <dst id="4">15492.2311</dst>
      <dst id="1">9.7333</dst>
      <dst id="5">116.0000</dst>
      <dst id="3">808.6222</dst>
      <dst id="10">74.4978</dst>
      <dst id="22">2559.5022</dst>
      <dst id="7">4135.6800</dst>
      <dst id="2">21184.7911</dst>
      <dst id="16">15027.3156</dst>
      <dst id="14">25.2622</dst>
      <dst id="20">5364.0444</dst>
      <dst id="11">20.2489</dst>
      <dst id="9">233.6711</dst>
      <dst id="17">1061.3156</dst>
      <dst id="21">501.4578</dst>
      <dst id="15">10.9156</dst>
    </src>
    <src id="23">
      <dst id="12">154.0000</dst>
      <dst id="13">65.9822</dst>
      <dst id="19">13.9022</dst>
      <dst id="8">0.4978</dst>
      <dst id="1">6.2578</dst>
      <dst id="5">26.6667</dst>
      <dst id="3">5.3689</dst>
      <dst id="22">574.1956</dst>
      <dst id="7">20.2667</dst>
      <dst id="2">134.7644</dst>
      <dst id="16">14.5956</dst>
      <dst id="14">0.6311</dst>
      <dst id="20">174.7200</dst>
      <dst id="11">53.1556</dst>
      <dst id="9">52.9067</dst>
      <dst id="17">86.5600</dst>
      <dst id="21">0.8178</dst>
      <dst id="15">208.9244</dst>
    </src>
    <src id="8">
      <dst id="12">2147.1644</dst>
      <dst id="13">11227.9733</dst>
      <dst id="19">9.2089</dst>
      <dst id="23">6.9156</dst>
      <dst id="18">409.7244</dst>
      <dst id="4">1648.7111</dst>
      <dst id="1">2732.2667</dst>
      <dst id="5">929.2711</dst>
      <dst id="3">9.5733</dst>
      <dst id="10">91.5822</dst>
      <dst id="22">320.9778</dst>
      <dst id="7">263.4489</dst>
      <dst id="2">392.6933</dst>
      <dst id="16">424.3200</dst>
      <dst id="14">126.1867</dst>
      <dst id="20">23.7600</dst>
      <dst id="11">90.1956</dst>
      <dst id="9">136213.6267</dst>
      <dst id="17">260055.4844</dst>
      <dst id="21">81.5022</dst>
      <dst id="15">55.2533</dst>
    </src>
    <src id="18">
      <dst id="12">173181.2533</dst>
      <dst id="13">728.8356</dst>
      <dst id="19">20.6222</dst>
      <dst id="23">1.0489</dst>
      <dst id="8">10.6311</dst>
      <dst id="4">1675.0844</dst>
      <dst id="1">646.8000</dst>
      <dst id="5">111.6178</dst>
      <dst id="3">2044.3378</dst>
      <dst id="10">74.5156</dst>
      <dst id="22">67.7867</dst>
      <dst id="7">212.7556</dst>
      <dst id="2">49106.1867</dst>
      <dst id="16">29.1289</dst>
      <dst id="14">0.4267</dst>
      <dst id="20">0.4000</dst>
      <dst id="11">852.2756</dst>
      <dst id="9">196.5778</dst>
      <dst id="17">13523.0844</dst>
      <dst id="21">449.8400</dst>
      <dst id="15">29.0489</dst>
    </src>
    <src id="4">
      <dst id="12">9042.4622</dst>
      <dst id="19">5434.5689</dst>
      <dst id="8">1542.2667</dst>
      <dst id="18">3167.0044</dst>
      <dst id="4">3.6178</dst>
      <dst id="1">1064.6044</dst>
      <dst id="5">1299.6711</dst>
      <dst id="3">33766.0711</dst>
      <dst id="22">2975.6000</dst>
      <dst id="7">75055.6178</dst>
      <dst id="2">33778.9333</dst>
      <dst id="16">936.0800</dst>
      <dst id="14">707.6711</dst>
      <dst id="20">338.9956</dst>
      <dst id="11">1345.3422</dst>
      <dst id="9">1406.6578</dst>
      <dst id="17">89894.8356</dst>
      <dst id="21">3412.7022</dst>
      <dst id="15">162.2489</dst>
    </src>
    <src id="1">
      <dst id="12">17441.2711</dst>
      <dst id="13">1258.8622</dst>
      <dst id="19">83.0667</dst>
      <dst id="23">9.6178</dst>
      <dst id="8">24.4800</dst>
      <dst id="18">11492.9511</dst>
      <dst id="4">5160.9600</dst>
      <dst id="1">52.0444</dst>
      <dst id="5">404.8267</dst>
      <dst id="3">8452.9689</dst>
      <dst id="10">40.0089</dst>
      <dst id="22">5631.1822</dst>
      <dst id="7">8880.5156</dst>
      <dst id="2">20252.6933</dst>
      <dst id="16">24626.1867</dst>
      <dst id="14">75.5200</dst>
      <dst id="20">325.3067</dst>
      <dst id="11">740.6222</dst>
      <dst id="9">1029.2622</dst>
      <dst id="17">18802.0889</dst>
      <dst id="21">11610.1689</dst>
      <dst id="15">204.2133</dst>
    </src>
    <src id="5">
      <dst id="12">9229.3511</dst>
      <dst id="13">2865.6178</dst>
      <dst id="19">788.6667</dst>
      <dst id="23">0.8178</dst>
      <dst id="8">4536.7378</dst>
      <dst id="18">369.1467</dst>
      <dst id="4">2814.8000</dst>
      <dst id="1">2128.1333</dst>
      <dst id="3">207.5556</dst>
      <dst id="10">138.3644</dst>
      <dst id="22">6137.4311</dst>
      <dst id="7">183.9111</dst>
      <dst id="2">451.4756</dst>
      <dst id="16">562.0978</dst>
      <dst id="14">1.4933</dst>
      <dst id="20">2060.3467</dst>
      <dst id="11">441.5556</dst>
      <dst id="9">68477.1556</dst>
      <dst id="17">409589.4400</dst>
      <dst id="21">188.7111</dst>
      <dst id="15">1850.7467</dst>
    </src>
    <src id="3">
      <dst id="12">2520.5067</dst>
      <dst id="13">1790.9333</dst>
      <dst id="19">1194.9689</dst>
      <dst id="23">240.0000</dst>
      <dst id="8">155.5733</dst>
      <dst id="18">1266.8978</dst>
      <dst id="4">57848.6667</dst>
      <dst id="1">22760.2133</dst>
      <dst id="5">352.6400</dst>
      <dst id="3">59.8578</dst>
      <dst id="10">3259.3778</dst>
      <dst id="22">1992.4267</dst>
      <dst id="7">17823.1200</dst>
      <dst id="2">46762.0356</dst>
      <dst id="16">1384.7378</dst>
      <dst id="14">100.0889</dst>
      <dst id="20">2543.6800</dst>
      <dst id="11">1013.0756</dst>
      <dst id="9">260.2489</dst>
      <dst id="17">25264.4000</dst>
      <dst id="21">6442.8178</dst>
      <dst id="15">392.6400</dst>
    </src>
    <src id="10">
      <dst id="12">16534.2933</dst>
      <dst id="19">727.5911</dst>
      <dst id="8">82486.4711</dst>
      <dst id="18">395.1378</dst>
      <dst id="1">441.7689</dst>
      <dst id="5">216008.0178</dst>
      <dst id="3">15731.0667</dst>
      <dst id="22">4055.9556</dst>
      <dst id="7">8138.2311</dst>
      <dst id="2">8505.6622</dst>
      <dst id="16">2076.2400</dst>
      <dst id="14">41467.2711</dst>
      <dst id="20">1241.6711</dst>
      <dst id="11">170126.5422</dst>
      <dst id="9">229327.5289</dst>
      <dst id="17">12889.4667</dst>
      <dst id="21">15079.2089</dst>
      <dst id="15">147.4489</dst>
    </src>
    <src id="22">
      <dst id="12">8648.4622</dst>
      <dst id="13">1689.5111</dst>
      <dst id="19">277.6267</dst>
      <dst id="23">27.9111</dst>
      <dst id="8">258.1244</dst>
      <dst id="18">146.9956</dst>
      <dst id="4">8941.9022</dst>
      <dst id="1">198.1600</dst>
      <dst id="5">1803.8933</dst>
      <dst id="3">561.2622</dst>
      <dst id="10">389.1556</dst>
      <dst id="7">1874.1067</dst>
      <dst id="2">2400.1778</dst>
      <dst id="14">86.2933</dst>
      <dst id="11">2699.2444</dst>
      <dst id="9">5706.1244</dst>
      <dst id="17">5735.0311</dst>
      <dst id="21">2673.0489</dst>
    </src>
    <src id="7">
      <dst id="12">3535.3689</dst>
      <dst id="13">329.9111</dst>
      <dst id="19">5452.1422</dst>
      <dst id="23">549.5111</dst>
      <dst id="8">126.2578</dst>
      <dst id="18">717.3244</dst>
      <dst id="4">27228.6844</dst>
      <dst id="1">17159.4933</dst>
      <dst id="5">923.5822</dst>
      <dst id="3">1740.1422</dst>
      <dst id="10">521.4311</dst>
      <dst id="22">2287.9022</dst>
      <dst id="7">6.7200</dst>
      <dst id="2">8058.1867</dst>
      <dst id="16">310.0533</dst>
      <dst id="14">83.0133</dst>
      <dst id="20">300.2933</dst>
      <dst id="11">700.4178</dst>
      <dst id="9">736.6667</dst>
      <dst id="17">7026.4533</dst>
      <dst id="21">15746.8444</dst>
      <dst id="15">127.9733</dst>
    </src>
    <src id="2">
      <dst id="12">73171.7778</dst>
      <dst id="13">13503.2800</dst>
      <dst id="19">565.4578</dst>
      <dst id="8">748.9956</dst>
      <dst id="18">70728.2844</dst>
      <dst id="4">68234.4889</dst>
      <dst id="1">27162.3911</dst>
      <dst id="5">939.8756</dst>
      <dst id="3">2754.1689</dst>
      <dst id="10">4433.7067</dst>
      <dst id="22">3853.9822</dst>
      <dst id="7">12148.8000</dst>
      <dst id="2">1686.0178</dst>
      <dst id="16">885.1911</dst>
      <dst id="14">105.0489</dst>
      <dst id="20">1277.7867</dst>
      <dst id="11">5744.2756</dst>
      <dst id="9">2395.6889</dst>
      <dst id="17">30551.5733</dst>
      <dst id="21">4187.8489</dst>
      <dst id="15">890.5333</dst>
    </src>
    <src id="6">
      <dst id="12">11.3956</dst>
      <dst id="13">5.0756</dst>
      <dst id="19">22.4622</dst>
      <dst id="8">14.7911</dst>
      <dst id="18">0.4978</dst>
      <dst id="4">1.0489</dst>
      <dst id="1">34.8178</dst>
      <dst id="5">41.2444</dst>
      <dst id="3">4.7289</dst>
      <dst id="10">1.9822</dst>
      <dst id="22">27.0044</dst>
      <dst id="7">59.5111</dst>
      <dst id="2">3094.1333</dst>
      <dst id="16">6.9333</dst>
      <dst id="20">10.5956</dst>
      <dst id="11">1.1378</dst>
      <dst id="9">0.3644</dst>
      <dst id="17">12922.1689</dst>
      <dst id="21">2.4622</dst>
      <dst id="15">1.1556</dst>
    </src>
    <src id="16">
      <dst id="12">4380.7733</dst>
      <dst id="13">324.9511</dst>
      <dst id="19">4370.4444</dst>
      <dst id="23">0.3556</dst>
      <dst id="8">4431.2267</dst>
      <dst id="18">6.0089</dst>
      <dst id="4">2134.4444</dst>
      <dst id="1">9817.7244</dst>
      <dst id="5">3515.7867</dst>
      <dst id="3">169.5644</dst>
      <dst id="10">176.4533</dst>
      <dst id="22">1.2622</dst>
      <dst id="7">2095.1644</dst>
      <dst id="2">723.7778</dst>
      <dst id="16">37.9200</dst>
      <dst id="14">52.3556</dst>
      <dst id="11">3593.6178</dst>
      <dst id="9">10988.3556</dst>
      <dst id="17">1705.9733</dst>
      <dst id="21">71.5467</dst>
    </src>
    <src id="14">
      <dst id="12">461.2000</dst>
      <dst id="13">67.8400</dst>
      <dst id="19">70.0889</dst>
      <dst id="23">0.3556</dst>
      <dst id="8">3.7867</dst>
      <dst id="18">0.3556</dst>
      <dst id="4">1568.1867</dst>
      <dst id="1">703.4667</dst>
      <dst id="5">17.7956</dst>
      <dst id="3">501.6889</dst>
      <dst id="10">140.7822</dst>
      <dst id="22">7.3867</dst>
      <dst id="7">121.5022</dst>
      <dst id="2">6043.8044</dst>
      <dst id="16">24.8356</dst>
      <dst id="20">13.0311</dst>
      <dst id="11">129.7156</dst>
      <dst id="9">4.8000</dst>
      <dst id="17">32050.3378</dst>
      <dst id="21">130.0533</dst>
      <dst id="15">24.8533</dst>
    </src>
    <src id="20">
      <dst id="12">4008.4889</dst>
      <dst id="13">716.3556</dst>
      <dst id="19">3245.6356</dst>
      <dst id="23">65.4933</dst>
      <dst id="8">17.3422</dst>
      <dst id="18">9.6089</dst>
      <dst id="4">4370.3556</dst>
      <dst id="1">667.8133</dst>
      <dst id="5">9421.6000</dst>
      <dst id="3">61.7067</dst>
      <dst id="10">1293.6089</dst>
      <dst id="7">3022.1600</dst>
      <dst id="2">2413.1111</dst>
      <dst id="14">28.8356</dst>
      <dst id="11">2466.4089</dst>
      <dst id="9">9991.4667</dst>
      <dst id="17">1007.4311</dst>
      <dst id="21">1979.5022</dst>
    </src>
    <src id="11">
      <dst id="12">8266.8444</dst>
      <dst id="13">2661.7511</dst>
      <dst id="19">95.7333</dst>
      <dst id="23">22.3289</dst>
      <dst id="8">227.4578</dst>
      <dst id="18">409.0578</dst>
      <dst id="4">8863.6711</dst>
      <dst id="1">479.4756</dst>
      <dst id="5">1150.9422</dst>
      <dst id="3">524.5600</dst>
      <dst id="10">268.7022</dst>
      <dst id="22">1990.8089</dst>
      <dst id="7">4898.1156</dst>
      <dst id="2">116602.8356</dst>
      <dst id="16">459.9644</dst>
      <dst id="14">59.5822</dst>
      <dst id="20">1197.5111</dst>
      <dst id="11">2298.3022</dst>
      <dst id="9">1083.9378</dst>
      <dst id="17">751967.4578</dst>
      <dst id="21">817.4489</dst>
      <dst id="15">147.2000</dst>
    </src>
    <src id="9">
      <dst id="12">3435.8578</dst>
      <dst id="13">2707.5200</dst>
      <dst id="19">56.9600</dst>
      <dst id="23">1.8133</dst>
      <dst id="8">124342.6756</dst>
      <dst id="18">78.6222</dst>
      <dst id="4">3740.4800</dst>
      <dst id="1">16797.1289</dst>
      <dst id="5">3636.8711</dst>
      <dst id="3">162.8978</dst>
      <dst id="10">465.4044</dst>
      <dst id="22">1468.8178</dst>
      <dst id="7">810.8356</dst>
      <dst id="2">3670.5067</dst>
      <dst id="16">662.7822</dst>
      <dst id="14">8.1778</dst>
      <dst id="20">451.4400</dst>
      <dst id="11">1098.8267</dst>
      <dst id="9">455113.3422</dst>
      <dst id="17">442034.8178</dst>
      <dst id="21">1198.2667</dst>
      <dst id="15">1550.5511</dst>
    </src>
    <src id="17">
      <dst id="12">12356.3644</dst>
      <dst id="13">29268.3200</dst>
      <dst id="19">527.9733</dst>
      <dst id="23">357.8133</dst>
      <dst id="8">84.1333</dst>
      <dst id="18">150.1244</dst>
      <dst id="4">52826.9600</dst>
      <dst id="1">17337.1022</dst>
      <dst id="5">194747.5378</dst>
      <dst id="3">3585.4844</dst>
      <dst id="10">1134.2756</dst>
      <dst id="22">8447.8400</dst>
      <dst id="7">7727.5911</dst>
      <dst id="2">7209.1733</dst>
      <dst id="16">2036.4800</dst>
      <dst id="14">31660.0089</dst>
      <dst id="20">305.1289</dst>
      <dst id="11">156635.2356</dst>
      <dst id="9">1629.3956</dst>
      <dst id="17">2108.7556</dst>
      <dst id="21">10104.0533</dst>
      <dst id="15">26.1778</dst>
    </src>
    <src id="21">
      <dst id="12">1255.0756</dst>
      <dst id="13">485.0044</dst>
      <dst id="19">187.0667</dst>
      <dst id="23">3.5378</dst>
      <dst id="8">124.4800</dst>
      <dst id="18">404.9156</dst>
      <dst id="4">8634.4711</dst>
      <dst id="1">3434.3733</dst>
      <dst id="5">1097.3867</dst>
      <dst id="3">6870.5867</dst>
      <dst id="10">1574.8800</dst>
      <dst id="22">7489.2533</dst>
      <dst id="7">16464.0800</dst>
      <dst id="2">11122.3289</dst>
      <dst id="16">123.5289</dst>
      <dst id="14">192.7467</dst>
      <dst id="20">5047.3867</dst>
      <dst id="11">541.5467</dst>
      <dst id="9">349.3689</dst>
      <dst id="17">34282.1156</dst>
      <dst id="21">1460.2133</dst>
      <dst id="15">109.1022</dst>
    </src>
    <src id="15">
      <dst id="12">1446.7911</dst>
      <dst id="13">1313.1289</dst>
      <dst id="19">11.6711</dst>
      <dst id="23">21.6533</dst>
      <dst id="8">394.0444</dst>
      <dst id="18">22.6489</dst>
      <dst id="4">2762.6578</dst>
      <dst id="1">35.0133</dst>
      <dst id="5">241.4400</dst>
      <dst id="3">43.3244</dst>
      <dst id="10">39.1467</dst>
      <dst id="7">24.9156</dst>
      <dst id="2">99.6622</dst>
      <dst id="14">13.3333</dst>
      <dst id="11">178.0978</dst>
      <dst id="9">571.6089</dst>
      <dst id="17">645.6089</dst>
      <dst id="21">56.0622</dst>
    </src>
  </IntraTM>
</TrafficMatrixFile>
