<?xml version="1.0" encoding="UTF-8" standalone="yes"?>
<TrafficMatrixFile xmlns:xsi="http://www.w3.org/2001/XMLSchema-instance" xsi:noNamespaceSchemaLocation="http://totem.run.montefiore.ulg.ac.be/Schema/TrafficMatrix-v1_2.xsd">
  <info>
    <title>Intradomain traffic matrix generated by geant-TM-all.pl</title>
    <date>2005-01-21T07:00:00</date>
    <duration>900</duration>
    <author>Steve Uhlig</author>
    <units>
        <unit type="bandwidth" value="kbps"/>
    </units>
  </info>
  <IntraTM ASID="20965">
    <src id="12">
      <dst id="12">274699.4311</dst>
      <dst id="13">29021.4044</dst>
      <dst id="19">1527.5467</dst>
      <dst id="23">21.0044</dst>
      <dst id="8">1542.9511</dst>
      <dst id="18">123718.5511</dst>
      <dst id="4">88788.1422</dst>
      <dst id="1">7621.2356</dst>
      <dst id="5">2339.5022</dst>
      <dst id="3">8771.1556</dst>
      <dst id="10">8490.0800</dst>
      <dst id="22">13662.7644</dst>
      <dst id="7">1653.7156</dst>
      <dst id="2">62593.7778</dst>
      <dst id="16">9271.3778</dst>
      <dst id="14">606.0000</dst>
      <dst id="20">6619.8400</dst>
      <dst id="11">1515.1022</dst>
      <dst id="9">12986.5778</dst>
      <dst id="17">54221.5111</dst>
      <dst id="21">11219.3511</dst>
      <dst id="15">3352.1244</dst>
    </src>
    <src id="13">
      <dst id="12">102680.9156</dst>
      <dst id="19">6666.5867</dst>
      <dst id="23">483.9289</dst>
      <dst id="8">7503.8133</dst>
      <dst id="18">2827.6622</dst>
      <dst id="1">4916.8089</dst>
      <dst id="5">21163.2444</dst>
      <dst id="3">22871.1022</dst>
      <dst id="22">17878.4889</dst>
      <dst id="7">20046.0178</dst>
      <dst id="2">92283.0133</dst>
      <dst id="16">6923.8489</dst>
      <dst id="14">3934.3556</dst>
      <dst id="20">10159.5911</dst>
      <dst id="11">11275.2444</dst>
      <dst id="9">21743.0844</dst>
      <dst id="17">76017.2356</dst>
      <dst id="21">19794.7911</dst>
      <dst id="15">1316.6044</dst>
    </src>
    <src id="19">
      <dst id="12">12197.5733</dst>
      <dst id="13">1565.7067</dst>
      <dst id="23">12.9778</dst>
      <dst id="8">50.7467</dst>
      <dst id="18">119.0489</dst>
      <dst id="4">10718.1156</dst>
      <dst id="1">372.2133</dst>
      <dst id="5">526.1511</dst>
      <dst id="3">1.4222</dst>
      <dst id="10">627.0844</dst>
      <dst id="22">493.0400</dst>
      <dst id="7">3186.1333</dst>
      <dst id="2">845.7600</dst>
      <dst id="16">16191.2889</dst>
      <dst id="14">18.9511</dst>
      <dst id="20">1816.6844</dst>
      <dst id="11">33.8756</dst>
      <dst id="9">1855.8044</dst>
      <dst id="17">9178.3289</dst>
      <dst id="21">947.7956</dst>
    </src>
    <src id="23">
      <dst id="12">211.6622</dst>
      <dst id="13">90.4889</dst>
      <dst id="19">40.0000</dst>
      <dst id="8">244.8178</dst>
      <dst id="18">40.0000</dst>
      <dst id="4">76.8000</dst>
      <dst id="1">5.4222</dst>
      <dst id="5">48.6844</dst>
      <dst id="3">1814.1867</dst>
      <dst id="22">355.1467</dst>
      <dst id="7">423.6533</dst>
      <dst id="2">298.7200</dst>
      <dst id="16">54.0000</dst>
      <dst id="20">1.0133</dst>
      <dst id="11">4107.8222</dst>
      <dst id="9">1016.6933</dst>
      <dst id="17">2004.2667</dst>
      <dst id="21">246.1867</dst>
    </src>
    <src id="8">
      <dst id="12">17569.9733</dst>
      <dst id="13">1489.2267</dst>
      <dst id="19">18.6311</dst>
      <dst id="23">11.2889</dst>
      <dst id="18">223.2089</dst>
      <dst id="4">6880.2933</dst>
      <dst id="1">3554.3022</dst>
      <dst id="5">4155.5556</dst>
      <dst id="3">25.8578</dst>
      <dst id="10">1012.5067</dst>
      <dst id="22">993.1200</dst>
      <dst id="7">4.9244</dst>
      <dst id="2">606.5333</dst>
      <dst id="16">665.6444</dst>
      <dst id="14">11.6356</dst>
      <dst id="20">1189.6711</dst>
      <dst id="11">247.8489</dst>
      <dst id="9">156920.9067</dst>
      <dst id="17">380114.8889</dst>
      <dst id="21">36.7022</dst>
      <dst id="15">261.0133</dst>
    </src>
    <src id="18">
      <dst id="12">178628.1689</dst>
      <dst id="13">354.8178</dst>
      <dst id="19">6.1511</dst>
      <dst id="23">2.2756</dst>
      <dst id="8">54.0444</dst>
      <dst id="4">5171.3067</dst>
      <dst id="1">1505.6444</dst>
      <dst id="5">81.2267</dst>
      <dst id="3">42.9511</dst>
      <dst id="10">335.2711</dst>
      <dst id="22">460.9689</dst>
      <dst id="7">65.1556</dst>
      <dst id="2">51764.7200</dst>
      <dst id="16">88.4800</dst>
      <dst id="14">1.4311</dst>
      <dst id="20">169.8844</dst>
      <dst id="11">141.6622</dst>
      <dst id="9">117.1111</dst>
      <dst id="17">27945.5822</dst>
      <dst id="21">431.9022</dst>
      <dst id="15">1.5644</dst>
    </src>
    <src id="4">
      <dst id="12">9776.8533</dst>
      <dst id="19">2901.7867</dst>
      <dst id="8">1020.4000</dst>
      <dst id="18">5070.4711</dst>
      <dst id="4">209.1467</dst>
      <dst id="1">25539.8133</dst>
      <dst id="5">1626.0533</dst>
      <dst id="3">728.7111</dst>
      <dst id="22">5339.2178</dst>
      <dst id="7">35255.0311</dst>
      <dst id="2">49099.1644</dst>
      <dst id="16">1562.5156</dst>
      <dst id="14">1306.0178</dst>
      <dst id="20">2861.5644</dst>
      <dst id="11">3250.8089</dst>
      <dst id="9">2718.4533</dst>
      <dst id="17">37808.2667</dst>
      <dst id="21">12745.1378</dst>
      <dst id="15">1468.0889</dst>
    </src>
    <src id="1">
      <dst id="12">17930.6933</dst>
      <dst id="13">3488.2756</dst>
      <dst id="19">171.0044</dst>
      <dst id="23">68.1778</dst>
      <dst id="8">17.0844</dst>
      <dst id="18">12687.8133</dst>
      <dst id="4">17987.8933</dst>
      <dst id="1">12978.6133</dst>
      <dst id="5">235.9200</dst>
      <dst id="3">16373.8400</dst>
      <dst id="10">521.9911</dst>
      <dst id="22">10744.9422</dst>
      <dst id="7">1701.3511</dst>
      <dst id="2">15967.9378</dst>
      <dst id="16">24599.1378</dst>
      <dst id="14">88.3022</dst>
      <dst id="20">387.9644</dst>
      <dst id="11">1416.1244</dst>
      <dst id="9">4358.6667</dst>
      <dst id="17">4568.5867</dst>
      <dst id="21">9398.0889</dst>
      <dst id="15">1887.6978</dst>
    </src>
    <src id="5">
      <dst id="12">19553.5822</dst>
      <dst id="13">29192.8889</dst>
      <dst id="19">2044.5156</dst>
      <dst id="23">17.4667</dst>
      <dst id="8">2245.8222</dst>
      <dst id="18">244.9511</dst>
      <dst id="4">8481.1289</dst>
      <dst id="1">3771.5022</dst>
      <dst id="3">91.9822</dst>
      <dst id="10">371.1378</dst>
      <dst id="22">4834.0089</dst>
      <dst id="7">343.1644</dst>
      <dst id="2">4165.1822</dst>
      <dst id="16">1136.0178</dst>
      <dst id="14">3.0222</dst>
      <dst id="20">16295.9822</dst>
      <dst id="11">1550.8889</dst>
      <dst id="9">109434.6400</dst>
      <dst id="17">481195.0133</dst>
      <dst id="21">2727.6622</dst>
      <dst id="15">202.1333</dst>
    </src>
    <src id="3">
      <dst id="12">2498.8178</dst>
      <dst id="13">5469.1378</dst>
      <dst id="19">506.9689</dst>
      <dst id="23">50.6756</dst>
      <dst id="8">150.4800</dst>
      <dst id="18">2086.2756</dst>
      <dst id="4">65051.3867</dst>
      <dst id="1">47180.7733</dst>
      <dst id="5">4269.7244</dst>
      <dst id="10">2578.4533</dst>
      <dst id="22">3453.2267</dst>
      <dst id="7">16866.4889</dst>
      <dst id="2">5640.3556</dst>
      <dst id="16">912.9689</dst>
      <dst id="14">81.9644</dst>
      <dst id="20">3072.5689</dst>
      <dst id="11">1044.6222</dst>
      <dst id="9">91.6711</dst>
      <dst id="17">20616.1956</dst>
      <dst id="21">5702.2756</dst>
      <dst id="15">6.8533</dst>
    </src>
    <src id="10">
      <dst id="12">30539.8044</dst>
      <dst id="19">2681.9200</dst>
      <dst id="8">141176.9867</dst>
      <dst id="18">4568.6044</dst>
      <dst id="1">2674.1422</dst>
      <dst id="5">245676.7378</dst>
      <dst id="3">17944.3644</dst>
      <dst id="22">4553.6089</dst>
      <dst id="7">9110.7200</dst>
      <dst id="2">25214.7822</dst>
      <dst id="16">788.4711</dst>
      <dst id="14">36414.9511</dst>
      <dst id="20">2484.4267</dst>
      <dst id="11">208877.7244</dst>
      <dst id="9">284440.2756</dst>
      <dst id="17">35306.3733</dst>
      <dst id="21">18457.3956</dst>
      <dst id="15">438.5333</dst>
    </src>
    <src id="22">
      <dst id="12">12292.8711</dst>
      <dst id="13">3688.9689</dst>
      <dst id="19">236.3022</dst>
      <dst id="23">89.5200</dst>
      <dst id="8">5657.9289</dst>
      <dst id="18">623.0756</dst>
      <dst id="4">13144.1333</dst>
      <dst id="1">348.3022</dst>
      <dst id="5">3804.8711</dst>
      <dst id="3">1289.8044</dst>
      <dst id="10">4642.5156</dst>
      <dst id="7">1298.4000</dst>
      <dst id="2">1830.3822</dst>
      <dst id="16">0.3556</dst>
      <dst id="14">42.7289</dst>
      <dst id="11">1578.3111</dst>
      <dst id="9">4927.7422</dst>
      <dst id="17">10657.6089</dst>
      <dst id="21">3291.9200</dst>
    </src>
    <src id="7">
      <dst id="12">11512.5333</dst>
      <dst id="13">1187.2178</dst>
      <dst id="19">1213.9911</dst>
      <dst id="23">398.9689</dst>
      <dst id="8">633.7511</dst>
      <dst id="18">562.6222</dst>
      <dst id="4">34936.4978</dst>
      <dst id="1">11289.8933</dst>
      <dst id="5">2268.8000</dst>
      <dst id="3">5098.4356</dst>
      <dst id="10">942.4889</dst>
      <dst id="22">4822.1600</dst>
      <dst id="7">0.7467</dst>
      <dst id="2">7829.9289</dst>
      <dst id="16">735.8044</dst>
      <dst id="14">113.9644</dst>
      <dst id="20">1861.9378</dst>
      <dst id="11">943.4844</dst>
      <dst id="9">1217.2444</dst>
      <dst id="17">9555.8578</dst>
      <dst id="21">8104.4711</dst>
      <dst id="15">1503.8578</dst>
    </src>
    <src id="2">
      <dst id="12">110418.8000</dst>
      <dst id="13">11547.0667</dst>
      <dst id="19">1118.7733</dst>
      <dst id="8">273.6267</dst>
      <dst id="18">91110.4444</dst>
      <dst id="4">120160.5244</dst>
      <dst id="1">14000.7200</dst>
      <dst id="5">1514.6044</dst>
      <dst id="3">97.6622</dst>
      <dst id="10">15315.3156</dst>
      <dst id="22">1501.0044</dst>
      <dst id="7">9658.2400</dst>
      <dst id="2">1006.4800</dst>
      <dst id="16">4302.5244</dst>
      <dst id="14">1906.0889</dst>
      <dst id="20">6490.4356</dst>
      <dst id="11">3969.7156</dst>
      <dst id="9">4564.2844</dst>
      <dst id="17">27558.9244</dst>
      <dst id="21">6461.9378</dst>
      <dst id="15">69.5289</dst>
    </src>
    <src id="6">
      <dst id="12">144.3378</dst>
      <dst id="13">7.6711</dst>
      <dst id="19">3.9111</dst>
      <dst id="23">47.3511</dst>
      <dst id="18">39.5911</dst>
      <dst id="4">1304.7467</dst>
      <dst id="1">51.8667</dst>
      <dst id="5">5.5378</dst>
      <dst id="10">0.3556</dst>
      <dst id="22">3.5556</dst>
      <dst id="7">10.9689</dst>
      <dst id="2">2512.5867</dst>
      <dst id="16">0.7822</dst>
      <dst id="20">0.4622</dst>
      <dst id="11">28.3200</dst>
      <dst id="9">13.3778</dst>
      <dst id="17">9970.4267</dst>
      <dst id="21">12.6667</dst>
    </src>
    <src id="16">
      <dst id="12">3829.4933</dst>
      <dst id="13">821.7067</dst>
      <dst id="19">4478.7378</dst>
      <dst id="23">554.1067</dst>
      <dst id="8">4715.5644</dst>
      <dst id="18">184.6133</dst>
      <dst id="4">4051.6711</dst>
      <dst id="1">21946.0889</dst>
      <dst id="5">4039.9911</dst>
      <dst id="3">83.1289</dst>
      <dst id="10">1540.0444</dst>
      <dst id="7">3382.5244</dst>
      <dst id="2">555.2711</dst>
      <dst id="16">31.7956</dst>
      <dst id="11">584.1511</dst>
      <dst id="9">6608.3111</dst>
      <dst id="17">2104.1867</dst>
      <dst id="21">352.9867</dst>
    </src>
    <src id="14">
      <dst id="12">936.8711</dst>
      <dst id="13">104.1333</dst>
      <dst id="19">18.9422</dst>
      <dst id="8">1.2089</dst>
      <dst id="18">16.8000</dst>
      <dst id="4">1638.7289</dst>
      <dst id="1">821.1111</dst>
      <dst id="5">27.0044</dst>
      <dst id="3">34.5067</dst>
      <dst id="10">224.7378</dst>
      <dst id="22">19.2444</dst>
      <dst id="7">35.5733</dst>
      <dst id="2">4143.3422</dst>
      <dst id="20">39.0044</dst>
      <dst id="11">87.7689</dst>
      <dst id="9">26.4889</dst>
      <dst id="17">33685.0578</dst>
      <dst id="21">81.7422</dst>
      <dst id="15">1.3689</dst>
    </src>
    <src id="20">
      <dst id="12">17631.0578</dst>
      <dst id="13">12030.6756</dst>
      <dst id="19">1459.4756</dst>
      <dst id="23">1.0133</dst>
      <dst id="8">234.4978</dst>
      <dst id="18">143.3689</dst>
      <dst id="4">12972.2222</dst>
      <dst id="1">327.2267</dst>
      <dst id="5">10592.3733</dst>
      <dst id="3">91.6356</dst>
      <dst id="10">2764.8089</dst>
      <dst id="7">716.7467</dst>
      <dst id="2">9445.8400</dst>
      <dst id="14">24.6400</dst>
      <dst id="11">7679.0311</dst>
      <dst id="9">16283.9111</dst>
      <dst id="17">2083.1822</dst>
      <dst id="21">2635.5467</dst>
    </src>
    <src id="11">
      <dst id="12">30585.0756</dst>
      <dst id="13">4138.3378</dst>
      <dst id="19">479.0933</dst>
      <dst id="23">165.4578</dst>
      <dst id="8">1152.0267</dst>
      <dst id="18">630.4267</dst>
      <dst id="4">6260.2400</dst>
      <dst id="1">1374.5956</dst>
      <dst id="5">3223.3422</dst>
      <dst id="3">313.4044</dst>
      <dst id="10">850.8889</dst>
      <dst id="22">2317.0578</dst>
      <dst id="7">343.4222</dst>
      <dst id="2">137169.5556</dst>
      <dst id="16">1000.5956</dst>
      <dst id="14">32.2844</dst>
      <dst id="20">7563.0667</dst>
      <dst id="11">3876.6667</dst>
      <dst id="9">1593.1111</dst>
      <dst id="17">833673.7422</dst>
      <dst id="21">1395.2800</dst>
      <dst id="15">156.7556</dst>
    </src>
    <src id="9">
      <dst id="12">27521.7600</dst>
      <dst id="13">20164.4000</dst>
      <dst id="19">3004.4889</dst>
      <dst id="23">201.7422</dst>
      <dst id="8">170622.1511</dst>
      <dst id="18">398.0000</dst>
      <dst id="4">11057.9200</dst>
      <dst id="1">7855.9822</dst>
      <dst id="5">8958.8711</dst>
      <dst id="3">1.4222</dst>
      <dst id="10">1151.6711</dst>
      <dst id="22">2209.3689</dst>
      <dst id="7">6317.8222</dst>
      <dst id="2">1845.2178</dst>
      <dst id="16">830.2489</dst>
      <dst id="14">15.3956</dst>
      <dst id="20">22850.0267</dst>
      <dst id="11">480.0622</dst>
      <dst id="9">462115.6622</dst>
      <dst id="17">786560.3289</dst>
      <dst id="21">1044.6222</dst>
      <dst id="15">1943.1822</dst>
    </src>
    <src id="17">
      <dst id="12">13286.6667</dst>
      <dst id="13">8674.8889</dst>
      <dst id="19">1037.0578</dst>
      <dst id="23">58.6933</dst>
      <dst id="8">424.4978</dst>
      <dst id="18">1503.7156</dst>
      <dst id="4">57210.9956</dst>
      <dst id="1">858.0533</dst>
      <dst id="5">213900.2400</dst>
      <dst id="3">7226.6933</dst>
      <dst id="10">3870.3111</dst>
      <dst id="22">4315.8489</dst>
      <dst id="7">3457.4756</dst>
      <dst id="2">8572.9333</dst>
      <dst id="16">4515.3244</dst>
      <dst id="14">21184.1333</dst>
      <dst id="20">3829.1911</dst>
      <dst id="11">167032.2133</dst>
      <dst id="9">2359.4489</dst>
      <dst id="17">5192.2400</dst>
      <dst id="21">8165.3067</dst>
      <dst id="15">255.4756</dst>
    </src>
    <src id="21">
      <dst id="12">4881.2711</dst>
      <dst id="13">3156.6311</dst>
      <dst id="19">1577.9822</dst>
      <dst id="23">72.3644</dst>
      <dst id="8">31.0311</dst>
      <dst id="18">488.8000</dst>
      <dst id="4">28018.0444</dst>
      <dst id="1">2334.7467</dst>
      <dst id="5">640.5778</dst>
      <dst id="3">15584.1156</dst>
      <dst id="10">5104.1600</dst>
      <dst id="22">4250.8444</dst>
      <dst id="7">5040.7822</dst>
      <dst id="2">11015.4044</dst>
      <dst id="16">212.8889</dst>
      <dst id="14">86.3822</dst>
      <dst id="20">4185.7956</dst>
      <dst id="11">1977.9644</dst>
      <dst id="9">1082.7644</dst>
      <dst id="17">39710.0533</dst>
      <dst id="21">2396.5778</dst>
      <dst id="15">2639.8933</dst>
    </src>
    <src id="15">
      <dst id="12">570.1067</dst>
      <dst id="13">965.3867</dst>
      <dst id="8">12039.5289</dst>
      <dst id="18">22.0889</dst>
      <dst id="4">2624.4978</dst>
      <dst id="1">238.2756</dst>
      <dst id="5">480.1422</dst>
      <dst id="10">64.6400</dst>
      <dst id="7">8.6044</dst>
      <dst id="2">291.1022</dst>
      <dst id="14">0.4622</dst>
      <dst id="11">134.2756</dst>
      <dst id="9">3210.5511</dst>
      <dst id="17">8109.8222</dst>
      <dst id="21">1422.2578</dst>
    </src>
  </IntraTM>
</TrafficMatrixFile>
