<?xml version="1.0" encoding="UTF-8" standalone="yes"?>
<TrafficMatrixFile xmlns:xsi="http://www.w3.org/2001/XMLSchema-instance" xsi:noNamespaceSchemaLocation="http://totem.run.montefiore.ulg.ac.be/Schema/TrafficMatrix-v1_2.xsd">
  <info>
    <title>Intradomain traffic matrix generated by geant-TM-all.pl</title>
    <date>2005-04-15T13:30:00</date>
    <duration>900</duration>
    <author>Steve Uhlig</author>
    <units>
        <unit type="bandwidth" value="kbps"/>
    </units>
  </info>
  <IntraTM ASID="20965">
    <src id="12">
      <dst id="12">320886.3200</dst>
      <dst id="13">14684.7111</dst>
      <dst id="19">7750.9156</dst>
      <dst id="23">1207.2978</dst>
      <dst id="8">210.3022</dst>
      <dst id="18">30423.5467</dst>
      <dst id="4">12403.6889</dst>
      <dst id="1">36457.4311</dst>
      <dst id="5">824.8622</dst>
      <dst id="3">265.7600</dst>
      <dst id="10">2119.1733</dst>
      <dst id="22">2520.7200</dst>
      <dst id="7">857.3333</dst>
      <dst id="2">4866.7289</dst>
      <dst id="16">10026.0000</dst>
      <dst id="14">137.3600</dst>
      <dst id="20">4104.3733</dst>
      <dst id="11">79.9467</dst>
      <dst id="9">18036.8089</dst>
      <dst id="17">36759.6178</dst>
      <dst id="21">475.0400</dst>
      <dst id="15">246.2400</dst>
    </src>
    <src id="13">
      <dst id="12">4230.7822</dst>
      <dst id="13">52.6133</dst>
      <dst id="19">1177.8756</dst>
      <dst id="23">100.4711</dst>
      <dst id="8">2486.4089</dst>
      <dst id="18">1723.0222</dst>
      <dst id="1">29102.7111</dst>
      <dst id="5">3572.1778</dst>
      <dst id="3">21.5822</dst>
      <dst id="22">2096.3289</dst>
      <dst id="7">266.7556</dst>
      <dst id="2">3201.8133</dst>
      <dst id="16">184.9156</dst>
      <dst id="14">80.8622</dst>
      <dst id="20">38172.5333</dst>
      <dst id="11">418.7556</dst>
      <dst id="9">535.2800</dst>
      <dst id="17">8465.0667</dst>
      <dst id="21">282.3733</dst>
      <dst id="15">44.7289</dst>
    </src>
    <src id="19">
      <dst id="12">36911.2800</dst>
      <dst id="13">542.8711</dst>
      <dst id="23">1.6178</dst>
      <dst id="8">1.5200</dst>
      <dst id="18">0.3556</dst>
      <dst id="4">122.1422</dst>
      <dst id="1">19010.4622</dst>
      <dst id="5">1.3156</dst>
      <dst id="3">14.7556</dst>
      <dst id="10">6.0267</dst>
      <dst id="22">938.0178</dst>
      <dst id="7">331.9733</dst>
      <dst id="2">54.1778</dst>
      <dst id="16">91.8489</dst>
      <dst id="14">127.5733</dst>
      <dst id="20">20.8178</dst>
      <dst id="11">9.7244</dst>
      <dst id="9">2.2489</dst>
      <dst id="17">545.3156</dst>
      <dst id="21">115.3778</dst>
      <dst id="15">5.8489</dst>
    </src>
    <src id="23">
      <dst id="12">1151.0400</dst>
      <dst id="13">1852.7467</dst>
      <dst id="19">27.3956</dst>
      <dst id="8">0.3556</dst>
      <dst id="18">562.1867</dst>
      <dst id="4">686.1600</dst>
      <dst id="1">183.6356</dst>
      <dst id="10">154.0267</dst>
      <dst id="22">99.5289</dst>
      <dst id="7">1975.4133</dst>
      <dst id="2">792.6933</dst>
      <dst id="14">44.0267</dst>
      <dst id="20">1.1378</dst>
      <dst id="11">17.4578</dst>
      <dst id="9">7.4400</dst>
      <dst id="17">3159.0400</dst>
      <dst id="21">54.2400</dst>
      <dst id="15">0.4622</dst>
    </src>
    <src id="8">
      <dst id="12">8041.0933</dst>
      <dst id="13">299.6800</dst>
      <dst id="19">0.7911</dst>
      <dst id="23">12.6222</dst>
      <dst id="4">12.3822</dst>
      <dst id="1">1749.0667</dst>
      <dst id="5">103.6267</dst>
      <dst id="3">638.1244</dst>
      <dst id="10">34.0267</dst>
      <dst id="22">0.7467</dst>
      <dst id="2">38.1956</dst>
      <dst id="16">222727.3956</dst>
      <dst id="14">1.1644</dst>
      <dst id="11">7.5822</dst>
      <dst id="9">44085.2889</dst>
      <dst id="17">13972.2311</dst>
      <dst id="21">81.8844</dst>
      <dst id="15">1.3867</dst>
    </src>
    <src id="18">
      <dst id="12">62654.3644</dst>
      <dst id="13">582.0000</dst>
      <dst id="19">13.8044</dst>
      <dst id="23">9.8578</dst>
      <dst id="8">0.7200</dst>
      <dst id="4">192.9244</dst>
      <dst id="1">9996.9778</dst>
      <dst id="5">204.3822</dst>
      <dst id="3">1035.3600</dst>
      <dst id="10">57.5911</dst>
      <dst id="22">3.3778</dst>
      <dst id="7">80.3644</dst>
      <dst id="2">1595.0844</dst>
      <dst id="16">206.9333</dst>
      <dst id="20">546.8800</dst>
      <dst id="9">4952.3556</dst>
      <dst id="17">1589.4667</dst>
      <dst id="21">109.4667</dst>
      <dst id="15">0.3733</dst>
    </src>
    <src id="4">
      <dst id="12">14623.8400</dst>
      <dst id="13">5.8844</dst>
      <dst id="19">2290.5156</dst>
      <dst id="23">6797.7600</dst>
      <dst id="8">500.1689</dst>
      <dst id="18">1910.5244</dst>
      <dst id="4">730.9067</dst>
      <dst id="1">15373.6533</dst>
      <dst id="5">2674.4444</dst>
      <dst id="3">5.1467</dst>
      <dst id="22">2012.1244</dst>
      <dst id="7">52.5689</dst>
      <dst id="2">56578.2133</dst>
      <dst id="6">0.4267</dst>
      <dst id="16">60696.7556</dst>
      <dst id="14">1749.6356</dst>
      <dst id="11">192.2489</dst>
      <dst id="9">14016.4444</dst>
      <dst id="17">30635.1556</dst>
      <dst id="21">6425.1467</dst>
      <dst id="15">267.9022</dst>
    </src>
    <src id="1">
      <dst id="12">32510.9156</dst>
      <dst id="13">39038.6667</dst>
      <dst id="19">4610.7556</dst>
      <dst id="23">92.7289</dst>
      <dst id="8">4.7289</dst>
      <dst id="18">14889.5378</dst>
      <dst id="4">6489.8400</dst>
      <dst id="1">640902.4800</dst>
      <dst id="5">189.7867</dst>
      <dst id="3">288.2222</dst>
      <dst id="10">1436.3733</dst>
      <dst id="22">14.2578</dst>
      <dst id="7">21732.6578</dst>
      <dst id="2">27668.6133</dst>
      <dst id="16">26445.0400</dst>
      <dst id="14">78.5600</dst>
      <dst id="20">44.9956</dst>
      <dst id="11">2930.6311</dst>
      <dst id="9">1388.7467</dst>
      <dst id="17">401365.2978</dst>
      <dst id="21">10513.2533</dst>
      <dst id="15">177.1822</dst>
    </src>
    <src id="5">
      <dst id="12">9616.5778</dst>
      <dst id="13">1013.0133</dst>
      <dst id="19">53.3333</dst>
      <dst id="23">0.3556</dst>
      <dst id="8">70.6844</dst>
      <dst id="18">23.9200</dst>
      <dst id="4">141.5200</dst>
      <dst id="1">25493.9111</dst>
      <dst id="3">480.4889</dst>
      <dst id="10">194.5422</dst>
      <dst id="22">119.9467</dst>
      <dst id="2">170.0622</dst>
      <dst id="16">272196.6222</dst>
      <dst id="14">83.8756</dst>
      <dst id="11">2.2400</dst>
      <dst id="9">47769.5733</dst>
      <dst id="17">29818.0889</dst>
      <dst id="21">45.7244</dst>
      <dst id="15">54.9867</dst>
    </src>
    <src id="3">
      <dst id="12">6208.0444</dst>
      <dst id="13">53298.6489</dst>
      <dst id="19">1190.7200</dst>
      <dst id="23">11.1289</dst>
      <dst id="8">0.8978</dst>
      <dst id="18">2.2222</dst>
      <dst id="4">1726.7200</dst>
      <dst id="1">32258.1956</dst>
      <dst id="5">94.1422</dst>
      <dst id="3">290.9156</dst>
      <dst id="10">360.0889</dst>
      <dst id="7">71325.3511</dst>
      <dst id="2">3818.6578</dst>
      <dst id="16">6561.9822</dst>
      <dst id="14">132.7111</dst>
      <dst id="20">206.3822</dst>
      <dst id="11">749.7156</dst>
      <dst id="9">1313.9556</dst>
      <dst id="17">28404.6044</dst>
      <dst id="21">654.7822</dst>
      <dst id="15">38.3733</dst>
    </src>
    <src id="10">
      <dst id="12">2961.2000</dst>
      <dst id="13">899.0311</dst>
      <dst id="19">6419.5200</dst>
      <dst id="23">348.2222</dst>
      <dst id="8">49.9289</dst>
      <dst id="18">3562.8178</dst>
      <dst id="1">450.1956</dst>
      <dst id="5">288.3200</dst>
      <dst id="3">332.0444</dst>
      <dst id="22">3347.2533</dst>
      <dst id="7">1.9911</dst>
      <dst id="2">8649.5022</dst>
      <dst id="16">25566.5689</dst>
      <dst id="14">817.1556</dst>
      <dst id="20">8162.0800</dst>
      <dst id="9">1016.6844</dst>
      <dst id="17">34095.0400</dst>
      <dst id="21">2135.6267</dst>
      <dst id="15">7.7956</dst>
    </src>
    <src id="22">
      <dst id="12">7493.6444</dst>
      <dst id="13">4599.9733</dst>
      <dst id="19">36.3822</dst>
      <dst id="23">10.6311</dst>
      <dst id="8">2037.3244</dst>
      <dst id="18">37.3067</dst>
      <dst id="4">2188.0711</dst>
      <dst id="1">672.5156</dst>
      <dst id="5">636.9778</dst>
      <dst id="3">0.9244</dst>
      <dst id="10">474.1689</dst>
      <dst id="7">30.0889</dst>
      <dst id="2">9008.0356</dst>
      <dst id="16">36.0267</dst>
      <dst id="14">11.8222</dst>
      <dst id="11">160.0000</dst>
      <dst id="9">1019.8044</dst>
      <dst id="17">1689.8133</dst>
      <dst id="21">356.3467</dst>
    </src>
    <src id="7">
      <dst id="12">3932.4978</dst>
      <dst id="13">32676.2756</dst>
      <dst id="19">47.2533</dst>
      <dst id="23">60.1244</dst>
      <dst id="8">15.6889</dst>
      <dst id="18">3.9911</dst>
      <dst id="4">591.3156</dst>
      <dst id="1">2244.2933</dst>
      <dst id="5">5.1733</dst>
      <dst id="3">19.9022</dst>
      <dst id="10">1024.6044</dst>
      <dst id="22">65.1200</dst>
      <dst id="7">765.1111</dst>
      <dst id="2">6145.3156</dst>
      <dst id="16">1317.2533</dst>
      <dst id="14">74.3911</dst>
      <dst id="20">4.2044</dst>
      <dst id="11">638.9511</dst>
      <dst id="9">68.9956</dst>
      <dst id="17">1661.9111</dst>
      <dst id="21">966.8533</dst>
      <dst id="15">3.5111</dst>
    </src>
    <src id="2">
      <dst id="12">96976.9067</dst>
      <dst id="13">66677.9378</dst>
      <dst id="19">1210.7378</dst>
      <dst id="23">20.5511</dst>
      <dst id="8">7.4489</dst>
      <dst id="18">14631.8222</dst>
      <dst id="4">3650.8356</dst>
      <dst id="1">50025.8489</dst>
      <dst id="5">712.7644</dst>
      <dst id="3">52.2222</dst>
      <dst id="10">1411.3422</dst>
      <dst id="22">406.2222</dst>
      <dst id="7">6580.0711</dst>
      <dst id="2">2610.2489</dst>
      <dst id="16">1496.7289</dst>
      <dst id="14">265.9556</dst>
      <dst id="20">9641.8667</dst>
      <dst id="11">1411.8400</dst>
      <dst id="9">433.9467</dst>
      <dst id="17">24981.2622</dst>
      <dst id="21">1503.6178</dst>
      <dst id="15">11.1022</dst>
    </src>
    <src id="6">
      <dst id="12">144.8889</dst>
      <dst id="13">5.3689</dst>
      <dst id="19">0.8267</dst>
      <dst id="18">0.3556</dst>
      <dst id="1">550.7911</dst>
      <dst id="5">5.5022</dst>
      <dst id="3">5.6800</dst>
      <dst id="22">0.7111</dst>
      <dst id="7">2.8089</dst>
      <dst id="2">102.9422</dst>
      <dst id="16">3.0400</dst>
      <dst id="20">186.3467</dst>
      <dst id="9">610.7644</dst>
      <dst id="17">23517.2978</dst>
      <dst id="21">0.3556</dst>
    </src>
    <src id="16">
      <dst id="12">65902.3911</dst>
      <dst id="13">1595.5822</dst>
      <dst id="19">4720.7467</dst>
      <dst id="23">4.0711</dst>
      <dst id="8">41618.4622</dst>
      <dst id="18">7.5733</dst>
      <dst id="4">527.4222</dst>
      <dst id="1">28431.2444</dst>
      <dst id="5">174715.7067</dst>
      <dst id="3">2751.5289</dst>
      <dst id="10">371.7511</dst>
      <dst id="2">239.9644</dst>
      <dst id="16">8884.7200</dst>
      <dst id="14">18585.9289</dst>
      <dst id="11">7350.2489</dst>
      <dst id="9">100473.6267</dst>
      <dst id="17">1768.4267</dst>
      <dst id="21">156.4444</dst>
    </src>
    <src id="14">
      <dst id="12">642.9956</dst>
      <dst id="13">149.0489</dst>
      <dst id="19">37.6711</dst>
      <dst id="23">0.9867</dst>
      <dst id="8">0.3556</dst>
      <dst id="4">157.0756</dst>
      <dst id="1">1363.3600</dst>
      <dst id="5">3.4400</dst>
      <dst id="3">611.2356</dst>
      <dst id="10">120.7467</dst>
      <dst id="22">46.4800</dst>
      <dst id="7">35.3422</dst>
      <dst id="2">141.7689</dst>
      <dst id="16">1923.6800</dst>
      <dst id="11">14.4800</dst>
      <dst id="9">842.9333</dst>
      <dst id="17">20078.1600</dst>
      <dst id="21">128.9156</dst>
      <dst id="15">1.7067</dst>
    </src>
    <src id="20">
      <dst id="12">169.4578</dst>
      <dst id="13">2473.9378</dst>
      <dst id="19">1.8578</dst>
      <dst id="23">0.3556</dst>
      <dst id="8">1.9200</dst>
      <dst id="18">46.3644</dst>
      <dst id="4">472.5422</dst>
      <dst id="1">1216.3022</dst>
      <dst id="5">328.4533</dst>
      <dst id="3">7421.8667</dst>
      <dst id="10">1463.5822</dst>
      <dst id="22">71.4667</dst>
      <dst id="7">1.2089</dst>
      <dst id="2">269.2267</dst>
      <dst id="16">9363.3867</dst>
      <dst id="14">0.7111</dst>
      <dst id="11">14.4000</dst>
      <dst id="9">260.5422</dst>
      <dst id="17">5383.6178</dst>
      <dst id="21">14.6489</dst>
    </src>
    <src id="11">
      <dst id="12">16936.7022</dst>
      <dst id="13">969.3156</dst>
      <dst id="19">56.6489</dst>
      <dst id="23">4.5511</dst>
      <dst id="8">18.9067</dst>
      <dst id="18">6.9778</dst>
      <dst id="4">827.1111</dst>
      <dst id="1">20175.1733</dst>
      <dst id="5">803.6444</dst>
      <dst id="3">430.1244</dst>
      <dst id="10">802.0978</dst>
      <dst id="22">14.8978</dst>
      <dst id="2">914.1156</dst>
      <dst id="16">9004.1867</dst>
      <dst id="14">38.6844</dst>
      <dst id="20">14.2933</dst>
      <dst id="11">117.9733</dst>
      <dst id="9">41853.0489</dst>
      <dst id="17">367805.5289</dst>
      <dst id="21">257.8400</dst>
      <dst id="15">79.5733</dst>
    </src>
    <src id="9">
      <dst id="12">18151.7778</dst>
      <dst id="13">3358.9778</dst>
      <dst id="19">11.9911</dst>
      <dst id="23">2.8178</dst>
      <dst id="8">63346.4178</dst>
      <dst id="18">0.4622</dst>
      <dst id="4">565.4044</dst>
      <dst id="1">4526.7822</dst>
      <dst id="5">435.0756</dst>
      <dst id="3">537.4222</dst>
      <dst id="10">379.7778</dst>
      <dst id="22">152.2311</dst>
      <dst id="2">232.9600</dst>
      <dst id="16">504624.9244</dst>
      <dst id="14">614.1511</dst>
      <dst id="11">38.5511</dst>
      <dst id="9">190063.6622</dst>
      <dst id="17">40120.0089</dst>
      <dst id="21">482.0089</dst>
      <dst id="15">16.4000</dst>
    </src>
    <src id="17">
      <dst id="12">49073.3067</dst>
      <dst id="13">27685.3867</dst>
      <dst id="19">693.6889</dst>
      <dst id="23">4.4800</dst>
      <dst id="8">614.8533</dst>
      <dst id="18">65.7778</dst>
      <dst id="4">4103.5556</dst>
      <dst id="1">11499.2533</dst>
      <dst id="5">107508.5244</dst>
      <dst id="3">2837.9200</dst>
      <dst id="10">3140.6933</dst>
      <dst id="22">209.0133</dst>
      <dst id="7">16097.2800</dst>
      <dst id="2">2178.3911</dst>
      <dst id="16">40437.3333</dst>
      <dst id="14">6014.4978</dst>
      <dst id="20">771.2533</dst>
      <dst id="11">6507.7244</dst>
      <dst id="9">8175.3511</dst>
      <dst id="17">25494.8533</dst>
      <dst id="21">7131.6978</dst>
      <dst id="15">253.5733</dst>
    </src>
    <src id="21">
      <dst id="12">470.4178</dst>
      <dst id="13">1006.0000</dst>
      <dst id="19">39.4400</dst>
      <dst id="23">10.5600</dst>
      <dst id="8">114.8622</dst>
      <dst id="18">1460.4089</dst>
      <dst id="4">344.4267</dst>
      <dst id="1">12127.8311</dst>
      <dst id="5">248.6756</dst>
      <dst id="3">705.8933</dst>
      <dst id="10">384.4267</dst>
      <dst id="22">84.2133</dst>
      <dst id="7">441.2089</dst>
      <dst id="2">1181.5556</dst>
      <dst id="16">6398.4533</dst>
      <dst id="14">150.6222</dst>
      <dst id="20">16.6756</dst>
      <dst id="11">2363.4222</dst>
      <dst id="9">1392.4978</dst>
      <dst id="17">16099.9111</dst>
      <dst id="21">630.6667</dst>
      <dst id="15">9.0578</dst>
    </src>
    <src id="15">
      <dst id="12">253.4933</dst>
      <dst id="13">189.2889</dst>
      <dst id="19">77.4933</dst>
      <dst id="23">2.4889</dst>
      <dst id="8">3.7244</dst>
      <dst id="18">0.6400</dst>
      <dst id="4">29.7422</dst>
      <dst id="1">32.8444</dst>
      <dst id="5">117.3156</dst>
      <dst id="10">52.2667</dst>
      <dst id="2">17.0578</dst>
      <dst id="16">436.1244</dst>
      <dst id="14">33.1378</dst>
      <dst id="11">14.1333</dst>
      <dst id="9">188.2667</dst>
      <dst id="17">13923.8756</dst>
      <dst id="21">0.3556</dst>
    </src>
  </IntraTM>
</TrafficMatrixFile>
