<?xml version="1.0" encoding="UTF-8" standalone="yes"?>
<TrafficMatrixFile xmlns:xsi="http://www.w3.org/2001/XMLSchema-instance" xsi:noNamespaceSchemaLocation="http://totem.run.montefiore.ulg.ac.be/Schema/TrafficMatrix-v1_2.xsd">
  <info>
    <title>Intradomain traffic matrix generated by geant-TM-all.pl</title>
    <date>2005-03-30T07:00:00</date>
    <duration>900</duration>
    <author>Steve Uhlig</author>
    <units>
        <unit type="bandwidth" value="kbps"/>
    </units>
  </info>
  <IntraTM ASID="20965">
    <src id="12">
      <dst id="12">269449.9911</dst>
      <dst id="13">20340.0089</dst>
      <dst id="19">3103.9556</dst>
      <dst id="23">1652.1244</dst>
      <dst id="8">333.2267</dst>
      <dst id="18">41396.7111</dst>
      <dst id="4">2822.4978</dst>
      <dst id="1">26326.4356</dst>
      <dst id="5">923.1733</dst>
      <dst id="3">73.9289</dst>
      <dst id="10">2096.4889</dst>
      <dst id="22">3526.1244</dst>
      <dst id="7">4063.5022</dst>
      <dst id="2">20826.3644</dst>
      <dst id="6">16372.5333</dst>
      <dst id="16">8592.3289</dst>
      <dst id="14">317.8044</dst>
      <dst id="20">12853.9733</dst>
      <dst id="11">159.3333</dst>
      <dst id="9">7195.0578</dst>
      <dst id="17">54185.9556</dst>
      <dst id="21">241.2089</dst>
      <dst id="15">109.0667</dst>
    </src>
    <src id="13">
      <dst id="12">16809.1644</dst>
      <dst id="13">127.9289</dst>
      <dst id="19">22266.3556</dst>
      <dst id="23">5.7422</dst>
      <dst id="8">174.4533</dst>
      <dst id="18">76.3200</dst>
      <dst id="1">2950.9511</dst>
      <dst id="5">16722.4889</dst>
      <dst id="3">8.1689</dst>
      <dst id="22">5754.4533</dst>
      <dst id="7">1693.5911</dst>
      <dst id="2">2731.6978</dst>
      <dst id="6">75.0044</dst>
      <dst id="16">22259.6533</dst>
      <dst id="14">456.6311</dst>
      <dst id="20">1621.3156</dst>
      <dst id="11">56.4267</dst>
      <dst id="9">2119.6089</dst>
      <dst id="17">21760.9778</dst>
      <dst id="21">3342.1778</dst>
      <dst id="15">2990.9156</dst>
    </src>
    <src id="19">
      <dst id="12">25306.5689</dst>
      <dst id="13">1295.4756</dst>
      <dst id="23">0.4978</dst>
      <dst id="8">1.1289</dst>
      <dst id="18">0.4978</dst>
      <dst id="4">58.6578</dst>
      <dst id="1">186.0978</dst>
      <dst id="5">82.6222</dst>
      <dst id="3">15.3600</dst>
      <dst id="10">82.3733</dst>
      <dst id="22">2.1333</dst>
      <dst id="7">4942.2311</dst>
      <dst id="2">601.0667</dst>
      <dst id="6">10.5867</dst>
      <dst id="16">251.4933</dst>
      <dst id="14">26.1422</dst>
      <dst id="20">4.4089</dst>
      <dst id="11">13.3333</dst>
      <dst id="9">275.6978</dst>
      <dst id="17">1247.2711</dst>
      <dst id="21">57.2889</dst>
      <dst id="15">82.8089</dst>
    </src>
    <src id="23">
      <dst id="12">11987.9022</dst>
      <dst id="13">92.3911</dst>
      <dst id="19">11.1289</dst>
      <dst id="8">101.2267</dst>
      <dst id="18">0.5422</dst>
      <dst id="4">57.7244</dst>
      <dst id="1">80.3822</dst>
      <dst id="5">56.5600</dst>
      <dst id="3">240.0000</dst>
      <dst id="10">24.7556</dst>
      <dst id="22">14.3111</dst>
      <dst id="7">54.6133</dst>
      <dst id="2">1.6622</dst>
      <dst id="20">0.8356</dst>
      <dst id="11">26.7644</dst>
      <dst id="9">7.3778</dst>
      <dst id="17">1857.5289</dst>
      <dst id="21">40.7467</dst>
    </src>
    <src id="8">
      <dst id="12">16473.1822</dst>
      <dst id="13">320.7733</dst>
      <dst id="19">0.4178</dst>
      <dst id="23">10773.3333</dst>
      <dst id="4">51.0311</dst>
      <dst id="1">13181.8400</dst>
      <dst id="5">1321.8933</dst>
      <dst id="10">4.2844</dst>
      <dst id="7">2.4178</dst>
      <dst id="2">62.2222</dst>
      <dst id="16">225002.7911</dst>
      <dst id="11">13.7511</dst>
      <dst id="9">72637.8578</dst>
      <dst id="17">12980.9867</dst>
      <dst id="15">13832.1778</dst>
    </src>
    <src id="18">
      <dst id="12">89686.1600</dst>
      <dst id="13">243.2267</dst>
      <dst id="19">1.3067</dst>
      <dst id="23">1.4400</dst>
      <dst id="8">1.8044</dst>
      <dst id="4">155.2533</dst>
      <dst id="1">932.3644</dst>
      <dst id="5">283.3689</dst>
      <dst id="3">1783.2800</dst>
      <dst id="10">21.9022</dst>
      <dst id="22">134.6844</dst>
      <dst id="7">57.5911</dst>
      <dst id="2">5597.4667</dst>
      <dst id="16">331.3244</dst>
      <dst id="20">164.9867</dst>
      <dst id="11">5.1289</dst>
      <dst id="9">782.5067</dst>
      <dst id="17">3844.5867</dst>
      <dst id="21">70.5511</dst>
      <dst id="15">28.8711</dst>
    </src>
    <src id="4">
      <dst id="12">19317.9111</dst>
      <dst id="13">2.7022</dst>
      <dst id="19">4359.4400</dst>
      <dst id="23">155.8844</dst>
      <dst id="8">531.4844</dst>
      <dst id="18">813.0400</dst>
      <dst id="4">851.9111</dst>
      <dst id="1">52069.8933</dst>
      <dst id="5">2593.2978</dst>
      <dst id="3">21.3867</dst>
      <dst id="22">95.4311</dst>
      <dst id="7">83.5556</dst>
      <dst id="2">65048.3911</dst>
      <dst id="6">267.9733</dst>
      <dst id="16">73500.8533</dst>
      <dst id="14">11767.8311</dst>
      <dst id="11">267.6356</dst>
      <dst id="9">15751.4578</dst>
      <dst id="17">50593.1911</dst>
      <dst id="21">6026.2844</dst>
      <dst id="15">189.4933</dst>
    </src>
    <src id="1">
      <dst id="12">342168.1689</dst>
      <dst id="13">502.6044</dst>
      <dst id="19">55.0933</dst>
      <dst id="23">47.1022</dst>
      <dst id="8">286.7200</dst>
      <dst id="18">12090.9244</dst>
      <dst id="4">805.2889</dst>
      <dst id="1">11771.2889</dst>
      <dst id="5">965.7600</dst>
      <dst id="3">6.1333</dst>
      <dst id="10">201.1467</dst>
      <dst id="22">20.1600</dst>
      <dst id="7">16568.2044</dst>
      <dst id="2">1070.0800</dst>
      <dst id="6">1.3422</dst>
      <dst id="16">787420.2756</dst>
      <dst id="14">79.9200</dst>
      <dst id="20">89.1556</dst>
      <dst id="11">106.8000</dst>
      <dst id="9">4324.5156</dst>
      <dst id="17">3296.9244</dst>
      <dst id="21">301377.3956</dst>
      <dst id="15">1027.4133</dst>
    </src>
    <src id="5">
      <dst id="12">30027.5644</dst>
      <dst id="13">916.9067</dst>
      <dst id="19">0.8178</dst>
      <dst id="23">35.1556</dst>
      <dst id="8">263.8844</dst>
      <dst id="18">40.3644</dst>
      <dst id="4">210.3911</dst>
      <dst id="1">2259.6800</dst>
      <dst id="10">147.1556</dst>
      <dst id="22">3.3778</dst>
      <dst id="7">23.4667</dst>
      <dst id="2">133.5200</dst>
      <dst id="6">46.0978</dst>
      <dst id="16">322949.7600</dst>
      <dst id="14">50.5156</dst>
      <dst id="11">0.4622</dst>
      <dst id="9">52647.5378</dst>
      <dst id="17">28495.2089</dst>
      <dst id="21">2.4889</dst>
      <dst id="15">1.0667</dst>
    </src>
    <src id="3">
      <dst id="12">2225.7422</dst>
      <dst id="13">46206.4978</dst>
      <dst id="19">6314.0711</dst>
      <dst id="23">15.4489</dst>
      <dst id="8">15.2800</dst>
      <dst id="18">110.4444</dst>
      <dst id="4">425.3600</dst>
      <dst id="1">20514.0444</dst>
      <dst id="5">39.3067</dst>
      <dst id="3">92.4978</dst>
      <dst id="10">237.7956</dst>
      <dst id="22">2.1333</dst>
      <dst id="7">956.5689</dst>
      <dst id="2">3656.4267</dst>
      <dst id="6">66.8444</dst>
      <dst id="16">19365.9289</dst>
      <dst id="14">179.3956</dst>
      <dst id="20">27.8756</dst>
      <dst id="11">629.9644</dst>
      <dst id="9">200.5600</dst>
      <dst id="17">46287.5467</dst>
      <dst id="21">1201.2178</dst>
      <dst id="15">5.2089</dst>
    </src>
    <src id="10">
      <dst id="12">3000.8356</dst>
      <dst id="13">7.5911</dst>
      <dst id="19">198.2667</dst>
      <dst id="23">31.9822</dst>
      <dst id="8">96.0533</dst>
      <dst id="18">952.5067</dst>
      <dst id="1">744.9689</dst>
      <dst id="5">821.6978</dst>
      <dst id="3">29.0844</dst>
      <dst id="10">32.7111</dst>
      <dst id="22">13.4044</dst>
      <dst id="7">341.7956</dst>
      <dst id="2">21523.7956</dst>
      <dst id="16">34874.9867</dst>
      <dst id="14">3263.4400</dst>
      <dst id="20">727.0489</dst>
      <dst id="11">26.6844</dst>
      <dst id="9">3709.6622</dst>
      <dst id="17">21447.2089</dst>
      <dst id="21">8956.5778</dst>
      <dst id="15">28.5689</dst>
    </src>
    <src id="22">
      <dst id="12">5794.2667</dst>
      <dst id="13">6333.7778</dst>
      <dst id="19">16.4000</dst>
      <dst id="23">27.0578</dst>
      <dst id="8">140.0622</dst>
      <dst id="18">29.5111</dst>
      <dst id="4">442.3733</dst>
      <dst id="1">289.4400</dst>
      <dst id="5">2038.1422</dst>
      <dst id="3">14.9956</dst>
      <dst id="10">110.2933</dst>
      <dst id="7">78.4978</dst>
      <dst id="2">1133.4844</dst>
      <dst id="6">0.9778</dst>
      <dst id="16">51.0844</dst>
      <dst id="14">6.1778</dst>
      <dst id="20">8882.8178</dst>
      <dst id="11">32.0178</dst>
      <dst id="9">4478.3378</dst>
      <dst id="17">3982.0000</dst>
      <dst id="21">100.2311</dst>
      <dst id="15">19.5022</dst>
    </src>
    <src id="7">
      <dst id="12">5156.6133</dst>
      <dst id="13">33839.2000</dst>
      <dst id="19">188.2489</dst>
      <dst id="23">7.9200</dst>
      <dst id="8">114.6222</dst>
      <dst id="18">141.7956</dst>
      <dst id="4">1467.9556</dst>
      <dst id="1">3759.3156</dst>
      <dst id="5">1600.0178</dst>
      <dst id="3">103.1022</dst>
      <dst id="10">326.5244</dst>
      <dst id="22">845.9644</dst>
      <dst id="7">32.0711</dst>
      <dst id="2">972.8800</dst>
      <dst id="6">96.8267</dst>
      <dst id="16">924.2844</dst>
      <dst id="14">72.8800</dst>
      <dst id="20">357.2444</dst>
      <dst id="11">140.8178</dst>
      <dst id="9">181.5200</dst>
      <dst id="17">4621.3956</dst>
      <dst id="21">304.9244</dst>
      <dst id="15">264.7467</dst>
    </src>
    <src id="2">
      <dst id="12">76672.4000</dst>
      <dst id="13">46162.4711</dst>
      <dst id="19">756.6933</dst>
      <dst id="8">93.3333</dst>
      <dst id="18">24065.1911</dst>
      <dst id="4">8500.0356</dst>
      <dst id="1">5643.6978</dst>
      <dst id="5">721.6178</dst>
      <dst id="3">43.5822</dst>
      <dst id="10">3097.6800</dst>
      <dst id="22">278.0444</dst>
      <dst id="7">3097.2533</dst>
      <dst id="2">1478.6222</dst>
      <dst id="6">11563.1111</dst>
      <dst id="16">186.2133</dst>
      <dst id="14">2773.7778</dst>
      <dst id="20">103.4222</dst>
      <dst id="11">195.6178</dst>
      <dst id="9">498.4267</dst>
      <dst id="17">16854.1422</dst>
      <dst id="21">1293.9467</dst>
      <dst id="15">174.4800</dst>
    </src>
    <src id="6">
      <dst id="12">321.4844</dst>
      <dst id="13">9.3244</dst>
      <dst id="19">2.5156</dst>
      <dst id="4">10.8533</dst>
      <dst id="1">51.4667</dst>
      <dst id="5">28.7378</dst>
      <dst id="3">43.7333</dst>
      <dst id="10">0.4267</dst>
      <dst id="22">11.8667</dst>
      <dst id="7">5.5111</dst>
      <dst id="2">1549.6800</dst>
      <dst id="16">20.9422</dst>
      <dst id="20">3.3333</dst>
      <dst id="9">10.9156</dst>
      <dst id="17">17244.4622</dst>
      <dst id="15">1.1378</dst>
    </src>
    <src id="16">
      <dst id="12">105350.0089</dst>
      <dst id="13">1350.9067</dst>
      <dst id="19">3024.4444</dst>
      <dst id="23">0.6933</dst>
      <dst id="8">73267.2889</dst>
      <dst id="18">60.3733</dst>
      <dst id="4">115.4933</dst>
      <dst id="1">6538.3911</dst>
      <dst id="5">211818.1956</dst>
      <dst id="3">4239.5200</dst>
      <dst id="10">484.1956</dst>
      <dst id="22">0.5867</dst>
      <dst id="7">33.3956</dst>
      <dst id="2">585.2978</dst>
      <dst id="6">11.9111</dst>
      <dst id="16">13493.0667</dst>
      <dst id="14">40698.5956</dst>
      <dst id="11">17017.1111</dst>
      <dst id="9">187886.1956</dst>
      <dst id="17">1140.1689</dst>
    </src>
    <src id="14">
      <dst id="12">1122.5778</dst>
      <dst id="13">639.0756</dst>
      <dst id="19">95.8311</dst>
      <dst id="23">0.9244</dst>
      <dst id="4">149.0311</dst>
      <dst id="1">294.4800</dst>
      <dst id="5">43.9556</dst>
      <dst id="3">2494.5333</dst>
      <dst id="10">51.1644</dst>
      <dst id="7">70.2756</dst>
      <dst id="2">2312.5956</dst>
      <dst id="16">1381.3867</dst>
      <dst id="20">0.5244</dst>
      <dst id="11">422.9689</dst>
      <dst id="9">138.4267</dst>
      <dst id="17">26726.5778</dst>
      <dst id="21">307.4933</dst>
    </src>
    <src id="20">
      <dst id="12">207.9911</dst>
      <dst id="13">4486.7733</dst>
      <dst id="19">28.6133</dst>
      <dst id="8">165.3689</dst>
      <dst id="18">85.4400</dst>
      <dst id="4">1883.7867</dst>
      <dst id="1">2932.4800</dst>
      <dst id="5">436.3733</dst>
      <dst id="10">220.8000</dst>
      <dst id="22">1213.9911</dst>
      <dst id="7">522.0089</dst>
      <dst id="2">253.7956</dst>
      <dst id="6">67.1467</dst>
      <dst id="16">5130.6844</dst>
      <dst id="14">2.5867</dst>
      <dst id="9">253.6978</dst>
      <dst id="17">5175.6178</dst>
      <dst id="21">0.3556</dst>
    </src>
    <src id="11">
      <dst id="12">31819.9022</dst>
      <dst id="13">3947.9378</dst>
      <dst id="19">37.1911</dst>
      <dst id="23">56.7289</dst>
      <dst id="8">68.6667</dst>
      <dst id="18">565.4489</dst>
      <dst id="4">1115.7778</dst>
      <dst id="1">4404.1067</dst>
      <dst id="5">995.7511</dst>
      <dst id="3">666.0356</dst>
      <dst id="10">424.2756</dst>
      <dst id="22">28.3556</dst>
      <dst id="7">300.5689</dst>
      <dst id="2">69753.1378</dst>
      <dst id="16">9365.1644</dst>
      <dst id="14">42.5156</dst>
      <dst id="20">242.2667</dst>
      <dst id="11">1155.4489</dst>
      <dst id="9">5119.5289</dst>
      <dst id="17">574310.5689</dst>
      <dst id="21">290.1244</dst>
      <dst id="15">2.8978</dst>
    </src>
    <src id="9">
      <dst id="12">25335.0489</dst>
      <dst id="13">1195.1644</dst>
      <dst id="19">11220.7378</dst>
      <dst id="23">103.9644</dst>
      <dst id="8">56108.3022</dst>
      <dst id="18">68.0267</dst>
      <dst id="4">677.5733</dst>
      <dst id="1">5736.1422</dst>
      <dst id="5">414.6400</dst>
      <dst id="10">385.9733</dst>
      <dst id="22">4.9067</dst>
      <dst id="7">57.5822</dst>
      <dst id="2">1854.0356</dst>
      <dst id="16">403791.6978</dst>
      <dst id="14">13.3333</dst>
      <dst id="11">19.1289</dst>
      <dst id="9">216090.5956</dst>
      <dst id="17">44782.5867</dst>
      <dst id="21">113.2089</dst>
      <dst id="15">3778.0444</dst>
    </src>
    <src id="17">
      <dst id="12">86463.0489</dst>
      <dst id="13">9357.3067</dst>
      <dst id="19">2167.7867</dst>
      <dst id="23">1971.9911</dst>
      <dst id="8">256.3911</dst>
      <dst id="18">27.6267</dst>
      <dst id="4">4974.2400</dst>
      <dst id="1">3116.8800</dst>
      <dst id="5">120239.1733</dst>
      <dst id="3">3454.4089</dst>
      <dst id="10">1541.7778</dst>
      <dst id="22">27.1644</dst>
      <dst id="7">6518.9511</dst>
      <dst id="2">72273.1200</dst>
      <dst id="6">26.8889</dst>
      <dst id="16">39774.6933</dst>
      <dst id="14">16379.0844</dst>
      <dst id="20">5163.1022</dst>
      <dst id="11">7500.5689</dst>
      <dst id="9">6420.5067</dst>
      <dst id="17">29478.9244</dst>
      <dst id="21">8531.5111</dst>
      <dst id="15">54.1600</dst>
    </src>
    <src id="21">
      <dst id="12">2194.5867</dst>
      <dst id="13">4336.4444</dst>
      <dst id="19">64.1956</dst>
      <dst id="23">11.2533</dst>
      <dst id="8">15.9289</dst>
      <dst id="18">605.2444</dst>
      <dst id="4">377.8578</dst>
      <dst id="1">4359.5200</dst>
      <dst id="5">294.5244</dst>
      <dst id="3">878.0800</dst>
      <dst id="10">177.1378</dst>
      <dst id="22">12.3111</dst>
      <dst id="7">7951.4400</dst>
      <dst id="2">3522.6044</dst>
      <dst id="6">72.5156</dst>
      <dst id="16">4016.3911</dst>
      <dst id="14">394.4178</dst>
      <dst id="20">4.9778</dst>
      <dst id="11">57.9644</dst>
      <dst id="9">452.5156</dst>
      <dst id="17">19823.2356</dst>
      <dst id="21">233.7689</dst>
      <dst id="15">81.7244</dst>
    </src>
    <src id="15">
      <dst id="12">51.0222</dst>
      <dst id="13">552.3556</dst>
      <dst id="19">71.8844</dst>
      <dst id="8">138.2044</dst>
      <dst id="18">164.2667</dst>
      <dst id="4">27.0311</dst>
      <dst id="1">265.5111</dst>
      <dst id="5">5.9200</dst>
      <dst id="10">14.3644</dst>
      <dst id="7">7.8044</dst>
      <dst id="2">76.4622</dst>
      <dst id="16">317.8933</dst>
      <dst id="14">0.4622</dst>
      <dst id="9">365.2889</dst>
      <dst id="17">100.8089</dst>
    </src>
  </IntraTM>
</TrafficMatrixFile>
