<?xml version="1.0" encoding="UTF-8" standalone="yes"?>
<TrafficMatrixFile xmlns:xsi="http://www.w3.org/2001/XMLSchema-instance" xsi:noNamespaceSchemaLocation="http://totem.run.montefiore.ulg.ac.be/Schema/TrafficMatrix-v1_2.xsd">
  <info>
    <title>Intradomain traffic matrix generated by geant-TM-all.pl</title>
    <date>2005-02-13T15:45:00</date>
    <duration>900</duration>
    <author>Steve Uhlig</author>
    <units>
        <unit type="bandwidth" value="kbps"/>
    </units>
  </info>
  <IntraTM ASID="20965">
    <src id="12">
      <dst id="12">321572.9244</dst>
      <dst id="13">13627.9822</dst>
      <dst id="19">4311.0933</dst>
      <dst id="23">2.4178</dst>
      <dst id="8">239.9822</dst>
      <dst id="18">67076.3733</dst>
      <dst id="4">29271.7333</dst>
      <dst id="1">8984.1244</dst>
      <dst id="5">3281.3067</dst>
      <dst id="3">84.5778</dst>
      <dst id="10">3358.2044</dst>
      <dst id="22">13672.1867</dst>
      <dst id="7">20996.5511</dst>
      <dst id="2">35325.3600</dst>
      <dst id="6">8.8267</dst>
      <dst id="16">13837.6000</dst>
      <dst id="14">242.7467</dst>
      <dst id="20">18948.2667</dst>
      <dst id="11">1973.0667</dst>
      <dst id="9">6281.6356</dst>
      <dst id="17">77827.4578</dst>
      <dst id="21">7746.2667</dst>
      <dst id="15">878.0711</dst>
    </src>
    <src id="13">
      <dst id="12">42389.8844</dst>
      <dst id="19">13197.3956</dst>
      <dst id="23">130.1778</dst>
      <dst id="8">1441.8667</dst>
      <dst id="18">3874.9067</dst>
      <dst id="4">0.3556</dst>
      <dst id="1">8519.9200</dst>
      <dst id="5">2979.5556</dst>
      <dst id="3">120.6133</dst>
      <dst id="22">14006.0711</dst>
      <dst id="7">14034.9778</dst>
      <dst id="2">30416.9511</dst>
      <dst id="6">1110.2044</dst>
      <dst id="16">5886.0178</dst>
      <dst id="14">5272.8356</dst>
      <dst id="20">18333.2622</dst>
      <dst id="11">212.0978</dst>
      <dst id="9">11312.6844</dst>
      <dst id="17">66362.7556</dst>
      <dst id="21">8529.6267</dst>
      <dst id="15">2653.9378</dst>
    </src>
    <src id="19">
      <dst id="12">23436.9689</dst>
      <dst id="13">15089.8756</dst>
      <dst id="23">0.3378</dst>
      <dst id="8">3034.1867</dst>
      <dst id="18">81.8667</dst>
      <dst id="4">14588.9689</dst>
      <dst id="1">286.0267</dst>
      <dst id="5">94.2756</dst>
      <dst id="3">6119.5022</dst>
      <dst id="10">282.8267</dst>
      <dst id="22">10.4444</dst>
      <dst id="7">6712.2311</dst>
      <dst id="2">553.7511</dst>
      <dst id="6">278.3644</dst>
      <dst id="16">12877.0844</dst>
      <dst id="14">14.3644</dst>
      <dst id="20">8.9778</dst>
      <dst id="11">25.0667</dst>
      <dst id="9">4704.7200</dst>
      <dst id="17">572.2578</dst>
      <dst id="21">775.4044</dst>
      <dst id="15">0.4622</dst>
    </src>
    <src id="23">
      <dst id="12">2139.5822</dst>
      <dst id="13">43.8222</dst>
      <dst id="18">8423.9911</dst>
      <dst id="4">2448.7022</dst>
      <dst id="1">296.4533</dst>
      <dst id="5">13.9200</dst>
      <dst id="3">116.8356</dst>
      <dst id="10">47.2533</dst>
      <dst id="22">42.1778</dst>
      <dst id="7">107.8489</dst>
      <dst id="2">57.9111</dst>
      <dst id="16">67.3600</dst>
      <dst id="14">13.6178</dst>
      <dst id="20">152.0356</dst>
      <dst id="11">13.7600</dst>
      <dst id="9">53.8311</dst>
      <dst id="17">2764.3556</dst>
      <dst id="21">513.5822</dst>
    </src>
    <src id="8">
      <dst id="12">12759.4311</dst>
      <dst id="13">85.0044</dst>
      <dst id="19">118.0267</dst>
      <dst id="23">1.0489</dst>
      <dst id="18">349.1022</dst>
      <dst id="4">608.3111</dst>
      <dst id="1">17887.1911</dst>
      <dst id="5">1112.8178</dst>
      <dst id="3">39.1200</dst>
      <dst id="10">270.7911</dst>
      <dst id="22">815.4044</dst>
      <dst id="7">7.5911</dst>
      <dst id="2">1626.6044</dst>
      <dst id="6">0.3556</dst>
      <dst id="16">497.5822</dst>
      <dst id="14">0.5867</dst>
      <dst id="20">394.0356</dst>
      <dst id="11">3.0667</dst>
      <dst id="9">158691.0667</dst>
      <dst id="17">259988.2489</dst>
      <dst id="21">32.9689</dst>
      <dst id="15">40.7911</dst>
    </src>
    <src id="18">
      <dst id="12">152459.7333</dst>
      <dst id="13">334.9867</dst>
      <dst id="19">41.8933</dst>
      <dst id="23">147.5200</dst>
      <dst id="8">82.5067</dst>
      <dst id="4">1875.5911</dst>
      <dst id="1">2456.3911</dst>
      <dst id="5">436.8444</dst>
      <dst id="3">696.5778</dst>
      <dst id="10">145.6267</dst>
      <dst id="22">445.8133</dst>
      <dst id="7">275.3422</dst>
      <dst id="2">44771.4133</dst>
      <dst id="6">1.8667</dst>
      <dst id="16">72.4089</dst>
      <dst id="14">12.2489</dst>
      <dst id="20">26.2133</dst>
      <dst id="11">4.8711</dst>
      <dst id="9">736.4533</dst>
      <dst id="17">10546.3022</dst>
      <dst id="21">488.5689</dst>
      <dst id="15">1.2622</dst>
    </src>
    <src id="4">
      <dst id="12">5610.8889</dst>
      <dst id="19">3719.0222</dst>
      <dst id="23">50.1867</dst>
      <dst id="8">1119.5467</dst>
      <dst id="18">195.4044</dst>
      <dst id="4">1.6267</dst>
      <dst id="1">59158.9244</dst>
      <dst id="5">2086.3556</dst>
      <dst id="3">647.2444</dst>
      <dst id="22">1533.3067</dst>
      <dst id="7">3417.8311</dst>
      <dst id="2">33198.0622</dst>
      <dst id="6">30.6400</dst>
      <dst id="16">1097.3156</dst>
      <dst id="14">607.0578</dst>
      <dst id="20">1013.5467</dst>
      <dst id="11">123.9556</dst>
      <dst id="9">2422.6044</dst>
      <dst id="17">20447.8933</dst>
      <dst id="21">1351.2622</dst>
      <dst id="15">1138.1422</dst>
    </src>
    <src id="1">
      <dst id="12">22987.8400</dst>
      <dst id="13">124.8711</dst>
      <dst id="19">141.4578</dst>
      <dst id="23">38.9956</dst>
      <dst id="8">58.1244</dst>
      <dst id="18">13305.1200</dst>
      <dst id="4">3750.7733</dst>
      <dst id="1">8989.2000</dst>
      <dst id="5">276.8622</dst>
      <dst id="3">33.6178</dst>
      <dst id="10">403.2711</dst>
      <dst id="22">39.7867</dst>
      <dst id="7">1165.8489</dst>
      <dst id="2">2269.7689</dst>
      <dst id="6">0.4267</dst>
      <dst id="16">20463.0222</dst>
      <dst id="14">114.4444</dst>
      <dst id="20">964.4800</dst>
      <dst id="11">158.6311</dst>
      <dst id="9">807.2444</dst>
      <dst id="17">2408.0089</dst>
      <dst id="21">2451.6800</dst>
      <dst id="15">170.5956</dst>
    </src>
    <src id="5">
      <dst id="12">28176.5422</dst>
      <dst id="13">402.4000</dst>
      <dst id="19">1.5733</dst>
      <dst id="23">0.4622</dst>
      <dst id="8">1099.2889</dst>
      <dst id="18">159.0756</dst>
      <dst id="4">1290.4444</dst>
      <dst id="1">7946.5333</dst>
      <dst id="3">3.2089</dst>
      <dst id="10">226.8178</dst>
      <dst id="22">1677.4578</dst>
      <dst id="7">37.4044</dst>
      <dst id="2">121.0933</dst>
      <dst id="6">56.0889</dst>
      <dst id="16">541.2000</dst>
      <dst id="14">21.3333</dst>
      <dst id="20">1321.7156</dst>
      <dst id="11">2172.1600</dst>
      <dst id="9">86182.9511</dst>
      <dst id="17">360180.4978</dst>
      <dst id="21">153.1467</dst>
      <dst id="15">51.1822</dst>
    </src>
    <src id="3">
      <dst id="12">9521.8133</dst>
      <dst id="13">286.1600</dst>
      <dst id="19">1006.4267</dst>
      <dst id="23">9.2889</dst>
      <dst id="8">108.5244</dst>
      <dst id="18">388.1156</dst>
      <dst id="4">3406.1333</dst>
      <dst id="1">1963.0578</dst>
      <dst id="5">375.8844</dst>
      <dst id="3">64.9156</dst>
      <dst id="10">1088.3022</dst>
      <dst id="22">365.5200</dst>
      <dst id="7">613.4222</dst>
      <dst id="2">3447.4133</dst>
      <dst id="6">32.8000</dst>
      <dst id="16">845.9200</dst>
      <dst id="14">152.1867</dst>
      <dst id="20">102.8711</dst>
      <dst id="11">329.0844</dst>
      <dst id="9">118.0089</dst>
      <dst id="17">37944.4978</dst>
      <dst id="21">2391.7867</dst>
      <dst id="15">85.6356</dst>
    </src>
    <src id="10">
      <dst id="12">185287.9644</dst>
      <dst id="19">540.4444</dst>
      <dst id="23">253.4933</dst>
      <dst id="8">105477.3511</dst>
      <dst id="18">2039.0222</dst>
      <dst id="1">1437.8844</dst>
      <dst id="5">202631.0400</dst>
      <dst id="3">6933.9911</dst>
      <dst id="22">2583.0311</dst>
      <dst id="7">17036.4889</dst>
      <dst id="2">15309.3244</dst>
      <dst id="6">23982.5511</dst>
      <dst id="16">552.6933</dst>
      <dst id="14">34356.7467</dst>
      <dst id="20">1074.2933</dst>
      <dst id="11">36159.9644</dst>
      <dst id="9">245169.2711</dst>
      <dst id="17">54823.3956</dst>
      <dst id="21">17620.0622</dst>
      <dst id="15">774.2133</dst>
    </src>
    <src id="22">
      <dst id="12">12204.9511</dst>
      <dst id="13">1973.3067</dst>
      <dst id="19">53.0933</dst>
      <dst id="23">19.1733</dst>
      <dst id="8">1652.3200</dst>
      <dst id="18">210.4089</dst>
      <dst id="4">5196.0444</dst>
      <dst id="1">1479.6089</dst>
      <dst id="5">2305.8133</dst>
      <dst id="3">43.1733</dst>
      <dst id="10">824.4267</dst>
      <dst id="7">902.3733</dst>
      <dst id="2">1042.7733</dst>
      <dst id="6">14.9956</dst>
      <dst id="14">576.0800</dst>
      <dst id="11">52.0178</dst>
      <dst id="9">629.5022</dst>
      <dst id="17">3572.6222</dst>
      <dst id="21">496.2844</dst>
    </src>
    <src id="7">
      <dst id="12">8216.8978</dst>
      <dst id="13">211.0578</dst>
      <dst id="19">809.1467</dst>
      <dst id="23">12.9867</dst>
      <dst id="8">107.5822</dst>
      <dst id="18">294.3911</dst>
      <dst id="4">2821.7422</dst>
      <dst id="1">1849.7689</dst>
      <dst id="5">985.8844</dst>
      <dst id="3">1194.3111</dst>
      <dst id="10">353.2978</dst>
      <dst id="22">1482.1600</dst>
      <dst id="7">16.4622</dst>
      <dst id="2">4747.9911</dst>
      <dst id="6">133.4044</dst>
      <dst id="16">940.5067</dst>
      <dst id="14">516.4978</dst>
      <dst id="20">346.2933</dst>
      <dst id="11">68.6222</dst>
      <dst id="9">623.3422</dst>
      <dst id="17">9173.0044</dst>
      <dst id="21">627.8844</dst>
      <dst id="15">234.4800</dst>
    </src>
    <src id="2">
      <dst id="12">116721.2889</dst>
      <dst id="13">1316.4889</dst>
      <dst id="19">1564.2933</dst>
      <dst id="23">0.9244</dst>
      <dst id="8">345.0133</dst>
      <dst id="18">40318.1956</dst>
      <dst id="4">21556.6578</dst>
      <dst id="1">15878.2667</dst>
      <dst id="5">292.1600</dst>
      <dst id="3">940.2756</dst>
      <dst id="10">2439.0311</dst>
      <dst id="22">1396.9689</dst>
      <dst id="7">4362.8089</dst>
      <dst id="2">1444.6133</dst>
      <dst id="6">17733.0578</dst>
      <dst id="16">4710.7378</dst>
      <dst id="14">206.7733</dst>
      <dst id="20">444.8267</dst>
      <dst id="11">168.0889</dst>
      <dst id="9">840.8000</dst>
      <dst id="17">44169.5644</dst>
      <dst id="21">1422.1511</dst>
      <dst id="15">67.1111</dst>
    </src>
    <src id="6">
      <dst id="12">1038.0000</dst>
      <dst id="13">48.4444</dst>
      <dst id="19">53.6622</dst>
      <dst id="8">11.4667</dst>
      <dst id="4">0.7644</dst>
      <dst id="1">177.7156</dst>
      <dst id="5">41.3511</dst>
      <dst id="10">1.8400</dst>
      <dst id="22">16.9778</dst>
      <dst id="7">67.3956</dst>
      <dst id="2">2549.9022</dst>
      <dst id="16">20.1511</dst>
      <dst id="20">26.0622</dst>
      <dst id="9">0.6933</dst>
      <dst id="17">10352.3378</dst>
      <dst id="21">1.8311</dst>
    </src>
    <src id="16">
      <dst id="12">7912.6489</dst>
      <dst id="13">1002.9689</dst>
      <dst id="19">5327.0844</dst>
      <dst id="23">31.8844</dst>
      <dst id="8">4574.4533</dst>
      <dst id="18">18.6933</dst>
      <dst id="4">1333.5378</dst>
      <dst id="1">18175.5733</dst>
      <dst id="5">5895.6000</dst>
      <dst id="3">2.1156</dst>
      <dst id="10">259.1911</dst>
      <dst id="7">3616.5600</dst>
      <dst id="2">695.5022</dst>
      <dst id="6">0.4622</dst>
      <dst id="16">23.8844</dst>
      <dst id="14">0.5511</dst>
      <dst id="11">205.4489</dst>
      <dst id="9">8697.4756</dst>
      <dst id="17">6576.0178</dst>
      <dst id="21">104.6400</dst>
    </src>
    <src id="14">
      <dst id="12">2257.6978</dst>
      <dst id="13">10.4711</dst>
      <dst id="19">0.9956</dst>
      <dst id="23">1.7867</dst>
      <dst id="18">0.3556</dst>
      <dst id="4">602.4978</dst>
      <dst id="1">1407.8578</dst>
      <dst id="5">5.9822</dst>
      <dst id="3">98.8178</dst>
      <dst id="10">139.1378</dst>
      <dst id="22">3.6978</dst>
      <dst id="7">264.7556</dst>
      <dst id="2">3474.9600</dst>
      <dst id="16">4.5244</dst>
      <dst id="20">0.9244</dst>
      <dst id="11">0.5333</dst>
      <dst id="9">61.6089</dst>
      <dst id="17">22108.9778</dst>
      <dst id="21">58.2044</dst>
      <dst id="15">27.1289</dst>
    </src>
    <src id="20">
      <dst id="12">9627.7778</dst>
      <dst id="13">1246.9333</dst>
      <dst id="19">27.9822</dst>
      <dst id="23">150.8356</dst>
      <dst id="8">44.5600</dst>
      <dst id="18">15.3956</dst>
      <dst id="4">910.5067</dst>
      <dst id="1">45.0844</dst>
      <dst id="5">4640.8889</dst>
      <dst id="3">27.3778</dst>
      <dst id="10">1077.3422</dst>
      <dst id="7">295.6089</dst>
      <dst id="2">203.5111</dst>
      <dst id="6">3.5200</dst>
      <dst id="20">40.3200</dst>
      <dst id="11">30.5422</dst>
      <dst id="9">2132.3644</dst>
      <dst id="17">3268.0622</dst>
      <dst id="21">747.8578</dst>
    </src>
    <src id="11">
      <dst id="12">35370.4444</dst>
      <dst id="13">1507.3333</dst>
      <dst id="19">463.0222</dst>
      <dst id="23">16.3022</dst>
      <dst id="8">3078.2400</dst>
      <dst id="18">201.0756</dst>
      <dst id="4">1338.7467</dst>
      <dst id="1">2346.6933</dst>
      <dst id="5">1721.5467</dst>
      <dst id="3">43.1111</dst>
      <dst id="10">162.2311</dst>
      <dst id="22">2513.7156</dst>
      <dst id="7">1163.2178</dst>
      <dst id="2">112105.8400</dst>
      <dst id="6">29.0311</dst>
      <dst id="16">152.9689</dst>
      <dst id="14">76.1511</dst>
      <dst id="20">1363.9467</dst>
      <dst id="11">3671.6444</dst>
      <dst id="9">1192.0178</dst>
      <dst id="17">611172.6044</dst>
      <dst id="21">304.2756</dst>
      <dst id="15">153.2089</dst>
    </src>
    <src id="9">
      <dst id="12">30854.6578</dst>
      <dst id="13">1773.8667</dst>
      <dst id="19">132.2844</dst>
      <dst id="23">28.7556</dst>
      <dst id="8">101861.0311</dst>
      <dst id="18">696.1778</dst>
      <dst id="4">3904.0267</dst>
      <dst id="1">11122.6844</dst>
      <dst id="5">1106.9867</dst>
      <dst id="3">1.1733</dst>
      <dst id="10">840.5956</dst>
      <dst id="22">5124.8444</dst>
      <dst id="7">216.9956</dst>
      <dst id="2">913.3333</dst>
      <dst id="6">0.6933</dst>
      <dst id="16">984.4178</dst>
      <dst id="14">33.3333</dst>
      <dst id="20">4941.9022</dst>
      <dst id="11">12.6222</dst>
      <dst id="9">456047.2978</dst>
      <dst id="17">403985.6533</dst>
      <dst id="21">385.2800</dst>
      <dst id="15">3996.7822</dst>
    </src>
    <src id="17">
      <dst id="12">164061.7867</dst>
      <dst id="13">5293.6978</dst>
      <dst id="19">295.2533</dst>
      <dst id="23">12.5333</dst>
      <dst id="8">307.8933</dst>
      <dst id="18">702.6133</dst>
      <dst id="4">14056.7556</dst>
      <dst id="1">2003.4222</dst>
      <dst id="5">171326.6044</dst>
      <dst id="3">4704.4356</dst>
      <dst id="10">1094.9867</dst>
      <dst id="22">2450.3111</dst>
      <dst id="7">9582.2667</dst>
      <dst id="2">5867.4133</dst>
      <dst id="6">150.4000</dst>
      <dst id="16">5175.3956</dst>
      <dst id="14">20921.3956</dst>
      <dst id="20">5145.4133</dst>
      <dst id="11">18734.2578</dst>
      <dst id="9">5827.1911</dst>
      <dst id="17">15270.5422</dst>
      <dst id="21">6024.4356</dst>
      <dst id="15">50.1689</dst>
    </src>
    <src id="21">
      <dst id="12">8506.5511</dst>
      <dst id="13">1175.3600</dst>
      <dst id="19">545.9200</dst>
      <dst id="23">205.4756</dst>
      <dst id="8">86.1156</dst>
      <dst id="18">258.4000</dst>
      <dst id="4">9513.4311</dst>
      <dst id="1">1275.2356</dst>
      <dst id="5">324.1689</dst>
      <dst id="3">643.0222</dst>
      <dst id="10">544.0356</dst>
      <dst id="22">786.6844</dst>
      <dst id="7">922.9333</dst>
      <dst id="2">5941.4400</dst>
      <dst id="6">37.2978</dst>
      <dst id="16">172.0978</dst>
      <dst id="14">135.9822</dst>
      <dst id="20">136.8089</dst>
      <dst id="11">39.9289</dst>
      <dst id="9">374.2489</dst>
      <dst id="17">26241.2267</dst>
      <dst id="21">1039.6000</dst>
      <dst id="15">273.8222</dst>
    </src>
    <src id="15">
      <dst id="12">1873.5378</dst>
      <dst id="13">203.4933</dst>
      <dst id="19">39.0044</dst>
      <dst id="8">13.7600</dst>
      <dst id="18">1.6711</dst>
      <dst id="4">663.8222</dst>
      <dst id="1">47.0400</dst>
      <dst id="5">85.2978</dst>
      <dst id="3">0.4622</dst>
      <dst id="10">371.7156</dst>
      <dst id="7">159.6889</dst>
      <dst id="2">156.3022</dst>
      <dst id="6">0.9244</dst>
      <dst id="14">14.1956</dst>
      <dst id="11">1.8489</dst>
      <dst id="9">520.8178</dst>
      <dst id="17">813.6711</dst>
      <dst id="21">44.9956</dst>
    </src>
  </IntraTM>
</TrafficMatrixFile>
