<?xml version="1.0" encoding="UTF-8" standalone="yes"?>
<TrafficMatrixFile xmlns:xsi="http://www.w3.org/2001/XMLSchema-instance" xsi:noNamespaceSchemaLocation="http://totem.run.montefiore.ulg.ac.be/Schema/TrafficMatrix-v1_2.xsd">
  <info>
    <title>Intradomain traffic matrix generated by geant-TM-all.pl</title>
    <date>2005-03-28T13:15:00</date>
    <duration>900</duration>
    <author>Steve Uhlig</author>
    <units>
        <unit type="bandwidth" value="kbps"/>
    </units>
  </info>
  <IntraTM ASID="20965">
    <src id="12">
      <dst id="12">276122.2400</dst>
      <dst id="13">24944.8178</dst>
      <dst id="19">6679.4133</dst>
      <dst id="23">867.1556</dst>
      <dst id="8">10.4889</dst>
      <dst id="18">58614.5422</dst>
      <dst id="4">2725.4489</dst>
      <dst id="1">26270.0089</dst>
      <dst id="5">340.7556</dst>
      <dst id="3">185.1378</dst>
      <dst id="10">1965.3333</dst>
      <dst id="22">695.8400</dst>
      <dst id="7">2439.2356</dst>
      <dst id="2">20185.9022</dst>
      <dst id="6">8761.3156</dst>
      <dst id="16">1982.4178</dst>
      <dst id="14">875.0933</dst>
      <dst id="20">1029.5911</dst>
      <dst id="11">41.3067</dst>
      <dst id="9">937.6089</dst>
      <dst id="17">32688.6400</dst>
      <dst id="21">3943.0400</dst>
      <dst id="15">50.4267</dst>
    </src>
    <src id="13">
      <dst id="12">9710.9511</dst>
      <dst id="13">66.6489</dst>
      <dst id="19">3408.6489</dst>
      <dst id="23">6.5778</dst>
      <dst id="8">49.0667</dst>
      <dst id="18">9206.9422</dst>
      <dst id="1">393.3778</dst>
      <dst id="5">14110.1689</dst>
      <dst id="3">5.7156</dst>
      <dst id="10">15.3778</dst>
      <dst id="22">802.7733</dst>
      <dst id="7">539.5378</dst>
      <dst id="2">9197.4400</dst>
      <dst id="6">7.3778</dst>
      <dst id="16">1128.5689</dst>
      <dst id="14">419.7867</dst>
      <dst id="20">3789.6089</dst>
      <dst id="11">119.6444</dst>
      <dst id="9">65.7333</dst>
      <dst id="17">19919.5022</dst>
      <dst id="21">190.8533</dst>
      <dst id="15">36.3467</dst>
    </src>
    <src id="19">
      <dst id="12">25430.6933</dst>
      <dst id="13">463.5644</dst>
      <dst id="23">63.9644</dst>
      <dst id="18">14.1511</dst>
      <dst id="4">90.4978</dst>
      <dst id="1">88.4711</dst>
      <dst id="5">7.3867</dst>
      <dst id="10">42.7467</dst>
      <dst id="22">1.5822</dst>
      <dst id="7">2452.9689</dst>
      <dst id="2">570.4356</dst>
      <dst id="6">0.6756</dst>
      <dst id="16">642.7022</dst>
      <dst id="14">109.6533</dst>
      <dst id="20">2.1067</dst>
      <dst id="11">1.0489</dst>
      <dst id="9">1.0667</dst>
      <dst id="17">5953.1822</dst>
      <dst id="21">3.2356</dst>
    </src>
    <src id="23">
      <dst id="12">1142.9689</dst>
      <dst id="13">587.5733</dst>
      <dst id="19">3873.4578</dst>
      <dst id="18">6372.2400</dst>
      <dst id="4">597.6444</dst>
      <dst id="1">65.0756</dst>
      <dst id="10">30.7111</dst>
      <dst id="22">91.8222</dst>
      <dst id="7">137.0044</dst>
      <dst id="2">82.8000</dst>
      <dst id="6">0.8622</dst>
      <dst id="14">1.6978</dst>
      <dst id="20">1.4133</dst>
      <dst id="11">57.2889</dst>
      <dst id="9">0.6933</dst>
      <dst id="17">4412.0622</dst>
      <dst id="21">106.6933</dst>
      <dst id="15">13.8311</dst>
    </src>
    <src id="8">
      <dst id="12">6841.7689</dst>
      <dst id="13">251.3600</dst>
      <dst id="19">4.9333</dst>
      <dst id="4">267.7778</dst>
      <dst id="1">4620.5333</dst>
      <dst id="5">41.0044</dst>
      <dst id="10">23.0400</dst>
      <dst id="2">316.5244</dst>
      <dst id="16">177366.0978</dst>
      <dst id="11">1.8044</dst>
      <dst id="9">43979.3689</dst>
      <dst id="17">16332.2133</dst>
      <dst id="21">15.7867</dst>
      <dst id="15">1.2089</dst>
    </src>
    <src id="18">
      <dst id="12">91755.8578</dst>
      <dst id="13">477.0222</dst>
      <dst id="19">2.5244</dst>
      <dst id="23">67.4844</dst>
      <dst id="4">86.9867</dst>
      <dst id="1">884.6044</dst>
      <dst id="5">18.6133</dst>
      <dst id="3">1965.2444</dst>
      <dst id="10">48.4178</dst>
      <dst id="22">279.8311</dst>
      <dst id="7">147.8578</dst>
      <dst id="2">7582.5156</dst>
      <dst id="16">258.0978</dst>
      <dst id="20">62.1422</dst>
      <dst id="11">10.4889</dst>
      <dst id="9">1384.9689</dst>
      <dst id="17">3774.5333</dst>
      <dst id="21">151.8667</dst>
    </src>
    <src id="4">
      <dst id="12">13279.4844</dst>
      <dst id="13">6.7733</dst>
      <dst id="19">16142.4356</dst>
      <dst id="23">7023.7600</dst>
      <dst id="8">203.7156</dst>
      <dst id="18">2324.3644</dst>
      <dst id="4">476.5600</dst>
      <dst id="1">189520.2489</dst>
      <dst id="5">1095.2978</dst>
      <dst id="3">322.5067</dst>
      <dst id="22">305.6533</dst>
      <dst id="7">2359.0133</dst>
      <dst id="2">46876.3289</dst>
      <dst id="6">30.7467</dst>
      <dst id="16">112316.0711</dst>
      <dst id="14">9319.4667</dst>
      <dst id="11">845.7067</dst>
      <dst id="9">9422.2667</dst>
      <dst id="17">43343.0044</dst>
      <dst id="21">9102.5689</dst>
      <dst id="15">461.5289</dst>
    </src>
    <src id="1">
      <dst id="12">404212.9067</dst>
      <dst id="13">2943.7244</dst>
      <dst id="19">37.0311</dst>
      <dst id="23">38.5511</dst>
      <dst id="8">51.8133</dst>
      <dst id="18">11410.4267</dst>
      <dst id="4">317.5733</dst>
      <dst id="1">39858.3289</dst>
      <dst id="5">202.2844</dst>
      <dst id="3">11.4578</dst>
      <dst id="10">461.2978</dst>
      <dst id="7">2919.8756</dst>
      <dst id="2">12523.5111</dst>
      <dst id="16">832996.8356</dst>
      <dst id="14">2848.8889</dst>
      <dst id="20">33.2711</dst>
      <dst id="11">32.2844</dst>
      <dst id="9">12011.1111</dst>
      <dst id="17">13770.0978</dst>
      <dst id="21">225738.3467</dst>
      <dst id="15">113.1022</dst>
    </src>
    <src id="5">
      <dst id="12">9646.1333</dst>
      <dst id="13">9028.3644</dst>
      <dst id="19">177.4933</dst>
      <dst id="23">0.3556</dst>
      <dst id="8">6.2400</dst>
      <dst id="18">357.1733</dst>
      <dst id="4">149.7867</dst>
      <dst id="1">4413.6889</dst>
      <dst id="10">121.3778</dst>
      <dst id="22">0.9689</dst>
      <dst id="7">45.7956</dst>
      <dst id="2">1602.3200</dst>
      <dst id="6">13.3333</dst>
      <dst id="16">219053.8044</dst>
      <dst id="14">24.6400</dst>
      <dst id="11">1.4578</dst>
      <dst id="9">30821.7867</dst>
      <dst id="17">22136.8089</dst>
      <dst id="21">5.5467</dst>
      <dst id="15">7.7778</dst>
    </src>
    <src id="3">
      <dst id="12">12167.8844</dst>
      <dst id="13">93308.3289</dst>
      <dst id="19">1174.3556</dst>
      <dst id="23">11.5822</dst>
      <dst id="8">1.9111</dst>
      <dst id="18">1268.2756</dst>
      <dst id="4">1083.8844</dst>
      <dst id="1">8642.7467</dst>
      <dst id="5">190.0178</dst>
      <dst id="3">111.0844</dst>
      <dst id="10">243.1556</dst>
      <dst id="22">0.9422</dst>
      <dst id="7">510.8444</dst>
      <dst id="2">2405.6267</dst>
      <dst id="6">307.3778</dst>
      <dst id="16">9837.6267</dst>
      <dst id="14">365.8044</dst>
      <dst id="20">23.7511</dst>
      <dst id="11">179.9200</dst>
      <dst id="9">665.4578</dst>
      <dst id="17">24029.4222</dst>
      <dst id="21">7256.0800</dst>
      <dst id="15">4.0711</dst>
    </src>
    <src id="10">
      <dst id="12">1651.4489</dst>
      <dst id="13">3.6089</dst>
      <dst id="19">4429.3156</dst>
      <dst id="23">8769.2444</dst>
      <dst id="8">197.2444</dst>
      <dst id="18">11796.1067</dst>
      <dst id="1">7594.2489</dst>
      <dst id="5">129.4311</dst>
      <dst id="3">49.9556</dst>
      <dst id="10">1.2089</dst>
      <dst id="22">3670.6222</dst>
      <dst id="7">30.6667</dst>
      <dst id="2">9524.1244</dst>
      <dst id="6">13.1200</dst>
      <dst id="16">35464.3289</dst>
      <dst id="14">8249.6711</dst>
      <dst id="20">3029.2800</dst>
      <dst id="11">13.0844</dst>
      <dst id="9">3113.8756</dst>
      <dst id="17">38336.0356</dst>
      <dst id="21">9756.8356</dst>
      <dst id="15">98.3822</dst>
    </src>
    <src id="22">
      <dst id="12">5052.4444</dst>
      <dst id="13">12843.4756</dst>
      <dst id="19">47.3422</dst>
      <dst id="23">17.5644</dst>
      <dst id="8">2110.4711</dst>
      <dst id="18">250.5778</dst>
      <dst id="4">662.2933</dst>
      <dst id="1">249.1822</dst>
      <dst id="5">430.5956</dst>
      <dst id="10">278.8178</dst>
      <dst id="7">135.6267</dst>
      <dst id="2">556.2489</dst>
      <dst id="6">13.2622</dst>
      <dst id="16">67.0133</dst>
      <dst id="14">14.4000</dst>
      <dst id="11">16.9778</dst>
      <dst id="9">105.7422</dst>
      <dst id="17">1348.9689</dst>
      <dst id="21">329.5111</dst>
    </src>
    <src id="7">
      <dst id="12">10933.7333</dst>
      <dst id="13">14248.5778</dst>
      <dst id="19">89.3156</dst>
      <dst id="23">38.5156</dst>
      <dst id="8">3.0844</dst>
      <dst id="18">17.4489</dst>
      <dst id="4">2413.8400</dst>
      <dst id="1">1562.0178</dst>
      <dst id="5">737.4400</dst>
      <dst id="3">8.1956</dst>
      <dst id="10">310.9689</dst>
      <dst id="22">707.5822</dst>
      <dst id="7">28.2400</dst>
      <dst id="2">17517.3244</dst>
      <dst id="6">31.2178</dst>
      <dst id="16">600.3911</dst>
      <dst id="14">238.1511</dst>
      <dst id="20">134.8444</dst>
      <dst id="11">456.4089</dst>
      <dst id="9">18.4889</dst>
      <dst id="17">4693.3156</dst>
      <dst id="21">1079.1733</dst>
      <dst id="15">185.6533</dst>
    </src>
    <src id="2">
      <dst id="12">79322.8000</dst>
      <dst id="13">23355.5911</dst>
      <dst id="19">286.5867</dst>
      <dst id="23">3.3422</dst>
      <dst id="8">1133.4578</dst>
      <dst id="18">27454.6844</dst>
      <dst id="4">6235.4400</dst>
      <dst id="1">7605.8844</dst>
      <dst id="5">248.9244</dst>
      <dst id="3">155.0578</dst>
      <dst id="10">1322.3644</dst>
      <dst id="22">265.8489</dst>
      <dst id="7">10809.5378</dst>
      <dst id="2">1798.3467</dst>
      <dst id="6">5622.5333</dst>
      <dst id="16">225.5556</dst>
      <dst id="14">840.7467</dst>
      <dst id="20">83.6444</dst>
      <dst id="11">3684.3022</dst>
      <dst id="9">102.8889</dst>
      <dst id="17">12450.2844</dst>
      <dst id="21">50186.6489</dst>
      <dst id="15">73.7689</dst>
    </src>
    <src id="6">
      <dst id="12">89.3067</dst>
      <dst id="13">19.1289</dst>
      <dst id="19">0.3378</dst>
      <dst id="4">1.4844</dst>
      <dst id="1">73.2889</dst>
      <dst id="3">43.6444</dst>
      <dst id="10">11.4667</dst>
      <dst id="22">0.4622</dst>
      <dst id="7">0.7644</dst>
      <dst id="2">434.9333</dst>
      <dst id="16">2.9511</dst>
      <dst id="9">14.5067</dst>
      <dst id="17">11741.9022</dst>
      <dst id="21">31.9111</dst>
    </src>
    <src id="16">
      <dst id="12">90091.3511</dst>
      <dst id="13">1540.2400</dst>
      <dst id="19">4207.6978</dst>
      <dst id="23">31.5822</dst>
      <dst id="8">34738.8978</dst>
      <dst id="18">0.7111</dst>
      <dst id="4">258.9867</dst>
      <dst id="1">8914.2933</dst>
      <dst id="5">154753.3511</dst>
      <dst id="3">3263.5556</dst>
      <dst id="10">668.9867</dst>
      <dst id="7">7.9822</dst>
      <dst id="2">24.6133</dst>
      <dst id="16">8844.9956</dst>
      <dst id="14">21337.4133</dst>
      <dst id="11">15530.2667</dst>
      <dst id="9">56644.0356</dst>
      <dst id="17">1785.6889</dst>
      <dst id="21">0.5600</dst>
    </src>
    <src id="14">
      <dst id="12">583.0578</dst>
      <dst id="13">396.0444</dst>
      <dst id="19">42.8622</dst>
      <dst id="23">1.8756</dst>
      <dst id="18">0.4622</dst>
      <dst id="4">217.9556</dst>
      <dst id="1">173.5467</dst>
      <dst id="5">42.1333</dst>
      <dst id="3">880.8800</dst>
      <dst id="10">176.9422</dst>
      <dst id="7">50.2044</dst>
      <dst id="2">766.7467</dst>
      <dst id="16">2059.7956</dst>
      <dst id="20">0.5244</dst>
      <dst id="9">253.0222</dst>
      <dst id="17">16767.8756</dst>
      <dst id="21">167.0756</dst>
      <dst id="15">1.7956</dst>
    </src>
    <src id="20">
      <dst id="12">14929.4311</dst>
      <dst id="13">1066.9600</dst>
      <dst id="19">40.0000</dst>
      <dst id="23">0.3378</dst>
      <dst id="8">0.9778</dst>
      <dst id="18">2.8711</dst>
      <dst id="4">446.0444</dst>
      <dst id="1">78.7289</dst>
      <dst id="5">132.1956</dst>
      <dst id="10">53.5911</dst>
      <dst id="22">28.1956</dst>
      <dst id="7">1582.7111</dst>
      <dst id="2">1337.2267</dst>
      <dst id="16">8190.5511</dst>
      <dst id="14">13.7067</dst>
      <dst id="11">27.1644</dst>
      <dst id="9">70.5244</dst>
      <dst id="17">17160.2489</dst>
      <dst id="21">51.2178</dst>
    </src>
    <src id="11">
      <dst id="12">30225.4044</dst>
      <dst id="13">6572.1867</dst>
      <dst id="19">245.8311</dst>
      <dst id="23">30.6311</dst>
      <dst id="8">66.2133</dst>
      <dst id="18">89.4400</dst>
      <dst id="4">1340.1333</dst>
      <dst id="1">3081.4578</dst>
      <dst id="5">298.9067</dst>
      <dst id="3">773.0844</dst>
      <dst id="10">263.1911</dst>
      <dst id="22">45.2089</dst>
      <dst id="7">362.2489</dst>
      <dst id="2">50190.4800</dst>
      <dst id="6">0.3556</dst>
      <dst id="16">6252.2311</dst>
      <dst id="14">1006.1689</dst>
      <dst id="20">8.6667</dst>
      <dst id="11">1069.6622</dst>
      <dst id="9">2456.9956</dst>
      <dst id="17">536794.8444</dst>
      <dst id="21">1216.3022</dst>
    </src>
    <src id="9">
      <dst id="12">11795.5289</dst>
      <dst id="13">1582.6133</dst>
      <dst id="19">14.9067</dst>
      <dst id="23">1.3156</dst>
      <dst id="8">56025.2000</dst>
      <dst id="18">41.5822</dst>
      <dst id="4">194.8711</dst>
      <dst id="1">2186.2222</dst>
      <dst id="5">231.7156</dst>
      <dst id="10">1104.1778</dst>
      <dst id="7">0.8533</dst>
      <dst id="2">22.4711</dst>
      <dst id="6">0.8889</dst>
      <dst id="16">234656.6400</dst>
      <dst id="14">15.8311</dst>
      <dst id="11">28.3378</dst>
      <dst id="9">100938.1867</dst>
      <dst id="17">34360.7733</dst>
      <dst id="21">23.8222</dst>
      <dst id="15">75.1022</dst>
    </src>
    <src id="17">
      <dst id="12">71860.2489</dst>
      <dst id="13">12162.1422</dst>
      <dst id="19">348.0444</dst>
      <dst id="23">33.6622</dst>
      <dst id="8">90.6933</dst>
      <dst id="18">5678.8889</dst>
      <dst id="4">3518.7733</dst>
      <dst id="1">9888.3911</dst>
      <dst id="5">67207.2533</dst>
      <dst id="3">2089.3422</dst>
      <dst id="10">429.9022</dst>
      <dst id="22">332.6578</dst>
      <dst id="7">17414.9333</dst>
      <dst id="2">39340.7200</dst>
      <dst id="6">10.2400</dst>
      <dst id="16">25631.4133</dst>
      <dst id="14">8808.2044</dst>
      <dst id="20">36734.1956</dst>
      <dst id="11">7097.0222</dst>
      <dst id="9">9769.1378</dst>
      <dst id="17">19351.4933</dst>
      <dst id="21">6435.9022</dst>
      <dst id="15">2782.7022</dst>
    </src>
    <src id="21">
      <dst id="12">646.4000</dst>
      <dst id="13">3156.0889</dst>
      <dst id="19">107.5822</dst>
      <dst id="23">4.6400</dst>
      <dst id="8">198.2756</dst>
      <dst id="18">1014.9600</dst>
      <dst id="4">513.9022</dst>
      <dst id="1">3525.7956</dst>
      <dst id="5">390.3556</dst>
      <dst id="3">1485.1200</dst>
      <dst id="10">215.1644</dst>
      <dst id="7">1268.7644</dst>
      <dst id="2">113895.7867</dst>
      <dst id="6">38.8800</dst>
      <dst id="16">3791.2356</dst>
      <dst id="14">453.6978</dst>
      <dst id="20">353.9822</dst>
      <dst id="11">146.7822</dst>
      <dst id="9">1229.7422</dst>
      <dst id="17">13550.5244</dst>
      <dst id="21">959.1556</dst>
      <dst id="15">6.4533</dst>
    </src>
    <src id="15">
      <dst id="12">18.9156</dst>
      <dst id="13">338.3200</dst>
      <dst id="18">0.6933</dst>
      <dst id="4">41.6444</dst>
      <dst id="1">247.9644</dst>
      <dst id="5">151.1111</dst>
      <dst id="10">0.3556</dst>
      <dst id="7">19.0044</dst>
      <dst id="2">97.4489</dst>
      <dst id="16">2283.6356</dst>
      <dst id="14">13.3333</dst>
      <dst id="9">103.0756</dst>
      <dst id="17">187.7244</dst>
      <dst id="21">1.7511</dst>
    </src>
  </IntraTM>
</TrafficMatrixFile>
