<?xml version="1.0" encoding="UTF-8" standalone="yes"?>
<TrafficMatrixFile xmlns:xsi="http://www.w3.org/2001/XMLSchema-instance" xsi:noNamespaceSchemaLocation="http://totem.run.montefiore.ulg.ac.be/Schema/TrafficMatrix-v1_2.xsd">
  <info>
    <title>Intradomain traffic matrix generated by geant-TM-all.pl</title>
    <date>2005-03-20T08:15:00</date>
    <duration>900</duration>
    <author>Steve Uhlig</author>
    <units>
        <unit type="bandwidth" value="kbps"/>
    </units>
  </info>
  <IntraTM ASID="20965">
    <src id="12">
      <dst id="12">308155.4400</dst>
      <dst id="13">53116.7378</dst>
      <dst id="19">2887.9111</dst>
      <dst id="23">2176.3022</dst>
      <dst id="8">123.2267</dst>
      <dst id="18">112168.4800</dst>
      <dst id="4">10087.1022</dst>
      <dst id="1">18777.6356</dst>
      <dst id="5">1476.1511</dst>
      <dst id="3">163.4578</dst>
      <dst id="10">1430.8444</dst>
      <dst id="22">3985.6267</dst>
      <dst id="7">1607.1111</dst>
      <dst id="2">18815.9733</dst>
      <dst id="6">14679.7333</dst>
      <dst id="16">21296.5867</dst>
      <dst id="14">1142.4000</dst>
      <dst id="20">3206.9244</dst>
      <dst id="11">65.7422</dst>
      <dst id="9">1928.4533</dst>
      <dst id="17">54751.2000</dst>
      <dst id="21">806.9956</dst>
      <dst id="15">819.7333</dst>
    </src>
    <src id="13">
      <dst id="12">12730.9156</dst>
      <dst id="13">168.4622</dst>
      <dst id="19">2390.4711</dst>
      <dst id="23">7.0311</dst>
      <dst id="8">147.7156</dst>
      <dst id="18">150.9689</dst>
      <dst id="4">1.2089</dst>
      <dst id="1">271.1733</dst>
      <dst id="5">931.8667</dst>
      <dst id="3">24.5156</dst>
      <dst id="10">13.1378</dst>
      <dst id="22">7013.9822</dst>
      <dst id="7">9102.1600</dst>
      <dst id="2">2519.3956</dst>
      <dst id="6">31.7689</dst>
      <dst id="16">2308.3733</dst>
      <dst id="14">83.8578</dst>
      <dst id="20">4044.6756</dst>
      <dst id="11">286.1867</dst>
      <dst id="9">1150.8978</dst>
      <dst id="17">6749.8222</dst>
      <dst id="21">312.6400</dst>
      <dst id="15">35.1022</dst>
    </src>
    <src id="19">
      <dst id="12">6774.0800</dst>
      <dst id="13">1173.6978</dst>
      <dst id="8">4.2756</dst>
      <dst id="18">0.8889</dst>
      <dst id="4">32.5422</dst>
      <dst id="1">49.2178</dst>
      <dst id="10">120.5689</dst>
      <dst id="22">2057.9200</dst>
      <dst id="7">3066.0089</dst>
      <dst id="2">212.9867</dst>
      <dst id="6">11.0933</dst>
      <dst id="16">1321.7956</dst>
      <dst id="14">30.8356</dst>
      <dst id="20">14.7911</dst>
      <dst id="11">12.6222</dst>
      <dst id="9">15.9733</dst>
      <dst id="17">920.6667</dst>
      <dst id="21">358.0800</dst>
      <dst id="15">346.6578</dst>
    </src>
    <src id="23">
      <dst id="12">12246.6133</dst>
      <dst id="13">1935.1556</dst>
      <dst id="8">13.3333</dst>
      <dst id="18">2354.7556</dst>
      <dst id="4">960.0000</dst>
      <dst id="1">31.6978</dst>
      <dst id="10">1223.0044</dst>
      <dst id="22">1.2178</dst>
      <dst id="7">34.9511</dst>
      <dst id="2">1425.7067</dst>
      <dst id="16">2.1511</dst>
      <dst id="14">0.6489</dst>
      <dst id="20">0.8356</dst>
      <dst id="11">0.7200</dst>
      <dst id="9">161.5822</dst>
      <dst id="17">2050.4533</dst>
      <dst id="21">12.6222</dst>
    </src>
    <src id="8">
      <dst id="12">8562.5422</dst>
      <dst id="13">864.5422</dst>
      <dst id="19">191.8133</dst>
      <dst id="23">0.3556</dst>
      <dst id="18">130.9244</dst>
      <dst id="4">1836.6756</dst>
      <dst id="1">3243.2178</dst>
      <dst id="5">590.8889</dst>
      <dst id="10">924.6667</dst>
      <dst id="7">89.6978</dst>
      <dst id="2">129.0222</dst>
      <dst id="16">269980.4089</dst>
      <dst id="14">42.6844</dst>
      <dst id="11">1.6533</dst>
      <dst id="9">67119.5378</dst>
      <dst id="17">39963.3867</dst>
      <dst id="21">51.5911</dst>
      <dst id="15">1.5911</dst>
    </src>
    <src id="18">
      <dst id="12">142498.3467</dst>
      <dst id="13">152.7289</dst>
      <dst id="23">42.3200</dst>
      <dst id="8">125.5378</dst>
      <dst id="4">10.0178</dst>
      <dst id="1">1358.8000</dst>
      <dst id="5">39.3867</dst>
      <dst id="3">1989.7156</dst>
      <dst id="10">54.3467</dst>
      <dst id="22">234.3378</dst>
      <dst id="7">2.4089</dst>
      <dst id="2">8554.5067</dst>
      <dst id="16">892.7467</dst>
      <dst id="14">0.7467</dst>
      <dst id="20">11.8667</dst>
      <dst id="9">491.2444</dst>
      <dst id="17">6050.0889</dst>
      <dst id="21">948.2844</dst>
      <dst id="15">0.9956</dst>
    </src>
    <src id="4">
      <dst id="12">30717.7156</dst>
      <dst id="13">0.5067</dst>
      <dst id="19">7523.4844</dst>
      <dst id="23">269.5111</dst>
      <dst id="8">1675.9289</dst>
      <dst id="18">1313.6178</dst>
      <dst id="4">105.5111</dst>
      <dst id="1">17113.9378</dst>
      <dst id="5">4354.7911</dst>
      <dst id="3">23.6178</dst>
      <dst id="7">208.7733</dst>
      <dst id="2">56837.6267</dst>
      <dst id="6">116.1244</dst>
      <dst id="16">48900.8444</dst>
      <dst id="14">2814.1156</dst>
      <dst id="11">205.8844</dst>
      <dst id="9">25721.3422</dst>
      <dst id="17">58153.9644</dst>
      <dst id="21">12448.7467</dst>
      <dst id="15">1057.3422</dst>
    </src>
    <src id="1">
      <dst id="12">341814.0800</dst>
      <dst id="13">3455.8222</dst>
      <dst id="19">60.4356</dst>
      <dst id="23">68.3200</dst>
      <dst id="8">42.7378</dst>
      <dst id="18">13484.3022</dst>
      <dst id="4">1373.1289</dst>
      <dst id="1">811891.7244</dst>
      <dst id="5">331.1733</dst>
      <dst id="3">91.0400</dst>
      <dst id="10">363.4933</dst>
      <dst id="7">259114.7289</dst>
      <dst id="2">21308.6222</dst>
      <dst id="6">1.8756</dst>
      <dst id="16">768144.9600</dst>
      <dst id="14">118.0000</dst>
      <dst id="20">79.9733</dst>
      <dst id="11">181.1822</dst>
      <dst id="9">537.7600</dst>
      <dst id="17">95350.7644</dst>
      <dst id="21">575123.4222</dst>
      <dst id="15">435.8400</dst>
    </src>
    <src id="5">
      <dst id="12">12390.1511</dst>
      <dst id="13">1745.8489</dst>
      <dst id="19">30.0889</dst>
      <dst id="8">274.9156</dst>
      <dst id="18">103.6267</dst>
      <dst id="4">416.8267</dst>
      <dst id="1">3709.8222</dst>
      <dst id="10">1425.6267</dst>
      <dst id="7">201.6444</dst>
      <dst id="2">2781.6711</dst>
      <dst id="16">326524.3733</dst>
      <dst id="14">1.5111</dst>
      <dst id="11">2.3467</dst>
      <dst id="9">48504.4444</dst>
      <dst id="17">59201.9911</dst>
      <dst id="21">82.8089</dst>
      <dst id="15">258.5867</dst>
    </src>
    <src id="3">
      <dst id="12">8985.5822</dst>
      <dst id="13">19516.6044</dst>
      <dst id="19">7306.2844</dst>
      <dst id="23">4.7022</dst>
      <dst id="8">120.2222</dst>
      <dst id="18">54.6933</dst>
      <dst id="4">642.2578</dst>
      <dst id="1">5511.8933</dst>
      <dst id="5">312.5156</dst>
      <dst id="3">274.0267</dst>
      <dst id="10">769.0844</dst>
      <dst id="7">842.7733</dst>
      <dst id="2">3740.1422</dst>
      <dst id="6">1.8933</dst>
      <dst id="16">1459.1289</dst>
      <dst id="14">335.6000</dst>
      <dst id="20">144.1778</dst>
      <dst id="11">84.4000</dst>
      <dst id="9">1902.2933</dst>
      <dst id="17">23472.4622</dst>
      <dst id="21">1328.7556</dst>
      <dst id="15">17.3422</dst>
    </src>
    <src id="10">
      <dst id="12">18916.3556</dst>
      <dst id="13">1134.1333</dst>
      <dst id="19">501.1733</dst>
      <dst id="23">276.8533</dst>
      <dst id="8">118.9333</dst>
      <dst id="18">5677.4133</dst>
      <dst id="1">204.1867</dst>
      <dst id="5">1637.2267</dst>
      <dst id="3">43.3156</dst>
      <dst id="7">71.3867</dst>
      <dst id="2">15970.8267</dst>
      <dst id="6">1.0311</dst>
      <dst id="16">27244.8978</dst>
      <dst id="14">1185.2711</dst>
      <dst id="20">563.5378</dst>
      <dst id="11">50.5778</dst>
      <dst id="9">8781.4578</dst>
      <dst id="17">60810.5156</dst>
      <dst id="21">14858.5511</dst>
      <dst id="15">2372.4000</dst>
    </src>
    <src id="22">
      <dst id="12">20966.6489</dst>
      <dst id="13">8099.9022</dst>
      <dst id="19">296.5778</dst>
      <dst id="23">0.8800</dst>
      <dst id="8">82.6756</dst>
      <dst id="18">363.5289</dst>
      <dst id="4">5890.6844</dst>
      <dst id="1">529.3067</dst>
      <dst id="5">1551.3778</dst>
      <dst id="3">128.7911</dst>
      <dst id="10">1379.0667</dst>
      <dst id="7">505.0667</dst>
      <dst id="2">1621.5289</dst>
      <dst id="6">44.3022</dst>
      <dst id="16">2350.8000</dst>
      <dst id="14">298.3822</dst>
      <dst id="11">16.2489</dst>
      <dst id="9">1150.3733</dst>
      <dst id="17">6965.1467</dst>
      <dst id="21">174.7556</dst>
    </src>
    <src id="7">
      <dst id="12">13930.5778</dst>
      <dst id="13">19701.3333</dst>
      <dst id="19">93.0400</dst>
      <dst id="23">519.3956</dst>
      <dst id="8">73.8400</dst>
      <dst id="18">186.8533</dst>
      <dst id="4">3756.3289</dst>
      <dst id="1">10089.1289</dst>
      <dst id="5">728.7911</dst>
      <dst id="3">128.6578</dst>
      <dst id="10">252.6844</dst>
      <dst id="22">2548.6044</dst>
      <dst id="7">829.5111</dst>
      <dst id="2">13549.2000</dst>
      <dst id="6">97.0844</dst>
      <dst id="16">1050.2311</dst>
      <dst id="14">108.2133</dst>
      <dst id="20">544.4356</dst>
      <dst id="11">15.9111</dst>
      <dst id="9">982.5333</dst>
      <dst id="17">5950.7911</dst>
      <dst id="21">2500.3733</dst>
      <dst id="15">8.8267</dst>
    </src>
    <src id="2">
      <dst id="12">80482.2933</dst>
      <dst id="13">20466.7289</dst>
      <dst id="19">47.5556</dst>
      <dst id="23">13.0133</dst>
      <dst id="8">5558.9956</dst>
      <dst id="18">51607.3778</dst>
      <dst id="4">3170.5956</dst>
      <dst id="1">24093.2267</dst>
      <dst id="5">377.8667</dst>
      <dst id="3">912.2844</dst>
      <dst id="10">4543.0400</dst>
      <dst id="22">539.5289</dst>
      <dst id="7">7439.6356</dst>
      <dst id="2">6166.4711</dst>
      <dst id="6">11355.1289</dst>
      <dst id="16">824.9244</dst>
      <dst id="14">160.8889</dst>
      <dst id="20">16517.6000</dst>
      <dst id="11">154.1689</dst>
      <dst id="9">674.4533</dst>
      <dst id="17">24262.4000</dst>
      <dst id="21">3750.8889</dst>
      <dst id="15">72.8533</dst>
    </src>
    <src id="6">
      <dst id="12">1140.5244</dst>
      <dst id="13">11.4578</dst>
      <dst id="19">5.2444</dst>
      <dst id="4">34.0622</dst>
      <dst id="1">110.0711</dst>
      <dst id="5">0.5600</dst>
      <dst id="3">0.9422</dst>
      <dst id="22">7.9644</dst>
      <dst id="7">63.6444</dst>
      <dst id="2">909.7244</dst>
      <dst id="16">55.6267</dst>
      <dst id="11">0.3378</dst>
      <dst id="9">9.7956</dst>
      <dst id="17">18405.0844</dst>
      <dst id="21">34.3822</dst>
    </src>
    <src id="16">
      <dst id="12">137646.3467</dst>
      <dst id="13">444.3822</dst>
      <dst id="19">4091.4400</dst>
      <dst id="23">29.8756</dst>
      <dst id="8">87708.9511</dst>
      <dst id="18">36.5333</dst>
      <dst id="4">488.8533</dst>
      <dst id="1">12566.1422</dst>
      <dst id="5">195045.9822</dst>
      <dst id="3">7749.2978</dst>
      <dst id="10">976.6844</dst>
      <dst id="7">194.7111</dst>
      <dst id="2">161.3244</dst>
      <dst id="16">17410.7911</dst>
      <dst id="14">44534.8000</dst>
      <dst id="11">19164.8800</dst>
      <dst id="9">180217.2711</dst>
      <dst id="17">2092.9244</dst>
      <dst id="21">0.7111</dst>
    </src>
    <src id="14">
      <dst id="12">4462.4089</dst>
      <dst id="13">369.9289</dst>
      <dst id="19">18.5156</dst>
      <dst id="8">22.9333</dst>
      <dst id="4">430.4356</dst>
      <dst id="1">624.0356</dst>
      <dst id="5">13.6889</dst>
      <dst id="3">435.3422</dst>
      <dst id="10">33.4044</dst>
      <dst id="7">51.4400</dst>
      <dst id="2">2548.0622</dst>
      <dst id="16">95.7867</dst>
      <dst id="20">37.2267</dst>
      <dst id="9">173.7156</dst>
      <dst id="17">30897.8933</dst>
      <dst id="21">113.3867</dst>
    </src>
    <src id="20">
      <dst id="12">1817.2267</dst>
      <dst id="13">5565.1022</dst>
      <dst id="19">4.1778</dst>
      <dst id="23">1.1378</dst>
      <dst id="8">59.9022</dst>
      <dst id="18">598.7733</dst>
      <dst id="4">2258.8889</dst>
      <dst id="1">1309.1822</dst>
      <dst id="5">10551.3511</dst>
      <dst id="3">9.4578</dst>
      <dst id="10">1519.7689</dst>
      <dst id="7">167.3511</dst>
      <dst id="2">387.7778</dst>
      <dst id="6">0.3378</dst>
      <dst id="16">4649.5911</dst>
      <dst id="14">15.5289</dst>
      <dst id="20">44.9422</dst>
      <dst id="11">38.5778</dst>
      <dst id="9">3234.1600</dst>
      <dst id="17">945.7778</dst>
      <dst id="21">137.6444</dst>
    </src>
    <src id="11">
      <dst id="12">27549.2178</dst>
      <dst id="13">2865.3333</dst>
      <dst id="19">138.7644</dst>
      <dst id="23">164.4889</dst>
      <dst id="8">93.0311</dst>
      <dst id="18">1996.4178</dst>
      <dst id="4">1007.5378</dst>
      <dst id="1">4133.9378</dst>
      <dst id="5">805.3067</dst>
      <dst id="3">689.8489</dst>
      <dst id="10">3390.4444</dst>
      <dst id="7">63.6444</dst>
      <dst id="2">66811.3422</dst>
      <dst id="6">41.1111</dst>
      <dst id="16">4134.5244</dst>
      <dst id="14">53.2800</dst>
      <dst id="20">787.9022</dst>
      <dst id="11">1636.7644</dst>
      <dst id="9">6032.7111</dst>
      <dst id="17">675322.5156</dst>
      <dst id="21">558.4000</dst>
      <dst id="15">25.8844</dst>
    </src>
    <src id="9">
      <dst id="12">17182.2133</dst>
      <dst id="13">2687.0578</dst>
      <dst id="19">38.6311</dst>
      <dst id="23">444.7022</dst>
      <dst id="8">70179.7422</dst>
      <dst id="18">63.6800</dst>
      <dst id="4">1469.9111</dst>
      <dst id="1">7827.0578</dst>
      <dst id="5">601.6533</dst>
      <dst id="10">312.7200</dst>
      <dst id="7">198.2133</dst>
      <dst id="2">187.8133</dst>
      <dst id="16">458077.9822</dst>
      <dst id="14">4.6756</dst>
      <dst id="11">68.0444</dst>
      <dst id="9">242786.6844</dst>
      <dst id="17">86293.1467</dst>
      <dst id="21">159.4311</dst>
      <dst id="15">1202.0978</dst>
    </src>
    <src id="17">
      <dst id="12">126518.0889</dst>
      <dst id="13">42838.8622</dst>
      <dst id="19">9970.7733</dst>
      <dst id="23">15.9289</dst>
      <dst id="8">258.4356</dst>
      <dst id="18">92.0711</dst>
      <dst id="4">9141.9200</dst>
      <dst id="1">9194.8356</dst>
      <dst id="5">137536.5867</dst>
      <dst id="3">4896.4089</dst>
      <dst id="10">41367.9733</dst>
      <dst id="7">16318.8889</dst>
      <dst id="2">9519.2533</dst>
      <dst id="6">74.0800</dst>
      <dst id="16">11415.0578</dst>
      <dst id="14">14613.6800</dst>
      <dst id="20">278.9600</dst>
      <dst id="11">10941.7156</dst>
      <dst id="9">2391.2267</dst>
      <dst id="17">26160.0444</dst>
      <dst id="21">3353.6000</dst>
      <dst id="15">109.5644</dst>
    </src>
    <src id="21">
      <dst id="12">11149.9556</dst>
      <dst id="13">3861.2356</dst>
      <dst id="19">154.0089</dst>
      <dst id="23">2.5600</dst>
      <dst id="8">331.0222</dst>
      <dst id="18">968.3822</dst>
      <dst id="4">1092.6933</dst>
      <dst id="1">10077.9911</dst>
      <dst id="5">589.4578</dst>
      <dst id="3">1692.5511</dst>
      <dst id="10">504.4444</dst>
      <dst id="7">3370.3733</dst>
      <dst id="2">7421.3511</dst>
      <dst id="6">2.4800</dst>
      <dst id="16">2263.3956</dst>
      <dst id="14">84.7556</dst>
      <dst id="20">131.2622</dst>
      <dst id="11">93.8578</dst>
      <dst id="9">1548.7022</dst>
      <dst id="17">17745.8667</dst>
      <dst id="21">2552.4978</dst>
      <dst id="15">19.3244</dst>
    </src>
    <src id="15">
      <dst id="12">11544.7467</dst>
      <dst id="13">166.0267</dst>
      <dst id="19">4485.6622</dst>
      <dst id="23">0.6400</dst>
      <dst id="8">5.3511</dst>
      <dst id="18">2.3822</dst>
      <dst id="4">23.9289</dst>
      <dst id="1">310.6667</dst>
      <dst id="5">48.9867</dst>
      <dst id="10">114.1333</dst>
      <dst id="7">13.3333</dst>
      <dst id="2">1732.6311</dst>
      <dst id="16">69.9200</dst>
      <dst id="11">6.0444</dst>
      <dst id="9">817.9200</dst>
      <dst id="17">327.4933</dst>
    </src>
  </IntraTM>
</TrafficMatrixFile>
