<?xml version="1.0" encoding="UTF-8" standalone="yes"?>
<TrafficMatrixFile xmlns:xsi="http://www.w3.org/2001/XMLSchema-instance" xsi:noNamespaceSchemaLocation="http://totem.run.montefiore.ulg.ac.be/Schema/TrafficMatrix-v1_2.xsd">
  <info>
    <title>Intradomain traffic matrix generated by geant-TM-all.pl</title>
    <date>2005-02-18T22:15:00</date>
    <duration>900</duration>
    <author>Steve Uhlig</author>
    <units>
        <unit type="bandwidth" value="kbps"/>
    </units>
  </info>
  <IntraTM ASID="20965">
    <src id="12">
      <dst id="12">375118.1778</dst>
      <dst id="13">29273.1200</dst>
      <dst id="19">4755.5378</dst>
      <dst id="23">230.8711</dst>
      <dst id="8">8567.8756</dst>
      <dst id="18">181140.5156</dst>
      <dst id="4">17040.9956</dst>
      <dst id="1">21003.8844</dst>
      <dst id="5">2791.1644</dst>
      <dst id="3">2671.8933</dst>
      <dst id="10">5005.1111</dst>
      <dst id="22">5983.1022</dst>
      <dst id="7">16299.8222</dst>
      <dst id="2">55999.8044</dst>
      <dst id="6">39.4133</dst>
      <dst id="16">15199.3422</dst>
      <dst id="14">1829.1111</dst>
      <dst id="20">23082.1067</dst>
      <dst id="11">133.4222</dst>
      <dst id="9">27771.3600</dst>
      <dst id="17">105882.0267</dst>
      <dst id="21">12672.4889</dst>
      <dst id="15">742.2933</dst>
    </src>
    <src id="13">
      <dst id="12">68631.6978</dst>
      <dst id="19">20391.9556</dst>
      <dst id="23">4420.8356</dst>
      <dst id="8">8648.9511</dst>
      <dst id="18">7305.5289</dst>
      <dst id="1">10527.4222</dst>
      <dst id="5">5662.4622</dst>
      <dst id="3">1816.0711</dst>
      <dst id="22">16114.8533</dst>
      <dst id="7">37528.0178</dst>
      <dst id="2">102088.1600</dst>
      <dst id="6">437.9111</dst>
      <dst id="16">9690.7289</dst>
      <dst id="14">6633.1822</dst>
      <dst id="20">43038.9600</dst>
      <dst id="11">666.9778</dst>
      <dst id="9">27579.5200</dst>
      <dst id="17">162784.1156</dst>
      <dst id="21">16933.6089</dst>
      <dst id="15">7574.0267</dst>
    </src>
    <src id="19">
      <dst id="12">23793.2444</dst>
      <dst id="13">4408.3200</dst>
      <dst id="23">17.1378</dst>
      <dst id="8">8379.8933</dst>
      <dst id="18">73.3067</dst>
      <dst id="4">15355.4578</dst>
      <dst id="1">509.1289</dst>
      <dst id="5">161.6533</dst>
      <dst id="3">1041.6533</dst>
      <dst id="10">71.0578</dst>
      <dst id="22">423.4222</dst>
      <dst id="7">11101.0489</dst>
      <dst id="2">19073.4844</dst>
      <dst id="6">78.5511</dst>
      <dst id="16">12754.1333</dst>
      <dst id="14">48.9689</dst>
      <dst id="20">39.1644</dst>
      <dst id="11">35.6889</dst>
      <dst id="9">3611.5200</dst>
      <dst id="17">4075.7333</dst>
      <dst id="21">2300.2756</dst>
      <dst id="15">1.2800</dst>
    </src>
    <src id="23">
      <dst id="12">6652.1778</dst>
      <dst id="13">347.7600</dst>
      <dst id="19">268.4000</dst>
      <dst id="8">70.7556</dst>
      <dst id="18">1.9644</dst>
      <dst id="4">1928.9422</dst>
      <dst id="1">838.3733</dst>
      <dst id="5">13.6889</dst>
      <dst id="3">65.2089</dst>
      <dst id="10">64.8000</dst>
      <dst id="22">172.9778</dst>
      <dst id="7">1289.1733</dst>
      <dst id="2">308.2578</dst>
      <dst id="6">13.4044</dst>
      <dst id="16">190.5511</dst>
      <dst id="14">16.1778</dst>
      <dst id="20">390.4000</dst>
      <dst id="11">12.9778</dst>
      <dst id="9">33.1111</dst>
      <dst id="17">3746.9600</dst>
      <dst id="21">764.4444</dst>
      <dst id="15">81.1378</dst>
    </src>
    <src id="8">
      <dst id="12">7676.0444</dst>
      <dst id="13">1985.1556</dst>
      <dst id="19">199.4756</dst>
      <dst id="23">4114.3822</dst>
      <dst id="18">166.9778</dst>
      <dst id="4">1339.4489</dst>
      <dst id="1">5544.2933</dst>
      <dst id="5">4415.9111</dst>
      <dst id="3">8.6222</dst>
      <dst id="10">55.3600</dst>
      <dst id="22">1151.4933</dst>
      <dst id="7">200.7022</dst>
      <dst id="2">495.5822</dst>
      <dst id="6">29.9911</dst>
      <dst id="16">409.7156</dst>
      <dst id="20">684.7644</dst>
      <dst id="11">3.1467</dst>
      <dst id="9">187210.5244</dst>
      <dst id="17">363049.6800</dst>
      <dst id="21">45.8667</dst>
      <dst id="15">26.1956</dst>
    </src>
    <src id="18">
      <dst id="12">143089.1467</dst>
      <dst id="13">233.3333</dst>
      <dst id="19">32.1778</dst>
      <dst id="23">13.9022</dst>
      <dst id="8">58.6489</dst>
      <dst id="4">599.0933</dst>
      <dst id="1">1129.8667</dst>
      <dst id="5">148.5067</dst>
      <dst id="3">1078.0178</dst>
      <dst id="10">455.5200</dst>
      <dst id="22">188.8000</dst>
      <dst id="7">148.1333</dst>
      <dst id="2">43098.9156</dst>
      <dst id="6">0.4267</dst>
      <dst id="16">30.3289</dst>
      <dst id="14">13.3333</dst>
      <dst id="20">109.8133</dst>
      <dst id="11">38.6311</dst>
      <dst id="9">220.6044</dst>
      <dst id="17">13891.5111</dst>
      <dst id="21">1179.8844</dst>
      <dst id="15">3.5644</dst>
    </src>
    <src id="4">
      <dst id="12">27162.8356</dst>
      <dst id="19">5022.8889</dst>
      <dst id="23">765.4933</dst>
      <dst id="8">939.1378</dst>
      <dst id="18">1030.4800</dst>
      <dst id="4">0.3556</dst>
      <dst id="1">23732.0356</dst>
      <dst id="5">2432.4356</dst>
      <dst id="3">43630.9600</dst>
      <dst id="22">3502.9422</dst>
      <dst id="7">176379.9200</dst>
      <dst id="2">46958.1244</dst>
      <dst id="6">27.1733</dst>
      <dst id="16">2861.0489</dst>
      <dst id="14">2587.6800</dst>
      <dst id="20">1735.9467</dst>
      <dst id="11">240.6844</dst>
      <dst id="9">3034.2311</dst>
      <dst id="17">64678.1244</dst>
      <dst id="21">9819.1822</dst>
      <dst id="15">435.7867</dst>
    </src>
    <src id="1">
      <dst id="12">35896.7467</dst>
      <dst id="13">714.8000</dst>
      <dst id="19">327.4844</dst>
      <dst id="23">92.0889</dst>
      <dst id="8">243.4756</dst>
      <dst id="18">15153.6178</dst>
      <dst id="4">5604.9689</dst>
      <dst id="1">59988.8000</dst>
      <dst id="5">2579.8667</dst>
      <dst id="3">555.8311</dst>
      <dst id="10">857.7067</dst>
      <dst id="22">202.5778</dst>
      <dst id="7">439538.9689</dst>
      <dst id="2">28352.1600</dst>
      <dst id="6">13.6533</dst>
      <dst id="16">23161.0044</dst>
      <dst id="14">287.2267</dst>
      <dst id="20">3876.4267</dst>
      <dst id="11">168.9956</dst>
      <dst id="9">1385.7244</dst>
      <dst id="17">185554.3111</dst>
      <dst id="21">5111.2267</dst>
      <dst id="15">161.4044</dst>
    </src>
    <src id="5">
      <dst id="12">10391.7156</dst>
      <dst id="13">3059.9911</dst>
      <dst id="19">910.8444</dst>
      <dst id="23">26.3822</dst>
      <dst id="8">9256.4356</dst>
      <dst id="18">430.1956</dst>
      <dst id="4">1696.8533</dst>
      <dst id="1">6980.0622</dst>
      <dst id="3">126.7289</dst>
      <dst id="10">971.8489</dst>
      <dst id="22">4591.1467</dst>
      <dst id="7">226.4533</dst>
      <dst id="2">1939.1822</dst>
      <dst id="6">43.2444</dst>
      <dst id="16">1835.1200</dst>
      <dst id="14">1234.0711</dst>
      <dst id="20">3386.7289</dst>
      <dst id="11">46.2933</dst>
      <dst id="9">108076.4533</dst>
      <dst id="17">458933.1022</dst>
      <dst id="21">479.4133</dst>
      <dst id="15">1117.6711</dst>
    </src>
    <src id="3">
      <dst id="12">15275.5022</dst>
      <dst id="13">4840.9244</dst>
      <dst id="19">4374.0800</dst>
      <dst id="23">415.1822</dst>
      <dst id="8">185.2089</dst>
      <dst id="18">587.9200</dst>
      <dst id="4">34953.0044</dst>
      <dst id="1">7566.2222</dst>
      <dst id="5">199.5822</dst>
      <dst id="3">19.2978</dst>
      <dst id="10">1456.2844</dst>
      <dst id="22">2753.7600</dst>
      <dst id="7">5704.8178</dst>
      <dst id="2">7004.3378</dst>
      <dst id="6">20.1067</dst>
      <dst id="16">2231.5467</dst>
      <dst id="14">101.5022</dst>
      <dst id="20">221.4489</dst>
      <dst id="11">164.2044</dst>
      <dst id="9">2293.8756</dst>
      <dst id="17">42624.7911</dst>
      <dst id="21">11587.8578</dst>
      <dst id="15">2522.3467</dst>
    </src>
    <src id="10">
      <dst id="12">383702.8089</dst>
      <dst id="19">10185.4222</dst>
      <dst id="23">1337.3956</dst>
      <dst id="8">131315.2356</dst>
      <dst id="18">2214.0356</dst>
      <dst id="1">8204.9067</dst>
      <dst id="5">305938.2311</dst>
      <dst id="3">26953.5911</dst>
      <dst id="22">4132.0267</dst>
      <dst id="7">25151.9822</dst>
      <dst id="2">30956.7111</dst>
      <dst id="6">40022.1156</dst>
      <dst id="16">2935.3333</dst>
      <dst id="14">77399.3600</dst>
      <dst id="20">3886.6311</dst>
      <dst id="11">39557.7600</dst>
      <dst id="9">447443.2533</dst>
      <dst id="17">107435.8222</dst>
      <dst id="21">19418.7644</dst>
      <dst id="15">5238.0533</dst>
    </src>
    <src id="22">
      <dst id="12">32796.8711</dst>
      <dst id="13">9536.4533</dst>
      <dst id="19">329.6533</dst>
      <dst id="23">42.6222</dst>
      <dst id="8">2755.6267</dst>
      <dst id="18">678.2489</dst>
      <dst id="4">7021.1733</dst>
      <dst id="1">774.9156</dst>
      <dst id="5">2537.3600</dst>
      <dst id="3">1158.3644</dst>
      <dst id="10">867.1556</dst>
      <dst id="7">3190.2222</dst>
      <dst id="2">2619.8222</dst>
      <dst id="6">60.0356</dst>
      <dst id="14">109.2178</dst>
      <dst id="11">683.1556</dst>
      <dst id="9">1887.9378</dst>
      <dst id="17">24776.1244</dst>
      <dst id="21">1645.9644</dst>
    </src>
    <src id="7">
      <dst id="12">15292.5333</dst>
      <dst id="13">7890.3378</dst>
      <dst id="19">4055.7956</dst>
      <dst id="23">256.1422</dst>
      <dst id="8">71.7778</dst>
      <dst id="18">1676.5600</dst>
      <dst id="4">19378.0889</dst>
      <dst id="1">23981.9644</dst>
      <dst id="5">1183.1556</dst>
      <dst id="3">7271.1467</dst>
      <dst id="10">662.2044</dst>
      <dst id="22">2386.9156</dst>
      <dst id="7">522.6667</dst>
      <dst id="2">13399.2622</dst>
      <dst id="6">318.4533</dst>
      <dst id="16">1813.5556</dst>
      <dst id="14">615.2889</dst>
      <dst id="20">427.3422</dst>
      <dst id="11">287.0400</dst>
      <dst id="9">1027.9200</dst>
      <dst id="17">31322.6667</dst>
      <dst id="21">5156.8711</dst>
      <dst id="15">257.9822</dst>
    </src>
    <src id="2">
      <dst id="12">164691.1378</dst>
      <dst id="13">26009.6622</dst>
      <dst id="19">3615.5200</dst>
      <dst id="23">14.0444</dst>
      <dst id="8">617.7244</dst>
      <dst id="18">115799.8578</dst>
      <dst id="4">49590.7644</dst>
      <dst id="1">14569.3333</dst>
      <dst id="5">1176.4800</dst>
      <dst id="3">619.3689</dst>
      <dst id="10">2529.0311</dst>
      <dst id="22">1458.2489</dst>
      <dst id="7">22776.8533</dst>
      <dst id="2">1573.4044</dst>
      <dst id="6">23774.5422</dst>
      <dst id="16">2953.8400</dst>
      <dst id="14">430.3733</dst>
      <dst id="20">2737.1556</dst>
      <dst id="11">181.0044</dst>
      <dst id="9">1934.3289</dst>
      <dst id="17">39182.3644</dst>
      <dst id="21">4931.2889</dst>
      <dst id="15">102.7644</dst>
    </src>
    <src id="6">
      <dst id="12">624.1333</dst>
      <dst id="13">67.9467</dst>
      <dst id="19">133.8578</dst>
      <dst id="23">0.5689</dst>
      <dst id="8">1.0667</dst>
      <dst id="18">26.4178</dst>
      <dst id="4">14.8178</dst>
      <dst id="1">640.1956</dst>
      <dst id="5">24.7111</dst>
      <dst id="22">19.6711</dst>
      <dst id="7">162.4444</dst>
      <dst id="2">6159.4489</dst>
      <dst id="16">33.6533</dst>
      <dst id="20">69.1556</dst>
      <dst id="9">29.7333</dst>
      <dst id="17">21169.1733</dst>
      <dst id="21">53.0933</dst>
      <dst id="15">25.6000</dst>
    </src>
    <src id="16">
      <dst id="12">6191.6533</dst>
      <dst id="13">21508.2578</dst>
      <dst id="19">4383.4489</dst>
      <dst id="23">150.7022</dst>
      <dst id="8">4595.8311</dst>
      <dst id="18">85.1467</dst>
      <dst id="4">1469.9111</dst>
      <dst id="1">20820.5600</dst>
      <dst id="5">5881.0756</dst>
      <dst id="3">1430.4356</dst>
      <dst id="10">357.3600</dst>
      <dst id="22">137.1200</dst>
      <dst id="7">2188.0889</dst>
      <dst id="2">4095.7067</dst>
      <dst id="6">74.9422</dst>
      <dst id="16">25.0667</dst>
      <dst id="14">80.5600</dst>
      <dst id="11">16.8178</dst>
      <dst id="9">11894.2933</dst>
      <dst id="17">9492.0267</dst>
      <dst id="21">487.8933</dst>
    </src>
    <src id="14">
      <dst id="12">2118.7289</dst>
      <dst id="13">360.8800</dst>
      <dst id="19">6.7467</dst>
      <dst id="23">14.2578</dst>
      <dst id="8">0.4622</dst>
      <dst id="18">13.5111</dst>
      <dst id="4">845.2889</dst>
      <dst id="1">1082.5511</dst>
      <dst id="5">38.7822</dst>
      <dst id="3">207.9200</dst>
      <dst id="10">82.0178</dst>
      <dst id="22">87.0756</dst>
      <dst id="7">167.7333</dst>
      <dst id="2">4290.2578</dst>
      <dst id="16">13.8311</dst>
      <dst id="20">24.4800</dst>
      <dst id="11">0.5689</dst>
      <dst id="9">44.2400</dst>
      <dst id="17">36542.8267</dst>
      <dst id="21">85.6889</dst>
      <dst id="15">15.3778</dst>
    </src>
    <src id="20">
      <dst id="12">17533.0400</dst>
      <dst id="13">16805.7689</dst>
      <dst id="19">521.7067</dst>
      <dst id="23">28.4444</dst>
      <dst id="8">194.9244</dst>
      <dst id="18">413.1644</dst>
      <dst id="4">2873.7244</dst>
      <dst id="1">611.9822</dst>
      <dst id="5">4511.1200</dst>
      <dst id="3">69.3244</dst>
      <dst id="10">836.6844</dst>
      <dst id="22">0.5333</dst>
      <dst id="7">840.0356</dst>
      <dst id="2">4308.6489</dst>
      <dst id="6">1.9733</dst>
      <dst id="14">1508.2667</dst>
      <dst id="20">40.4800</dst>
      <dst id="11">137.5378</dst>
      <dst id="9">8040.0178</dst>
      <dst id="17">17005.0667</dst>
      <dst id="21">272.7911</dst>
    </src>
    <src id="11">
      <dst id="12">22675.7778</dst>
      <dst id="13">2355.5822</dst>
      <dst id="19">740.8444</dst>
      <dst id="23">443.0667</dst>
      <dst id="8">481.8578</dst>
      <dst id="18">616.0622</dst>
      <dst id="4">4148.9689</dst>
      <dst id="1">1678.8800</dst>
      <dst id="5">2707.2000</dst>
      <dst id="3">490.2578</dst>
      <dst id="10">768.8978</dst>
      <dst id="22">3244.6222</dst>
      <dst id="7">1101.0222</dst>
      <dst id="2">154126.5956</dst>
      <dst id="6">14.6489</dst>
      <dst id="16">371.0578</dst>
      <dst id="14">267.0222</dst>
      <dst id="20">4129.7867</dst>
      <dst id="11">5489.3333</dst>
      <dst id="9">1049.0133</dst>
      <dst id="17">862404.5600</dst>
      <dst id="21">771.1200</dst>
      <dst id="15">686.3200</dst>
    </src>
    <src id="9">
      <dst id="12">15383.4667</dst>
      <dst id="13">3308.1156</dst>
      <dst id="19">184.6222</dst>
      <dst id="23">96.4089</dst>
      <dst id="8">111812.1511</dst>
      <dst id="18">144.1600</dst>
      <dst id="4">2150.4089</dst>
      <dst id="1">10594.0267</dst>
      <dst id="5">6691.4756</dst>
      <dst id="3">75.5200</dst>
      <dst id="10">904.9422</dst>
      <dst id="22">3253.8667</dst>
      <dst id="7">1281.6978</dst>
      <dst id="2">4923.8933</dst>
      <dst id="6">10.8800</dst>
      <dst id="16">5034.1956</dst>
      <dst id="14">13.3333</dst>
      <dst id="20">4976.0178</dst>
      <dst id="11">53.2711</dst>
      <dst id="9">661177.4933</dst>
      <dst id="17">591586.6667</dst>
      <dst id="21">1072.6222</dst>
      <dst id="15">987.8933</dst>
    </src>
    <src id="17">
      <dst id="12">275980.4267</dst>
      <dst id="13">15602.5956</dst>
      <dst id="19">1994.3111</dst>
      <dst id="23">2387.7244</dst>
      <dst id="8">401.8667</dst>
      <dst id="18">5900.3111</dst>
      <dst id="4">22205.9200</dst>
      <dst id="1">18312.7911</dst>
      <dst id="5">241616.1156</dst>
      <dst id="3">8580.1689</dst>
      <dst id="10">2445.6800</dst>
      <dst id="22">7176.1600</dst>
      <dst id="7">23941.6267</dst>
      <dst id="2">32164.6933</dst>
      <dst id="6">439.3511</dst>
      <dst id="16">16910.7644</dst>
      <dst id="14">36234.2667</dst>
      <dst id="20">3309.1556</dst>
      <dst id="11">32443.4933</dst>
      <dst id="9">3489.3244</dst>
      <dst id="17">45990.4444</dst>
      <dst id="21">19654.6400</dst>
      <dst id="15">879.5378</dst>
    </src>
    <src id="21">
      <dst id="12">14160.9600</dst>
      <dst id="13">1313.8044</dst>
      <dst id="19">622.4889</dst>
      <dst id="23">78.3022</dst>
      <dst id="8">959.5022</dst>
      <dst id="18">2876.0889</dst>
      <dst id="4">4261.6089</dst>
      <dst id="1">3638.3733</dst>
      <dst id="5">1013.7778</dst>
      <dst id="3">3552.4533</dst>
      <dst id="10">1468.6400</dst>
      <dst id="22">1098.1511</dst>
      <dst id="7">4877.5467</dst>
      <dst id="2">10850.9778</dst>
      <dst id="6">19.8578</dst>
      <dst id="16">3061.4400</dst>
      <dst id="14">400.1778</dst>
      <dst id="20">1780.2756</dst>
      <dst id="11">103.5556</dst>
      <dst id="9">3393.8578</dst>
      <dst id="17">48148.1156</dst>
      <dst id="21">3405.5822</dst>
      <dst id="15">378.8978</dst>
    </src>
    <src id="15">
      <dst id="12">2403.4844</dst>
      <dst id="13">3406.7556</dst>
      <dst id="19">1.5111</dst>
      <dst id="23">1.0667</dst>
      <dst id="8">1064.3111</dst>
      <dst id="18">33.5467</dst>
      <dst id="4">765.6800</dst>
      <dst id="1">64.8178</dst>
      <dst id="5">112.9067</dst>
      <dst id="10">424.0711</dst>
      <dst id="7">1888.1333</dst>
      <dst id="2">900.8444</dst>
      <dst id="6">1.5289</dst>
      <dst id="11">13.3333</dst>
      <dst id="9">1174.1511</dst>
      <dst id="17">1400.3111</dst>
      <dst id="21">33.7067</dst>
    </src>
  </IntraTM>
</TrafficMatrixFile>
