<?xml version="1.0" encoding="UTF-8" standalone="yes"?>
<TrafficMatrixFile xmlns:xsi="http://www.w3.org/2001/XMLSchema-instance" xsi:noNamespaceSchemaLocation="http://totem.run.montefiore.ulg.ac.be/Schema/TrafficMatrix-v1_2.xsd">
  <info>
    <title>Intradomain traffic matrix generated by geant-TM-all.pl</title>
    <date>2005-03-30T19:00:00</date>
    <duration>900</duration>
    <author>Steve Uhlig</author>
    <units>
        <unit type="bandwidth" value="kbps"/>
    </units>
  </info>
  <IntraTM ASID="20965">
    <src id="12">
      <dst id="12">371405.2622</dst>
      <dst id="13">19875.7867</dst>
      <dst id="19">4832.4267</dst>
      <dst id="23">687.4578</dst>
      <dst id="8">99.3244</dst>
      <dst id="18">85354.7911</dst>
      <dst id="4">6232.0533</dst>
      <dst id="1">16473.0844</dst>
      <dst id="5">1090.0444</dst>
      <dst id="3">2323.1467</dst>
      <dst id="10">2546.0978</dst>
      <dst id="22">10130.2489</dst>
      <dst id="7">21185.0667</dst>
      <dst id="2">25838.3822</dst>
      <dst id="6">25879.6889</dst>
      <dst id="16">3404.9778</dst>
      <dst id="14">1288.7556</dst>
      <dst id="20">4619.1022</dst>
      <dst id="11">210.1422</dst>
      <dst id="9">4028.0178</dst>
      <dst id="17">72173.8311</dst>
      <dst id="21">1446.1422</dst>
      <dst id="15">276.7289</dst>
    </src>
    <src id="13">
      <dst id="12">18429.3867</dst>
      <dst id="13">1088.7200</dst>
      <dst id="19">9461.7778</dst>
      <dst id="23">24.1156</dst>
      <dst id="8">651.7333</dst>
      <dst id="18">119.8844</dst>
      <dst id="1">3963.7511</dst>
      <dst id="5">2128.2756</dst>
      <dst id="3">97.2889</dst>
      <dst id="22">6765.4044</dst>
      <dst id="7">3188.7111</dst>
      <dst id="2">19400.5067</dst>
      <dst id="6">182.8356</dst>
      <dst id="16">2402.6222</dst>
      <dst id="14">312.5156</dst>
      <dst id="20">332.8978</dst>
      <dst id="11">125.2800</dst>
      <dst id="9">1525.7600</dst>
      <dst id="17">15389.8044</dst>
      <dst id="21">2626.5689</dst>
      <dst id="15">696.4978</dst>
    </src>
    <src id="19">
      <dst id="12">24960.2311</dst>
      <dst id="13">1476.3556</dst>
      <dst id="23">42.9067</dst>
      <dst id="8">62.4000</dst>
      <dst id="18">226.0178</dst>
      <dst id="4">333.4489</dst>
      <dst id="1">320.5778</dst>
      <dst id="5">16.1867</dst>
      <dst id="3">14.1867</dst>
      <dst id="10">24.8178</dst>
      <dst id="22">285.5644</dst>
      <dst id="7">7769.7867</dst>
      <dst id="2">603.0222</dst>
      <dst id="6">204.8356</dst>
      <dst id="16">739.8311</dst>
      <dst id="14">72.7644</dst>
      <dst id="20">95.3244</dst>
      <dst id="11">12.9778</dst>
      <dst id="9">1205.9111</dst>
      <dst id="17">1364.5067</dst>
      <dst id="21">51.4044</dst>
      <dst id="15">107.7511</dst>
    </src>
    <src id="23">
      <dst id="12">2202.6311</dst>
      <dst id="13">1589.5822</dst>
      <dst id="19">142.2578</dst>
      <dst id="18">2.8178</dst>
      <dst id="4">209.4578</dst>
      <dst id="1">158.9156</dst>
      <dst id="5">26.6667</dst>
      <dst id="3">0.9244</dst>
      <dst id="10">435.2267</dst>
      <dst id="22">600.5422</dst>
      <dst id="7">2322.4089</dst>
      <dst id="2">13.1111</dst>
      <dst id="6">0.4978</dst>
      <dst id="16">0.9867</dst>
      <dst id="14">16.0711</dst>
      <dst id="20">136.9867</dst>
      <dst id="11">41.6978</dst>
      <dst id="9">789.9022</dst>
      <dst id="17">4439.7778</dst>
      <dst id="21">159.2356</dst>
    </src>
    <src id="8">
      <dst id="12">5524.9244</dst>
      <dst id="13">1019.2178</dst>
      <dst id="19">2.3644</dst>
      <dst id="18">5.2889</dst>
      <dst id="4">336.0533</dst>
      <dst id="1">2575.6356</dst>
      <dst id="5">879.4222</dst>
      <dst id="10">28.0622</dst>
      <dst id="22">4.4889</dst>
      <dst id="7">1.8844</dst>
      <dst id="2">105.4667</dst>
      <dst id="16">175576.7289</dst>
      <dst id="9">61717.0133</dst>
      <dst id="17">14050.6133</dst>
      <dst id="21">45.5911</dst>
      <dst id="15">14.6489</dst>
    </src>
    <src id="18">
      <dst id="12">123379.9111</dst>
      <dst id="13">409.9111</dst>
      <dst id="19">10.1689</dst>
      <dst id="23">0.3378</dst>
      <dst id="8">182.8000</dst>
      <dst id="4">197.4578</dst>
      <dst id="1">1180.1600</dst>
      <dst id="5">65.6978</dst>
      <dst id="3">6239.2711</dst>
      <dst id="10">74.1778</dst>
      <dst id="22">2175.8756</dst>
      <dst id="7">68.1244</dst>
      <dst id="2">11614.7200</dst>
      <dst id="6">4.3289</dst>
      <dst id="16">735.4044</dst>
      <dst id="14">1.0933</dst>
      <dst id="20">2089.4133</dst>
      <dst id="11">1.0667</dst>
      <dst id="9">486.4533</dst>
      <dst id="17">5971.1644</dst>
      <dst id="21">859.0933</dst>
      <dst id="15">1.9200</dst>
    </src>
    <src id="4">
      <dst id="12">38063.0489</dst>
      <dst id="13">185.8667</dst>
      <dst id="19">9306.8711</dst>
      <dst id="23">3545.6889</dst>
      <dst id="8">3683.5467</dst>
      <dst id="18">3517.7956</dst>
      <dst id="4">3346.4267</dst>
      <dst id="1">111104.4356</dst>
      <dst id="5">3822.4533</dst>
      <dst id="3">272.2844</dst>
      <dst id="22">578.1244</dst>
      <dst id="7">1346.9600</dst>
      <dst id="2">59824.7733</dst>
      <dst id="6">146.0356</dst>
      <dst id="16">136439.1822</dst>
      <dst id="14">8613.0311</dst>
      <dst id="11">313.7333</dst>
      <dst id="9">55527.4844</dst>
      <dst id="17">102332.3644</dst>
      <dst id="21">11347.2444</dst>
      <dst id="15">2848.2756</dst>
    </src>
    <src id="1">
      <dst id="12">37589.2089</dst>
      <dst id="13">7761.9111</dst>
      <dst id="19">542.0178</dst>
      <dst id="23">53.7956</dst>
      <dst id="8">38.0889</dst>
      <dst id="18">13211.7244</dst>
      <dst id="4">655.0489</dst>
      <dst id="1">16577.5111</dst>
      <dst id="5">5115.6622</dst>
      <dst id="3">4221.2356</dst>
      <dst id="10">141.1111</dst>
      <dst id="22">26.1956</dst>
      <dst id="7">5795.4578</dst>
      <dst id="2">8410.1422</dst>
      <dst id="6">30.3111</dst>
      <dst id="16">22970.4356</dst>
      <dst id="14">7068.5067</dst>
      <dst id="20">1051.1644</dst>
      <dst id="11">87.4844</dst>
      <dst id="9">1636.9067</dst>
      <dst id="17">16431.2533</dst>
      <dst id="21">294634.2133</dst>
      <dst id="15">973.9556</dst>
    </src>
    <src id="5">
      <dst id="12">18378.1689</dst>
      <dst id="13">3356.8356</dst>
      <dst id="19">27.1644</dst>
      <dst id="23">1.0667</dst>
      <dst id="8">245.4489</dst>
      <dst id="18">66.7556</dst>
      <dst id="4">196.5244</dst>
      <dst id="1">9179.2889</dst>
      <dst id="10">141.1200</dst>
      <dst id="22">15.5378</dst>
      <dst id="7">85.2622</dst>
      <dst id="2">112.0267</dst>
      <dst id="6">0.4622</dst>
      <dst id="16">303893.1289</dst>
      <dst id="14">1.7511</dst>
      <dst id="11">15.1111</dst>
      <dst id="9">48987.4756</dst>
      <dst id="17">28900.8089</dst>
      <dst id="21">31.9289</dst>
      <dst id="15">56.0533</dst>
    </src>
    <src id="3">
      <dst id="12">2827.4489</dst>
      <dst id="13">51074.7467</dst>
      <dst id="19">1768.1956</dst>
      <dst id="23">40.3911</dst>
      <dst id="8">136.5867</dst>
      <dst id="18">165.3778</dst>
      <dst id="4">1279.4133</dst>
      <dst id="1">8443.3244</dst>
      <dst id="5">663.2533</dst>
      <dst id="3">312.0533</dst>
      <dst id="10">1153.5200</dst>
      <dst id="22">58.4178</dst>
      <dst id="7">2362.4356</dst>
      <dst id="2">8091.2889</dst>
      <dst id="6">79.6800</dst>
      <dst id="16">13733.7867</dst>
      <dst id="14">276.8444</dst>
      <dst id="20">202.2844</dst>
      <dst id="11">215.8578</dst>
      <dst id="9">4834.5156</dst>
      <dst id="17">44469.0222</dst>
      <dst id="21">3040.4178</dst>
      <dst id="15">89.8844</dst>
    </src>
    <src id="10">
      <dst id="12">8470.0978</dst>
      <dst id="13">7.7867</dst>
      <dst id="19">4057.3511</dst>
      <dst id="23">815.1289</dst>
      <dst id="8">108.9333</dst>
      <dst id="18">2653.3511</dst>
      <dst id="1">2815.5822</dst>
      <dst id="5">949.5378</dst>
      <dst id="3">1187.5200</dst>
      <dst id="22">42.4267</dst>
      <dst id="7">667.1289</dst>
      <dst id="2">15759.6089</dst>
      <dst id="6">35.2356</dst>
      <dst id="16">57006.6667</dst>
      <dst id="14">4575.8667</dst>
      <dst id="20">15592.3822</dst>
      <dst id="11">135.8044</dst>
      <dst id="9">3509.4222</dst>
      <dst id="17">86188.7733</dst>
      <dst id="21">17421.5733</dst>
      <dst id="15">113.8222</dst>
    </src>
    <src id="22">
      <dst id="12">7974.0978</dst>
      <dst id="13">7657.0933</dst>
      <dst id="19">6081.6000</dst>
      <dst id="23">10.9867</dst>
      <dst id="8">86.3022</dst>
      <dst id="18">1207.2800</dst>
      <dst id="4">968.5244</dst>
      <dst id="1">224.9867</dst>
      <dst id="5">873.3156</dst>
      <dst id="3">67.8133</dst>
      <dst id="10">73.7778</dst>
      <dst id="7">2107.0756</dst>
      <dst id="2">1016.6133</dst>
      <dst id="6">129.5911</dst>
      <dst id="16">1209.9556</dst>
      <dst id="14">1496.9867</dst>
      <dst id="11">17.4489</dst>
      <dst id="9">4343.4489</dst>
      <dst id="17">8047.0578</dst>
      <dst id="21">2252.6133</dst>
    </src>
    <src id="7">
      <dst id="12">15892.2400</dst>
      <dst id="13">4321.4844</dst>
      <dst id="19">1665.7067</dst>
      <dst id="23">59.7956</dst>
      <dst id="8">42.8267</dst>
      <dst id="18">1418.6400</dst>
      <dst id="4">1205.9467</dst>
      <dst id="1">8716.9244</dst>
      <dst id="5">1054.3378</dst>
      <dst id="3">2168.5244</dst>
      <dst id="10">4422.6933</dst>
      <dst id="22">2373.1733</dst>
      <dst id="7">26.8889</dst>
      <dst id="2">8613.1556</dst>
      <dst id="6">166.7733</dst>
      <dst id="16">1326.0800</dst>
      <dst id="14">281.2267</dst>
      <dst id="20">886.4356</dst>
      <dst id="11">96.2578</dst>
      <dst id="9">3066.8800</dst>
      <dst id="17">10525.2622</dst>
      <dst id="21">1499.5378</dst>
      <dst id="15">123.5467</dst>
    </src>
    <src id="2">
      <dst id="12">107825.2978</dst>
      <dst id="13">30191.3867</dst>
      <dst id="19">16767.1733</dst>
      <dst id="23">0.7111</dst>
      <dst id="8">587.6267</dst>
      <dst id="18">65740.7022</dst>
      <dst id="4">2733.5822</dst>
      <dst id="1">7284.2311</dst>
      <dst id="5">485.5378</dst>
      <dst id="3">496.8444</dst>
      <dst id="10">1646.0711</dst>
      <dst id="22">1339.7422</dst>
      <dst id="7">28409.9467</dst>
      <dst id="2">5230.0889</dst>
      <dst id="6">20832.0889</dst>
      <dst id="16">1129.9200</dst>
      <dst id="14">1298.9956</dst>
      <dst id="20">590.8533</dst>
      <dst id="11">493.9733</dst>
      <dst id="9">2014.0622</dst>
      <dst id="17">35823.7689</dst>
      <dst id="21">3624.6044</dst>
      <dst id="15">242.5778</dst>
    </src>
    <src id="6">
      <dst id="12">330.2578</dst>
      <dst id="13">83.7422</dst>
      <dst id="19">61.8222</dst>
      <dst id="18">12.8178</dst>
      <dst id="4">2.9067</dst>
      <dst id="1">210.5156</dst>
      <dst id="5">2.6489</dst>
      <dst id="3">82.2222</dst>
      <dst id="10">0.3556</dst>
      <dst id="22">74.1244</dst>
      <dst id="7">185.5111</dst>
      <dst id="2">1277.9822</dst>
      <dst id="16">125.5822</dst>
      <dst id="14">103.2000</dst>
      <dst id="20">34.8267</dst>
      <dst id="11">1.0667</dst>
      <dst id="9">198.4622</dst>
      <dst id="17">21491.3689</dst>
      <dst id="21">74.1511</dst>
      <dst id="15">13.0844</dst>
    </src>
    <src id="16">
      <dst id="12">180321.9644</dst>
      <dst id="13">1916.5778</dst>
      <dst id="19">3070.2222</dst>
      <dst id="23">34.0800</dst>
      <dst id="8">100041.0756</dst>
      <dst id="18">75.4311</dst>
      <dst id="4">375.7600</dst>
      <dst id="1">9877.6267</dst>
      <dst id="5">260734.8178</dst>
      <dst id="3">10902.1867</dst>
      <dst id="10">313.0756</dst>
      <dst id="7">55.3156</dst>
      <dst id="2">265.1911</dst>
      <dst id="6">3.6622</dst>
      <dst id="16">34706.1244</dst>
      <dst id="14">70267.6178</dst>
      <dst id="11">33437.7244</dst>
      <dst id="9">328201.6711</dst>
      <dst id="17">9216.5422</dst>
      <dst id="21">0.6578</dst>
    </src>
    <src id="14">
      <dst id="12">2009.4756</dst>
      <dst id="13">388.5244</dst>
      <dst id="19">42.0711</dst>
      <dst id="23">1.6889</dst>
      <dst id="8">1.2800</dst>
      <dst id="18">1.3956</dst>
      <dst id="4">229.4222</dst>
      <dst id="1">493.3333</dst>
      <dst id="5">6.0000</dst>
      <dst id="3">1184.4000</dst>
      <dst id="10">162.5511</dst>
      <dst id="22">13.3867</dst>
      <dst id="7">137.1467</dst>
      <dst id="2">2314.1067</dst>
      <dst id="6">2.7733</dst>
      <dst id="16">1975.7244</dst>
      <dst id="20">19.6711</dst>
      <dst id="11">27.1289</dst>
      <dst id="9">508.5244</dst>
      <dst id="17">36289.8756</dst>
      <dst id="21">695.2178</dst>
    </src>
    <src id="20">
      <dst id="12">912.4622</dst>
      <dst id="13">4677.0222</dst>
      <dst id="19">3.1289</dst>
      <dst id="23">4.7644</dst>
      <dst id="8">269.6178</dst>
      <dst id="18">943.9378</dst>
      <dst id="4">549.3067</dst>
      <dst id="1">62.0444</dst>
      <dst id="5">1732.8267</dst>
      <dst id="3">74.3111</dst>
      <dst id="10">276.8800</dst>
      <dst id="22">13.3333</dst>
      <dst id="7">2194.3644</dst>
      <dst id="2">157.0667</dst>
      <dst id="6">12.3378</dst>
      <dst id="16">9191.6800</dst>
      <dst id="14">2.6133</dst>
      <dst id="11">154.9511</dst>
      <dst id="9">1553.7244</dst>
      <dst id="17">6107.9644</dst>
      <dst id="21">78.8889</dst>
    </src>
    <src id="11">
      <dst id="12">21343.0222</dst>
      <dst id="13">3093.5822</dst>
      <dst id="19">2452.7911</dst>
      <dst id="23">9.5200</dst>
      <dst id="8">49.1644</dst>
      <dst id="18">321.8933</dst>
      <dst id="4">724.5956</dst>
      <dst id="1">2294.1956</dst>
      <dst id="5">832.0267</dst>
      <dst id="3">1215.8667</dst>
      <dst id="10">661.7244</dst>
      <dst id="22">1029.7067</dst>
      <dst id="7">474.9244</dst>
      <dst id="2">52304.2222</dst>
      <dst id="6">45.0667</dst>
      <dst id="16">11051.1733</dst>
      <dst id="14">1396.9778</dst>
      <dst id="20">1110.9422</dst>
      <dst id="11">2407.8311</dst>
      <dst id="9">5829.3689</dst>
      <dst id="17">570160.6667</dst>
      <dst id="21">284.6756</dst>
      <dst id="15">148.0533</dst>
    </src>
    <src id="9">
      <dst id="12">21325.8222</dst>
      <dst id="13">4300.9956</dst>
      <dst id="19">238.9067</dst>
      <dst id="23">33.5111</dst>
      <dst id="8">63896.0622</dst>
      <dst id="18">124.3200</dst>
      <dst id="4">866.0178</dst>
      <dst id="1">7400.5689</dst>
      <dst id="5">1021.1200</dst>
      <dst id="3">33.8844</dst>
      <dst id="10">395.4400</dst>
      <dst id="22">730.1689</dst>
      <dst id="7">120.6311</dst>
      <dst id="2">370.4089</dst>
      <dst id="6">126.9956</dst>
      <dst id="16">449657.0933</dst>
      <dst id="14">57.2622</dst>
      <dst id="11">26.6667</dst>
      <dst id="9">331544.6756</dst>
      <dst id="17">46182.3289</dst>
      <dst id="21">0.3556</dst>
      <dst id="15">874.6222</dst>
    </src>
    <src id="17">
      <dst id="12">106717.8400</dst>
      <dst id="13">32641.7778</dst>
      <dst id="19">2601.8133</dst>
      <dst id="23">164.2933</dst>
      <dst id="8">125.2800</dst>
      <dst id="18">6304.1689</dst>
      <dst id="4">5061.0133</dst>
      <dst id="1">9239.3956</dst>
      <dst id="5">145986.1867</dst>
      <dst id="3">8348.4978</dst>
      <dst id="10">4525.9111</dst>
      <dst id="22">270.0978</dst>
      <dst id="7">22804.0267</dst>
      <dst id="2">38227.5200</dst>
      <dst id="6">139.5733</dst>
      <dst id="16">51024.4533</dst>
      <dst id="14">30697.5200</dst>
      <dst id="20">34629.7244</dst>
      <dst id="11">18865.1200</dst>
      <dst id="9">12308.8089</dst>
      <dst id="17">25755.5111</dst>
      <dst id="21">1748.4622</dst>
      <dst id="15">661.1289</dst>
    </src>
    <src id="21">
      <dst id="12">1503.9556</dst>
      <dst id="13">9050.5511</dst>
      <dst id="19">302.5244</dst>
      <dst id="23">13.5822</dst>
      <dst id="8">6883.6000</dst>
      <dst id="18">2595.7067</dst>
      <dst id="4">372.6578</dst>
      <dst id="1">5305.3244</dst>
      <dst id="5">794.8267</dst>
      <dst id="3">8049.0489</dst>
      <dst id="10">1877.4489</dst>
      <dst id="22">77.5733</dst>
      <dst id="7">1370.3111</dst>
      <dst id="2">4887.2000</dst>
      <dst id="6">14.1156</dst>
      <dst id="16">3474.1600</dst>
      <dst id="14">267.8933</dst>
      <dst id="20">256.7822</dst>
      <dst id="11">1507.5022</dst>
      <dst id="9">2233.4400</dst>
      <dst id="17">28493.2711</dst>
      <dst id="21">1753.2889</dst>
      <dst id="15">99.5022</dst>
    </src>
    <src id="15">
      <dst id="12">150.2489</dst>
      <dst id="13">100.2133</dst>
      <dst id="19">60.7289</dst>
      <dst id="23">0.4267</dst>
      <dst id="8">12.8000</dst>
      <dst id="18">41.4578</dst>
      <dst id="4">154.6044</dst>
      <dst id="1">509.1733</dst>
      <dst id="5">128.5067</dst>
      <dst id="10">35.4044</dst>
      <dst id="7">976.5156</dst>
      <dst id="2">68.5600</dst>
      <dst id="6">0.4622</dst>
      <dst id="16">1863.6178</dst>
      <dst id="14">1.1644</dst>
      <dst id="11">14.5867</dst>
      <dst id="9">4665.4400</dst>
      <dst id="17">512.3556</dst>
    </src>
  </IntraTM>
</TrafficMatrixFile>
