<?xml version="1.0" encoding="UTF-8" standalone="yes"?>
<TrafficMatrixFile xmlns:xsi="http://www.w3.org/2001/XMLSchema-instance" xsi:noNamespaceSchemaLocation="http://totem.run.montefiore.ulg.ac.be/Schema/TrafficMatrix-v1_2.xsd">
  <info>
    <title>Intradomain traffic matrix generated by geant-TM-all.pl</title>
    <date>2005-01-10T01:30:00</date>
    <duration>900</duration>
    <author>Steve Uhlig</author>
    <units>
        <unit type="bandwidth" value="kbps"/>
    </units>
  </info>
  <IntraTM ASID="20965">
    <src id="12">
      <dst id="12">309760.8800</dst>
      <dst id="13">23078.3911</dst>
      <dst id="19">4863.0844</dst>
      <dst id="23">2944.2044</dst>
      <dst id="8">5175.8578</dst>
      <dst id="18">13358.9867</dst>
      <dst id="4">110370.1333</dst>
      <dst id="1">15358.2044</dst>
      <dst id="5">4112.1600</dst>
      <dst id="3">7849.0311</dst>
      <dst id="22">20252.4356</dst>
      <dst id="7">4571.5289</dst>
      <dst id="2">64247.3778</dst>
      <dst id="6">4.3556</dst>
      <dst id="16">6910.5067</dst>
      <dst id="14">211.5200</dst>
      <dst id="20">9945.4578</dst>
      <dst id="11">4514.5867</dst>
      <dst id="9">9177.3778</dst>
      <dst id="17">100135.1200</dst>
      <dst id="21">23633.0222</dst>
      <dst id="15">9553.5911</dst>
    </src>
    <src id="13">
      <dst id="12">87689.5911</dst>
      <dst id="19">10966.1511</dst>
      <dst id="23">666.8533</dst>
      <dst id="8">3595.7244</dst>
      <dst id="18">12926.4622</dst>
      <dst id="4">0.7111</dst>
      <dst id="1">8300.5689</dst>
      <dst id="5">18350.3200</dst>
      <dst id="3">17486.3556</dst>
      <dst id="22">27201.3600</dst>
      <dst id="7">25874.1511</dst>
      <dst id="2">130708.0444</dst>
      <dst id="6">382.7822</dst>
      <dst id="16">11455.2089</dst>
      <dst id="14">2494.7556</dst>
      <dst id="20">8628.9956</dst>
      <dst id="11">9610.1689</dst>
      <dst id="9">19716.0889</dst>
      <dst id="17">92089.0489</dst>
      <dst id="21">42505.4489</dst>
      <dst id="15">7466.8178</dst>
    </src>
    <src id="19">
      <dst id="12">21054.9956</dst>
      <dst id="13">990.2578</dst>
      <dst id="23">206.5778</dst>
      <dst id="8">69.7600</dst>
      <dst id="18">41.1378</dst>
      <dst id="4">49320.7289</dst>
      <dst id="1">1601.9022</dst>
      <dst id="5">12.2844</dst>
      <dst id="3">160.1067</dst>
      <dst id="22">1049.2356</dst>
      <dst id="7">7691.9022</dst>
      <dst id="2">3978.3111</dst>
      <dst id="6">389.0756</dst>
      <dst id="16">4014.8178</dst>
      <dst id="14">3.8844</dst>
      <dst id="20">182.2311</dst>
      <dst id="11">51.7067</dst>
      <dst id="9">120.8089</dst>
      <dst id="17">7785.2267</dst>
      <dst id="21">798.9600</dst>
      <dst id="15">4.9778</dst>
    </src>
    <src id="23">
      <dst id="12">1137.6089</dst>
      <dst id="13">621.1556</dst>
      <dst id="19">52.3200</dst>
      <dst id="8">151.4044</dst>
      <dst id="18">225.5467</dst>
      <dst id="4">17.9289</dst>
      <dst id="1">109.8578</dst>
      <dst id="5">147.7422</dst>
      <dst id="3">631.6000</dst>
      <dst id="22">185.9822</dst>
      <dst id="7">266.7289</dst>
      <dst id="2">48.0267</dst>
      <dst id="6">0.9244</dst>
      <dst id="16">401.8578</dst>
      <dst id="14">12.6222</dst>
      <dst id="20">28.9600</dst>
      <dst id="11">261.7244</dst>
      <dst id="9">1561.7333</dst>
      <dst id="17">1285.2889</dst>
      <dst id="21">1424.8089</dst>
      <dst id="15">0.4978</dst>
    </src>
    <src id="8">
      <dst id="12">349373.1378</dst>
      <dst id="13">2066.8267</dst>
      <dst id="19">311.1733</dst>
      <dst id="23">162.3467</dst>
      <dst id="18">96.6844</dst>
      <dst id="4">9636.3911</dst>
      <dst id="1">906.6578</dst>
      <dst id="5">2806.2578</dst>
      <dst id="3">8.2756</dst>
      <dst id="22">1949.8489</dst>
      <dst id="7">229.5822</dst>
      <dst id="2">1658.4356</dst>
      <dst id="6">45.0578</dst>
      <dst id="16">556.4889</dst>
      <dst id="14">379.3778</dst>
      <dst id="20">1073.0133</dst>
      <dst id="11">902.7556</dst>
      <dst id="9">187739.0222</dst>
      <dst id="17">184018.3911</dst>
      <dst id="21">2236.1333</dst>
      <dst id="15">5470.8356</dst>
    </src>
    <src id="18">
      <dst id="12">119749.2444</dst>
      <dst id="13">438.2400</dst>
      <dst id="19">342.0978</dst>
      <dst id="23">13.1111</dst>
      <dst id="8">249.6267</dst>
      <dst id="4">2919.8311</dst>
      <dst id="1">674.8089</dst>
      <dst id="5">448.0089</dst>
      <dst id="3">172.0622</dst>
      <dst id="22">257.4044</dst>
      <dst id="7">878.9778</dst>
      <dst id="2">43727.1022</dst>
      <dst id="16">136.0089</dst>
      <dst id="14">22.0622</dst>
      <dst id="20">15.1111</dst>
      <dst id="11">105.5556</dst>
      <dst id="9">223.8400</dst>
      <dst id="17">51566.6400</dst>
      <dst id="21">2556.6578</dst>
      <dst id="15">1.5022</dst>
    </src>
    <src id="4">
      <dst id="12">22488.2756</dst>
      <dst id="19">38818.7111</dst>
      <dst id="8">1721.3778</dst>
      <dst id="18">2134.9867</dst>
      <dst id="4">5.6622</dst>
      <dst id="1">90201.6089</dst>
      <dst id="5">2126.3822</dst>
      <dst id="3">2361.8578</dst>
      <dst id="22">6901.7867</dst>
      <dst id="7">41477.9733</dst>
      <dst id="2">58769.7600</dst>
      <dst id="6">42.8622</dst>
      <dst id="16">1888.3378</dst>
      <dst id="14">2066.9511</dst>
      <dst id="20">1511.4400</dst>
      <dst id="11">2826.4889</dst>
      <dst id="9">6974.1867</dst>
      <dst id="17">30239.2711</dst>
      <dst id="21">12963.5378</dst>
      <dst id="15">859.9822</dst>
    </src>
    <src id="1">
      <dst id="12">25298.1244</dst>
      <dst id="13">2900.6311</dst>
      <dst id="19">493.5733</dst>
      <dst id="23">251.6444</dst>
      <dst id="8">150931.8133</dst>
      <dst id="18">12956.0089</dst>
      <dst id="4">26299.3511</dst>
      <dst id="1">89304.6756</dst>
      <dst id="5">241274.0089</dst>
      <dst id="3">9681.4933</dst>
      <dst id="22">3737.0311</dst>
      <dst id="7">45222.7111</dst>
      <dst id="2">65729.3422</dst>
      <dst id="6">12061.5556</dst>
      <dst id="16">6466.0356</dst>
      <dst id="14">205.9644</dst>
      <dst id="20">3320.3378</dst>
      <dst id="11">3672.8889</dst>
      <dst id="9">272954.9511</dst>
      <dst id="17">20143.1467</dst>
      <dst id="21">14819.0578</dst>
      <dst id="15">2938.2311</dst>
    </src>
    <src id="5">
      <dst id="12">339471.5022</dst>
      <dst id="13">3710.3911</dst>
      <dst id="19">473.3244</dst>
      <dst id="23">1.6356</dst>
      <dst id="8">11617.5200</dst>
      <dst id="18">224.7556</dst>
      <dst id="4">6224.4711</dst>
      <dst id="1">1083.1467</dst>
      <dst id="3">89.9289</dst>
      <dst id="22">2334.3200</dst>
      <dst id="7">792.8178</dst>
      <dst id="2">5490.8711</dst>
      <dst id="6">12.8000</dst>
      <dst id="16">4425.9733</dst>
      <dst id="14">47.9644</dst>
      <dst id="20">1111.1378</dst>
      <dst id="11">1492.1956</dst>
      <dst id="9">151448.3822</dst>
      <dst id="17">128798.3822</dst>
      <dst id="21">1985.9200</dst>
      <dst id="15">1489.5911</dst>
    </src>
    <src id="3">
      <dst id="12">32528.4978</dst>
      <dst id="13">1814.0089</dst>
      <dst id="19">2672.3911</dst>
      <dst id="23">80.1244</dst>
      <dst id="8">725.8756</dst>
      <dst id="18">189012.0356</dst>
      <dst id="4">77778.9067</dst>
      <dst id="1">10496.5867</dst>
      <dst id="5">147.3156</dst>
      <dst id="3">26886.1422</dst>
      <dst id="22">1150.1156</dst>
      <dst id="7">5086.8267</dst>
      <dst id="2">7902.0356</dst>
      <dst id="6">114.0267</dst>
      <dst id="16">2990.4444</dst>
      <dst id="14">31023.4933</dst>
      <dst id="20">2435.7689</dst>
      <dst id="11">262531.0400</dst>
      <dst id="9">333.2978</dst>
      <dst id="17">20390.0356</dst>
      <dst id="21">22962.9689</dst>
      <dst id="15">32.4533</dst>
    </src>
    <src id="10">
      <dst id="12">11435.0578</dst>
      <dst id="19">5174.3733</dst>
      <dst id="8">965.0756</dst>
      <dst id="18">5749.0311</dst>
      <dst id="1">3440.7911</dst>
      <dst id="5">1366.4889</dst>
      <dst id="3">8835.7778</dst>
      <dst id="22">4822.8356</dst>
      <dst id="7">17924.8178</dst>
      <dst id="2">46334.0889</dst>
      <dst id="6">578.6311</dst>
      <dst id="16">2017.7244</dst>
      <dst id="14">1161.1111</dst>
      <dst id="20">8477.4400</dst>
      <dst id="11">3696.2489</dst>
      <dst id="9">3058.9156</dst>
      <dst id="17">31855.4667</dst>
      <dst id="21">30026.0889</dst>
      <dst id="15">71.8044</dst>
    </src>
    <src id="22">
      <dst id="12">13143.5733</dst>
      <dst id="13">4608.3733</dst>
      <dst id="19">406.5422</dst>
      <dst id="23">31.0756</dst>
      <dst id="8">920.3556</dst>
      <dst id="18">237.4044</dst>
      <dst id="4">19665.6711</dst>
      <dst id="1">713.3067</dst>
      <dst id="5">7656.0711</dst>
      <dst id="3">868.3467</dst>
      <dst id="7">841.8489</dst>
      <dst id="2">8436.7467</dst>
      <dst id="6">70.4089</dst>
      <dst id="16">13.3333</dst>
      <dst id="14">37.8400</dst>
      <dst id="11">2894.5422</dst>
      <dst id="9">1514.5244</dst>
      <dst id="17">6633.3333</dst>
      <dst id="21">2102.8267</dst>
    </src>
    <src id="7">
      <dst id="12">7367.3511</dst>
      <dst id="13">769.9467</dst>
      <dst id="19">2105.0844</dst>
      <dst id="23">781.5467</dst>
      <dst id="8">404.5422</dst>
      <dst id="18">3341.8400</dst>
      <dst id="4">15999.4222</dst>
      <dst id="1">9572.7378</dst>
      <dst id="5">1093.0756</dst>
      <dst id="3">1018.3911</dst>
      <dst id="22">3588.1244</dst>
      <dst id="7">619.1289</dst>
      <dst id="2">22893.6800</dst>
      <dst id="6">945.6978</dst>
      <dst id="16">1971.4667</dst>
      <dst id="14">263.7511</dst>
      <dst id="20">1017.4489</dst>
      <dst id="11">2873.4311</dst>
      <dst id="9">1755.6978</dst>
      <dst id="17">17979.1200</dst>
      <dst id="21">5214.8000</dst>
      <dst id="15">247.3156</dst>
    </src>
    <src id="2">
      <dst id="12">135135.3156</dst>
      <dst id="13">16239.9822</dst>
      <dst id="19">4448.9689</dst>
      <dst id="23">54.2044</dst>
      <dst id="8">1807.7778</dst>
      <dst id="18">161639.3956</dst>
      <dst id="4">119883.6178</dst>
      <dst id="1">15333.9644</dst>
      <dst id="5">1033.1111</dst>
      <dst id="3">1867.7244</dst>
      <dst id="22">2712.9867</dst>
      <dst id="7">8399.9467</dst>
      <dst id="2">1866.5956</dst>
      <dst id="6">14454.7111</dst>
      <dst id="16">4980.7022</dst>
      <dst id="14">362.0533</dst>
      <dst id="20">11399.5556</dst>
      <dst id="11">7723.0844</dst>
      <dst id="9">2930.5600</dst>
      <dst id="17">27058.6044</dst>
      <dst id="21">23352.0711</dst>
      <dst id="15">230.9867</dst>
    </src>
    <src id="6">
      <dst id="12">8968.1333</dst>
      <dst id="13">21.1911</dst>
      <dst id="19">107.3422</dst>
      <dst id="8">0.3556</dst>
      <dst id="18">27.7333</dst>
      <dst id="4">898.8622</dst>
      <dst id="1">41.2533</dst>
      <dst id="3">1.4222</dst>
      <dst id="22">13.3156</dst>
      <dst id="7">268.6578</dst>
      <dst id="2">2760.0800</dst>
      <dst id="16">44.1244</dst>
      <dst id="11">1.1111</dst>
      <dst id="9">0.5867</dst>
      <dst id="17">2167.0844</dst>
      <dst id="21">137.2356</dst>
    </src>
    <src id="16">
      <dst id="12">4989.7956</dst>
      <dst id="13">947.5111</dst>
      <dst id="19">2785.4756</dst>
      <dst id="23">450.5511</dst>
      <dst id="8">5533.9289</dst>
      <dst id="18">390.0622</dst>
      <dst id="4">6249.3244</dst>
      <dst id="1">11319.2622</dst>
      <dst id="5">7867.2533</dst>
      <dst id="3">1324.4267</dst>
      <dst id="7">2309.0933</dst>
      <dst id="2">2470.9689</dst>
      <dst id="6">39.1289</dst>
      <dst id="16">39.0578</dst>
      <dst id="14">483.4133</dst>
      <dst id="11">283.4578</dst>
      <dst id="9">8282.0800</dst>
      <dst id="17">4257.1289</dst>
      <dst id="21">380.3200</dst>
    </src>
    <src id="14">
      <dst id="12">17678.7822</dst>
      <dst id="13">45.9733</dst>
      <dst id="19">5.2800</dst>
      <dst id="8">9.3156</dst>
      <dst id="18">14.5422</dst>
      <dst id="4">2957.9111</dst>
      <dst id="1">34.7378</dst>
      <dst id="5">4.9067</dst>
      <dst id="3">340.6044</dst>
      <dst id="22">63.4933</dst>
      <dst id="7">695.6356</dst>
      <dst id="2">4259.7156</dst>
      <dst id="16">7.0667</dst>
      <dst id="20">3.9644</dst>
      <dst id="11">22.3200</dst>
      <dst id="9">67.0489</dst>
      <dst id="17">6001.5911</dst>
      <dst id="21">117.0222</dst>
    </src>
    <src id="20">
      <dst id="12">1708.3289</dst>
      <dst id="13">4921.3067</dst>
      <dst id="19">33.2444</dst>
      <dst id="23">72.1067</dst>
      <dst id="8">1865.6800</dst>
      <dst id="18">159.4311</dst>
      <dst id="4">8611.9556</dst>
      <dst id="1">255.1556</dst>
      <dst id="5">2407.1022</dst>
      <dst id="3">4205.7511</dst>
      <dst id="7">4795.2711</dst>
      <dst id="2">5771.2267</dst>
      <dst id="16">13.3333</dst>
      <dst id="14">5.3956</dst>
      <dst id="11">898.0711</dst>
      <dst id="9">11078.8533</dst>
      <dst id="17">3669.3600</dst>
      <dst id="21">3231.7067</dst>
    </src>
    <src id="11">
      <dst id="12">575453.2978</dst>
      <dst id="13">8625.8133</dst>
      <dst id="19">359.5378</dst>
      <dst id="23">148.8711</dst>
      <dst id="8">467.7867</dst>
      <dst id="18">1709.9378</dst>
      <dst id="4">6243.3956</dst>
      <dst id="1">2726.5156</dst>
      <dst id="5">3565.7333</dst>
      <dst id="3">1744.4533</dst>
      <dst id="22">1797.3333</dst>
      <dst id="7">1914.5956</dst>
      <dst id="2">132057.0844</dst>
      <dst id="6">20.8622</dst>
      <dst id="16">285.0578</dst>
      <dst id="14">160.1156</dst>
      <dst id="20">2033.5200</dst>
      <dst id="11">2288.0000</dst>
      <dst id="9">1467.5200</dst>
      <dst id="17">206567.5644</dst>
      <dst id="21">1787.4222</dst>
      <dst id="15">2080.1778</dst>
    </src>
    <src id="9">
      <dst id="12">434877.7333</dst>
      <dst id="13">13408.0622</dst>
      <dst id="19">3095.8933</dst>
      <dst id="23">39.0400</dst>
      <dst id="8">196174.5778</dst>
      <dst id="18">332.2667</dst>
      <dst id="4">14818.2667</dst>
      <dst id="1">16915.0667</dst>
      <dst id="5">3031.7422</dst>
      <dst id="3">14.0444</dst>
      <dst id="22">2008.3378</dst>
      <dst id="7">925.2000</dst>
      <dst id="2">3041.8311</dst>
      <dst id="6">0.3556</dst>
      <dst id="16">1175.5200</dst>
      <dst id="14">29.4844</dst>
      <dst id="20">5330.3289</dst>
      <dst id="11">1035.8044</dst>
      <dst id="9">450980.1333</dst>
      <dst id="17">228380.8089</dst>
      <dst id="21">765.3067</dst>
      <dst id="15">6732.6756</dst>
    </src>
    <src id="17">
      <dst id="12">19875.6711</dst>
      <dst id="13">22508.4889</dst>
      <dst id="19">3514.9511</dst>
      <dst id="23">520.3289</dst>
      <dst id="8">500.4356</dst>
      <dst id="18">7538.6756</dst>
      <dst id="4">112967.9022</dst>
      <dst id="1">21253.9378</dst>
      <dst id="5">230793.7067</dst>
      <dst id="3">11642.3467</dst>
      <dst id="22">3839.5733</dst>
      <dst id="7">20576.0622</dst>
      <dst id="2">44813.9022</dst>
      <dst id="6">119.4756</dst>
      <dst id="16">12904.2756</dst>
      <dst id="14">43279.9556</dst>
      <dst id="20">1018.4711</dst>
      <dst id="11">240704.5422</dst>
      <dst id="9">11232.9156</dst>
      <dst id="17">3829.9467</dst>
      <dst id="21">27665.3867</dst>
      <dst id="15">220.3022</dst>
    </src>
    <src id="21">
      <dst id="12">16346.7467</dst>
      <dst id="13">2394.0889</dst>
      <dst id="19">775.0311</dst>
      <dst id="23">125.7156</dst>
      <dst id="8">464.8533</dst>
      <dst id="18">6144.9778</dst>
      <dst id="4">30654.0089</dst>
      <dst id="1">6591.1022</dst>
      <dst id="5">622.9156</dst>
      <dst id="3">19972.4000</dst>
      <dst id="22">1938.0889</dst>
      <dst id="7">4473.9822</dst>
      <dst id="2">33205.2711</dst>
      <dst id="6">24.5600</dst>
      <dst id="16">1452.6222</dst>
      <dst id="14">102.4800</dst>
      <dst id="20">950.7644</dst>
      <dst id="11">856.9422</dst>
      <dst id="9">6321.9378</dst>
      <dst id="17">23733.4044</dst>
      <dst id="21">5350.2933</dst>
      <dst id="15">3566.5689</dst>
    </src>
    <src id="15">
      <dst id="12">1494.9956</dst>
      <dst id="13">4078.4800</dst>
      <dst id="19">43.3778</dst>
      <dst id="8">16385.7422</dst>
      <dst id="18">74.2400</dst>
      <dst id="4">4162.4711</dst>
      <dst id="1">288.8267</dst>
      <dst id="5">177.4667</dst>
      <dst id="7">108.9867</dst>
      <dst id="2">2885.2000</dst>
      <dst id="14">13.3156</dst>
      <dst id="11">2108.7467</dst>
      <dst id="9">560.0800</dst>
      <dst id="17">310.3022</dst>
      <dst id="21">286.4889</dst>
    </src>
  </IntraTM>
</TrafficMatrixFile>
