<?xml version="1.0" encoding="UTF-8" standalone="yes"?>
<TrafficMatrixFile xmlns:xsi="http://www.w3.org/2001/XMLSchema-instance" xsi:noNamespaceSchemaLocation="http://totem.run.montefiore.ulg.ac.be/Schema/TrafficMatrix-v1_2.xsd">
  <info>
    <title>Intradomain traffic matrix generated by geant-TM-all.pl</title>
    <date>2005-02-08T06:45:00</date>
    <duration>900</duration>
    <author>Steve Uhlig</author>
    <units>
        <unit type="bandwidth" value="kbps"/>
    </units>
  </info>
  <IntraTM ASID="20965">
    <src id="12">
      <dst id="12">317800.5156</dst>
      <dst id="13">18885.6622</dst>
      <dst id="19">1636.1422</dst>
      <dst id="23">10.9956</dst>
      <dst id="8">806.5156</dst>
      <dst id="18">68108.0356</dst>
      <dst id="4">86940.8178</dst>
      <dst id="1">9542.2133</dst>
      <dst id="5">17821.2000</dst>
      <dst id="3">1009.5822</dst>
      <dst id="10">6299.7244</dst>
      <dst id="22">33250.7644</dst>
      <dst id="7">4260.7289</dst>
      <dst id="2">41209.3867</dst>
      <dst id="6">30.8533</dst>
      <dst id="16">7013.8400</dst>
      <dst id="14">199.5022</dst>
      <dst id="20">9939.7511</dst>
      <dst id="11">410.9689</dst>
      <dst id="9">4716.8267</dst>
      <dst id="17">62626.3467</dst>
      <dst id="21">12450.7822</dst>
      <dst id="15">431.2889</dst>
    </src>
    <src id="13">
      <dst id="12">44157.8756</dst>
      <dst id="19">6687.0667</dst>
      <dst id="23">687.7422</dst>
      <dst id="8">987.9467</dst>
      <dst id="18">5529.0044</dst>
      <dst id="1">7350.4622</dst>
      <dst id="5">5591.8844</dst>
      <dst id="3">154.0533</dst>
      <dst id="22">12531.4933</dst>
      <dst id="7">19326.8356</dst>
      <dst id="2">85298.1867</dst>
      <dst id="6">877.6978</dst>
      <dst id="16">4615.4400</dst>
      <dst id="14">1619.6711</dst>
      <dst id="20">3783.7689</dst>
      <dst id="11">509.4044</dst>
      <dst id="9">8560.9600</dst>
      <dst id="17">83801.1822</dst>
      <dst id="21">3713.3600</dst>
      <dst id="15">2069.8044</dst>
    </src>
    <src id="19">
      <dst id="12">13073.3600</dst>
      <dst id="13">2644.6667</dst>
      <dst id="8">11.3067</dst>
      <dst id="18">1.4222</dst>
      <dst id="4">17566.3289</dst>
      <dst id="1">22.1333</dst>
      <dst id="5">53.0133</dst>
      <dst id="10">481.6000</dst>
      <dst id="22">117.6000</dst>
      <dst id="7">2948.0000</dst>
      <dst id="2">392.5689</dst>
      <dst id="6">1182.2667</dst>
      <dst id="16">15234.3911</dst>
      <dst id="14">13.8311</dst>
      <dst id="20">74.7733</dst>
      <dst id="11">13.6178</dst>
      <dst id="9">59.9822</dst>
      <dst id="17">4345.7689</dst>
      <dst id="21">652.5867</dst>
      <dst id="15">1.8844</dst>
    </src>
    <src id="23">
      <dst id="12">330.4622</dst>
      <dst id="13">70.6489</dst>
      <dst id="19">0.3556</dst>
      <dst id="8">0.3556</dst>
      <dst id="18">4174.6489</dst>
      <dst id="4">5100.6578</dst>
      <dst id="1">32.5156</dst>
      <dst id="5">0.5333</dst>
      <dst id="3">93.3333</dst>
      <dst id="10">80.5956</dst>
      <dst id="22">554.5333</dst>
      <dst id="7">30.4978</dst>
      <dst id="2">1.1822</dst>
      <dst id="16">10154.5956</dst>
      <dst id="14">12.6222</dst>
      <dst id="20">1.1022</dst>
      <dst id="9">107.5200</dst>
      <dst id="17">2157.1733</dst>
      <dst id="21">27.0578</dst>
      <dst id="15">29.1644</dst>
    </src>
    <src id="8">
      <dst id="12">100380.3200</dst>
      <dst id="13">124.1422</dst>
      <dst id="19">294.9067</dst>
      <dst id="23">2.0533</dst>
      <dst id="18">15.9644</dst>
      <dst id="4">1552.8889</dst>
      <dst id="1">9148.7822</dst>
      <dst id="5">1719.1200</dst>
      <dst id="3">1.4578</dst>
      <dst id="10">530.2756</dst>
      <dst id="22">580.3911</dst>
      <dst id="7">2.8444</dst>
      <dst id="2">185.3333</dst>
      <dst id="16">452.2133</dst>
      <dst id="14">50.7911</dst>
      <dst id="20">3337.2711</dst>
      <dst id="11">13.3333</dst>
      <dst id="9">207086.6578</dst>
      <dst id="17">315122.2667</dst>
      <dst id="21">732.4178</dst>
      <dst id="15">65.2000</dst>
    </src>
    <src id="18">
      <dst id="12">170282.4533</dst>
      <dst id="13">631.2089</dst>
      <dst id="19">17.0311</dst>
      <dst id="23">34.1333</dst>
      <dst id="8">17.1289</dst>
      <dst id="4">834.4889</dst>
      <dst id="1">1975.3956</dst>
      <dst id="5">529.7067</dst>
      <dst id="3">992.5067</dst>
      <dst id="10">444.5689</dst>
      <dst id="22">106.2400</dst>
      <dst id="7">61.2267</dst>
      <dst id="2">56336.4711</dst>
      <dst id="16">33.3778</dst>
      <dst id="14">25.2444</dst>
      <dst id="20">82.8267</dst>
      <dst id="11">2.3289</dst>
      <dst id="9">59.5556</dst>
      <dst id="17">14503.5467</dst>
      <dst id="21">318.0444</dst>
      <dst id="15">2.0622</dst>
    </src>
    <src id="4">
      <dst id="12">23466.5600</dst>
      <dst id="19">3442.8356</dst>
      <dst id="23">23.6267</dst>
      <dst id="8">707.8844</dst>
      <dst id="18">3060.3111</dst>
      <dst id="4">4760.7022</dst>
      <dst id="1">28948.8089</dst>
      <dst id="5">869.6000</dst>
      <dst id="3">798.4178</dst>
      <dst id="22">6790.1333</dst>
      <dst id="7">129238.2400</dst>
      <dst id="2">44068.3378</dst>
      <dst id="6">101.4044</dst>
      <dst id="16">1556.0889</dst>
      <dst id="14">4874.3111</dst>
      <dst id="20">1495.7956</dst>
      <dst id="11">885.1378</dst>
      <dst id="9">9235.4489</dst>
      <dst id="17">78500.0889</dst>
      <dst id="21">8299.9467</dst>
      <dst id="15">831.9200</dst>
    </src>
    <src id="1">
      <dst id="12">27722.5067</dst>
      <dst id="13">361.9200</dst>
      <dst id="19">74.2933</dst>
      <dst id="23">30.8356</dst>
      <dst id="8">5.5822</dst>
      <dst id="18">11804.5333</dst>
      <dst id="4">3287.1733</dst>
      <dst id="1">90626.1333</dst>
      <dst id="5">285.2178</dst>
      <dst id="3">162.6756</dst>
      <dst id="10">303.1289</dst>
      <dst id="22">860.4444</dst>
      <dst id="7">942.0800</dst>
      <dst id="2">3774.8800</dst>
      <dst id="6">1.2178</dst>
      <dst id="16">23325.6356</dst>
      <dst id="14">123.2711</dst>
      <dst id="20">1056.9244</dst>
      <dst id="11">60.9333</dst>
      <dst id="9">615.4578</dst>
      <dst id="17">13701.8933</dst>
      <dst id="21">20075.7778</dst>
      <dst id="15">128.6578</dst>
    </src>
    <src id="5">
      <dst id="12">18730.3200</dst>
      <dst id="13">564.5156</dst>
      <dst id="19">223.5289</dst>
      <dst id="8">1214.9422</dst>
      <dst id="18">88.6489</dst>
      <dst id="4">3370.6311</dst>
      <dst id="1">4256.4178</dst>
      <dst id="3">2.9067</dst>
      <dst id="10">905.7867</dst>
      <dst id="22">3176.5867</dst>
      <dst id="7">61.0133</dst>
      <dst id="2">5215.0578</dst>
      <dst id="6">1.1289</dst>
      <dst id="16">1657.2178</dst>
      <dst id="14">0.4622</dst>
      <dst id="20">2413.7244</dst>
      <dst id="11">190.2578</dst>
      <dst id="9">77596.7556</dst>
      <dst id="17">391929.3067</dst>
      <dst id="21">99.4756</dst>
      <dst id="15">57.4222</dst>
    </src>
    <src id="3">
      <dst id="12">5201.1644</dst>
      <dst id="13">122230.9867</dst>
      <dst id="19">2050.8000</dst>
      <dst id="23">4.8000</dst>
      <dst id="8">69.9556</dst>
      <dst id="18">214.3022</dst>
      <dst id="4">30700.7911</dst>
      <dst id="1">5498.8444</dst>
      <dst id="5">282.9511</dst>
      <dst id="3">135.1467</dst>
      <dst id="10">921.0222</dst>
      <dst id="22">1385.7422</dst>
      <dst id="7">4414.8711</dst>
      <dst id="2">2127.4756</dst>
      <dst id="6">0.3289</dst>
      <dst id="16">2455.4667</dst>
      <dst id="14">53.6089</dst>
      <dst id="20">2875.3156</dst>
      <dst id="11">120.6222</dst>
      <dst id="9">110.2933</dst>
      <dst id="17">21370.7644</dst>
      <dst id="21">13455.4844</dst>
      <dst id="15">8.5689</dst>
    </src>
    <src id="10">
      <dst id="12">153414.2044</dst>
      <dst id="8">114807.2533</dst>
      <dst id="5">204402.7022</dst>
      <dst id="3">9086.0622</dst>
      <dst id="6">12679.9111</dst>
      <dst id="14">38371.9378</dst>
      <dst id="11">13349.1644</dst>
      <dst id="9">232562.3022</dst>
      <dst id="17">7751.1733</dst>
      <dst id="21">7347.4400</dst>
    </src>
    <src id="22">
      <dst id="12">16222.8533</dst>
      <dst id="13">6660.0000</dst>
      <dst id="19">1160.6489</dst>
      <dst id="23">1277.4489</dst>
      <dst id="8">1678.5422</dst>
      <dst id="18">245.3689</dst>
      <dst id="4">12486.3556</dst>
      <dst id="1">81.4667</dst>
      <dst id="5">4256.7644</dst>
      <dst id="3">13.3333</dst>
      <dst id="10">995.3422</dst>
      <dst id="7">1398.4444</dst>
      <dst id="2">4981.3600</dst>
      <dst id="6">83.6533</dst>
      <dst id="14">97.0844</dst>
      <dst id="11">39.7067</dst>
      <dst id="9">2200.3111</dst>
      <dst id="17">21179.9467</dst>
      <dst id="21">527.7244</dst>
    </src>
    <src id="7">
      <dst id="12">2927.2356</dst>
      <dst id="13">125.4933</dst>
      <dst id="19">393.8578</dst>
      <dst id="23">70.6578</dst>
      <dst id="8">239.3778</dst>
      <dst id="18">1954.6578</dst>
      <dst id="4">10514.3378</dst>
      <dst id="1">3518.5422</dst>
      <dst id="5">2797.6622</dst>
      <dst id="3">250.9333</dst>
      <dst id="10">377.5911</dst>
      <dst id="22">3102.3556</dst>
      <dst id="7">949.4400</dst>
      <dst id="2">7567.3156</dst>
      <dst id="6">85.8933</dst>
      <dst id="16">890.0356</dst>
      <dst id="14">988.5422</dst>
      <dst id="20">802.6133</dst>
      <dst id="11">76.7733</dst>
      <dst id="9">3774.2844</dst>
      <dst id="17">25608.1422</dst>
      <dst id="21">3973.2356</dst>
      <dst id="15">1393.7689</dst>
    </src>
    <src id="2">
      <dst id="12">82205.4133</dst>
      <dst id="13">131441.5378</dst>
      <dst id="19">795.5733</dst>
      <dst id="8">172.9422</dst>
      <dst id="18">44034.4711</dst>
      <dst id="4">51452.8000</dst>
      <dst id="1">2556.6489</dst>
      <dst id="5">1721.2978</dst>
      <dst id="3">9.4578</dst>
      <dst id="10">6328.8711</dst>
      <dst id="22">4558.6933</dst>
      <dst id="7">6732.1689</dst>
      <dst id="2">999.8400</dst>
      <dst id="6">27663.1556</dst>
      <dst id="16">1892.4267</dst>
      <dst id="14">73.8756</dst>
      <dst id="20">140.6844</dst>
      <dst id="11">132.9689</dst>
      <dst id="9">651.3244</dst>
      <dst id="17">115635.9467</dst>
      <dst id="21">3190.4267</dst>
      <dst id="15">148.9600</dst>
    </src>
    <src id="6">
      <dst id="12">4977.9556</dst>
      <dst id="13">13.2622</dst>
      <dst id="19">29.0844</dst>
      <dst id="23">0.3378</dst>
      <dst id="18">0.4533</dst>
      <dst id="4">238.5067</dst>
      <dst id="1">173.7867</dst>
      <dst id="10">4.3556</dst>
      <dst id="22">4.3733</dst>
      <dst id="7">6.3644</dst>
      <dst id="2">4506.7289</dst>
      <dst id="20">198.2044</dst>
      <dst id="9">15.2089</dst>
      <dst id="17">19688.3022</dst>
      <dst id="21">2.2044</dst>
    </src>
    <src id="16">
      <dst id="12">3545.4578</dst>
      <dst id="13">329.4933</dst>
      <dst id="19">3394.0267</dst>
      <dst id="23">102.7733</dst>
      <dst id="8">3927.2889</dst>
      <dst id="18">6.1689</dst>
      <dst id="4">3168.4889</dst>
      <dst id="1">19788.1511</dst>
      <dst id="5">4012.7378</dst>
      <dst id="3">1093.7600</dst>
      <dst id="10">223.6356</dst>
      <dst id="7">326.8622</dst>
      <dst id="2">437.7067</dst>
      <dst id="6">0.7111</dst>
      <dst id="16">38.2933</dst>
      <dst id="14">10.7200</dst>
      <dst id="11">6.4889</dst>
      <dst id="9">4508.1333</dst>
      <dst id="17">1077.0933</dst>
      <dst id="21">38.7556</dst>
    </src>
    <src id="14">
      <dst id="12">1600.4978</dst>
      <dst id="13">78.1244</dst>
      <dst id="19">5.9378</dst>
      <dst id="8">0.3556</dst>
      <dst id="18">2.0622</dst>
      <dst id="4">1462.3289</dst>
      <dst id="1">435.9644</dst>
      <dst id="5">3.1200</dst>
      <dst id="3">96.7644</dst>
      <dst id="10">35.6178</dst>
      <dst id="22">3.3689</dst>
      <dst id="7">61.1644</dst>
      <dst id="2">4191.7778</dst>
      <dst id="16">7.3422</dst>
      <dst id="20">0.6844</dst>
      <dst id="11">12.6222</dst>
      <dst id="9">40.2489</dst>
      <dst id="17">29152.9333</dst>
      <dst id="21">141.6000</dst>
      <dst id="15">1.1378</dst>
    </src>
    <src id="20">
      <dst id="12">6540.0800</dst>
      <dst id="13">4602.9778</dst>
      <dst id="19">2288.2222</dst>
      <dst id="23">4.9067</dst>
      <dst id="8">721.3333</dst>
      <dst id="18">6.4000</dst>
      <dst id="4">9181.3600</dst>
      <dst id="1">430.4178</dst>
      <dst id="5">2760.5156</dst>
      <dst id="3">1.1111</dst>
      <dst id="10">654.2222</dst>
      <dst id="22">36.3289</dst>
      <dst id="7">1076.3733</dst>
      <dst id="2">3516.9244</dst>
      <dst id="6">7.6267</dst>
      <dst id="14">13.4400</dst>
      <dst id="11">154.6311</dst>
      <dst id="9">5667.4489</dst>
      <dst id="17">4558.2756</dst>
      <dst id="21">216.8178</dst>
    </src>
    <src id="11">
      <dst id="12">137259.9822</dst>
      <dst id="13">3477.3156</dst>
      <dst id="19">2360.8356</dst>
      <dst id="23">7.3956</dst>
      <dst id="8">349.9822</dst>
      <dst id="18">276.0089</dst>
      <dst id="4">3619.5733</dst>
      <dst id="1">260.8711</dst>
      <dst id="5">1716.1867</dst>
      <dst id="3">20.1244</dst>
      <dst id="10">2306.4533</dst>
      <dst id="22">5102.9600</dst>
      <dst id="7">689.7511</dst>
      <dst id="2">130389.7244</dst>
      <dst id="6">3.1378</dst>
      <dst id="16">481.6178</dst>
      <dst id="14">13.5200</dst>
      <dst id="20">1456.5956</dst>
      <dst id="11">2111.5556</dst>
      <dst id="9">2402.4978</dst>
      <dst id="17">923418.0356</dst>
      <dst id="21">1071.1556</dst>
      <dst id="15">204.0711</dst>
    </src>
    <src id="9">
      <dst id="12">35858.3644</dst>
      <dst id="13">2151.1822</dst>
      <dst id="19">778.5600</dst>
      <dst id="23">61.5111</dst>
      <dst id="8">115231.4667</dst>
      <dst id="18">427.2444</dst>
      <dst id="4">7426.9511</dst>
      <dst id="1">9167.6978</dst>
      <dst id="5">813.5644</dst>
      <dst id="3">0.4356</dst>
      <dst id="10">3501.7244</dst>
      <dst id="22">6829.2800</dst>
      <dst id="7">470.1600</dst>
      <dst id="2">4616.1422</dst>
      <dst id="16">721.4400</dst>
      <dst id="14">13.9556</dst>
      <dst id="20">689.1111</dst>
      <dst id="11">27.6089</dst>
      <dst id="9">457084.7822</dst>
      <dst id="17">518528.6222</dst>
      <dst id="21">568.4178</dst>
      <dst id="15">5647.6178</dst>
    </src>
    <src id="17">
      <dst id="12">124435.3867</dst>
      <dst id="13">6047.4844</dst>
      <dst id="19">10987.5733</dst>
      <dst id="23">290.0000</dst>
      <dst id="8">261.5556</dst>
      <dst id="18">770.1156</dst>
      <dst id="4">32922.9156</dst>
      <dst id="1">14440.0000</dst>
      <dst id="5">178194.6578</dst>
      <dst id="3">2695.3867</dst>
      <dst id="10">1131.7956</dst>
      <dst id="22">6352.0800</dst>
      <dst id="7">1020.0267</dst>
      <dst id="2">9745.1111</dst>
      <dst id="6">208.2044</dst>
      <dst id="16">2045.5733</dst>
      <dst id="14">20581.3689</dst>
      <dst id="20">4904.6400</dst>
      <dst id="11">20699.9378</dst>
      <dst id="9">3558.5778</dst>
      <dst id="17">10911.2000</dst>
      <dst id="21">6625.6800</dst>
      <dst id="15">106.4800</dst>
    </src>
    <src id="21">
      <dst id="12">8791.0133</dst>
      <dst id="13">487.3244</dst>
      <dst id="19">50.4978</dst>
      <dst id="23">2.3200</dst>
      <dst id="8">104.5067</dst>
      <dst id="18">943.7956</dst>
      <dst id="4">8723.6089</dst>
      <dst id="1">2854.6489</dst>
      <dst id="5">522.2489</dst>
      <dst id="3">1901.7511</dst>
      <dst id="10">565.7956</dst>
      <dst id="22">2821.5467</dst>
      <dst id="7">657.7511</dst>
      <dst id="2">8976.8356</dst>
      <dst id="6">1.3067</dst>
      <dst id="16">944.2578</dst>
      <dst id="14">116.0444</dst>
      <dst id="20">3535.5467</dst>
      <dst id="11">844.8178</dst>
      <dst id="9">256.0978</dst>
      <dst id="17">32778.0711</dst>
      <dst id="21">1973.7600</dst>
      <dst id="15">60.4978</dst>
    </src>
    <src id="15">
      <dst id="12">2234.3822</dst>
      <dst id="13">2349.9733</dst>
      <dst id="19">26.2044</dst>
      <dst id="23">0.4622</dst>
      <dst id="8">67.0489</dst>
      <dst id="18">14.7200</dst>
      <dst id="4">1284.1867</dst>
      <dst id="1">68.1600</dst>
      <dst id="5">329.1111</dst>
      <dst id="10">92.0178</dst>
      <dst id="7">97.6178</dst>
      <dst id="2">176.6844</dst>
      <dst id="14">13.3422</dst>
      <dst id="11">12.9778</dst>
      <dst id="9">3672.4978</dst>
      <dst id="17">752.2578</dst>
      <dst id="21">72.4178</dst>
    </src>
  </IntraTM>
</TrafficMatrixFile>
