<?xml version="1.0" encoding="UTF-8" standalone="yes"?>
<TrafficMatrixFile xmlns:xsi="http://www.w3.org/2001/XMLSchema-instance" xsi:noNamespaceSchemaLocation="http://totem.run.montefiore.ulg.ac.be/Schema/TrafficMatrix-v1_2.xsd">
  <info>
    <title>Intradomain traffic matrix generated by geant-TM-all.pl</title>
    <date>2005-04-02T11:15:00</date>
    <duration>900</duration>
    <author>Steve Uhlig</author>
    <units>
        <unit type="bandwidth" value="kbps"/>
    </units>
  </info>
  <IntraTM ASID="20965">
    <src id="12">
      <dst id="12">323527.9911</dst>
      <dst id="13">22669.3956</dst>
      <dst id="19">7889.2533</dst>
      <dst id="23">1153.9378</dst>
      <dst id="8">193.8222</dst>
      <dst id="18">46640.3644</dst>
      <dst id="4">4938.5600</dst>
      <dst id="1">10402.0533</dst>
      <dst id="5">831.2533</dst>
      <dst id="3">314.8178</dst>
      <dst id="10">10147.0400</dst>
      <dst id="22">3483.3689</dst>
      <dst id="7">8163.4667</dst>
      <dst id="2">24557.1556</dst>
      <dst id="16">5159.1556</dst>
      <dst id="14">298.6578</dst>
      <dst id="20">6305.5644</dst>
      <dst id="11">624.9600</dst>
      <dst id="9">2854.8800</dst>
      <dst id="17">65120.2311</dst>
      <dst id="21">351.2711</dst>
      <dst id="15">209.0222</dst>
    </src>
    <src id="13">
      <dst id="12">11668.6311</dst>
      <dst id="13">135.5200</dst>
      <dst id="19">1497.0844</dst>
      <dst id="23">10.5244</dst>
      <dst id="8">96.4267</dst>
      <dst id="18">20.7289</dst>
      <dst id="4">0.6311</dst>
      <dst id="1">2514.2044</dst>
      <dst id="5">1315.7511</dst>
      <dst id="3">5.8933</dst>
      <dst id="10">13.6356</dst>
      <dst id="22">3827.9556</dst>
      <dst id="7">48.2311</dst>
      <dst id="2">1753.4222</dst>
      <dst id="16">12051.3956</dst>
      <dst id="14">46.7822</dst>
      <dst id="20">158.4889</dst>
      <dst id="11">1216.0089</dst>
      <dst id="9">12832.1956</dst>
      <dst id="17">36234.6667</dst>
      <dst id="21">173.5378</dst>
      <dst id="15">195.7156</dst>
    </src>
    <src id="19">
      <dst id="12">32478.5244</dst>
      <dst id="13">3454.9511</dst>
      <dst id="23">0.9244</dst>
      <dst id="8">1.1111</dst>
      <dst id="18">14.6311</dst>
      <dst id="4">102.8800</dst>
      <dst id="1">124.4089</dst>
      <dst id="5">100.1333</dst>
      <dst id="10">160.3200</dst>
      <dst id="22">4326.4711</dst>
      <dst id="7">20.5600</dst>
      <dst id="2">750.7911</dst>
      <dst id="16">1228.2844</dst>
      <dst id="14">27.8756</dst>
      <dst id="20">38.9333</dst>
      <dst id="11">14.9333</dst>
      <dst id="9">4.8089</dst>
      <dst id="17">652.7289</dst>
      <dst id="21">327.5378</dst>
    </src>
    <src id="23">
      <dst id="12">5076.6578</dst>
      <dst id="13">247.5556</dst>
      <dst id="19">1.5111</dst>
      <dst id="18">1.8667</dst>
      <dst id="4">55.9289</dst>
      <dst id="1">153.4044</dst>
      <dst id="5">1.0133</dst>
      <dst id="10">432.0267</dst>
      <dst id="22">4.9333</dst>
      <dst id="7">119.2889</dst>
      <dst id="2">8.6933</dst>
      <dst id="16">0.8178</dst>
      <dst id="14">2.0800</dst>
      <dst id="11">25.7067</dst>
      <dst id="9">1.6089</dst>
      <dst id="17">1326.3022</dst>
      <dst id="21">4754.7822</dst>
    </src>
    <src id="8">
      <dst id="12">3657.0311</dst>
      <dst id="13">210.3378</dst>
      <dst id="19">0.8267</dst>
      <dst id="23">0.5333</dst>
      <dst id="18">1.7156</dst>
      <dst id="4">118.5333</dst>
      <dst id="1">444.5956</dst>
      <dst id="5">82.8978</dst>
      <dst id="10">26.5333</dst>
      <dst id="7">3.5556</dst>
      <dst id="2">90.9067</dst>
      <dst id="16">150970.2133</dst>
      <dst id="14">13.3333</dst>
      <dst id="9">38549.3244</dst>
      <dst id="17">16138.1867</dst>
      <dst id="21">14.7200</dst>
      <dst id="15">74.8444</dst>
    </src>
    <src id="18">
      <dst id="12">117688.7911</dst>
      <dst id="13">544.6400</dst>
      <dst id="19">50.2489</dst>
      <dst id="23">0.5333</dst>
      <dst id="4">527.6178</dst>
      <dst id="1">829.8489</dst>
      <dst id="5">120.2756</dst>
      <dst id="3">2070.1244</dst>
      <dst id="10">75.1022</dst>
      <dst id="22">54.7911</dst>
      <dst id="7">56.3022</dst>
      <dst id="2">10272.4622</dst>
      <dst id="16">391.9644</dst>
      <dst id="14">1.5378</dst>
      <dst id="20">879.4400</dst>
      <dst id="11">13.0844</dst>
      <dst id="9">301.8489</dst>
      <dst id="17">3689.2444</dst>
      <dst id="21">119.0311</dst>
      <dst id="15">4.5778</dst>
    </src>
    <src id="4">
      <dst id="12">19386.8533</dst>
      <dst id="13">7.7422</dst>
      <dst id="19">3114.4089</dst>
      <dst id="23">262.0622</dst>
      <dst id="8">409.1200</dst>
      <dst id="18">2044.8267</dst>
      <dst id="4">967.4756</dst>
      <dst id="1">17970.5067</dst>
      <dst id="5">3732.7822</dst>
      <dst id="3">55.4222</dst>
      <dst id="22">370.6844</dst>
      <dst id="7">40.6400</dst>
      <dst id="2">79915.5733</dst>
      <dst id="6">0.4267</dst>
      <dst id="16">99586.2133</dst>
      <dst id="14">5933.4133</dst>
      <dst id="11">214.4622</dst>
      <dst id="9">17903.7511</dst>
      <dst id="17">66014.9956</dst>
      <dst id="21">8625.9111</dst>
      <dst id="15">482.5867</dst>
    </src>
    <src id="1">
      <dst id="12">30462.8178</dst>
      <dst id="13">4350.0089</dst>
      <dst id="19">24.6578</dst>
      <dst id="23">6.0533</dst>
      <dst id="8">6.3911</dst>
      <dst id="18">18817.7333</dst>
      <dst id="4">2112.2489</dst>
      <dst id="1">5891.3333</dst>
      <dst id="5">278.7911</dst>
      <dst id="3">4.3644</dst>
      <dst id="10">91.8933</dst>
      <dst id="22">0.9244</dst>
      <dst id="7">176.7022</dst>
      <dst id="2">668.9067</dst>
      <dst id="16">22417.3067</dst>
      <dst id="14">45.2267</dst>
      <dst id="20">39.9733</dst>
      <dst id="11">249.0400</dst>
      <dst id="9">525.1556</dst>
      <dst id="17">85685.9111</dst>
      <dst id="21">134595.9644</dst>
      <dst id="15">7119.1467</dst>
    </src>
    <src id="5">
      <dst id="12">18786.1511</dst>
      <dst id="13">658.2489</dst>
      <dst id="19">46.7378</dst>
      <dst id="8">104.1867</dst>
      <dst id="18">61.7956</dst>
      <dst id="4">701.1733</dst>
      <dst id="1">2804.9511</dst>
      <dst id="3">0.4178</dst>
      <dst id="10">170.9244</dst>
      <dst id="22">4.7378</dst>
      <dst id="2">876.7556</dst>
      <dst id="16">248965.2622</dst>
      <dst id="14">0.4622</dst>
      <dst id="11">28.8800</dst>
      <dst id="9">36416.3378</dst>
      <dst id="17">27153.5644</dst>
      <dst id="21">29.6711</dst>
      <dst id="15">10.3467</dst>
    </src>
    <src id="3">
      <dst id="12">4143.9378</dst>
      <dst id="13">52529.6178</dst>
      <dst id="19">1476.3911</dst>
      <dst id="23">14.3289</dst>
      <dst id="8">2.8800</dst>
      <dst id="18">408.8533</dst>
      <dst id="4">460.9156</dst>
      <dst id="1">11601.4311</dst>
      <dst id="5">218.5867</dst>
      <dst id="3">41.3867</dst>
      <dst id="10">685.4844</dst>
      <dst id="22">22.3289</dst>
      <dst id="7">151.0222</dst>
      <dst id="2">3259.1378</dst>
      <dst id="16">14558.2222</dst>
      <dst id="14">144.8000</dst>
      <dst id="20">189.0222</dst>
      <dst id="11">369.4044</dst>
      <dst id="9">469.7067</dst>
      <dst id="17">26785.2711</dst>
      <dst id="21">5226.1956</dst>
      <dst id="15">6.4178</dst>
    </src>
    <src id="10">
      <dst id="12">15410.4711</dst>
      <dst id="13">5.5467</dst>
      <dst id="19">7190.4622</dst>
      <dst id="23">10458.3644</dst>
      <dst id="8">123.3511</dst>
      <dst id="18">1332.1689</dst>
      <dst id="1">145.4756</dst>
      <dst id="5">1280.7911</dst>
      <dst id="3">12.8178</dst>
      <dst id="22">89.7067</dst>
      <dst id="7">4.9067</dst>
      <dst id="2">10857.1556</dst>
      <dst id="16">27264.3911</dst>
      <dst id="14">1271.7778</dst>
      <dst id="20">1387.9378</dst>
      <dst id="11">4.3822</dst>
      <dst id="9">3006.7111</dst>
      <dst id="17">35246.4444</dst>
      <dst id="21">6833.0756</dst>
      <dst id="15">119.7867</dst>
    </src>
    <src id="22">
      <dst id="12">9972.5956</dst>
      <dst id="13">3923.3511</dst>
      <dst id="19">126.8267</dst>
      <dst id="23">1.8311</dst>
      <dst id="8">295.5733</dst>
      <dst id="18">19.8578</dst>
      <dst id="4">359.5733</dst>
      <dst id="1">52.1156</dst>
      <dst id="5">734.3733</dst>
      <dst id="3">40.8178</dst>
      <dst id="10">400.3289</dst>
      <dst id="7">13.6889</dst>
      <dst id="2">423.2800</dst>
      <dst id="16">681.9378</dst>
      <dst id="14">231.0222</dst>
      <dst id="11">53.2089</dst>
      <dst id="9">4881.7067</dst>
      <dst id="17">1037.7689</dst>
      <dst id="21">332.3289</dst>
    </src>
    <src id="7">
      <dst id="12">4962.8356</dst>
      <dst id="13">65363.7333</dst>
      <dst id="19">52.4356</dst>
      <dst id="23">8.4889</dst>
      <dst id="8">146.7733</dst>
      <dst id="18">6.5600</dst>
      <dst id="4">1411.9822</dst>
      <dst id="1">1638.9422</dst>
      <dst id="5">3.1911</dst>
      <dst id="3">7.1822</dst>
      <dst id="10">240.5689</dst>
      <dst id="22">8.0444</dst>
      <dst id="7">26.0267</dst>
      <dst id="2">5813.0667</dst>
      <dst id="16">2476.9600</dst>
      <dst id="14">21.6444</dst>
      <dst id="20">29.7511</dst>
      <dst id="11">133.6889</dst>
      <dst id="9">36.0622</dst>
      <dst id="17">5766.8444</dst>
      <dst id="21">5022.5333</dst>
      <dst id="15">1.4311</dst>
    </src>
    <src id="2">
      <dst id="12">69737.8133</dst>
      <dst id="13">26182.7289</dst>
      <dst id="19">1013.2089</dst>
      <dst id="8">110.5956</dst>
      <dst id="18">37268.3200</dst>
      <dst id="4">3340.7289</dst>
      <dst id="1">3604.0356</dst>
      <dst id="5">376.4000</dst>
      <dst id="3">2243.0489</dst>
      <dst id="10">4612.6933</dst>
      <dst id="22">510.3378</dst>
      <dst id="7">7806.3733</dst>
      <dst id="2">5800.8711</dst>
      <dst id="6">0.2489</dst>
      <dst id="16">7832.7289</dst>
      <dst id="14">269.3778</dst>
      <dst id="20">73.5644</dst>
      <dst id="11">588.0978</dst>
      <dst id="9">1287.5200</dst>
      <dst id="17">6403.7956</dst>
      <dst id="21">5011.3867</dst>
      <dst id="15">130.1867</dst>
    </src>
    <src id="6">
      <dst id="12">411.6622</dst>
      <dst id="13">32.6578</dst>
      <dst id="4">1.1733</dst>
      <dst id="1">403.6089</dst>
      <dst id="5">1.0756</dst>
      <dst id="3">1.9556</dst>
      <dst id="10">16.6400</dst>
      <dst id="22">66.7111</dst>
      <dst id="7">3.5556</dst>
      <dst id="2">1016.3200</dst>
      <dst id="16">90.3022</dst>
      <dst id="20">0.4622</dst>
      <dst id="9">28.5778</dst>
      <dst id="17">15613.3067</dst>
      <dst id="21">19.2622</dst>
    </src>
    <src id="16">
      <dst id="12">95177.1467</dst>
      <dst id="13">306.9956</dst>
      <dst id="19">3033.1556</dst>
      <dst id="23">14.3822</dst>
      <dst id="8">46471.6800</dst>
      <dst id="18">1445.1111</dst>
      <dst id="4">170.8533</dst>
      <dst id="1">13707.5822</dst>
      <dst id="5">160304.5689</dst>
      <dst id="3">3249.6889</dst>
      <dst id="10">102.6044</dst>
      <dst id="7">0.5333</dst>
      <dst id="2">98.2222</dst>
      <dst id="16">11684.4444</dst>
      <dst id="14">23025.4933</dst>
      <dst id="11">18267.2000</dst>
      <dst id="9">137315.8578</dst>
      <dst id="17">1294.3733</dst>
      <dst id="21">67.0578</dst>
    </src>
    <src id="14">
      <dst id="12">553.9111</dst>
      <dst id="13">252.8356</dst>
      <dst id="19">41.3867</dst>
      <dst id="23">4.6044</dst>
      <dst id="4">210.7556</dst>
      <dst id="1">190.1689</dst>
      <dst id="5">24.7289</dst>
      <dst id="3">249.6267</dst>
      <dst id="10">9.1644</dst>
      <dst id="7">15.7956</dst>
      <dst id="2">1618.6844</dst>
      <dst id="16">1856.7111</dst>
      <dst id="20">0.3911</dst>
      <dst id="11">40.0889</dst>
      <dst id="9">250.4622</dst>
      <dst id="17">21857.3244</dst>
      <dst id="21">140.1511</dst>
      <dst id="15">0.9244</dst>
    </src>
    <src id="20">
      <dst id="12">3447.1467</dst>
      <dst id="13">1524.9067</dst>
      <dst id="19">2.4889</dst>
      <dst id="23">0.4622</dst>
      <dst id="8">37.5822</dst>
      <dst id="18">25.4667</dst>
      <dst id="4">204.0533</dst>
      <dst id="1">37.2533</dst>
      <dst id="5">11301.2444</dst>
      <dst id="3">68.5156</dst>
      <dst id="10">574.2311</dst>
      <dst id="7">50.4089</dst>
      <dst id="2">690.8356</dst>
      <dst id="16">7145.4489</dst>
      <dst id="14">1.1111</dst>
      <dst id="20">63.6089</dst>
      <dst id="11">13.8311</dst>
      <dst id="9">269.3244</dst>
      <dst id="17">3827.5822</dst>
      <dst id="21">2595.4222</dst>
    </src>
    <src id="11">
      <dst id="12">21197.7067</dst>
      <dst id="13">1560.2044</dst>
      <dst id="19">61.1200</dst>
      <dst id="23">83.5111</dst>
      <dst id="8">105.3511</dst>
      <dst id="18">529.2356</dst>
      <dst id="4">1042.9778</dst>
      <dst id="1">11602.2222</dst>
      <dst id="5">713.2178</dst>
      <dst id="3">953.6622</dst>
      <dst id="10">1356.5689</dst>
      <dst id="22">3.2711</dst>
      <dst id="7">15.4400</dst>
      <dst id="2">45527.3956</dst>
      <dst id="16">5088.5956</dst>
      <dst id="14">45.6089</dst>
      <dst id="20">184.2311</dst>
      <dst id="11">903.1911</dst>
      <dst id="9">3006.9067</dst>
      <dst id="17">487390.9333</dst>
      <dst id="21">693.7422</dst>
      <dst id="15">3.2000</dst>
    </src>
    <src id="9">
      <dst id="12">19851.7244</dst>
      <dst id="13">7458.9067</dst>
      <dst id="19">12.8711</dst>
      <dst id="8">38820.8711</dst>
      <dst id="18">70.9600</dst>
      <dst id="4">507.3511</dst>
      <dst id="1">7425.7511</dst>
      <dst id="5">592.5244</dst>
      <dst id="10">703.3600</dst>
      <dst id="22">2.5422</dst>
      <dst id="2">1111.1022</dst>
      <dst id="16">474424.9422</dst>
      <dst id="14">70.6133</dst>
      <dst id="11">33.5467</dst>
      <dst id="9">229469.5644</dst>
      <dst id="17">47449.6356</dst>
      <dst id="21">66.6222</dst>
      <dst id="15">696.7911</dst>
    </src>
    <src id="17">
      <dst id="12">57543.6978</dst>
      <dst id="13">32193.4400</dst>
      <dst id="19">316.6844</dst>
      <dst id="23">8.0444</dst>
      <dst id="8">111.2178</dst>
      <dst id="18">166.3911</dst>
      <dst id="4">4503.5733</dst>
      <dst id="1">1726.3733</dst>
      <dst id="5">84749.5378</dst>
      <dst id="3">2470.4356</dst>
      <dst id="10">1773.9289</dst>
      <dst id="22">1336.9867</dst>
      <dst id="7">3280.0889</dst>
      <dst id="2">5039.2089</dst>
      <dst id="16">48711.5822</dst>
      <dst id="14">9631.7333</dst>
      <dst id="20">19907.5200</dst>
      <dst id="11">10238.5689</dst>
      <dst id="9">15870.1778</dst>
      <dst id="17">18069.8667</dst>
      <dst id="21">2286.2933</dst>
      <dst id="15">87.8578</dst>
    </src>
    <src id="21">
      <dst id="12">1378.3556</dst>
      <dst id="13">19715.3689</dst>
      <dst id="19">417.0222</dst>
      <dst id="23">153.1378</dst>
      <dst id="8">108.2489</dst>
      <dst id="18">370.2311</dst>
      <dst id="4">331.6444</dst>
      <dst id="1">2427.3956</dst>
      <dst id="5">222.7822</dst>
      <dst id="3">1156.4178</dst>
      <dst id="10">309.9911</dst>
      <dst id="22">16.5333</dst>
      <dst id="7">703.5467</dst>
      <dst id="2">12116.5422</dst>
      <dst id="16">5532.1333</dst>
      <dst id="14">92.0178</dst>
      <dst id="20">53.6356</dst>
      <dst id="11">87.0222</dst>
      <dst id="9">1282.6222</dst>
      <dst id="17">26297.0044</dst>
      <dst id="21">574.0444</dst>
      <dst id="15">120.5867</dst>
    </src>
    <src id="15">
      <dst id="12">5859.9378</dst>
      <dst id="13">442.4711</dst>
      <dst id="23">0.3378</dst>
      <dst id="8">27.3778</dst>
      <dst id="18">4.7467</dst>
      <dst id="4">24.1778</dst>
      <dst id="1">400.0356</dst>
      <dst id="5">2.5778</dst>
      <dst id="10">21.9111</dst>
      <dst id="2">42.7733</dst>
      <dst id="16">544.5156</dst>
      <dst id="14">0.4622</dst>
      <dst id="11">14.4711</dst>
      <dst id="9">326.6311</dst>
      <dst id="17">355.5111</dst>
      <dst id="21">1.6889</dst>
    </src>
  </IntraTM>
</TrafficMatrixFile>
