<?xml version="1.0" encoding="UTF-8" standalone="yes"?>
<TrafficMatrixFile xmlns:xsi="http://www.w3.org/2001/XMLSchema-instance" xsi:noNamespaceSchemaLocation="http://totem.run.montefiore.ulg.ac.be/Schema/TrafficMatrix-v1_2.xsd">
  <info>
    <title>Intradomain traffic matrix generated by geant-TM-all.pl</title>
    <date>2005-01-31T07:45:00</date>
    <duration>900</duration>
    <author>Steve Uhlig</author>
    <units>
        <unit type="bandwidth" value="kbps"/>
    </units>
  </info>
  <IntraTM ASID="20965">
    <src id="12">
      <dst id="12">308510.8000</dst>
      <dst id="13">40355.4400</dst>
      <dst id="19">4788.7200</dst>
      <dst id="23">54.8000</dst>
      <dst id="8">2451.0400</dst>
      <dst id="18">105465.2267</dst>
      <dst id="4">73589.9289</dst>
      <dst id="1">5450.7556</dst>
      <dst id="5">3369.9200</dst>
      <dst id="3">6418.8000</dst>
      <dst id="10">11216.7467</dst>
      <dst id="22">11503.9111</dst>
      <dst id="7">3628.2400</dst>
      <dst id="2">53549.2711</dst>
      <dst id="16">6067.4756</dst>
      <dst id="14">348.5333</dst>
      <dst id="20">24525.4133</dst>
      <dst id="11">97.2978</dst>
      <dst id="9">4497.9378</dst>
      <dst id="17">45938.1867</dst>
      <dst id="21">2304.9689</dst>
      <dst id="15">475.7333</dst>
    </src>
    <src id="13">
      <dst id="12">49011.8933</dst>
      <dst id="19">7916.6844</dst>
      <dst id="23">7729.6356</dst>
      <dst id="8">7203.5911</dst>
      <dst id="18">2637.9822</dst>
      <dst id="1">5145.0311</dst>
      <dst id="5">6082.5067</dst>
      <dst id="3">5577.7244</dst>
      <dst id="22">31851.7778</dst>
      <dst id="7">18218.2844</dst>
      <dst id="2">85964.3200</dst>
      <dst id="16">6127.8933</dst>
      <dst id="14">2091.3511</dst>
      <dst id="20">51688.7556</dst>
      <dst id="11">218.9867</dst>
      <dst id="9">8456.1778</dst>
      <dst id="17">62031.1111</dst>
      <dst id="21">15733.5644</dst>
      <dst id="15">2977.6267</dst>
    </src>
    <src id="19">
      <dst id="12">15894.1689</dst>
      <dst id="13">2692.1956</dst>
      <dst id="23">0.3378</dst>
      <dst id="8">20.2311</dst>
      <dst id="18">0.4978</dst>
      <dst id="4">20621.8844</dst>
      <dst id="1">74.4800</dst>
      <dst id="5">341.1111</dst>
      <dst id="3">1547.3422</dst>
      <dst id="10">609.8044</dst>
      <dst id="22">578.3822</dst>
      <dst id="7">2859.2178</dst>
      <dst id="2">1167.6444</dst>
      <dst id="16">12311.4489</dst>
      <dst id="14">5.5644</dst>
      <dst id="20">6.8978</dst>
      <dst id="11">1.3867</dst>
      <dst id="9">200.6844</dst>
      <dst id="17">566.5600</dst>
      <dst id="21">1245.6711</dst>
      <dst id="15">3.6978</dst>
    </src>
    <src id="23">
      <dst id="12">509.9111</dst>
      <dst id="13">561.9733</dst>
      <dst id="19">1.8044</dst>
      <dst id="18">1326.0444</dst>
      <dst id="4">6689.4578</dst>
      <dst id="1">26.9689</dst>
      <dst id="3">2.0533</dst>
      <dst id="10">175.0578</dst>
      <dst id="22">40.0000</dst>
      <dst id="7">78.2578</dst>
      <dst id="2">14.4089</dst>
      <dst id="16">47.5556</dst>
      <dst id="14">14.4800</dst>
      <dst id="20">149.0578</dst>
      <dst id="11">1.0222</dst>
      <dst id="9">91.3778</dst>
      <dst id="17">1304.1956</dst>
      <dst id="21">200.7289</dst>
      <dst id="15">67.8044</dst>
    </src>
    <src id="8">
      <dst id="12">44999.6267</dst>
      <dst id="13">350.0000</dst>
      <dst id="19">3.2622</dst>
      <dst id="23">0.4622</dst>
      <dst id="18">26.1867</dst>
      <dst id="4">4557.0133</dst>
      <dst id="1">3349.0844</dst>
      <dst id="5">935.2889</dst>
      <dst id="3">55.9111</dst>
      <dst id="10">284.8178</dst>
      <dst id="22">947.4933</dst>
      <dst id="7">146.1244</dst>
      <dst id="2">2446.2400</dst>
      <dst id="16">811.2356</dst>
      <dst id="20">379.4844</dst>
      <dst id="11">30.0800</dst>
      <dst id="9">177931.8044</dst>
      <dst id="17">272433.4578</dst>
      <dst id="21">905.1467</dst>
      <dst id="15">2185.2889</dst>
    </src>
    <src id="18">
      <dst id="12">160462.8356</dst>
      <dst id="13">2869.9822</dst>
      <dst id="19">0.4711</dst>
      <dst id="23">47.9733</dst>
      <dst id="8">177.9289</dst>
      <dst id="4">905.7511</dst>
      <dst id="1">792.0533</dst>
      <dst id="5">1315.8578</dst>
      <dst id="3">591.7422</dst>
      <dst id="10">706.8711</dst>
      <dst id="22">616.0267</dst>
      <dst id="7">23.5022</dst>
      <dst id="2">45809.4311</dst>
      <dst id="16">23.2267</dst>
      <dst id="20">44.7644</dst>
      <dst id="11">31.8933</dst>
      <dst id="9">227.7956</dst>
      <dst id="17">11626.7556</dst>
      <dst id="21">881.0044</dst>
      <dst id="15">12.2311</dst>
    </src>
    <src id="4">
      <dst id="12">13361.7156</dst>
      <dst id="19">3603.2622</dst>
      <dst id="23">102.8800</dst>
      <dst id="8">672.3556</dst>
      <dst id="18">3140.7289</dst>
      <dst id="4">3.0667</dst>
      <dst id="1">1404.0711</dst>
      <dst id="5">885.9733</dst>
      <dst id="3">5631.6711</dst>
      <dst id="22">3871.1822</dst>
      <dst id="7">70279.1378</dst>
      <dst id="2">87846.2756</dst>
      <dst id="16">555.0222</dst>
      <dst id="14">1954.9867</dst>
      <dst id="20">375.3422</dst>
      <dst id="11">149.1200</dst>
      <dst id="9">2282.8533</dst>
      <dst id="17">69710.5867</dst>
      <dst id="21">4286.3733</dst>
      <dst id="15">221.5111</dst>
    </src>
    <src id="1">
      <dst id="12">12100.0978</dst>
      <dst id="13">403.5556</dst>
      <dst id="19">34.9156</dst>
      <dst id="23">32.5156</dst>
      <dst id="8">83.0489</dst>
      <dst id="18">14126.1244</dst>
      <dst id="4">9122.0533</dst>
      <dst id="1">100.9778</dst>
      <dst id="5">139.7333</dst>
      <dst id="3">39253.6978</dst>
      <dst id="10">490.8800</dst>
      <dst id="22">140.5689</dst>
      <dst id="7">1048.3289</dst>
      <dst id="2">17193.5467</dst>
      <dst id="16">18008.1156</dst>
      <dst id="14">14.2222</dst>
      <dst id="20">2291.5733</dst>
      <dst id="11">197.2978</dst>
      <dst id="9">479.7867</dst>
      <dst id="17">7388.1067</dst>
      <dst id="21">1593.8578</dst>
      <dst id="15">122.3733</dst>
    </src>
    <src id="5">
      <dst id="12">30913.3956</dst>
      <dst id="13">8286.5333</dst>
      <dst id="19">41.4222</dst>
      <dst id="8">817.7689</dst>
      <dst id="18">552.9333</dst>
      <dst id="4">3465.1111</dst>
      <dst id="1">2543.0667</dst>
      <dst id="3">252.3289</dst>
      <dst id="10">287.3422</dst>
      <dst id="22">5048.9156</dst>
      <dst id="7">156.5600</dst>
      <dst id="2">5228.0800</dst>
      <dst id="16">555.6889</dst>
      <dst id="14">77.8667</dst>
      <dst id="20">626.8800</dst>
      <dst id="11">3.9822</dst>
      <dst id="9">57275.9200</dst>
      <dst id="17">334734.5156</dst>
      <dst id="21">589.4044</dst>
      <dst id="15">125.1467</dst>
    </src>
    <src id="3">
      <dst id="12">2555.2800</dst>
      <dst id="13">1328.7022</dst>
      <dst id="19">8261.4756</dst>
      <dst id="23">0.3378</dst>
      <dst id="8">88.6311</dst>
      <dst id="18">273.2800</dst>
      <dst id="4">31914.1067</dst>
      <dst id="1">11861.0667</dst>
      <dst id="5">595.6889</dst>
      <dst id="3">79.5378</dst>
      <dst id="10">306.9333</dst>
      <dst id="22">1318.0622</dst>
      <dst id="7">1226.7822</dst>
      <dst id="2">2237.5822</dst>
      <dst id="16">7479.1022</dst>
      <dst id="14">53.8133</dst>
      <dst id="20">1655.5556</dst>
      <dst id="11">173.4844</dst>
      <dst id="9">351.2356</dst>
      <dst id="17">28296.8978</dst>
      <dst id="21">7907.3333</dst>
      <dst id="15">30.0444</dst>
    </src>
    <src id="10">
      <dst id="12">205869.5289</dst>
      <dst id="19">393.9733</dst>
      <dst id="23">402.6400</dst>
      <dst id="8">125994.9689</dst>
      <dst id="18">9113.0133</dst>
      <dst id="1">640.3378</dst>
      <dst id="5">199466.5244</dst>
      <dst id="3">21192.0444</dst>
      <dst id="22">3061.5467</dst>
      <dst id="7">12887.1378</dst>
      <dst id="2">22996.4444</dst>
      <dst id="16">1003.1822</dst>
      <dst id="14">25901.3067</dst>
      <dst id="20">2578.5422</dst>
      <dst id="11">15796.2844</dst>
      <dst id="9">233946.3111</dst>
      <dst id="17">43520.2311</dst>
      <dst id="21">10456.8089</dst>
      <dst id="15">349.9378</dst>
    </src>
    <src id="22">
      <dst id="12">14441.5289</dst>
      <dst id="13">6946.0800</dst>
      <dst id="19">94.3467</dst>
      <dst id="23">7.5733</dst>
      <dst id="8">1275.1733</dst>
      <dst id="18">641.2978</dst>
      <dst id="4">14013.1200</dst>
      <dst id="1">176.5333</dst>
      <dst id="5">3367.6889</dst>
      <dst id="3">1191.0044</dst>
      <dst id="10">540.8089</dst>
      <dst id="7">3471.9733</dst>
      <dst id="2">4026.9778</dst>
      <dst id="14">38.3911</dst>
      <dst id="11">9.2533</dst>
      <dst id="9">2924.8533</dst>
      <dst id="17">9211.9822</dst>
      <dst id="21">573.6800</dst>
    </src>
    <src id="7">
      <dst id="12">5331.1022</dst>
      <dst id="13">181.1289</dst>
      <dst id="19">237.6800</dst>
      <dst id="23">483.1022</dst>
      <dst id="8">1039.1644</dst>
      <dst id="18">1088.1244</dst>
      <dst id="4">95391.6889</dst>
      <dst id="1">25079.8222</dst>
      <dst id="5">1418.8089</dst>
      <dst id="3">41379.6622</dst>
      <dst id="10">1961.2178</dst>
      <dst id="22">4233.4667</dst>
      <dst id="7">5.5822</dst>
      <dst id="2">9557.6800</dst>
      <dst id="16">713.5200</dst>
      <dst id="14">496.2044</dst>
      <dst id="20">6058.8800</dst>
      <dst id="11">15.5467</dst>
      <dst id="9">4929.3867</dst>
      <dst id="17">8174.1156</dst>
      <dst id="21">1615.8044</dst>
      <dst id="15">78.3911</dst>
    </src>
    <src id="2">
      <dst id="12">103864.8356</dst>
      <dst id="13">23673.4933</dst>
      <dst id="19">2427.2267</dst>
      <dst id="23">0.4622</dst>
      <dst id="8">433.3778</dst>
      <dst id="18">68688.6844</dst>
      <dst id="4">84376.1422</dst>
      <dst id="1">48478.1867</dst>
      <dst id="5">3046.9511</dst>
      <dst id="3">3567.0311</dst>
      <dst id="10">4548.5333</dst>
      <dst id="22">1549.5022</dst>
      <dst id="7">11186.7556</dst>
      <dst id="2">909.9111</dst>
      <dst id="16">221.4578</dst>
      <dst id="14">377.3422</dst>
      <dst id="20">3499.3867</dst>
      <dst id="11">126.5333</dst>
      <dst id="9">2461.7067</dst>
      <dst id="17">28014.4889</dst>
      <dst id="21">5118.6844</dst>
      <dst id="15">312.2311</dst>
    </src>
    <src id="6">
      <dst id="12">1571.3511</dst>
      <dst id="13">40.2044</dst>
      <dst id="19">1.1644</dst>
      <dst id="4">76.9511</dst>
      <dst id="1">18.7289</dst>
      <dst id="5">27.3156</dst>
      <dst id="10">0.5689</dst>
      <dst id="22">0.7111</dst>
      <dst id="7">3.1289</dst>
      <dst id="2">3263.9022</dst>
      <dst id="16">2.6933</dst>
      <dst id="9">0.3378</dst>
      <dst id="17">9873.8489</dst>
      <dst id="21">0.5156</dst>
    </src>
    <src id="16">
      <dst id="12">3905.8756</dst>
      <dst id="13">1412.8089</dst>
      <dst id="19">4230.6578</dst>
      <dst id="23">18.3200</dst>
      <dst id="8">3953.5200</dst>
      <dst id="18">1063.6889</dst>
      <dst id="4">3865.6356</dst>
      <dst id="1">16065.5733</dst>
      <dst id="5">2320.6222</dst>
      <dst id="3">737.0222</dst>
      <dst id="10">978.3378</dst>
      <dst id="7">2209.7600</dst>
      <dst id="2">1425.9911</dst>
      <dst id="16">53.2444</dst>
      <dst id="14">2.9778</dst>
      <dst id="11">8.9244</dst>
      <dst id="9">6572.3467</dst>
      <dst id="17">2667.8400</dst>
      <dst id="21">862.7467</dst>
    </src>
    <src id="14">
      <dst id="12">5190.6667</dst>
      <dst id="13">625.0578</dst>
      <dst id="19">7.7778</dst>
      <dst id="23">1.7689</dst>
      <dst id="8">1.0667</dst>
      <dst id="4">1038.2133</dst>
      <dst id="1">1999.3689</dst>
      <dst id="5">91.2000</dst>
      <dst id="3">106.1956</dst>
      <dst id="10">436.0800</dst>
      <dst id="22">54.7556</dst>
      <dst id="7">1170.4711</dst>
      <dst id="2">7398.5867</dst>
      <dst id="16">2.0711</dst>
      <dst id="20">17.0756</dst>
      <dst id="9">17.1289</dst>
      <dst id="17">49207.5289</dst>
      <dst id="21">126.2489</dst>
      <dst id="15">0.6489</dst>
    </src>
    <src id="20">
      <dst id="12">8427.2000</dst>
      <dst id="13">1737.0133</dst>
      <dst id="19">124.5244</dst>
      <dst id="23">4.3733</dst>
      <dst id="8">379.1911</dst>
      <dst id="18">4.0000</dst>
      <dst id="4">4078.4000</dst>
      <dst id="1">477.0578</dst>
      <dst id="5">26422.4622</dst>
      <dst id="3">95.5200</dst>
      <dst id="10">256.9067</dst>
      <dst id="7">2041.0578</dst>
      <dst id="2">2060.4267</dst>
      <dst id="14">213.6889</dst>
      <dst id="20">1.6356</dst>
      <dst id="9">2286.3467</dst>
      <dst id="17">1958.1600</dst>
      <dst id="21">720.9422</dst>
    </src>
    <src id="11">
      <dst id="12">70672.8000</dst>
      <dst id="13">3525.7156</dst>
      <dst id="19">220.0533</dst>
      <dst id="23">47.8400</dst>
      <dst id="8">794.7733</dst>
      <dst id="18">383.2267</dst>
      <dst id="4">7240.8711</dst>
      <dst id="1">2261.2000</dst>
      <dst id="5">2036.2489</dst>
      <dst id="3">529.4400</dst>
      <dst id="10">1988.8356</dst>
      <dst id="22">3287.3689</dst>
      <dst id="7">409.7511</dst>
      <dst id="2">116885.5111</dst>
      <dst id="16">491.7600</dst>
      <dst id="14">35.0578</dst>
      <dst id="20">2716.5156</dst>
      <dst id="11">2520.8978</dst>
      <dst id="9">5508.5511</dst>
      <dst id="17">666052.9511</dst>
      <dst id="21">321.5022</dst>
      <dst id="15">106.4889</dst>
    </src>
    <src id="9">
      <dst id="12">63775.2267</dst>
      <dst id="13">3119.8222</dst>
      <dst id="19">31.2711</dst>
      <dst id="23">23.2889</dst>
      <dst id="8">139431.6178</dst>
      <dst id="18">1073.6978</dst>
      <dst id="4">10761.5022</dst>
      <dst id="1">8492.4178</dst>
      <dst id="5">2884.7911</dst>
      <dst id="3">2149.9822</dst>
      <dst id="10">819.9200</dst>
      <dst id="22">4327.3156</dst>
      <dst id="7">1134.5067</dst>
      <dst id="2">1280.7289</dst>
      <dst id="16">688.3733</dst>
      <dst id="14">28.0089</dst>
      <dst id="20">3230.1333</dst>
      <dst id="11">68.1778</dst>
      <dst id="9">478577.4844</dst>
      <dst id="17">499404.6222</dst>
      <dst id="21">359.4044</dst>
      <dst id="15">138.1867</dst>
    </src>
    <src id="17">
      <dst id="12">148233.1644</dst>
      <dst id="13">7272.5244</dst>
      <dst id="19">7456.2756</dst>
      <dst id="23">20.1067</dst>
      <dst id="8">2102.6400</dst>
      <dst id="18">546.3911</dst>
      <dst id="4">109238.9511</dst>
      <dst id="1">6396.6933</dst>
      <dst id="5">170590.1067</dst>
      <dst id="3">9337.0222</dst>
      <dst id="10">2279.7867</dst>
      <dst id="22">21603.1289</dst>
      <dst id="7">4442.6222</dst>
      <dst id="2">10317.1644</dst>
      <dst id="16">4258.1778</dst>
      <dst id="14">23359.2000</dst>
      <dst id="20">637.0667</dst>
      <dst id="11">16467.2089</dst>
      <dst id="9">1327.0222</dst>
      <dst id="17">11911.6356</dst>
      <dst id="21">12315.8400</dst>
      <dst id="15">1766.4089</dst>
    </src>
    <src id="21">
      <dst id="12">7441.4311</dst>
      <dst id="13">538.8178</dst>
      <dst id="19">343.9467</dst>
      <dst id="23">7.0578</dst>
      <dst id="8">199.1644</dst>
      <dst id="18">9184.7467</dst>
      <dst id="4">13393.8578</dst>
      <dst id="1">5481.3867</dst>
      <dst id="5">513.8311</dst>
      <dst id="3">3984.5333</dst>
      <dst id="10">714.5422</dst>
      <dst id="22">523.9200</dst>
      <dst id="7">3331.6089</dst>
      <dst id="2">8589.1822</dst>
      <dst id="16">689.2000</dst>
      <dst id="14">56.0978</dst>
      <dst id="20">6956.4444</dst>
      <dst id="11">58.2489</dst>
      <dst id="9">514.9244</dst>
      <dst id="17">23114.0533</dst>
      <dst id="21">2614.0444</dst>
      <dst id="15">201.1022</dst>
    </src>
    <src id="15">
      <dst id="12">2811.7600</dst>
      <dst id="13">914.8533</dst>
      <dst id="19">5.5378</dst>
      <dst id="23">0.9244</dst>
      <dst id="8">84.4978</dst>
      <dst id="18">1.4311</dst>
      <dst id="4">1590.5156</dst>
      <dst id="1">65.1289</dst>
      <dst id="5">6955.4844</dst>
      <dst id="3">127.4667</dst>
      <dst id="10">683.8311</dst>
      <dst id="7">35.9022</dst>
      <dst id="2">275.1200</dst>
      <dst id="14">10.1956</dst>
      <dst id="11">1.1378</dst>
      <dst id="9">4961.7422</dst>
      <dst id="17">1902.2489</dst>
      <dst id="21">239.7333</dst>
    </src>
  </IntraTM>
</TrafficMatrixFile>
