<?xml version="1.0" encoding="UTF-8" standalone="yes"?>
<TrafficMatrixFile xmlns:xsi="http://www.w3.org/2001/XMLSchema-instance" xsi:noNamespaceSchemaLocation="http://totem.run.montefiore.ulg.ac.be/Schema/TrafficMatrix-v1_2.xsd">
  <info>
    <title>Intradomain traffic matrix generated by geant-TM-all.pl</title>
    <date>2005-03-19T13:45:00</date>
    <duration>900</duration>
    <author>Steve Uhlig</author>
    <units>
        <unit type="bandwidth" value="kbps"/>
    </units>
  </info>
  <IntraTM ASID="20965">
    <src id="12">
      <dst id="12">247626.8356</dst>
      <dst id="13">36149.8044</dst>
      <dst id="19">1855.5556</dst>
      <dst id="23">1232.2133</dst>
      <dst id="8">1470.8178</dst>
      <dst id="18">73996.8711</dst>
      <dst id="4">5783.5022</dst>
      <dst id="1">18842.4089</dst>
      <dst id="5">482.2400</dst>
      <dst id="3">5.4844</dst>
      <dst id="10">4876.2400</dst>
      <dst id="22">603.1111</dst>
      <dst id="7">1157.2356</dst>
      <dst id="2">17599.1200</dst>
      <dst id="6">9313.3778</dst>
      <dst id="16">4869.4311</dst>
      <dst id="14">334.9867</dst>
      <dst id="20">2879.5200</dst>
      <dst id="11">3.1644</dst>
      <dst id="9">4510.3556</dst>
      <dst id="17">25061.6889</dst>
      <dst id="21">6465.9200</dst>
      <dst id="15">111.8400</dst>
    </src>
    <src id="13">
      <dst id="12">5119.5022</dst>
      <dst id="13">3.9467</dst>
      <dst id="19">1201.9911</dst>
      <dst id="23">30.1600</dst>
      <dst id="8">84.9956</dst>
      <dst id="18">3031.2000</dst>
      <dst id="4">6.6044</dst>
      <dst id="1">6162.0889</dst>
      <dst id="5">520.7911</dst>
      <dst id="3">61.7333</dst>
      <dst id="22">1633.1200</dst>
      <dst id="7">1922.8889</dst>
      <dst id="2">5999.0222</dst>
      <dst id="16">37.2800</dst>
      <dst id="14">97.4222</dst>
      <dst id="20">1841.1467</dst>
      <dst id="11">58.0978</dst>
      <dst id="9">725.4844</dst>
      <dst id="17">4167.0578</dst>
      <dst id="21">96.0533</dst>
      <dst id="15">311.5200</dst>
    </src>
    <src id="19">
      <dst id="12">8602.2933</dst>
      <dst id="13">773.8578</dst>
      <dst id="23">1.0311</dst>
      <dst id="18">0.3556</dst>
      <dst id="4">95.4756</dst>
      <dst id="1">45.0133</dst>
      <dst id="5">76.4800</dst>
      <dst id="3">0.5333</dst>
      <dst id="10">24.6489</dst>
      <dst id="22">9.2089</dst>
      <dst id="7">289.7600</dst>
      <dst id="2">914.0622</dst>
      <dst id="6">0.3378</dst>
      <dst id="14">4.3200</dst>
      <dst id="20">21.5022</dst>
      <dst id="9">13.3333</dst>
      <dst id="17">7824.3822</dst>
      <dst id="21">78.6756</dst>
      <dst id="15">13.1911</dst>
    </src>
    <src id="23">
      <dst id="12">4236.5511</dst>
      <dst id="13">598.0800</dst>
      <dst id="19">26.6667</dst>
      <dst id="18">121.0133</dst>
      <dst id="4">258.8267</dst>
      <dst id="1">37.0311</dst>
      <dst id="10">245.5822</dst>
      <dst id="7">218.8000</dst>
      <dst id="2">1764.7022</dst>
      <dst id="14">12.6222</dst>
      <dst id="11">25.2444</dst>
      <dst id="9">26.8711</dst>
      <dst id="17">453.4667</dst>
      <dst id="21">94.4800</dst>
      <dst id="15">0.3378</dst>
    </src>
    <src id="8">
      <dst id="12">9483.4489</dst>
      <dst id="13">274.4889</dst>
      <dst id="19">0.4711</dst>
      <dst id="18">30.0978</dst>
      <dst id="4">192.5156</dst>
      <dst id="1">2964.0089</dst>
      <dst id="5">457.5200</dst>
      <dst id="10">5.0756</dst>
      <dst id="2">220.0711</dst>
      <dst id="16">245422.9600</dst>
      <dst id="14">2.6489</dst>
      <dst id="11">4.3378</dst>
      <dst id="9">51748.6933</dst>
      <dst id="17">31465.9022</dst>
      <dst id="21">18.9867</dst>
      <dst id="15">717.8756</dst>
    </src>
    <src id="18">
      <dst id="12">136923.0133</dst>
      <dst id="13">227.6889</dst>
      <dst id="23">17.8311</dst>
      <dst id="8">9.5644</dst>
      <dst id="4">93.2622</dst>
      <dst id="1">999.8933</dst>
      <dst id="5">43.7333</dst>
      <dst id="3">2578.8533</dst>
      <dst id="10">15.1200</dst>
      <dst id="22">83.7600</dst>
      <dst id="7">14.8356</dst>
      <dst id="2">9614.8978</dst>
      <dst id="16">557.5467</dst>
      <dst id="20">36.9689</dst>
      <dst id="11">14.3644</dst>
      <dst id="9">408.0622</dst>
      <dst id="17">8105.8756</dst>
      <dst id="21">191.6000</dst>
      <dst id="15">90.9067</dst>
    </src>
    <src id="4">
      <dst id="12">14725.6267</dst>
      <dst id="13">1059.6356</dst>
      <dst id="19">5704.0711</dst>
      <dst id="23">5415.2267</dst>
      <dst id="8">2556.8444</dst>
      <dst id="18">9726.1333</dst>
      <dst id="4">137.4222</dst>
      <dst id="1">56156.3733</dst>
      <dst id="5">3699.5644</dst>
      <dst id="3">19.1022</dst>
      <dst id="7">14344.0978</dst>
      <dst id="2">68251.8400</dst>
      <dst id="6">147.8044</dst>
      <dst id="16">79609.8844</dst>
      <dst id="14">2121.8756</dst>
      <dst id="11">245.6533</dst>
      <dst id="9">20406.8089</dst>
      <dst id="17">91948.2667</dst>
      <dst id="21">15793.6444</dst>
      <dst id="15">621.6533</dst>
    </src>
    <src id="1">
      <dst id="12">4959.3689</dst>
      <dst id="13">54656.7467</dst>
      <dst id="19">39.7956</dst>
      <dst id="23">3.1467</dst>
      <dst id="8">5.6978</dst>
      <dst id="18">11442.6489</dst>
      <dst id="4">4219.2711</dst>
      <dst id="1">214679.0400</dst>
      <dst id="5">168.6400</dst>
      <dst id="3">46.7556</dst>
      <dst id="10">1118.8533</dst>
      <dst id="7">431697.6889</dst>
      <dst id="2">13276.8533</dst>
      <dst id="16">1373976.6667</dst>
      <dst id="14">65.5911</dst>
      <dst id="20">145.8667</dst>
      <dst id="11">109.8578</dst>
      <dst id="9">1110.3289</dst>
      <dst id="17">124055.1378</dst>
      <dst id="21">691757.6889</dst>
      <dst id="15">281.8400</dst>
    </src>
    <src id="5">
      <dst id="12">5806.2222</dst>
      <dst id="13">1135.6978</dst>
      <dst id="19">670.5511</dst>
      <dst id="23">1.1022</dst>
      <dst id="8">161.9556</dst>
      <dst id="18">61.2622</dst>
      <dst id="4">193.2711</dst>
      <dst id="1">2631.9467</dst>
      <dst id="10">115.5200</dst>
      <dst id="2">162.6756</dst>
      <dst id="6">0.6222</dst>
      <dst id="16">208607.6444</dst>
      <dst id="14">0.8178</dst>
      <dst id="11">2.7111</dst>
      <dst id="9">40009.9022</dst>
      <dst id="17">26007.6178</dst>
      <dst id="21">53.4044</dst>
      <dst id="15">102.4000</dst>
    </src>
    <src id="3">
      <dst id="12">7121.2089</dst>
      <dst id="13">14870.9511</dst>
      <dst id="19">714.7822</dst>
      <dst id="23">2.9156</dst>
      <dst id="8">6.7556</dst>
      <dst id="18">31.0844</dst>
      <dst id="4">752.9778</dst>
      <dst id="1">5045.5556</dst>
      <dst id="5">347.0933</dst>
      <dst id="3">81.6978</dst>
      <dst id="10">509.2089</dst>
      <dst id="7">1374.8978</dst>
      <dst id="2">7148.3467</dst>
      <dst id="6">2.7378</dst>
      <dst id="16">25380.8356</dst>
      <dst id="14">311.8133</dst>
      <dst id="20">85.6089</dst>
      <dst id="11">277.7778</dst>
      <dst id="9">661.3778</dst>
      <dst id="17">15956.0178</dst>
      <dst id="21">6660.7467</dst>
      <dst id="15">2.3733</dst>
    </src>
    <src id="10">
    </src>
    <src id="22">
      <dst id="12">10026.1778</dst>
      <dst id="13">2428.3911</dst>
      <dst id="19">138.7822</dst>
      <dst id="23">0.3911</dst>
      <dst id="8">122.3556</dst>
      <dst id="18">232.4978</dst>
      <dst id="4">1028.1511</dst>
      <dst id="1">327.7867</dst>
      <dst id="5">1112.2844</dst>
      <dst id="3">15.4222</dst>
      <dst id="10">2348.1956</dst>
      <dst id="7">378.7644</dst>
      <dst id="2">908.5156</dst>
      <dst id="6">122.5956</dst>
      <dst id="16">0.6578</dst>
      <dst id="14">193.6711</dst>
      <dst id="11">16.0178</dst>
      <dst id="9">522.8889</dst>
      <dst id="17">5656.0711</dst>
      <dst id="21">292.7911</dst>
    </src>
    <src id="7">
      <dst id="12">10770.0889</dst>
      <dst id="13">26772.2933</dst>
      <dst id="19">79.0044</dst>
      <dst id="23">17.3778</dst>
      <dst id="8">1.5111</dst>
      <dst id="18">19.2711</dst>
      <dst id="4">5702.3644</dst>
      <dst id="1">6985.6000</dst>
      <dst id="5">29.6089</dst>
      <dst id="3">1498.5244</dst>
      <dst id="10">216.7556</dst>
      <dst id="22">183.0667</dst>
      <dst id="7">825.7778</dst>
      <dst id="2">3751.0044</dst>
      <dst id="6">12.6222</dst>
      <dst id="16">2.1778</dst>
      <dst id="14">211.4933</dst>
      <dst id="20">115.0489</dst>
      <dst id="11">169.6889</dst>
      <dst id="9">112.0000</dst>
      <dst id="17">1235.3244</dst>
      <dst id="21">1702.2933</dst>
      <dst id="15">1.9200</dst>
    </src>
    <src id="2">
      <dst id="12">74887.5378</dst>
      <dst id="13">11619.3244</dst>
      <dst id="19">133.1467</dst>
      <dst id="23">1.4933</dst>
      <dst id="8">127.1644</dst>
      <dst id="18">41256.1511</dst>
      <dst id="4">11435.5467</dst>
      <dst id="1">2621.6889</dst>
      <dst id="5">245.7600</dst>
      <dst id="3">937.5733</dst>
      <dst id="10">6180.4000</dst>
      <dst id="22">532.4800</dst>
      <dst id="7">1136.8889</dst>
      <dst id="2">2376.3467</dst>
      <dst id="6">6355.7156</dst>
      <dst id="16">39.0400</dst>
      <dst id="14">138.4089</dst>
      <dst id="20">16548.2933</dst>
      <dst id="11">154.9156</dst>
      <dst id="9">2777.0578</dst>
      <dst id="17">15996.2400</dst>
      <dst id="21">22556.1422</dst>
      <dst id="15">6.9156</dst>
    </src>
    <src id="6">
      <dst id="12">171.3244</dst>
      <dst id="13">33.2267</dst>
      <dst id="19">2.1689</dst>
      <dst id="4">0.8178</dst>
      <dst id="1">117.0311</dst>
      <dst id="5">0.3556</dst>
      <dst id="10">12.2844</dst>
      <dst id="22">2.6489</dst>
      <dst id="7">0.3378</dst>
      <dst id="2">862.0800</dst>
      <dst id="16">15.9289</dst>
      <dst id="9">59.7067</dst>
      <dst id="17">10550.4089</dst>
      <dst id="21">3.9200</dst>
      <dst id="15">1.1378</dst>
    </src>
    <src id="16">
      <dst id="12">105396.1600</dst>
      <dst id="13">3661.0844</dst>
      <dst id="19">3092.4533</dst>
      <dst id="23">24.7733</dst>
      <dst id="8">58109.1111</dst>
      <dst id="18">92.1422</dst>
      <dst id="4">725.6089</dst>
      <dst id="1">8118.9689</dst>
      <dst id="5">122139.3156</dst>
      <dst id="3">3371.7511</dst>
      <dst id="10">406.1867</dst>
      <dst id="2">137.1200</dst>
      <dst id="16">8156.7378</dst>
      <dst id="14">20299.8044</dst>
      <dst id="11">14789.2267</dst>
      <dst id="9">114989.2800</dst>
      <dst id="17">2622.8978</dst>
      <dst id="21">11.9111</dst>
    </src>
    <src id="14">
      <dst id="12">1230.2844</dst>
      <dst id="13">284.8178</dst>
      <dst id="19">2.3200</dst>
      <dst id="8">0.7822</dst>
      <dst id="18">1.1200</dst>
      <dst id="4">390.4711</dst>
      <dst id="1">199.3689</dst>
      <dst id="5">14.9689</dst>
      <dst id="3">507.5644</dst>
      <dst id="10">119.1022</dst>
      <dst id="7">18.6756</dst>
      <dst id="2">972.7822</dst>
      <dst id="16">132.5067</dst>
      <dst id="9">224.6756</dst>
      <dst id="17">15748.6578</dst>
      <dst id="21">61.6800</dst>
      <dst id="15">2.2578</dst>
    </src>
    <src id="20">
      <dst id="12">12506.2044</dst>
      <dst id="13">1345.7422</dst>
      <dst id="19">120.2933</dst>
      <dst id="8">391.4756</dst>
      <dst id="18">105.8667</dst>
      <dst id="4">330.1778</dst>
      <dst id="1">2107.9022</dst>
      <dst id="5">980.8178</dst>
      <dst id="3">13.3333</dst>
      <dst id="10">501.8400</dst>
      <dst id="22">14.4533</dst>
      <dst id="7">2139.7333</dst>
      <dst id="2">2309.2622</dst>
      <dst id="6">0.3378</dst>
      <dst id="16">2573.0133</dst>
      <dst id="20">51.6444</dst>
      <dst id="11">1.5200</dst>
      <dst id="9">2636.5867</dst>
      <dst id="17">24821.0400</dst>
      <dst id="21">143.1644</dst>
    </src>
    <src id="11">
      <dst id="12">22735.3689</dst>
      <dst id="13">2206.4267</dst>
      <dst id="19">139.8044</dst>
      <dst id="23">152.8622</dst>
      <dst id="8">234.4444</dst>
      <dst id="18">310.5067</dst>
      <dst id="4">1282.7022</dst>
      <dst id="1">2812.2844</dst>
      <dst id="5">619.4222</dst>
      <dst id="3">61.2800</dst>
      <dst id="10">7808.6400</dst>
      <dst id="2">44297.1556</dst>
      <dst id="6">0.4889</dst>
      <dst id="16">7008.2044</dst>
      <dst id="14">33.0667</dst>
      <dst id="20">300.6489</dst>
      <dst id="11">712.3733</dst>
      <dst id="9">4906.7467</dst>
      <dst id="17">620073.1644</dst>
      <dst id="21">343.9822</dst>
      <dst id="15">69.4667</dst>
    </src>
    <src id="9">
      <dst id="12">12822.1778</dst>
      <dst id="13">2519.9378</dst>
      <dst id="19">1.4044</dst>
      <dst id="23">2.5244</dst>
      <dst id="8">56019.3689</dst>
      <dst id="18">223.0311</dst>
      <dst id="4">1123.3689</dst>
      <dst id="1">3023.6978</dst>
      <dst id="5">885.8933</dst>
      <dst id="10">66.4444</dst>
      <dst id="2">332.1778</dst>
      <dst id="6">0.4978</dst>
      <dst id="16">370667.7067</dst>
      <dst id="14">27.2533</dst>
      <dst id="11">41.4578</dst>
      <dst id="9">152950.7200</dst>
      <dst id="17">57548.5689</dst>
      <dst id="21">217.6178</dst>
      <dst id="15">820.8089</dst>
    </src>
    <src id="17">
      <dst id="12">114839.9111</dst>
      <dst id="13">22627.8667</dst>
      <dst id="19">7846.2400</dst>
      <dst id="23">7.1467</dst>
      <dst id="8">263.3067</dst>
      <dst id="18">259.6000</dst>
      <dst id="4">5236.2756</dst>
      <dst id="1">2768.4000</dst>
      <dst id="5">93304.7111</dst>
      <dst id="3">1937.5822</dst>
      <dst id="10">973.9644</dst>
      <dst id="7">3682.1422</dst>
      <dst id="2">30312.8978</dst>
      <dst id="6">80.2311</dst>
      <dst id="16">25496.3111</dst>
      <dst id="14">8303.0400</dst>
      <dst id="20">23352.9600</dst>
      <dst id="11">9150.0000</dst>
      <dst id="9">2702.3289</dst>
      <dst id="17">24916.7644</dst>
      <dst id="21">5979.7067</dst>
      <dst id="15">75.4933</dst>
    </src>
    <src id="21">
      <dst id="12">5079.4044</dst>
      <dst id="13">2963.8400</dst>
      <dst id="19">103.0222</dst>
      <dst id="23">21.7244</dst>
      <dst id="8">351.4578</dst>
      <dst id="18">2102.4267</dst>
      <dst id="4">1728.8533</dst>
      <dst id="1">28830.4622</dst>
      <dst id="5">339.0222</dst>
      <dst id="3">2179.0311</dst>
      <dst id="10">519.1733</dst>
      <dst id="7">410.1333</dst>
      <dst id="2">6878.9956</dst>
      <dst id="6">229.5022</dst>
      <dst id="16">1098.9867</dst>
      <dst id="14">128.7644</dst>
      <dst id="20">220.2133</dst>
      <dst id="11">90.1956</dst>
      <dst id="9">810.0800</dst>
      <dst id="17">70994.4178</dst>
      <dst id="21">803.6800</dst>
      <dst id="15">4.1244</dst>
    </src>
    <src id="15">
      <dst id="12">177.4311</dst>
      <dst id="13">200.1600</dst>
      <dst id="19">49.3422</dst>
      <dst id="8">13.1556</dst>
      <dst id="18">14.8622</dst>
      <dst id="4">51.9911</dst>
      <dst id="1">293.0400</dst>
      <dst id="5">7.3778</dst>
      <dst id="10">54.4711</dst>
      <dst id="2">4.5511</dst>
      <dst id="6">0.3378</dst>
      <dst id="16">30.3911</dst>
      <dst id="11">1.2089</dst>
      <dst id="9">337.5822</dst>
      <dst id="17">747.4222</dst>
      <dst id="21">19.5733</dst>
    </src>
  </IntraTM>
</TrafficMatrixFile>
