<?xml version="1.0" encoding="UTF-8" standalone="yes"?>
<TrafficMatrixFile xmlns:xsi="http://www.w3.org/2001/XMLSchema-instance" xsi:noNamespaceSchemaLocation="http://totem.run.montefiore.ulg.ac.be/Schema/TrafficMatrix-v1_2.xsd">
  <info>
    <title>Intradomain traffic matrix generated by geant-TM-all.pl</title>
    <date>2005-01-13T12:45:00</date>
    <duration>900</duration>
    <author>Steve Uhlig</author>
    <units>
        <unit type="bandwidth" value="kbps"/>
    </units>
  </info>
  <IntraTM ASID="20965">
    <src id="12">
      <dst id="12">209658.5956</dst>
      <dst id="13">12500.8444</dst>
      <dst id="19">5041.7956</dst>
      <dst id="23">11.6978</dst>
      <dst id="8">686.5511</dst>
      <dst id="18">2542.6044</dst>
      <dst id="4">78826.0000</dst>
      <dst id="1">26261.0044</dst>
      <dst id="5">2148.0000</dst>
      <dst id="3">1305.6267</dst>
      <dst id="22">7360.9422</dst>
      <dst id="7">5399.0667</dst>
      <dst id="2">41627.5911</dst>
      <dst id="16">2328.7378</dst>
      <dst id="14">643.1289</dst>
      <dst id="20">10662.6222</dst>
      <dst id="11">2084.6222</dst>
      <dst id="9">2900.6756</dst>
      <dst id="17">71282.7556</dst>
      <dst id="21">5892.1422</dst>
      <dst id="15">925.5111</dst>
    </src>
    <src id="13">
      <dst id="12">26740.2756</dst>
      <dst id="19">24938.4978</dst>
      <dst id="23">138.1067</dst>
      <dst id="8">2638.8800</dst>
      <dst id="18">4024.0978</dst>
      <dst id="4">1.4222</dst>
      <dst id="1">1709.5556</dst>
      <dst id="5">3489.2178</dst>
      <dst id="3">21015.0044</dst>
      <dst id="22">14013.6800</dst>
      <dst id="7">5225.1467</dst>
      <dst id="2">56142.7378</dst>
      <dst id="16">3417.8756</dst>
      <dst id="14">2841.8311</dst>
      <dst id="20">12465.0578</dst>
      <dst id="11">4407.8222</dst>
      <dst id="9">6398.6933</dst>
      <dst id="17">35850.1156</dst>
      <dst id="21">14250.7289</dst>
      <dst id="15">1483.4489</dst>
    </src>
    <src id="19">
      <dst id="12">17675.7867</dst>
      <dst id="13">845.3956</dst>
      <dst id="23">3.4133</dst>
      <dst id="8">39.3600</dst>
      <dst id="18">141.1733</dst>
      <dst id="4">55527.9556</dst>
      <dst id="1">281.5556</dst>
      <dst id="5">0.7111</dst>
      <dst id="3">276.8444</dst>
      <dst id="22">5.0311</dst>
      <dst id="7">3029.8222</dst>
      <dst id="2">33.0844</dst>
      <dst id="16">4271.4400</dst>
      <dst id="14">0.9422</dst>
      <dst id="20">11.2800</dst>
      <dst id="11">27.3778</dst>
      <dst id="9">33.1733</dst>
      <dst id="17">1933.8933</dst>
      <dst id="21">193.6533</dst>
      <dst id="15">0.4178</dst>
    </src>
    <src id="23">
      <dst id="12">129.2622</dst>
      <dst id="13">7.9289</dst>
      <dst id="19">215.6711</dst>
      <dst id="18">1.2089</dst>
      <dst id="4">30.2933</dst>
      <dst id="1">8.2756</dst>
      <dst id="3">20.0622</dst>
      <dst id="22">14.3822</dst>
      <dst id="7">23.8222</dst>
      <dst id="2">23.7156</dst>
      <dst id="16">232.3644</dst>
      <dst id="20">0.3911</dst>
      <dst id="11">113.7333</dst>
      <dst id="9">10.3733</dst>
      <dst id="17">38.3467</dst>
      <dst id="21">3.0222</dst>
    </src>
    <src id="8">
      <dst id="12">246114.5689</dst>
      <dst id="13">332.1067</dst>
      <dst id="19">81.6178</dst>
      <dst id="18">73.4311</dst>
      <dst id="4">6185.1556</dst>
      <dst id="1">554.4889</dst>
      <dst id="5">938.4089</dst>
      <dst id="22">328.7289</dst>
      <dst id="7">84.3467</dst>
      <dst id="2">660.4622</dst>
      <dst id="16">106.5689</dst>
      <dst id="20">274.5689</dst>
      <dst id="11">695.9022</dst>
      <dst id="9">99448.5156</dst>
      <dst id="17">107853.3778</dst>
      <dst id="21">514.3289</dst>
      <dst id="15">21.3333</dst>
    </src>
    <src id="18">
      <dst id="12">122634.4444</dst>
      <dst id="13">140.1244</dst>
      <dst id="19">2.3111</dst>
      <dst id="23">0.8889</dst>
      <dst id="8">4.4800</dst>
      <dst id="4">3484.4622</dst>
      <dst id="1">698.2400</dst>
      <dst id="5">570.3556</dst>
      <dst id="3">120.9511</dst>
      <dst id="22">437.0667</dst>
      <dst id="7">28.3022</dst>
      <dst id="2">38444.1778</dst>
      <dst id="16">37.6533</dst>
      <dst id="20">389.6267</dst>
      <dst id="11">135.5467</dst>
      <dst id="9">58.6844</dst>
      <dst id="17">55605.3244</dst>
      <dst id="21">136.8089</dst>
      <dst id="15">0.6933</dst>
    </src>
    <src id="4">
      <dst id="12">7804.9956</dst>
      <dst id="19">36268.2489</dst>
      <dst id="23">0.9244</dst>
      <dst id="8">2418.2756</dst>
      <dst id="18">872.1333</dst>
      <dst id="1">14333.2089</dst>
      <dst id="5">1674.6489</dst>
      <dst id="3">1556.1067</dst>
      <dst id="22">3578.1511</dst>
      <dst id="7">5104.7022</dst>
      <dst id="2">41290.7289</dst>
      <dst id="16">701.9467</dst>
      <dst id="14">14599.6356</dst>
      <dst id="20">1344.0978</dst>
      <dst id="11">1069.5911</dst>
      <dst id="9">2824.5511</dst>
      <dst id="17">26793.5378</dst>
      <dst id="21">5442.8978</dst>
      <dst id="15">170.4356</dst>
    </src>
    <src id="1">
      <dst id="12">39797.8222</dst>
      <dst id="13">4492.9511</dst>
      <dst id="19">90.9156</dst>
      <dst id="23">49.5378</dst>
      <dst id="8">70514.6044</dst>
      <dst id="18">15057.3333</dst>
      <dst id="4">19747.2533</dst>
      <dst id="1">34354.7644</dst>
      <dst id="5">142191.5556</dst>
      <dst id="3">327.5644</dst>
      <dst id="22">531.4844</dst>
      <dst id="7">6220.1956</dst>
      <dst id="2">23500.4178</dst>
      <dst id="16">6645.8933</dst>
      <dst id="14">33.2000</dst>
      <dst id="20">191.4756</dst>
      <dst id="11">336.1867</dst>
      <dst id="9">120541.3333</dst>
      <dst id="17">1815.3422</dst>
      <dst id="21">53626.2311</dst>
      <dst id="15">1196.1689</dst>
    </src>
    <src id="5">
      <dst id="12">252929.7867</dst>
      <dst id="13">610.4000</dst>
      <dst id="19">14.2311</dst>
      <dst id="23">0.9244</dst>
      <dst id="8">4294.8889</dst>
      <dst id="18">305.5111</dst>
      <dst id="4">5854.1867</dst>
      <dst id="1">478.7556</dst>
      <dst id="3">1.4222</dst>
      <dst id="22">2316.5511</dst>
      <dst id="7">267.7689</dst>
      <dst id="2">617.7511</dst>
      <dst id="16">2840.2933</dst>
      <dst id="14">0.3556</dst>
      <dst id="20">643.7067</dst>
      <dst id="11">1295.8222</dst>
      <dst id="9">110253.0222</dst>
      <dst id="17">107261.3778</dst>
      <dst id="21">368.8800</dst>
      <dst id="15">134.3289</dst>
    </src>
    <src id="3">
      <dst id="12">31122.2489</dst>
      <dst id="13">730.6933</dst>
      <dst id="19">1187.7867</dst>
      <dst id="23">1.5467</dst>
      <dst id="8">25.2089</dst>
      <dst id="18">63371.6800</dst>
      <dst id="4">33416.2578</dst>
      <dst id="1">1638.0800</dst>
      <dst id="5">498.8889</dst>
      <dst id="3">10636.5422</dst>
      <dst id="22">524.0889</dst>
      <dst id="7">651.8400</dst>
      <dst id="2">14982.4000</dst>
      <dst id="16">902.3467</dst>
      <dst id="14">17512.4978</dst>
      <dst id="20">55.2356</dst>
      <dst id="11">110787.5911</dst>
      <dst id="9">199.5200</dst>
      <dst id="17">3878.6044</dst>
      <dst id="21">6955.6711</dst>
      <dst id="15">15.6889</dst>
    </src>
    <src id="10">
      <dst id="12">15400.4978</dst>
      <dst id="19">3596.0978</dst>
      <dst id="8">416.4889</dst>
      <dst id="18">1819.7511</dst>
      <dst id="1">357.5289</dst>
      <dst id="5">488.1156</dst>
      <dst id="3">3328.6489</dst>
      <dst id="22">1390.1422</dst>
      <dst id="7">98152.2222</dst>
      <dst id="2">20468.6044</dst>
      <dst id="16">482.5156</dst>
      <dst id="14">276.4089</dst>
      <dst id="20">4522.6933</dst>
      <dst id="11">2618.8533</dst>
      <dst id="9">1820.3556</dst>
      <dst id="17">10587.3689</dst>
      <dst id="21">4531.6800</dst>
      <dst id="15">63.7244</dst>
    </src>
    <src id="22">
      <dst id="12">24602.0267</dst>
      <dst id="13">1681.6356</dst>
      <dst id="19">25.0311</dst>
      <dst id="23">1.7511</dst>
      <dst id="8">622.4622</dst>
      <dst id="18">543.5111</dst>
      <dst id="4">17497.2711</dst>
      <dst id="1">447.4578</dst>
      <dst id="5">2051.2711</dst>
      <dst id="3">878.8800</dst>
      <dst id="7">753.3333</dst>
      <dst id="2">2187.4933</dst>
      <dst id="14">24.1244</dst>
      <dst id="11">985.3244</dst>
      <dst id="9">1810.9867</dst>
      <dst id="17">2387.8844</dst>
      <dst id="21">1391.7600</dst>
    </src>
    <src id="7">
      <dst id="12">10698.6578</dst>
      <dst id="13">179.4489</dst>
      <dst id="19">607.2267</dst>
      <dst id="23">45.2267</dst>
      <dst id="8">363.6267</dst>
      <dst id="18">356.0889</dst>
      <dst id="4">13616.7111</dst>
      <dst id="1">3562.4533</dst>
      <dst id="5">998.0178</dst>
      <dst id="3">53.9289</dst>
      <dst id="22">3310.8089</dst>
      <dst id="7">676.3556</dst>
      <dst id="2">30352.2667</dst>
      <dst id="16">599.5378</dst>
      <dst id="14">79.2000</dst>
      <dst id="20">792.4533</dst>
      <dst id="11">552.2844</dst>
      <dst id="9">608.6844</dst>
      <dst id="17">6378.2311</dst>
      <dst id="21">1402.1422</dst>
      <dst id="15">127.4844</dst>
    </src>
    <src id="2">
      <dst id="12">61035.2356</dst>
      <dst id="13">9704.9956</dst>
      <dst id="19">49.4489</dst>
      <dst id="8">262.5867</dst>
      <dst id="18">53881.7244</dst>
      <dst id="4">96109.1200</dst>
      <dst id="1">15859.1556</dst>
      <dst id="5">457.5733</dst>
      <dst id="3">48.1422</dst>
      <dst id="22">1402.1689</dst>
      <dst id="7">2893.4222</dst>
      <dst id="2">8532.7644</dst>
      <dst id="16">6734.8711</dst>
      <dst id="14">130.5067</dst>
      <dst id="20">442.0711</dst>
      <dst id="11">2083.0489</dst>
      <dst id="9">6221.9022</dst>
      <dst id="17">4959.0489</dst>
      <dst id="21">23018.2133</dst>
      <dst id="15">738.3289</dst>
    </src>
    <src id="6">
      <dst id="12">2223.5111</dst>
      <dst id="13">27.1822</dst>
      <dst id="19">2.7111</dst>
      <dst id="23">0.4978</dst>
      <dst id="4">746.8978</dst>
      <dst id="1">1.3511</dst>
      <dst id="5">0.7111</dst>
      <dst id="3">3.4933</dst>
      <dst id="22">11.4667</dst>
      <dst id="7">1.0489</dst>
      <dst id="2">711.9911</dst>
      <dst id="16">0.5333</dst>
      <dst id="20">0.3556</dst>
      <dst id="9">0.5600</dst>
      <dst id="17">1344.8267</dst>
      <dst id="21">11.4667</dst>
    </src>
    <src id="16">
      <dst id="12">4727.5822</dst>
      <dst id="13">208.4889</dst>
      <dst id="19">3177.9289</dst>
      <dst id="23">138.5067</dst>
      <dst id="8">1431.3333</dst>
      <dst id="18">655.2800</dst>
      <dst id="4">5556.5956</dst>
      <dst id="1">15571.8667</dst>
      <dst id="5">1194.2044</dst>
      <dst id="3">14.3644</dst>
      <dst id="7">1010.3111</dst>
      <dst id="2">4828.2400</dst>
      <dst id="16">20.1156</dst>
      <dst id="14">1.6889</dst>
      <dst id="11">65.2267</dst>
      <dst id="9">1000.1867</dst>
      <dst id="17">1066.8356</dst>
      <dst id="21">2363.3778</dst>
    </src>
    <src id="14">
      <dst id="12">15971.3689</dst>
      <dst id="13">63.7778</dst>
      <dst id="19">3.9289</dst>
      <dst id="8">0.4178</dst>
      <dst id="4">1755.8133</dst>
      <dst id="1">91.4489</dst>
      <dst id="5">1.2089</dst>
      <dst id="3">169.8044</dst>
      <dst id="22">23.9644</dst>
      <dst id="7">74.8711</dst>
      <dst id="2">3366.8622</dst>
      <dst id="16">15.3600</dst>
      <dst id="20">1.4133</dst>
      <dst id="11">18.0533</dst>
      <dst id="9">0.8178</dst>
      <dst id="17">10381.4844</dst>
      <dst id="21">93.6089</dst>
      <dst id="15">2.1511</dst>
    </src>
    <src id="20">
      <dst id="12">8083.1378</dst>
      <dst id="13">2082.2222</dst>
      <dst id="19">2.4800</dst>
      <dst id="23">5.0222</dst>
      <dst id="8">1255.8667</dst>
      <dst id="18">297.0844</dst>
      <dst id="4">8935.5022</dst>
      <dst id="1">317.7600</dst>
      <dst id="5">6413.9911</dst>
      <dst id="3">118.0889</dst>
      <dst id="7">250.2756</dst>
      <dst id="2">609.6089</dst>
      <dst id="14">14.4889</dst>
      <dst id="11">308.5867</dst>
      <dst id="9">518.4000</dst>
      <dst id="17">786.6933</dst>
      <dst id="21">225.0667</dst>
    </src>
    <src id="11">
      <dst id="12">421524.3022</dst>
      <dst id="13">3861.6000</dst>
      <dst id="19">13.1644</dst>
      <dst id="23">7.6267</dst>
      <dst id="8">420.0089</dst>
      <dst id="18">483.6889</dst>
      <dst id="4">8713.4578</dst>
      <dst id="1">420.1778</dst>
      <dst id="5">1547.9556</dst>
      <dst id="3">472.5689</dst>
      <dst id="22">671.8311</dst>
      <dst id="7">275.6178</dst>
      <dst id="2">102758.2578</dst>
      <dst id="16">131.6533</dst>
      <dst id="14">26.8622</dst>
      <dst id="20">505.1733</dst>
      <dst id="11">1497.3689</dst>
      <dst id="9">830.3022</dst>
      <dst id="17">164203.5200</dst>
      <dst id="21">518.8622</dst>
      <dst id="15">210.5778</dst>
    </src>
    <src id="9">
      <dst id="12">382799.2978</dst>
      <dst id="13">5311.6533</dst>
      <dst id="19">3.5733</dst>
      <dst id="23">27.9733</dst>
      <dst id="8">94030.1333</dst>
      <dst id="18">307.1911</dst>
      <dst id="4">12119.0578</dst>
      <dst id="1">706.0711</dst>
      <dst id="5">726.4889</dst>
      <dst id="3">164.8000</dst>
      <dst id="22">4308.2489</dst>
      <dst id="7">1106.6844</dst>
      <dst id="2">2784.7733</dst>
      <dst id="16">170.4178</dst>
      <dst id="14">3.3067</dst>
      <dst id="20">337.7867</dst>
      <dst id="11">290.9067</dst>
      <dst id="9">276004.0000</dst>
      <dst id="17">206685.4400</dst>
      <dst id="21">189.5467</dst>
      <dst id="15">14180.4089</dst>
    </src>
    <src id="17">
      <dst id="12">6988.6400</dst>
      <dst id="13">13552.4978</dst>
      <dst id="19">6569.9200</dst>
      <dst id="23">325.5467</dst>
      <dst id="8">532.2756</dst>
      <dst id="18">169.0400</dst>
      <dst id="4">56337.5022</dst>
      <dst id="1">5051.1111</dst>
      <dst id="5">135151.2178</dst>
      <dst id="3">2983.3867</dst>
      <dst id="22">4563.9289</dst>
      <dst id="7">22073.6000</dst>
      <dst id="2">2382.0978</dst>
      <dst id="16">14127.4578</dst>
      <dst id="14">10024.1511</dst>
      <dst id="20">21332.3111</dst>
      <dst id="11">116037.0667</dst>
      <dst id="9">6812.6044</dst>
      <dst id="17">2389.8311</dst>
      <dst id="21">10981.2800</dst>
      <dst id="15">4401.2089</dst>
    </src>
    <src id="21">
      <dst id="12">25332.0089</dst>
      <dst id="13">344.9956</dst>
      <dst id="19">350.2489</dst>
      <dst id="23">10.0267</dst>
      <dst id="8">42.4889</dst>
      <dst id="18">1445.7511</dst>
      <dst id="4">35214.1689</dst>
      <dst id="1">2739.8400</dst>
      <dst id="5">506.6844</dst>
      <dst id="3">1160.6844</dst>
      <dst id="22">594.8089</dst>
      <dst id="7">6638.8533</dst>
      <dst id="2">19693.4667</dst>
      <dst id="16">231.7778</dst>
      <dst id="14">63.2356</dst>
      <dst id="20">69.6533</dst>
      <dst id="11">272.2489</dst>
      <dst id="9">558.5867</dst>
      <dst id="17">6825.0489</dst>
      <dst id="21">1224.3733</dst>
      <dst id="15">392.7733</dst>
    </src>
    <src id="15">
      <dst id="12">89.1022</dst>
      <dst id="13">189.0578</dst>
      <dst id="19">1.6356</dst>
      <dst id="8">137.1733</dst>
      <dst id="18">1.1911</dst>
      <dst id="4">526.7022</dst>
      <dst id="1">89.7511</dst>
      <dst id="5">229.8133</dst>
      <dst id="7">3.7244</dst>
      <dst id="2">727.1644</dst>
      <dst id="14">0.4267</dst>
      <dst id="11">1637.6178</dst>
      <dst id="9">762.9244</dst>
      <dst id="17">900.4089</dst>
      <dst id="21">79.8933</dst>
    </src>
  </IntraTM>
</TrafficMatrixFile>
