<?xml version="1.0" encoding="UTF-8" standalone="yes"?>
<TrafficMatrixFile xmlns:xsi="http://www.w3.org/2001/XMLSchema-instance" xsi:noNamespaceSchemaLocation="http://totem.run.montefiore.ulg.ac.be/Schema/TrafficMatrix-v1_2.xsd">
  <info>
    <title>Intradomain traffic matrix generated by geant-TM-all.pl</title>
    <date>2005-04-20T08:15:00</date>
    <duration>900</duration>
    <author>Steve Uhlig</author>
    <units>
        <unit type="bandwidth" value="kbps"/>
    </units>
  </info>
  <IntraTM ASID="20965">
    <src id="12">
      <dst id="12">339527.4489</dst>
      <dst id="13">28977.2533</dst>
      <dst id="19">8543.2889</dst>
      <dst id="23">2244.4089</dst>
      <dst id="8">552.7733</dst>
      <dst id="18">28740.9067</dst>
      <dst id="4">2917.8222</dst>
      <dst id="1">17372.1600</dst>
      <dst id="5">15875.6089</dst>
      <dst id="3">300.1333</dst>
      <dst id="10">7875.6622</dst>
      <dst id="22">465.5378</dst>
      <dst id="7">3242.7111</dst>
      <dst id="2">3532.4533</dst>
      <dst id="16">1577.5467</dst>
      <dst id="14">1825.6889</dst>
      <dst id="20">256.7467</dst>
      <dst id="11">95.9200</dst>
      <dst id="9">29034.4089</dst>
      <dst id="17">22051.2000</dst>
      <dst id="21">2577.1111</dst>
      <dst id="15">759.8578</dst>
    </src>
    <src id="13">
      <dst id="12">17625.7244</dst>
      <dst id="13">163.1289</dst>
      <dst id="19">2313.2711</dst>
      <dst id="23">15.8489</dst>
      <dst id="8">248.8444</dst>
      <dst id="18">1281.7422</dst>
      <dst id="4">2.7022</dst>
      <dst id="1">6680.9333</dst>
      <dst id="5">3651.4933</dst>
      <dst id="3">3.0933</dst>
      <dst id="10">13.8844</dst>
      <dst id="22">30.3733</dst>
      <dst id="7">7012.1778</dst>
      <dst id="2">13192.2578</dst>
      <dst id="16">1035.1733</dst>
      <dst id="14">62.7822</dst>
      <dst id="20">210.1956</dst>
      <dst id="11">37.2267</dst>
      <dst id="9">1247.1822</dst>
      <dst id="17">7412.0622</dst>
      <dst id="21">250.4178</dst>
      <dst id="15">12.8711</dst>
    </src>
    <src id="19">
      <dst id="12">48968.3111</dst>
      <dst id="13">801.3778</dst>
      <dst id="23">1.8311</dst>
      <dst id="8">13.2978</dst>
      <dst id="4">453.1289</dst>
      <dst id="1">154.4889</dst>
      <dst id="5">11.9467</dst>
      <dst id="10">44.0800</dst>
      <dst id="7">934.5956</dst>
      <dst id="2">101.4756</dst>
      <dst id="16">253.3067</dst>
      <dst id="14">32.6400</dst>
      <dst id="20">0.7911</dst>
      <dst id="11">12.6222</dst>
      <dst id="9">1385.9022</dst>
      <dst id="17">923.8756</dst>
      <dst id="21">640.8178</dst>
      <dst id="15">1964.4089</dst>
    </src>
    <src id="23">
      <dst id="12">6959.0756</dst>
      <dst id="13">150.4178</dst>
      <dst id="19">5.2533</dst>
      <dst id="8">0.3556</dst>
      <dst id="4">33.0756</dst>
      <dst id="1">391.9111</dst>
      <dst id="10">66.3378</dst>
      <dst id="22">25.2444</dst>
      <dst id="7">10.0622</dst>
      <dst id="2">2.1333</dst>
      <dst id="20">40.5689</dst>
      <dst id="11">29.7067</dst>
      <dst id="9">54.7911</dst>
      <dst id="17">1961.6089</dst>
      <dst id="21">43.7333</dst>
    </src>
    <src id="8">
      <dst id="12">9709.9467</dst>
      <dst id="13">257.9822</dst>
      <dst id="19">0.3556</dst>
      <dst id="23">13.6889</dst>
      <dst id="18">3.9111</dst>
      <dst id="4">313.5911</dst>
      <dst id="1">1753.9467</dst>
      <dst id="5">685.8311</dst>
      <dst id="3">1189.0400</dst>
      <dst id="10">160.0356</dst>
      <dst id="2">12.2311</dst>
      <dst id="16">305692.7822</dst>
      <dst id="11">146.6667</dst>
      <dst id="9">62801.8311</dst>
      <dst id="17">19450.4089</dst>
      <dst id="21">2.7644</dst>
    </src>
    <src id="18">
      <dst id="12">94487.6356</dst>
      <dst id="13">679.0400</dst>
      <dst id="19">15.2711</dst>
      <dst id="23">1.3600</dst>
      <dst id="8">29.4756</dst>
      <dst id="4">10.4533</dst>
      <dst id="1">6553.6622</dst>
      <dst id="5">6384.3822</dst>
      <dst id="3">1082.3733</dst>
      <dst id="10">67.0222</dst>
      <dst id="22">13.8667</dst>
      <dst id="7">112.9689</dst>
      <dst id="2">6927.2711</dst>
      <dst id="16">340.2933</dst>
      <dst id="14">35.2000</dst>
      <dst id="20">774.6133</dst>
      <dst id="11">0.8356</dst>
      <dst id="9">5456.4089</dst>
      <dst id="17">3856.4178</dst>
      <dst id="21">58.8978</dst>
      <dst id="15">2.1867</dst>
    </src>
    <src id="4">
      <dst id="12">13557.2000</dst>
      <dst id="13">6.0444</dst>
      <dst id="19">7510.4356</dst>
      <dst id="23">177.5644</dst>
      <dst id="8">1705.4489</dst>
      <dst id="18">3261.2711</dst>
      <dst id="4">1322.4356</dst>
      <dst id="1">103870.6133</dst>
      <dst id="5">5909.3067</dst>
      <dst id="3">131.2178</dst>
      <dst id="7">230.8800</dst>
      <dst id="2">136386.7289</dst>
      <dst id="16">53263.1022</dst>
      <dst id="14">4514.5156</dst>
      <dst id="11">238.4622</dst>
      <dst id="9">21518.7556</dst>
      <dst id="17">43891.1911</dst>
      <dst id="21">8163.5378</dst>
      <dst id="15">993.8133</dst>
    </src>
    <src id="1">
      <dst id="12">8118.6933</dst>
      <dst id="13">706.2756</dst>
      <dst id="19">133.1733</dst>
      <dst id="23">62.7822</dst>
      <dst id="8">166.4711</dst>
      <dst id="18">11742.3822</dst>
      <dst id="4">326.9333</dst>
      <dst id="1">25692.6844</dst>
      <dst id="5">906.2667</dst>
      <dst id="3">21.6800</dst>
      <dst id="10">750.6578</dst>
      <dst id="7">9868.0889</dst>
      <dst id="2">24999.4844</dst>
      <dst id="16">27826.4978</dst>
      <dst id="14">134.9244</dst>
      <dst id="20">29.7244</dst>
      <dst id="11">454.5689</dst>
      <dst id="9">3496.7467</dst>
      <dst id="17">26374.6578</dst>
      <dst id="21">7050.5156</dst>
      <dst id="15">117.7778</dst>
    </src>
    <src id="5">
      <dst id="12">18792.5867</dst>
      <dst id="13">739.3956</dst>
      <dst id="19">448.8444</dst>
      <dst id="8">218.6133</dst>
      <dst id="18">170.6044</dst>
      <dst id="4">137.3156</dst>
      <dst id="1">33808.1067</dst>
      <dst id="3">326.7822</dst>
      <dst id="10">140.9156</dst>
      <dst id="2">99.4578</dst>
      <dst id="16">334430.6933</dst>
      <dst id="14">2.8800</dst>
      <dst id="11">1.1911</dst>
      <dst id="9">60984.1511</dst>
      <dst id="17">26726.6933</dst>
      <dst id="21">27.6000</dst>
      <dst id="15">83.9467</dst>
    </src>
    <src id="3">
      <dst id="12">8789.8222</dst>
      <dst id="13">45441.7067</dst>
      <dst id="19">5770.9689</dst>
      <dst id="23">7.6178</dst>
      <dst id="8">2.0889</dst>
      <dst id="18">1.3156</dst>
      <dst id="4">1245.0756</dst>
      <dst id="1">6794.5422</dst>
      <dst id="5">183.6356</dst>
      <dst id="3">490.4533</dst>
      <dst id="10">462.3644</dst>
      <dst id="7">300.1156</dst>
      <dst id="2">3757.1289</dst>
      <dst id="16">5474.2044</dst>
      <dst id="14">156.0622</dst>
      <dst id="20">7.3956</dst>
      <dst id="11">302.4267</dst>
      <dst id="9">1187.4133</dst>
      <dst id="17">50663.3689</dst>
      <dst id="21">878.3200</dst>
      <dst id="15">535.4578</dst>
    </src>
    <src id="10">
      <dst id="12">2825.8222</dst>
      <dst id="13">1153.7067</dst>
      <dst id="19">1263.5022</dst>
      <dst id="23">85.9822</dst>
      <dst id="8">246.9778</dst>
      <dst id="18">5820.1333</dst>
      <dst id="1">489.0756</dst>
      <dst id="5">1701.4222</dst>
      <dst id="3">13.4400</dst>
      <dst id="7">14.1156</dst>
      <dst id="2">42125.2178</dst>
      <dst id="16">54668.7200</dst>
      <dst id="14">1222.3200</dst>
      <dst id="20">5804.6311</dst>
      <dst id="11">56.8267</dst>
      <dst id="9">5507.4311</dst>
      <dst id="17">33161.3422</dst>
      <dst id="21">2207.6000</dst>
      <dst id="15">1342.0711</dst>
    </src>
    <src id="22">
      <dst id="12">4619.1111</dst>
      <dst id="13">2526.6844</dst>
      <dst id="19">28.1600</dst>
      <dst id="23">1.9200</dst>
      <dst id="8">142.0978</dst>
      <dst id="18">103.8933</dst>
      <dst id="4">381.0933</dst>
      <dst id="1">857.9556</dst>
      <dst id="5">7045.2533</dst>
      <dst id="10">736.9156</dst>
      <dst id="7">240.3644</dst>
      <dst id="2">260.9600</dst>
      <dst id="16">32.5600</dst>
      <dst id="14">210.4978</dst>
      <dst id="11">92.7822</dst>
      <dst id="9">488.8978</dst>
      <dst id="17">2660.4622</dst>
      <dst id="21">213.7067</dst>
    </src>
    <src id="7">
      <dst id="12">8247.2622</dst>
      <dst id="13">407.7244</dst>
      <dst id="19">17.4756</dst>
      <dst id="23">42.1244</dst>
      <dst id="8">14.5067</dst>
      <dst id="18">192.9511</dst>
      <dst id="4">623.4756</dst>
      <dst id="1">2482.2044</dst>
      <dst id="5">464.7644</dst>
      <dst id="3">28.3111</dst>
      <dst id="10">1054.2489</dst>
      <dst id="22">44.6222</dst>
      <dst id="7">37.2889</dst>
      <dst id="2">1443.9289</dst>
      <dst id="16">1932.9600</dst>
      <dst id="14">20.8978</dst>
      <dst id="20">14.5156</dst>
      <dst id="11">44.6844</dst>
      <dst id="9">94.6844</dst>
      <dst id="17">5480.3289</dst>
      <dst id="21">748.9156</dst>
      <dst id="15">283.5378</dst>
    </src>
    <src id="2">
      <dst id="12">75289.7333</dst>
      <dst id="13">28562.7378</dst>
      <dst id="19">376.9511</dst>
      <dst id="23">0.6756</dst>
      <dst id="8">19.1467</dst>
      <dst id="18">18735.7867</dst>
      <dst id="4">2417.4578</dst>
      <dst id="1">51392.7911</dst>
      <dst id="5">1349.4844</dst>
      <dst id="3">23.1822</dst>
      <dst id="10">2597.5111</dst>
      <dst id="22">71.0756</dst>
      <dst id="7">1117.6089</dst>
      <dst id="2">2211.8844</dst>
      <dst id="6">0.8533</dst>
      <dst id="16">176.7733</dst>
      <dst id="14">154.3289</dst>
      <dst id="20">12100.3467</dst>
      <dst id="11">148.3644</dst>
      <dst id="9">1046.4356</dst>
      <dst id="17">20779.0844</dst>
      <dst id="21">919.0667</dst>
      <dst id="15">19.6978</dst>
    </src>
    <src id="6">
      <dst id="12">594.2667</dst>
      <dst id="13">26.4978</dst>
      <dst id="19">4.7289</dst>
      <dst id="4">2.5244</dst>
      <dst id="1">5055.5911</dst>
      <dst id="3">13.5111</dst>
      <dst id="10">0.5511</dst>
      <dst id="7">1.7778</dst>
      <dst id="2">296.0356</dst>
      <dst id="16">2.0444</dst>
      <dst id="9">1521.2356</dst>
      <dst id="17">19101.9733</dst>
      <dst id="21">0.6844</dst>
      <dst id="15">0.4978</dst>
    </src>
    <src id="16">
      <dst id="12">93563.7422</dst>
      <dst id="13">824.6489</dst>
      <dst id="19">5870.4978</dst>
      <dst id="23">4.7733</dst>
      <dst id="8">122674.6311</dst>
      <dst id="18">0.9244</dst>
      <dst id="4">334.5333</dst>
      <dst id="1">22011.7156</dst>
      <dst id="5">244707.6978</dst>
      <dst id="3">2693.6178</dst>
      <dst id="10">190.9689</dst>
      <dst id="2">355.6978</dst>
      <dst id="16">12492.3200</dst>
      <dst id="14">46120.2667</dst>
      <dst id="11">10815.8489</dst>
      <dst id="9">152706.2667</dst>
      <dst id="17">3107.4311</dst>
      <dst id="21">3.0844</dst>
    </src>
    <src id="14">
      <dst id="12">1224.2044</dst>
      <dst id="13">158.9333</dst>
      <dst id="19">0.4622</dst>
      <dst id="8">0.4267</dst>
      <dst id="4">94.2489</dst>
      <dst id="1">1291.2800</dst>
      <dst id="5">1.7600</dst>
      <dst id="3">922.4533</dst>
      <dst id="10">178.5244</dst>
      <dst id="7">11.4133</dst>
      <dst id="2">64.7644</dst>
      <dst id="16">1083.2356</dst>
      <dst id="20">1.1556</dst>
      <dst id="11">114.1333</dst>
      <dst id="9">1507.6978</dst>
      <dst id="17">22153.8667</dst>
      <dst id="21">81.5467</dst>
    </src>
    <src id="20">
      <dst id="12">29.8844</dst>
      <dst id="13">376.7733</dst>
      <dst id="19">1.1378</dst>
      <dst id="23">0.5689</dst>
      <dst id="8">227.3689</dst>
      <dst id="18">24.5956</dst>
      <dst id="4">76.3111</dst>
      <dst id="1">72.8711</dst>
      <dst id="5">512.0089</dst>
      <dst id="3">0.9867</dst>
      <dst id="10">1957.7778</dst>
      <dst id="7">23.8667</dst>
      <dst id="2">1638.4800</dst>
      <dst id="16">4991.8578</dst>
      <dst id="14">17.4400</dst>
      <dst id="20">45.7244</dst>
      <dst id="11">0.4622</dst>
      <dst id="9">889.6267</dst>
      <dst id="17">700.8889</dst>
      <dst id="21">16.3822</dst>
    </src>
    <src id="11">
      <dst id="12">31509.5556</dst>
      <dst id="13">4583.3333</dst>
      <dst id="19">40.7467</dst>
      <dst id="23">170.5511</dst>
      <dst id="8">165.9822</dst>
      <dst id="18">6.0444</dst>
      <dst id="4">472.2756</dst>
      <dst id="1">44912.0711</dst>
      <dst id="5">751.1467</dst>
      <dst id="3">1124.1600</dst>
      <dst id="10">2770.1956</dst>
      <dst id="2">4210.8000</dst>
      <dst id="16">7757.6978</dst>
      <dst id="14">74.3467</dst>
      <dst id="20">111.1911</dst>
      <dst id="11">1436.2489</dst>
      <dst id="9">54806.0978</dst>
      <dst id="17">490684.9333</dst>
      <dst id="21">197.3244</dst>
      <dst id="15">9.2178</dst>
    </src>
    <src id="9">
      <dst id="12">25474.5778</dst>
      <dst id="13">760.2311</dst>
      <dst id="19">2.4267</dst>
      <dst id="23">5.5644</dst>
      <dst id="8">61318.8089</dst>
      <dst id="18">788.1956</dst>
      <dst id="4">784.8267</dst>
      <dst id="1">6087.6533</dst>
      <dst id="5">1105.7956</dst>
      <dst id="3">860.0711</dst>
      <dst id="10">110.3467</dst>
      <dst id="2">67.3511</dst>
      <dst id="16">430277.8222</dst>
      <dst id="14">5.1911</dst>
      <dst id="11">27.4311</dst>
      <dst id="9">260852.1156</dst>
      <dst id="17">41453.2444</dst>
      <dst id="21">31.1200</dst>
      <dst id="15">139.6800</dst>
    </src>
    <src id="17">
      <dst id="12">78352.7822</dst>
      <dst id="13">41943.2444</dst>
      <dst id="19">322.7378</dst>
      <dst id="23">41.2267</dst>
      <dst id="8">107.3511</dst>
      <dst id="18">2374.8000</dst>
      <dst id="4">2615.9822</dst>
      <dst id="1">15282.0000</dst>
      <dst id="5">160610.2667</dst>
      <dst id="3">3460.0978</dst>
      <dst id="10">2655.6711</dst>
      <dst id="7">1468.7378</dst>
      <dst id="2">7213.0222</dst>
      <dst id="16">26103.7600</dst>
      <dst id="14">16569.1644</dst>
      <dst id="20">1240.9600</dst>
      <dst id="11">9856.7556</dst>
      <dst id="9">6189.6622</dst>
      <dst id="17">6838.2667</dst>
      <dst id="21">879.8844</dst>
      <dst id="15">112.9333</dst>
    </src>
    <src id="21">
      <dst id="12">2918.3111</dst>
      <dst id="13">9206.4089</dst>
      <dst id="19">100.8622</dst>
      <dst id="23">5.9467</dst>
      <dst id="8">2.5600</dst>
      <dst id="18">1191.1733</dst>
      <dst id="4">771.7067</dst>
      <dst id="1">7644.6578</dst>
      <dst id="5">676.4533</dst>
      <dst id="3">512.3289</dst>
      <dst id="10">284.6756</dst>
      <dst id="7">323.7600</dst>
      <dst id="2">531.2978</dst>
      <dst id="16">6214.5778</dst>
      <dst id="14">58.6311</dst>
      <dst id="20">18.1956</dst>
      <dst id="11">792.1689</dst>
      <dst id="9">1867.9911</dst>
      <dst id="17">15542.6667</dst>
      <dst id="21">1121.6356</dst>
      <dst id="15">88.2133</dst>
    </src>
    <src id="15">
      <dst id="12">407.2089</dst>
      <dst id="13">71.2356</dst>
      <dst id="19">3061.0222</dst>
      <dst id="8">0.4356</dst>
      <dst id="18">0.6400</dst>
      <dst id="4">127.2622</dst>
      <dst id="1">144.3644</dst>
      <dst id="5">5630.7289</dst>
      <dst id="10">32.8000</dst>
      <dst id="2">28.4356</dst>
      <dst id="16">265.2089</dst>
      <dst id="9">300.6489</dst>
      <dst id="17">497.9378</dst>
    </src>
  </IntraTM>
</TrafficMatrixFile>
