<?xml version="1.0" encoding="UTF-8" standalone="yes"?>
<TrafficMatrixFile xmlns:xsi="http://www.w3.org/2001/XMLSchema-instance" xsi:noNamespaceSchemaLocation="http://totem.run.montefiore.ulg.ac.be/Schema/TrafficMatrix-v1_2.xsd">
  <info>
    <title>Intradomain traffic matrix generated by geant-TM-all.pl</title>
    <date>2005-03-28T20:30:00</date>
    <duration>900</duration>
    <author>Steve Uhlig</author>
    <units>
        <unit type="bandwidth" value="kbps"/>
    </units>
  </info>
  <IntraTM ASID="20965">
    <src id="12">
      <dst id="12">240435.0844</dst>
      <dst id="13">23235.7600</dst>
      <dst id="19">4511.2356</dst>
      <dst id="23">6356.8267</dst>
      <dst id="8">433.6178</dst>
      <dst id="18">56045.4756</dst>
      <dst id="4">6868.5067</dst>
      <dst id="1">38913.9467</dst>
      <dst id="5">1240.9156</dst>
      <dst id="3">163.3244</dst>
      <dst id="10">2814.8000</dst>
      <dst id="22">6443.8489</dst>
      <dst id="7">2752.6933</dst>
      <dst id="2">18945.0400</dst>
      <dst id="6">13450.2756</dst>
      <dst id="16">7393.9378</dst>
      <dst id="14">579.6089</dst>
      <dst id="20">1813.7067</dst>
      <dst id="11">56.1422</dst>
      <dst id="9">1220.0356</dst>
      <dst id="17">26819.6800</dst>
      <dst id="21">860.8178</dst>
      <dst id="15">365.9111</dst>
    </src>
    <src id="13">
      <dst id="12">15763.5378</dst>
      <dst id="13">201.8133</dst>
      <dst id="19">2079.8578</dst>
      <dst id="23">25.6978</dst>
      <dst id="8">85.3511</dst>
      <dst id="18">96.1689</dst>
      <dst id="1">301.7689</dst>
      <dst id="5">5087.0756</dst>
      <dst id="3">5.2444</dst>
      <dst id="10">1.4933</dst>
      <dst id="22">1094.2489</dst>
      <dst id="7">1257.5022</dst>
      <dst id="2">6492.7822</dst>
      <dst id="6">40.2489</dst>
      <dst id="16">908.5867</dst>
      <dst id="14">305.1022</dst>
      <dst id="20">1335.8311</dst>
      <dst id="11">114.0800</dst>
      <dst id="9">1468.0267</dst>
      <dst id="17">14384.6044</dst>
      <dst id="21">134.6311</dst>
      <dst id="15">202.8444</dst>
    </src>
    <src id="19">
      <dst id="12">26271.3067</dst>
      <dst id="13">7826.0000</dst>
      <dst id="8">0.4978</dst>
      <dst id="18">48.6489</dst>
      <dst id="4">768.0889</dst>
      <dst id="1">106.8000</dst>
      <dst id="3">44.1600</dst>
      <dst id="10">116.4089</dst>
      <dst id="22">13.1733</dst>
      <dst id="7">3567.7511</dst>
      <dst id="2">488.7556</dst>
      <dst id="6">13.5644</dst>
      <dst id="16">830.5422</dst>
      <dst id="14">40.6844</dst>
      <dst id="20">2.7556</dst>
      <dst id="11">25.9556</dst>
      <dst id="9">222.1511</dst>
      <dst id="17">1764.2578</dst>
      <dst id="21">77.2000</dst>
    </src>
    <src id="23">
      <dst id="12">944.1689</dst>
      <dst id="13">1978.2311</dst>
      <dst id="19">0.6756</dst>
      <dst id="8">26.6667</dst>
      <dst id="18">0.9511</dst>
      <dst id="4">118.0267</dst>
      <dst id="1">162.6044</dst>
      <dst id="10">26.4889</dst>
      <dst id="22">190.4800</dst>
      <dst id="7">106.0267</dst>
      <dst id="2">335.8311</dst>
      <dst id="16">12.9778</dst>
      <dst id="14">12.6222</dst>
      <dst id="11">66.5156</dst>
      <dst id="9">29.2444</dst>
      <dst id="17">409.2889</dst>
      <dst id="21">52.9689</dst>
    </src>
    <src id="8">
      <dst id="12">10310.0267</dst>
      <dst id="13">245.0311</dst>
      <dst id="19">0.8267</dst>
      <dst id="23">0.7111</dst>
      <dst id="4">257.9644</dst>
      <dst id="1">668.6133</dst>
      <dst id="5">353.2622</dst>
      <dst id="10">28.4622</dst>
      <dst id="22">1.5822</dst>
      <dst id="7">17.5911</dst>
      <dst id="2">110.7644</dst>
      <dst id="6">4.2756</dst>
      <dst id="16">183623.9467</dst>
      <dst id="14">6.9600</dst>
      <dst id="11">2.2756</dst>
      <dst id="9">57955.8756</dst>
      <dst id="17">17778.8178</dst>
    </src>
    <src id="18">
      <dst id="12">89584.8267</dst>
      <dst id="13">192.2222</dst>
      <dst id="23">0.8444</dst>
      <dst id="8">0.3644</dst>
      <dst id="4">420.7200</dst>
      <dst id="1">7450.1156</dst>
      <dst id="5">2.6311</dst>
      <dst id="3">1321.5111</dst>
      <dst id="10">5.2356</dst>
      <dst id="22">18.1156</dst>
      <dst id="7">42.0000</dst>
      <dst id="2">11301.0133</dst>
      <dst id="16">1377.9111</dst>
      <dst id="14">13.3333</dst>
      <dst id="20">3.2000</dst>
      <dst id="11">0.3556</dst>
      <dst id="9">204.5778</dst>
      <dst id="17">3285.5556</dst>
      <dst id="21">202.3378</dst>
      <dst id="15">0.7111</dst>
    </src>
    <src id="4">
      <dst id="12">23843.4222</dst>
      <dst id="13">6.9156</dst>
      <dst id="19">17045.9289</dst>
      <dst id="23">3008.9067</dst>
      <dst id="8">528.7644</dst>
      <dst id="18">2198.0889</dst>
      <dst id="4">4449.7067</dst>
      <dst id="1">73316.8889</dst>
      <dst id="5">5323.4133</dst>
      <dst id="3">364.9067</dst>
      <dst id="22">323.2533</dst>
      <dst id="7">203.4844</dst>
      <dst id="2">72990.8178</dst>
      <dst id="6">101.6356</dst>
      <dst id="16">115572.8711</dst>
      <dst id="14">4201.9467</dst>
      <dst id="11">150.2844</dst>
      <dst id="9">23942.0889</dst>
      <dst id="17">55408.1689</dst>
      <dst id="21">6063.8667</dst>
      <dst id="15">675.8489</dst>
    </src>
    <src id="1">
      <dst id="12">414676.4444</dst>
      <dst id="13">1062.6400</dst>
      <dst id="19">19.7867</dst>
      <dst id="23">49.0489</dst>
      <dst id="8">58.7378</dst>
      <dst id="18">16640.7289</dst>
      <dst id="4">971.4578</dst>
      <dst id="1">22043.8400</dst>
      <dst id="5">496.4711</dst>
      <dst id="3">263.5911</dst>
      <dst id="10">140.0533</dst>
      <dst id="22">375.7156</dst>
      <dst id="7">2618.1156</dst>
      <dst id="2">4931.5022</dst>
      <dst id="6">6.5244</dst>
      <dst id="16">907335.4489</dst>
      <dst id="14">138.5689</dst>
      <dst id="20">1397.7778</dst>
      <dst id="11">462.5867</dst>
      <dst id="9">3473.0933</dst>
      <dst id="17">3736.9333</dst>
      <dst id="21">393532.1244</dst>
      <dst id="15">55.7511</dst>
    </src>
    <src id="5">
      <dst id="12">12900.2844</dst>
      <dst id="13">562.8000</dst>
      <dst id="19">0.8178</dst>
      <dst id="8">14328.6133</dst>
      <dst id="18">16.6044</dst>
      <dst id="4">490.9422</dst>
      <dst id="1">28855.6533</dst>
      <dst id="10">202.1333</dst>
      <dst id="22">2.6311</dst>
      <dst id="7">19.6711</dst>
      <dst id="2">366.0889</dst>
      <dst id="6">0.3556</dst>
      <dst id="16">247440.7556</dst>
      <dst id="14">67.9467</dst>
      <dst id="11">52.7111</dst>
      <dst id="9">40686.0711</dst>
      <dst id="17">24013.4667</dst>
      <dst id="21">13.8400</dst>
      <dst id="15">21.3689</dst>
    </src>
    <src id="3">
      <dst id="12">958.4267</dst>
      <dst id="13">76137.7511</dst>
      <dst id="19">1039.3244</dst>
      <dst id="23">9.9911</dst>
      <dst id="8">21.1111</dst>
      <dst id="18">7547.2089</dst>
      <dst id="4">2356.1244</dst>
      <dst id="1">11886.8800</dst>
      <dst id="5">112.9333</dst>
      <dst id="3">315.8133</dst>
      <dst id="10">323.5022</dst>
      <dst id="22">43.1911</dst>
      <dst id="7">42768.0711</dst>
      <dst id="2">2996.0889</dst>
      <dst id="6">3.8044</dst>
      <dst id="16">8949.5200</dst>
      <dst id="14">118.0178</dst>
      <dst id="20">37.5911</dst>
      <dst id="11">460.1956</dst>
      <dst id="9">600.2667</dst>
      <dst id="17">35419.7867</dst>
      <dst id="21">809.5467</dst>
      <dst id="15">4.5244</dst>
    </src>
    <src id="10">
      <dst id="12">5486.5156</dst>
      <dst id="13">1363.4667</dst>
      <dst id="19">1069.8667</dst>
      <dst id="23">32.4711</dst>
      <dst id="8">252.4089</dst>
      <dst id="18">363.5467</dst>
      <dst id="1">4903.5378</dst>
      <dst id="5">237.2178</dst>
      <dst id="3">529.3422</dst>
      <dst id="22">21.6178</dst>
      <dst id="7">493.5733</dst>
      <dst id="2">10392.2933</dst>
      <dst id="6">22.6400</dst>
      <dst id="16">30477.4044</dst>
      <dst id="14">1086.4444</dst>
      <dst id="20">6965.9111</dst>
      <dst id="11">2.8267</dst>
      <dst id="9">1095.2089</dst>
      <dst id="17">26633.7867</dst>
      <dst id="21">11243.1289</dst>
      <dst id="15">7.6444</dst>
    </src>
    <src id="22">
      <dst id="12">9891.0933</dst>
      <dst id="13">6076.4267</dst>
      <dst id="19">22.3822</dst>
      <dst id="23">5.3333</dst>
      <dst id="8">2322.5511</dst>
      <dst id="18">158.8533</dst>
      <dst id="4">1162.9067</dst>
      <dst id="1">172.1422</dst>
      <dst id="5">3752.9067</dst>
      <dst id="3">3.1733</dst>
      <dst id="10">937.6356</dst>
      <dst id="7">774.7822</dst>
      <dst id="2">6350.2489</dst>
      <dst id="16">322.5422</dst>
      <dst id="14">183.0756</dst>
      <dst id="11">82.4000</dst>
      <dst id="9">6250.6578</dst>
      <dst id="17">5021.3956</dst>
      <dst id="21">218.2222</dst>
    </src>
    <src id="7">
      <dst id="12">7939.3511</dst>
      <dst id="13">15880.8000</dst>
      <dst id="19">148.2044</dst>
      <dst id="23">6.4533</dst>
      <dst id="8">7.6000</dst>
      <dst id="18">73.3956</dst>
      <dst id="4">1959.6178</dst>
      <dst id="1">2110.8444</dst>
      <dst id="5">646.4089</dst>
      <dst id="3">883.9022</dst>
      <dst id="10">192.2844</dst>
      <dst id="22">845.8844</dst>
      <dst id="7">31.2000</dst>
      <dst id="2">4026.1511</dst>
      <dst id="6">14.4356</dst>
      <dst id="16">4942.9244</dst>
      <dst id="14">203.2444</dst>
      <dst id="20">510.2311</dst>
      <dst id="11">1358.6667</dst>
      <dst id="9">110.6756</dst>
      <dst id="17">5996.5511</dst>
      <dst id="21">1414.7733</dst>
      <dst id="15">222.3289</dst>
    </src>
    <src id="2">
      <dst id="12">67940.2844</dst>
      <dst id="13">34406.0089</dst>
      <dst id="19">463.7778</dst>
      <dst id="23">12.2933</dst>
      <dst id="8">268.9156</dst>
      <dst id="18">41337.1022</dst>
      <dst id="4">7998.9778</dst>
      <dst id="1">2333.4222</dst>
      <dst id="5">7371.5022</dst>
      <dst id="3">405.6889</dst>
      <dst id="10">3362.1067</dst>
      <dst id="22">550.4889</dst>
      <dst id="7">22764.3111</dst>
      <dst id="2">7406.0356</dst>
      <dst id="6">12103.0222</dst>
      <dst id="16">1722.2222</dst>
      <dst id="14">451.8756</dst>
      <dst id="20">2522.2133</dst>
      <dst id="11">119.6178</dst>
      <dst id="9">209.7867</dst>
      <dst id="17">16053.7689</dst>
      <dst id="21">9559.2000</dst>
      <dst id="15">82.4800</dst>
    </src>
    <src id="6">
      <dst id="12">342.8267</dst>
      <dst id="13">80.6844</dst>
      <dst id="19">5.8933</dst>
      <dst id="8">34.4000</dst>
      <dst id="4">80.7200</dst>
      <dst id="1">661.3956</dst>
      <dst id="3">2.5422</dst>
      <dst id="10">1.3511</dst>
      <dst id="22">12.1778</dst>
      <dst id="7">12.6400</dst>
      <dst id="2">1118.1600</dst>
      <dst id="16">112.6667</dst>
      <dst id="9">153.2978</dst>
      <dst id="17">16841.3956</dst>
      <dst id="21">34.6311</dst>
    </src>
    <src id="16">
      <dst id="12">107723.8400</dst>
      <dst id="13">1548.5511</dst>
      <dst id="19">3401.5467</dst>
      <dst id="23">19.4222</dst>
      <dst id="8">70591.2889</dst>
      <dst id="18">12.4178</dst>
      <dst id="4">427.4311</dst>
      <dst id="1">9281.0311</dst>
      <dst id="5">211292.4533</dst>
      <dst id="3">7308.1778</dst>
      <dst id="10">58.0000</dst>
      <dst id="7">19.2178</dst>
      <dst id="2">2525.4311</dst>
      <dst id="6">0.3378</dst>
      <dst id="16">21160.2489</dst>
      <dst id="14">34370.3378</dst>
      <dst id="11">17530.7378</dst>
      <dst id="9">201139.5200</dst>
      <dst id="17">3342.2311</dst>
      <dst id="21">1.5911</dst>
    </src>
    <src id="14">
      <dst id="12">517.5022</dst>
      <dst id="13">1467.3778</dst>
      <dst id="19">81.1022</dst>
      <dst id="23">2.4533</dst>
      <dst id="18">0.3556</dst>
      <dst id="4">953.6800</dst>
      <dst id="1">1810.4533</dst>
      <dst id="5">1.7778</dst>
      <dst id="3">480.9333</dst>
      <dst id="10">132.6222</dst>
      <dst id="7">53.9644</dst>
      <dst id="2">1077.9111</dst>
      <dst id="16">4547.1111</dst>
      <dst id="11">27.2000</dst>
      <dst id="9">217.5378</dst>
      <dst id="17">20722.5511</dst>
      <dst id="21">182.2044</dst>
    </src>
    <src id="20">
      <dst id="12">2179.8933</dst>
      <dst id="13">4298.9600</dst>
      <dst id="19">12.8000</dst>
      <dst id="8">29.7689</dst>
      <dst id="18">0.4356</dst>
      <dst id="4">1019.3689</dst>
      <dst id="1">102.7822</dst>
      <dst id="5">441.9911</dst>
      <dst id="10">155.7422</dst>
      <dst id="22">26.6667</dst>
      <dst id="7">48.2844</dst>
      <dst id="2">1342.6578</dst>
      <dst id="16">6768.9956</dst>
      <dst id="11">14.2222</dst>
      <dst id="9">2588.6489</dst>
      <dst id="17">3696.1778</dst>
      <dst id="21">24.0089</dst>
    </src>
    <src id="11">
      <dst id="12">29138.8444</dst>
      <dst id="13">10881.8133</dst>
      <dst id="19">747.5733</dst>
      <dst id="23">19.2533</dst>
      <dst id="8">13.8756</dst>
      <dst id="18">222.6489</dst>
      <dst id="4">1894.4089</dst>
      <dst id="1">42102.3556</dst>
      <dst id="5">871.4578</dst>
      <dst id="3">649.7778</dst>
      <dst id="10">1289.7511</dst>
      <dst id="22">69.5022</dst>
      <dst id="7">366.6400</dst>
      <dst id="2">55766.9067</dst>
      <dst id="6">72.7289</dst>
      <dst id="16">6502.2133</dst>
      <dst id="14">229.9556</dst>
      <dst id="20">110.0711</dst>
      <dst id="11">1376.5867</dst>
      <dst id="9">4303.7244</dst>
      <dst id="17">516233.0578</dst>
      <dst id="21">578.1156</dst>
      <dst id="15">70.7378</dst>
    </src>
    <src id="9">
      <dst id="12">33586.8000</dst>
      <dst id="13">1816.0978</dst>
      <dst id="19">12.0533</dst>
      <dst id="8">56632.4000</dst>
      <dst id="18">205.1378</dst>
      <dst id="4">792.3556</dst>
      <dst id="1">4865.1822</dst>
      <dst id="5">401.9111</dst>
      <dst id="3">1.0756</dst>
      <dst id="10">484.9422</dst>
      <dst id="22">1.5200</dst>
      <dst id="7">665.6000</dst>
      <dst id="2">311.5644</dst>
      <dst id="6">0.8178</dst>
      <dst id="16">451360.9422</dst>
      <dst id="14">0.6756</dst>
      <dst id="11">0.9244</dst>
      <dst id="9">253669.3867</dst>
      <dst id="17">41442.4444</dst>
      <dst id="21">13.2444</dst>
      <dst id="15">132.0089</dst>
    </src>
    <src id="17">
      <dst id="12">75296.3556</dst>
      <dst id="13">12591.3600</dst>
      <dst id="19">901.0578</dst>
      <dst id="23">33.6978</dst>
      <dst id="8">45.6444</dst>
      <dst id="18">40.1333</dst>
      <dst id="4">9718.1244</dst>
      <dst id="1">21868.0533</dst>
      <dst id="5">109195.4756</dst>
      <dst id="3">6337.5200</dst>
      <dst id="10">1021.3156</dst>
      <dst id="22">11.4133</dst>
      <dst id="7">19228.7022</dst>
      <dst id="2">16627.7600</dst>
      <dst id="6">983.5911</dst>
      <dst id="16">35656.3289</dst>
      <dst id="14">13908.7467</dst>
      <dst id="20">443.1733</dst>
      <dst id="11">10781.7067</dst>
      <dst id="9">5813.5822</dst>
      <dst id="17">10425.2711</dst>
      <dst id="21">2577.7422</dst>
      <dst id="15">79.6444</dst>
    </src>
    <src id="21">
      <dst id="12">641.9022</dst>
      <dst id="13">3992.2578</dst>
      <dst id="19">15.6178</dst>
      <dst id="23">19.1289</dst>
      <dst id="8">336.4356</dst>
      <dst id="18">714.0711</dst>
      <dst id="4">2877.7422</dst>
      <dst id="1">6643.2267</dst>
      <dst id="5">538.0000</dst>
      <dst id="3">2786.0000</dst>
      <dst id="10">184.4889</dst>
      <dst id="22">49.0578</dst>
      <dst id="7">5281.5644</dst>
      <dst id="2">4199.2267</dst>
      <dst id="6">40.5600</dst>
      <dst id="16">3400.3911</dst>
      <dst id="14">193.8489</dst>
      <dst id="20">65.6178</dst>
      <dst id="11">2931.8844</dst>
      <dst id="9">1003.8222</dst>
      <dst id="17">24244.3644</dst>
      <dst id="21">932.5867</dst>
      <dst id="15">5.8400</dst>
    </src>
    <src id="15">
      <dst id="12">49.1111</dst>
      <dst id="13">496.5333</dst>
      <dst id="8">4.8978</dst>
      <dst id="18">13.3333</dst>
      <dst id="4">103.5822</dst>
      <dst id="1">284.1422</dst>
      <dst id="5">71.1911</dst>
      <dst id="10">1.7422</dst>
      <dst id="7">7.2444</dst>
      <dst id="2">195.5733</dst>
      <dst id="16">79.6178</dst>
      <dst id="11">0.4622</dst>
      <dst id="9">3483.9911</dst>
      <dst id="17">205.3689</dst>
    </src>
  </IntraTM>
</TrafficMatrixFile>
