<?xml version="1.0" encoding="UTF-8" standalone="yes"?>
<TrafficMatrixFile xmlns:xsi="http://www.w3.org/2001/XMLSchema-instance" xsi:noNamespaceSchemaLocation="http://totem.run.montefiore.ulg.ac.be/Schema/TrafficMatrix-v1_2.xsd">
  <info>
    <title>Intradomain traffic matrix generated by geant-TM-all.pl</title>
    <date>2005-03-16T06:30:00</date>
    <duration>900</duration>
    <author>Steve Uhlig</author>
    <units>
        <unit type="bandwidth" value="kbps"/>
    </units>
  </info>
  <IntraTM ASID="20965">
    <src id="12">
      <dst id="12">262183.9733</dst>
      <dst id="13">17817.2711</dst>
      <dst id="19">198.6667</dst>
      <dst id="23">1680.4267</dst>
      <dst id="8">197.0844</dst>
      <dst id="18">66392.4889</dst>
      <dst id="4">9986.3822</dst>
      <dst id="1">16422.9689</dst>
      <dst id="5">12421.0667</dst>
      <dst id="3">10.6044</dst>
      <dst id="10">10563.3422</dst>
      <dst id="22">867.5289</dst>
      <dst id="7">8345.3067</dst>
      <dst id="2">20529.9733</dst>
      <dst id="6">18303.5289</dst>
      <dst id="16">1464.9422</dst>
      <dst id="14">968.1244</dst>
      <dst id="20">808.1333</dst>
      <dst id="11">16.6844</dst>
      <dst id="9">9674.0178</dst>
      <dst id="17">47611.6533</dst>
      <dst id="21">311.2622</dst>
      <dst id="15">834.1156</dst>
    </src>
    <src id="13">
      <dst id="12">57891.3422</dst>
      <dst id="19">6574.3200</dst>
      <dst id="23">523.8400</dst>
      <dst id="8">634.0267</dst>
      <dst id="18">1679.7511</dst>
      <dst id="1">18325.4667</dst>
      <dst id="5">3073.7956</dst>
      <dst id="3">141.0311</dst>
      <dst id="22">991.5289</dst>
      <dst id="7">14817.7867</dst>
      <dst id="2">39353.0578</dst>
      <dst id="6">150.2756</dst>
      <dst id="16">31.5378</dst>
      <dst id="14">2099.3778</dst>
      <dst id="20">10338.6489</dst>
      <dst id="11">68.0711</dst>
      <dst id="9">15424.1244</dst>
      <dst id="17">56064.2133</dst>
      <dst id="21">4834.3644</dst>
      <dst id="15">729.4400</dst>
    </src>
    <src id="19">
      <dst id="12">6979.1911</dst>
      <dst id="13">3421.5111</dst>
      <dst id="23">0.6933</dst>
      <dst id="8">16.7289</dst>
      <dst id="18">14.7556</dst>
      <dst id="4">490.2667</dst>
      <dst id="1">622.4889</dst>
      <dst id="5">11.3156</dst>
      <dst id="10">835.4400</dst>
      <dst id="22">6.4000</dst>
      <dst id="7">3356.5689</dst>
      <dst id="2">469.4311</dst>
      <dst id="14">55.5822</dst>
      <dst id="20">64.1067</dst>
      <dst id="11">0.3378</dst>
      <dst id="9">33.9289</dst>
      <dst id="17">1714.9511</dst>
      <dst id="21">76.7644</dst>
    </src>
    <src id="23">
      <dst id="12">1421.2889</dst>
      <dst id="13">157.5289</dst>
      <dst id="19">13.3333</dst>
      <dst id="18">1322.7378</dst>
      <dst id="4">723.0400</dst>
      <dst id="1">2.0533</dst>
      <dst id="5">18.9156</dst>
      <dst id="10">536.1778</dst>
      <dst id="7">159.1467</dst>
      <dst id="2">1.4933</dst>
      <dst id="14">1.2978</dst>
      <dst id="20">27.5022</dst>
      <dst id="11">1.6356</dst>
      <dst id="9">721.4667</dst>
      <dst id="17">286.4800</dst>
      <dst id="21">1.9911</dst>
    </src>
    <src id="8">
      <dst id="12">8838.9778</dst>
      <dst id="13">86.4356</dst>
      <dst id="19">2.4622</dst>
      <dst id="18">104.5600</dst>
      <dst id="4">102.8444</dst>
      <dst id="1">3831.5467</dst>
      <dst id="5">637.1022</dst>
      <dst id="3">1.5111</dst>
      <dst id="10">2780.4444</dst>
      <dst id="7">7.8311</dst>
      <dst id="2">118.2133</dst>
      <dst id="16">110188.2844</dst>
      <dst id="9">94527.8489</dst>
      <dst id="17">153731.7333</dst>
      <dst id="21">44.8711</dst>
      <dst id="15">0.8622</dst>
    </src>
    <src id="18">
      <dst id="12">121752.1689</dst>
      <dst id="13">25.7956</dst>
      <dst id="19">15.8667</dst>
      <dst id="23">26.3467</dst>
      <dst id="8">24.0000</dst>
      <dst id="4">215.5911</dst>
      <dst id="1">1422.4356</dst>
      <dst id="5">140.9333</dst>
      <dst id="3">1086.5067</dst>
      <dst id="10">593.8578</dst>
      <dst id="7">60.2756</dst>
      <dst id="2">26601.5022</dst>
      <dst id="16">408.8800</dst>
      <dst id="14">1.8133</dst>
      <dst id="20">2.3378</dst>
      <dst id="9">246.9956</dst>
      <dst id="17">6768.4800</dst>
      <dst id="21">101.7067</dst>
    </src>
    <src id="4">
      <dst id="12">12537.6533</dst>
      <dst id="19">1111.9556</dst>
      <dst id="23">131.4756</dst>
      <dst id="8">162.4800</dst>
      <dst id="18">235.0311</dst>
      <dst id="4">1.5022</dst>
      <dst id="1">97921.2267</dst>
      <dst id="5">596.7022</dst>
      <dst id="3">147.3067</dst>
      <dst id="7">29231.4578</dst>
      <dst id="2">43101.1644</dst>
      <dst id="6">172.9067</dst>
      <dst id="16">3773.2178</dst>
      <dst id="14">265.9467</dst>
      <dst id="11">107.5556</dst>
      <dst id="9">5127.4222</dst>
      <dst id="17">8782.6933</dst>
      <dst id="21">1234.1956</dst>
      <dst id="15">107.3067</dst>
    </src>
    <src id="1">
      <dst id="12">1091440.7378</dst>
      <dst id="13">15804.5067</dst>
      <dst id="19">71.6711</dst>
      <dst id="23">40.6133</dst>
      <dst id="8">16.6133</dst>
      <dst id="18">18767.2711</dst>
      <dst id="4">755.6889</dst>
      <dst id="1">1001331.6889</dst>
      <dst id="5">294.2400</dst>
      <dst id="3">229.8222</dst>
      <dst id="10">200.0178</dst>
      <dst id="7">302270.1422</dst>
      <dst id="2">55238.7467</dst>
      <dst id="16">5784.0444</dst>
      <dst id="14">101.7067</dst>
      <dst id="20">52.3289</dst>
      <dst id="11">112.2578</dst>
      <dst id="9">1087.1822</dst>
      <dst id="17">742554.1333</dst>
      <dst id="21">213084.6311</dst>
      <dst id="15">145.3600</dst>
    </src>
    <src id="5">
      <dst id="12">14825.9289</dst>
      <dst id="13">1449.1556</dst>
      <dst id="19">0.8444</dst>
      <dst id="23">18.9156</dst>
      <dst id="8">1745.2533</dst>
      <dst id="18">162.1600</dst>
      <dst id="4">381.5556</dst>
      <dst id="1">1816.0267</dst>
      <dst id="3">37.7867</dst>
      <dst id="10">1045.5911</dst>
      <dst id="7">55.9200</dst>
      <dst id="2">520.4889</dst>
      <dst id="6">0.4267</dst>
      <dst id="16">159463.4133</dst>
      <dst id="14">14.0444</dst>
      <dst id="11">12.9778</dst>
      <dst id="9">49907.2267</dst>
      <dst id="17">188566.5867</dst>
      <dst id="21">24.7467</dst>
      <dst id="15">35.2978</dst>
    </src>
    <src id="3">
      <dst id="12">9259.1200</dst>
      <dst id="13">1597.6444</dst>
      <dst id="19">5256.3022</dst>
      <dst id="23">0.4622</dst>
      <dst id="8">48.9689</dst>
      <dst id="18">39.1911</dst>
      <dst id="4">31171.1911</dst>
      <dst id="1">12607.3422</dst>
      <dst id="5">45.4756</dst>
      <dst id="3">33.6178</dst>
      <dst id="10">950.7111</dst>
      <dst id="7">684.1422</dst>
      <dst id="2">3137.6178</dst>
      <dst id="6">71.5644</dst>
      <dst id="16">1212.8800</dst>
      <dst id="14">93.7244</dst>
      <dst id="20">7.6533</dst>
      <dst id="11">84.8267</dst>
      <dst id="9">367.4133</dst>
      <dst id="17">28595.4133</dst>
      <dst id="21">461.3956</dst>
      <dst id="15">45.2978</dst>
    </src>
    <src id="10">
      <dst id="12">11670.7200</dst>
      <dst id="19">438.4444</dst>
      <dst id="23">30.2667</dst>
      <dst id="8">87.1556</dst>
      <dst id="18">573.2978</dst>
      <dst id="1">2005.5467</dst>
      <dst id="5">232.8267</dst>
      <dst id="3">17.0311</dst>
      <dst id="7">2992.9689</dst>
      <dst id="2">16822.7200</dst>
      <dst id="6">2.0533</dst>
      <dst id="16">302.8000</dst>
      <dst id="14">492.8000</dst>
      <dst id="20">442.4800</dst>
      <dst id="11">0.4267</dst>
      <dst id="9">4865.5111</dst>
      <dst id="17">16539.9644</dst>
      <dst id="21">4058.3644</dst>
      <dst id="15">80.0000</dst>
    </src>
    <src id="22">
      <dst id="12">6369.4756</dst>
      <dst id="13">1409.7689</dst>
      <dst id="19">38.5422</dst>
      <dst id="23">16.3911</dst>
      <dst id="8">88.3644</dst>
      <dst id="18">3029.9200</dst>
      <dst id="4">3722.9600</dst>
      <dst id="1">1040.6044</dst>
      <dst id="5">1283.7511</dst>
      <dst id="3">3.4044</dst>
      <dst id="10">2643.0044</dst>
      <dst id="7">167.8933</dst>
      <dst id="2">322.0444</dst>
      <dst id="6">104.5956</dst>
      <dst id="16">1.1111</dst>
      <dst id="14">25.6000</dst>
      <dst id="11">85.8578</dst>
      <dst id="9">3634.1689</dst>
      <dst id="17">7899.2622</dst>
      <dst id="21">120.9689</dst>
    </src>
    <src id="7">
      <dst id="12">15050.8267</dst>
      <dst id="13">371.7956</dst>
      <dst id="19">123.8311</dst>
      <dst id="23">299.6356</dst>
      <dst id="8">97.9911</dst>
      <dst id="18">249.8489</dst>
      <dst id="4">2310.1600</dst>
      <dst id="1">5119.1733</dst>
      <dst id="5">617.6089</dst>
      <dst id="3">98.6400</dst>
      <dst id="10">504.4533</dst>
      <dst id="22">12.3022</dst>
      <dst id="7">867.7422</dst>
      <dst id="2">3384.4622</dst>
      <dst id="6">160.8800</dst>
      <dst id="16">10.8444</dst>
      <dst id="14">313.1822</dst>
      <dst id="20">720.0178</dst>
      <dst id="11">80.8978</dst>
      <dst id="9">1343.2444</dst>
      <dst id="17">5024.6489</dst>
      <dst id="21">826.4000</dst>
      <dst id="15">497.7156</dst>
    </src>
    <src id="2">
      <dst id="12">69721.6000</dst>
      <dst id="13">4015.9644</dst>
      <dst id="19">769.5111</dst>
      <dst id="8">107.1467</dst>
      <dst id="18">29130.3289</dst>
      <dst id="4">23202.3022</dst>
      <dst id="1">14957.1200</dst>
      <dst id="5">296.5156</dst>
      <dst id="3">14.1511</dst>
      <dst id="10">12085.1733</dst>
      <dst id="22">5.8489</dst>
      <dst id="7">543.4044</dst>
      <dst id="2">796.0533</dst>
      <dst id="6">14590.4089</dst>
      <dst id="16">0.5689</dst>
      <dst id="14">246.3022</dst>
      <dst id="20">69.2800</dst>
      <dst id="11">130.5244</dst>
      <dst id="9">3470.2578</dst>
      <dst id="17">11335.9378</dst>
      <dst id="21">1017.4222</dst>
      <dst id="15">14.4711</dst>
    </src>
    <src id="6">
      <dst id="12">245.3156</dst>
      <dst id="13">17.3244</dst>
      <dst id="8">0.3556</dst>
      <dst id="4">5.6000</dst>
      <dst id="1">1771.6356</dst>
      <dst id="5">26.4178</dst>
      <dst id="3">0.8178</dst>
      <dst id="10">18.8178</dst>
      <dst id="7">4.0533</dst>
      <dst id="2">982.5422</dst>
      <dst id="16">83.0844</dst>
      <dst id="9">30.5156</dst>
      <dst id="17">17248.0444</dst>
      <dst id="21">37.7778</dst>
    </src>
    <src id="16">
      <dst id="12">115290.6667</dst>
      <dst id="13">4520.9422</dst>
      <dst id="19">3326.7911</dst>
      <dst id="23">32.8178</dst>
      <dst id="8">90260.0356</dst>
      <dst id="18">55.8489</dst>
      <dst id="4">409.6000</dst>
      <dst id="1">12429.1556</dst>
      <dst id="5">214155.2800</dst>
      <dst id="3">6908.7556</dst>
      <dst id="10">1117.5289</dst>
      <dst id="7">310.1867</dst>
      <dst id="2">233.3956</dst>
      <dst id="6">2.5422</dst>
      <dst id="16">11791.5556</dst>
      <dst id="14">49588.4000</dst>
      <dst id="11">10089.0400</dst>
      <dst id="9">169464.7467</dst>
      <dst id="17">5178.2578</dst>
    </src>
    <src id="14">
      <dst id="12">2140.1600</dst>
      <dst id="13">46.2578</dst>
      <dst id="19">14.1867</dst>
      <dst id="4">184.9600</dst>
      <dst id="1">4428.6311</dst>
      <dst id="5">1.8311</dst>
      <dst id="3">375.3333</dst>
      <dst id="10">292.5333</dst>
      <dst id="7">28.2667</dst>
      <dst id="2">1300.5244</dst>
      <dst id="16">253.5200</dst>
      <dst id="20">0.3733</dst>
      <dst id="9">61.5022</dst>
      <dst id="17">26812.2578</dst>
      <dst id="21">137.9556</dst>
      <dst id="15">0.3556</dst>
    </src>
    <src id="20">
      <dst id="12">9378.9244</dst>
      <dst id="13">6423.3156</dst>
      <dst id="19">3.0756</dst>
      <dst id="23">0.3556</dst>
      <dst id="8">4.4711</dst>
      <dst id="18">11.6356</dst>
      <dst id="4">4607.5378</dst>
      <dst id="1">28.2578</dst>
      <dst id="5">185.1556</dst>
      <dst id="3">0.3556</dst>
      <dst id="10">1192.0711</dst>
      <dst id="7">74.8800</dst>
      <dst id="2">1820.9689</dst>
      <dst id="6">0.3556</dst>
      <dst id="20">59.2267</dst>
      <dst id="11">79.3956</dst>
      <dst id="9">1558.2311</dst>
      <dst id="17">2813.4044</dst>
      <dst id="21">166.9689</dst>
    </src>
    <src id="11">
      <dst id="12">32031.5556</dst>
      <dst id="13">641.8133</dst>
      <dst id="19">36.0000</dst>
      <dst id="23">13.4400</dst>
      <dst id="8">198.2400</dst>
      <dst id="18">80.4444</dst>
      <dst id="4">1569.7956</dst>
      <dst id="1">5249.6622</dst>
      <dst id="5">797.3867</dst>
      <dst id="3">17.4133</dst>
      <dst id="10">9654.0178</dst>
      <dst id="7">290.3733</dst>
      <dst id="2">58037.0133</dst>
      <dst id="6">27.2533</dst>
      <dst id="16">5023.8844</dst>
      <dst id="14">1811.4933</dst>
      <dst id="20">113.3244</dst>
      <dst id="11">5815.1911</dst>
      <dst id="9">2554.5067</dst>
      <dst id="17">607573.7067</dst>
      <dst id="21">695.7778</dst>
      <dst id="15">74.4622</dst>
    </src>
    <src id="9">
      <dst id="12">22332.5333</dst>
      <dst id="13">3172.8533</dst>
      <dst id="19">639.8933</dst>
      <dst id="23">0.3556</dst>
      <dst id="8">78460.1511</dst>
      <dst id="18">97.8489</dst>
      <dst id="4">938.0978</dst>
      <dst id="1">4422.8356</dst>
      <dst id="5">524.1600</dst>
      <dst id="3">1.1733</dst>
      <dst id="10">2979.6711</dst>
      <dst id="7">58.4711</dst>
      <dst id="2">228.9600</dst>
      <dst id="16">212438.8622</dst>
      <dst id="14">19.6178</dst>
      <dst id="11">26.3111</dst>
      <dst id="9">301531.5911</dst>
      <dst id="17">306428.5244</dst>
      <dst id="15">101.8578</dst>
    </src>
    <src id="17">
      <dst id="12">99506.6667</dst>
      <dst id="13">8115.9022</dst>
      <dst id="19">799.0222</dst>
      <dst id="23">3.4844</dst>
      <dst id="8">240.2133</dst>
      <dst id="18">222.4622</dst>
      <dst id="4">9022.1956</dst>
      <dst id="1">10931.8311</dst>
      <dst id="5">140866.6133</dst>
      <dst id="3">2961.3156</dst>
      <dst id="10">7177.1200</dst>
      <dst id="7">2691.6356</dst>
      <dst id="2">11887.3867</dst>
      <dst id="6">89.6711</dst>
      <dst id="16">2378.1689</dst>
      <dst id="14">16834.0267</dst>
      <dst id="20">327.1644</dst>
      <dst id="11">8287.7422</dst>
      <dst id="9">4824.6667</dst>
      <dst id="17">15071.9022</dst>
      <dst id="21">1478.1867</dst>
      <dst id="15">9466.3289</dst>
    </src>
    <src id="21">
      <dst id="12">6704.2756</dst>
      <dst id="13">1143.4489</dst>
      <dst id="19">45.5200</dst>
      <dst id="23">0.9867</dst>
      <dst id="8">280.3556</dst>
      <dst id="18">3434.5067</dst>
      <dst id="4">1164.7378</dst>
      <dst id="1">6217.5822</dst>
      <dst id="5">114.4889</dst>
      <dst id="3">514.2311</dst>
      <dst id="10">953.0133</dst>
      <dst id="7">590.3822</dst>
      <dst id="2">4844.0622</dst>
      <dst id="6">53.1911</dst>
      <dst id="16">169.6356</dst>
      <dst id="14">84.2844</dst>
      <dst id="20">16.3733</dst>
      <dst id="11">75.9022</dst>
      <dst id="9">612.6311</dst>
      <dst id="17">27283.9556</dst>
      <dst id="21">852.3200</dst>
      <dst id="15">14.9333</dst>
    </src>
    <src id="15">
      <dst id="12">446.1156</dst>
      <dst id="13">137.2889</dst>
      <dst id="19">0.8533</dst>
      <dst id="23">2.2489</dst>
      <dst id="8">0.8622</dst>
      <dst id="18">1.9822</dst>
      <dst id="4">84.6044</dst>
      <dst id="1">255.4933</dst>
      <dst id="5">85.3600</dst>
      <dst id="10">711.9200</dst>
      <dst id="7">16.3644</dst>
      <dst id="2">77.8044</dst>
      <dst id="16">14.6578</dst>
      <dst id="11">13.2089</dst>
      <dst id="9">1733.7511</dst>
      <dst id="17">1479.6711</dst>
      <dst id="21">0.3733</dst>
    </src>
  </IntraTM>
</TrafficMatrixFile>
