<?xml version="1.0" encoding="UTF-8" standalone="yes"?>
<TrafficMatrixFile xmlns:xsi="http://www.w3.org/2001/XMLSchema-instance" xsi:noNamespaceSchemaLocation="http://totem.run.montefiore.ulg.ac.be/Schema/TrafficMatrix-v1_2.xsd">
  <info>
    <title>Intradomain traffic matrix generated by geant-TM-all.pl</title>
    <date>2005-01-14T23:15:00</date>
    <duration>900</duration>
    <author>Steve Uhlig</author>
    <units>
        <unit type="bandwidth" value="kbps"/>
    </units>
  </info>
  <IntraTM ASID="20965">
    <src id="12">
      <dst id="12">352707.1644</dst>
      <dst id="13">38989.7422</dst>
      <dst id="19">4412.6578</dst>
      <dst id="23">2261.6533</dst>
      <dst id="8">4723.2533</dst>
      <dst id="18">10152.4267</dst>
      <dst id="4">100268.5778</dst>
      <dst id="1">33187.3156</dst>
      <dst id="5">14440.6489</dst>
      <dst id="3">25396.0444</dst>
      <dst id="22">21506.8267</dst>
      <dst id="7">20026.1244</dst>
      <dst id="2">97671.5911</dst>
      <dst id="16">13975.9289</dst>
      <dst id="14">695.9111</dst>
      <dst id="20">44790.9956</dst>
      <dst id="11">6048.3378</dst>
      <dst id="9">22171.2000</dst>
      <dst id="17">135009.4933</dst>
      <dst id="21">10231.1911</dst>
      <dst id="15">3320.1333</dst>
    </src>
    <src id="13">
      <dst id="12">94130.6489</dst>
      <dst id="19">21077.8133</dst>
      <dst id="23">3257.7244</dst>
      <dst id="8">14035.4578</dst>
      <dst id="18">14773.0133</dst>
      <dst id="1">16581.9378</dst>
      <dst id="5">25286.3111</dst>
      <dst id="3">41033.0489</dst>
      <dst id="22">33002.6133</dst>
      <dst id="7">36992.8978</dst>
      <dst id="2">128432.0356</dst>
      <dst id="16">17093.0667</dst>
      <dst id="14">7137.2444</dst>
      <dst id="20">31185.7956</dst>
      <dst id="11">16872.0533</dst>
      <dst id="9">25632.3911</dst>
      <dst id="17">316811.0844</dst>
      <dst id="21">42083.1378</dst>
      <dst id="15">3348.1156</dst>
    </src>
    <src id="19">
      <dst id="12">21542.0000</dst>
      <dst id="13">18026.4622</dst>
      <dst id="23">76.9422</dst>
      <dst id="8">78.5422</dst>
      <dst id="18">86.5511</dst>
      <dst id="4">48504.5778</dst>
      <dst id="1">4484.4711</dst>
      <dst id="5">146.0622</dst>
      <dst id="3">207.9911</dst>
      <dst id="22">1098.2133</dst>
      <dst id="7">8330.4356</dst>
      <dst id="2">2875.7511</dst>
      <dst id="16">7056.2844</dst>
      <dst id="14">119.7244</dst>
      <dst id="20">270.1600</dst>
      <dst id="11">359.6267</dst>
      <dst id="9">3981.4311</dst>
      <dst id="17">6599.2533</dst>
      <dst id="21">3074.1333</dst>
      <dst id="15">41.0667</dst>
    </src>
    <src id="23">
      <dst id="12">1405.7689</dst>
      <dst id="13">334.5333</dst>
      <dst id="19">579.3333</dst>
      <dst id="8">58.4533</dst>
      <dst id="18">270.8178</dst>
      <dst id="4">0.4267</dst>
      <dst id="1">218.4267</dst>
      <dst id="5">3377.1378</dst>
      <dst id="3">3981.1200</dst>
      <dst id="22">501.4844</dst>
      <dst id="7">1561.3511</dst>
      <dst id="2">863.7422</dst>
      <dst id="16">8009.5378</dst>
      <dst id="14">64.0711</dst>
      <dst id="20">452.4533</dst>
      <dst id="11">469.5289</dst>
      <dst id="9">1647.5200</dst>
      <dst id="17">6926.7111</dst>
      <dst id="21">615.4400</dst>
      <dst id="15">214.5422</dst>
    </src>
    <src id="8">
      <dst id="12">314694.4356</dst>
      <dst id="13">2511.5200</dst>
      <dst id="19">5.8400</dst>
      <dst id="23">1.0667</dst>
      <dst id="18">847.2622</dst>
      <dst id="4">6395.8400</dst>
      <dst id="1">1059.0311</dst>
      <dst id="5">5629.7156</dst>
      <dst id="3">147.5467</dst>
      <dst id="22">3375.3778</dst>
      <dst id="7">31.6444</dst>
      <dst id="2">1996.6578</dst>
      <dst id="16">925.3333</dst>
      <dst id="14">0.3556</dst>
      <dst id="20">1614.8889</dst>
      <dst id="11">1054.6311</dst>
      <dst id="9">191222.2222</dst>
      <dst id="17">159178.2400</dst>
      <dst id="21">379.7956</dst>
      <dst id="15">23.7244</dst>
    </src>
    <src id="18">
      <dst id="12">141765.2089</dst>
      <dst id="13">977.7600</dst>
      <dst id="19">89.3956</dst>
      <dst id="23">6.3022</dst>
      <dst id="8">328.9778</dst>
      <dst id="4">2937.1556</dst>
      <dst id="1">925.7511</dst>
      <dst id="5">854.6667</dst>
      <dst id="3">471.3778</dst>
      <dst id="22">719.0489</dst>
      <dst id="7">362.8533</dst>
      <dst id="2">62901.7156</dst>
      <dst id="16">158.1067</dst>
      <dst id="14">37.3333</dst>
      <dst id="20">959.4578</dst>
      <dst id="11">692.6133</dst>
      <dst id="9">239.6444</dst>
      <dst id="17">87281.8756</dst>
      <dst id="21">2282.7733</dst>
      <dst id="15">21.2178</dst>
    </src>
    <src id="4">
      <dst id="12">24180.6044</dst>
      <dst id="19">38977.9111</dst>
      <dst id="8">5851.3778</dst>
      <dst id="18">1424.1244</dst>
      <dst id="1">37827.3867</dst>
      <dst id="5">2351.2444</dst>
      <dst id="3">3795.3511</dst>
      <dst id="22">5417.8756</dst>
      <dst id="7">14713.8311</dst>
      <dst id="2">74905.8756</dst>
      <dst id="16">3916.9600</dst>
      <dst id="14">6144.2578</dst>
      <dst id="20">7570.5867</dst>
      <dst id="11">7699.7156</dst>
      <dst id="9">3842.1511</dst>
      <dst id="17">84591.0222</dst>
      <dst id="21">12829.6356</dst>
      <dst id="15">1298.0711</dst>
    </src>
    <src id="1">
      <dst id="12">57342.1067</dst>
      <dst id="13">7315.2622</dst>
      <dst id="19">6394.2133</dst>
      <dst id="23">141.9022</dst>
      <dst id="8">230605.9111</dst>
      <dst id="18">14506.1689</dst>
      <dst id="4">28025.1289</dst>
      <dst id="1">138829.4756</dst>
      <dst id="5">321869.4133</dst>
      <dst id="3">16192.0533</dst>
      <dst id="22">12230.5600</dst>
      <dst id="7">23392.1778</dst>
      <dst id="2">36653.2444</dst>
      <dst id="16">7827.4489</dst>
      <dst id="14">81.8133</dst>
      <dst id="20">7101.0222</dst>
      <dst id="11">2343.7422</dst>
      <dst id="9">427682.9333</dst>
      <dst id="17">38222.0889</dst>
      <dst id="21">26928.1600</dst>
      <dst id="15">12623.1556</dst>
    </src>
    <src id="5">
      <dst id="12">363883.8756</dst>
      <dst id="13">8388.6756</dst>
      <dst id="19">23.6000</dst>
      <dst id="23">182.5689</dst>
      <dst id="8">12731.4222</dst>
      <dst id="18">738.6667</dst>
      <dst id="4">7584.7911</dst>
      <dst id="1">2273.2267</dst>
      <dst id="3">527.7956</dst>
      <dst id="22">9750.7911</dst>
      <dst id="7">584.5333</dst>
      <dst id="2">9563.0667</dst>
      <dst id="16">2057.9556</dst>
      <dst id="14">120.8267</dst>
      <dst id="20">4089.6711</dst>
      <dst id="11">2221.6978</dst>
      <dst id="9">198987.9911</dst>
      <dst id="17">180398.6133</dst>
      <dst id="21">607.2800</dst>
      <dst id="15">694.8356</dst>
    </src>
    <src id="3">
      <dst id="12">22517.1556</dst>
      <dst id="13">3309.6178</dst>
      <dst id="19">3627.4578</dst>
      <dst id="23">224.8711</dst>
      <dst id="8">253.8400</dst>
      <dst id="18">242519.6444</dst>
      <dst id="4">40453.8844</dst>
      <dst id="1">13709.3956</dst>
      <dst id="5">1036.3467</dst>
      <dst id="3">19180.0089</dst>
      <dst id="22">2813.7333</dst>
      <dst id="7">4381.1733</dst>
      <dst id="2">17431.1200</dst>
      <dst id="16">2502.6311</dst>
      <dst id="14">74858.0889</dst>
      <dst id="20">7671.7511</dst>
      <dst id="11">303408.9156</dst>
      <dst id="9">5731.4311</dst>
      <dst id="17">35623.7778</dst>
      <dst id="21">31479.8400</dst>
      <dst id="15">1896.9067</dst>
    </src>
    <src id="10">
      <dst id="12">25582.1156</dst>
      <dst id="19">6719.2000</dst>
      <dst id="8">2817.2978</dst>
      <dst id="18">2767.0489</dst>
      <dst id="4">0.7111</dst>
      <dst id="1">2190.2578</dst>
      <dst id="5">1302.6933</dst>
      <dst id="3">14688.9956</dst>
      <dst id="22">5204.7200</dst>
      <dst id="7">19353.4933</dst>
      <dst id="2">61308.9956</dst>
      <dst id="16">4012.8889</dst>
      <dst id="14">8254.4000</dst>
      <dst id="20">6378.6667</dst>
      <dst id="11">5078.7911</dst>
      <dst id="9">6267.9111</dst>
      <dst id="17">42001.0578</dst>
      <dst id="21">21688.9333</dst>
      <dst id="15">3460.6489</dst>
    </src>
    <src id="22">
      <dst id="12">30892.0178</dst>
      <dst id="13">7165.7867</dst>
      <dst id="19">1060.1244</dst>
      <dst id="23">551.5378</dst>
      <dst id="8">10351.8756</dst>
      <dst id="18">1195.0489</dst>
      <dst id="4">18060.7911</dst>
      <dst id="1">3638.3289</dst>
      <dst id="5">6296.9422</dst>
      <dst id="3">3426.2489</dst>
      <dst id="7">3149.9200</dst>
      <dst id="2">5627.1911</dst>
      <dst id="14">135.4222</dst>
      <dst id="11">3995.3956</dst>
      <dst id="9">11646.5600</dst>
      <dst id="17">14048.7911</dst>
      <dst id="21">4710.7200</dst>
    </src>
    <src id="7">
      <dst id="12">10412.8356</dst>
      <dst id="13">1804.6844</dst>
      <dst id="19">14576.1511</dst>
      <dst id="23">406.5689</dst>
      <dst id="8">254.5778</dst>
      <dst id="18">3211.0311</dst>
      <dst id="4">13214.7022</dst>
      <dst id="1">26581.3600</dst>
      <dst id="5">1712.4978</dst>
      <dst id="3">12697.9111</dst>
      <dst id="22">5363.2711</dst>
      <dst id="7">989.4756</dst>
      <dst id="2">39513.7422</dst>
      <dst id="16">6860.7911</dst>
      <dst id="14">282.3111</dst>
      <dst id="20">6391.1289</dst>
      <dst id="11">2595.2178</dst>
      <dst id="9">3592.3200</dst>
      <dst id="17">18335.2267</dst>
      <dst id="21">8168.8533</dst>
      <dst id="15">130.3111</dst>
    </src>
    <src id="2">
      <dst id="12">190538.3378</dst>
      <dst id="13">33979.2000</dst>
      <dst id="19">6069.3600</dst>
      <dst id="23">35.2089</dst>
      <dst id="8">823.1644</dst>
      <dst id="18">190957.1467</dst>
      <dst id="4">113051.7067</dst>
      <dst id="1">36367.2000</dst>
      <dst id="5">1984.6222</dst>
      <dst id="3">1014.3467</dst>
      <dst id="22">5268.4800</dst>
      <dst id="7">18219.5289</dst>
      <dst id="2">1138.7556</dst>
      <dst id="16">2984.7289</dst>
      <dst id="14">5904.8089</dst>
      <dst id="20">3668.7200</dst>
      <dst id="11">6925.5111</dst>
      <dst id="9">3098.4444</dst>
      <dst id="17">59666.3111</dst>
      <dst id="21">26534.1867</dst>
      <dst id="15">2352.9156</dst>
    </src>
    <src id="6">
      <dst id="12">4288.5956</dst>
      <dst id="13">279.4044</dst>
      <dst id="19">149.5733</dst>
      <dst id="23">17.8044</dst>
      <dst id="8">41.6356</dst>
      <dst id="18">3.3956</dst>
      <dst id="4">133.9378</dst>
      <dst id="1">545.3333</dst>
      <dst id="5">3.5378</dst>
      <dst id="3">2.7733</dst>
      <dst id="22">46.9067</dst>
      <dst id="7">321.5022</dst>
      <dst id="2">2293.0756</dst>
      <dst id="16">905.8578</dst>
      <dst id="20">26.3289</dst>
      <dst id="11">55.5378</dst>
      <dst id="9">140.4800</dst>
      <dst id="17">1947.0044</dst>
      <dst id="21">49.8222</dst>
    </src>
    <src id="16">
      <dst id="12">4580.5956</dst>
      <dst id="13">3960.9956</dst>
      <dst id="19">3685.1556</dst>
      <dst id="23">294.1778</dst>
      <dst id="8">9074.0800</dst>
      <dst id="18">174.1600</dst>
      <dst id="4">4873.1822</dst>
      <dst id="1">17572.8978</dst>
      <dst id="5">8576.3822</dst>
      <dst id="3">109.8400</dst>
      <dst id="7">1191.0667</dst>
      <dst id="2">1441.0489</dst>
      <dst id="16">45.4578</dst>
      <dst id="14">365.9467</dst>
      <dst id="11">134.3822</dst>
      <dst id="9">15165.8044</dst>
      <dst id="17">16125.0578</dst>
      <dst id="21">1133.1467</dst>
    </src>
    <src id="14">
      <dst id="12">23121.2000</dst>
      <dst id="13">593.8667</dst>
      <dst id="19">23.8133</dst>
      <dst id="23">45.3689</dst>
      <dst id="8">1.5644</dst>
      <dst id="18">17.9644</dst>
      <dst id="4">4729.8222</dst>
      <dst id="1">135.3600</dst>
      <dst id="5">32.0089</dst>
      <dst id="3">284.6222</dst>
      <dst id="22">33.8756</dst>
      <dst id="7">171.0400</dst>
      <dst id="2">5703.9111</dst>
      <dst id="16">988.4889</dst>
      <dst id="20">93.5467</dst>
      <dst id="11">29.0222</dst>
      <dst id="9">121.8311</dst>
      <dst id="17">16496.1600</dst>
      <dst id="21">139.4222</dst>
      <dst id="15">6.0089</dst>
    </src>
    <src id="20">
      <dst id="12">29762.7644</dst>
      <dst id="13">7595.5022</dst>
      <dst id="19">1367.7956</dst>
      <dst id="23">61.1200</dst>
      <dst id="8">2224.4444</dst>
      <dst id="18">3437.4311</dst>
      <dst id="4">8400.6578</dst>
      <dst id="1">1967.6267</dst>
      <dst id="5">5739.0222</dst>
      <dst id="3">8922.4356</dst>
      <dst id="7">384.7111</dst>
      <dst id="2">5098.3556</dst>
      <dst id="14">29.5111</dst>
      <dst id="11">952.1422</dst>
      <dst id="9">7133.6356</dst>
      <dst id="17">5504.4533</dst>
      <dst id="21">1127.7511</dst>
    </src>
    <src id="11">
      <dst id="12">549431.9111</dst>
      <dst id="13">2574.5778</dst>
      <dst id="19">904.4622</dst>
      <dst id="23">535.1467</dst>
      <dst id="8">1517.3600</dst>
      <dst id="18">647.9022</dst>
      <dst id="4">12135.1378</dst>
      <dst id="1">986.7911</dst>
      <dst id="5">2025.2356</dst>
      <dst id="3">1273.4667</dst>
      <dst id="22">2281.1822</dst>
      <dst id="7">1321.7689</dst>
      <dst id="2">135470.0711</dst>
      <dst id="16">827.4222</dst>
      <dst id="14">58.1156</dst>
      <dst id="20">1729.8400</dst>
      <dst id="11">20239.8844</dst>
      <dst id="9">2495.0933</dst>
      <dst id="17">235104.4800</dst>
      <dst id="21">1420.9778</dst>
      <dst id="15">681.9467</dst>
    </src>
    <src id="9">
      <dst id="12">522970.0711</dst>
      <dst id="13">6751.1733</dst>
      <dst id="19">224.8533</dst>
      <dst id="23">127.0933</dst>
      <dst id="8">237355.5556</dst>
      <dst id="18">778.9689</dst>
      <dst id="4">16998.2844</dst>
      <dst id="1">4249.9378</dst>
      <dst id="5">20085.6622</dst>
      <dst id="3">155.1911</dst>
      <dst id="22">7398.2933</dst>
      <dst id="7">1861.6444</dst>
      <dst id="2">8292.8800</dst>
      <dst id="16">2857.6444</dst>
      <dst id="14">286.8622</dst>
      <dst id="20">8513.9378</dst>
      <dst id="11">7203.0578</dst>
      <dst id="9">618490.6844</dst>
      <dst id="17">268829.9289</dst>
      <dst id="21">3299.8133</dst>
      <dst id="15">10246.6844</dst>
    </src>
    <src id="17">
      <dst id="12">19394.3911</dst>
      <dst id="13">11675.0667</dst>
      <dst id="19">7088.8444</dst>
      <dst id="23">3793.8222</dst>
      <dst id="8">1445.2711</dst>
      <dst id="18">2352.8800</dst>
      <dst id="4">53966.2844</dst>
      <dst id="1">5096.6133</dst>
      <dst id="5">297253.2000</dst>
      <dst id="3">53495.2800</dst>
      <dst id="22">11335.6267</dst>
      <dst id="7">29461.4489</dst>
      <dst id="2">74124.2933</dst>
      <dst id="16">19125.9289</dst>
      <dst id="14">44849.4400</dst>
      <dst id="20">3190.9422</dst>
      <dst id="11">257335.8400</dst>
      <dst id="9">5802.0089</dst>
      <dst id="17">959.6267</dst>
      <dst id="21">29602.9156</dst>
      <dst id="15">2039.3956</dst>
    </src>
    <src id="21">
      <dst id="12">33662.4622</dst>
      <dst id="13">2582.4089</dst>
      <dst id="19">750.3911</dst>
      <dst id="23">127.7511</dst>
      <dst id="8">460.7644</dst>
      <dst id="18">2158.0800</dst>
      <dst id="4">21668.0889</dst>
      <dst id="1">1852.1956</dst>
      <dst id="5">1078.1333</dst>
      <dst id="3">18139.0756</dst>
      <dst id="22">3175.1733</dst>
      <dst id="7">3674.3378</dst>
      <dst id="2">15037.2000</dst>
      <dst id="16">1024.7644</dst>
      <dst id="14">209.6178</dst>
      <dst id="20">1327.0667</dst>
      <dst id="11">763.5644</dst>
      <dst id="9">5968.3822</dst>
      <dst id="17">16740.2400</dst>
      <dst id="21">3916.7200</dst>
      <dst id="15">390.3200</dst>
    </src>
    <src id="15">
      <dst id="12">970.1067</dst>
      <dst id="13">1019.9022</dst>
      <dst id="19">14.8356</dst>
      <dst id="23">13.3689</dst>
      <dst id="8">102.5867</dst>
      <dst id="18">20.8533</dst>
      <dst id="4">2070.9689</dst>
      <dst id="1">3298.6489</dst>
      <dst id="5">690.2844</dst>
      <dst id="3">5628.3733</dst>
      <dst id="7">87.9111</dst>
      <dst id="2">1844.5600</dst>
      <dst id="14">91.5556</dst>
      <dst id="11">816.5156</dst>
      <dst id="9">604.4444</dst>
      <dst id="17">1202.9244</dst>
      <dst id="21">380.7467</dst>
    </src>
  </IntraTM>
</TrafficMatrixFile>
