<?xml version="1.0" encoding="UTF-8" standalone="yes"?>
<TrafficMatrixFile xmlns:xsi="http://www.w3.org/2001/XMLSchema-instance" xsi:noNamespaceSchemaLocation="http://totem.run.montefiore.ulg.ac.be/Schema/TrafficMatrix-v1_2.xsd">
  <info>
    <title>Intradomain traffic matrix generated by geant-TM-all.pl</title>
    <date>2005-04-16T22:30:00</date>
    <duration>900</duration>
    <author>Steve Uhlig</author>
    <units>
        <unit type="bandwidth" value="kbps"/>
    </units>
  </info>
  <IntraTM ASID="20965">
    <src id="12">
      <dst id="12">423791.4311</dst>
      <dst id="13">37329.2267</dst>
      <dst id="19">3783.7689</dst>
      <dst id="23">8969.4133</dst>
      <dst id="8">14893.5467</dst>
      <dst id="18">102447.2622</dst>
      <dst id="4">6359.6800</dst>
      <dst id="1">29556.7556</dst>
      <dst id="5">5649.6356</dst>
      <dst id="3">543.2444</dst>
      <dst id="10">2471.2711</dst>
      <dst id="22">25182.2400</dst>
      <dst id="7">13311.7333</dst>
      <dst id="2">19994.6311</dst>
      <dst id="16">8631.0311</dst>
      <dst id="14">664.2489</dst>
      <dst id="20">8465.3778</dst>
      <dst id="11">316.6933</dst>
      <dst id="9">26074.3467</dst>
      <dst id="17">88534.6489</dst>
      <dst id="21">1524.0000</dst>
      <dst id="15">740.9333</dst>
    </src>
    <src id="13">
      <dst id="12">24869.8667</dst>
      <dst id="13">428.2756</dst>
      <dst id="19">24425.7511</dst>
      <dst id="23">382.1956</dst>
      <dst id="8">1250.7378</dst>
      <dst id="18">1686.4267</dst>
      <dst id="4">75.7333</dst>
      <dst id="1">5978.7822</dst>
      <dst id="5">3388.9600</dst>
      <dst id="3">128.0089</dst>
      <dst id="22">5351.2089</dst>
      <dst id="7">935.1733</dst>
      <dst id="2">8493.9644</dst>
      <dst id="16">1581.1467</dst>
      <dst id="14">197.2889</dst>
      <dst id="20">3127.1822</dst>
      <dst id="11">760.0178</dst>
      <dst id="9">3309.0044</dst>
      <dst id="17">26071.7600</dst>
      <dst id="21">1513.5556</dst>
      <dst id="15">359.1378</dst>
    </src>
    <src id="19">
      <dst id="12">48672.0000</dst>
      <dst id="13">2542.8356</dst>
      <dst id="23">252.7822</dst>
      <dst id="8">5.5378</dst>
      <dst id="18">13.3333</dst>
      <dst id="4">137.9467</dst>
      <dst id="1">684.1156</dst>
      <dst id="5">160.5511</dst>
      <dst id="3">0.4622</dst>
      <dst id="10">110.9867</dst>
      <dst id="22">93.1822</dst>
      <dst id="7">6968.2400</dst>
      <dst id="2">655.6711</dst>
      <dst id="16">100.8000</dst>
      <dst id="14">2.9511</dst>
      <dst id="20">888.6489</dst>
      <dst id="11">0.3556</dst>
      <dst id="9">213.6444</dst>
      <dst id="17">5638.1778</dst>
      <dst id="21">282.2311</dst>
      <dst id="15">72.6667</dst>
    </src>
    <src id="23">
      <dst id="12">2109.1200</dst>
      <dst id="13">1551.1644</dst>
      <dst id="19">5604.4000</dst>
      <dst id="8">12.6222</dst>
      <dst id="18">78.6489</dst>
      <dst id="4">23.9111</dst>
      <dst id="1">261.0044</dst>
      <dst id="5">0.8178</dst>
      <dst id="3">14.8800</dst>
      <dst id="10">108.1067</dst>
      <dst id="22">321.8933</dst>
      <dst id="7">543.8489</dst>
      <dst id="2">159.3333</dst>
      <dst id="14">0.7289</dst>
      <dst id="20">1.3867</dst>
      <dst id="11">63.2356</dst>
      <dst id="9">55.5022</dst>
      <dst id="17">1571.1644</dst>
      <dst id="21">560.9244</dst>
      <dst id="15">314.7022</dst>
    </src>
    <src id="8">
      <dst id="12">11423.0489</dst>
      <dst id="13">1530.6133</dst>
      <dst id="19">2.1867</dst>
      <dst id="23">0.7111</dst>
      <dst id="18">186.6311</dst>
      <dst id="4">62.6311</dst>
      <dst id="1">2363.4222</dst>
      <dst id="5">676.8356</dst>
      <dst id="3">450.4533</dst>
      <dst id="10">131.5822</dst>
      <dst id="22">54.1511</dst>
      <dst id="2">68.7911</dst>
      <dst id="16">236898.5867</dst>
      <dst id="14">1.2178</dst>
      <dst id="11">41.5378</dst>
      <dst id="9">57335.4667</dst>
      <dst id="17">16956.4978</dst>
      <dst id="21">3.7689</dst>
      <dst id="15">286.0889</dst>
    </src>
    <src id="18">
      <dst id="12">112022.8000</dst>
      <dst id="13">641.5378</dst>
      <dst id="19">4.0089</dst>
      <dst id="23">0.7111</dst>
      <dst id="8">29.9733</dst>
      <dst id="4">82.4267</dst>
      <dst id="1">14547.9822</dst>
      <dst id="5">674.7289</dst>
      <dst id="3">2641.9200</dst>
      <dst id="10">42.0533</dst>
      <dst id="22">564.2756</dst>
      <dst id="7">55.5111</dst>
      <dst id="2">3583.2800</dst>
      <dst id="16">799.4311</dst>
      <dst id="20">730.6578</dst>
      <dst id="11">0.3556</dst>
      <dst id="9">9189.4578</dst>
      <dst id="17">6335.5911</dst>
      <dst id="21">586.9867</dst>
      <dst id="15">1.1200</dst>
    </src>
    <src id="4">
      <dst id="12">21475.5022</dst>
      <dst id="13">43.7778</dst>
      <dst id="19">11341.0578</dst>
      <dst id="23">3044.5689</dst>
      <dst id="8">1872.3289</dst>
      <dst id="18">3323.8489</dst>
      <dst id="4">2266.9867</dst>
      <dst id="1">35828.5422</dst>
      <dst id="5">23402.8978</dst>
      <dst id="3">31.4578</dst>
      <dst id="22">2287.2622</dst>
      <dst id="7">169.8222</dst>
      <dst id="2">84694.0178</dst>
      <dst id="16">140703.1644</dst>
      <dst id="14">3620.2578</dst>
      <dst id="11">535.6267</dst>
      <dst id="9">31612.3556</dst>
      <dst id="17">135273.0489</dst>
      <dst id="21">29958.1867</dst>
      <dst id="15">4459.2622</dst>
    </src>
    <src id="1">
      <dst id="12">31751.7422</dst>
      <dst id="13">21717.8844</dst>
      <dst id="19">12837.0844</dst>
      <dst id="23">232.6311</dst>
      <dst id="8">1097.9911</dst>
      <dst id="18">16581.9733</dst>
      <dst id="4">1950.5600</dst>
      <dst id="1">553339.7956</dst>
      <dst id="5">942.3289</dst>
      <dst id="3">2033.0578</dst>
      <dst id="10">230.2578</dst>
      <dst id="22">6489.5822</dst>
      <dst id="7">4628.4267</dst>
      <dst id="2">19682.1511</dst>
      <dst id="16">34897.3067</dst>
      <dst id="14">11088.6933</dst>
      <dst id="20">1086.0000</dst>
      <dst id="11">60.6311</dst>
      <dst id="9">16684.1778</dst>
      <dst id="17">23784.8000</dst>
      <dst id="21">20069.4933</dst>
      <dst id="15">355.3956</dst>
    </src>
    <src id="5">
      <dst id="12">21737.3689</dst>
      <dst id="13">1379.6089</dst>
      <dst id="19">1164.0711</dst>
      <dst id="23">13.1911</dst>
      <dst id="8">434.8978</dst>
      <dst id="18">96.6756</dst>
      <dst id="4">928.8711</dst>
      <dst id="1">41279.5644</dst>
      <dst id="3">438.8978</dst>
      <dst id="10">148.4622</dst>
      <dst id="22">983.0933</dst>
      <dst id="2">237.8400</dst>
      <dst id="16">354002.1956</dst>
      <dst id="11">71.1111</dst>
      <dst id="9">66537.3067</dst>
      <dst id="17">32540.5689</dst>
      <dst id="21">152.3644</dst>
      <dst id="15">75.3689</dst>
    </src>
    <src id="3">
      <dst id="12">25036.1511</dst>
      <dst id="13">72653.9644</dst>
      <dst id="19">1768.5156</dst>
      <dst id="23">28.2311</dst>
      <dst id="8">610.2222</dst>
      <dst id="18">531.7600</dst>
      <dst id="4">4065.8133</dst>
      <dst id="1">30094.2044</dst>
      <dst id="5">113.2444</dst>
      <dst id="3">147.5556</dst>
      <dst id="10">599.6711</dst>
      <dst id="22">80.8178</dst>
      <dst id="7">47332.9956</dst>
      <dst id="2">3560.2133</dst>
      <dst id="16">8696.9333</dst>
      <dst id="14">210.8978</dst>
      <dst id="20">131.9200</dst>
      <dst id="11">208.2133</dst>
      <dst id="9">2702.8889</dst>
      <dst id="17">28840.0267</dst>
      <dst id="21">1728.0711</dst>
      <dst id="15">472.6667</dst>
    </src>
    <src id="10">
      <dst id="12">9410.9600</dst>
      <dst id="13">3.5911</dst>
      <dst id="19">3039.6444</dst>
      <dst id="23">6605.5111</dst>
      <dst id="8">1002.2756</dst>
      <dst id="18">1424.2933</dst>
      <dst id="1">5325.2533</dst>
      <dst id="5">973.0044</dst>
      <dst id="3">600.5422</dst>
      <dst id="22">484.1422</dst>
      <dst id="2">35197.2622</dst>
      <dst id="16">51857.7600</dst>
      <dst id="14">1588.2133</dst>
      <dst id="20">3545.4756</dst>
      <dst id="11">128.1511</dst>
      <dst id="9">2858.9867</dst>
      <dst id="17">51705.7244</dst>
      <dst id="21">5784.7022</dst>
      <dst id="15">468.5867</dst>
    </src>
    <src id="22">
      <dst id="12">11714.6933</dst>
      <dst id="13">4689.6178</dst>
      <dst id="19">133.3067</dst>
      <dst id="23">85.8844</dst>
      <dst id="8">156.8178</dst>
      <dst id="18">115.3067</dst>
      <dst id="4">1259.4756</dst>
      <dst id="1">910.4000</dst>
      <dst id="5">6434.8889</dst>
      <dst id="3">7.5200</dst>
      <dst id="10">553.5556</dst>
      <dst id="7">843.8489</dst>
      <dst id="2">1500.8978</dst>
      <dst id="16">2397.6889</dst>
      <dst id="14">68.8978</dst>
      <dst id="11">211.8400</dst>
      <dst id="9">1757.6978</dst>
      <dst id="17">8292.9067</dst>
      <dst id="21">842.8267</dst>
    </src>
    <src id="7">
      <dst id="12">7878.8889</dst>
      <dst id="13">30428.2400</dst>
      <dst id="19">10099.3067</dst>
      <dst id="23">402.8178</dst>
      <dst id="8">821.1911</dst>
      <dst id="18">17.2978</dst>
      <dst id="4">1139.8578</dst>
      <dst id="1">3709.6622</dst>
      <dst id="5">43.1644</dst>
      <dst id="3">493.9911</dst>
      <dst id="10">251.5200</dst>
      <dst id="22">1372.4711</dst>
      <dst id="7">37.9644</dst>
      <dst id="2">13945.3156</dst>
      <dst id="16">535.2711</dst>
      <dst id="14">118.1422</dst>
      <dst id="20">4106.9067</dst>
      <dst id="11">60.3911</dst>
      <dst id="9">2015.9822</dst>
      <dst id="17">15205.4400</dst>
      <dst id="21">2238.5067</dst>
      <dst id="15">28.5156</dst>
    </src>
    <src id="2">
      <dst id="12">133222.3644</dst>
      <dst id="13">14580.4089</dst>
      <dst id="19">1160.7111</dst>
      <dst id="23">156.6489</dst>
      <dst id="8">220.0978</dst>
      <dst id="18">57498.0622</dst>
      <dst id="4">2138.0178</dst>
      <dst id="1">35355.0400</dst>
      <dst id="5">1063.5822</dst>
      <dst id="3">232.1067</dst>
      <dst id="10">3467.6356</dst>
      <dst id="22">1652.1156</dst>
      <dst id="7">5692.0889</dst>
      <dst id="2">4719.3244</dst>
      <dst id="6">0.2489</dst>
      <dst id="16">173.2533</dst>
      <dst id="14">847.7511</dst>
      <dst id="20">557.8489</dst>
      <dst id="11">1280.5689</dst>
      <dst id="9">1556.7733</dst>
      <dst id="17">34160.8444</dst>
      <dst id="21">3031.6711</dst>
      <dst id="15">139.5911</dst>
    </src>
    <src id="6">
      <dst id="12">548.8622</dst>
      <dst id="13">76.3022</dst>
      <dst id="19">215.5644</dst>
      <dst id="23">12.5689</dst>
      <dst id="18">0.9244</dst>
      <dst id="4">2.2311</dst>
      <dst id="1">1900.0000</dst>
      <dst id="5">39.6711</dst>
      <dst id="3">23.6444</dst>
      <dst id="10">1.1556</dst>
      <dst id="22">70.0178</dst>
      <dst id="7">387.6267</dst>
      <dst id="2">321.0667</dst>
      <dst id="16">272.3911</dst>
      <dst id="14">11.9289</dst>
      <dst id="11">11.4667</dst>
      <dst id="9">1025.2711</dst>
      <dst id="17">27794.2844</dst>
      <dst id="21">7.6533</dst>
      <dst id="15">12.9778</dst>
    </src>
    <src id="16">
      <dst id="12">135349.7956</dst>
      <dst id="13">867.2178</dst>
      <dst id="19">4891.6000</dst>
      <dst id="23">211.4667</dst>
      <dst id="8">174019.1644</dst>
      <dst id="18">257.3511</dst>
      <dst id="4">494.6222</dst>
      <dst id="1">26169.6000</dst>
      <dst id="5">374175.7600</dst>
      <dst id="3">7652.8533</dst>
      <dst id="10">401.7689</dst>
      <dst id="2">506.5956</dst>
      <dst id="16">29173.0933</dst>
      <dst id="14">65596.0800</dst>
      <dst id="11">28040.4444</dst>
      <dst id="9">283192.4444</dst>
      <dst id="17">9509.4844</dst>
      <dst id="21">24.1778</dst>
    </src>
    <src id="14">
      <dst id="12">971.5822</dst>
      <dst id="13">271.8044</dst>
      <dst id="19">11.0311</dst>
      <dst id="18">13.9378</dst>
      <dst id="4">552.7022</dst>
      <dst id="1">1848.9067</dst>
      <dst id="5">1.2800</dst>
      <dst id="3">1110.0267</dst>
      <dst id="10">100.8711</dst>
      <dst id="22">2.1333</dst>
      <dst id="7">38.5244</dst>
      <dst id="2">223.1556</dst>
      <dst id="16">2785.4933</dst>
      <dst id="20">15.5644</dst>
      <dst id="11">26.6311</dst>
      <dst id="9">1387.8400</dst>
      <dst id="17">29591.7422</dst>
      <dst id="21">163.1022</dst>
      <dst id="15">38.5778</dst>
    </src>
    <src id="20">
      <dst id="12">2562.6222</dst>
      <dst id="13">4406.2844</dst>
      <dst id="19">72.6756</dst>
      <dst id="23">13.7067</dst>
      <dst id="8">91.1911</dst>
      <dst id="18">110.1244</dst>
      <dst id="4">293.6356</dst>
      <dst id="1">1462.1156</dst>
      <dst id="5">411.7333</dst>
      <dst id="3">2.7644</dst>
      <dst id="10">914.3911</dst>
      <dst id="22">13.3333</dst>
      <dst id="7">154.8267</dst>
      <dst id="2">2013.2978</dst>
      <dst id="16">5225.4933</dst>
      <dst id="14">25.4133</dst>
      <dst id="20">54.2400</dst>
      <dst id="11">56.1867</dst>
      <dst id="9">1820.1422</dst>
      <dst id="17">2193.3333</dst>
      <dst id="21">81.2978</dst>
    </src>
    <src id="11">
      <dst id="12">36914.1422</dst>
      <dst id="13">5805.4667</dst>
      <dst id="19">177.7600</dst>
      <dst id="23">13.4578</dst>
      <dst id="8">266.0178</dst>
      <dst id="18">29.6622</dst>
      <dst id="4">543.2711</dst>
      <dst id="1">46256.7911</dst>
      <dst id="5">1334.4000</dst>
      <dst id="3">615.2889</dst>
      <dst id="10">740.0711</dst>
      <dst id="22">660.4889</dst>
      <dst id="2">10121.4222</dst>
      <dst id="16">16995.7067</dst>
      <dst id="14">137.3244</dst>
      <dst id="20">1508.0089</dst>
      <dst id="11">1125.3689</dst>
      <dst id="9">53834.0089</dst>
      <dst id="17">493997.3778</dst>
      <dst id="21">494.8000</dst>
      <dst id="15">538.9244</dst>
    </src>
    <src id="9">
      <dst id="12">25800.3556</dst>
      <dst id="13">1375.3867</dst>
      <dst id="19">218.6667</dst>
      <dst id="23">9.5022</dst>
      <dst id="8">120378.8444</dst>
      <dst id="18">7.0311</dst>
      <dst id="4">808.2311</dst>
      <dst id="1">3949.0400</dst>
      <dst id="5">1771.6267</dst>
      <dst id="3">626.6933</dst>
      <dst id="10">786.3022</dst>
      <dst id="22">472.8711</dst>
      <dst id="2">233.8489</dst>
      <dst id="16">460342.7200</dst>
      <dst id="14">30.1067</dst>
      <dst id="11">29.0489</dst>
      <dst id="9">347351.0044</dst>
      <dst id="17">46538.3467</dst>
      <dst id="21">101.5467</dst>
      <dst id="15">1761.0489</dst>
    </src>
    <src id="17">
      <dst id="12">100401.1378</dst>
      <dst id="13">70323.1022</dst>
      <dst id="19">3131.4400</dst>
      <dst id="23">3763.7600</dst>
      <dst id="8">353.2178</dst>
      <dst id="18">2283.3244</dst>
      <dst id="4">13383.6178</dst>
      <dst id="1">23028.8622</dst>
      <dst id="5">195728.1956</dst>
      <dst id="3">4002.7733</dst>
      <dst id="10">8273.6978</dst>
      <dst id="22">3239.2089</dst>
      <dst id="7">14553.8933</dst>
      <dst id="2">14994.4178</dst>
      <dst id="16">83423.1733</dst>
      <dst id="14">23877.5378</dst>
      <dst id="20">4458.6933</dst>
      <dst id="11">21946.0000</dst>
      <dst id="9">20908.1156</dst>
      <dst id="17">15394.4444</dst>
      <dst id="21">12538.2578</dst>
      <dst id="15">12866.3289</dst>
    </src>
    <src id="21">
      <dst id="12">1001.0844</dst>
      <dst id="13">2957.5644</dst>
      <dst id="19">887.2978</dst>
      <dst id="23">69.1911</dst>
      <dst id="8">349.5378</dst>
      <dst id="18">2235.2267</dst>
      <dst id="4">821.7689</dst>
      <dst id="1">30754.8800</dst>
      <dst id="5">1090.7556</dst>
      <dst id="3">2252.6400</dst>
      <dst id="10">357.6178</dst>
      <dst id="22">53.1378</dst>
      <dst id="7">1182.2756</dst>
      <dst id="2">3821.0133</dst>
      <dst id="16">4051.9378</dst>
      <dst id="14">124.7911</dst>
      <dst id="20">283.2622</dst>
      <dst id="11">174.7467</dst>
      <dst id="9">2625.2622</dst>
      <dst id="17">18835.6622</dst>
      <dst id="21">3759.3511</dst>
      <dst id="15">82.7111</dst>
    </src>
    <src id="15">
      <dst id="12">8430.1067</dst>
      <dst id="13">2300.5867</dst>
      <dst id="19">62.1511</dst>
      <dst id="23">10.7111</dst>
      <dst id="8">65.3778</dst>
      <dst id="18">1.2089</dst>
      <dst id="4">83.3244</dst>
      <dst id="1">87.1022</dst>
      <dst id="5">1357.5911</dst>
      <dst id="10">96.8711</dst>
      <dst id="2">2456.1600</dst>
      <dst id="16">1072.6578</dst>
      <dst id="14">26.3111</dst>
      <dst id="11">27.6800</dst>
      <dst id="9">1410.8800</dst>
      <dst id="17">1145.6000</dst>
      <dst id="21">2.1778</dst>
    </src>
  </IntraTM>
</TrafficMatrixFile>
