<?xml version="1.0" encoding="UTF-8" standalone="yes"?>
<TrafficMatrixFile xmlns:xsi="http://www.w3.org/2001/XMLSchema-instance" xsi:noNamespaceSchemaLocation="http://totem.run.montefiore.ulg.ac.be/Schema/TrafficMatrix-v1_2.xsd">
  <info>
    <title>Intradomain traffic matrix generated by geant-TM-all.pl</title>
    <date>2005-01-22T21:30:00</date>
    <duration>900</duration>
    <author>Steve Uhlig</author>
    <units>
        <unit type="bandwidth" value="kbps"/>
    </units>
  </info>
  <IntraTM ASID="20965">
    <src id="12">
      <dst id="12">333607.8578</dst>
      <dst id="13">77384.0978</dst>
      <dst id="19">10380.7822</dst>
      <dst id="23">3999.9111</dst>
      <dst id="8">6385.6978</dst>
      <dst id="18">68859.2178</dst>
      <dst id="4">74118.6667</dst>
      <dst id="1">20267.7689</dst>
      <dst id="5">35368.0356</dst>
      <dst id="3">14310.2933</dst>
      <dst id="10">3177.8400</dst>
      <dst id="22">17554.9956</dst>
      <dst id="7">12080.5156</dst>
      <dst id="2">95091.2800</dst>
      <dst id="16">14945.4400</dst>
      <dst id="14">2881.9111</dst>
      <dst id="20">20048.4178</dst>
      <dst id="11">9204.9422</dst>
      <dst id="9">15580.1333</dst>
      <dst id="17">61438.2311</dst>
      <dst id="21">24379.2622</dst>
      <dst id="15">2489.7067</dst>
    </src>
    <src id="13">
      <dst id="12">87831.4489</dst>
      <dst id="19">14594.0356</dst>
      <dst id="23">147.3244</dst>
      <dst id="8">2643.4489</dst>
      <dst id="18">2942.7556</dst>
      <dst id="4">0.3556</dst>
      <dst id="1">19461.3067</dst>
      <dst id="5">10983.1022</dst>
      <dst id="3">32621.1467</dst>
      <dst id="22">16283.4756</dst>
      <dst id="7">35510.2489</dst>
      <dst id="2">138058.4267</dst>
      <dst id="16">9394.3022</dst>
      <dst id="14">7084.8800</dst>
      <dst id="20">48983.4756</dst>
      <dst id="11">20999.6889</dst>
      <dst id="9">40423.7867</dst>
      <dst id="17">75491.4933</dst>
      <dst id="21">39594.2489</dst>
      <dst id="15">9638.3467</dst>
    </src>
    <src id="19">
      <dst id="12">19803.0933</dst>
      <dst id="13">33022.0000</dst>
      <dst id="23">44.6667</dst>
      <dst id="8">4.8267</dst>
      <dst id="18">20.2222</dst>
      <dst id="4">21144.4978</dst>
      <dst id="1">8264.4267</dst>
      <dst id="5">112.4356</dst>
      <dst id="3">4226.6044</dst>
      <dst id="10">467.6622</dst>
      <dst id="22">1423.6444</dst>
      <dst id="7">22587.9822</dst>
      <dst id="2">3342.1600</dst>
      <dst id="16">19491.8044</dst>
      <dst id="14">20.6133</dst>
      <dst id="20">134.0178</dst>
      <dst id="11">265.4311</dst>
      <dst id="9">382.6756</dst>
      <dst id="17">2435.7689</dst>
      <dst id="21">2968.9956</dst>
      <dst id="15">107.2533</dst>
    </src>
    <src id="23">
      <dst id="12">862.4444</dst>
      <dst id="13">607.3422</dst>
      <dst id="19">673.8222</dst>
      <dst id="8">29.6889</dst>
      <dst id="18">41.0311</dst>
      <dst id="4">12.3022</dst>
      <dst id="1">154.5778</dst>
      <dst id="5">10.5067</dst>
      <dst id="3">823.4222</dst>
      <dst id="22">116.6489</dst>
      <dst id="7">1269.8311</dst>
      <dst id="2">129.4222</dst>
      <dst id="16">30.1600</dst>
      <dst id="14">9.6800</dst>
      <dst id="20">178.8889</dst>
      <dst id="11">67.5644</dst>
      <dst id="9">145.7511</dst>
      <dst id="17">582.5689</dst>
      <dst id="21">341.6711</dst>
      <dst id="15">0.9511</dst>
    </src>
    <src id="8">
      <dst id="12">9246.7022</dst>
      <dst id="13">315.2178</dst>
      <dst id="19">542.0800</dst>
      <dst id="23">13.7956</dst>
      <dst id="18">22.4000</dst>
      <dst id="4">8161.7689</dst>
      <dst id="1">5193.9733</dst>
      <dst id="5">1476.0978</dst>
      <dst id="3">619.6800</dst>
      <dst id="10">523.2622</dst>
      <dst id="22">555.6800</dst>
      <dst id="7">135.3956</dst>
      <dst id="2">517.5556</dst>
      <dst id="16">380.2844</dst>
      <dst id="14">23.0578</dst>
      <dst id="20">439.0400</dst>
      <dst id="11">412.5600</dst>
      <dst id="9">187515.2800</dst>
      <dst id="17">284140.4000</dst>
      <dst id="21">30.6667</dst>
      <dst id="15">30.9067</dst>
    </src>
    <src id="18">
      <dst id="12">156948.0356</dst>
      <dst id="13">285.9022</dst>
      <dst id="19">9.5289</dst>
      <dst id="23">0.3556</dst>
      <dst id="8">1213.0933</dst>
      <dst id="4">2213.0133</dst>
      <dst id="1">846.7467</dst>
      <dst id="5">1210.3467</dst>
      <dst id="3">2323.7244</dst>
      <dst id="10">584.5244</dst>
      <dst id="22">474.9956</dst>
      <dst id="7">105.2267</dst>
      <dst id="2">51187.8044</dst>
      <dst id="16">26.7822</dst>
      <dst id="20">182.8800</dst>
      <dst id="11">189.7422</dst>
      <dst id="9">696.7022</dst>
      <dst id="17">17615.9556</dst>
      <dst id="21">3166.0356</dst>
      <dst id="15">275.5467</dst>
    </src>
    <src id="4">
      <dst id="12">21360.6044</dst>
      <dst id="19">34987.5556</dst>
      <dst id="23">93.8044</dst>
      <dst id="8">1653.4844</dst>
      <dst id="18">1851.3156</dst>
      <dst id="4">895.1022</dst>
      <dst id="1">3074.3644</dst>
      <dst id="5">1302.8356</dst>
      <dst id="3">22846.0356</dst>
      <dst id="22">3133.7511</dst>
      <dst id="7">44936.2222</dst>
      <dst id="2">45808.1956</dst>
      <dst id="16">2821.1111</dst>
      <dst id="14">1194.7911</dst>
      <dst id="20">5953.3600</dst>
      <dst id="11">7998.8800</dst>
      <dst id="9">5778.8444</dst>
      <dst id="17">90400.0533</dst>
      <dst id="21">5710.1156</dst>
      <dst id="15">1785.7244</dst>
    </src>
    <src id="1">
      <dst id="12">30191.1200</dst>
      <dst id="13">9771.8489</dst>
      <dst id="19">5499.4222</dst>
      <dst id="23">294.8444</dst>
      <dst id="8">16.2667</dst>
      <dst id="18">17231.5733</dst>
      <dst id="4">7326.0978</dst>
      <dst id="1">171.5467</dst>
      <dst id="5">1475.8222</dst>
      <dst id="3">47637.3511</dst>
      <dst id="10">2122.1778</dst>
      <dst id="22">4144.2933</dst>
      <dst id="7">11564.3467</dst>
      <dst id="2">122491.7422</dst>
      <dst id="16">32901.6089</dst>
      <dst id="14">393.5378</dst>
      <dst id="20">13354.2222</dst>
      <dst id="11">1523.8844</dst>
      <dst id="9">3013.4933</dst>
      <dst id="17">11351.4133</dst>
      <dst id="21">14808.9956</dst>
      <dst id="15">7029.0489</dst>
    </src>
    <src id="5">
      <dst id="12">14969.2000</dst>
      <dst id="13">3512.7911</dst>
      <dst id="19">254.8978</dst>
      <dst id="23">23.2889</dst>
      <dst id="8">630.9511</dst>
      <dst id="18">120.9511</dst>
      <dst id="4">6382.4444</dst>
      <dst id="1">5629.7422</dst>
      <dst id="3">4049.1644</dst>
      <dst id="10">869.6533</dst>
      <dst id="22">6542.3022</dst>
      <dst id="7">208.9333</dst>
      <dst id="2">6172.2933</dst>
      <dst id="16">1506.5156</dst>
      <dst id="14">5.6889</dst>
      <dst id="20">2870.8622</dst>
      <dst id="11">1990.8889</dst>
      <dst id="9">89434.0978</dst>
      <dst id="17">415696.7111</dst>
      <dst id="21">285.7778</dst>
      <dst id="15">3232.1511</dst>
    </src>
    <src id="3">
      <dst id="12">9640.1156</dst>
      <dst id="13">2636.1867</dst>
      <dst id="19">2486.6578</dst>
      <dst id="23">31.2622</dst>
      <dst id="8">973.3600</dst>
      <dst id="18">1308.2667</dst>
      <dst id="4">71332.0267</dst>
      <dst id="1">27946.1333</dst>
      <dst id="5">2171.0578</dst>
      <dst id="3">115.5378</dst>
      <dst id="10">3802.1600</dst>
      <dst id="22">5933.9467</dst>
      <dst id="7">6770.8889</dst>
      <dst id="2">23168.2667</dst>
      <dst id="16">1539.3422</dst>
      <dst id="14">180.1067</dst>
      <dst id="20">3734.6844</dst>
      <dst id="11">2734.1956</dst>
      <dst id="9">1149.3067</dst>
      <dst id="17">32493.2000</dst>
      <dst id="21">4014.9956</dst>
      <dst id="15">10614.6489</dst>
    </src>
    <src id="10">
      <dst id="12">45081.5200</dst>
      <dst id="19">4029.4578</dst>
      <dst id="8">111870.0889</dst>
      <dst id="18">239.9556</dst>
      <dst id="1">6628.8267</dst>
      <dst id="5">296160.3556</dst>
      <dst id="3">42222.3733</dst>
      <dst id="22">2558.3733</dst>
      <dst id="7">16899.5822</dst>
      <dst id="2">32311.8044</dst>
      <dst id="16">671.0756</dst>
      <dst id="14">63664.0267</dst>
      <dst id="20">9096.5778</dst>
      <dst id="11">359081.1200</dst>
      <dst id="9">484547.6178</dst>
      <dst id="17">25159.3156</dst>
      <dst id="21">25110.9600</dst>
      <dst id="15">791.0133</dst>
    </src>
    <src id="22">
      <dst id="12">7674.1778</dst>
      <dst id="13">4982.6044</dst>
      <dst id="19">874.8089</dst>
      <dst id="23">500.2400</dst>
      <dst id="8">891.0667</dst>
      <dst id="18">322.4444</dst>
      <dst id="4">11481.2533</dst>
      <dst id="1">981.9556</dst>
      <dst id="5">2976.0533</dst>
      <dst id="3">1613.1467</dst>
      <dst id="10">541.7511</dst>
      <dst id="7">2636.5956</dst>
      <dst id="2">3533.2444</dst>
      <dst id="14">163.5289</dst>
      <dst id="11">2464.8356</dst>
      <dst id="9">3394.0000</dst>
      <dst id="17">6670.8444</dst>
      <dst id="21">4905.9911</dst>
    </src>
    <src id="7">
      <dst id="12">5484.8533</dst>
      <dst id="13">2459.1022</dst>
      <dst id="19">3667.9289</dst>
      <dst id="23">880.0622</dst>
      <dst id="8">1057.3422</dst>
      <dst id="18">230.6489</dst>
      <dst id="4">15106.3733</dst>
      <dst id="1">9411.6178</dst>
      <dst id="5">3539.0133</dst>
      <dst id="3">7295.7867</dst>
      <dst id="10">561.9200</dst>
      <dst id="22">4174.1867</dst>
      <dst id="7">5.2267</dst>
      <dst id="2">24795.6000</dst>
      <dst id="16">2004.3822</dst>
      <dst id="14">228.6489</dst>
      <dst id="20">3450.5067</dst>
      <dst id="11">1233.6000</dst>
      <dst id="9">1970.4444</dst>
      <dst id="17">16041.1911</dst>
      <dst id="21">12430.7289</dst>
      <dst id="15">401.5556</dst>
    </src>
    <src id="2">
      <dst id="12">192190.8622</dst>
      <dst id="13">55985.0667</dst>
      <dst id="19">1745.0311</dst>
      <dst id="23">24.3022</dst>
      <dst id="8">1393.7422</dst>
      <dst id="18">64475.0756</dst>
      <dst id="4">62860.0800</dst>
      <dst id="1">67036.0711</dst>
      <dst id="5">1774.5511</dst>
      <dst id="3">5060.7378</dst>
      <dst id="10">4501.9467</dst>
      <dst id="22">3636.5956</dst>
      <dst id="7">10042.7822</dst>
      <dst id="2">1470.7378</dst>
      <dst id="16">1838.5156</dst>
      <dst id="14">383.3956</dst>
      <dst id="20">5821.2711</dst>
      <dst id="11">14937.2978</dst>
      <dst id="9">4166.0978</dst>
      <dst id="17">50483.5289</dst>
      <dst id="21">25636.1244</dst>
      <dst id="15">2208.8622</dst>
    </src>
    <src id="6">
      <dst id="12">286.7289</dst>
      <dst id="13">249.3333</dst>
      <dst id="19">46.8089</dst>
      <dst id="23">35.8578</dst>
      <dst id="18">1.6356</dst>
      <dst id="4">45.0667</dst>
      <dst id="1">134.7200</dst>
      <dst id="5">13.5822</dst>
      <dst id="3">71.3511</dst>
      <dst id="10">0.4267</dst>
      <dst id="22">15.5733</dst>
      <dst id="7">246.9956</dst>
      <dst id="2">4698.8444</dst>
      <dst id="16">3.4044</dst>
      <dst id="20">94.3911</dst>
      <dst id="11">40.6222</dst>
      <dst id="9">3.9022</dst>
      <dst id="17">17971.5378</dst>
      <dst id="21">78.5333</dst>
    </src>
    <src id="16">
      <dst id="12">4004.9156</dst>
      <dst id="13">1019.4933</dst>
      <dst id="19">5150.2133</dst>
      <dst id="23">243.1556</dst>
      <dst id="8">4660.0356</dst>
      <dst id="18">18.4978</dst>
      <dst id="4">2802.6400</dst>
      <dst id="1">25835.4489</dst>
      <dst id="5">13404.4000</dst>
      <dst id="3">4506.7289</dst>
      <dst id="10">487.5556</dst>
      <dst id="7">3222.4267</dst>
      <dst id="2">2329.8578</dst>
      <dst id="16">51.4400</dst>
      <dst id="14">14.2311</dst>
      <dst id="11">451.9467</dst>
      <dst id="9">15438.3378</dst>
      <dst id="17">5710.6044</dst>
      <dst id="21">2350.9511</dst>
    </src>
    <src id="14">
      <dst id="12">892.0267</dst>
      <dst id="13">242.7733</dst>
      <dst id="19">29.2889</dst>
      <dst id="23">0.9511</dst>
      <dst id="8">3.1022</dst>
      <dst id="18">1.2178</dst>
      <dst id="4">2021.2178</dst>
      <dst id="1">1144.1867</dst>
      <dst id="5">13.9467</dst>
      <dst id="3">265.7956</dst>
      <dst id="10">669.1289</dst>
      <dst id="22">10.5867</dst>
      <dst id="7">213.5822</dst>
      <dst id="2">8524.6222</dst>
      <dst id="16">14.1867</dst>
      <dst id="20">3.5289</dst>
      <dst id="11">84.0356</dst>
      <dst id="9">39.2889</dst>
      <dst id="17">33250.4356</dst>
      <dst id="21">159.3067</dst>
    </src>
    <src id="20">
      <dst id="12">10133.9822</dst>
      <dst id="13">4633.2978</dst>
      <dst id="19">1957.3333</dst>
      <dst id="23">16.8178</dst>
      <dst id="8">73.4844</dst>
      <dst id="18">63.3422</dst>
      <dst id="4">15125.7067</dst>
      <dst id="1">950.5600</dst>
      <dst id="5">2026.2400</dst>
      <dst id="3">8699.3867</dst>
      <dst id="10">314.4089</dst>
      <dst id="7">4321.1644</dst>
      <dst id="2">3693.8578</dst>
      <dst id="14">11.7600</dst>
      <dst id="11">1138.9333</dst>
      <dst id="9">5359.3156</dst>
      <dst id="17">6346.9156</dst>
      <dst id="21">6643.6356</dst>
    </src>
    <src id="11">
      <dst id="12">16287.3244</dst>
      <dst id="13">3502.7644</dst>
      <dst id="19">405.1022</dst>
      <dst id="23">70.0800</dst>
      <dst id="8">515.0311</dst>
      <dst id="18">149.6711</dst>
      <dst id="4">9982.9600</dst>
      <dst id="1">837.9200</dst>
      <dst id="5">1906.5244</dst>
      <dst id="3">2124.0800</dst>
      <dst id="10">776.7556</dst>
      <dst id="22">1150.8711</dst>
      <dst id="7">686.5422</dst>
      <dst id="2">149277.1644</dst>
      <dst id="16">675.8667</dst>
      <dst id="14">203.9822</dst>
      <dst id="20">3849.6622</dst>
      <dst id="11">7192.0267</dst>
      <dst id="9">3398.9067</dst>
      <dst id="17">908368.0356</dst>
      <dst id="21">2914.0267</dst>
      <dst id="15">1240.7022</dst>
    </src>
    <src id="9">
      <dst id="12">22381.9556</dst>
      <dst id="13">9817.0044</dst>
      <dst id="19">2184.4533</dst>
      <dst id="23">85.9022</dst>
      <dst id="8">130727.2089</dst>
      <dst id="18">80.4622</dst>
      <dst id="4">9758.9778</dst>
      <dst id="1">19005.7956</dst>
      <dst id="5">2294.0800</dst>
      <dst id="3">1035.5467</dst>
      <dst id="10">579.0578</dst>
      <dst id="22">1254.4000</dst>
      <dst id="7">1252.6578</dst>
      <dst id="2">2673.2089</dst>
      <dst id="16">1128.9067</dst>
      <dst id="14">65.5644</dst>
      <dst id="20">7300.0800</dst>
      <dst id="11">3241.3067</dst>
      <dst id="9">715362.9600</dst>
      <dst id="17">589969.8489</dst>
      <dst id="21">1184.4622</dst>
      <dst id="15">11184.8178</dst>
    </src>
    <src id="17">
      <dst id="12">24628.9067</dst>
      <dst id="13">9161.9289</dst>
      <dst id="19">10626.7644</dst>
      <dst id="23">120.6311</dst>
      <dst id="8">404.0356</dst>
      <dst id="18">397.5644</dst>
      <dst id="4">53085.9911</dst>
      <dst id="1">3504.2933</dst>
      <dst id="5">265682.6578</dst>
      <dst id="3">14478.6844</dst>
      <dst id="10">2953.1022</dst>
      <dst id="22">3736.2222</dst>
      <dst id="7">5931.8044</dst>
      <dst id="2">19631.1200</dst>
      <dst id="16">8514.7467</dst>
      <dst id="14">48697.1911</dst>
      <dst id="20">2112.0178</dst>
      <dst id="11">293311.0133</dst>
      <dst id="9">7562.3111</dst>
      <dst id="17">8929.1733</dst>
      <dst id="21">32991.6622</dst>
      <dst id="15">365.2444</dst>
    </src>
    <src id="21">
      <dst id="12">4354.1600</dst>
      <dst id="13">11258.6311</dst>
      <dst id="19">2865.7778</dst>
      <dst id="23">47.4489</dst>
      <dst id="8">106.8178</dst>
      <dst id="18">303.2178</dst>
      <dst id="4">17429.0400</dst>
      <dst id="1">6446.7467</dst>
      <dst id="5">284.4267</dst>
      <dst id="3">8646.2844</dst>
      <dst id="10">1748.8267</dst>
      <dst id="22">12297.2889</dst>
      <dst id="7">3795.6978</dst>
      <dst id="2">42088.0356</dst>
      <dst id="16">235.7778</dst>
      <dst id="14">2204.9689</dst>
      <dst id="20">5674.3200</dst>
      <dst id="11">3217.8667</dst>
      <dst id="9">1792.2756</dst>
      <dst id="17">40791.3067</dst>
      <dst id="21">2644.8622</dst>
      <dst id="15">8627.8489</dst>
    </src>
    <src id="15">
      <dst id="12">1873.1378</dst>
      <dst id="13">1021.1911</dst>
      <dst id="19">59.7867</dst>
      <dst id="23">1.5644</dst>
      <dst id="8">203.7156</dst>
      <dst id="18">326.7467</dst>
      <dst id="4">3520.1867</dst>
      <dst id="1">247.5911</dst>
      <dst id="5">1354.7822</dst>
      <dst id="3">382.7378</dst>
      <dst id="10">17.3689</dst>
      <dst id="7">564.9778</dst>
      <dst id="2">7612.4889</dst>
      <dst id="14">2.9156</dst>
      <dst id="11">160.4533</dst>
      <dst id="9">1266.7467</dst>
      <dst id="17">3858.6400</dst>
      <dst id="21">262.4978</dst>
    </src>
  </IntraTM>
</TrafficMatrixFile>
