<?xml version="1.0" encoding="UTF-8" standalone="yes"?>
<TrafficMatrixFile xmlns:xsi="http://www.w3.org/2001/XMLSchema-instance" xsi:noNamespaceSchemaLocation="http://totem.run.montefiore.ulg.ac.be/Schema/TrafficMatrix-v1_2.xsd">
  <info>
    <title>Intradomain traffic matrix generated by geant-TM-all.pl</title>
    <date>2005-02-14T11:45:00</date>
    <duration>900</duration>
    <author>Steve Uhlig</author>
    <units>
        <unit type="bandwidth" value="kbps"/>
    </units>
  </info>
  <IntraTM ASID="20965">
    <src id="12">
      <dst id="12">266587.9022</dst>
      <dst id="13">19399.7244</dst>
      <dst id="19">7351.2356</dst>
      <dst id="23">24.5156</dst>
      <dst id="8">760.9067</dst>
      <dst id="18">86694.6578</dst>
      <dst id="4">19988.2933</dst>
      <dst id="1">12780.9867</dst>
      <dst id="5">984.7733</dst>
      <dst id="3">658.6844</dst>
      <dst id="10">5751.3333</dst>
      <dst id="22">8939.1911</dst>
      <dst id="7">17308.0178</dst>
      <dst id="2">44305.3511</dst>
      <dst id="6">1.9822</dst>
      <dst id="16">7857.4667</dst>
      <dst id="14">52.7911</dst>
      <dst id="20">1273.8222</dst>
      <dst id="11">81.0133</dst>
      <dst id="9">11668.9867</dst>
      <dst id="17">32678.8356</dst>
      <dst id="21">2660.8533</dst>
      <dst id="15">208.4800</dst>
    </src>
    <src id="13">
      <dst id="12">23286.0889</dst>
      <dst id="19">3257.0133</dst>
      <dst id="23">2748.3022</dst>
      <dst id="8">730.1244</dst>
      <dst id="18">7892.0711</dst>
      <dst id="1">2503.3244</dst>
      <dst id="5">3504.3022</dst>
      <dst id="3">110.6667</dst>
      <dst id="22">5351.0933</dst>
      <dst id="7">7813.8311</dst>
      <dst id="2">47003.7689</dst>
      <dst id="6">34.2133</dst>
      <dst id="16">3967.2800</dst>
      <dst id="14">1121.0667</dst>
      <dst id="20">11505.8044</dst>
      <dst id="11">184.5156</dst>
      <dst id="9">16758.8533</dst>
      <dst id="17">60508.3644</dst>
      <dst id="21">6148.3644</dst>
      <dst id="15">1757.4933</dst>
    </src>
    <src id="19">
      <dst id="12">19564.4978</dst>
      <dst id="13">240.0444</dst>
      <dst id="23">1.7600</dst>
      <dst id="8">0.4622</dst>
      <dst id="18">4006.9422</dst>
      <dst id="4">17486.0889</dst>
      <dst id="1">25.7867</dst>
      <dst id="5">156.9511</dst>
      <dst id="10">52.0267</dst>
      <dst id="22">20.5689</dst>
      <dst id="7">4888.3378</dst>
      <dst id="2">189.7333</dst>
      <dst id="6">4.8089</dst>
      <dst id="16">13862.8978</dst>
      <dst id="14">9.5200</dst>
      <dst id="20">71.6622</dst>
      <dst id="11">0.9600</dst>
      <dst id="9">3953.6178</dst>
      <dst id="17">3337.7956</dst>
      <dst id="21">142.2844</dst>
      <dst id="15">0.4622</dst>
    </src>
    <src id="23">
      <dst id="12">2295.5378</dst>
      <dst id="13">212.7822</dst>
      <dst id="19">41.5911</dst>
      <dst id="18">799.1911</dst>
      <dst id="4">2770.7200</dst>
      <dst id="1">86.3467</dst>
      <dst id="5">120.0000</dst>
      <dst id="3">26.6667</dst>
      <dst id="10">65.5111</dst>
      <dst id="22">129.2889</dst>
      <dst id="7">1605.0756</dst>
      <dst id="2">220.6756</dst>
      <dst id="16">86.7644</dst>
      <dst id="14">0.3556</dst>
      <dst id="20">93.1200</dst>
      <dst id="9">0.3378</dst>
      <dst id="17">3800.9156</dst>
      <dst id="21">3432.2844</dst>
      <dst id="15">27.2356</dst>
    </src>
    <src id="8">
      <dst id="12">16679.1644</dst>
      <dst id="13">144.9422</dst>
      <dst id="19">2.0711</dst>
      <dst id="23">0.4622</dst>
      <dst id="18">147.8133</dst>
      <dst id="4">1575.0133</dst>
      <dst id="1">7223.0578</dst>
      <dst id="5">419.0489</dst>
      <dst id="3">1.3511</dst>
      <dst id="10">33.3778</dst>
      <dst id="22">221.7600</dst>
      <dst id="7">318.8711</dst>
      <dst id="2">761.0489</dst>
      <dst id="16">181.7156</dst>
      <dst id="14">1.0400</dst>
      <dst id="20">38.6844</dst>
      <dst id="11">64.8533</dst>
      <dst id="9">188882.9156</dst>
      <dst id="17">202579.7422</dst>
      <dst id="21">58.0978</dst>
      <dst id="15">0.6667</dst>
    </src>
    <src id="18">
      <dst id="12">142065.4489</dst>
      <dst id="13">332.4533</dst>
      <dst id="19">116.6222</dst>
      <dst id="23">30.4356</dst>
      <dst id="8">131.3333</dst>
      <dst id="4">734.8356</dst>
      <dst id="1">1878.4533</dst>
      <dst id="5">260.8711</dst>
      <dst id="3">958.0889</dst>
      <dst id="10">83.3867</dst>
      <dst id="22">420.6578</dst>
      <dst id="7">27.0222</dst>
      <dst id="2">39281.5733</dst>
      <dst id="16">544.0444</dst>
      <dst id="14">0.7111</dst>
      <dst id="20">88.2933</dst>
      <dst id="11">14.9778</dst>
      <dst id="9">20.9156</dst>
      <dst id="17">11263.4933</dst>
      <dst id="21">483.1200</dst>
      <dst id="15">24.5333</dst>
    </src>
    <src id="4">
      <dst id="12">5594.6133</dst>
      <dst id="19">3313.6000</dst>
      <dst id="23">113.9733</dst>
      <dst id="8">119.0667</dst>
      <dst id="18">661.2444</dst>
      <dst id="4">194.6578</dst>
      <dst id="1">61634.2044</dst>
      <dst id="5">1133.6711</dst>
      <dst id="3">70.6489</dst>
      <dst id="22">2557.2622</dst>
      <dst id="7">21717.6356</dst>
      <dst id="2">36876.6578</dst>
      <dst id="6">11.3333</dst>
      <dst id="16">460.5956</dst>
      <dst id="14">840.3822</dst>
      <dst id="20">106.8800</dst>
      <dst id="11">123.2711</dst>
      <dst id="9">904.6311</dst>
      <dst id="17">19898.7556</dst>
      <dst id="21">1713.3422</dst>
      <dst id="15">20.6400</dst>
    </src>
    <src id="1">
      <dst id="12">28149.6089</dst>
      <dst id="13">337.1911</dst>
      <dst id="19">59.5733</dst>
      <dst id="23">53.2622</dst>
      <dst id="8">7.0667</dst>
      <dst id="18">12029.3333</dst>
      <dst id="4">9834.5333</dst>
      <dst id="1">40175.9911</dst>
      <dst id="5">209.2089</dst>
      <dst id="3">9250.8711</dst>
      <dst id="10">184.9689</dst>
      <dst id="22">894.1244</dst>
      <dst id="7">8114.2667</dst>
      <dst id="2">3819.9022</dst>
      <dst id="6">2.5511</dst>
      <dst id="16">20078.6489</dst>
      <dst id="14">14.2844</dst>
      <dst id="20">66.7022</dst>
      <dst id="11">68.7022</dst>
      <dst id="9">761.4756</dst>
      <dst id="17">2117.5733</dst>
      <dst id="21">8298.7733</dst>
      <dst id="15">177.7778</dst>
    </src>
    <src id="5">
      <dst id="12">17820.6133</dst>
      <dst id="13">1573.0222</dst>
      <dst id="19">7.2356</dst>
      <dst id="23">1.8489</dst>
      <dst id="8">257.0400</dst>
      <dst id="18">58.3822</dst>
      <dst id="4">1655.5644</dst>
      <dst id="1">10218.4800</dst>
      <dst id="3">11.0667</dst>
      <dst id="10">103.3778</dst>
      <dst id="22">605.0667</dst>
      <dst id="7">523.8311</dst>
      <dst id="2">375.4311</dst>
      <dst id="6">36.6222</dst>
      <dst id="16">254.6756</dst>
      <dst id="14">112.3911</dst>
      <dst id="20">449.6356</dst>
      <dst id="11">126.4978</dst>
      <dst id="9">61974.9422</dst>
      <dst id="17">325952.8622</dst>
      <dst id="21">11.5378</dst>
      <dst id="15">12.9867</dst>
    </src>
    <src id="3">
      <dst id="12">14592.1333</dst>
      <dst id="13">540.3644</dst>
      <dst id="19">1116.6222</dst>
      <dst id="23">12.9156</dst>
      <dst id="8">43.2267</dst>
      <dst id="18">34.5511</dst>
      <dst id="4">27220.2044</dst>
      <dst id="1">2823.2444</dst>
      <dst id="5">307.2356</dst>
      <dst id="3">163.6356</dst>
      <dst id="10">326.3467</dst>
      <dst id="22">272.5244</dst>
      <dst id="7">925.5200</dst>
      <dst id="2">5701.4311</dst>
      <dst id="6">1.1911</dst>
      <dst id="16">1749.3689</dst>
      <dst id="14">97.4756</dst>
      <dst id="20">25.8844</dst>
      <dst id="11">98.8533</dst>
      <dst id="9">195.3956</dst>
      <dst id="17">46254.3733</dst>
      <dst id="21">13631.5022</dst>
      <dst id="15">57.3156</dst>
    </src>
    <src id="10">
      <dst id="12">121094.0622</dst>
      <dst id="19">123.4667</dst>
      <dst id="23">176.8533</dst>
      <dst id="8">67862.8089</dst>
      <dst id="18">1148.0800</dst>
      <dst id="1">258.5689</dst>
      <dst id="5">130279.5289</dst>
      <dst id="3">9377.5111</dst>
      <dst id="22">16188.2400</dst>
      <dst id="7">62721.7689</dst>
      <dst id="2">17524.1689</dst>
      <dst id="6">13308.6667</dst>
      <dst id="16">826.9244</dst>
      <dst id="14">21390.3733</dst>
      <dst id="20">945.4489</dst>
      <dst id="11">11944.1956</dst>
      <dst id="9">149509.3956</dst>
      <dst id="17">61834.7467</dst>
      <dst id="21">9452.7822</dst>
      <dst id="15">152.6933</dst>
    </src>
    <src id="22">
      <dst id="12">11557.0933</dst>
      <dst id="13">4273.0933</dst>
      <dst id="19">40.4533</dst>
      <dst id="23">16.4978</dst>
      <dst id="8">676.0889</dst>
      <dst id="18">563.2622</dst>
      <dst id="4">4754.9422</dst>
      <dst id="1">304.0533</dst>
      <dst id="5">1853.5111</dst>
      <dst id="3">0.8622</dst>
      <dst id="10">4152.7911</dst>
      <dst id="7">1861.7156</dst>
      <dst id="2">2221.6267</dst>
      <dst id="6">27.9911</dst>
      <dst id="14">130.0622</dst>
      <dst id="11">153.8667</dst>
      <dst id="9">2669.6267</dst>
      <dst id="17">9862.6933</dst>
      <dst id="21">530.0889</dst>
    </src>
    <src id="7">
      <dst id="12">7963.1378</dst>
      <dst id="13">3100.8622</dst>
      <dst id="19">110.5956</dst>
      <dst id="23">96.5867</dst>
      <dst id="8">14.3822</dst>
      <dst id="18">624.9156</dst>
      <dst id="4">27439.7689</dst>
      <dst id="1">1162.1422</dst>
      <dst id="5">668.7911</dst>
      <dst id="3">200.2489</dst>
      <dst id="10">318.4711</dst>
      <dst id="22">1699.3956</dst>
      <dst id="7">5.9733</dst>
      <dst id="2">5647.0311</dst>
      <dst id="6">56.0267</dst>
      <dst id="16">276.3911</dst>
      <dst id="14">213.5200</dst>
      <dst id="20">5890.5956</dst>
      <dst id="11">45.4578</dst>
      <dst id="9">1741.1822</dst>
      <dst id="17">14642.9422</dst>
      <dst id="21">2302.1511</dst>
      <dst id="15">6.4178</dst>
    </src>
    <src id="2">
      <dst id="12">102800.2933</dst>
      <dst id="13">6604.2311</dst>
      <dst id="19">79.0044</dst>
      <dst id="8">12.6489</dst>
      <dst id="18">59198.7200</dst>
      <dst id="4">31321.7689</dst>
      <dst id="1">6601.9022</dst>
      <dst id="5">208.3378</dst>
      <dst id="3">15.7422</dst>
      <dst id="10">3610.9867</dst>
      <dst id="22">1531.2800</dst>
      <dst id="7">11271.3511</dst>
      <dst id="2">1474.7911</dst>
      <dst id="6">8677.6178</dst>
      <dst id="16">1301.6444</dst>
      <dst id="14">63.0400</dst>
      <dst id="20">156.3911</dst>
      <dst id="11">78.5067</dst>
      <dst id="9">731.5733</dst>
      <dst id="17">41560.1689</dst>
      <dst id="21">19176.3467</dst>
      <dst id="15">32.8356</dst>
    </src>
    <src id="6">
      <dst id="12">804.7378</dst>
      <dst id="13">7.1467</dst>
      <dst id="19">179.6711</dst>
      <dst id="23">0.6756</dst>
      <dst id="4">8.7111</dst>
      <dst id="1">97.4667</dst>
      <dst id="5">0.3556</dst>
      <dst id="10">1.8222</dst>
      <dst id="22">0.5689</dst>
      <dst id="7">13.2622</dst>
      <dst id="2">2206.0267</dst>
      <dst id="16">0.4889</dst>
      <dst id="20">1.6356</dst>
      <dst id="11">0.3378</dst>
      <dst id="9">2.5956</dst>
      <dst id="17">8097.2622</dst>
      <dst id="21">15.0400</dst>
    </src>
    <src id="16">
      <dst id="12">4639.1022</dst>
      <dst id="13">1089.6622</dst>
      <dst id="19">4980.6844</dst>
      <dst id="23">16.8800</dst>
      <dst id="8">1129.9556</dst>
      <dst id="18">185.7244</dst>
      <dst id="4">388.6667</dst>
      <dst id="1">26527.6089</dst>
      <dst id="5">785.8756</dst>
      <dst id="3">0.4622</dst>
      <dst id="10">104.9333</dst>
      <dst id="7">1875.7956</dst>
      <dst id="2">382.6933</dst>
      <dst id="6">0.4267</dst>
      <dst id="16">19.9822</dst>
      <dst id="14">2.3556</dst>
      <dst id="11">16.4267</dst>
      <dst id="9">2256.8889</dst>
      <dst id="17">2775.1289</dst>
      <dst id="21">66.0444</dst>
    </src>
    <src id="14">
      <dst id="12">3778.1422</dst>
      <dst id="13">48.4711</dst>
      <dst id="19">2.1422</dst>
      <dst id="23">1.0578</dst>
      <dst id="4">830.5956</dst>
      <dst id="1">893.5378</dst>
      <dst id="5">33.2444</dst>
      <dst id="3">82.2933</dst>
      <dst id="10">113.0756</dst>
      <dst id="22">3.5733</dst>
      <dst id="7">214.7644</dst>
      <dst id="2">2578.7911</dst>
      <dst id="16">12.9778</dst>
      <dst id="20">0.4622</dst>
      <dst id="11">1.9556</dst>
      <dst id="9">3.6000</dst>
      <dst id="17">14810.8800</dst>
      <dst id="21">20.1867</dst>
    </src>
    <src id="20">
      <dst id="12">14593.7778</dst>
      <dst id="13">2758.0178</dst>
      <dst id="19">827.3778</dst>
      <dst id="23">15.1822</dst>
      <dst id="8">382.1333</dst>
      <dst id="18">178.7911</dst>
      <dst id="4">1412.9156</dst>
      <dst id="1">4.9333</dst>
      <dst id="5">1058.2933</dst>
      <dst id="10">221.9556</dst>
      <dst id="7">172.9867</dst>
      <dst id="2">246.1511</dst>
      <dst id="6">2.1333</dst>
      <dst id="14">0.4267</dst>
      <dst id="20">28.9067</dst>
      <dst id="11">27.5467</dst>
      <dst id="9">3761.3600</dst>
      <dst id="17">1650.8711</dst>
      <dst id="21">189.7422</dst>
    </src>
    <src id="11">
      <dst id="12">42027.2978</dst>
      <dst id="13">1909.3867</dst>
      <dst id="19">143.4222</dst>
      <dst id="23">24.3022</dst>
      <dst id="8">547.1467</dst>
      <dst id="18">235.1644</dst>
      <dst id="4">1440.2400</dst>
      <dst id="1">1371.3867</dst>
      <dst id="5">864.7644</dst>
      <dst id="3">224.5867</dst>
      <dst id="10">2142.9067</dst>
      <dst id="22">1335.9911</dst>
      <dst id="7">387.8667</dst>
      <dst id="2">98183.1289</dst>
      <dst id="6">4.2667</dst>
      <dst id="16">384.1067</dst>
      <dst id="14">66.4178</dst>
      <dst id="20">105.2622</dst>
      <dst id="11">849.2000</dst>
      <dst id="9">1328.6044</dst>
      <dst id="17">552457.5644</dst>
      <dst id="21">431.4933</dst>
      <dst id="15">403.7067</dst>
    </src>
    <src id="9">
      <dst id="12">27853.3778</dst>
      <dst id="13">5318.9867</dst>
      <dst id="19">271.8044</dst>
      <dst id="23">35.2000</dst>
      <dst id="8">70784.0444</dst>
      <dst id="18">405.0400</dst>
      <dst id="4">1464.3644</dst>
      <dst id="1">11600.0711</dst>
      <dst id="5">1246.2667</dst>
      <dst id="3">15.4222</dst>
      <dst id="10">2167.5644</dst>
      <dst id="22">4994.1333</dst>
      <dst id="7">301.1022</dst>
      <dst id="2">479.2800</dst>
      <dst id="6">1.1200</dst>
      <dst id="16">1303.0578</dst>
      <dst id="14">1.6444</dst>
      <dst id="20">3768.9689</dst>
      <dst id="11">264.0178</dst>
      <dst id="9">538618.9600</dst>
      <dst id="17">426976.9956</dst>
      <dst id="21">278.5600</dst>
      <dst id="15">1240.2667</dst>
    </src>
    <src id="17">
      <dst id="12">115803.4044</dst>
      <dst id="13">16976.1511</dst>
      <dst id="19">284.5422</dst>
      <dst id="23">23.2178</dst>
      <dst id="8">609.9822</dst>
      <dst id="18">6899.2444</dst>
      <dst id="4">11724.9511</dst>
      <dst id="1">4808.8622</dst>
      <dst id="5">108162.4711</dst>
      <dst id="3">6709.9022</dst>
      <dst id="10">4647.3333</dst>
      <dst id="22">1737.5111</dst>
      <dst id="7">3089.5467</dst>
      <dst id="2">10200.5867</dst>
      <dst id="6">122.0000</dst>
      <dst id="16">3073.9822</dst>
      <dst id="14">9588.5778</dst>
      <dst id="20">5715.9200</dst>
      <dst id="11">16225.0133</dst>
      <dst id="9">6257.7867</dst>
      <dst id="17">19526.5067</dst>
      <dst id="21">6309.8667</dst>
      <dst id="15">794.4267</dst>
    </src>
    <src id="21">
      <dst id="12">8041.2800</dst>
      <dst id="13">429.6711</dst>
      <dst id="19">188.8800</dst>
      <dst id="23">48.1778</dst>
      <dst id="8">22.5156</dst>
      <dst id="18">2278.6311</dst>
      <dst id="4">10106.2489</dst>
      <dst id="1">3451.5467</dst>
      <dst id="5">559.3244</dst>
      <dst id="3">3507.0667</dst>
      <dst id="10">547.7511</dst>
      <dst id="22">604.0889</dst>
      <dst id="7">3038.3467</dst>
      <dst id="2">5865.6178</dst>
      <dst id="6">2.9867</dst>
      <dst id="16">297.7956</dst>
      <dst id="14">79.8133</dst>
      <dst id="20">1053.9467</dst>
      <dst id="11">617.2089</dst>
      <dst id="9">7883.9111</dst>
      <dst id="17">25073.6178</dst>
      <dst id="21">2257.1111</dst>
      <dst id="15">56.7556</dst>
    </src>
    <src id="15">
      <dst id="12">615.5911</dst>
      <dst id="13">61.1111</dst>
      <dst id="18">2.0800</dst>
      <dst id="4">76.3911</dst>
      <dst id="1">64.3911</dst>
      <dst id="5">5.4844</dst>
      <dst id="3">1.2800</dst>
      <dst id="10">2710.5244</dst>
      <dst id="7">52.6222</dst>
      <dst id="2">26.4356</dst>
      <dst id="14">1.1733</dst>
      <dst id="9">222.6667</dst>
      <dst id="17">6431.5911</dst>
      <dst id="21">18.1511</dst>
    </src>
  </IntraTM>
</TrafficMatrixFile>
