<?xml version="1.0" encoding="UTF-8" standalone="yes"?>
<TrafficMatrixFile xmlns:xsi="http://www.w3.org/2001/XMLSchema-instance" xsi:noNamespaceSchemaLocation="http://totem.run.montefiore.ulg.ac.be/Schema/TrafficMatrix-v1_2.xsd">
  <info>
    <title>Intradomain traffic matrix generated by geant-TM-all.pl</title>
    <date>2005-03-20T16:15:00</date>
    <duration>900</duration>
    <author>Steve Uhlig</author>
    <units>
        <unit type="bandwidth" value="kbps"/>
    </units>
  </info>
  <IntraTM ASID="20965">
    <src id="12">
      <dst id="12">286815.5022</dst>
      <dst id="13">26898.4800</dst>
      <dst id="19">3390.1867</dst>
      <dst id="23">2404.1956</dst>
      <dst id="8">127.8311</dst>
      <dst id="18">72928.7556</dst>
      <dst id="4">2855.2978</dst>
      <dst id="1">22088.4800</dst>
      <dst id="5">714.7644</dst>
      <dst id="3">393.6089</dst>
      <dst id="10">4315.0489</dst>
      <dst id="22">4055.6889</dst>
      <dst id="7">3720.6578</dst>
      <dst id="2">17495.6800</dst>
      <dst id="6">20085.2178</dst>
      <dst id="16">3239.8756</dst>
      <dst id="14">414.2578</dst>
      <dst id="20">2705.9822</dst>
      <dst id="11">166.9244</dst>
      <dst id="9">8679.9733</dst>
      <dst id="17">36019.5644</dst>
      <dst id="21">5771.9467</dst>
      <dst id="15">431.9022</dst>
    </src>
    <src id="13">
      <dst id="12">12762.6756</dst>
      <dst id="13">60.6933</dst>
      <dst id="19">1764.0356</dst>
      <dst id="23">24.9867</dst>
      <dst id="8">76.1422</dst>
      <dst id="18">4862.0178</dst>
      <dst id="4">0.5333</dst>
      <dst id="1">658.3467</dst>
      <dst id="5">374.2311</dst>
      <dst id="3">16.1422</dst>
      <dst id="10">1.4222</dst>
      <dst id="22">1092.9067</dst>
      <dst id="7">796.6044</dst>
      <dst id="2">1071.1644</dst>
      <dst id="6">6.1956</dst>
      <dst id="16">527.1822</dst>
      <dst id="14">39.4667</dst>
      <dst id="20">3325.6978</dst>
      <dst id="11">20.3378</dst>
      <dst id="9">1918.5156</dst>
      <dst id="17">16760.0178</dst>
      <dst id="21">7746.4178</dst>
      <dst id="15">66.7556</dst>
    </src>
    <src id="19">
      <dst id="12">4259.4667</dst>
      <dst id="13">1124.9778</dst>
      <dst id="23">1.4933</dst>
      <dst id="8">0.9600</dst>
      <dst id="18">0.7111</dst>
      <dst id="4">214.1067</dst>
      <dst id="1">295.4489</dst>
      <dst id="5">27.6622</dst>
      <dst id="10">7.0933</dst>
      <dst id="22">8.4356</dst>
      <dst id="7">3601.4667</dst>
      <dst id="2">121.6444</dst>
      <dst id="6">373.2533</dst>
      <dst id="16">717.5378</dst>
      <dst id="14">2.9867</dst>
      <dst id="20">40.7022</dst>
      <dst id="11">53.3333</dst>
      <dst id="9">101.6000</dst>
      <dst id="17">6423.2267</dst>
      <dst id="21">143.0311</dst>
      <dst id="15">0.4267</dst>
    </src>
    <src id="23">
      <dst id="12">7508.9067</dst>
      <dst id="13">1625.4756</dst>
      <dst id="19">66.6667</dst>
      <dst id="8">0.4267</dst>
      <dst id="18">879.4667</dst>
      <dst id="4">479.7422</dst>
      <dst id="1">41.8489</dst>
      <dst id="5">13.3333</dst>
      <dst id="10">229.6889</dst>
      <dst id="22">4154.0267</dst>
      <dst id="7">1600.7200</dst>
      <dst id="2">2459.0844</dst>
      <dst id="16">0.3556</dst>
      <dst id="14">24.9956</dst>
      <dst id="20">13.3333</dst>
      <dst id="11">25.8311</dst>
      <dst id="9">6.0711</dst>
      <dst id="17">9684.9778</dst>
      <dst id="21">239.5111</dst>
      <dst id="15">0.8356</dst>
    </src>
    <src id="8">
      <dst id="12">2622.8889</dst>
      <dst id="13">379.1200</dst>
      <dst id="19">83.4044</dst>
      <dst id="23">0.8356</dst>
      <dst id="18">8.2667</dst>
      <dst id="4">57.5911</dst>
      <dst id="1">2194.7556</dst>
      <dst id="5">693.9200</dst>
      <dst id="10">6.0356</dst>
      <dst id="7">98.7378</dst>
      <dst id="2">16.2756</dst>
      <dst id="6">0.3556</dst>
      <dst id="16">196040.6756</dst>
      <dst id="11">1.1733</dst>
      <dst id="9">48784.7289</dst>
      <dst id="17">25759.2800</dst>
      <dst id="21">37.3689</dst>
      <dst id="15">274.6578</dst>
    </src>
    <src id="18">
      <dst id="12">131690.9333</dst>
      <dst id="13">193.6978</dst>
      <dst id="19">0.4711</dst>
      <dst id="23">21.7689</dst>
      <dst id="8">110.2489</dst>
      <dst id="4">179.3689</dst>
      <dst id="1">987.9467</dst>
      <dst id="5">40.6933</dst>
      <dst id="3">2664.0622</dst>
      <dst id="10">13.8311</dst>
      <dst id="22">211.9556</dst>
      <dst id="7">203.8844</dst>
      <dst id="2">8244.0000</dst>
      <dst id="16">404.1333</dst>
      <dst id="20">14.7022</dst>
      <dst id="11">2.6133</dst>
      <dst id="9">476.7022</dst>
      <dst id="17">7135.0667</dst>
      <dst id="21">82.2844</dst>
      <dst id="15">13.1200</dst>
    </src>
    <src id="4">
      <dst id="12">34346.3644</dst>
      <dst id="13">5.9911</dst>
      <dst id="19">15371.2356</dst>
      <dst id="23">260.8444</dst>
      <dst id="8">1177.3244</dst>
      <dst id="18">1876.7733</dst>
      <dst id="4">134.2844</dst>
      <dst id="1">34238.2311</dst>
      <dst id="5">3026.4089</dst>
      <dst id="3">563.9822</dst>
      <dst id="7">91.5644</dst>
      <dst id="2">34952.2489</dst>
      <dst id="6">197.1378</dst>
      <dst id="16">58496.5333</dst>
      <dst id="14">2284.6756</dst>
      <dst id="11">1529.2000</dst>
      <dst id="9">19936.1244</dst>
      <dst id="17">63081.0933</dst>
      <dst id="21">9681.9822</dst>
      <dst id="15">4294.4178</dst>
    </src>
    <src id="1">
      <dst id="12">436596.1244</dst>
      <dst id="13">2630.3111</dst>
      <dst id="19">151.4933</dst>
      <dst id="23">42.5867</dst>
      <dst id="8">201.2622</dst>
      <dst id="18">13009.2356</dst>
      <dst id="4">600.4178</dst>
      <dst id="1">166559.0311</dst>
      <dst id="5">365.8400</dst>
      <dst id="3">355.7511</dst>
      <dst id="10">330.8800</dst>
      <dst id="7">345246.9956</dst>
      <dst id="2">21277.4667</dst>
      <dst id="6">12.9333</dst>
      <dst id="16">1084637.9733</dst>
      <dst id="14">75.3511</dst>
      <dst id="20">1059.0933</dst>
      <dst id="11">1653.9200</dst>
      <dst id="9">1270.2844</dst>
      <dst id="17">372330.7022</dst>
      <dst id="21">553788.9778</dst>
      <dst id="15">571.9111</dst>
    </src>
    <src id="5">
      <dst id="12">4549.0489</dst>
      <dst id="13">1801.2356</dst>
      <dst id="19">13.7067</dst>
      <dst id="23">6.9600</dst>
      <dst id="8">2058.2844</dst>
      <dst id="18">22.6044</dst>
      <dst id="4">134.8978</dst>
      <dst id="1">3138.5333</dst>
      <dst id="3">0.3556</dst>
      <dst id="10">69.4756</dst>
      <dst id="7">143.6444</dst>
      <dst id="2">208.6844</dst>
      <dst id="6">0.3556</dst>
      <dst id="16">250207.5289</dst>
      <dst id="14">12.6933</dst>
      <dst id="11">4.2667</dst>
      <dst id="9">30082.3556</dst>
      <dst id="17">28612.5067</dst>
      <dst id="21">60.8533</dst>
      <dst id="15">27.0756</dst>
    </src>
    <src id="3">
      <dst id="12">4847.9733</dst>
      <dst id="13">37862.6756</dst>
      <dst id="19">373.0489</dst>
      <dst id="23">10927.2089</dst>
      <dst id="8">1003.0400</dst>
      <dst id="18">39.3333</dst>
      <dst id="4">780.1067</dst>
      <dst id="1">4162.5689</dst>
      <dst id="5">220.0178</dst>
      <dst id="3">165.9200</dst>
      <dst id="10">153.9200</dst>
      <dst id="7">846.8622</dst>
      <dst id="2">3094.4089</dst>
      <dst id="6">5.1644</dst>
      <dst id="16">5088.4622</dst>
      <dst id="14">111.7600</dst>
      <dst id="20">11.4578</dst>
      <dst id="11">131.9733</dst>
      <dst id="9">2124.7289</dst>
      <dst id="17">53600.5689</dst>
      <dst id="21">669.6533</dst>
      <dst id="15">46.4178</dst>
    </src>
    <src id="10">
      <dst id="12">8657.0400</dst>
      <dst id="13">3.6622</dst>
      <dst id="19">88.4711</dst>
      <dst id="23">804.3111</dst>
      <dst id="8">75.9200</dst>
      <dst id="18">244.3289</dst>
      <dst id="1">1022.5778</dst>
      <dst id="5">646.2400</dst>
      <dst id="3">202.9511</dst>
      <dst id="7">645.9022</dst>
      <dst id="2">10762.6222</dst>
      <dst id="6">0.9511</dst>
      <dst id="16">21153.0400</dst>
      <dst id="14">776.7644</dst>
      <dst id="20">718.8000</dst>
      <dst id="11">46.4622</dst>
      <dst id="9">4533.1378</dst>
      <dst id="17">68121.3067</dst>
      <dst id="21">8867.6800</dst>
      <dst id="15">269.6889</dst>
    </src>
    <src id="22">
      <dst id="12">6722.9867</dst>
      <dst id="13">3468.6222</dst>
      <dst id="19">113.7244</dst>
      <dst id="23">63.6000</dst>
      <dst id="8">238.5067</dst>
      <dst id="18">127.4400</dst>
      <dst id="4">1021.9378</dst>
      <dst id="1">337.3600</dst>
      <dst id="5">452.3556</dst>
      <dst id="10">466.7733</dst>
      <dst id="7">566.8711</dst>
      <dst id="2">183.4578</dst>
      <dst id="6">8.1333</dst>
      <dst id="16">327.5556</dst>
      <dst id="14">58.3378</dst>
      <dst id="11">32.0978</dst>
      <dst id="9">589.3600</dst>
      <dst id="17">12068.7911</dst>
      <dst id="21">1846.0089</dst>
    </src>
    <src id="7">
      <dst id="12">5624.9956</dst>
      <dst id="13">18990.4711</dst>
      <dst id="19">319.5111</dst>
      <dst id="23">387.8933</dst>
      <dst id="8">76.9956</dst>
      <dst id="18">132.9689</dst>
      <dst id="4">1700.7733</dst>
      <dst id="1">11637.0844</dst>
      <dst id="5">1029.6533</dst>
      <dst id="3">143.4311</dst>
      <dst id="10">573.1467</dst>
      <dst id="22">3787.6711</dst>
      <dst id="7">929.9644</dst>
      <dst id="2">9085.5378</dst>
      <dst id="6">102.3911</dst>
      <dst id="16">739.9822</dst>
      <dst id="14">132.6933</dst>
      <dst id="20">532.6667</dst>
      <dst id="11">56.0711</dst>
      <dst id="9">603.3600</dst>
      <dst id="17">8588.6756</dst>
      <dst id="21">1472.4089</dst>
      <dst id="15">115.3333</dst>
    </src>
    <src id="2">
      <dst id="12">85048.8622</dst>
      <dst id="13">15203.2533</dst>
      <dst id="19">505.7156</dst>
      <dst id="23">60.8622</dst>
      <dst id="8">132.2578</dst>
      <dst id="18">35878.4444</dst>
      <dst id="4">5723.9378</dst>
      <dst id="1">11080.5156</dst>
      <dst id="5">459.1467</dst>
      <dst id="3">1063.4044</dst>
      <dst id="10">1508.0267</dst>
      <dst id="22">631.8222</dst>
      <dst id="7">3419.6089</dst>
      <dst id="2">2539.2089</dst>
      <dst id="6">13795.6356</dst>
      <dst id="16">640.2756</dst>
      <dst id="14">310.5156</dst>
      <dst id="20">28324.5600</dst>
      <dst id="11">318.1422</dst>
      <dst id="9">2159.2089</dst>
      <dst id="17">26500.8267</dst>
      <dst id="21">2479.1644</dst>
      <dst id="15">85.1556</dst>
    </src>
    <src id="6">
      <dst id="12">269.9644</dst>
      <dst id="13">45.5644</dst>
      <dst id="19">26.0711</dst>
      <dst id="8">2.8978</dst>
      <dst id="18">11.5556</dst>
      <dst id="4">0.4267</dst>
      <dst id="1">520.2844</dst>
      <dst id="5">11.4667</dst>
      <dst id="3">3.8044</dst>
      <dst id="10">0.3556</dst>
      <dst id="22">55.6800</dst>
      <dst id="7">134.1156</dst>
      <dst id="2">959.4044</dst>
      <dst id="16">56.9600</dst>
      <dst id="20">17.8756</dst>
      <dst id="9">133.1200</dst>
      <dst id="17">20523.7956</dst>
      <dst id="21">80.2044</dst>
    </src>
    <src id="16">
      <dst id="12">158439.2800</dst>
      <dst id="13">2872.1867</dst>
      <dst id="19">3091.4933</dst>
      <dst id="23">31.4933</dst>
      <dst id="8">80783.0400</dst>
      <dst id="18">30.8978</dst>
      <dst id="4">837.3867</dst>
      <dst id="1">9340.2578</dst>
      <dst id="5">182963.0756</dst>
      <dst id="3">6718.4711</dst>
      <dst id="10">1341.0933</dst>
      <dst id="7">347.2267</dst>
      <dst id="2">305.7244</dst>
      <dst id="6">308.5156</dst>
      <dst id="16">23389.2622</dst>
      <dst id="14">33911.6889</dst>
      <dst id="11">25856.6311</dst>
      <dst id="9">236498.9333</dst>
      <dst id="17">3038.6667</dst>
      <dst id="21">1.7689</dst>
    </src>
    <src id="14">
      <dst id="12">467.5111</dst>
      <dst id="13">326.4178</dst>
      <dst id="19">0.8000</dst>
      <dst id="18">12.6222</dst>
      <dst id="4">1444.3556</dst>
      <dst id="1">318.2756</dst>
      <dst id="5">347.2533</dst>
      <dst id="3">410.6756</dst>
      <dst id="10">119.1111</dst>
      <dst id="7">136.2044</dst>
      <dst id="2">1152.2844</dst>
      <dst id="16">1274.6756</dst>
      <dst id="20">12.8711</dst>
      <dst id="11">1.1733</dst>
      <dst id="9">139.4933</dst>
      <dst id="17">19260.8444</dst>
      <dst id="21">157.4489</dst>
    </src>
    <src id="20">
      <dst id="12">13784.9778</dst>
      <dst id="13">1091.1644</dst>
      <dst id="19">452.5067</dst>
      <dst id="23">3.1644</dst>
      <dst id="8">19.6089</dst>
      <dst id="4">999.2889</dst>
      <dst id="1">246.0622</dst>
      <dst id="5">4750.2667</dst>
      <dst id="10">1761.0133</dst>
      <dst id="7">2900.0800</dst>
      <dst id="2">149.5822</dst>
      <dst id="6">1.7778</dst>
      <dst id="16">4458.3733</dst>
      <dst id="14">14.2222</dst>
      <dst id="20">74.5778</dst>
      <dst id="11">14.0444</dst>
      <dst id="9">113.4044</dst>
      <dst id="17">13821.1289</dst>
      <dst id="21">183.5289</dst>
    </src>
    <src id="11">
      <dst id="12">17117.9467</dst>
      <dst id="13">2169.3511</dst>
      <dst id="19">70.1067</dst>
      <dst id="23">9.1378</dst>
      <dst id="8">3336.1778</dst>
      <dst id="18">195.8667</dst>
      <dst id="4">777.4400</dst>
      <dst id="1">2745.8044</dst>
      <dst id="5">526.3378</dst>
      <dst id="3">4967.1111</dst>
      <dst id="10">5380.3467</dst>
      <dst id="7">96.1956</dst>
      <dst id="2">57437.0667</dst>
      <dst id="6">17.8489</dst>
      <dst id="16">13979.2267</dst>
      <dst id="14">471.3689</dst>
      <dst id="20">446.5956</dst>
      <dst id="11">960.4000</dst>
      <dst id="9">4930.1333</dst>
      <dst id="17">628919.7600</dst>
      <dst id="21">495.1378</dst>
      <dst id="15">347.5911</dst>
    </src>
    <src id="9">
      <dst id="12">8296.6044</dst>
      <dst id="13">5831.8400</dst>
      <dst id="19">54.5333</dst>
      <dst id="23">295.7867</dst>
      <dst id="8">76186.8178</dst>
      <dst id="18">3.5022</dst>
      <dst id="4">412.3911</dst>
      <dst id="1">3246.7911</dst>
      <dst id="5">951.7689</dst>
      <dst id="10">270.0356</dst>
      <dst id="7">40.7644</dst>
      <dst id="2">108.7200</dst>
      <dst id="6">3.0578</dst>
      <dst id="16">434310.8889</dst>
      <dst id="14">28.6311</dst>
      <dst id="11">54.3200</dst>
      <dst id="9">231976.1867</dst>
      <dst id="17">65540.5067</dst>
      <dst id="21">137.9289</dst>
      <dst id="15">123.5022</dst>
    </src>
    <src id="17">
      <dst id="12">106916.5867</dst>
      <dst id="13">27587.8133</dst>
      <dst id="19">563.5644</dst>
      <dst id="23">206.9600</dst>
      <dst id="8">199.0222</dst>
      <dst id="18">10240.4444</dst>
      <dst id="4">5257.1200</dst>
      <dst id="1">8074.1422</dst>
      <dst id="5">126034.2222</dst>
      <dst id="3">5637.2267</dst>
      <dst id="10">4360.4800</dst>
      <dst id="7">16108.3644</dst>
      <dst id="2">3520.7111</dst>
      <dst id="6">608.5689</dst>
      <dst id="16">44114.7111</dst>
      <dst id="14">14268.8089</dst>
      <dst id="20">30958.5422</dst>
      <dst id="11">23999.3778</dst>
      <dst id="9">4844.3733</dst>
      <dst id="17">17160.8000</dst>
      <dst id="21">2941.4311</dst>
      <dst id="15">172.8622</dst>
    </src>
    <src id="21">
      <dst id="12">2574.5956</dst>
      <dst id="13">3836.5600</dst>
      <dst id="19">74.3911</dst>
      <dst id="23">9.3422</dst>
      <dst id="8">68.2489</dst>
      <dst id="18">847.4133</dst>
      <dst id="4">1715.8400</dst>
      <dst id="1">9605.2533</dst>
      <dst id="5">625.6800</dst>
      <dst id="3">2533.1200</dst>
      <dst id="10">1279.5378</dst>
      <dst id="7">3746.8000</dst>
      <dst id="2">5389.5200</dst>
      <dst id="6">37.8400</dst>
      <dst id="16">6077.6444</dst>
      <dst id="14">227.7867</dst>
      <dst id="20">599.6267</dst>
      <dst id="11">97.2089</dst>
      <dst id="9">1581.9467</dst>
      <dst id="17">16138.8089</dst>
      <dst id="21">1132.9867</dst>
      <dst id="15">7.5556</dst>
    </src>
    <src id="15">
      <dst id="12">144.2044</dst>
      <dst id="13">179.1111</dst>
      <dst id="23">0.7378</dst>
      <dst id="8">188.7467</dst>
      <dst id="18">27.6622</dst>
      <dst id="4">32.6044</dst>
      <dst id="1">289.3689</dst>
      <dst id="5">6.6400</dst>
      <dst id="10">10.9689</dst>
      <dst id="7">96.2489</dst>
      <dst id="2">14.6489</dst>
      <dst id="16">372.0978</dst>
      <dst id="14">0.4267</dst>
      <dst id="11">40.0000</dst>
      <dst id="9">5540.6222</dst>
      <dst id="17">337.8933</dst>
      <dst id="21">0.7111</dst>
    </src>
  </IntraTM>
</TrafficMatrixFile>
