<?xml version="1.0" encoding="UTF-8" standalone="yes"?>
<TrafficMatrixFile xmlns:xsi="http://www.w3.org/2001/XMLSchema-instance" xsi:noNamespaceSchemaLocation="http://totem.run.montefiore.ulg.ac.be/Schema/TrafficMatrix-v1_2.xsd">
  <info>
    <title>Intradomain traffic matrix generated by geant-TM-all.pl</title>
    <date>2005-04-23T03:15:00</date>
    <duration>900</duration>
    <author>Steve Uhlig</author>
    <units>
        <unit type="bandwidth" value="kbps"/>
    </units>
  </info>
  <IntraTM ASID="20965">
    <src id="12">
      <dst id="12">425372.9956</dst>
      <dst id="13">35044.6756</dst>
      <dst id="19">5464.4978</dst>
      <dst id="23">6499.4044</dst>
      <dst id="8">660.0444</dst>
      <dst id="18">95126.2222</dst>
      <dst id="4">15195.4311</dst>
      <dst id="1">28960.7467</dst>
      <dst id="5">13941.6622</dst>
      <dst id="3">355.9289</dst>
      <dst id="10">8205.8578</dst>
      <dst id="22">3984.3111</dst>
      <dst id="7">9430.0889</dst>
      <dst id="2">14600.8089</dst>
      <dst id="16">22959.8133</dst>
      <dst id="14">554.9156</dst>
      <dst id="20">5679.2800</dst>
      <dst id="11">720.1511</dst>
      <dst id="9">30143.1200</dst>
      <dst id="17">54715.0400</dst>
      <dst id="21">8202.6578</dst>
      <dst id="15">1521.3956</dst>
    </src>
    <src id="13">
      <dst id="12">16558.0533</dst>
      <dst id="13">946.7200</dst>
      <dst id="19">3342.4444</dst>
      <dst id="23">123.8400</dst>
      <dst id="8">1149.5289</dst>
      <dst id="18">741.7333</dst>
      <dst id="4">2.4178</dst>
      <dst id="1">1057.1556</dst>
      <dst id="5">17256.7200</dst>
      <dst id="3">1243.0222</dst>
      <dst id="22">698.3644</dst>
      <dst id="7">1461.9467</dst>
      <dst id="2">28443.8844</dst>
      <dst id="16">1463.8756</dst>
      <dst id="14">1684.9156</dst>
      <dst id="20">2669.5022</dst>
      <dst id="11">128.3644</dst>
      <dst id="9">11308.0533</dst>
      <dst id="17">27638.2578</dst>
      <dst id="21">17411.2356</dst>
      <dst id="15">5872.9600</dst>
    </src>
    <src id="19">
      <dst id="12">37129.4578</dst>
      <dst id="13">811.1378</dst>
      <dst id="23">113.7067</dst>
      <dst id="8">14.4533</dst>
      <dst id="18">380.7022</dst>
      <dst id="4">621.0933</dst>
      <dst id="1">122.4889</dst>
      <dst id="5">1.5644</dst>
      <dst id="3">0.7644</dst>
      <dst id="10">73.8667</dst>
      <dst id="22">14.5422</dst>
      <dst id="7">615.5289</dst>
      <dst id="2">24398.5333</dst>
      <dst id="16">4414.4622</dst>
      <dst id="14">25.0667</dst>
      <dst id="11">5.0756</dst>
      <dst id="9">304.0622</dst>
      <dst id="17">12188.3111</dst>
      <dst id="21">683.1644</dst>
      <dst id="15">14.3556</dst>
    </src>
    <src id="23">
      <dst id="12">4497.6622</dst>
      <dst id="13">2909.0578</dst>
      <dst id="19">4.7378</dst>
      <dst id="8">139.9200</dst>
      <dst id="18">13.3333</dst>
      <dst id="4">544.7911</dst>
      <dst id="1">204.9067</dst>
      <dst id="10">168.4356</dst>
      <dst id="22">25.2444</dst>
      <dst id="7">75.9467</dst>
      <dst id="2">216.6667</dst>
      <dst id="14">13.0844</dst>
      <dst id="20">12.6222</dst>
      <dst id="11">26.3822</dst>
      <dst id="9">20.1422</dst>
      <dst id="17">943.4222</dst>
      <dst id="21">360.7467</dst>
      <dst id="15">13.3333</dst>
    </src>
    <src id="8">
      <dst id="12">10241.5022</dst>
      <dst id="13">526.1244</dst>
      <dst id="19">36.7822</dst>
      <dst id="23">2.3911</dst>
      <dst id="18">146.0267</dst>
      <dst id="4">1481.2089</dst>
      <dst id="1">2751.9822</dst>
      <dst id="5">6263.7511</dst>
      <dst id="3">763.3333</dst>
      <dst id="10">506.4800</dst>
      <dst id="2">77.6089</dst>
      <dst id="16">291735.0667</dst>
      <dst id="14">0.7111</dst>
      <dst id="11">98.6667</dst>
      <dst id="9">79457.8756</dst>
      <dst id="17">20434.2933</dst>
      <dst id="21">54.4800</dst>
      <dst id="15">105.8578</dst>
    </src>
    <src id="18">
      <dst id="12">142206.6133</dst>
      <dst id="13">519.9378</dst>
      <dst id="19">18.5067</dst>
      <dst id="23">6.2578</dst>
      <dst id="8">134.1600</dst>
      <dst id="4">155.2444</dst>
      <dst id="1">10080.1511</dst>
      <dst id="5">182.1156</dst>
      <dst id="3">2275.6089</dst>
      <dst id="10">93.9556</dst>
      <dst id="22">0.5867</dst>
      <dst id="7">1381.3600</dst>
      <dst id="2">3855.0933</dst>
      <dst id="16">1024.4622</dst>
      <dst id="20">507.3333</dst>
      <dst id="11">3.3689</dst>
      <dst id="9">8366.8978</dst>
      <dst id="17">4440.8267</dst>
      <dst id="21">960.0356</dst>
      <dst id="15">68.5511</dst>
    </src>
    <src id="4">
      <dst id="12">29195.7422</dst>
      <dst id="13">765.8222</dst>
      <dst id="19">13989.7600</dst>
      <dst id="23">10624.4622</dst>
      <dst id="8">3375.3600</dst>
      <dst id="18">8126.6844</dst>
      <dst id="4">4440.2844</dst>
      <dst id="1">44014.1156</dst>
      <dst id="5">11541.9289</dst>
      <dst id="3">863.5378</dst>
      <dst id="7">7.6356</dst>
      <dst id="2">207051.9644</dst>
      <dst id="16">214286.9867</dst>
      <dst id="14">11078.2044</dst>
      <dst id="11">1057.1378</dst>
      <dst id="9">40777.4222</dst>
      <dst id="17">224881.5644</dst>
      <dst id="21">32006.4533</dst>
      <dst id="15">1321.4133</dst>
    </src>
    <src id="1">
      <dst id="12">101170.8267</dst>
      <dst id="13">7061.1111</dst>
      <dst id="19">98.7644</dst>
      <dst id="23">55.4933</dst>
      <dst id="8">435.5200</dst>
      <dst id="18">13139.1911</dst>
      <dst id="4">426.5511</dst>
      <dst id="1">1242396.5422</dst>
      <dst id="5">712.3733</dst>
      <dst id="3">11668.7200</dst>
      <dst id="10">810.5689</dst>
      <dst id="7">42656.4800</dst>
      <dst id="2">22420.0533</dst>
      <dst id="16">158083.9911</dst>
      <dst id="14">10083.2889</dst>
      <dst id="20">6351.3156</dst>
      <dst id="11">1759.6000</dst>
      <dst id="9">14045.1289</dst>
      <dst id="17">22400.4889</dst>
      <dst id="21">367237.5467</dst>
      <dst id="15">438.0622</dst>
    </src>
    <src id="5">
      <dst id="12">31268.3200</dst>
      <dst id="13">2264.6667</dst>
      <dst id="19">1.8133</dst>
      <dst id="8">1760.8533</dst>
      <dst id="18">164.6933</dst>
      <dst id="4">825.9200</dst>
      <dst id="1">43829.7867</dst>
      <dst id="3">968.8178</dst>
      <dst id="10">404.5244</dst>
      <dst id="2">3455.8133</dst>
      <dst id="16">430254.6222</dst>
      <dst id="14">11.0756</dst>
      <dst id="11">27.0933</dst>
      <dst id="9">84748.0267</dst>
      <dst id="17">34053.5289</dst>
      <dst id="21">335.4756</dst>
      <dst id="15">90.9156</dst>
    </src>
    <src id="3">
      <dst id="12">3291.7067</dst>
      <dst id="13">46131.8667</dst>
      <dst id="19">1094.9422</dst>
      <dst id="23">37.9733</dst>
      <dst id="8">6.4533</dst>
      <dst id="18">3738.2311</dst>
      <dst id="4">985.6444</dst>
      <dst id="1">55420.9156</dst>
      <dst id="5">560.3822</dst>
      <dst id="3">136.6578</dst>
      <dst id="10">574.7378</dst>
      <dst id="7">52181.2267</dst>
      <dst id="2">2457.6178</dst>
      <dst id="16">8727.2000</dst>
      <dst id="14">159.9200</dst>
      <dst id="20">6612.5156</dst>
      <dst id="11">164.1244</dst>
      <dst id="9">2175.0578</dst>
      <dst id="17">23862.2489</dst>
      <dst id="21">9918.2044</dst>
      <dst id="15">12.4978</dst>
    </src>
    <src id="10">
    </src>
    <src id="22">
      <dst id="12">28293.6889</dst>
      <dst id="13">10217.7244</dst>
      <dst id="19">47.2711</dst>
      <dst id="23">7.6800</dst>
      <dst id="8">462.1956</dst>
      <dst id="18">277.0756</dst>
      <dst id="4">631.3067</dst>
      <dst id="1">165.3511</dst>
      <dst id="5">1450.3467</dst>
      <dst id="3">21.8133</dst>
      <dst id="10">2060.6667</dst>
      <dst id="7">188.7822</dst>
      <dst id="2">657.5733</dst>
      <dst id="16">198.4711</dst>
      <dst id="14">46.9422</dst>
      <dst id="20">6539.6711</dst>
      <dst id="11">342.7911</dst>
      <dst id="9">730.2756</dst>
      <dst id="17">12090.0800</dst>
      <dst id="21">715.2356</dst>
      <dst id="15">906.2044</dst>
    </src>
    <src id="7">
      <dst id="12">35715.7867</dst>
      <dst id="13">25549.2533</dst>
      <dst id="19">5200.8089</dst>
      <dst id="23">124.8000</dst>
      <dst id="8">1.3422</dst>
      <dst id="18">3910.4089</dst>
      <dst id="4">1354.1778</dst>
      <dst id="1">4035.0667</dst>
      <dst id="5">153.7244</dst>
      <dst id="3">369.1111</dst>
      <dst id="10">425.4400</dst>
      <dst id="22">33.3867</dst>
      <dst id="7">238.2133</dst>
      <dst id="2">2560.5511</dst>
      <dst id="16">223.4667</dst>
      <dst id="14">64.5778</dst>
      <dst id="20">116.2400</dst>
      <dst id="11">45.7333</dst>
      <dst id="9">167.0133</dst>
      <dst id="17">3250.1600</dst>
      <dst id="21">1584.3733</dst>
      <dst id="15">4.0000</dst>
    </src>
    <src id="2">
      <dst id="12">139662.6578</dst>
      <dst id="13">27121.0222</dst>
      <dst id="19">2860.0356</dst>
      <dst id="23">0.3556</dst>
      <dst id="8">727.3689</dst>
      <dst id="18">65118.1689</dst>
      <dst id="4">8098.0622</dst>
      <dst id="1">44988.5689</dst>
      <dst id="5">671.4044</dst>
      <dst id="3">183.9200</dst>
      <dst id="10">3517.6178</dst>
      <dst id="22">118.2933</dst>
      <dst id="7">4284.3289</dst>
      <dst id="2">3630.6044</dst>
      <dst id="6">3.6978</dst>
      <dst id="16">412.3822</dst>
      <dst id="14">422.8533</dst>
      <dst id="20">1844.3111</dst>
      <dst id="11">353.6889</dst>
      <dst id="9">1708.5956</dst>
      <dst id="17">23104.1156</dst>
      <dst id="21">6839.6533</dst>
      <dst id="15">60.1867</dst>
    </src>
    <src id="6">
      <dst id="12">440.8533</dst>
      <dst id="13">70.2933</dst>
      <dst id="19">0.7733</dst>
      <dst id="4">1.5022</dst>
      <dst id="1">2432.2044</dst>
      <dst id="5">1.9022</dst>
      <dst id="3">27.2978</dst>
      <dst id="10">2.4267</dst>
      <dst id="7">16.4622</dst>
      <dst id="2">400.9511</dst>
      <dst id="16">20.2222</dst>
      <dst id="20">13.2089</dst>
      <dst id="9">2273.1467</dst>
      <dst id="17">29200.8000</dst>
      <dst id="21">47.3422</dst>
    </src>
    <src id="16">
      <dst id="12">163536.7733</dst>
      <dst id="13">1051.2533</dst>
      <dst id="19">4065.7511</dst>
      <dst id="23">61.5911</dst>
      <dst id="8">120104.4978</dst>
      <dst id="18">2.6311</dst>
      <dst id="4">384.9156</dst>
      <dst id="1">20418.8622</dst>
      <dst id="5">329838.3644</dst>
      <dst id="3">4740.7822</dst>
      <dst id="10">464.3911</dst>
      <dst id="2">511.8222</dst>
      <dst id="16">31702.6400</dst>
      <dst id="14">48538.8178</dst>
      <dst id="11">18603.7956</dst>
      <dst id="9">249238.3911</dst>
      <dst id="17">7871.8400</dst>
      <dst id="21">88.0000</dst>
    </src>
    <src id="14">
      <dst id="12">2111.1911</dst>
      <dst id="13">335.6444</dst>
      <dst id="19">32.0356</dst>
      <dst id="23">1.1733</dst>
      <dst id="8">2.4889</dst>
      <dst id="18">1.4933</dst>
      <dst id="4">156.9600</dst>
      <dst id="1">2270.1156</dst>
      <dst id="5">52.9956</dst>
      <dst id="3">752.1422</dst>
      <dst id="10">369.7422</dst>
      <dst id="7">193.2800</dst>
      <dst id="2">778.0800</dst>
      <dst id="16">2547.1911</dst>
      <dst id="20">38.1422</dst>
      <dst id="11">16.1511</dst>
      <dst id="9">2649.2089</dst>
      <dst id="17">29508.0889</dst>
      <dst id="21">108.0533</dst>
    </src>
    <src id="20">
      <dst id="12">313.0667</dst>
      <dst id="13">6731.6000</dst>
      <dst id="19">0.9333</dst>
      <dst id="8">64.5156</dst>
      <dst id="18">56.6844</dst>
      <dst id="4">368.9422</dst>
      <dst id="1">207.0044</dst>
      <dst id="5">710.3289</dst>
      <dst id="10">4814.9511</dst>
      <dst id="22">260.2400</dst>
      <dst id="7">763.2267</dst>
      <dst id="2">239.9467</dst>
      <dst id="16">16090.8978</dst>
      <dst id="14">42.9689</dst>
      <dst id="20">54.5778</dst>
      <dst id="11">25.7778</dst>
      <dst id="9">7811.2711</dst>
      <dst id="17">15303.3244</dst>
      <dst id="21">87.3867</dst>
    </src>
    <src id="11">
      <dst id="12">38681.2889</dst>
      <dst id="13">3713.5556</dst>
      <dst id="19">85.7156</dst>
      <dst id="23">31.0933</dst>
      <dst id="8">323.4400</dst>
      <dst id="18">75.3422</dst>
      <dst id="4">1277.0578</dst>
      <dst id="1">57891.4133</dst>
      <dst id="5">1191.6356</dst>
      <dst id="3">2258.5244</dst>
      <dst id="10">1648.1422</dst>
      <dst id="2">6891.1111</dst>
      <dst id="16">19616.5956</dst>
      <dst id="14">67.6533</dst>
      <dst id="20">258.9156</dst>
      <dst id="11">940.4178</dst>
      <dst id="9">83269.8578</dst>
      <dst id="17">681356.1689</dst>
      <dst id="21">1087.6089</dst>
      <dst id="15">1752.2489</dst>
    </src>
    <src id="9">
      <dst id="12">33271.2533</dst>
      <dst id="13">3769.4756</dst>
      <dst id="19">10181.6178</dst>
      <dst id="23">1.3867</dst>
      <dst id="8">103585.8133</dst>
      <dst id="18">82.5156</dst>
      <dst id="4">1501.2178</dst>
      <dst id="1">4077.9822</dst>
      <dst id="5">239.2533</dst>
      <dst id="3">874.3556</dst>
      <dst id="10">803.5378</dst>
      <dst id="2">782.3467</dst>
      <dst id="16">594704.5156</dst>
      <dst id="14">37.2622</dst>
      <dst id="11">117.6978</dst>
      <dst id="9">335288.7556</dst>
      <dst id="17">48428.1956</dst>
      <dst id="21">272.2222</dst>
      <dst id="15">147.8667</dst>
    </src>
    <src id="17">
      <dst id="12">125533.3600</dst>
      <dst id="13">46960.1867</dst>
      <dst id="19">3034.1333</dst>
      <dst id="23">61.3156</dst>
      <dst id="8">2975.7244</dst>
      <dst id="18">207.1111</dst>
      <dst id="4">4456.7556</dst>
      <dst id="1">20096.4089</dst>
      <dst id="5">238437.6978</dst>
      <dst id="3">8903.8844</dst>
      <dst id="10">3043.9200</dst>
      <dst id="7">5872.1867</dst>
      <dst id="2">11682.1333</dst>
      <dst id="16">67435.7244</dst>
      <dst id="14">16600.9867</dst>
      <dst id="20">1083.8756</dst>
      <dst id="11">19400.5067</dst>
      <dst id="9">11681.4578</dst>
      <dst id="17">20689.8933</dst>
      <dst id="21">13647.0844</dst>
      <dst id="15">166.0622</dst>
    </src>
    <src id="21">
      <dst id="12">2527.9556</dst>
      <dst id="13">8834.1689</dst>
      <dst id="19">332.5067</dst>
      <dst id="23">2254.1867</dst>
      <dst id="8">117.1644</dst>
      <dst id="18">2504.8622</dst>
      <dst id="4">1002.3467</dst>
      <dst id="1">17990.5067</dst>
      <dst id="5">1195.4578</dst>
      <dst id="3">2394.4533</dst>
      <dst id="10">678.2311</dst>
      <dst id="7">5210.9867</dst>
      <dst id="2">1862.9333</dst>
      <dst id="16">5629.3600</dst>
      <dst id="14">173.8756</dst>
      <dst id="20">216.0000</dst>
      <dst id="11">73.1022</dst>
      <dst id="9">3404.8089</dst>
      <dst id="17">29064.5511</dst>
      <dst id="21">5475.3956</dst>
      <dst id="15">51.2089</dst>
    </src>
    <src id="15">
      <dst id="12">1015.4489</dst>
      <dst id="13">533.9022</dst>
      <dst id="23">0.3378</dst>
      <dst id="8">229.2622</dst>
      <dst id="18">1.8133</dst>
      <dst id="4">110.2222</dst>
      <dst id="1">62.1600</dst>
      <dst id="5">243.2089</dst>
      <dst id="10">131.8400</dst>
      <dst id="2">1840.1333</dst>
      <dst id="16">375.4578</dst>
      <dst id="14">0.5333</dst>
      <dst id="11">26.4178</dst>
      <dst id="9">2628.6933</dst>
      <dst id="17">1309.8667</dst>
      <dst id="21">12.0178</dst>
    </src>
  </IntraTM>
</TrafficMatrixFile>
