<?xml version="1.0" encoding="UTF-8" standalone="yes"?>
<TrafficMatrixFile xmlns:xsi="http://www.w3.org/2001/XMLSchema-instance" xsi:noNamespaceSchemaLocation="http://totem.run.montefiore.ulg.ac.be/Schema/TrafficMatrix-v1_2.xsd">
  <info>
    <title>Intradomain traffic matrix generated by geant-TM-all.pl</title>
    <date>2005-02-08T00:30:00</date>
    <duration>900</duration>
    <author>Steve Uhlig</author>
    <units>
        <unit type="bandwidth" value="kbps"/>
    </units>
  </info>
  <IntraTM ASID="20965">
    <src id="12">
      <dst id="12">254462.0978</dst>
      <dst id="13">13512.6667</dst>
      <dst id="19">1353.6089</dst>
      <dst id="23">187.2800</dst>
      <dst id="8">2275.1111</dst>
      <dst id="18">70288.2489</dst>
      <dst id="4">57739.8400</dst>
      <dst id="1">9666.5333</dst>
      <dst id="5">1030.6311</dst>
      <dst id="3">114.5333</dst>
      <dst id="10">4149.8933</dst>
      <dst id="22">20772.1689</dst>
      <dst id="7">10425.4756</dst>
      <dst id="2">47843.9733</dst>
      <dst id="6">13.6533</dst>
      <dst id="16">9011.7156</dst>
      <dst id="14">191.2978</dst>
      <dst id="20">27837.4844</dst>
      <dst id="11">95.1822</dst>
      <dst id="9">6052.6311</dst>
      <dst id="17">31607.6267</dst>
      <dst id="21">2623.4400</dst>
      <dst id="15">10348.0800</dst>
    </src>
    <src id="13">
      <dst id="12">60147.1378</dst>
      <dst id="19">4723.2000</dst>
      <dst id="23">746.4800</dst>
      <dst id="8">2351.9467</dst>
      <dst id="18">9187.8844</dst>
      <dst id="1">2205.5111</dst>
      <dst id="5">7046.0178</dst>
      <dst id="3">671.2000</dst>
      <dst id="22">14967.3689</dst>
      <dst id="7">14172.5867</dst>
      <dst id="2">55788.5511</dst>
      <dst id="6">506.1156</dst>
      <dst id="16">9222.6667</dst>
      <dst id="14">2092.0000</dst>
      <dst id="20">12938.5511</dst>
      <dst id="11">1382.2222</dst>
      <dst id="9">14227.9733</dst>
      <dst id="17">75074.3556</dst>
      <dst id="21">5587.6711</dst>
      <dst id="15">1357.8044</dst>
    </src>
    <src id="19">
      <dst id="12">10186.3467</dst>
      <dst id="13">458.9244</dst>
      <dst id="23">1.1733</dst>
      <dst id="8">1.9644</dst>
      <dst id="18">49.2978</dst>
      <dst id="4">16912.9422</dst>
      <dst id="1">3080.9867</dst>
      <dst id="5">53.9022</dst>
      <dst id="3">362.9156</dst>
      <dst id="10">1738.4978</dst>
      <dst id="22">63.5556</dst>
      <dst id="7">3448.1156</dst>
      <dst id="2">1419.2267</dst>
      <dst id="6">129.0933</dst>
      <dst id="16">16599.0667</dst>
      <dst id="14">4.8444</dst>
      <dst id="20">51.3422</dst>
      <dst id="11">9.4933</dst>
      <dst id="9">1089.7156</dst>
      <dst id="17">10902.8622</dst>
      <dst id="21">2185.1289</dst>
      <dst id="15">2.1244</dst>
    </src>
    <src id="23">
      <dst id="12">483.0578</dst>
      <dst id="13">46.6844</dst>
      <dst id="19">42.9244</dst>
      <dst id="18">8708.8356</dst>
      <dst id="4">1195.6711</dst>
      <dst id="1">42.0178</dst>
      <dst id="5">80.0000</dst>
      <dst id="10">37.1022</dst>
      <dst id="22">158.9778</dst>
      <dst id="7">82.0444</dst>
      <dst id="2">25.6444</dst>
      <dst id="6">0.3556</dst>
      <dst id="16">31368.4711</dst>
      <dst id="14">0.3556</dst>
      <dst id="20">73.5556</dst>
      <dst id="9">80.8533</dst>
      <dst id="17">1881.8578</dst>
      <dst id="21">176.0889</dst>
      <dst id="15">0.9956</dst>
    </src>
    <src id="8">
      <dst id="12">88359.2089</dst>
      <dst id="13">1785.2267</dst>
      <dst id="19">2.8000</dst>
      <dst id="18">4.9778</dst>
      <dst id="4">1465.4133</dst>
      <dst id="1">4633.3067</dst>
      <dst id="5">954.2044</dst>
      <dst id="3">0.3644</dst>
      <dst id="10">72.0089</dst>
      <dst id="22">1146.9956</dst>
      <dst id="7">126.7822</dst>
      <dst id="2">859.6267</dst>
      <dst id="6">0.3556</dst>
      <dst id="16">274.9156</dst>
      <dst id="14">75.5556</dst>
      <dst id="20">42.6222</dst>
      <dst id="11">10.9156</dst>
      <dst id="9">215215.3867</dst>
      <dst id="17">358693.0044</dst>
      <dst id="21">87.6711</dst>
      <dst id="15">4.2933</dst>
    </src>
    <src id="18">
      <dst id="12">173235.7600</dst>
      <dst id="13">178.6311</dst>
      <dst id="19">25.2000</dst>
      <dst id="23">111.2267</dst>
      <dst id="8">106.6222</dst>
      <dst id="4">924.1511</dst>
      <dst id="1">544.1600</dst>
      <dst id="5">250.4800</dst>
      <dst id="3">633.1911</dst>
      <dst id="10">81.5822</dst>
      <dst id="22">1258.7022</dst>
      <dst id="7">16.0978</dst>
      <dst id="2">54362.1511</dst>
      <dst id="16">114.8178</dst>
      <dst id="14">0.9689</dst>
      <dst id="20">238.8178</dst>
      <dst id="11">0.7111</dst>
      <dst id="9">676.3733</dst>
      <dst id="17">13342.5778</dst>
      <dst id="21">1499.9467</dst>
      <dst id="15">1.1733</dst>
    </src>
    <src id="4">
      <dst id="12">7092.3022</dst>
      <dst id="19">4408.8267</dst>
      <dst id="23">133.1022</dst>
      <dst id="8">633.0044</dst>
      <dst id="18">2328.3644</dst>
      <dst id="4">211.1911</dst>
      <dst id="1">108771.1111</dst>
      <dst id="5">1222.5244</dst>
      <dst id="3">4222.6578</dst>
      <dst id="22">2380.5867</dst>
      <dst id="7">99579.2356</dst>
      <dst id="2">32439.0844</dst>
      <dst id="6">14.2578</dst>
      <dst id="16">3052.9244</dst>
      <dst id="14">1362.4444</dst>
      <dst id="20">1294.3378</dst>
      <dst id="11">337.9111</dst>
      <dst id="9">8176.9956</dst>
      <dst id="17">28297.1022</dst>
      <dst id="21">1603.9556</dst>
      <dst id="15">1777.4044</dst>
    </src>
    <src id="1">
      <dst id="12">14997.5200</dst>
      <dst id="13">308.4000</dst>
      <dst id="19">764.0444</dst>
      <dst id="23">21.0933</dst>
      <dst id="8">67.5289</dst>
      <dst id="18">13691.8400</dst>
      <dst id="4">3620.4800</dst>
      <dst id="1">14175.6711</dst>
      <dst id="5">194.5422</dst>
      <dst id="3">674.4178</dst>
      <dst id="10">1650.7911</dst>
      <dst id="22">338.5422</dst>
      <dst id="7">23627.2089</dst>
      <dst id="2">31530.1333</dst>
      <dst id="16">23367.8044</dst>
      <dst id="14">70.2044</dst>
      <dst id="20">254.8267</dst>
      <dst id="11">81.0133</dst>
      <dst id="9">643.1733</dst>
      <dst id="17">33175.8400</dst>
      <dst id="21">15703.1467</dst>
      <dst id="15">192.0533</dst>
    </src>
    <src id="5">
      <dst id="12">21210.5778</dst>
      <dst id="13">489.0311</dst>
      <dst id="19">54.0444</dst>
      <dst id="23">0.3556</dst>
      <dst id="8">336.9956</dst>
      <dst id="18">456.5333</dst>
      <dst id="4">2599.3244</dst>
      <dst id="1">6125.1467</dst>
      <dst id="3">1.1378</dst>
      <dst id="10">440.6044</dst>
      <dst id="22">2019.4844</dst>
      <dst id="7">32.0000</dst>
      <dst id="2">4690.6844</dst>
      <dst id="6">0.7822</dst>
      <dst id="16">1077.9022</dst>
      <dst id="14">29.7422</dst>
      <dst id="20">5719.7067</dst>
      <dst id="11">80.0711</dst>
      <dst id="9">72694.5422</dst>
      <dst id="17">386992.2489</dst>
      <dst id="21">37.7422</dst>
      <dst id="15">130.3911</dst>
    </src>
    <src id="3">
      <dst id="12">5735.5378</dst>
      <dst id="13">1869.1111</dst>
      <dst id="19">1489.4489</dst>
      <dst id="23">7.9733</dst>
      <dst id="8">134.9778</dst>
      <dst id="18">1339.7778</dst>
      <dst id="4">65150.4978</dst>
      <dst id="1">27046.4356</dst>
      <dst id="5">227.0400</dst>
      <dst id="3">108.5244</dst>
      <dst id="10">3784.3022</dst>
      <dst id="22">1432.9156</dst>
      <dst id="7">3896.7200</dst>
      <dst id="2">4061.8489</dst>
      <dst id="6">14.8800</dst>
      <dst id="16">2127.1822</dst>
      <dst id="14">51.1733</dst>
      <dst id="20">7375.4756</dst>
      <dst id="11">64.9333</dst>
      <dst id="9">515.4400</dst>
      <dst id="17">36931.4578</dst>
      <dst id="21">1984.7289</dst>
      <dst id="15">26.1067</dst>
    </src>
    <src id="10">
      <dst id="12">158173.3422</dst>
      <dst id="19">2721.8311</dst>
      <dst id="23">56.8889</dst>
      <dst id="8">123677.2622</dst>
      <dst id="18">1343.1733</dst>
      <dst id="1">4057.3867</dst>
      <dst id="5">230683.0133</dst>
      <dst id="3">19068.7200</dst>
      <dst id="22">4160.9244</dst>
      <dst id="7">7593.3511</dst>
      <dst id="2">16477.1644</dst>
      <dst id="6">17030.8711</dst>
      <dst id="16">505.6267</dst>
      <dst id="14">46259.8311</dst>
      <dst id="20">6567.1111</dst>
      <dst id="11">17628.1156</dst>
      <dst id="9">284321.1733</dst>
      <dst id="17">29216.2044</dst>
      <dst id="21">30240.0444</dst>
      <dst id="15">4169.7067</dst>
    </src>
    <src id="22">
      <dst id="12">10410.5067</dst>
      <dst id="13">6436.7822</dst>
      <dst id="19">67.5822</dst>
      <dst id="23">403.7867</dst>
      <dst id="8">1099.5911</dst>
      <dst id="18">395.1022</dst>
      <dst id="4">10057.6533</dst>
      <dst id="1">1225.3778</dst>
      <dst id="5">3026.2222</dst>
      <dst id="3">13.7600</dst>
      <dst id="10">566.7556</dst>
      <dst id="7">2892.7467</dst>
      <dst id="2">2378.6756</dst>
      <dst id="6">96.0533</dst>
      <dst id="14">27.9467</dst>
      <dst id="11">47.4756</dst>
      <dst id="9">1978.5067</dst>
      <dst id="17">8908.9689</dst>
      <dst id="21">340.6400</dst>
    </src>
    <src id="7">
      <dst id="12">3673.8311</dst>
      <dst id="13">293.1378</dst>
      <dst id="19">1742.3022</dst>
      <dst id="23">175.2267</dst>
      <dst id="8">660.4711</dst>
      <dst id="18">558.5244</dst>
      <dst id="4">101432.2044</dst>
      <dst id="1">5036.3289</dst>
      <dst id="5">1484.0800</dst>
      <dst id="3">1830.0267</dst>
      <dst id="10">2863.8844</dst>
      <dst id="22">4192.2578</dst>
      <dst id="7">714.4533</dst>
      <dst id="2">3226.3822</dst>
      <dst id="6">51.6089</dst>
      <dst id="16">2899.6800</dst>
      <dst id="14">722.4533</dst>
      <dst id="20">718.2311</dst>
      <dst id="11">1286.3733</dst>
      <dst id="9">1354.9156</dst>
      <dst id="17">9985.7956</dst>
      <dst id="21">6992.7733</dst>
      <dst id="15">272.6400</dst>
    </src>
    <src id="2">
      <dst id="12">89352.9244</dst>
      <dst id="13">20818.8000</dst>
      <dst id="19">1323.1644</dst>
      <dst id="23">28.6044</dst>
      <dst id="8">1791.4933</dst>
      <dst id="18">55660.6044</dst>
      <dst id="4">39357.9556</dst>
      <dst id="1">7908.4622</dst>
      <dst id="5">1348.7822</dst>
      <dst id="3">155.8667</dst>
      <dst id="10">1314.3467</dst>
      <dst id="22">1355.2000</dst>
      <dst id="7">8679.2889</dst>
      <dst id="2">1753.5644</dst>
      <dst id="6">14717.7689</dst>
      <dst id="16">2111.6089</dst>
      <dst id="14">311.8578</dst>
      <dst id="20">2646.3111</dst>
      <dst id="11">243.9556</dst>
      <dst id="9">2143.3067</dst>
      <dst id="17">77174.3644</dst>
      <dst id="21">823.3778</dst>
      <dst id="15">170.8356</dst>
    </src>
    <src id="6">
      <dst id="12">5474.6044</dst>
      <dst id="13">16.9689</dst>
      <dst id="19">4.1778</dst>
      <dst id="4">35.5822</dst>
      <dst id="1">173.3422</dst>
      <dst id="5">13.2622</dst>
      <dst id="10">4.9600</dst>
      <dst id="22">7.9289</dst>
      <dst id="7">10.9511</dst>
      <dst id="2">4198.8533</dst>
      <dst id="16">0.4178</dst>
      <dst id="20">1.8578</dst>
      <dst id="11">11.4667</dst>
      <dst id="9">0.4622</dst>
      <dst id="17">17803.5200</dst>
      <dst id="21">2.6756</dst>
    </src>
    <src id="16">
      <dst id="12">3652.6756</dst>
      <dst id="13">4905.6000</dst>
      <dst id="19">4884.9422</dst>
      <dst id="23">357.7067</dst>
      <dst id="8">4129.2889</dst>
      <dst id="18">4.0089</dst>
      <dst id="4">4942.8089</dst>
      <dst id="1">20371.7600</dst>
      <dst id="5">6957.8222</dst>
      <dst id="3">1.2000</dst>
      <dst id="10">600.4444</dst>
      <dst id="7">1245.9200</dst>
      <dst id="2">939.3956</dst>
      <dst id="6">1.8044</dst>
      <dst id="16">30.0622</dst>
      <dst id="14">0.7822</dst>
      <dst id="11">3.9200</dst>
      <dst id="9">6610.3289</dst>
      <dst id="17">7829.5556</dst>
      <dst id="21">113.7244</dst>
    </src>
    <src id="14">
      <dst id="12">2488.2756</dst>
      <dst id="13">59.2267</dst>
      <dst id="19">25.7067</dst>
      <dst id="8">2.4178</dst>
      <dst id="18">11.8400</dst>
      <dst id="4">1029.8844</dst>
      <dst id="1">472.3911</dst>
      <dst id="5">0.7200</dst>
      <dst id="3">161.1911</dst>
      <dst id="10">120.2844</dst>
      <dst id="22">50.0000</dst>
      <dst id="7">63.3422</dst>
      <dst id="2">3625.5644</dst>
      <dst id="6">1.6000</dst>
      <dst id="16">13.0844</dst>
      <dst id="20">0.9600</dst>
      <dst id="11">13.7956</dst>
      <dst id="9">110.6844</dst>
      <dst id="17">24099.7867</dst>
      <dst id="21">87.3244</dst>
    </src>
    <src id="20">
      <dst id="12">11434.2844</dst>
      <dst id="13">8707.1200</dst>
      <dst id="19">1294.5244</dst>
      <dst id="23">2.4178</dst>
      <dst id="8">1131.0756</dst>
      <dst id="18">55.6533</dst>
      <dst id="4">11447.7600</dst>
      <dst id="1">338.2222</dst>
      <dst id="5">723.1378</dst>
      <dst id="10">140.3200</dst>
      <dst id="7">3895.3600</dst>
      <dst id="2">1663.8044</dst>
      <dst id="6">0.9600</dst>
      <dst id="14">1.1289</dst>
      <dst id="11">91.1644</dst>
      <dst id="9">743.5822</dst>
      <dst id="17">23833.6622</dst>
      <dst id="21">2043.1467</dst>
    </src>
    <src id="11">
      <dst id="12">137875.2356</dst>
      <dst id="13">2045.7333</dst>
      <dst id="19">2486.1333</dst>
      <dst id="23">13.3422</dst>
      <dst id="8">1217.2889</dst>
      <dst id="18">74.9511</dst>
      <dst id="4">6842.7200</dst>
      <dst id="1">300.2044</dst>
      <dst id="5">2154.4267</dst>
      <dst id="3">4.7378</dst>
      <dst id="10">2632.4533</dst>
      <dst id="22">1394.8444</dst>
      <dst id="7">732.7378</dst>
      <dst id="2">141122.0978</dst>
      <dst id="6">65.0311</dst>
      <dst id="16">2650.6844</dst>
      <dst id="14">56.0356</dst>
      <dst id="20">226.7644</dst>
      <dst id="11">1402.6933</dst>
      <dst id="9">3513.0044</dst>
      <dst id="17">907509.0133</dst>
      <dst id="21">587.1022</dst>
      <dst id="15">83.1822</dst>
    </src>
    <src id="9">
      <dst id="12">32250.8978</dst>
      <dst id="13">3470.3733</dst>
      <dst id="19">751.7867</dst>
      <dst id="23">11.1644</dst>
      <dst id="8">130532.4267</dst>
      <dst id="18">621.1467</dst>
      <dst id="4">6426.6933</dst>
      <dst id="1">8117.7156</dst>
      <dst id="5">2018.8889</dst>
      <dst id="3">25.9556</dst>
      <dst id="10">1156.3022</dst>
      <dst id="22">7420.4889</dst>
      <dst id="7">343.6711</dst>
      <dst id="2">998.7467</dst>
      <dst id="16">1504.7733</dst>
      <dst id="14">71.6711</dst>
      <dst id="20">7364.7022</dst>
      <dst id="11">323.5378</dst>
      <dst id="9">543871.6089</dst>
      <dst id="17">538341.9200</dst>
      <dst id="21">647.8222</dst>
      <dst id="15">32387.0489</dst>
    </src>
    <src id="17">
      <dst id="12">148172.8000</dst>
      <dst id="13">28621.2356</dst>
      <dst id="19">10609.1289</dst>
      <dst id="23">45.3600</dst>
      <dst id="8">313.0222</dst>
      <dst id="18">133.5467</dst>
      <dst id="4">23841.8044</dst>
      <dst id="1">16965.2356</dst>
      <dst id="5">213411.4311</dst>
      <dst id="3">4843.9111</dst>
      <dst id="10">5218.3822</dst>
      <dst id="22">3583.3156</dst>
      <dst id="7">6091.0044</dst>
      <dst id="2">8045.9467</dst>
      <dst id="6">121.2978</dst>
      <dst id="16">5604.3378</dst>
      <dst id="14">17084.0178</dst>
      <dst id="20">3438.7644</dst>
      <dst id="11">21444.5689</dst>
      <dst id="9">2832.1778</dst>
      <dst id="17">27553.1911</dst>
      <dst id="21">20864.8800</dst>
      <dst id="15">1146.5333</dst>
    </src>
    <src id="21">
      <dst id="12">6346.4356</dst>
      <dst id="13">614.1689</dst>
      <dst id="19">570.1333</dst>
      <dst id="23">5.3867</dst>
      <dst id="8">158.5867</dst>
      <dst id="18">1835.4222</dst>
      <dst id="4">20528.1333</dst>
      <dst id="1">2285.6889</dst>
      <dst id="5">1314.9600</dst>
      <dst id="3">12164.4622</dst>
      <dst id="10">2688.1778</dst>
      <dst id="22">2388.2578</dst>
      <dst id="7">6108.1956</dst>
      <dst id="2">10229.1644</dst>
      <dst id="6">6.9689</dst>
      <dst id="16">335.9467</dst>
      <dst id="14">110.3111</dst>
      <dst id="20">7877.7156</dst>
      <dst id="11">192.6133</dst>
      <dst id="9">402.3022</dst>
      <dst id="17">32403.0578</dst>
      <dst id="21">2052.1333</dst>
      <dst id="15">1357.6622</dst>
    </src>
    <src id="15">
      <dst id="12">1327.9733</dst>
      <dst id="13">2141.0133</dst>
      <dst id="19">5.5822</dst>
      <dst id="8">105.5289</dst>
      <dst id="18">12.8089</dst>
      <dst id="4">596.8889</dst>
      <dst id="1">76.0978</dst>
      <dst id="5">2203.4756</dst>
      <dst id="3">0.8267</dst>
      <dst id="10">310.9956</dst>
      <dst id="7">443.3333</dst>
      <dst id="2">367.9111</dst>
      <dst id="14">4.3733</dst>
      <dst id="11">26.6667</dst>
      <dst id="9">14392.9244</dst>
      <dst id="17">5292.4978</dst>
      <dst id="21">42.7022</dst>
    </src>
  </IntraTM>
</TrafficMatrixFile>
