<?xml version="1.0" encoding="UTF-8" standalone="yes"?>
<TrafficMatrixFile xmlns:xsi="http://www.w3.org/2001/XMLSchema-instance" xsi:noNamespaceSchemaLocation="http://totem.run.montefiore.ulg.ac.be/Schema/TrafficMatrix-v1_2.xsd">
  <info>
    <title>Intradomain traffic matrix generated by geant-TM-all.pl</title>
    <date>2005-01-07T03:15:00</date>
    <duration>900</duration>
    <author>Steve Uhlig</author>
    <units>
        <unit type="bandwidth" value="kbps"/>
    </units>
  </info>
  <IntraTM ASID="20965">
    <src id="12">
      <dst id="12">316500.8000</dst>
      <dst id="13">30964.4622</dst>
      <dst id="19">2580.4711</dst>
      <dst id="23">9312.0000</dst>
      <dst id="8">7305.6178</dst>
      <dst id="18">8019.6622</dst>
      <dst id="4">147287.6533</dst>
      <dst id="1">9111.1111</dst>
      <dst id="5">8244.5333</dst>
      <dst id="3">14734.6756</dst>
      <dst id="22">20396.1422</dst>
      <dst id="7">6686.9422</dst>
      <dst id="2">98046.1600</dst>
      <dst id="6">51.8489</dst>
      <dst id="16">6233.5200</dst>
      <dst id="14">1215.7156</dst>
      <dst id="20">12570.9067</dst>
      <dst id="11">7249.3600</dst>
      <dst id="9">9491.2000</dst>
      <dst id="17">99379.1911</dst>
      <dst id="21">12784.4800</dst>
      <dst id="15">5313.9556</dst>
    </src>
    <src id="13">
      <dst id="12">69358.0533</dst>
      <dst id="19">8912.7644</dst>
      <dst id="23">196.4622</dst>
      <dst id="8">11921.8400</dst>
      <dst id="18">13626.4000</dst>
      <dst id="4">0.3556</dst>
      <dst id="1">10332.7200</dst>
      <dst id="5">22855.1733</dst>
      <dst id="3">15463.9644</dst>
      <dst id="22">22571.2267</dst>
      <dst id="7">26681.2356</dst>
      <dst id="2">133255.4489</dst>
      <dst id="6">473.0844</dst>
      <dst id="16">8234.9511</dst>
      <dst id="14">2706.3378</dst>
      <dst id="20">15204.8800</dst>
      <dst id="11">12506.6667</dst>
      <dst id="9">26844.8622</dst>
      <dst id="17">124509.6711</dst>
      <dst id="21">31528.8622</dst>
      <dst id="15">5379.1644</dst>
    </src>
    <src id="19">
      <dst id="12">20723.3956</dst>
      <dst id="13">7653.0844</dst>
      <dst id="23">13.3333</dst>
      <dst id="8">5929.1378</dst>
      <dst id="18">21.8756</dst>
      <dst id="4">17462.3733</dst>
      <dst id="1">750.9689</dst>
      <dst id="5">33.9822</dst>
      <dst id="3">13.3333</dst>
      <dst id="22">2370.1067</dst>
      <dst id="7">8391.6533</dst>
      <dst id="2">20257.1111</dst>
      <dst id="6">1.4578</dst>
      <dst id="16">4182.4800</dst>
      <dst id="14">1.1467</dst>
      <dst id="20">49.7333</dst>
      <dst id="11">112.7289</dst>
      <dst id="9">23.9644</dst>
      <dst id="17">4497.4311</dst>
      <dst id="21">1784.7556</dst>
      <dst id="15">24.6756</dst>
    </src>
    <src id="23">
      <dst id="12">7512.0800</dst>
      <dst id="13">382.7733</dst>
      <dst id="19">94.9689</dst>
      <dst id="18">215.1822</dst>
      <dst id="4">1.9200</dst>
      <dst id="1">100.9600</dst>
      <dst id="5">92.3556</dst>
      <dst id="3">217.4133</dst>
      <dst id="22">105.2089</dst>
      <dst id="7">349.6622</dst>
      <dst id="2">183.3778</dst>
      <dst id="6">0.3378</dst>
      <dst id="16">312.8356</dst>
      <dst id="20">29.1911</dst>
      <dst id="11">474.2311</dst>
      <dst id="9">997.5378</dst>
      <dst id="17">1032.0533</dst>
      <dst id="21">2274.4267</dst>
      <dst id="15">0.3556</dst>
    </src>
    <src id="8">
      <dst id="12">365226.0622</dst>
      <dst id="13">1300.1689</dst>
      <dst id="19">172.1600</dst>
      <dst id="23">0.3556</dst>
      <dst id="18">237.7600</dst>
      <dst id="4">6660.9333</dst>
      <dst id="1">611.5200</dst>
      <dst id="5">4781.3867</dst>
      <dst id="3">17.3689</dst>
      <dst id="22">4706.2133</dst>
      <dst id="7">4876.2844</dst>
      <dst id="2">936.0444</dst>
      <dst id="16">932.4978</dst>
      <dst id="14">7.4667</dst>
      <dst id="20">1059.1556</dst>
      <dst id="11">2448.8000</dst>
      <dst id="9">171156.1867</dst>
      <dst id="17">163902.4089</dst>
      <dst id="21">947.8311</dst>
      <dst id="15">399.7867</dst>
    </src>
    <src id="18">
      <dst id="12">149432.4000</dst>
      <dst id="13">185.9111</dst>
      <dst id="19">76.4889</dst>
      <dst id="23">3.5556</dst>
      <dst id="8">22.2933</dst>
      <dst id="4">2485.4044</dst>
      <dst id="1">1228.5156</dst>
      <dst id="5">245.6178</dst>
      <dst id="3">467.8489</dst>
      <dst id="22">1481.6444</dst>
      <dst id="7">92.5333</dst>
      <dst id="2">51820.3644</dst>
      <dst id="16">17.5289</dst>
      <dst id="14">2.8800</dst>
      <dst id="20">418.9333</dst>
      <dst id="11">327.1733</dst>
      <dst id="9">632.7467</dst>
      <dst id="17">66743.6356</dst>
      <dst id="21">1620.0889</dst>
      <dst id="15">430.3822</dst>
    </src>
    <src id="4">
      <dst id="12">27974.2400</dst>
      <dst id="19">10913.4933</dst>
      <dst id="8">3225.0222</dst>
      <dst id="18">2752.3378</dst>
      <dst id="1">40511.1733</dst>
      <dst id="5">3632.7467</dst>
      <dst id="3">2034.2933</dst>
      <dst id="22">7587.2267</dst>
      <dst id="7">17899.6000</dst>
      <dst id="2">99144.4711</dst>
      <dst id="6">15.5556</dst>
      <dst id="16">2558.4089</dst>
      <dst id="14">14561.3156</dst>
      <dst id="20">5810.3200</dst>
      <dst id="11">6337.3333</dst>
      <dst id="9">6697.9022</dst>
      <dst id="17">32094.0533</dst>
      <dst id="21">14203.1378</dst>
      <dst id="15">1145.6267</dst>
    </src>
    <src id="1">
      <dst id="12">29368.7022</dst>
      <dst id="13">6472.1511</dst>
      <dst id="19">113.7867</dst>
      <dst id="23">1063.1378</dst>
      <dst id="8">185208.2222</dst>
      <dst id="18">14388.8178</dst>
      <dst id="4">23919.5022</dst>
      <dst id="1">34354.9244</dst>
      <dst id="5">292865.1378</dst>
      <dst id="3">2554.8089</dst>
      <dst id="22">8381.2978</dst>
      <dst id="7">138491.2622</dst>
      <dst id="2">37245.6622</dst>
      <dst id="6">13246.8356</dst>
      <dst id="16">8881.7956</dst>
      <dst id="14">708.6756</dst>
      <dst id="20">997.7867</dst>
      <dst id="11">493.3333</dst>
      <dst id="9">287514.9422</dst>
      <dst id="17">7101.3067</dst>
      <dst id="21">14940.6844</dst>
      <dst id="15">4152.6933</dst>
    </src>
    <src id="5">
      <dst id="12">341599.5022</dst>
      <dst id="13">10052.3200</dst>
      <dst id="19">168.8089</dst>
      <dst id="23">1.7067</dst>
      <dst id="8">11361.9289</dst>
      <dst id="18">944.8356</dst>
      <dst id="4">16802.5867</dst>
      <dst id="1">1628.8089</dst>
      <dst id="3">151.7956</dst>
      <dst id="22">7196.6311</dst>
      <dst id="7">252.1244</dst>
      <dst id="2">1513.6000</dst>
      <dst id="6">1.5200</dst>
      <dst id="16">2918.2311</dst>
      <dst id="14">22.9511</dst>
      <dst id="20">4299.0222</dst>
      <dst id="11">1309.8222</dst>
      <dst id="9">155706.1867</dst>
      <dst id="17">136032.9867</dst>
      <dst id="21">1018.8978</dst>
      <dst id="15">500.8533</dst>
    </src>
    <src id="3">
      <dst id="12">16398.5511</dst>
      <dst id="13">2990.3289</dst>
      <dst id="19">4117.6622</dst>
      <dst id="23">196.2667</dst>
      <dst id="8">633.7333</dst>
      <dst id="18">173722.0178</dst>
      <dst id="4">59353.2533</dst>
      <dst id="1">6275.2889</dst>
      <dst id="5">879.9822</dst>
      <dst id="3">19811.3511</dst>
      <dst id="22">9018.6222</dst>
      <dst id="7">6748.3822</dst>
      <dst id="2">5646.1156</dst>
      <dst id="6">1.3156</dst>
      <dst id="16">2875.7244</dst>
      <dst id="14">42720.8089</dst>
      <dst id="20">146.3911</dst>
      <dst id="11">240779.8222</dst>
      <dst id="9">1145.8756</dst>
      <dst id="17">40434.5956</dst>
      <dst id="21">16744.8711</dst>
      <dst id="15">1018.2667</dst>
    </src>
    <src id="10">
      <dst id="12">14421.2178</dst>
      <dst id="19">7167.8222</dst>
      <dst id="8">1499.6711</dst>
      <dst id="18">2440.0089</dst>
      <dst id="4">0.7111</dst>
      <dst id="1">6592.3644</dst>
      <dst id="5">2296.6489</dst>
      <dst id="3">8197.7778</dst>
      <dst id="22">10100.2578</dst>
      <dst id="7">23176.1867</dst>
      <dst id="2">47963.2444</dst>
      <dst id="6">54.3644</dst>
      <dst id="16">1429.9022</dst>
      <dst id="14">1005.6000</dst>
      <dst id="20">2468.6578</dst>
      <dst id="11">3082.0711</dst>
      <dst id="9">6481.3156</dst>
      <dst id="17">23545.7511</dst>
      <dst id="21">21004.3556</dst>
      <dst id="15">1021.5022</dst>
    </src>
    <src id="22">
      <dst id="12">10833.7778</dst>
      <dst id="13">6939.1733</dst>
      <dst id="19">635.7689</dst>
      <dst id="23">163.0756</dst>
      <dst id="8">3006.3644</dst>
      <dst id="18">644.2844</dst>
      <dst id="4">25565.6622</dst>
      <dst id="1">501.5733</dst>
      <dst id="5">5232.0622</dst>
      <dst id="3">5616.4622</dst>
      <dst id="7">1916.9422</dst>
      <dst id="2">4220.9689</dst>
      <dst id="6">2.7022</dst>
      <dst id="16">0.9778</dst>
      <dst id="14">197.9378</dst>
      <dst id="11">2643.2000</dst>
      <dst id="9">3735.0578</dst>
      <dst id="17">9873.4044</dst>
      <dst id="21">5739.6800</dst>
    </src>
    <src id="7">
      <dst id="12">9977.0133</dst>
      <dst id="13">2852.1600</dst>
      <dst id="19">1037.9111</dst>
      <dst id="23">1312.5867</dst>
      <dst id="8">1414.3733</dst>
      <dst id="18">1517.8578</dst>
      <dst id="4">34604.9689</dst>
      <dst id="1">10275.9733</dst>
      <dst id="5">1352.3022</dst>
      <dst id="3">2587.0133</dst>
      <dst id="22">7291.8578</dst>
      <dst id="7">744.3111</dst>
      <dst id="2">21061.7244</dst>
      <dst id="6">122.8889</dst>
      <dst id="16">2065.7156</dst>
      <dst id="14">267.7422</dst>
      <dst id="20">650.4089</dst>
      <dst id="11">3078.3378</dst>
      <dst id="9">1705.2000</dst>
      <dst id="17">12443.8489</dst>
      <dst id="21">13839.6089</dst>
      <dst id="15">1040.0533</dst>
    </src>
    <src id="2">
      <dst id="12">133252.2933</dst>
      <dst id="13">8958.2222</dst>
      <dst id="19">2345.7422</dst>
      <dst id="23">13.7956</dst>
      <dst id="8">1320.2222</dst>
      <dst id="18">142034.9067</dst>
      <dst id="4">138674.3644</dst>
      <dst id="1">24764.4444</dst>
      <dst id="5">2350.6756</dst>
      <dst id="3">906.4356</dst>
      <dst id="22">3580.6667</dst>
      <dst id="7">12076.1600</dst>
      <dst id="2">1119.5200</dst>
      <dst id="6">11435.0133</dst>
      <dst id="16">7721.4044</dst>
      <dst id="14">130.9867</dst>
      <dst id="20">9341.6356</dst>
      <dst id="11">4532.2489</dst>
      <dst id="9">2100.6756</dst>
      <dst id="17">35602.0178</dst>
      <dst id="21">19376.1956</dst>
      <dst id="15">1535.4489</dst>
    </src>
    <src id="6">
      <dst id="12">12598.5600</dst>
      <dst id="13">10.3911</dst>
      <dst id="19">1.1022</dst>
      <dst id="23">13.3333</dst>
      <dst id="18">0.4267</dst>
      <dst id="4">1267.3689</dst>
      <dst id="1">53.2800</dst>
      <dst id="5">0.3556</dst>
      <dst id="22">28.1511</dst>
      <dst id="7">31.2533</dst>
      <dst id="2">2884.6400</dst>
      <dst id="16">56.4800</dst>
      <dst id="17">2395.2444</dst>
      <dst id="21">91.1022</dst>
    </src>
    <src id="16">
      <dst id="12">4730.0622</dst>
      <dst id="13">1518.2667</dst>
      <dst id="19">4081.8400</dst>
      <dst id="23">44.1422</dst>
      <dst id="8">9777.8489</dst>
      <dst id="18">66.7733</dst>
      <dst id="4">6090.2667</dst>
      <dst id="1">14961.5200</dst>
      <dst id="5">6833.6356</dst>
      <dst id="3">16.5333</dst>
      <dst id="7">5477.7156</dst>
      <dst id="2">4282.7644</dst>
      <dst id="6">25.8756</dst>
      <dst id="16">82.1333</dst>
      <dst id="14">134.7289</dst>
      <dst id="11">679.9289</dst>
      <dst id="9">11667.9644</dst>
      <dst id="17">4064.3822</dst>
      <dst id="21">596.2222</dst>
    </src>
    <src id="14">
      <dst id="12">26331.7511</dst>
      <dst id="13">47.6444</dst>
      <dst id="19">21.6356</dst>
      <dst id="23">0.8533</dst>
      <dst id="18">41.7422</dst>
      <dst id="4">3141.0844</dst>
      <dst id="1">323.8578</dst>
      <dst id="5">1.7778</dst>
      <dst id="3">73.9911</dst>
      <dst id="22">9.0756</dst>
      <dst id="7">88.3378</dst>
      <dst id="2">7138.4711</dst>
      <dst id="6">13.2622</dst>
      <dst id="16">17.0311</dst>
      <dst id="20">508.6578</dst>
      <dst id="11">33.9378</dst>
      <dst id="9">131.4933</dst>
      <dst id="17">10246.6400</dst>
      <dst id="21">67.7156</dst>
    </src>
    <src id="20">
      <dst id="12">6322.3911</dst>
      <dst id="13">22152.6133</dst>
      <dst id="19">1290.9511</dst>
      <dst id="23">15.4844</dst>
      <dst id="8">3474.2489</dst>
      <dst id="18">930.7733</dst>
      <dst id="4">12754.8178</dst>
      <dst id="1">95.4578</dst>
      <dst id="5">4621.0222</dst>
      <dst id="3">149.5467</dst>
      <dst id="7">165.4489</dst>
      <dst id="2">3050.9511</dst>
      <dst id="6">0.4444</dst>
      <dst id="14">10.1689</dst>
      <dst id="11">2761.0844</dst>
      <dst id="9">2292.3556</dst>
      <dst id="17">4636.8356</dst>
      <dst id="21">5496.9422</dst>
    </src>
    <src id="11">
      <dst id="12">518618.6756</dst>
      <dst id="13">3934.8889</dst>
      <dst id="19">768.9156</dst>
      <dst id="23">468.9156</dst>
      <dst id="8">497.0578</dst>
      <dst id="18">925.5733</dst>
      <dst id="4">21926.4800</dst>
      <dst id="1">576.4000</dst>
      <dst id="5">2567.4222</dst>
      <dst id="3">1033.0933</dst>
      <dst id="22">2766.5422</dst>
      <dst id="7">1289.3244</dst>
      <dst id="2">113182.4533</dst>
      <dst id="16">953.8400</dst>
      <dst id="14">27.4667</dst>
      <dst id="20">283.1556</dst>
      <dst id="11">1758.5333</dst>
      <dst id="9">1318.6311</dst>
      <dst id="17">176431.8400</dst>
      <dst id="21">743.6978</dst>
      <dst id="15">376.9333</dst>
    </src>
    <src id="9">
      <dst id="12">503709.9822</dst>
      <dst id="13">28130.1867</dst>
      <dst id="19">212.0089</dst>
      <dst id="23">114.1244</dst>
      <dst id="8">201222.0444</dst>
      <dst id="18">350.3111</dst>
      <dst id="4">17566.7644</dst>
      <dst id="1">978.3822</dst>
      <dst id="5">13292.7644</dst>
      <dst id="3">36.0267</dst>
      <dst id="22">8082.3289</dst>
      <dst id="7">2866.8267</dst>
      <dst id="2">2587.5111</dst>
      <dst id="6">3.2800</dst>
      <dst id="16">956.0533</dst>
      <dst id="14">15.2889</dst>
      <dst id="20">5055.5644</dst>
      <dst id="11">1240.8711</dst>
      <dst id="9">502833.8489</dst>
      <dst id="17">193795.5822</dst>
      <dst id="21">1019.2533</dst>
      <dst id="15">4679.0489</dst>
    </src>
    <src id="17">
      <dst id="12">16495.1111</dst>
      <dst id="13">6523.7156</dst>
      <dst id="19">3330.9778</dst>
      <dst id="23">6296.7556</dst>
      <dst id="8">1727.9911</dst>
      <dst id="18">998.3733</dst>
      <dst id="4">75530.3644</dst>
      <dst id="1">3335.4133</dst>
      <dst id="5">287340.9956</dst>
      <dst id="3">21993.9644</dst>
      <dst id="22">7338.3911</dst>
      <dst id="7">14621.9200</dst>
      <dst id="2">19849.4489</dst>
      <dst id="6">40.6044</dst>
      <dst id="16">7856.6933</dst>
      <dst id="14">35956.1867</dst>
      <dst id="20">15051.5911</dst>
      <dst id="11">187319.8756</dst>
      <dst id="9">4485.3778</dst>
      <dst id="17">2168.0800</dst>
      <dst id="21">19244.9422</dst>
      <dst id="15">333.2000</dst>
    </src>
    <src id="21">
      <dst id="12">26271.7956</dst>
      <dst id="13">3120.3644</dst>
      <dst id="19">665.6800</dst>
      <dst id="23">253.7867</dst>
      <dst id="8">97.6533</dst>
      <dst id="18">2069.7244</dst>
      <dst id="4">31798.1333</dst>
      <dst id="1">4331.2711</dst>
      <dst id="5">1310.9244</dst>
      <dst id="3">20393.0133</dst>
      <dst id="22">7764.4356</dst>
      <dst id="7">2515.0044</dst>
      <dst id="2">18477.3689</dst>
      <dst id="6">24.4800</dst>
      <dst id="16">563.8756</dst>
      <dst id="14">157.4578</dst>
      <dst id="20">524.6311</dst>
      <dst id="11">274.8000</dst>
      <dst id="9">740.6489</dst>
      <dst id="17">6981.5911</dst>
      <dst id="21">3464.0800</dst>
      <dst id="15">3571.2800</dst>
    </src>
    <src id="15">
      <dst id="12">521.3778</dst>
      <dst id="13">1346.2311</dst>
      <dst id="19">258.9422</dst>
      <dst id="23">14.7200</dst>
      <dst id="8">138.7644</dst>
      <dst id="18">38.6133</dst>
      <dst id="4">3881.9556</dst>
      <dst id="1">2622.8356</dst>
      <dst id="5">3980.1333</dst>
      <dst id="7">107.7511</dst>
      <dst id="2">109.8133</dst>
      <dst id="6">1.2800</dst>
      <dst id="16">0.3556</dst>
      <dst id="11">450.6844</dst>
      <dst id="9">5290.0622</dst>
      <dst id="17">669.5556</dst>
      <dst id="21">101.1733</dst>
    </src>
  </IntraTM>
</TrafficMatrixFile>
