<?xml version="1.0" encoding="UTF-8" standalone="yes"?>
<TrafficMatrixFile xmlns:xsi="http://www.w3.org/2001/XMLSchema-instance" xsi:noNamespaceSchemaLocation="http://totem.run.montefiore.ulg.ac.be/Schema/TrafficMatrix-v1_2.xsd">
  <info>
    <title>Intradomain traffic matrix generated by geant-TM-all.pl</title>
    <date>2005-04-15T08:15:00</date>
    <duration>900</duration>
    <author>Steve Uhlig</author>
    <units>
        <unit type="bandwidth" value="kbps"/>
    </units>
  </info>
  <IntraTM ASID="20965">
    <src id="12">
      <dst id="12">358966.9244</dst>
      <dst id="13">54805.5911</dst>
      <dst id="19">8811.0133</dst>
      <dst id="23">2304.6756</dst>
      <dst id="8">351.9111</dst>
      <dst id="18">53775.6178</dst>
      <dst id="4">6336.9511</dst>
      <dst id="1">39968.8622</dst>
      <dst id="5">8994.9422</dst>
      <dst id="3">300.8267</dst>
      <dst id="10">3409.7689</dst>
      <dst id="22">12341.5733</dst>
      <dst id="7">1573.6356</dst>
      <dst id="2">7245.3244</dst>
      <dst id="16">7364.1244</dst>
      <dst id="14">160.5422</dst>
      <dst id="20">2306.0533</dst>
      <dst id="11">133.8400</dst>
      <dst id="9">24915.8756</dst>
      <dst id="17">51821.0578</dst>
      <dst id="21">1970.6222</dst>
      <dst id="15">162.4267</dst>
    </src>
    <src id="13">
      <dst id="12">21018.5689</dst>
      <dst id="13">87.3244</dst>
      <dst id="19">15127.5644</dst>
      <dst id="23">52.8889</dst>
      <dst id="8">2120.3022</dst>
      <dst id="18">153.9200</dst>
      <dst id="4">0.6400</dst>
      <dst id="1">20362.8800</dst>
      <dst id="5">19211.7333</dst>
      <dst id="3">192.1511</dst>
      <dst id="22">8454.2133</dst>
      <dst id="7">467.7067</dst>
      <dst id="2">9778.4533</dst>
      <dst id="16">9407.3244</dst>
      <dst id="14">66.2044</dst>
      <dst id="20">3281.9378</dst>
      <dst id="11">77.4133</dst>
      <dst id="9">7012.3111</dst>
      <dst id="17">105098.4711</dst>
      <dst id="21">1357.9467</dst>
      <dst id="15">4724.9067</dst>
    </src>
    <src id="19">
      <dst id="12">47097.1378</dst>
      <dst id="13">1320.8267</dst>
      <dst id="23">3.9378</dst>
      <dst id="8">0.4356</dst>
      <dst id="4">147.7778</dst>
      <dst id="1">17149.1733</dst>
      <dst id="5">1011.8489</dst>
      <dst id="3">0.5333</dst>
      <dst id="10">198.0444</dst>
      <dst id="22">1788.5156</dst>
      <dst id="7">2134.9067</dst>
      <dst id="2">3962.5156</dst>
      <dst id="16">55.8400</dst>
      <dst id="14">192.9689</dst>
      <dst id="20">188.3822</dst>
      <dst id="9">46.8000</dst>
      <dst id="17">13329.6089</dst>
      <dst id="21">1123.0489</dst>
      <dst id="15">2948.5867</dst>
    </src>
    <src id="23">
      <dst id="12">11358.8444</dst>
      <dst id="13">319.5556</dst>
      <dst id="19">78.6489</dst>
      <dst id="8">113.8489</dst>
      <dst id="18">810.0800</dst>
      <dst id="4">121.9289</dst>
      <dst id="1">151.5111</dst>
      <dst id="5">134.8089</dst>
      <dst id="10">134.4000</dst>
      <dst id="22">105.3511</dst>
      <dst id="7">69.8844</dst>
      <dst id="2">1056.3022</dst>
      <dst id="14">3.3956</dst>
      <dst id="11">12.3556</dst>
      <dst id="9">51.2444</dst>
      <dst id="17">1738.5156</dst>
      <dst id="21">240.7378</dst>
      <dst id="15">0.3556</dst>
    </src>
    <src id="8">
      <dst id="12">16415.5911</dst>
      <dst id="13">6684.2044</dst>
      <dst id="23">6643.3244</dst>
      <dst id="18">9.6444</dst>
      <dst id="4">224.7911</dst>
      <dst id="1">3890.7556</dst>
      <dst id="5">668.3911</dst>
      <dst id="3">230.5867</dst>
      <dst id="10">1209.0578</dst>
      <dst id="22">1.0756</dst>
      <dst id="2">31.0933</dst>
      <dst id="16">270129.5911</dst>
      <dst id="11">67.2000</dst>
      <dst id="9">83248.6578</dst>
      <dst id="17">21000.5956</dst>
      <dst id="21">52.3911</dst>
      <dst id="15">293.7778</dst>
    </src>
    <src id="18">
      <dst id="12">100616.4267</dst>
      <dst id="13">140.7467</dst>
      <dst id="19">0.4711</dst>
      <dst id="23">14.9689</dst>
      <dst id="8">0.3556</dst>
      <dst id="4">168.0622</dst>
      <dst id="1">13435.5111</dst>
      <dst id="5">85.4578</dst>
      <dst id="3">824.7467</dst>
      <dst id="10">128.5244</dst>
      <dst id="22">137.8489</dst>
      <dst id="7">3.4756</dst>
      <dst id="2">2923.1467</dst>
      <dst id="16">323.5022</dst>
      <dst id="20">2.2044</dst>
      <dst id="11">15.2978</dst>
      <dst id="9">8434.1333</dst>
      <dst id="17">5627.4222</dst>
      <dst id="21">525.2178</dst>
      <dst id="15">1.2089</dst>
    </src>
    <src id="4">
      <dst id="12">13246.3733</dst>
      <dst id="13">32.9156</dst>
      <dst id="19">3383.0578</dst>
      <dst id="23">879.8933</dst>
      <dst id="8">797.9911</dst>
      <dst id="18">2332.7289</dst>
      <dst id="4">3717.6800</dst>
      <dst id="1">23779.1111</dst>
      <dst id="5">5059.7778</dst>
      <dst id="3">29.5467</dst>
      <dst id="22">2480.5956</dst>
      <dst id="7">647.3600</dst>
      <dst id="2">87172.9778</dst>
      <dst id="16">116010.9067</dst>
      <dst id="14">3360.8889</dst>
      <dst id="11">434.9511</dst>
      <dst id="9">21383.4578</dst>
      <dst id="17">86621.0489</dst>
      <dst id="21">8470.0978</dst>
      <dst id="15">750.7467</dst>
    </src>
    <src id="1">
      <dst id="12">30294.8089</dst>
      <dst id="13">17164.0178</dst>
      <dst id="19">3735.0222</dst>
      <dst id="23">167.8844</dst>
      <dst id="8">110.5867</dst>
      <dst id="18">15375.4667</dst>
      <dst id="4">1937.8311</dst>
      <dst id="1">594350.9689</dst>
      <dst id="5">403.8311</dst>
      <dst id="3">8.6933</dst>
      <dst id="10">746.8000</dst>
      <dst id="22">61.5289</dst>
      <dst id="7">22234.9067</dst>
      <dst id="2">40191.4400</dst>
      <dst id="16">49191.4933</dst>
      <dst id="14">98.2133</dst>
      <dst id="20">102.6489</dst>
      <dst id="11">2249.8400</dst>
      <dst id="9">948.1778</dst>
      <dst id="17">422128.6756</dst>
      <dst id="21">12173.1022</dst>
      <dst id="15">149.3689</dst>
    </src>
    <src id="5">
      <dst id="12">18344.5333</dst>
      <dst id="13">1835.3689</dst>
      <dst id="19">28.9244</dst>
      <dst id="23">11.7333</dst>
      <dst id="8">39.3867</dst>
      <dst id="18">555.1733</dst>
      <dst id="4">2270.3467</dst>
      <dst id="1">32027.9733</dst>
      <dst id="3">237.3689</dst>
      <dst id="10">2657.5644</dst>
      <dst id="22">186.3022</dst>
      <dst id="2">661.8133</dst>
      <dst id="16">334577.1556</dst>
      <dst id="14">0.3556</dst>
      <dst id="11">145.3156</dst>
      <dst id="9">69315.1111</dst>
      <dst id="17">44951.9289</dst>
      <dst id="21">82.5511</dst>
      <dst id="15">155.1111</dst>
    </src>
    <src id="3">
      <dst id="12">33772.3111</dst>
      <dst id="13">65719.0133</dst>
      <dst id="19">5073.3244</dst>
      <dst id="23">8.7467</dst>
      <dst id="8">4.3378</dst>
      <dst id="18">51.3244</dst>
      <dst id="4">328.2133</dst>
      <dst id="1">27166.6667</dst>
      <dst id="5">5111.0578</dst>
      <dst id="3">85.0044</dst>
      <dst id="10">565.4044</dst>
      <dst id="22">0.9422</dst>
      <dst id="7">75395.6267</dst>
      <dst id="2">4167.1467</dst>
      <dst id="16">7658.9333</dst>
      <dst id="14">91.0400</dst>
      <dst id="20">123.7333</dst>
      <dst id="11">312.5867</dst>
      <dst id="9">1745.6978</dst>
      <dst id="17">41935.4489</dst>
      <dst id="21">664.7289</dst>
      <dst id="15">30.1244</dst>
    </src>
    <src id="10">
      <dst id="12">3772.3644</dst>
      <dst id="13">1355.3422</dst>
      <dst id="19">4166.2756</dst>
      <dst id="23">362.2311</dst>
      <dst id="8">312.3467</dst>
      <dst id="18">5177.0844</dst>
      <dst id="1">734.8978</dst>
      <dst id="5">311.6178</dst>
      <dst id="3">13.2267</dst>
      <dst id="22">250.9867</dst>
      <dst id="2">21720.4267</dst>
      <dst id="16">25661.6622</dst>
      <dst id="14">397.9911</dst>
      <dst id="20">1081.6444</dst>
      <dst id="11">12.2311</dst>
      <dst id="9">5414.6933</dst>
      <dst id="17">35842.7644</dst>
      <dst id="21">5482.1867</dst>
      <dst id="15">2048.7378</dst>
    </src>
    <src id="22">
      <dst id="12">12801.8489</dst>
      <dst id="13">5432.7378</dst>
      <dst id="19">79.2533</dst>
      <dst id="23">33.5200</dst>
      <dst id="8">2080.1067</dst>
      <dst id="18">54.3378</dst>
      <dst id="4">1423.0756</dst>
      <dst id="1">184.8000</dst>
      <dst id="5">8958.1511</dst>
      <dst id="3">5.5911</dst>
      <dst id="10">1305.8844</dst>
      <dst id="7">83.6533</dst>
      <dst id="2">281.0222</dst>
      <dst id="16">70.6044</dst>
      <dst id="14">69.6622</dst>
      <dst id="11">206.0444</dst>
      <dst id="9">1391.6800</dst>
      <dst id="17">10135.5644</dst>
      <dst id="21">449.4133</dst>
    </src>
    <src id="7">
      <dst id="12">6114.0800</dst>
      <dst id="13">9119.6089</dst>
      <dst id="19">86.2667</dst>
      <dst id="23">67.3600</dst>
      <dst id="8">5.6533</dst>
      <dst id="18">23.7244</dst>
      <dst id="4">313.2444</dst>
      <dst id="1">4787.6178</dst>
      <dst id="5">110.1244</dst>
      <dst id="3">898.8711</dst>
      <dst id="10">223.1911</dst>
      <dst id="22">394.8356</dst>
      <dst id="7">9.9467</dst>
      <dst id="2">4178.2044</dst>
      <dst id="16">184.0267</dst>
      <dst id="14">10.5511</dst>
      <dst id="20">16.1778</dst>
      <dst id="11">377.2000</dst>
      <dst id="9">49.1467</dst>
      <dst id="17">1659.3600</dst>
      <dst id="21">1332.8800</dst>
      <dst id="15">14.2933</dst>
    </src>
    <src id="2">
      <dst id="12">96783.6356</dst>
      <dst id="13">42237.6622</dst>
      <dst id="19">1542.9067</dst>
      <dst id="23">18.0267</dst>
      <dst id="8">1323.0400</dst>
      <dst id="18">29652.4267</dst>
      <dst id="4">3285.2711</dst>
      <dst id="1">34729.1200</dst>
      <dst id="5">4586.9422</dst>
      <dst id="3">47.5822</dst>
      <dst id="10">2452.2578</dst>
      <dst id="22">298.1511</dst>
      <dst id="7">6129.0222</dst>
      <dst id="2">3469.6622</dst>
      <dst id="6">0.4267</dst>
      <dst id="16">105.0756</dst>
      <dst id="14">149.6533</dst>
      <dst id="20">787.1378</dst>
      <dst id="11">2554.3289</dst>
      <dst id="9">933.0933</dst>
      <dst id="17">11716.7200</dst>
      <dst id="21">2696.4978</dst>
      <dst id="15">142.8889</dst>
    </src>
    <src id="6">
      <dst id="12">198.7467</dst>
      <dst id="13">10.3644</dst>
      <dst id="19">12.6222</dst>
      <dst id="23">28.5867</dst>
      <dst id="4">4.1333</dst>
      <dst id="1">835.1200</dst>
      <dst id="3">26.9511</dst>
      <dst id="10">12.0000</dst>
      <dst id="7">14.7200</dst>
      <dst id="2">213.8044</dst>
      <dst id="16">6.1511</dst>
      <dst id="20">133.9911</dst>
      <dst id="9">804.1067</dst>
      <dst id="17">22915.1733</dst>
      <dst id="21">1.0667</dst>
    </src>
    <src id="16">
      <dst id="12">97810.5867</dst>
      <dst id="13">1475.6356</dst>
      <dst id="19">4841.6356</dst>
      <dst id="23">76.3911</dst>
      <dst id="8">85963.8133</dst>
      <dst id="18">5.8133</dst>
      <dst id="4">721.4756</dst>
      <dst id="1">18887.5911</dst>
      <dst id="5">304567.0489</dst>
      <dst id="3">2426.9689</dst>
      <dst id="10">506.5422</dst>
      <dst id="22">545.9556</dst>
      <dst id="2">476.4178</dst>
      <dst id="16">17528.6933</dst>
      <dst id="14">38827.7422</dst>
      <dst id="11">14446.7467</dst>
      <dst id="9">162847.6356</dst>
      <dst id="17">3682.4978</dst>
      <dst id="21">180.6400</dst>
    </src>
    <src id="14">
      <dst id="12">631.7067</dst>
      <dst id="13">502.3644</dst>
      <dst id="19">85.1111</dst>
      <dst id="23">0.5244</dst>
      <dst id="4">88.6133</dst>
      <dst id="1">1741.0667</dst>
      <dst id="5">1.9200</dst>
      <dst id="3">999.0222</dst>
      <dst id="10">243.5200</dst>
      <dst id="7">45.1289</dst>
      <dst id="2">104.6667</dst>
      <dst id="16">3745.7156</dst>
      <dst id="20">1.7689</dst>
      <dst id="11">28.6667</dst>
      <dst id="9">1344.5067</dst>
      <dst id="17">25043.6178</dst>
      <dst id="21">229.6178</dst>
      <dst id="15">0.3556</dst>
    </src>
    <src id="20">
      <dst id="12">843.3333</dst>
      <dst id="13">4078.4711</dst>
      <dst id="19">3992.9067</dst>
      <dst id="8">1.5644</dst>
      <dst id="4">1046.1333</dst>
      <dst id="1">135.8489</dst>
      <dst id="5">1244.2311</dst>
      <dst id="3">6.8267</dst>
      <dst id="10">196.9244</dst>
      <dst id="7">27.4222</dst>
      <dst id="2">305.5733</dst>
      <dst id="16">9425.7156</dst>
      <dst id="14">5.0578</dst>
      <dst id="11">13.3333</dst>
      <dst id="9">332.8356</dst>
      <dst id="17">13074.6133</dst>
      <dst id="21">681.6978</dst>
    </src>
    <src id="11">
      <dst id="12">22434.2133</dst>
      <dst id="13">13065.5022</dst>
      <dst id="19">422.4444</dst>
      <dst id="23">235.8400</dst>
      <dst id="8">62.5867</dst>
      <dst id="18">293.1467</dst>
      <dst id="4">916.0444</dst>
      <dst id="1">33837.1289</dst>
      <dst id="5">1508.6844</dst>
      <dst id="3">311.8667</dst>
      <dst id="10">991.2533</dst>
      <dst id="22">69.6533</dst>
      <dst id="2">2385.8578</dst>
      <dst id="16">9974.4444</dst>
      <dst id="14">17.5556</dst>
      <dst id="20">20.5867</dst>
      <dst id="11">1667.0756</dst>
      <dst id="9">50912.6667</dst>
      <dst id="17">443011.6622</dst>
      <dst id="21">1218.2311</dst>
      <dst id="15">318.9511</dst>
    </src>
    <src id="9">
      <dst id="12">35688.7556</dst>
      <dst id="13">2624.5778</dst>
      <dst id="19">1.9289</dst>
      <dst id="23">1.6978</dst>
      <dst id="8">106606.5067</dst>
      <dst id="18">20.6844</dst>
      <dst id="4">418.8889</dst>
      <dst id="1">7467.2089</dst>
      <dst id="5">3094.2578</dst>
      <dst id="3">823.5733</dst>
      <dst id="10">369.5022</dst>
      <dst id="22">3.6622</dst>
      <dst id="2">484.0711</dst>
      <dst id="16">453396.4089</dst>
      <dst id="14">0.7111</dst>
      <dst id="11">12.3822</dst>
      <dst id="9">301265.4044</dst>
      <dst id="17">37210.5778</dst>
      <dst id="21">261.4311</dst>
      <dst id="15">4309.7067</dst>
    </src>
    <src id="17">
      <dst id="12">76057.6622</dst>
      <dst id="13">82116.6578</dst>
      <dst id="19">5836.1422</dst>
      <dst id="23">16.3378</dst>
      <dst id="8">739.3956</dst>
      <dst id="18">2337.5556</dst>
      <dst id="4">5063.6000</dst>
      <dst id="1">6305.9111</dst>
      <dst id="5">170563.4044</dst>
      <dst id="3">4190.0622</dst>
      <dst id="10">4018.4978</dst>
      <dst id="22">242.6133</dst>
      <dst id="7">3083.1556</dst>
      <dst id="2">19415.6356</dst>
      <dst id="16">37678.3911</dst>
      <dst id="14">10830.0978</dst>
      <dst id="20">4593.2533</dst>
      <dst id="11">13198.0800</dst>
      <dst id="9">16674.2044</dst>
      <dst id="17">19356.6222</dst>
      <dst id="21">7108.1689</dst>
      <dst id="15">7826.8622</dst>
    </src>
    <src id="21">
      <dst id="12">1099.4400</dst>
      <dst id="13">2953.6800</dst>
      <dst id="19">857.2000</dst>
      <dst id="23">31.3689</dst>
      <dst id="8">2.8800</dst>
      <dst id="18">941.8311</dst>
      <dst id="4">1274.5422</dst>
      <dst id="1">7278.0533</dst>
      <dst id="5">989.0489</dst>
      <dst id="3">407.6889</dst>
      <dst id="10">326.0444</dst>
      <dst id="22">95.4311</dst>
      <dst id="7">667.3867</dst>
      <dst id="2">7646.5067</dst>
      <dst id="16">8759.0311</dst>
      <dst id="14">156.4800</dst>
      <dst id="20">3272.8089</dst>
      <dst id="11">336.2933</dst>
      <dst id="9">1988.0444</dst>
      <dst id="17">11243.4933</dst>
      <dst id="21">1839.9467</dst>
      <dst id="15">497.8311</dst>
    </src>
    <src id="15">
      <dst id="12">137.5022</dst>
      <dst id="13">4039.8489</dst>
      <dst id="19">57.4933</dst>
      <dst id="8">6.0889</dst>
      <dst id="18">1.5644</dst>
      <dst id="4">39.7689</dst>
      <dst id="1">111.8044</dst>
      <dst id="5">73.5378</dst>
      <dst id="3">2.6667</dst>
      <dst id="10">31.4578</dst>
      <dst id="2">37.1733</dst>
      <dst id="16">1154.1156</dst>
      <dst id="11">27.2533</dst>
      <dst id="9">446.5422</dst>
      <dst id="17">1102.4711</dst>
      <dst id="21">0.7733</dst>
    </src>
  </IntraTM>
</TrafficMatrixFile>
