<?xml version="1.0" encoding="UTF-8" standalone="yes"?>
<TrafficMatrixFile xmlns:xsi="http://www.w3.org/2001/XMLSchema-instance" xsi:noNamespaceSchemaLocation="http://totem.run.montefiore.ulg.ac.be/Schema/TrafficMatrix-v1_2.xsd">
  <info>
    <title>Intradomain traffic matrix generated by geant-TM-all.pl</title>
    <date>2005-02-10T12:45:00</date>
    <duration>900</duration>
    <author>Steve Uhlig</author>
    <units>
        <unit type="bandwidth" value="kbps"/>
    </units>
  </info>
  <IntraTM ASID="20965">
    <src id="12">
      <dst id="12">279201.5911</dst>
      <dst id="13">21984.8533</dst>
      <dst id="19">2278.8978</dst>
      <dst id="23">36.6933</dst>
      <dst id="8">223.2889</dst>
      <dst id="18">63931.9289</dst>
      <dst id="4">82483.5644</dst>
      <dst id="1">9720.2400</dst>
      <dst id="5">1844.0533</dst>
      <dst id="3">50.6311</dst>
      <dst id="10">13228.9600</dst>
      <dst id="22">7807.0400</dst>
      <dst id="7">5720.3733</dst>
      <dst id="2">43730.9156</dst>
      <dst id="16">8658.8889</dst>
      <dst id="14">315.0667</dst>
      <dst id="20">594.4000</dst>
      <dst id="11">80.5244</dst>
      <dst id="9">8435.8844</dst>
      <dst id="17">15612.1156</dst>
      <dst id="21">3112.5778</dst>
      <dst id="15">32.9244</dst>
    </src>
    <src id="13">
      <dst id="12">60689.3600</dst>
      <dst id="19">6781.0400</dst>
      <dst id="23">1076.5600</dst>
      <dst id="8">2008.2044</dst>
      <dst id="18">2605.5467</dst>
      <dst id="4">3.9111</dst>
      <dst id="1">1156.3467</dst>
      <dst id="5">7851.2622</dst>
      <dst id="3">314.6933</dst>
      <dst id="22">6137.0667</dst>
      <dst id="7">23026.8711</dst>
      <dst id="2">38660.7911</dst>
      <dst id="16">4171.9467</dst>
      <dst id="14">1043.7689</dst>
      <dst id="20">2856.0444</dst>
      <dst id="11">221.0756</dst>
      <dst id="9">15741.7511</dst>
      <dst id="17">53125.2533</dst>
      <dst id="21">9287.4756</dst>
      <dst id="15">3750.2667</dst>
    </src>
    <src id="19">
      <dst id="12">19671.3067</dst>
      <dst id="13">1955.5378</dst>
      <dst id="23">7.2711</dst>
      <dst id="8">6.9067</dst>
      <dst id="18">0.4267</dst>
      <dst id="4">18964.8444</dst>
      <dst id="1">29.6089</dst>
      <dst id="5">124.0978</dst>
      <dst id="3">0.4622</dst>
      <dst id="10">516.1600</dst>
      <dst id="22">236.7911</dst>
      <dst id="7">2764.2133</dst>
      <dst id="2">1785.3422</dst>
      <dst id="16">14999.8311</dst>
      <dst id="14">1.0844</dst>
      <dst id="20">1.3600</dst>
      <dst id="9">29.0044</dst>
      <dst id="17">2862.6044</dst>
      <dst id="21">317.8044</dst>
      <dst id="15">78.6133</dst>
    </src>
    <src id="23">
      <dst id="12">2368.6933</dst>
      <dst id="13">5.5467</dst>
      <dst id="19">188.0267</dst>
      <dst id="8">1.2444</dst>
      <dst id="18">6050.1511</dst>
      <dst id="4">3228.3733</dst>
      <dst id="1">16.9778</dst>
      <dst id="5">1.1733</dst>
      <dst id="10">151.3244</dst>
      <dst id="22">11.9022</dst>
      <dst id="7">53.6356</dst>
      <dst id="2">163.3244</dst>
      <dst id="16">37.2000</dst>
      <dst id="14">1.5733</dst>
      <dst id="20">3.0222</dst>
      <dst id="11">0.4622</dst>
      <dst id="9">697.6800</dst>
      <dst id="17">989.6978</dst>
      <dst id="21">690.2756</dst>
      <dst id="15">0.3378</dst>
    </src>
    <src id="8">
      <dst id="12">18222.5867</dst>
      <dst id="13">404.9689</dst>
      <dst id="19">1.5733</dst>
      <dst id="23">0.9600</dst>
      <dst id="18">201.3867</dst>
      <dst id="4">1528.4622</dst>
      <dst id="1">7854.8356</dst>
      <dst id="5">467.7778</dst>
      <dst id="3">6.4622</dst>
      <dst id="10">364.1689</dst>
      <dst id="22">302.4978</dst>
      <dst id="7">21.4667</dst>
      <dst id="2">287.6267</dst>
      <dst id="16">35.8311</dst>
      <dst id="14">1.4667</dst>
      <dst id="20">6.9333</dst>
      <dst id="11">52.9778</dst>
      <dst id="9">198893.8311</dst>
      <dst id="17">258593.1289</dst>
      <dst id="21">12.7733</dst>
      <dst id="15">7.9111</dst>
    </src>
    <src id="18">
      <dst id="12">180796.5600</dst>
      <dst id="13">559.6444</dst>
      <dst id="19">1.3511</dst>
      <dst id="23">58.0533</dst>
      <dst id="8">42.7289</dst>
      <dst id="4">2377.4933</dst>
      <dst id="1">904.3644</dst>
      <dst id="5">253.1911</dst>
      <dst id="3">1039.9467</dst>
      <dst id="10">417.5378</dst>
      <dst id="22">306.8622</dst>
      <dst id="7">83.5556</dst>
      <dst id="2">44095.4311</dst>
      <dst id="16">27.9289</dst>
      <dst id="20">2.3289</dst>
      <dst id="11">0.3556</dst>
      <dst id="9">247.2533</dst>
      <dst id="17">5569.4933</dst>
      <dst id="21">692.3289</dst>
      <dst id="15">0.8178</dst>
    </src>
    <src id="4">
      <dst id="12">6715.5911</dst>
      <dst id="13">0.3556</dst>
      <dst id="19">4029.8311</dst>
      <dst id="23">79.2889</dst>
      <dst id="8">126.6844</dst>
      <dst id="18">1504.5067</dst>
      <dst id="4">724.3111</dst>
      <dst id="1">10168.5422</dst>
      <dst id="5">967.3600</dst>
      <dst id="3">214.6756</dst>
      <dst id="22">1146.2222</dst>
      <dst id="7">115063.2889</dst>
      <dst id="2">41506.2400</dst>
      <dst id="16">3581.5200</dst>
      <dst id="14">1247.7156</dst>
      <dst id="20">518.5600</dst>
      <dst id="11">89.3600</dst>
      <dst id="9">3028.5422</dst>
      <dst id="17">35921.6000</dst>
      <dst id="21">2323.8844</dst>
      <dst id="15">51.9733</dst>
    </src>
    <src id="1">
      <dst id="12">24989.0311</dst>
      <dst id="13">110.4089</dst>
      <dst id="19">822.2933</dst>
      <dst id="23">29.7956</dst>
      <dst id="8">6.6844</dst>
      <dst id="18">11634.5867</dst>
      <dst id="4">3792.4978</dst>
      <dst id="1">74868.6311</dst>
      <dst id="5">597.5378</dst>
      <dst id="3">76.2578</dst>
      <dst id="10">798.7111</dst>
      <dst id="22">68.1511</dst>
      <dst id="7">702.7556</dst>
      <dst id="2">16123.3511</dst>
      <dst id="16">22947.9467</dst>
      <dst id="14">42.5511</dst>
      <dst id="20">20.2222</dst>
      <dst id="11">116.6133</dst>
      <dst id="9">755.9644</dst>
      <dst id="17">15637.7244</dst>
      <dst id="21">10550.1244</dst>
      <dst id="15">190.6222</dst>
    </src>
    <src id="5">
      <dst id="12">19414.7111</dst>
      <dst id="13">474.0711</dst>
      <dst id="19">79.1111</dst>
      <dst id="23">13.3333</dst>
      <dst id="8">666.5778</dst>
      <dst id="18">172.4533</dst>
      <dst id="4">7728.1333</dst>
      <dst id="1">7058.0622</dst>
      <dst id="3">0.8178</dst>
      <dst id="10">1041.9644</dst>
      <dst id="22">3360.2133</dst>
      <dst id="7">28.1511</dst>
      <dst id="2">349.1200</dst>
      <dst id="16">539.0133</dst>
      <dst id="14">56.6578</dst>
      <dst id="20">405.3778</dst>
      <dst id="9">78192.8267</dst>
      <dst id="17">404201.7067</dst>
      <dst id="21">222.5956</dst>
      <dst id="15">261.1200</dst>
    </src>
    <src id="3">
      <dst id="12">8999.0578</dst>
      <dst id="13">452.2578</dst>
      <dst id="19">1121.9822</dst>
      <dst id="23">2.0800</dst>
      <dst id="8">48.3200</dst>
      <dst id="18">39.8844</dst>
      <dst id="4">13855.3511</dst>
      <dst id="1">3118.3556</dst>
      <dst id="5">156.6933</dst>
      <dst id="3">24.0000</dst>
      <dst id="10">1907.9467</dst>
      <dst id="22">1138.5067</dst>
      <dst id="7">581.7956</dst>
      <dst id="2">1899.5467</dst>
      <dst id="16">1258.9511</dst>
      <dst id="14">128.1156</dst>
      <dst id="20">60.1778</dst>
      <dst id="11">98.6133</dst>
      <dst id="9">122.6578</dst>
      <dst id="17">49270.4978</dst>
      <dst id="21">980.2222</dst>
      <dst id="15">2.8889</dst>
    </src>
    <src id="10">
      <dst id="12">133129.0578</dst>
      <dst id="19">2968.4444</dst>
      <dst id="23">1055.2711</dst>
      <dst id="8">68326.5867</dst>
      <dst id="18">214.3200</dst>
      <dst id="1">235.1378</dst>
      <dst id="5">139965.7156</dst>
      <dst id="3">9981.1822</dst>
      <dst id="22">2686.2311</dst>
      <dst id="7">42380.4178</dst>
      <dst id="2">17366.9600</dst>
      <dst id="16">742.1956</dst>
      <dst id="14">17732.4089</dst>
      <dst id="20">780.4533</dst>
      <dst id="11">11083.8844</dst>
      <dst id="9">143144.8444</dst>
      <dst id="17">33973.9556</dst>
      <dst id="21">7511.6978</dst>
      <dst id="15">1255.5556</dst>
    </src>
    <src id="22">
      <dst id="12">5190.5511</dst>
      <dst id="13">2281.5822</dst>
      <dst id="19">33.0844</dst>
      <dst id="23">14.0978</dst>
      <dst id="8">352.8178</dst>
      <dst id="18">134.6133</dst>
      <dst id="4">8566.0089</dst>
      <dst id="1">1518.7022</dst>
      <dst id="5">2748.4889</dst>
      <dst id="3">42.3200</dst>
      <dst id="10">1728.2400</dst>
      <dst id="7">1024.1067</dst>
      <dst id="2">2231.6178</dst>
      <dst id="14">104.1067</dst>
      <dst id="11">37.2000</dst>
      <dst id="9">5970.8533</dst>
      <dst id="17">3952.2311</dst>
      <dst id="21">1377.2889</dst>
    </src>
    <src id="7">
      <dst id="12">2747.0311</dst>
      <dst id="13">441.4400</dst>
      <dst id="19">842.8800</dst>
      <dst id="23">11.0578</dst>
      <dst id="8">343.6889</dst>
      <dst id="18">940.4089</dst>
      <dst id="4">16377.9022</dst>
      <dst id="1">4174.2933</dst>
      <dst id="5">800.2489</dst>
      <dst id="3">540.6222</dst>
      <dst id="10">281.8756</dst>
      <dst id="22">1540.9778</dst>
      <dst id="7">687.1022</dst>
      <dst id="2">6455.7511</dst>
      <dst id="16">777.2356</dst>
      <dst id="14">40.2133</dst>
      <dst id="20">1465.3333</dst>
      <dst id="11">39.9911</dst>
      <dst id="9">568.0000</dst>
      <dst id="17">4522.4178</dst>
      <dst id="21">3445.5111</dst>
      <dst id="15">206.7644</dst>
    </src>
    <src id="2">
      <dst id="12">58901.9733</dst>
      <dst id="13">4599.3778</dst>
      <dst id="19">230.3467</dst>
      <dst id="23">5.0844</dst>
      <dst id="8">39.8578</dst>
      <dst id="18">47973.7689</dst>
      <dst id="4">54942.6933</dst>
      <dst id="1">6101.0578</dst>
      <dst id="5">2515.4667</dst>
      <dst id="3">96.7644</dst>
      <dst id="10">3333.4933</dst>
      <dst id="22">1541.0756</dst>
      <dst id="7">4569.1200</dst>
      <dst id="2">510.3911</dst>
      <dst id="16">229.3956</dst>
      <dst id="14">103.4933</dst>
      <dst id="20">473.7956</dst>
      <dst id="11">80.2133</dst>
      <dst id="9">879.0489</dst>
      <dst id="17">80912.0533</dst>
      <dst id="21">2003.3867</dst>
      <dst id="15">98.1511</dst>
    </src>
    <src id="6">
      <dst id="12">931.0489</dst>
      <dst id="13">45.4489</dst>
      <dst id="19">28.0889</dst>
      <dst id="8">0.4622</dst>
      <dst id="18">1.1378</dst>
      <dst id="4">23.9111</dst>
      <dst id="1">47.5556</dst>
      <dst id="5">40.4000</dst>
      <dst id="22">7.8489</dst>
      <dst id="7">4.6311</dst>
      <dst id="2">1117.7511</dst>
      <dst id="17">9292.3822</dst>
      <dst id="21">17.5556</dst>
    </src>
    <src id="16">
      <dst id="12">2390.0533</dst>
      <dst id="13">158.3378</dst>
      <dst id="19">4439.7867</dst>
      <dst id="23">73.1289</dst>
      <dst id="8">1226.0711</dst>
      <dst id="18">340.5689</dst>
      <dst id="4">2534.3911</dst>
      <dst id="1">22984.1600</dst>
      <dst id="5">1121.8667</dst>
      <dst id="10">538.1244</dst>
      <dst id="7">887.2622</dst>
      <dst id="2">925.4667</dst>
      <dst id="16">22.3556</dst>
      <dst id="11">13.0133</dst>
      <dst id="9">1911.0667</dst>
      <dst id="17">4159.5200</dst>
      <dst id="21">56.4267</dst>
    </src>
    <src id="14">
      <dst id="12">968.9422</dst>
      <dst id="13">16.3111</dst>
      <dst id="19">2.6400</dst>
      <dst id="23">3.7511</dst>
      <dst id="4">796.9867</dst>
      <dst id="1">831.8133</dst>
      <dst id="5">163.7067</dst>
      <dst id="3">215.2444</dst>
      <dst id="10">444.8000</dst>
      <dst id="22">6.3378</dst>
      <dst id="7">33.8222</dst>
      <dst id="2">2513.1467</dst>
      <dst id="16">1.6000</dst>
      <dst id="20">6.1778</dst>
      <dst id="11">13.7956</dst>
      <dst id="9">5.6356</dst>
      <dst id="17">25123.4844</dst>
      <dst id="21">122.8978</dst>
      <dst id="15">1.0667</dst>
    </src>
    <src id="20">
      <dst id="12">10049.6089</dst>
      <dst id="13">957.1911</dst>
      <dst id="19">1.9644</dst>
      <dst id="23">1.8222</dst>
      <dst id="8">3.5111</dst>
      <dst id="18">4.1689</dst>
      <dst id="4">10740.5689</dst>
      <dst id="1">42.7111</dst>
      <dst id="5">9080.0356</dst>
      <dst id="3">0.9333</dst>
      <dst id="10">717.1111</dst>
      <dst id="7">197.7067</dst>
      <dst id="2">1877.9822</dst>
      <dst id="14">110.3822</dst>
      <dst id="20">0.8178</dst>
      <dst id="11">13.8222</dst>
      <dst id="9">772.5778</dst>
      <dst id="17">2013.8133</dst>
      <dst id="21">426.7556</dst>
    </src>
    <src id="11">
      <dst id="12">37848.0178</dst>
      <dst id="13">2254.3644</dst>
      <dst id="19">21.6711</dst>
      <dst id="23">7.8933</dst>
      <dst id="8">1362.3911</dst>
      <dst id="18">559.0133</dst>
      <dst id="4">7645.3511</dst>
      <dst id="1">599.6889</dst>
      <dst id="5">781.8667</dst>
      <dst id="3">16.1867</dst>
      <dst id="10">172.0889</dst>
      <dst id="22">1564.7467</dst>
      <dst id="7">247.7511</dst>
      <dst id="2">113341.6000</dst>
      <dst id="16">42.5956</dst>
      <dst id="14">18.3733</dst>
      <dst id="20">1010.1333</dst>
      <dst id="11">863.9200</dst>
      <dst id="9">1464.6844</dst>
      <dst id="17">696973.4311</dst>
      <dst id="21">590.2400</dst>
      <dst id="15">98.7378</dst>
    </src>
    <src id="9">
      <dst id="12">25702.4444</dst>
      <dst id="13">8232.1422</dst>
      <dst id="19">14.1333</dst>
      <dst id="23">168.2044</dst>
      <dst id="8">77707.2533</dst>
      <dst id="18">236.1956</dst>
      <dst id="4">8853.5733</dst>
      <dst id="1">13110.8267</dst>
      <dst id="5">3926.6578</dst>
      <dst id="3">0.8178</dst>
      <dst id="10">794.5956</dst>
      <dst id="22">3353.1111</dst>
      <dst id="7">233.0400</dst>
      <dst id="2">1866.5689</dst>
      <dst id="16">160.1867</dst>
      <dst id="14">6.2933</dst>
      <dst id="20">262.4089</dst>
      <dst id="11">30.8711</dst>
      <dst id="9">417845.0489</dst>
      <dst id="17">442560.8000</dst>
      <dst id="21">78.6756</dst>
      <dst id="15">914.4533</dst>
    </src>
    <src id="17">
      <dst id="12">106744.5156</dst>
      <dst id="13">10255.7511</dst>
      <dst id="19">5548.6400</dst>
      <dst id="23">2118.5422</dst>
      <dst id="8">110.6400</dst>
      <dst id="18">127.2444</dst>
      <dst id="4">51175.8133</dst>
      <dst id="1">1209.9556</dst>
      <dst id="5">123952.1244</dst>
      <dst id="3">1017.7600</dst>
      <dst id="10">2118.0267</dst>
      <dst id="22">1688.3644</dst>
      <dst id="7">1201.2000</dst>
      <dst id="2">17736.5600</dst>
      <dst id="16">4729.8311</dst>
      <dst id="14">10637.6444</dst>
      <dst id="20">6272.2311</dst>
      <dst id="11">12684.1956</dst>
      <dst id="9">5407.4044</dst>
      <dst id="17">17962.6311</dst>
      <dst id="21">5451.9644</dst>
      <dst id="15">63.6000</dst>
    </src>
    <src id="21">
      <dst id="12">4821.0400</dst>
      <dst id="13">461.9289</dst>
      <dst id="19">119.9111</dst>
      <dst id="23">2.1333</dst>
      <dst id="8">49.8222</dst>
      <dst id="18">4555.4133</dst>
      <dst id="4">21553.6089</dst>
      <dst id="1">823.4311</dst>
      <dst id="5">460.6044</dst>
      <dst id="3">470.5156</dst>
      <dst id="10">1034.6933</dst>
      <dst id="22">1046.2044</dst>
      <dst id="7">1240.4889</dst>
      <dst id="2">6822.1156</dst>
      <dst id="16">160.0711</dst>
      <dst id="14">3487.1556</dst>
      <dst id="20">264.1156</dst>
      <dst id="11">57.4933</dst>
      <dst id="9">227.4044</dst>
      <dst id="17">19951.5200</dst>
      <dst id="21">1294.4444</dst>
      <dst id="15">235.9644</dst>
    </src>
    <src id="15">
      <dst id="12">162.3022</dst>
      <dst id="13">400.0000</dst>
      <dst id="19">3916.9867</dst>
      <dst id="23">1.7867</dst>
      <dst id="8">27.1644</dst>
      <dst id="18">0.3556</dst>
      <dst id="4">1099.1200</dst>
      <dst id="1">65.9822</dst>
      <dst id="5">102.5156</dst>
      <dst id="10">521.8400</dst>
      <dst id="7">14.7111</dst>
      <dst id="2">122.2667</dst>
      <dst id="14">5.8044</dst>
      <dst id="11">11.3422</dst>
      <dst id="9">443.3244</dst>
      <dst id="17">692.5511</dst>
      <dst id="21">5.6622</dst>
    </src>
  </IntraTM>
</TrafficMatrixFile>
