<?xml version="1.0" encoding="UTF-8" standalone="yes"?>
<TrafficMatrixFile xmlns:xsi="http://www.w3.org/2001/XMLSchema-instance" xsi:noNamespaceSchemaLocation="http://totem.run.montefiore.ulg.ac.be/Schema/TrafficMatrix-v1_2.xsd">
  <info>
    <title>Intradomain traffic matrix generated by geant-TM-all.pl</title>
    <date>2005-02-22T02:30:00</date>
    <duration>900</duration>
    <author>Steve Uhlig</author>
    <units>
        <unit type="bandwidth" value="kbps"/>
    </units>
  </info>
  <IntraTM ASID="20965">
    <src id="12">
      <dst id="12">229354.6933</dst>
      <dst id="13">313035.5644</dst>
      <dst id="19">4567.9111</dst>
      <dst id="23">65.0578</dst>
      <dst id="8">2391.0400</dst>
      <dst id="18">64561.7600</dst>
      <dst id="4">13785.5822</dst>
      <dst id="1">10198.7467</dst>
      <dst id="5">3675.4222</dst>
      <dst id="3">17.4933</dst>
      <dst id="10">6723.2000</dst>
      <dst id="22">14289.9733</dst>
      <dst id="7">1273.6711</dst>
      <dst id="2">37452.4089</dst>
      <dst id="6">19.4578</dst>
      <dst id="16">8442.1156</dst>
      <dst id="14">400.2667</dst>
      <dst id="20">21263.6267</dst>
      <dst id="11">875.7333</dst>
      <dst id="9">14436.8267</dst>
      <dst id="17">85714.7822</dst>
      <dst id="21">1040.5511</dst>
      <dst id="15">5220.7378</dst>
    </src>
    <src id="13">
      <dst id="12">14620.3022</dst>
      <dst id="19">4444.1956</dst>
      <dst id="23">231.2978</dst>
      <dst id="8">269.9467</dst>
      <dst id="18">315.4400</dst>
      <dst id="1">609.7333</dst>
      <dst id="5">4476.3111</dst>
      <dst id="3">30.2844</dst>
      <dst id="22">8361.4489</dst>
      <dst id="7">534.5867</dst>
      <dst id="2">20481.5822</dst>
      <dst id="6">25.2178</dst>
      <dst id="16">2012.4444</dst>
      <dst id="14">200.9689</dst>
      <dst id="20">4531.1289</dst>
      <dst id="11">141.3244</dst>
      <dst id="9">23513.3067</dst>
      <dst id="17">17957.2533</dst>
      <dst id="21">987.5644</dst>
      <dst id="15">2708.4800</dst>
    </src>
    <src id="19">
      <dst id="12">17751.6800</dst>
      <dst id="13">437.1378</dst>
      <dst id="23">1.0133</dst>
      <dst id="8">1.4400</dst>
      <dst id="18">2.2044</dst>
      <dst id="4">14064.8267</dst>
      <dst id="1">45.6533</dst>
      <dst id="5">323.7333</dst>
      <dst id="10">35.2711</dst>
      <dst id="22">14.4622</dst>
      <dst id="7">3140.3289</dst>
      <dst id="2">176.7644</dst>
      <dst id="16">9846.4178</dst>
      <dst id="14">4.2489</dst>
      <dst id="20">131.2889</dst>
      <dst id="11">15.1467</dst>
      <dst id="9">113.2978</dst>
      <dst id="17">710.7022</dst>
      <dst id="21">39.8044</dst>
      <dst id="15">38.6489</dst>
    </src>
    <src id="23">
      <dst id="12">1444.4533</dst>
      <dst id="13">64.6311</dst>
      <dst id="19">13.4400</dst>
      <dst id="8">67.0222</dst>
      <dst id="18">1412.4444</dst>
      <dst id="4">172.1956</dst>
      <dst id="1">105.3244</dst>
      <dst id="3">40.3556</dst>
      <dst id="10">19.8400</dst>
      <dst id="22">12.4800</dst>
      <dst id="7">16.4533</dst>
      <dst id="2">85.2533</dst>
      <dst id="16">793.0133</dst>
      <dst id="14">13.3333</dst>
      <dst id="20">31.7689</dst>
      <dst id="9">352.4089</dst>
      <dst id="17">22340.0444</dst>
      <dst id="21">322.7022</dst>
    </src>
    <src id="8">
      <dst id="12">19358.4356</dst>
      <dst id="13">5247.4578</dst>
      <dst id="19">0.5156</dst>
      <dst id="23">0.3556</dst>
      <dst id="18">203.1644</dst>
      <dst id="4">1126.7822</dst>
      <dst id="1">7585.5467</dst>
      <dst id="5">2755.5733</dst>
      <dst id="3">0.3556</dst>
      <dst id="10">47.8133</dst>
      <dst id="22">1550.6578</dst>
      <dst id="7">89.4844</dst>
      <dst id="2">85.2089</dst>
      <dst id="16">76349.6267</dst>
      <dst id="20">4866.5333</dst>
      <dst id="11">1899.4489</dst>
      <dst id="9">176609.3156</dst>
      <dst id="17">268923.6267</dst>
      <dst id="21">39.0133</dst>
      <dst id="15">48.2133</dst>
    </src>
    <src id="18">
      <dst id="12">114987.7156</dst>
      <dst id="13">324.6133</dst>
      <dst id="19">1.4133</dst>
      <dst id="23">32.8800</dst>
      <dst id="8">5.0844</dst>
      <dst id="4">2938.0622</dst>
      <dst id="1">916.6222</dst>
      <dst id="5">431.4133</dst>
      <dst id="3">264.4711</dst>
      <dst id="10">111.9644</dst>
      <dst id="22">274.3200</dst>
      <dst id="7">43.8400</dst>
      <dst id="2">24589.1200</dst>
      <dst id="16">46.0889</dst>
      <dst id="14">11.8311</dst>
      <dst id="20">211.6000</dst>
      <dst id="9">5602.9867</dst>
      <dst id="17">40113.8489</dst>
      <dst id="21">499.7956</dst>
      <dst id="15">5.6178</dst>
    </src>
    <src id="4">
      <dst id="12">31760.5156</dst>
      <dst id="13">974.5422</dst>
      <dst id="19">6396.0267</dst>
      <dst id="23">308.9867</dst>
      <dst id="8">2209.4133</dst>
      <dst id="18">1551.3422</dst>
      <dst id="4">99.0578</dst>
      <dst id="1">48764.8000</dst>
      <dst id="5">3349.7333</dst>
      <dst id="3">766.6489</dst>
      <dst id="22">9602.2044</dst>
      <dst id="7">31609.2622</dst>
      <dst id="2">74907.2356</dst>
      <dst id="6">38.4711</dst>
      <dst id="16">9513.1644</dst>
      <dst id="14">1762.7200</dst>
      <dst id="20">27054.5511</dst>
      <dst id="11">2071.8844</dst>
      <dst id="9">6014.3911</dst>
      <dst id="17">56781.3867</dst>
      <dst id="21">9844.1156</dst>
      <dst id="15">1136.3467</dst>
    </src>
    <src id="1">
      <dst id="12">35358.4800</dst>
      <dst id="13">197.9378</dst>
      <dst id="19">53.0400</dst>
      <dst id="23">69.0311</dst>
      <dst id="8">55.0756</dst>
      <dst id="18">18874.9956</dst>
      <dst id="4">5236.4444</dst>
      <dst id="1">13269.9289</dst>
      <dst id="5">484.4533</dst>
      <dst id="3">378.8711</dst>
      <dst id="10">216.2222</dst>
      <dst id="22">231.1200</dst>
      <dst id="7">2439.7689</dst>
      <dst id="2">6138.0533</dst>
      <dst id="6">46.2222</dst>
      <dst id="16">16598.5689</dst>
      <dst id="14">107.0933</dst>
      <dst id="20">137.7600</dst>
      <dst id="11">83.2178</dst>
      <dst id="9">1161.8133</dst>
      <dst id="17">43455.7244</dst>
      <dst id="21">5077.6533</dst>
      <dst id="15">292.6222</dst>
    </src>
    <src id="5">
      <dst id="12">12551.5111</dst>
      <dst id="13">873.4489</dst>
      <dst id="19">58.4267</dst>
      <dst id="8">540.5422</dst>
      <dst id="18">197.6356</dst>
      <dst id="4">584.9689</dst>
      <dst id="1">2505.8044</dst>
      <dst id="3">1.7511</dst>
      <dst id="10">125.1378</dst>
      <dst id="22">1295.1022</dst>
      <dst id="7">112.2222</dst>
      <dst id="2">448.1244</dst>
      <dst id="6">1.0667</dst>
      <dst id="16">97514.5244</dst>
      <dst id="14">3.0933</dst>
      <dst id="20">1259.0756</dst>
      <dst id="11">0.7822</dst>
      <dst id="9">101798.1067</dst>
      <dst id="17">353617.2800</dst>
      <dst id="21">230.5244</dst>
      <dst id="15">299.8222</dst>
    </src>
    <src id="3">
      <dst id="12">13986.0622</dst>
      <dst id="13">1448.5333</dst>
      <dst id="19">654.5689</dst>
      <dst id="23">8.7111</dst>
      <dst id="8">24.4089</dst>
      <dst id="18">2433.7244</dst>
      <dst id="4">38290.7467</dst>
      <dst id="1">10157.7956</dst>
      <dst id="5">105.6444</dst>
      <dst id="3">37.9733</dst>
      <dst id="10">496.2400</dst>
      <dst id="22">170.4267</dst>
      <dst id="7">3011.5200</dst>
      <dst id="2">3255.4222</dst>
      <dst id="6">1.0311</dst>
      <dst id="16">1225.9200</dst>
      <dst id="14">154.2489</dst>
      <dst id="20">115.8400</dst>
      <dst id="11">141.7156</dst>
      <dst id="9">1334.0533</dst>
      <dst id="17">25976.2844</dst>
      <dst id="21">4500.8622</dst>
      <dst id="15">7.1822</dst>
    </src>
    <src id="10">
      <dst id="12">107807.2711</dst>
      <dst id="19">478.2844</dst>
      <dst id="23">86.1600</dst>
      <dst id="8">70122.5867</dst>
      <dst id="18">6810.8978</dst>
      <dst id="1">1227.7156</dst>
      <dst id="5">151736.5867</dst>
      <dst id="3">12081.5644</dst>
      <dst id="22">4880.4444</dst>
      <dst id="7">4539.4756</dst>
      <dst id="2">12487.1822</dst>
      <dst id="6">15956.2489</dst>
      <dst id="16">1334.4267</dst>
      <dst id="14">26502.3644</dst>
      <dst id="20">1299.0489</dst>
      <dst id="11">9451.7600</dst>
      <dst id="9">156150.7556</dst>
      <dst id="17">33396.0533</dst>
      <dst id="21">8435.4578</dst>
      <dst id="15">212.8444</dst>
    </src>
    <src id="22">
      <dst id="12">12441.8400</dst>
      <dst id="13">19094.0978</dst>
      <dst id="19">204.9333</dst>
      <dst id="23">678.4533</dst>
      <dst id="8">921.9111</dst>
      <dst id="18">281.7867</dst>
      <dst id="4">4250.4889</dst>
      <dst id="1">2440.1244</dst>
      <dst id="5">9866.0533</dst>
      <dst id="3">17.2178</dst>
      <dst id="10">545.6622</dst>
      <dst id="7">1340.7022</dst>
      <dst id="2">2246.3911</dst>
      <dst id="6">27.4400</dst>
      <dst id="14">411.1822</dst>
      <dst id="11">48.6044</dst>
      <dst id="9">9880.6756</dst>
      <dst id="17">17863.2267</dst>
      <dst id="21">327.8044</dst>
    </src>
    <src id="7">
      <dst id="12">12882.0356</dst>
      <dst id="13">1277.1022</dst>
      <dst id="19">757.6711</dst>
      <dst id="23">1050.4178</dst>
      <dst id="8">930.4178</dst>
      <dst id="18">330.7111</dst>
      <dst id="4">2264.6489</dst>
      <dst id="1">8227.6356</dst>
      <dst id="5">907.2178</dst>
      <dst id="3">147.4667</dst>
      <dst id="10">135.4756</dst>
      <dst id="22">2557.6711</dst>
      <dst id="7">797.0844</dst>
      <dst id="2">5990.3733</dst>
      <dst id="6">147.6978</dst>
      <dst id="16">255.4933</dst>
      <dst id="14">474.6311</dst>
      <dst id="20">1659.8044</dst>
      <dst id="11">119.1111</dst>
      <dst id="9">1343.3156</dst>
      <dst id="17">8120.4533</dst>
      <dst id="21">3228.5333</dst>
      <dst id="15">516.4000</dst>
    </src>
    <src id="2">
      <dst id="12">63111.3778</dst>
      <dst id="13">6251.4756</dst>
      <dst id="19">444.1422</dst>
      <dst id="23">0.4622</dst>
      <dst id="8">157.7956</dst>
      <dst id="18">30151.2356</dst>
      <dst id="4">14097.5822</dst>
      <dst id="1">2607.3778</dst>
      <dst id="5">900.6844</dst>
      <dst id="3">35.2000</dst>
      <dst id="10">3693.5733</dst>
      <dst id="22">939.9467</dst>
      <dst id="7">1901.1733</dst>
      <dst id="2">1131.2889</dst>
      <dst id="6">13045.6444</dst>
      <dst id="16">302.4622</dst>
      <dst id="14">233.9200</dst>
      <dst id="20">388.7911</dst>
      <dst id="11">202.8267</dst>
      <dst id="9">508.7111</dst>
      <dst id="17">14325.6089</dst>
      <dst id="21">1404.7200</dst>
      <dst id="15">3.2000</dst>
    </src>
    <src id="6">
      <dst id="12">304.2044</dst>
      <dst id="13">5.9200</dst>
      <dst id="19">1.9022</dst>
      <dst id="8">0.7111</dst>
      <dst id="18">11.9644</dst>
      <dst id="4">14.3822</dst>
      <dst id="1">32.8711</dst>
      <dst id="5">12.6222</dst>
      <dst id="22">5.2356</dst>
      <dst id="7">12.0978</dst>
      <dst id="2">3571.8222</dst>
      <dst id="16">26.9600</dst>
      <dst id="9">315.8756</dst>
      <dst id="17">19543.8133</dst>
      <dst id="21">2.2311</dst>
    </src>
    <src id="16">
      <dst id="12">111270.0000</dst>
      <dst id="13">19249.2711</dst>
      <dst id="19">3657.2267</dst>
      <dst id="23">20.9156</dst>
      <dst id="8">77659.2889</dst>
      <dst id="18">154.9600</dst>
      <dst id="4">717.5378</dst>
      <dst id="1">23883.3511</dst>
      <dst id="5">128576.7822</dst>
      <dst id="3">4038.9689</dst>
      <dst id="10">256.2578</dst>
      <dst id="7">156.9956</dst>
      <dst id="2">205.4578</dst>
      <dst id="6">6.6400</dst>
      <dst id="16">17.5644</dst>
      <dst id="14">26.2133</dst>
      <dst id="11">11024.8356</dst>
      <dst id="9">141558.0267</dst>
      <dst id="17">11297.0222</dst>
      <dst id="21">4967.2622</dst>
    </src>
    <src id="14">
      <dst id="12">2020.7911</dst>
      <dst id="13">87.6622</dst>
      <dst id="19">17.4400</dst>
      <dst id="23">2.0267</dst>
      <dst id="8">0.5778</dst>
      <dst id="18">1.0933</dst>
      <dst id="4">468.9600</dst>
      <dst id="1">300.7911</dst>
      <dst id="5">2.0356</dst>
      <dst id="3">176.8178</dst>
      <dst id="10">171.3244</dst>
      <dst id="22">19.6356</dst>
      <dst id="7">65.3156</dst>
      <dst id="2">2038.2844</dst>
      <dst id="16">2195.0400</dst>
      <dst id="20">2.9867</dst>
      <dst id="11">0.9244</dst>
      <dst id="9">1441.3067</dst>
      <dst id="17">28727.4400</dst>
      <dst id="21">32.0267</dst>
      <dst id="15">1.1200</dst>
    </src>
    <src id="20">
      <dst id="12">16412.1244</dst>
      <dst id="13">22333.7778</dst>
      <dst id="19">17.5289</dst>
      <dst id="23">2456.0356</dst>
      <dst id="8">118.7022</dst>
      <dst id="18">271.7244</dst>
      <dst id="4">7403.2089</dst>
      <dst id="1">328.9067</dst>
      <dst id="5">530.7289</dst>
      <dst id="3">1.5022</dst>
      <dst id="10">1574.0622</dst>
      <dst id="7">123.2533</dst>
      <dst id="2">9284.0356</dst>
      <dst id="6">0.3556</dst>
      <dst id="14">11.8578</dst>
      <dst id="20">49.4933</dst>
      <dst id="11">0.5689</dst>
      <dst id="9">14759.1467</dst>
      <dst id="17">8435.5467</dst>
      <dst id="21">435.1644</dst>
    </src>
    <src id="11">
      <dst id="12">32142.8622</dst>
      <dst id="13">1523.1644</dst>
      <dst id="19">331.4489</dst>
      <dst id="23">38.3289</dst>
      <dst id="8">281.1733</dst>
      <dst id="18">130.5333</dst>
      <dst id="4">780.8622</dst>
      <dst id="1">4071.6622</dst>
      <dst id="5">1026.8711</dst>
      <dst id="3">107.2800</dst>
      <dst id="10">2351.6267</dst>
      <dst id="22">2369.6356</dst>
      <dst id="7">679.3244</dst>
      <dst id="2">78075.6800</dst>
      <dst id="6">0.9156</dst>
      <dst id="16">54808.4800</dst>
      <dst id="14">82.6667</dst>
      <dst id="20">1914.6667</dst>
      <dst id="11">1152.5689</dst>
      <dst id="9">37419.7867</dst>
      <dst id="17">677089.4133</dst>
      <dst id="21">303.1556</dst>
      <dst id="15">634.8800</dst>
    </src>
    <src id="9">
      <dst id="12">23145.7956</dst>
      <dst id="13">12660.2578</dst>
      <dst id="19">48.5778</dst>
      <dst id="23">4.5333</dst>
      <dst id="8">84736.7556</dst>
      <dst id="18">37.7511</dst>
      <dst id="4">3147.8311</dst>
      <dst id="1">6990.0533</dst>
      <dst id="5">5680.4622</dst>
      <dst id="3">1.5911</dst>
      <dst id="10">410.7556</dst>
      <dst id="22">6183.6800</dst>
      <dst id="7">1415.2089</dst>
      <dst id="2">1424.7911</dst>
      <dst id="6">13.2622</dst>
      <dst id="16">125860.3289</dst>
      <dst id="14">120.1244</dst>
      <dst id="20">12224.3022</dst>
      <dst id="11">21.2978</dst>
      <dst id="9">428446.8711</dst>
      <dst id="17">461834.4622</dst>
      <dst id="21">807.2533</dst>
      <dst id="15">3224.3822</dst>
    </src>
    <src id="17">
      <dst id="12">100657.4222</dst>
      <dst id="13">3801.7156</dst>
      <dst id="19">2612.2933</dst>
      <dst id="23">18.3644</dst>
      <dst id="8">110.9778</dst>
      <dst id="18">46.3556</dst>
      <dst id="4">14338.9067</dst>
      <dst id="1">2598.3467</dst>
      <dst id="5">112464.7022</dst>
      <dst id="3">5005.9200</dst>
      <dst id="10">24630.8800</dst>
      <dst id="22">10011.9644</dst>
      <dst id="7">2769.8311</dst>
      <dst id="2">10282.7556</dst>
      <dst id="6">204.4267</dst>
      <dst id="16">2183.4044</dst>
      <dst id="14">16576.3644</dst>
      <dst id="20">511.6622</dst>
      <dst id="11">8607.5733</dst>
      <dst id="9">873.3689</dst>
      <dst id="17">15287.1644</dst>
      <dst id="21">6348.8267</dst>
      <dst id="15">93.1556</dst>
    </src>
    <src id="21">
      <dst id="12">6765.1022</dst>
      <dst id="13">1664.6133</dst>
      <dst id="19">583.7422</dst>
      <dst id="23">9.4044</dst>
      <dst id="8">81.3333</dst>
      <dst id="18">5094.7733</dst>
      <dst id="4">4807.4578</dst>
      <dst id="1">1099.6978</dst>
      <dst id="5">724.6222</dst>
      <dst id="3">3275.7867</dst>
      <dst id="10">351.0400</dst>
      <dst id="22">3186.0267</dst>
      <dst id="7">2001.0311</dst>
      <dst id="2">6948.2667</dst>
      <dst id="6">45.6889</dst>
      <dst id="16">249.4311</dst>
      <dst id="14">125.5111</dst>
      <dst id="20">24.6044</dst>
      <dst id="11">67.8400</dst>
      <dst id="9">1442.4089</dst>
      <dst id="17">32721.4044</dst>
      <dst id="21">763.1733</dst>
      <dst id="15">64.8000</dst>
    </src>
    <src id="15">
      <dst id="12">360.4000</dst>
      <dst id="13">1181.2800</dst>
      <dst id="19">3.2444</dst>
      <dst id="8">89.5822</dst>
      <dst id="18">10.2844</dst>
      <dst id="4">301.9111</dst>
      <dst id="1">105.6178</dst>
      <dst id="5">6.8622</dst>
      <dst id="10">80.7111</dst>
      <dst id="7">181.1822</dst>
      <dst id="2">29.3156</dst>
      <dst id="14">0.4622</dst>
      <dst id="11">27.8756</dst>
      <dst id="9">5931.4400</dst>
      <dst id="17">4007.3511</dst>
      <dst id="21">19.8133</dst>
    </src>
  </IntraTM>
</TrafficMatrixFile>
