<?xml version="1.0" encoding="UTF-8" standalone="yes"?>
<TrafficMatrixFile xmlns:xsi="http://www.w3.org/2001/XMLSchema-instance" xsi:noNamespaceSchemaLocation="http://totem.run.montefiore.ulg.ac.be/Schema/TrafficMatrix-v1_2.xsd">
  <info>
    <title>Intradomain traffic matrix generated by geant-TM-all.pl</title>
    <date>2005-01-17T12:15:00</date>
    <duration>900</duration>
    <author>Steve Uhlig</author>
    <units>
        <unit type="bandwidth" value="kbps"/>
    </units>
  </info>
  <IntraTM ASID="20965">
    <src id="12">
      <dst id="12">251212.3733</dst>
      <dst id="13">12678.8533</dst>
      <dst id="19">5584.4800</dst>
      <dst id="23">1780.3822</dst>
      <dst id="8">1900.7200</dst>
      <dst id="18">70444.5867</dst>
      <dst id="4">47119.7156</dst>
      <dst id="1">8302.7556</dst>
      <dst id="5">3108.0711</dst>
      <dst id="3">4969.5822</dst>
      <dst id="10">4587.7333</dst>
      <dst id="22">8443.7689</dst>
      <dst id="7">9627.6356</dst>
      <dst id="2">58395.0578</dst>
      <dst id="16">8185.0844</dst>
      <dst id="14">874.2578</dst>
      <dst id="20">526.5956</dst>
      <dst id="11">4617.3511</dst>
      <dst id="9">1496.0978</dst>
      <dst id="17">35617.8133</dst>
      <dst id="21">2313.6889</dst>
      <dst id="15">867.7244</dst>
    </src>
    <src id="13">
      <dst id="12">11178.3822</dst>
      <dst id="19">21148.5956</dst>
      <dst id="23">5.7244</dst>
      <dst id="8">1830.0978</dst>
      <dst id="18">1152.5600</dst>
      <dst id="1">302.4978</dst>
      <dst id="5">788.0356</dst>
      <dst id="3">4629.1022</dst>
      <dst id="22">3525.8489</dst>
      <dst id="7">974.0356</dst>
      <dst id="2">10659.4044</dst>
      <dst id="16">307.1378</dst>
      <dst id="14">28.1244</dst>
      <dst id="20">442.2667</dst>
      <dst id="11">376.4800</dst>
      <dst id="9">808.9778</dst>
      <dst id="17">6802.3289</dst>
      <dst id="21">2406.4000</dst>
      <dst id="15">699.7244</dst>
    </src>
    <src id="19">
      <dst id="12">9103.2267</dst>
      <dst id="13">277.0933</dst>
      <dst id="23">1.1378</dst>
      <dst id="8">23.9289</dst>
      <dst id="18">107.9822</dst>
      <dst id="4">16835.4667</dst>
      <dst id="1">648.5778</dst>
      <dst id="5">6.4978</dst>
      <dst id="10">43.2533</dst>
      <dst id="22">66.1956</dst>
      <dst id="7">3648.6044</dst>
      <dst id="2">491.0756</dst>
      <dst id="16">16421.2800</dst>
      <dst id="14">1.3867</dst>
      <dst id="20">2.4089</dst>
      <dst id="11">182.0267</dst>
      <dst id="9">4680.3644</dst>
      <dst id="17">2336.8444</dst>
      <dst id="21">253.4311</dst>
    </src>
    <src id="23">
      <dst id="12">1532.2489</dst>
      <dst id="13">16.3644</dst>
      <dst id="19">1.1378</dst>
      <dst id="18">0.8978</dst>
      <dst id="4">5.9556</dst>
      <dst id="1">41.4400</dst>
      <dst id="5">1.7778</dst>
      <dst id="3">197.5556</dst>
      <dst id="22">1357.0489</dst>
      <dst id="7">19.8400</dst>
      <dst id="2">2.7200</dst>
      <dst id="16">34.3467</dst>
      <dst id="11">14.4711</dst>
      <dst id="9">969.6622</dst>
      <dst id="17">105.6711</dst>
      <dst id="21">195.2622</dst>
    </src>
    <src id="8">
      <dst id="12">21358.5778</dst>
      <dst id="13">375.6267</dst>
      <dst id="19">0.8978</dst>
      <dst id="18">51.1644</dst>
      <dst id="4">1118.7822</dst>
      <dst id="1">5076.5511</dst>
      <dst id="5">1009.1378</dst>
      <dst id="10">2273.8400</dst>
      <dst id="22">1604.4267</dst>
      <dst id="7">2653.6178</dst>
      <dst id="2">482.2756</dst>
      <dst id="16">368.7644</dst>
      <dst id="14">25.2444</dst>
      <dst id="20">34.4356</dst>
      <dst id="11">333.3422</dst>
      <dst id="9">110486.8267</dst>
      <dst id="17">318625.3689</dst>
      <dst id="21">10.8267</dst>
      <dst id="15">7.4667</dst>
    </src>
    <src id="18">
      <dst id="12">163214.1511</dst>
      <dst id="13">453.4400</dst>
      <dst id="19">7.3067</dst>
      <dst id="23">0.3556</dst>
      <dst id="8">8.4444</dst>
      <dst id="4">1648.3822</dst>
      <dst id="1">794.2311</dst>
      <dst id="5">76.7111</dst>
      <dst id="3">1020.8889</dst>
      <dst id="10">56.2667</dst>
      <dst id="22">107.9111</dst>
      <dst id="7">22.9867</dst>
      <dst id="2">48189.3156</dst>
      <dst id="16">29.0933</dst>
      <dst id="14">0.3556</dst>
      <dst id="20">7.0400</dst>
      <dst id="11">186.4356</dst>
      <dst id="9">92.6400</dst>
      <dst id="17">21504.9333</dst>
      <dst id="21">414.8800</dst>
      <dst id="15">2.0267</dst>
    </src>
    <src id="4">
      <dst id="12">44910.7644</dst>
      <dst id="13">246.5867</dst>
      <dst id="19">3452.2489</dst>
      <dst id="8">6608.0356</dst>
      <dst id="18">3711.3600</dst>
      <dst id="1">38201.1022</dst>
      <dst id="5">2173.2978</dst>
      <dst id="3">256.8800</dst>
      <dst id="22">9150.8800</dst>
      <dst id="7">70535.8756</dst>
      <dst id="2">75669.6356</dst>
      <dst id="16">7716.0533</dst>
      <dst id="14">1844.2222</dst>
      <dst id="20">32833.6178</dst>
      <dst id="11">3452.4178</dst>
      <dst id="9">9150.9422</dst>
      <dst id="17">44925.5911</dst>
      <dst id="21">23291.4222</dst>
      <dst id="15">382.0889</dst>
    </src>
    <src id="1">
      <dst id="12">8576.7822</dst>
      <dst id="13">948.8178</dst>
      <dst id="19">7.5733</dst>
      <dst id="23">107.0756</dst>
      <dst id="8">0.4622</dst>
      <dst id="18">13698.8089</dst>
      <dst id="4">20213.8933</dst>
      <dst id="1">48586.5689</dst>
      <dst id="5">209.0756</dst>
      <dst id="3">15843.8311</dst>
      <dst id="10">359.9022</dst>
      <dst id="22">9094.1600</dst>
      <dst id="7">1340.6756</dst>
      <dst id="2">12029.9022</dst>
      <dst id="16">26753.4133</dst>
      <dst id="14">41.2711</dst>
      <dst id="20">284.4622</dst>
      <dst id="11">121.9467</dst>
      <dst id="9">2027.0756</dst>
      <dst id="17">3583.9911</dst>
      <dst id="21">4984.3289</dst>
      <dst id="15">184.3644</dst>
    </src>
    <src id="5">
      <dst id="12">17371.8044</dst>
      <dst id="13">1355.9200</dst>
      <dst id="19">59.3156</dst>
      <dst id="23">19.8844</dst>
      <dst id="8">143.8756</dst>
      <dst id="18">602.2933</dst>
      <dst id="4">7064.9778</dst>
      <dst id="1">3522.9244</dst>
      <dst id="3">0.5156</dst>
      <dst id="10">1522.3111</dst>
      <dst id="22">1465.1022</dst>
      <dst id="7">43.4756</dst>
      <dst id="2">591.3956</dst>
      <dst id="16">448.8178</dst>
      <dst id="14">11.2000</dst>
      <dst id="20">252.0089</dst>
      <dst id="11">810.7911</dst>
      <dst id="9">92450.6133</dst>
      <dst id="17">292905.5022</dst>
      <dst id="21">120.2311</dst>
      <dst id="15">2052.4089</dst>
    </src>
    <src id="3">
      <dst id="12">24583.8933</dst>
      <dst id="13">1049.3422</dst>
      <dst id="19">1138.3289</dst>
      <dst id="23">7462.1867</dst>
      <dst id="8">22.4711</dst>
      <dst id="18">2840.6489</dst>
      <dst id="4">38703.6889</dst>
      <dst id="1">39131.3600</dst>
      <dst id="5">160.7911</dst>
      <dst id="3">5.4756</dst>
      <dst id="10">445.8400</dst>
      <dst id="22">1232.5422</dst>
      <dst id="7">8459.1289</dst>
      <dst id="2">12185.6444</dst>
      <dst id="16">984.2133</dst>
      <dst id="14">45.8222</dst>
      <dst id="20">54.6311</dst>
      <dst id="11">822.6844</dst>
      <dst id="9">471.9556</dst>
      <dst id="17">12617.4044</dst>
      <dst id="21">9314.2489</dst>
      <dst id="15">15.9911</dst>
    </src>
    <src id="10">
      <dst id="12">11137.7422</dst>
      <dst id="19">2053.6356</dst>
      <dst id="8">67980.9422</dst>
      <dst id="18">113.3600</dst>
      <dst id="1">2247.7067</dst>
      <dst id="5">148358.0711</dst>
      <dst id="3">10357.2978</dst>
      <dst id="22">5939.2444</dst>
      <dst id="7">9415.4400</dst>
      <dst id="2">33750.3022</dst>
      <dst id="16">544.6489</dst>
      <dst id="14">19284.6933</dst>
      <dst id="20">13151.2800</dst>
      <dst id="11">109231.0933</dst>
      <dst id="9">150950.1600</dst>
      <dst id="17">20151.2089</dst>
      <dst id="21">6733.8311</dst>
      <dst id="15">765.2178</dst>
    </src>
    <src id="22">
      <dst id="12">12861.4756</dst>
      <dst id="13">1696.5156</dst>
      <dst id="19">165.4489</dst>
      <dst id="23">47.2533</dst>
      <dst id="8">624.6578</dst>
      <dst id="18">316.7022</dst>
      <dst id="4">11006.0178</dst>
      <dst id="1">2303.5644</dst>
      <dst id="5">1729.8400</dst>
      <dst id="3">250.1511</dst>
      <dst id="10">901.9556</dst>
      <dst id="7">855.1733</dst>
      <dst id="2">3158.8178</dst>
      <dst id="14">4.0000</dst>
      <dst id="11">712.0356</dst>
      <dst id="9">2517.0222</dst>
      <dst id="17">1726.8267</dst>
      <dst id="21">494.3467</dst>
    </src>
    <src id="7">
      <dst id="12">3524.0000</dst>
      <dst id="13">1212.4800</dst>
      <dst id="19">959.9200</dst>
      <dst id="23">13.0578</dst>
      <dst id="8">572.3733</dst>
      <dst id="18">447.4044</dst>
      <dst id="4">8735.1022</dst>
      <dst id="1">5281.7689</dst>
      <dst id="5">1421.3422</dst>
      <dst id="3">488.9156</dst>
      <dst id="10">766.5778</dst>
      <dst id="22">3706.3467</dst>
      <dst id="7">859.6800</dst>
      <dst id="2">9198.9600</dst>
      <dst id="16">652.1778</dst>
      <dst id="14">78.2311</dst>
      <dst id="20">3012.2933</dst>
      <dst id="11">756.9867</dst>
      <dst id="9">823.5022</dst>
      <dst id="17">5995.2089</dst>
      <dst id="21">1981.7600</dst>
      <dst id="15">242.9333</dst>
    </src>
    <src id="2">
      <dst id="12">71641.0400</dst>
      <dst id="13">3727.6000</dst>
      <dst id="19">417.1022</dst>
      <dst id="23">1.6533</dst>
      <dst id="8">662.2133</dst>
      <dst id="18">61248.5511</dst>
      <dst id="4">85954.7733</dst>
      <dst id="1">29711.1733</dst>
      <dst id="5">4487.7156</dst>
      <dst id="3">29.2444</dst>
      <dst id="10">4398.7733</dst>
      <dst id="22">1501.5556</dst>
      <dst id="7">3927.0667</dst>
      <dst id="2">377.6800</dst>
      <dst id="16">7189.6533</dst>
      <dst id="14">38.4711</dst>
      <dst id="20">6127.6267</dst>
      <dst id="11">784.9600</dst>
      <dst id="9">6656.1689</dst>
      <dst id="17">9614.5511</dst>
      <dst id="21">8175.5733</dst>
      <dst id="15">44.8267</dst>
    </src>
    <src id="6">
      <dst id="12">152.4889</dst>
      <dst id="13">0.7467</dst>
      <dst id="19">0.3378</dst>
      <dst id="23">0.3378</dst>
      <dst id="18">1.2089</dst>
      <dst id="4">4.2311</dst>
      <dst id="1">4.0889</dst>
      <dst id="5">6.8089</dst>
      <dst id="10">0.3378</dst>
      <dst id="22">24.7289</dst>
      <dst id="7">0.9244</dst>
      <dst id="2">813.0933</dst>
      <dst id="16">44.3733</dst>
      <dst id="11">0.3556</dst>
      <dst id="9">1.2178</dst>
      <dst id="17">1525.6533</dst>
      <dst id="21">1.8489</dst>
    </src>
    <src id="16">
      <dst id="12">3065.0222</dst>
      <dst id="13">286.0000</dst>
      <dst id="19">5583.9911</dst>
      <dst id="23">34.0889</dst>
      <dst id="8">1005.7244</dst>
      <dst id="18">56.0444</dst>
      <dst id="4">3506.6489</dst>
      <dst id="1">22920.7911</dst>
      <dst id="5">770.0000</dst>
      <dst id="3">84.0000</dst>
      <dst id="10">304.7467</dst>
      <dst id="7">1505.4133</dst>
      <dst id="2">707.3156</dst>
      <dst id="16">25.3067</dst>
      <dst id="11">223.0844</dst>
      <dst id="9">3930.5956</dst>
      <dst id="17">1469.4489</dst>
      <dst id="21">30.9067</dst>
    </src>
    <src id="14">
      <dst id="12">2306.1422</dst>
      <dst id="13">18.6578</dst>
      <dst id="19">27.4844</dst>
      <dst id="23">0.9244</dst>
      <dst id="18">40.7111</dst>
      <dst id="4">993.1556</dst>
      <dst id="1">399.2978</dst>
      <dst id="5">0.3556</dst>
      <dst id="3">22.0800</dst>
      <dst id="10">78.0000</dst>
      <dst id="22">3.6889</dst>
      <dst id="7">50.2933</dst>
      <dst id="2">2171.8222</dst>
      <dst id="20">13.3333</dst>
      <dst id="11">42.3111</dst>
      <dst id="9">11.3244</dst>
      <dst id="17">22967.9022</dst>
      <dst id="21">65.8578</dst>
      <dst id="15">0.6933</dst>
    </src>
    <src id="20">
      <dst id="12">5590.7822</dst>
      <dst id="13">841.2533</dst>
      <dst id="19">41.8489</dst>
      <dst id="8">8.6844</dst>
      <dst id="18">247.2889</dst>
      <dst id="4">6974.4889</dst>
      <dst id="1">97.1822</dst>
      <dst id="5">2150.9956</dst>
      <dst id="3">41.4400</dst>
      <dst id="10">327.5733</dst>
      <dst id="7">2662.1511</dst>
      <dst id="2">2898.3022</dst>
      <dst id="14">0.6311</dst>
      <dst id="11">57.0222</dst>
      <dst id="9">2870.5244</dst>
      <dst id="17">12823.4756</dst>
      <dst id="21">203.4400</dst>
    </src>
    <src id="11">
      <dst id="12">81420.0800</dst>
      <dst id="13">2082.8000</dst>
      <dst id="19">586.7378</dst>
      <dst id="23">1.5200</dst>
      <dst id="8">229.5822</dst>
      <dst id="18">1380.9067</dst>
      <dst id="4">6738.9600</dst>
      <dst id="1">469.1644</dst>
      <dst id="5">520.9867</dst>
      <dst id="3">305.7333</dst>
      <dst id="10">684.8889</dst>
      <dst id="22">1718.2222</dst>
      <dst id="7">93.7244</dst>
      <dst id="2">97346.3200</dst>
      <dst id="16">381.7689</dst>
      <dst id="14">149.7422</dst>
      <dst id="20">89.6711</dst>
      <dst id="11">1703.6978</dst>
      <dst id="9">991.6800</dst>
      <dst id="17">522234.5689</dst>
      <dst id="21">572.2133</dst>
      <dst id="15">28.8356</dst>
    </src>
    <src id="9">
      <dst id="12">31562.3911</dst>
      <dst id="13">2772.8444</dst>
      <dst id="19">178.2311</dst>
      <dst id="23">39.2000</dst>
      <dst id="8">81699.2444</dst>
      <dst id="18">498.6933</dst>
      <dst id="4">9174.5156</dst>
      <dst id="1">17731.2000</dst>
      <dst id="5">833.7067</dst>
      <dst id="3">69.5111</dst>
      <dst id="10">201.9911</dst>
      <dst id="22">5233.1733</dst>
      <dst id="7">114.5156</dst>
      <dst id="2">6512.3556</dst>
      <dst id="16">209.3689</dst>
      <dst id="14">0.3733</dst>
      <dst id="20">850.7733</dst>
      <dst id="11">315.8133</dst>
      <dst id="9">279362.4178</dst>
      <dst id="17">529471.3689</dst>
      <dst id="21">336.3733</dst>
      <dst id="15">152.8178</dst>
    </src>
    <src id="17">
      <dst id="12">8334.7467</dst>
      <dst id="13">14289.6622</dst>
      <dst id="19">1999.6533</dst>
      <dst id="23">45.7067</dst>
      <dst id="8">411.1378</dst>
      <dst id="18">1556.3733</dst>
      <dst id="4">37983.8844</dst>
      <dst id="1">13023.1111</dst>
      <dst id="5">125703.5200</dst>
      <dst id="3">2232.1067</dst>
      <dst id="10">3343.7422</dst>
      <dst id="22">967.7067</dst>
      <dst id="7">20971.2533</dst>
      <dst id="2">9218.5067</dst>
      <dst id="16">19183.4578</dst>
      <dst id="14">12253.7244</dst>
      <dst id="20">2422.5956</dst>
      <dst id="11">113164.1156</dst>
      <dst id="9">4319.9022</dst>
      <dst id="17">764.9244</dst>
      <dst id="21">3332.0444</dst>
      <dst id="15">46.5422</dst>
    </src>
    <src id="21">
      <dst id="12">1003.2800</dst>
      <dst id="13">939.0044</dst>
      <dst id="19">216.7378</dst>
      <dst id="23">94.9689</dst>
      <dst id="8">108.8800</dst>
      <dst id="18">2997.6089</dst>
      <dst id="4">22729.4311</dst>
      <dst id="1">5643.9111</dst>
      <dst id="5">59.3333</dst>
      <dst id="3">15302.4711</dst>
      <dst id="10">1426.9244</dst>
      <dst id="22">377.1911</dst>
      <dst id="7">8331.6000</dst>
      <dst id="2">17906.8089</dst>
      <dst id="16">154.4800</dst>
      <dst id="14">45.1022</dst>
      <dst id="20">52.8889</dst>
      <dst id="11">586.3644</dst>
      <dst id="9">480.2400</dst>
      <dst id="17">18848.8622</dst>
      <dst id="21">1231.4044</dst>
      <dst id="15">65.4133</dst>
    </src>
    <src id="15">
      <dst id="12">2102.9956</dst>
      <dst id="13">62.0356</dst>
      <dst id="19">1.1467</dst>
      <dst id="23">0.3378</dst>
      <dst id="8">1.7956</dst>
      <dst id="18">41.2089</dst>
      <dst id="4">636.5156</dst>
      <dst id="1">187.5556</dst>
      <dst id="5">99.9911</dst>
      <dst id="3">2.3644</dst>
      <dst id="10">981.3867</dst>
      <dst id="7">16.5867</dst>
      <dst id="2">41.4844</dst>
      <dst id="11">6.7200</dst>
      <dst id="9">8612.2311</dst>
      <dst id="17">402.6578</dst>
      <dst id="21">7.1022</dst>
    </src>
  </IntraTM>
</TrafficMatrixFile>
