<?xml version="1.0" encoding="UTF-8" standalone="yes"?>
<TrafficMatrixFile xmlns:xsi="http://www.w3.org/2001/XMLSchema-instance" xsi:noNamespaceSchemaLocation="http://totem.run.montefiore.ulg.ac.be/Schema/TrafficMatrix-v1_2.xsd">
  <info>
    <title>Intradomain traffic matrix generated by geant-TM-all.pl</title>
    <date>2005-01-04T19:45:00</date>
    <duration>900</duration>
    <author>Steve Uhlig</author>
    <units>
        <unit type="bandwidth" value="kbps"/>
    </units>
  </info>
  <IntraTM ASID="20965">
    <src id="12">
      <dst id="12">227743.5556</dst>
      <dst id="13">34101.4933</dst>
      <dst id="19">1560.3556</dst>
      <dst id="23">132.1956</dst>
      <dst id="8">2088.1867</dst>
      <dst id="18">1026.9244</dst>
      <dst id="4">68066.0444</dst>
      <dst id="1">18172.5867</dst>
      <dst id="5">93958.4889</dst>
      <dst id="3">716.8533</dst>
      <dst id="22">23731.2711</dst>
      <dst id="7">2202.8800</dst>
      <dst id="2">71170.5067</dst>
      <dst id="6">3.0844</dst>
      <dst id="16">8865.6533</dst>
      <dst id="14">831.6000</dst>
      <dst id="20">5490.9867</dst>
      <dst id="11">4940.8089</dst>
      <dst id="9">2960.8267</dst>
      <dst id="17">60607.7689</dst>
      <dst id="21">6892.0444</dst>
      <dst id="15">7168.5956</dst>
    </src>
    <src id="13">
      <dst id="12">54639.0844</dst>
      <dst id="19">4329.6444</dst>
      <dst id="23">5.0756</dst>
      <dst id="8">3171.8222</dst>
      <dst id="18">930.9067</dst>
      <dst id="1">4087.9556</dst>
      <dst id="5">6130.8444</dst>
      <dst id="3">7225.8933</dst>
      <dst id="22">21322.7111</dst>
      <dst id="7">9231.1022</dst>
      <dst id="2">64376.3556</dst>
      <dst id="6">76.7378</dst>
      <dst id="16">21621.0933</dst>
      <dst id="14">11423.6889</dst>
      <dst id="20">6987.1111</dst>
      <dst id="11">9593.4222</dst>
      <dst id="9">10511.4044</dst>
      <dst id="17">46917.4400</dst>
      <dst id="21">7395.2800</dst>
      <dst id="15">1540.9156</dst>
    </src>
    <src id="19">
      <dst id="12">17845.1911</dst>
      <dst id="13">204.2933</dst>
      <dst id="23">13.3333</dst>
      <dst id="8">5763.2711</dst>
      <dst id="18">0.8889</dst>
      <dst id="4">16566.9156</dst>
      <dst id="1">265.6000</dst>
      <dst id="5">78.6133</dst>
      <dst id="3">0.7822</dst>
      <dst id="22">3587.7333</dst>
      <dst id="7">3007.3867</dst>
      <dst id="2">136.2311</dst>
      <dst id="6">63.2000</dst>
      <dst id="16">6550.6400</dst>
      <dst id="14">13.7956</dst>
      <dst id="20">914.8444</dst>
      <dst id="11">15.5733</dst>
      <dst id="9">5.1200</dst>
      <dst id="17">3900.8622</dst>
      <dst id="21">407.1111</dst>
      <dst id="15">0.3556</dst>
    </src>
    <src id="23">
      <dst id="12">814.5067</dst>
      <dst id="13">60.8889</dst>
      <dst id="19">0.3556</dst>
      <dst id="8">4173.3333</dst>
      <dst id="18">80.3556</dst>
      <dst id="4">172.4267</dst>
      <dst id="1">76.9422</dst>
      <dst id="5">867.0044</dst>
      <dst id="3">159.0133</dst>
      <dst id="22">441.5289</dst>
      <dst id="7">95.0222</dst>
      <dst id="2">2.4533</dst>
      <dst id="6">0.4978</dst>
      <dst id="16">62.1244</dst>
      <dst id="20">26.6667</dst>
      <dst id="11">635.5111</dst>
      <dst id="9">1203.4133</dst>
      <dst id="17">591.4133</dst>
      <dst id="21">130.3200</dst>
      <dst id="15">1.1378</dst>
    </src>
    <src id="8">
      <dst id="12">254358.0711</dst>
      <dst id="13">1784.5689</dst>
      <dst id="19">116.0978</dst>
      <dst id="23">66.5600</dst>
      <dst id="18">5.1822</dst>
      <dst id="4">7249.4756</dst>
      <dst id="1">324.8444</dst>
      <dst id="5">5197.8311</dst>
      <dst id="3">47.5911</dst>
      <dst id="22">3476.0000</dst>
      <dst id="7">3.5467</dst>
      <dst id="2">108473.7778</dst>
      <dst id="16">513.0844</dst>
      <dst id="20">569.7956</dst>
      <dst id="11">84.7644</dst>
      <dst id="9">118.4444</dst>
      <dst id="17">104225.0311</dst>
      <dst id="21">67.0222</dst>
      <dst id="15">485.2178</dst>
    </src>
    <src id="18">
      <dst id="12">91892.0889</dst>
      <dst id="13">92.5333</dst>
      <dst id="23">3.1289</dst>
      <dst id="8">125.0667</dst>
      <dst id="4">1453.0311</dst>
      <dst id="1">1296.4267</dst>
      <dst id="5">133.4044</dst>
      <dst id="3">57.0844</dst>
      <dst id="22">116.8444</dst>
      <dst id="7">6.1511</dst>
      <dst id="2">29747.5467</dst>
      <dst id="16">74.4356</dst>
      <dst id="14">11.2000</dst>
      <dst id="20">28.9511</dst>
      <dst id="11">81.9289</dst>
      <dst id="9">27.0489</dst>
      <dst id="17">30752.2133</dst>
      <dst id="21">117.1289</dst>
      <dst id="15">16.8533</dst>
    </src>
    <src id="4">
      <dst id="12">11678.1244</dst>
      <dst id="19">15687.5200</dst>
      <dst id="23">4.6844</dst>
      <dst id="8">835.7156</dst>
      <dst id="18">1001.9022</dst>
      <dst id="1">42288.7378</dst>
      <dst id="5">2977.9644</dst>
      <dst id="3">194.5511</dst>
      <dst id="22">5026.5867</dst>
      <dst id="7">35801.8489</dst>
      <dst id="2">106336.0444</dst>
      <dst id="6">27.0222</dst>
      <dst id="16">2122.2222</dst>
      <dst id="14">4818.9422</dst>
      <dst id="20">217.0844</dst>
      <dst id="11">4028.3467</dst>
      <dst id="9">3196.9600</dst>
      <dst id="17">27369.2267</dst>
      <dst id="21">3417.0311</dst>
      <dst id="15">228.1778</dst>
    </src>
    <src id="1">
      <dst id="12">22592.2489</dst>
      <dst id="13">303.6978</dst>
      <dst id="19">6.1067</dst>
      <dst id="23">21.8667</dst>
      <dst id="8">94916.1333</dst>
      <dst id="18">11517.6089</dst>
      <dst id="4">6866.3022</dst>
      <dst id="1">3921.5289</dst>
      <dst id="5">208915.6800</dst>
      <dst id="3">87.1289</dst>
      <dst id="22">724.4000</dst>
      <dst id="7">2759.3244</dst>
      <dst id="2">1903.5200</dst>
      <dst id="6">10394.7467</dst>
      <dst id="16">10112.3378</dst>
      <dst id="14">1490.9422</dst>
      <dst id="20">791.7156</dst>
      <dst id="11">345.2178</dst>
      <dst id="9">199098.5867</dst>
      <dst id="17">6964.1867</dst>
      <dst id="21">3019.0933</dst>
      <dst id="15">123.4133</dst>
    </src>
    <src id="5">
      <dst id="12">267098.6933</dst>
      <dst id="13">495.9289</dst>
      <dst id="19">95.4400</dst>
      <dst id="23">434.5867</dst>
      <dst id="8">679.2444</dst>
      <dst id="18">486.3022</dst>
      <dst id="4">5681.8844</dst>
      <dst id="1">711.3156</dst>
      <dst id="3">16.3111</dst>
      <dst id="22">6890.7467</dst>
      <dst id="7">50.3733</dst>
      <dst id="2">110254.9156</dst>
      <dst id="6">19.1467</dst>
      <dst id="16">712.3111</dst>
      <dst id="14">49.9822</dst>
      <dst id="20">2927.7067</dst>
      <dst id="11">506.4356</dst>
      <dst id="9">7689.8756</dst>
      <dst id="17">100964.3289</dst>
      <dst id="21">219.1644</dst>
      <dst id="15">323.3156</dst>
    </src>
    <src id="3">
      <dst id="12">17779.9289</dst>
      <dst id="13">446.4533</dst>
      <dst id="19">939.3600</dst>
      <dst id="23">8173.9822</dst>
      <dst id="8">43.7156</dst>
      <dst id="18">49370.6933</dst>
      <dst id="4">15006.9689</dst>
      <dst id="1">3384.2933</dst>
      <dst id="5">512.9067</dst>
      <dst id="3">10306.0800</dst>
      <dst id="22">472.0000</dst>
      <dst id="7">1157.3067</dst>
      <dst id="2">4870.9244</dst>
      <dst id="6">1.6622</dst>
      <dst id="16">833.6089</dst>
      <dst id="14">64644.6667</dst>
      <dst id="20">20.6133</dst>
      <dst id="11">112880.3200</dst>
      <dst id="9">226.4178</dst>
      <dst id="17">3350.6667</dst>
      <dst id="21">11734.5867</dst>
      <dst id="15">52.4978</dst>
    </src>
    <src id="10">
      <dst id="12">10533.0044</dst>
      <dst id="19">8088.8267</dst>
      <dst id="8">3084.1067</dst>
      <dst id="18">8342.1867</dst>
      <dst id="1">2420.5689</dst>
      <dst id="5">1362.1422</dst>
      <dst id="3">4715.9556</dst>
      <dst id="22">6942.7467</dst>
      <dst id="7">8183.0933</dst>
      <dst id="2">21347.5644</dst>
      <dst id="6">55.4222</dst>
      <dst id="16">1636.1067</dst>
      <dst id="14">3698.3822</dst>
      <dst id="20">15304.0178</dst>
      <dst id="11">8140.6400</dst>
      <dst id="9">5262.1333</dst>
      <dst id="17">27456.5067</dst>
      <dst id="21">9962.1600</dst>
      <dst id="15">337.2711</dst>
    </src>
    <src id="22">
      <dst id="12">4690.3200</dst>
      <dst id="13">1674.0711</dst>
      <dst id="19">196.9689</dst>
      <dst id="23">14.1867</dst>
      <dst id="8">1175.1200</dst>
      <dst id="18">719.0578</dst>
      <dst id="4">13930.4711</dst>
      <dst id="1">198.1867</dst>
      <dst id="5">7239.4667</dst>
      <dst id="3">161.6889</dst>
      <dst id="7">791.4400</dst>
      <dst id="2">2783.1111</dst>
      <dst id="6">53.7867</dst>
      <dst id="16">2.8978</dst>
      <dst id="14">137.2978</dst>
      <dst id="11">3139.5733</dst>
      <dst id="9">2268.6667</dst>
      <dst id="17">6925.9467</dst>
      <dst id="21">406.1778</dst>
    </src>
    <src id="7">
      <dst id="12">4417.7422</dst>
      <dst id="13">2161.6711</dst>
      <dst id="19">116.6756</dst>
      <dst id="23">98.7200</dst>
      <dst id="8">196.6489</dst>
      <dst id="18">6.0444</dst>
      <dst id="4">97670.6222</dst>
      <dst id="1">2012.1956</dst>
      <dst id="5">515.4489</dst>
      <dst id="3">213.6711</dst>
      <dst id="22">2987.9644</dst>
      <dst id="7">707.2978</dst>
      <dst id="2">5466.1422</dst>
      <dst id="6">45.0133</dst>
      <dst id="16">1030.4267</dst>
      <dst id="14">281.0311</dst>
      <dst id="20">319.4667</dst>
      <dst id="11">495.9289</dst>
      <dst id="9">1184.7200</dst>
      <dst id="17">5528.5689</dst>
      <dst id="21">3345.0667</dst>
      <dst id="15">361.2444</dst>
    </src>
    <src id="2">
      <dst id="12">98041.7511</dst>
      <dst id="13">533477.8667</dst>
      <dst id="19">492.6400</dst>
      <dst id="23">1.2444</dst>
      <dst id="8">148.7111</dst>
      <dst id="18">58763.2000</dst>
      <dst id="4">67802.4978</dst>
      <dst id="1">4213.5467</dst>
      <dst id="5">1139.8133</dst>
      <dst id="3">52.0889</dst>
      <dst id="22">1644.4711</dst>
      <dst id="7">3119.7689</dst>
      <dst id="2">838.9956</dst>
      <dst id="6">8116.6933</dst>
      <dst id="16">9540.3733</dst>
      <dst id="14">5627.9378</dst>
      <dst id="20">378.4356</dst>
      <dst id="11">1635.3600</dst>
      <dst id="9">525.8044</dst>
      <dst id="17">27912.0978</dst>
      <dst id="21">1042.5067</dst>
      <dst id="15">2036.8444</dst>
    </src>
    <src id="6">
      <dst id="12">10464.0267</dst>
      <dst id="13">4.9511</dst>
      <dst id="19">13.6889</dst>
      <dst id="23">0.3378</dst>
      <dst id="4">1264.6400</dst>
      <dst id="1">40.6578</dst>
      <dst id="5">13.7511</dst>
      <dst id="22">15.0400</dst>
      <dst id="7">13.6711</dst>
      <dst id="2">2369.5022</dst>
      <dst id="16">38.4267</dst>
      <dst id="14">0.4622</dst>
      <dst id="20">0.4267</dst>
      <dst id="11">29.9733</dst>
      <dst id="9">23.9556</dst>
      <dst id="17">1515.7422</dst>
      <dst id="21">27.7778</dst>
    </src>
    <src id="16">
      <dst id="12">2561.6800</dst>
      <dst id="13">245.7689</dst>
      <dst id="19">3964.9067</dst>
      <dst id="23">203.9733</dst>
      <dst id="8">5767.5467</dst>
      <dst id="18">6.8711</dst>
      <dst id="4">5058.7111</dst>
      <dst id="1">22359.4756</dst>
      <dst id="5">5802.0978</dst>
      <dst id="7">952.7467</dst>
      <dst id="2">515.5289</dst>
      <dst id="6">13.1556</dst>
      <dst id="16">64.7467</dst>
      <dst id="14">1320.9511</dst>
      <dst id="11">577.5644</dst>
      <dst id="9">5640.9511</dst>
      <dst id="17">2678.7111</dst>
      <dst id="21">2173.4489</dst>
    </src>
    <src id="14">
      <dst id="12">34912.5067</dst>
      <dst id="13">15.2089</dst>
      <dst id="19">5.5467</dst>
      <dst id="23">0.3911</dst>
      <dst id="8">0.3644</dst>
      <dst id="18">4.0178</dst>
      <dst id="4">1883.3867</dst>
      <dst id="1">185.9200</dst>
      <dst id="5">14.7556</dst>
      <dst id="3">115.1467</dst>
      <dst id="22">8.3467</dst>
      <dst id="7">84.0800</dst>
      <dst id="2">10176.8089</dst>
      <dst id="16">47.0400</dst>
      <dst id="20">3.1467</dst>
      <dst id="11">79.5644</dst>
      <dst id="9">2.1867</dst>
      <dst id="17">9896.4711</dst>
      <dst id="21">45.2089</dst>
    </src>
    <src id="20">
      <dst id="12">6768.8533</dst>
      <dst id="13">6054.7289</dst>
      <dst id="19">128.1867</dst>
      <dst id="23">2.4800</dst>
      <dst id="8">146.6667</dst>
      <dst id="18">15.1733</dst>
      <dst id="4">4589.9733</dst>
      <dst id="1">760.2400</dst>
      <dst id="5">5821.8400</dst>
      <dst id="3">206.1067</dst>
      <dst id="7">1920.6133</dst>
      <dst id="2">619.2267</dst>
      <dst id="6">0.3556</dst>
      <dst id="14">136.6667</dst>
      <dst id="11">203.7156</dst>
      <dst id="9">1932.2311</dst>
      <dst id="17">247.7867</dst>
      <dst id="21">78.9511</dst>
    </src>
    <src id="11">
      <dst id="12">364301.7067</dst>
      <dst id="13">2402.5689</dst>
      <dst id="19">6.2667</dst>
      <dst id="23">186.0267</dst>
      <dst id="8">1675.5556</dst>
      <dst id="18">74.9867</dst>
      <dst id="4">7551.6444</dst>
      <dst id="1">252.1067</dst>
      <dst id="5">481.7600</dst>
      <dst id="3">202.4889</dst>
      <dst id="22">3432.5156</dst>
      <dst id="7">91.0222</dst>
      <dst id="2">148784.4089</dst>
      <dst id="6">1.1733</dst>
      <dst id="16">151.3867</dst>
      <dst id="14">36.9333</dst>
      <dst id="20">207.9556</dst>
      <dst id="11">2090.4533</dst>
      <dst id="9">1575.5200</dst>
      <dst id="17">147034.3644</dst>
      <dst id="21">361.2444</dst>
      <dst id="15">61.3422</dst>
    </src>
    <src id="9">
      <dst id="12">400633.9022</dst>
      <dst id="13">2470.0444</dst>
      <dst id="19">164.7467</dst>
      <dst id="23">119.0311</dst>
      <dst id="8">93.0489</dst>
      <dst id="18">57.9200</dst>
      <dst id="4">8924.0533</dst>
      <dst id="1">866.5067</dst>
      <dst id="5">598.7467</dst>
      <dst id="3">5.1644</dst>
      <dst id="22">4566.0978</dst>
      <dst id="7">157.3244</dst>
      <dst id="2">147571.8222</dst>
      <dst id="6">2.9244</dst>
      <dst id="16">435.9733</dst>
      <dst id="14">26.6667</dst>
      <dst id="20">5363.1111</dst>
      <dst id="11">1749.3956</dst>
      <dst id="9">764.8533</dst>
      <dst id="17">158528.0444</dst>
      <dst id="21">713.6356</dst>
      <dst id="15">281.0756</dst>
    </src>
    <src id="17">
      <dst id="12">12036.5956</dst>
      <dst id="13">3848.4089</dst>
      <dst id="19">209.0133</dst>
      <dst id="23">276.1422</dst>
      <dst id="8">109928.0889</dst>
      <dst id="18">48.1689</dst>
      <dst id="4">31068.7467</dst>
      <dst id="1">11513.1733</dst>
      <dst id="5">198759.4489</dst>
      <dst id="3">4209.6978</dst>
      <dst id="22">10389.1644</dst>
      <dst id="7">4657.8667</dst>
      <dst id="2">9496.4533</dst>
      <dst id="6">156.9956</dst>
      <dst id="16">3421.0400</dst>
      <dst id="14">55691.2533</dst>
      <dst id="20">420.5867</dst>
      <dst id="11">88759.0489</dst>
      <dst id="9">162698.2489</dst>
      <dst id="17">1563.1289</dst>
      <dst id="21">19858.6756</dst>
      <dst id="15">58.0622</dst>
    </src>
    <src id="21">
      <dst id="12">16764.7911</dst>
      <dst id="13">2185.2533</dst>
      <dst id="19">163.0489</dst>
      <dst id="23">7.2533</dst>
      <dst id="8">2206.8089</dst>
      <dst id="18">96.6578</dst>
      <dst id="4">11716.6044</dst>
      <dst id="1">1435.8578</dst>
      <dst id="5">655.0133</dst>
      <dst id="3">1233.2000</dst>
      <dst id="22">752.5956</dst>
      <dst id="7">415.6000</dst>
      <dst id="2">5668.6756</dst>
      <dst id="6">1.6178</dst>
      <dst id="16">211.7156</dst>
      <dst id="14">72.0800</dst>
      <dst id="20">19.9911</dst>
      <dst id="11">660.5067</dst>
      <dst id="9">407.6178</dst>
      <dst id="17">6022.2667</dst>
      <dst id="21">602.2756</dst>
      <dst id="15">22.0089</dst>
    </src>
    <src id="15">
      <dst id="12">6273.1822</dst>
      <dst id="13">353.8933</dst>
      <dst id="19">62.5244</dst>
      <dst id="23">0.3378</dst>
      <dst id="8">286.4444</dst>
      <dst id="18">56.0178</dst>
      <dst id="4">531.5289</dst>
      <dst id="1">819.1644</dst>
      <dst id="5">202.2489</dst>
      <dst id="3">8.6311</dst>
      <dst id="7">8.3111</dst>
      <dst id="2">2836.4978</dst>
      <dst id="14">0.4267</dst>
      <dst id="11">1236.8533</dst>
      <dst id="9">93.0844</dst>
      <dst id="17">395.6622</dst>
      <dst id="21">59.7244</dst>
    </src>
  </IntraTM>
</TrafficMatrixFile>
