<?xml version="1.0" encoding="UTF-8" standalone="yes"?>
<TrafficMatrixFile xmlns:xsi="http://www.w3.org/2001/XMLSchema-instance" xsi:noNamespaceSchemaLocation="http://totem.run.montefiore.ulg.ac.be/Schema/TrafficMatrix-v1_2.xsd">
  <info>
    <title>Intradomain traffic matrix generated by geant-TM-all.pl</title>
    <date>2005-01-13T11:15:00</date>
    <duration>900</duration>
    <author>Steve Uhlig</author>
    <units>
        <unit type="bandwidth" value="kbps"/>
    </units>
  </info>
  <IntraTM ASID="20965">
    <src id="12">
      <dst id="12">225318.1778</dst>
      <dst id="13">11102.5333</dst>
      <dst id="19">7224.7200</dst>
      <dst id="23">13.5911</dst>
      <dst id="8">1382.7022</dst>
      <dst id="18">890.8711</dst>
      <dst id="4">89153.2089</dst>
      <dst id="1">11955.4489</dst>
      <dst id="5">8380.6667</dst>
      <dst id="3">5149.1289</dst>
      <dst id="22">23616.8889</dst>
      <dst id="7">6264.1689</dst>
      <dst id="2">57967.6000</dst>
      <dst id="16">2599.2622</dst>
      <dst id="14">804.0444</dst>
      <dst id="20">5679.5467</dst>
      <dst id="11">3824.4000</dst>
      <dst id="9">6005.4667</dst>
      <dst id="17">88335.8133</dst>
      <dst id="21">3743.0756</dst>
      <dst id="15">11736.8622</dst>
    </src>
    <src id="13">
      <dst id="12">38209.9289</dst>
      <dst id="19">34919.2800</dst>
      <dst id="23">2.7022</dst>
      <dst id="8">1728.7378</dst>
      <dst id="18">5009.4044</dst>
      <dst id="1">2036.7022</dst>
      <dst id="5">10930.2578</dst>
      <dst id="3">10107.1822</dst>
      <dst id="22">18407.9911</dst>
      <dst id="7">9218.1600</dst>
      <dst id="2">78238.3378</dst>
      <dst id="16">6256.9956</dst>
      <dst id="14">2769.0933</dst>
      <dst id="20">3797.4578</dst>
      <dst id="11">4038.6400</dst>
      <dst id="9">8726.3378</dst>
      <dst id="17">44078.0444</dst>
      <dst id="21">14686.3289</dst>
      <dst id="15">769.5467</dst>
    </src>
    <src id="19">
      <dst id="12">12633.1467</dst>
      <dst id="13">582.6667</dst>
      <dst id="23">0.6756</dst>
      <dst id="8">70.8978</dst>
      <dst id="18">33.9378</dst>
      <dst id="4">53602.5600</dst>
      <dst id="1">458.2578</dst>
      <dst id="5">25.6444</dst>
      <dst id="3">245.9467</dst>
      <dst id="22">63.2267</dst>
      <dst id="7">5493.2089</dst>
      <dst id="2">111.9378</dst>
      <dst id="16">4038.7200</dst>
      <dst id="20">60.4000</dst>
      <dst id="11">17.3333</dst>
      <dst id="9">122.1244</dst>
      <dst id="17">142.6844</dst>
      <dst id="21">367.5644</dst>
    </src>
    <src id="23">
      <dst id="12">82.8000</dst>
      <dst id="13">2.5156</dst>
      <dst id="18">0.4267</dst>
      <dst id="1">18.8622</dst>
      <dst id="5">21.2622</dst>
      <dst id="3">79.0578</dst>
      <dst id="22">3.9378</dst>
      <dst id="7">78.1956</dst>
      <dst id="2">33.0933</dst>
      <dst id="16">5712.4711</dst>
      <dst id="20">0.5689</dst>
      <dst id="11">120.4978</dst>
      <dst id="9">0.4978</dst>
      <dst id="17">111.0489</dst>
      <dst id="21">14.9689</dst>
      <dst id="15">0.3378</dst>
    </src>
    <src id="8">
      <dst id="12">280550.2578</dst>
      <dst id="13">373.6267</dst>
      <dst id="19">26.6667</dst>
      <dst id="23">0.3556</dst>
      <dst id="18">65.0044</dst>
      <dst id="4">4450.8533</dst>
      <dst id="1">331.9200</dst>
      <dst id="5">740.7200</dst>
      <dst id="3">0.9956</dst>
      <dst id="22">697.7244</dst>
      <dst id="7">96.6667</dst>
      <dst id="2">587.9822</dst>
      <dst id="16">43.6267</dst>
      <dst id="14">1.0578</dst>
      <dst id="20">175.3600</dst>
      <dst id="11">1033.0044</dst>
      <dst id="9">114566.7467</dst>
      <dst id="17">119046.6756</dst>
      <dst id="21">377.4044</dst>
      <dst id="15">100.6756</dst>
    </src>
    <src id="18">
      <dst id="12">123925.0311</dst>
      <dst id="13">259.8222</dst>
      <dst id="19">4.2311</dst>
      <dst id="8">45.4222</dst>
      <dst id="4">2427.6444</dst>
      <dst id="1">745.4756</dst>
      <dst id="5">349.0400</dst>
      <dst id="3">51.5022</dst>
      <dst id="22">248.3822</dst>
      <dst id="7">84.3200</dst>
      <dst id="2">44536.9067</dst>
      <dst id="16">152.4622</dst>
      <dst id="14">0.4622</dst>
      <dst id="20">411.0311</dst>
      <dst id="11">47.2178</dst>
      <dst id="9">169.0667</dst>
      <dst id="17">55816.4267</dst>
      <dst id="21">205.5200</dst>
      <dst id="15">3.5111</dst>
    </src>
    <src id="4">
      <dst id="12">7916.8889</dst>
      <dst id="19">35064.5067</dst>
      <dst id="8">2125.1911</dst>
      <dst id="18">2571.7333</dst>
      <dst id="4">0.9333</dst>
      <dst id="1">35024.6756</dst>
      <dst id="5">1818.5600</dst>
      <dst id="3">3297.1911</dst>
      <dst id="22">4528.4000</dst>
      <dst id="7">6409.5644</dst>
      <dst id="2">55761.1467</dst>
      <dst id="16">599.5378</dst>
      <dst id="14">15606.6044</dst>
      <dst id="20">516.5778</dst>
      <dst id="11">1828.0267</dst>
      <dst id="9">2645.3422</dst>
      <dst id="17">96038.1422</dst>
      <dst id="21">7696.0178</dst>
      <dst id="15">123.7156</dst>
    </src>
    <src id="1">
      <dst id="12">39542.9156</dst>
      <dst id="13">5395.0044</dst>
      <dst id="19">0.7467</dst>
      <dst id="23">23.5733</dst>
      <dst id="8">80047.9289</dst>
      <dst id="18">16894.0000</dst>
      <dst id="4">22146.0711</dst>
      <dst id="1">45470.9867</dst>
      <dst id="5">157830.7289</dst>
      <dst id="3">100.2578</dst>
      <dst id="22">4143.4667</dst>
      <dst id="7">6915.2533</dst>
      <dst id="2">32877.3867</dst>
      <dst id="16">6061.3778</dst>
      <dst id="14">20.1867</dst>
      <dst id="20">174.3467</dst>
      <dst id="11">118.8089</dst>
      <dst id="9">148609.3422</dst>
      <dst id="17">1481.3689</dst>
      <dst id="21">4854.0089</dst>
      <dst id="15">192.4267</dst>
    </src>
    <src id="5">
      <dst id="12">239773.3778</dst>
      <dst id="13">406.4356</dst>
      <dst id="19">22.1333</dst>
      <dst id="23">28.3644</dst>
      <dst id="8">6441.8044</dst>
      <dst id="18">381.4667</dst>
      <dst id="4">5853.0667</dst>
      <dst id="1">440.0089</dst>
      <dst id="3">55.2267</dst>
      <dst id="22">3176.9067</dst>
      <dst id="7">171.7689</dst>
      <dst id="2">1874.8978</dst>
      <dst id="16">4888.7378</dst>
      <dst id="20">634.3644</dst>
      <dst id="11">389.6889</dst>
      <dst id="9">101887.5556</dst>
      <dst id="17">111096.7822</dst>
      <dst id="21">397.6711</dst>
      <dst id="15">131.4756</dst>
    </src>
    <src id="3">
      <dst id="12">31592.2933</dst>
      <dst id="13">552.1156</dst>
      <dst id="19">4024.8444</dst>
      <dst id="23">4.4444</dst>
      <dst id="8">24.6133</dst>
      <dst id="18">61853.0311</dst>
      <dst id="4">27267.0844</dst>
      <dst id="1">4551.1022</dst>
      <dst id="5">392.1600</dst>
      <dst id="3">9467.2889</dst>
      <dst id="22">472.6756</dst>
      <dst id="7">395.3600</dst>
      <dst id="2">7507.1200</dst>
      <dst id="16">9604.1067</dst>
      <dst id="14">23065.2711</dst>
      <dst id="20">5.6711</dst>
      <dst id="11">112846.1333</dst>
      <dst id="9">261.6622</dst>
      <dst id="17">8018.9156</dst>
      <dst id="21">6334.1156</dst>
      <dst id="15">44.2933</dst>
    </src>
    <src id="10">
      <dst id="12">12616.9689</dst>
      <dst id="19">1157.0844</dst>
      <dst id="8">680.4267</dst>
      <dst id="18">1197.4933</dst>
      <dst id="1">110.1867</dst>
      <dst id="5">543.5378</dst>
      <dst id="3">9262.5689</dst>
      <dst id="22">2532.2756</dst>
      <dst id="7">76715.2000</dst>
      <dst id="2">19002.8178</dst>
      <dst id="16">476.4356</dst>
      <dst id="14">390.9244</dst>
      <dst id="20">5293.2267</dst>
      <dst id="11">2987.6444</dst>
      <dst id="9">3434.1956</dst>
      <dst id="17">15959.7956</dst>
      <dst id="21">8862.9422</dst>
      <dst id="15">157.5822</dst>
    </src>
    <src id="22">
      <dst id="12">4620.6133</dst>
      <dst id="13">1992.9867</dst>
      <dst id="19">245.9556</dst>
      <dst id="8">488.7111</dst>
      <dst id="18">803.5467</dst>
      <dst id="4">16066.9867</dst>
      <dst id="1">2851.7244</dst>
      <dst id="5">14687.5200</dst>
      <dst id="3">925.1911</dst>
      <dst id="7">589.5200</dst>
      <dst id="2">2734.2400</dst>
      <dst id="16">8.8889</dst>
      <dst id="14">24.7289</dst>
      <dst id="11">1720.9867</dst>
      <dst id="9">7705.3600</dst>
      <dst id="17">3274.3733</dst>
      <dst id="21">755.1289</dst>
    </src>
    <src id="7">
      <dst id="12">6515.6978</dst>
      <dst id="13">505.3600</dst>
      <dst id="19">2343.0844</dst>
      <dst id="23">35.8933</dst>
      <dst id="8">904.4178</dst>
      <dst id="18">626.1867</dst>
      <dst id="4">17752.8711</dst>
      <dst id="1">2597.5111</dst>
      <dst id="5">1216.5244</dst>
      <dst id="3">274.1956</dst>
      <dst id="22">3073.4756</dst>
      <dst id="7">786.5422</dst>
      <dst id="2">39934.3289</dst>
      <dst id="16">615.8044</dst>
      <dst id="14">185.1111</dst>
      <dst id="20">628.7467</dst>
      <dst id="11">366.7822</dst>
      <dst id="9">616.4267</dst>
      <dst id="17">5525.7156</dst>
      <dst id="21">2945.2267</dst>
      <dst id="15">82.8978</dst>
    </src>
    <src id="2">
      <dst id="12">65015.2444</dst>
      <dst id="13">4256.7200</dst>
      <dst id="19">147.6533</dst>
      <dst id="8">592.1956</dst>
      <dst id="18">64128.3467</dst>
      <dst id="4">88536.6222</dst>
      <dst id="1">9736.2133</dst>
      <dst id="5">925.8844</dst>
      <dst id="3">17.3333</dst>
      <dst id="22">1766.8444</dst>
      <dst id="7">3145.5022</dst>
      <dst id="2">784.3911</dst>
      <dst id="16">283.2000</dst>
      <dst id="14">4868.1156</dst>
      <dst id="20">341.4222</dst>
      <dst id="11">5113.0222</dst>
      <dst id="9">878.0178</dst>
      <dst id="17">5497.0133</dst>
      <dst id="21">17841.8933</dst>
      <dst id="15">195.4667</dst>
    </src>
    <src id="6">
      <dst id="12">2440.2756</dst>
      <dst id="19">1.4222</dst>
      <dst id="23">0.5244</dst>
      <dst id="4">1111.0133</dst>
      <dst id="1">2.0267</dst>
      <dst id="5">3.2178</dst>
      <dst id="22">11.4667</dst>
      <dst id="7">1.1378</dst>
      <dst id="2">696.4000</dst>
      <dst id="11">0.3556</dst>
      <dst id="17">799.6000</dst>
      <dst id="21">11.7956</dst>
    </src>
    <src id="16">
      <dst id="12">2561.3333</dst>
      <dst id="13">163.1378</dst>
      <dst id="19">3931.9111</dst>
      <dst id="23">105.6711</dst>
      <dst id="8">726.8444</dst>
      <dst id="18">2888.1511</dst>
      <dst id="4">4706.1333</dst>
      <dst id="1">17243.6000</dst>
      <dst id="5">1254.0889</dst>
      <dst id="3">22.4089</dst>
      <dst id="7">329.9733</dst>
      <dst id="2">2755.6000</dst>
      <dst id="16">13.1200</dst>
      <dst id="14">83.6444</dst>
      <dst id="11">22.1067</dst>
      <dst id="9">896.4978</dst>
      <dst id="17">1049.9822</dst>
      <dst id="21">1739.6978</dst>
    </src>
    <src id="14">
      <dst id="12">15390.9600</dst>
      <dst id="13">53.4756</dst>
      <dst id="19">3.7333</dst>
      <dst id="18">12.0000</dst>
      <dst id="4">2024.6311</dst>
      <dst id="1">45.6000</dst>
      <dst id="5">0.3556</dst>
      <dst id="3">95.1644</dst>
      <dst id="22">3.0667</dst>
      <dst id="7">76.4000</dst>
      <dst id="2">3079.4578</dst>
      <dst id="16">3.8844</dst>
      <dst id="20">14.4178</dst>
      <dst id="11">55.0133</dst>
      <dst id="9">13.7956</dst>
      <dst id="17">10831.9556</dst>
      <dst id="21">114.5511</dst>
      <dst id="15">1.5911</dst>
    </src>
    <src id="20">
      <dst id="12">11983.1022</dst>
      <dst id="13">2956.0356</dst>
      <dst id="19">2.0978</dst>
      <dst id="23">2.2489</dst>
      <dst id="8">1430.4889</dst>
      <dst id="18">260.8533</dst>
      <dst id="4">11992.3556</dst>
      <dst id="1">61.9111</dst>
      <dst id="5">3034.0889</dst>
      <dst id="3">49.0400</dst>
      <dst id="7">134.3644</dst>
      <dst id="2">1524.5511</dst>
      <dst id="14">4.9244</dst>
      <dst id="11">356.3733</dst>
      <dst id="9">1206.4800</dst>
      <dst id="17">381.7778</dst>
      <dst id="21">9204.4978</dst>
    </src>
    <src id="11">
      <dst id="12">411060.7822</dst>
      <dst id="13">971.4133</dst>
      <dst id="19">17.0400</dst>
      <dst id="23">5.5111</dst>
      <dst id="8">512.0622</dst>
      <dst id="18">231.7067</dst>
      <dst id="4">6759.4044</dst>
      <dst id="1">526.2311</dst>
      <dst id="5">1365.8667</dst>
      <dst id="3">553.2444</dst>
      <dst id="22">1257.5467</dst>
      <dst id="7">254.9778</dst>
      <dst id="2">107848.8978</dst>
      <dst id="16">20.4711</dst>
      <dst id="14">36.3378</dst>
      <dst id="20">4344.3111</dst>
      <dst id="11">1365.8044</dst>
      <dst id="9">1029.7156</dst>
      <dst id="17">165749.0667</dst>
      <dst id="21">915.2800</dst>
      <dst id="15">377.6444</dst>
    </src>
    <src id="9">
      <dst id="12">389531.8133</dst>
      <dst id="13">1077.9556</dst>
      <dst id="19">7.9289</dst>
      <dst id="23">20.6756</dst>
      <dst id="8">100051.1467</dst>
      <dst id="18">396.1511</dst>
      <dst id="4">13316.2489</dst>
      <dst id="1">851.5022</dst>
      <dst id="5">682.3733</dst>
      <dst id="3">91.3333</dst>
      <dst id="22">5954.5511</dst>
      <dst id="7">1127.9111</dst>
      <dst id="2">677.0222</dst>
      <dst id="16">176.8978</dst>
      <dst id="14">1.0044</dst>
      <dst id="20">365.3244</dst>
      <dst id="11">344.9867</dst>
      <dst id="9">284220.1956</dst>
      <dst id="17">188247.1822</dst>
      <dst id="21">234.0000</dst>
      <dst id="15">11865.0756</dst>
    </src>
    <src id="17">
      <dst id="12">6531.8044</dst>
      <dst id="13">1617.9378</dst>
      <dst id="19">100.3378</dst>
      <dst id="23">17.7422</dst>
      <dst id="8">182.4800</dst>
      <dst id="18">544.8089</dst>
      <dst id="4">47450.0622</dst>
      <dst id="1">3078.1956</dst>
      <dst id="5">156927.7422</dst>
      <dst id="3">12294.8978</dst>
      <dst id="22">4280.2311</dst>
      <dst id="7">15452.0444</dst>
      <dst id="2">11047.0044</dst>
      <dst id="16">2826.2844</dst>
      <dst id="14">13176.6578</dst>
      <dst id="20">586.0444</dst>
      <dst id="11">124628.5689</dst>
      <dst id="9">10519.7689</dst>
      <dst id="17">436.9778</dst>
      <dst id="21">9049.6000</dst>
      <dst id="15">39.8311</dst>
    </src>
    <src id="21">
      <dst id="12">24627.9289</dst>
      <dst id="13">307.7067</dst>
      <dst id="19">300.3378</dst>
      <dst id="23">2.9689</dst>
      <dst id="8">54.4889</dst>
      <dst id="18">1283.6444</dst>
      <dst id="4">19930.7733</dst>
      <dst id="1">13908.8089</dst>
      <dst id="5">294.7289</dst>
      <dst id="3">4717.6356</dst>
      <dst id="22">870.0444</dst>
      <dst id="7">3664.6578</dst>
      <dst id="2">42801.0133</dst>
      <dst id="16">89.8844</dst>
      <dst id="14">118.7822</dst>
      <dst id="20">137.4133</dst>
      <dst id="11">228.8800</dst>
      <dst id="9">587.9200</dst>
      <dst id="17">5269.2267</dst>
      <dst id="21">1181.1111</dst>
      <dst id="15">102.3911</dst>
    </src>
    <src id="15">
      <dst id="12">2115.8133</dst>
      <dst id="13">225.2889</dst>
      <dst id="23">0.4267</dst>
      <dst id="8">257.8489</dst>
      <dst id="18">2.1422</dst>
      <dst id="4">683.7511</dst>
      <dst id="1">125.1378</dst>
      <dst id="5">378.1156</dst>
      <dst id="7">18.6311</dst>
      <dst id="2">157.4044</dst>
      <dst id="11">58.9600</dst>
      <dst id="9">1282.3733</dst>
      <dst id="17">84.5778</dst>
      <dst id="21">465.5556</dst>
    </src>
  </IntraTM>
</TrafficMatrixFile>
