<?xml version="1.0" encoding="UTF-8" standalone="yes"?>
<TrafficMatrixFile xmlns:xsi="http://www.w3.org/2001/XMLSchema-instance" xsi:noNamespaceSchemaLocation="http://totem.run.montefiore.ulg.ac.be/Schema/TrafficMatrix-v1_2.xsd">
  <info>
    <title>Intradomain traffic matrix generated by geant-TM-all.pl</title>
    <date>2005-04-11T15:15:00</date>
    <duration>900</duration>
    <author>Steve Uhlig</author>
    <units>
        <unit type="bandwidth" value="kbps"/>
    </units>
  </info>
  <IntraTM ASID="20965">
    <src id="12">
      <dst id="12">257491.8044</dst>
      <dst id="13">12382.8356</dst>
      <dst id="19">3931.1822</dst>
      <dst id="23">1533.0400</dst>
      <dst id="8">66.6489</dst>
      <dst id="18">43503.8400</dst>
      <dst id="4">2438.3822</dst>
      <dst id="1">24619.9822</dst>
      <dst id="5">588.0533</dst>
      <dst id="3">165.0133</dst>
      <dst id="10">2098.8444</dst>
      <dst id="22">8304.1156</dst>
      <dst id="7">11460.5689</dst>
      <dst id="2">2722.5422</dst>
      <dst id="16">5243.5556</dst>
      <dst id="14">787.0844</dst>
      <dst id="20">659.6622</dst>
      <dst id="11">31.1378</dst>
      <dst id="9">19676.9333</dst>
      <dst id="17">12164.7022</dst>
      <dst id="21">518.6844</dst>
      <dst id="15">4315.0489</dst>
    </src>
    <src id="13">
      <dst id="12">5400.2578</dst>
      <dst id="13">112.6311</dst>
      <dst id="19">2035.5111</dst>
      <dst id="23">8.2222</dst>
      <dst id="8">52.4978</dst>
      <dst id="18">188.0978</dst>
      <dst id="4">1.2089</dst>
      <dst id="1">33730.1600</dst>
      <dst id="5">297.2711</dst>
      <dst id="3">7.4844</dst>
      <dst id="10">0.7467</dst>
      <dst id="22">1067.4667</dst>
      <dst id="7">266.5156</dst>
      <dst id="2">1759.4489</dst>
      <dst id="16">98.8978</dst>
      <dst id="14">46.8444</dst>
      <dst id="20">65.9911</dst>
      <dst id="11">182.6489</dst>
      <dst id="9">843.7778</dst>
      <dst id="17">4747.2000</dst>
      <dst id="21">279.3422</dst>
      <dst id="15">10.8000</dst>
    </src>
    <src id="19">
      <dst id="12">28889.0489</dst>
      <dst id="13">501.5911</dst>
      <dst id="23">2.3467</dst>
      <dst id="8">0.5689</dst>
      <dst id="18">1.3244</dst>
      <dst id="4">495.5467</dst>
      <dst id="1">22642.3733</dst>
      <dst id="5">1.7511</dst>
      <dst id="3">0.6489</dst>
      <dst id="10">2739.7422</dst>
      <dst id="22">1.9733</dst>
      <dst id="7">298.5956</dst>
      <dst id="2">28.9956</dst>
      <dst id="16">1725.9556</dst>
      <dst id="14">31.2178</dst>
      <dst id="20">2.8089</dst>
      <dst id="11">17.7689</dst>
      <dst id="9">17.9644</dst>
      <dst id="17">856.4711</dst>
      <dst id="21">47.2889</dst>
      <dst id="15">1.1200</dst>
    </src>
    <src id="23">
      <dst id="12">311.1644</dst>
      <dst id="13">693.8756</dst>
      <dst id="19">27.1289</dst>
      <dst id="18">2.1511</dst>
      <dst id="4">149.0222</dst>
      <dst id="1">152.4089</dst>
      <dst id="10">0.4267</dst>
      <dst id="22">203.5644</dst>
      <dst id="7">131.3600</dst>
      <dst id="2">281.8933</dst>
      <dst id="14">13.7956</dst>
      <dst id="11">38.3289</dst>
      <dst id="9">14.7733</dst>
      <dst id="17">248.6400</dst>
      <dst id="21">52.1067</dst>
      <dst id="15">0.3378</dst>
    </src>
    <src id="8">
      <dst id="12">7752.4533</dst>
      <dst id="13">618.8356</dst>
      <dst id="19">0.4711</dst>
      <dst id="4">375.8933</dst>
      <dst id="1">2208.5778</dst>
      <dst id="5">88.1956</dst>
      <dst id="3">275.5289</dst>
      <dst id="10">94.8622</dst>
      <dst id="2">99.6978</dst>
      <dst id="16">194835.6267</dst>
      <dst id="11">281.4933</dst>
      <dst id="9">42002.8089</dst>
      <dst id="17">25585.7600</dst>
      <dst id="21">2.3111</dst>
    </src>
    <src id="18">
      <dst id="12">86151.3867</dst>
      <dst id="13">165.7867</dst>
      <dst id="19">1.1378</dst>
      <dst id="23">3.4578</dst>
      <dst id="8">2.1333</dst>
      <dst id="4">77.6978</dst>
      <dst id="1">14160.6133</dst>
      <dst id="5">65.3511</dst>
      <dst id="3">1267.8133</dst>
      <dst id="10">112.1689</dst>
      <dst id="22">28.0889</dst>
      <dst id="7">89.2356</dst>
      <dst id="2">1833.2444</dst>
      <dst id="16">226.1956</dst>
      <dst id="20">901.8844</dst>
      <dst id="11">39.6444</dst>
      <dst id="9">5597.0844</dst>
      <dst id="17">2876.5689</dst>
      <dst id="21">285.5289</dst>
      <dst id="15">0.9778</dst>
    </src>
    <src id="4">
      <dst id="12">14433.4756</dst>
      <dst id="13">3.1289</dst>
      <dst id="19">3020.7289</dst>
      <dst id="23">157.2622</dst>
      <dst id="8">789.1644</dst>
      <dst id="18">2067.3867</dst>
      <dst id="4">422.2044</dst>
      <dst id="1">121215.0311</dst>
      <dst id="5">2216.8889</dst>
      <dst id="3">5.1378</dst>
      <dst id="22">1846.6311</dst>
      <dst id="7">34.6578</dst>
      <dst id="2">148715.5111</dst>
      <dst id="16">79873.6889</dst>
      <dst id="14">5987.4133</dst>
      <dst id="11">85.1911</dst>
      <dst id="9">11747.4667</dst>
      <dst id="17">30970.0356</dst>
      <dst id="21">6184.2133</dst>
      <dst id="15">1135.6711</dst>
    </src>
    <src id="1">
      <dst id="12">32392.1689</dst>
      <dst id="13">17731.2000</dst>
      <dst id="19">5724.6400</dst>
      <dst id="23">51.3689</dst>
      <dst id="8">4.7111</dst>
      <dst id="18">13328.9156</dst>
      <dst id="4">465.7867</dst>
      <dst id="1">480934.8178</dst>
      <dst id="5">432.2667</dst>
      <dst id="3">22.8889</dst>
      <dst id="10">534.3022</dst>
      <dst id="22">14.3822</dst>
      <dst id="7">4141.8133</dst>
      <dst id="2">10893.9289</dst>
      <dst id="16">7204.7911</dst>
      <dst id="14">13.6178</dst>
      <dst id="20">472.2489</dst>
      <dst id="11">916.8889</dst>
      <dst id="9">3682.0622</dst>
      <dst id="17">2570.5067</dst>
      <dst id="21">7493.0044</dst>
      <dst id="15">133.3956</dst>
    </src>
    <src id="5">
      <dst id="12">17706.7200</dst>
      <dst id="13">502.6489</dst>
      <dst id="8">333.8222</dst>
      <dst id="18">3.2800</dst>
      <dst id="4">278.4267</dst>
      <dst id="1">24710.9689</dst>
      <dst id="3">1552.1333</dst>
      <dst id="10">778.6667</dst>
      <dst id="22">29.6800</dst>
      <dst id="2">87.7422</dst>
      <dst id="16">237461.5556</dst>
      <dst id="14">27.9644</dst>
      <dst id="11">13.3333</dst>
      <dst id="9">33330.5244</dst>
      <dst id="17">22002.2222</dst>
      <dst id="21">112.5244</dst>
      <dst id="15">86.6311</dst>
    </src>
    <src id="3">
      <dst id="12">460.6400</dst>
      <dst id="13">6457.5911</dst>
      <dst id="19">553.4311</dst>
      <dst id="23">8.4356</dst>
      <dst id="8">26.9067</dst>
      <dst id="18">4067.1911</dst>
      <dst id="4">367.8400</dst>
      <dst id="1">17464.8444</dst>
      <dst id="5">43.8222</dst>
      <dst id="3">66.2756</dst>
      <dst id="10">594.9156</dst>
      <dst id="22">14.8178</dst>
      <dst id="7">361.5378</dst>
      <dst id="2">2937.1822</dst>
      <dst id="16">5562.4800</dst>
      <dst id="14">296.5600</dst>
      <dst id="20">508.1600</dst>
      <dst id="11">406.3644</dst>
      <dst id="9">1155.4133</dst>
      <dst id="17">11930.2311</dst>
      <dst id="21">861.1111</dst>
      <dst id="15">3.2533</dst>
    </src>
    <src id="10">
      <dst id="12">2967.8667</dst>
      <dst id="13">688.4800</dst>
      <dst id="19">499.1733</dst>
      <dst id="23">1016.2933</dst>
      <dst id="8">17.3156</dst>
      <dst id="18">3479.9111</dst>
      <dst id="1">299.2267</dst>
      <dst id="5">222.6311</dst>
      <dst id="3">1920.6844</dst>
      <dst id="22">121.8400</dst>
      <dst id="2">8878.2933</dst>
      <dst id="16">24646.7467</dst>
      <dst id="14">4242.9422</dst>
      <dst id="20">5787.9378</dst>
      <dst id="11">37.7156</dst>
      <dst id="9">4940.1867</dst>
      <dst id="17">24633.1467</dst>
      <dst id="21">4428.9244</dst>
      <dst id="15">341.7511</dst>
    </src>
    <src id="22">
      <dst id="12">4773.2533</dst>
      <dst id="13">3655.0044</dst>
      <dst id="19">39.1644</dst>
      <dst id="23">9.7067</dst>
      <dst id="8">29.9022</dst>
      <dst id="18">187.4756</dst>
      <dst id="4">899.9378</dst>
      <dst id="1">343.0667</dst>
      <dst id="5">1192.7644</dst>
      <dst id="3">41.7956</dst>
      <dst id="10">211.8400</dst>
      <dst id="7">176.0178</dst>
      <dst id="2">1469.1467</dst>
      <dst id="16">2020.8978</dst>
      <dst id="14">119.6356</dst>
      <dst id="11">325.4844</dst>
      <dst id="9">1076.8444</dst>
      <dst id="17">2151.8756</dst>
      <dst id="21">272.4267</dst>
    </src>
    <src id="7">
      <dst id="12">9196.6489</dst>
      <dst id="13">4357.7778</dst>
      <dst id="19">31.2000</dst>
      <dst id="23">5.1200</dst>
      <dst id="8">14.2578</dst>
      <dst id="18">9.5822</dst>
      <dst id="4">345.2178</dst>
      <dst id="1">581.3778</dst>
      <dst id="5">0.6756</dst>
      <dst id="3">17.0222</dst>
      <dst id="10">151.1022</dst>
      <dst id="22">157.2889</dst>
      <dst id="7">23.3867</dst>
      <dst id="2">682.5511</dst>
      <dst id="16">85.8222</dst>
      <dst id="14">203.8133</dst>
      <dst id="20">123.0578</dst>
      <dst id="11">890.6489</dst>
      <dst id="9">26.0889</dst>
      <dst id="17">5837.8667</dst>
      <dst id="21">972.0356</dst>
      <dst id="15">5.7422</dst>
    </src>
    <src id="2">
      <dst id="12">74312.9600</dst>
      <dst id="13">14810.1156</dst>
      <dst id="19">693.1467</dst>
      <dst id="23">6.3644</dst>
      <dst id="8">81.7867</dst>
      <dst id="18">17359.1378</dst>
      <dst id="4">3083.5289</dst>
      <dst id="1">23458.6578</dst>
      <dst id="5">1204.9778</dst>
      <dst id="3">53.8756</dst>
      <dst id="10">871.0756</dst>
      <dst id="22">1630.1600</dst>
      <dst id="7">3573.7867</dst>
      <dst id="2">985.1644</dst>
      <dst id="6">1.9111</dst>
      <dst id="16">112.2133</dst>
      <dst id="14">467.6889</dst>
      <dst id="20">971.9556</dst>
      <dst id="11">525.6978</dst>
      <dst id="9">315.4311</dst>
      <dst id="17">10165.7867</dst>
      <dst id="21">1121.9911</dst>
      <dst id="15">27.0844</dst>
    </src>
    <src id="6">
      <dst id="12">117.6444</dst>
      <dst id="13">16.6311</dst>
      <dst id="19">0.5778</dst>
      <dst id="18">0.3556</dst>
      <dst id="4">1.4667</dst>
      <dst id="1">635.3422</dst>
      <dst id="10">1.4044</dst>
      <dst id="22">1.2089</dst>
      <dst id="2">96.0178</dst>
      <dst id="16">15.2356</dst>
      <dst id="20">0.5511</dst>
      <dst id="11">0.3378</dst>
      <dst id="9">505.1378</dst>
      <dst id="17">13242.8267</dst>
    </src>
    <src id="16">
      <dst id="12">62900.8356</dst>
      <dst id="13">2369.7067</dst>
      <dst id="19">3289.9378</dst>
      <dst id="23">1.2089</dst>
      <dst id="8">34962.3556</dst>
      <dst id="18">377.5911</dst>
      <dst id="4">372.9867</dst>
      <dst id="1">10655.0222</dst>
      <dst id="5">147342.7556</dst>
      <dst id="3">2460.8178</dst>
      <dst id="10">332.5067</dst>
      <dst id="22">13.4756</dst>
      <dst id="2">105.2889</dst>
      <dst id="16">12382.3733</dst>
      <dst id="14">23200.9333</dst>
      <dst id="11">9790.6489</dst>
      <dst id="9">111890.3378</dst>
      <dst id="17">2783.1644</dst>
      <dst id="21">0.3556</dst>
    </src>
    <src id="14">
      <dst id="12">581.0667</dst>
      <dst id="13">230.8356</dst>
      <dst id="19">40.3111</dst>
      <dst id="23">0.9867</dst>
      <dst id="18">3.3600</dst>
      <dst id="4">104.1689</dst>
      <dst id="1">1150.9156</dst>
      <dst id="5">4.2578</dst>
      <dst id="3">416.5956</dst>
      <dst id="10">52.0978</dst>
      <dst id="22">25.6000</dst>
      <dst id="7">152.0178</dst>
      <dst id="2">54.7733</dst>
      <dst id="16">2742.2667</dst>
      <dst id="20">0.3556</dst>
      <dst id="11">13.3333</dst>
      <dst id="9">1473.5556</dst>
      <dst id="17">19280.0533</dst>
      <dst id="21">78.8889</dst>
      <dst id="15">1.6178</dst>
    </src>
    <src id="20">
      <dst id="12">13383.9733</dst>
      <dst id="13">828.2044</dst>
      <dst id="19">2.8711</dst>
      <dst id="23">0.5689</dst>
      <dst id="8">1.4222</dst>
      <dst id="18">32.9600</dst>
      <dst id="4">136.3111</dst>
      <dst id="1">1362.1156</dst>
      <dst id="5">313.1556</dst>
      <dst id="3">63.5556</dst>
      <dst id="10">20.0089</dst>
      <dst id="7">3380.2489</dst>
      <dst id="2">25.5200</dst>
      <dst id="16">10689.5022</dst>
      <dst id="14">0.7111</dst>
      <dst id="9">2039.9200</dst>
      <dst id="17">18481.1644</dst>
      <dst id="21">72.5156</dst>
    </src>
    <src id="11">
      <dst id="12">14984.6667</dst>
      <dst id="13">1320.1156</dst>
      <dst id="19">33.7511</dst>
      <dst id="23">8.8800</dst>
      <dst id="8">828.9778</dst>
      <dst id="18">308.3911</dst>
      <dst id="4">554.8978</dst>
      <dst id="1">23473.4578</dst>
      <dst id="5">1182.0800</dst>
      <dst id="3">621.0311</dst>
      <dst id="10">1032.1956</dst>
      <dst id="22">24.4978</dst>
      <dst id="2">1818.1600</dst>
      <dst id="16">6939.2444</dst>
      <dst id="14">94.0533</dst>
      <dst id="20">27.9111</dst>
      <dst id="11">1499.4311</dst>
      <dst id="9">35247.8044</dst>
      <dst id="17">356515.5556</dst>
      <dst id="21">182.9867</dst>
      <dst id="15">5.2711</dst>
    </src>
    <src id="9">
      <dst id="12">9955.4133</dst>
      <dst id="13">1451.7778</dst>
      <dst id="19">2.3911</dst>
      <dst id="23">2.3111</dst>
      <dst id="8">39753.2089</dst>
      <dst id="18">25.5556</dst>
      <dst id="4">220.6933</dst>
      <dst id="1">5274.0000</dst>
      <dst id="5">1228.1333</dst>
      <dst id="3">642.0978</dst>
      <dst id="10">332.5156</dst>
      <dst id="22">0.9867</dst>
      <dst id="2">111.1556</dst>
      <dst id="16">375089.0222</dst>
      <dst id="11">38.2222</dst>
      <dst id="9">161263.8933</dst>
      <dst id="17">36872.0000</dst>
      <dst id="21">54.6489</dst>
      <dst id="15">24.4444</dst>
    </src>
    <src id="17">
      <dst id="12">36177.8844</dst>
      <dst id="13">10683.2978</dst>
      <dst id="19">178.8711</dst>
      <dst id="23">21.7600</dst>
      <dst id="8">59.6711</dst>
      <dst id="18">9410.9600</dst>
      <dst id="4">9340.5600</dst>
      <dst id="1">7014.9778</dst>
      <dst id="5">84930.3111</dst>
      <dst id="3">6416.6133</dst>
      <dst id="10">7063.0400</dst>
      <dst id="22">246.3378</dst>
      <dst id="7">9850.6222</dst>
      <dst id="2">13542.1689</dst>
      <dst id="16">37336.7822</dst>
      <dst id="14">7767.1733</dst>
      <dst id="20">1114.0267</dst>
      <dst id="11">5959.0222</dst>
      <dst id="9">1274.1156</dst>
      <dst id="17">13791.9556</dst>
      <dst id="21">3057.3689</dst>
      <dst id="15">79.1289</dst>
    </src>
    <src id="21">
      <dst id="12">4990.3911</dst>
      <dst id="13">982.3378</dst>
      <dst id="19">141.5289</dst>
      <dst id="23">7.7600</dst>
      <dst id="8">687.6444</dst>
      <dst id="18">828.2489</dst>
      <dst id="4">558.0978</dst>
      <dst id="1">6094.2933</dst>
      <dst id="5">181.9911</dst>
      <dst id="3">485.0667</dst>
      <dst id="10">124.8444</dst>
      <dst id="22">155.6089</dst>
      <dst id="7">1226.2222</dst>
      <dst id="2">632.8800</dst>
      <dst id="16">7650.3378</dst>
      <dst id="14">331.7333</dst>
      <dst id="20">241.9111</dst>
      <dst id="11">227.9644</dst>
      <dst id="9">1241.9911</dst>
      <dst id="17">13925.5822</dst>
      <dst id="21">1098.3822</dst>
      <dst id="15">179.0222</dst>
    </src>
    <src id="15">
      <dst id="12">136.3822</dst>
      <dst id="13">159.6978</dst>
      <dst id="19">37.4756</dst>
      <dst id="23">0.4978</dst>
      <dst id="18">16.6400</dst>
      <dst id="4">187.5556</dst>
      <dst id="1">25.6800</dst>
      <dst id="5">224.4089</dst>
      <dst id="10">72.1244</dst>
      <dst id="2">1.3956</dst>
      <dst id="16">920.2933</dst>
      <dst id="11">0.3556</dst>
      <dst id="9">609.7867</dst>
      <dst id="17">204.2667</dst>
      <dst id="21">14.5333</dst>
    </src>
  </IntraTM>
</TrafficMatrixFile>
