<?xml version="1.0" encoding="UTF-8" standalone="yes"?>
<TrafficMatrixFile xmlns:xsi="http://www.w3.org/2001/XMLSchema-instance" xsi:noNamespaceSchemaLocation="http://totem.run.montefiore.ulg.ac.be/Schema/TrafficMatrix-v1_2.xsd">
  <info>
    <title>Intradomain traffic matrix generated by geant-TM-all.pl</title>
    <date>2005-01-29T02:00:00</date>
    <duration>900</duration>
    <author>Steve Uhlig</author>
    <units>
        <unit type="bandwidth" value="kbps"/>
    </units>
  </info>
  <IntraTM ASID="20965">
    <src id="12">
      <dst id="12">299182.5422</dst>
      <dst id="13">29897.5022</dst>
      <dst id="19">4555.5644</dst>
      <dst id="23">4157.9022</dst>
      <dst id="8">5655.2356</dst>
      <dst id="18">233214.3733</dst>
      <dst id="4">84827.4133</dst>
      <dst id="1">10070.0978</dst>
      <dst id="5">2992.8889</dst>
      <dst id="3">11309.3867</dst>
      <dst id="10">12091.7867</dst>
      <dst id="22">21544.0178</dst>
      <dst id="7">11585.4044</dst>
      <dst id="2">62077.0489</dst>
      <dst id="16">11474.6756</dst>
      <dst id="14">1113.4133</dst>
      <dst id="20">7684.9689</dst>
      <dst id="11">5614.9689</dst>
      <dst id="9">13574.6933</dst>
      <dst id="17">81426.8889</dst>
      <dst id="21">13408.4444</dst>
      <dst id="15">847.8133</dst>
    </src>
    <src id="13">
      <dst id="12">52285.4311</dst>
      <dst id="19">10911.2267</dst>
      <dst id="23">3236.0000</dst>
      <dst id="8">4345.4489</dst>
      <dst id="18">7722.5156</dst>
      <dst id="1">13594.5778</dst>
      <dst id="5">11898.5067</dst>
      <dst id="3">19756.1244</dst>
      <dst id="22">24962.6400</dst>
      <dst id="7">28981.1111</dst>
      <dst id="2">113548.0089</dst>
      <dst id="16">8379.7244</dst>
      <dst id="14">6907.0222</dst>
      <dst id="20">22493.5111</dst>
      <dst id="11">8216.5067</dst>
      <dst id="9">45716.2400</dst>
      <dst id="17">130401.5911</dst>
      <dst id="21">30963.2267</dst>
      <dst id="15">4178.4356</dst>
    </src>
    <src id="19">
      <dst id="12">12930.9333</dst>
      <dst id="13">7530.2844</dst>
      <dst id="23">13.3333</dst>
      <dst id="8">36.1956</dst>
      <dst id="18">2233.8578</dst>
      <dst id="4">27657.3156</dst>
      <dst id="1">181.9911</dst>
      <dst id="5">59.2089</dst>
      <dst id="3">1287.4489</dst>
      <dst id="10">2848.9511</dst>
      <dst id="22">971.5200</dst>
      <dst id="7">12882.6400</dst>
      <dst id="2">4237.9022</dst>
      <dst id="16">11564.8889</dst>
      <dst id="14">40.2933</dst>
      <dst id="20">30.3467</dst>
      <dst id="11">30.0000</dst>
      <dst id="9">819.8311</dst>
      <dst id="17">7794.2222</dst>
      <dst id="21">1559.6267</dst>
      <dst id="15">1.4222</dst>
    </src>
    <src id="23">
      <dst id="12">800.6222</dst>
      <dst id="13">262.0178</dst>
      <dst id="19">44.1867</dst>
      <dst id="8">15.5733</dst>
      <dst id="18">302.5511</dst>
      <dst id="4">8732.5689</dst>
      <dst id="1">141.5467</dst>
      <dst id="5">13.8044</dst>
      <dst id="3">424.6489</dst>
      <dst id="10">199.4933</dst>
      <dst id="22">2410.4178</dst>
      <dst id="7">13201.5378</dst>
      <dst id="2">250.4000</dst>
      <dst id="16">10914.3200</dst>
      <dst id="14">14.3289</dst>
      <dst id="20">5.7867</dst>
      <dst id="11">95.5733</dst>
      <dst id="9">720.7556</dst>
      <dst id="17">2369.3333</dst>
      <dst id="21">5352.7111</dst>
      <dst id="15">0.4978</dst>
    </src>
    <src id="8">
      <dst id="12">42107.8844</dst>
      <dst id="13">778.8711</dst>
      <dst id="19">433.4578</dst>
      <dst id="23">67.1289</dst>
      <dst id="18">440.5689</dst>
      <dst id="4">3883.2711</dst>
      <dst id="1">5565.5378</dst>
      <dst id="5">1398.0000</dst>
      <dst id="3">248.2311</dst>
      <dst id="10">234.4711</dst>
      <dst id="22">759.6356</dst>
      <dst id="7">154.3289</dst>
      <dst id="2">1018.1067</dst>
      <dst id="16">1157.0222</dst>
      <dst id="20">643.5289</dst>
      <dst id="11">409.1733</dst>
      <dst id="9">261237.6267</dst>
      <dst id="17">316970.8889</dst>
      <dst id="21">277.0311</dst>
      <dst id="15">49.2444</dst>
    </src>
    <src id="18">
      <dst id="12">206276.3467</dst>
      <dst id="13">829.0578</dst>
      <dst id="19">95.9022</dst>
      <dst id="23">6.4800</dst>
      <dst id="8">155.5644</dst>
      <dst id="4">2632.6400</dst>
      <dst id="1">903.1911</dst>
      <dst id="5">640.5778</dst>
      <dst id="3">1806.0267</dst>
      <dst id="10">304.0178</dst>
      <dst id="22">790.6044</dst>
      <dst id="7">249.4489</dst>
      <dst id="2">62400.6933</dst>
      <dst id="16">312.1600</dst>
      <dst id="14">0.4622</dst>
      <dst id="20">445.4311</dst>
      <dst id="11">101.9644</dst>
      <dst id="9">321.3689</dst>
      <dst id="17">16748.7111</dst>
      <dst id="21">1078.2044</dst>
      <dst id="15">44.1511</dst>
    </src>
    <src id="4">
      <dst id="12">12338.2311</dst>
      <dst id="19">3678.7733</dst>
      <dst id="23">869.9378</dst>
      <dst id="8">859.1911</dst>
      <dst id="18">1810.9156</dst>
      <dst id="4">13.7956</dst>
      <dst id="1">4212.9422</dst>
      <dst id="5">1592.5156</dst>
      <dst id="3">60673.0756</dst>
      <dst id="22">3923.9911</dst>
      <dst id="7">11079.0400</dst>
      <dst id="2">65213.0756</dst>
      <dst id="16">1872.8444</dst>
      <dst id="14">2327.1644</dst>
      <dst id="20">3513.6267</dst>
      <dst id="11">1887.4044</dst>
      <dst id="9">4353.1556</dst>
      <dst id="17">117546.1956</dst>
      <dst id="21">13495.8578</dst>
      <dst id="15">1435.9111</dst>
    </src>
    <src id="1">
      <dst id="12">13416.8089</dst>
      <dst id="13">13160.6756</dst>
      <dst id="19">2421.9733</dst>
      <dst id="23">46.1511</dst>
      <dst id="8">574.5778</dst>
      <dst id="18">14449.6444</dst>
      <dst id="4">8239.7333</dst>
      <dst id="1">56.7822</dst>
      <dst id="5">385.4133</dst>
      <dst id="3">24994.6578</dst>
      <dst id="10">289.8756</dst>
      <dst id="22">4406.2578</dst>
      <dst id="7">7559.5289</dst>
      <dst id="2">103476.9333</dst>
      <dst id="16">20100.6044</dst>
      <dst id="14">1777.5378</dst>
      <dst id="20">2233.6356</dst>
      <dst id="11">432.8444</dst>
      <dst id="9">1518.9333</dst>
      <dst id="17">22575.6267</dst>
      <dst id="21">9629.8844</dst>
      <dst id="15">1654.6044</dst>
    </src>
    <src id="5">
      <dst id="12">42248.7556</dst>
      <dst id="13">3313.7956</dst>
      <dst id="19">159.3156</dst>
      <dst id="23">0.8356</dst>
      <dst id="8">24647.6267</dst>
      <dst id="18">572.5867</dst>
      <dst id="4">4845.7156</dst>
      <dst id="1">4430.7911</dst>
      <dst id="3">607.2267</dst>
      <dst id="10">452.1067</dst>
      <dst id="22">9246.6400</dst>
      <dst id="7">607.1111</dst>
      <dst id="2">2800.3022</dst>
      <dst id="16">2089.0133</dst>
      <dst id="14">5.9911</dst>
      <dst id="20">4702.0444</dst>
      <dst id="11">1690.3022</dst>
      <dst id="9">105121.2356</dst>
      <dst id="17">467125.3956</dst>
      <dst id="21">969.8311</dst>
      <dst id="15">467.4844</dst>
    </src>
    <src id="3">
      <dst id="12">5421.7156</dst>
      <dst id="13">2051.0578</dst>
      <dst id="19">1741.3067</dst>
      <dst id="23">228.7822</dst>
      <dst id="8">189.6711</dst>
      <dst id="18">1632.4356</dst>
      <dst id="4">37212.3467</dst>
      <dst id="1">27023.9911</dst>
      <dst id="5">2480.7822</dst>
      <dst id="3">72.5600</dst>
      <dst id="10">1023.6444</dst>
      <dst id="22">4514.2489</dst>
      <dst id="7">16702.1778</dst>
      <dst id="2">17099.2622</dst>
      <dst id="16">2925.6089</dst>
      <dst id="14">253.8489</dst>
      <dst id="20">3744.2489</dst>
      <dst id="11">656.8267</dst>
      <dst id="9">305.1022</dst>
      <dst id="17">50678.1689</dst>
      <dst id="21">12218.1600</dst>
      <dst id="15">8906.3467</dst>
    </src>
    <src id="10">
      <dst id="12">27166.8444</dst>
      <dst id="19">2869.4933</dst>
      <dst id="23">1788.3022</dst>
      <dst id="8">172997.5733</dst>
      <dst id="18">5217.9911</dst>
      <dst id="1">6040.8622</dst>
      <dst id="5">289261.6622</dst>
      <dst id="3">33052.5600</dst>
      <dst id="22">5922.3556</dst>
      <dst id="7">20752.1689</dst>
      <dst id="2">29765.9644</dst>
      <dst id="16">2280.5689</dst>
      <dst id="14">61997.3689</dst>
      <dst id="20">2542.5778</dst>
      <dst id="11">259513.0667</dst>
      <dst id="9">316060.0267</dst>
      <dst id="17">85546.6400</dst>
      <dst id="21">26107.5911</dst>
      <dst id="15">656.5689</dst>
    </src>
    <src id="22">
      <dst id="12">12437.2356</dst>
      <dst id="13">5760.7200</dst>
      <dst id="19">415.0667</dst>
      <dst id="23">274.3822</dst>
      <dst id="8">5107.5733</dst>
      <dst id="18">675.3689</dst>
      <dst id="4">16205.5556</dst>
      <dst id="1">1073.1467</dst>
      <dst id="5">5214.6489</dst>
      <dst id="3">1460.0622</dst>
      <dst id="10">2082.5511</dst>
      <dst id="7">972.6400</dst>
      <dst id="2">5325.0489</dst>
      <dst id="14">112.9689</dst>
      <dst id="11">6574.3111</dst>
      <dst id="9">7034.3022</dst>
      <dst id="17">10057.6089</dst>
      <dst id="21">3814.1422</dst>
    </src>
    <src id="7">
      <dst id="12">8046.3733</dst>
      <dst id="13">2156.1867</dst>
      <dst id="19">3949.3689</dst>
      <dst id="23">1256.0444</dst>
      <dst id="8">347.2356</dst>
      <dst id="18">2788.1422</dst>
      <dst id="4">34628.4000</dst>
      <dst id="1">13741.7511</dst>
      <dst id="5">2009.2978</dst>
      <dst id="3">24650.6933</dst>
      <dst id="10">1551.8933</dst>
      <dst id="22">3267.2533</dst>
      <dst id="7">8.9600</dst>
      <dst id="2">10172.8000</dst>
      <dst id="16">1014.2578</dst>
      <dst id="14">391.8667</dst>
      <dst id="20">1883.6267</dst>
      <dst id="11">2512.6667</dst>
      <dst id="9">4844.6756</dst>
      <dst id="17">10871.5022</dst>
      <dst id="21">7237.7067</dst>
      <dst id="15">209.8933</dst>
    </src>
    <src id="2">
      <dst id="12">128540.1511</dst>
      <dst id="13">18638.3911</dst>
      <dst id="19">1054.6844</dst>
      <dst id="23">10.9156</dst>
      <dst id="8">458.9156</dst>
      <dst id="18">149023.4044</dst>
      <dst id="4">101562.7467</dst>
      <dst id="1">24185.4756</dst>
      <dst id="5">1079.0933</dst>
      <dst id="3">3504.4444</dst>
      <dst id="10">3365.5200</dst>
      <dst id="22">4266.1600</dst>
      <dst id="7">6165.8133</dst>
      <dst id="2">1329.9200</dst>
      <dst id="16">899.3067</dst>
      <dst id="14">746.0533</dst>
      <dst id="20">1565.2622</dst>
      <dst id="11">8325.7600</dst>
      <dst id="9">2423.2711</dst>
      <dst id="17">25259.3867</dst>
      <dst id="21">6592.3644</dst>
      <dst id="15">1920.7467</dst>
    </src>
    <src id="6">
      <dst id="12">917.2622</dst>
      <dst id="13">38.3289</dst>
      <dst id="19">18.5511</dst>
      <dst id="8">0.8178</dst>
      <dst id="18">17.2533</dst>
      <dst id="4">67.0222</dst>
      <dst id="1">87.9556</dst>
      <dst id="5">0.5067</dst>
      <dst id="3">37.7600</dst>
      <dst id="10">0.8889</dst>
      <dst id="22">69.0578</dst>
      <dst id="7">117.2178</dst>
      <dst id="2">2758.7644</dst>
      <dst id="16">0.3556</dst>
      <dst id="20">2.7911</dst>
      <dst id="11">51.5911</dst>
      <dst id="9">16.1067</dst>
      <dst id="17">14424.4178</dst>
      <dst id="21">20.0711</dst>
    </src>
    <src id="16">
      <dst id="12">3091.4222</dst>
      <dst id="13">1831.2889</dst>
      <dst id="19">3211.1111</dst>
      <dst id="23">387.1644</dst>
      <dst id="8">6956.5422</dst>
      <dst id="18">297.1022</dst>
      <dst id="4">4100.2311</dst>
      <dst id="1">15155.2533</dst>
      <dst id="5">5153.9556</dst>
      <dst id="3">1500.7822</dst>
      <dst id="10">332.1600</dst>
      <dst id="7">809.3244</dst>
      <dst id="2">3534.9067</dst>
      <dst id="16">51.3689</dst>
      <dst id="14">1477.6622</dst>
      <dst id="11">650.4267</dst>
      <dst id="9">10698.0444</dst>
      <dst id="17">6772.1244</dst>
      <dst id="21">1519.4311</dst>
    </src>
    <src id="14">
      <dst id="12">3100.0356</dst>
      <dst id="13">28.1156</dst>
      <dst id="19">18.4178</dst>
      <dst id="8">2.5244</dst>
      <dst id="18">0.4622</dst>
      <dst id="4">1930.0089</dst>
      <dst id="1">1328.9422</dst>
      <dst id="5">4.6667</dst>
      <dst id="3">151.6889</dst>
      <dst id="10">323.4489</dst>
      <dst id="22">36.5867</dst>
      <dst id="7">81.5022</dst>
      <dst id="2">6398.7289</dst>
      <dst id="16">234.3822</dst>
      <dst id="20">26.2578</dst>
      <dst id="11">233.9467</dst>
      <dst id="9">7.9111</dst>
      <dst id="17">36546.2133</dst>
      <dst id="21">135.7067</dst>
      <dst id="15">2.1244</dst>
    </src>
    <src id="20">
      <dst id="12">4535.8311</dst>
      <dst id="13">11204.6844</dst>
      <dst id="19">271.6444</dst>
      <dst id="23">14.9422</dst>
      <dst id="8">61.0133</dst>
      <dst id="18">2167.5822</dst>
      <dst id="4">12578.3200</dst>
      <dst id="1">671.4756</dst>
      <dst id="5">1039.7778</dst>
      <dst id="3">12912.3822</dst>
      <dst id="10">72.7644</dst>
      <dst id="22">173.3333</dst>
      <dst id="7">632.7378</dst>
      <dst id="2">4529.2267</dst>
      <dst id="14">34.7644</dst>
      <dst id="11">2939.8311</dst>
      <dst id="9">3084.5333</dst>
      <dst id="17">2501.4133</dst>
      <dst id="21">3413.6978</dst>
    </src>
    <src id="11">
      <dst id="12">62280.9067</dst>
      <dst id="13">2014.2400</dst>
      <dst id="19">209.4667</dst>
      <dst id="23">20.6933</dst>
      <dst id="8">920.4978</dst>
      <dst id="18">893.3244</dst>
      <dst id="4">13359.4578</dst>
      <dst id="1">704.6667</dst>
      <dst id="5">1003.2000</dst>
      <dst id="3">1103.8933</dst>
      <dst id="10">2033.2889</dst>
      <dst id="22">1893.8667</dst>
      <dst id="7">1520.4178</dst>
      <dst id="2">128106.6844</dst>
      <dst id="16">804.1867</dst>
      <dst id="14">154.2133</dst>
      <dst id="20">1118.2044</dst>
      <dst id="11">4707.2622</dst>
      <dst id="9">2857.0133</dst>
      <dst id="17">746906.8533</dst>
      <dst id="21">7953.4222</dst>
      <dst id="15">69.7956</dst>
    </src>
    <src id="9">
      <dst id="12">53719.5911</dst>
      <dst id="13">12472.1511</dst>
      <dst id="19">280.7556</dst>
      <dst id="23">24.1244</dst>
      <dst id="8">188094.3733</dst>
      <dst id="18">445.7867</dst>
      <dst id="4">7553.7422</dst>
      <dst id="1">9640.0978</dst>
      <dst id="5">6385.6800</dst>
      <dst id="3">1254.4800</dst>
      <dst id="10">1229.0222</dst>
      <dst id="22">9222.4356</dst>
      <dst id="7">2347.9822</dst>
      <dst id="2">2197.9111</dst>
      <dst id="16">1021.9911</dst>
      <dst id="14">28.6400</dst>
      <dst id="20">9966.9956</dst>
      <dst id="11">808.8889</dst>
      <dst id="9">561850.0800</dst>
      <dst id="17">482218.4533</dst>
      <dst id="21">755.7689</dst>
      <dst id="15">1012.3467</dst>
    </src>
    <src id="17">
      <dst id="12">18623.4933</dst>
      <dst id="13">7647.8044</dst>
      <dst id="19">10172.9600</dst>
      <dst id="23">6372.4089</dst>
      <dst id="8">5561.8044</dst>
      <dst id="18">821.1111</dst>
      <dst id="4">72437.4400</dst>
      <dst id="1">7893.3511</dst>
      <dst id="5">258068.9956</dst>
      <dst id="3">19095.9111</dst>
      <dst id="10">3201.9378</dst>
      <dst id="22">12682.6489</dst>
      <dst id="7">19396.0356</dst>
      <dst id="2">30725.5467</dst>
      <dst id="16">9325.2000</dst>
      <dst id="14">39083.4756</dst>
      <dst id="20">3455.5022</dst>
      <dst id="11">213926.2044</dst>
      <dst id="9">4965.4133</dst>
      <dst id="17">27508.4533</dst>
      <dst id="21">14940.4622</dst>
      <dst id="15">164.7556</dst>
    </src>
    <src id="21">
      <dst id="12">9862.5067</dst>
      <dst id="13">11542.1689</dst>
      <dst id="19">558.8711</dst>
      <dst id="23">1720.8622</dst>
      <dst id="8">1516.5511</dst>
      <dst id="18">4870.6933</dst>
      <dst id="4">19735.3067</dst>
      <dst id="1">9375.4667</dst>
      <dst id="5">888.2756</dst>
      <dst id="3">4805.8578</dst>
      <dst id="10">1111.8489</dst>
      <dst id="22">6060.9156</dst>
      <dst id="7">4212.4267</dst>
      <dst id="2">28431.6889</dst>
      <dst id="16">2802.8089</dst>
      <dst id="14">69.9822</dst>
      <dst id="20">5189.2444</dst>
      <dst id="11">1181.6978</dst>
      <dst id="9">891.9200</dst>
      <dst id="17">63720.1156</dst>
      <dst id="21">5224.1156</dst>
      <dst id="15">1006.2400</dst>
    </src>
    <src id="15">
      <dst id="12">654.6756</dst>
      <dst id="13">15835.6089</dst>
      <dst id="19">41.9911</dst>
      <dst id="23">0.8889</dst>
      <dst id="8">2858.6489</dst>
      <dst id="18">63.5022</dst>
      <dst id="4">1058.7111</dst>
      <dst id="1">11656.4356</dst>
      <dst id="5">478.7467</dst>
      <dst id="3">17655.7778</dst>
      <dst id="10">73.7156</dst>
      <dst id="7">64.7022</dst>
      <dst id="2">338.9511</dst>
      <dst id="14">24.0000</dst>
      <dst id="11">317.2622</dst>
      <dst id="9">399.1733</dst>
      <dst id="17">2830.9867</dst>
      <dst id="21">2372.2933</dst>
    </src>
  </IntraTM>
</TrafficMatrixFile>
