<?xml version="1.0" encoding="UTF-8" standalone="yes"?>
<TrafficMatrixFile xmlns:xsi="http://www.w3.org/2001/XMLSchema-instance" xsi:noNamespaceSchemaLocation="http://totem.run.montefiore.ulg.ac.be/Schema/TrafficMatrix-v1_2.xsd">
  <info>
    <title>Intradomain traffic matrix generated by geant-TM-all.pl</title>
    <date>2005-04-05T07:00:00</date>
    <duration>900</duration>
    <author>Steve Uhlig</author>
    <units>
        <unit type="bandwidth" value="kbps"/>
    </units>
  </info>
  <IntraTM ASID="20965">
    <src id="12">
      <dst id="12">356122.3467</dst>
      <dst id="13">38189.4311</dst>
      <dst id="19">2136.3733</dst>
      <dst id="23">1448.2489</dst>
      <dst id="8">698.7733</dst>
      <dst id="18">41430.5600</dst>
      <dst id="4">3264.7467</dst>
      <dst id="1">28558.9067</dst>
      <dst id="5">1236.7289</dst>
      <dst id="3">235.9733</dst>
      <dst id="10">4333.3244</dst>
      <dst id="22">15698.5600</dst>
      <dst id="7">4678.6756</dst>
      <dst id="2">27586.7467</dst>
      <dst id="16">4990.4711</dst>
      <dst id="14">326.4089</dst>
      <dst id="20">396.7200</dst>
      <dst id="11">61.9644</dst>
      <dst id="9">2043.9822</dst>
      <dst id="17">46978.8444</dst>
      <dst id="21">357.0311</dst>
      <dst id="15">427.8489</dst>
    </src>
    <src id="13">
      <dst id="12">40345.4933</dst>
      <dst id="13">132.8356</dst>
      <dst id="19">6949.3067</dst>
      <dst id="23">90.0000</dst>
      <dst id="8">309.3333</dst>
      <dst id="18">224.7111</dst>
      <dst id="4">1.2089</dst>
      <dst id="1">8950.9778</dst>
      <dst id="5">3501.1911</dst>
      <dst id="3">11.7956</dst>
      <dst id="10">0.7467</dst>
      <dst id="22">1561.4044</dst>
      <dst id="7">67.2444</dst>
      <dst id="2">12446.8711</dst>
      <dst id="16">7210.9333</dst>
      <dst id="14">141.6267</dst>
      <dst id="20">1247.7333</dst>
      <dst id="11">106.7289</dst>
      <dst id="9">322.8622</dst>
      <dst id="17">10344.1333</dst>
      <dst id="21">138.8889</dst>
      <dst id="15">211.6267</dst>
    </src>
    <src id="19">
      <dst id="12">32168.4889</dst>
      <dst id="13">1370.8000</dst>
      <dst id="23">0.4622</dst>
      <dst id="8">0.4978</dst>
      <dst id="18">4.1600</dst>
      <dst id="4">2114.8889</dst>
      <dst id="1">66.0089</dst>
      <dst id="5">104.3022</dst>
      <dst id="10">48.9244</dst>
      <dst id="22">422.3911</dst>
      <dst id="7">524.8889</dst>
      <dst id="2">62.7200</dst>
      <dst id="16">296.4533</dst>
      <dst id="14">8.6844</dst>
      <dst id="20">19.4400</dst>
      <dst id="9">179.8933</dst>
      <dst id="17">609.1911</dst>
      <dst id="21">34.7467</dst>
      <dst id="15">0.7644</dst>
    </src>
    <src id="23">
      <dst id="12">5200.7200</dst>
      <dst id="13">225.7689</dst>
      <dst id="19">13.8578</dst>
      <dst id="8">17.5644</dst>
      <dst id="18">19.6089</dst>
      <dst id="4">4.1244</dst>
      <dst id="1">164.8889</dst>
      <dst id="3">4.5156</dst>
      <dst id="10">2914.0800</dst>
      <dst id="22">30.8000</dst>
      <dst id="7">0.3378</dst>
      <dst id="2">95.7778</dst>
      <dst id="16">19.9556</dst>
      <dst id="14">13.3333</dst>
      <dst id="11">13.0844</dst>
      <dst id="9">148.8622</dst>
      <dst id="17">2110.1156</dst>
      <dst id="21">41.4578</dst>
      <dst id="15">13.3333</dst>
    </src>
    <src id="8">
      <dst id="12">33486.0978</dst>
      <dst id="13">15208.0178</dst>
      <dst id="19">0.9422</dst>
      <dst id="23">2653.3333</dst>
      <dst id="18">425.2622</dst>
      <dst id="4">77.9200</dst>
      <dst id="1">2297.3689</dst>
      <dst id="5">237.5556</dst>
      <dst id="3">8.5956</dst>
      <dst id="10">27.9022</dst>
      <dst id="22">13.3333</dst>
      <dst id="2">78.3822</dst>
      <dst id="16">224373.3067</dst>
      <dst id="14">0.6756</dst>
      <dst id="11">4.5156</dst>
      <dst id="9">60161.9111</dst>
      <dst id="17">28941.2978</dst>
      <dst id="21">0.7200</dst>
      <dst id="15">538.6044</dst>
    </src>
    <src id="18">
      <dst id="12">106030.5067</dst>
      <dst id="13">342.0267</dst>
      <dst id="23">2.1867</dst>
      <dst id="8">7.5022</dst>
      <dst id="4">50.6578</dst>
      <dst id="1">1403.0222</dst>
      <dst id="5">183.2089</dst>
      <dst id="3">731.7156</dst>
      <dst id="10">22.8000</dst>
      <dst id="22">12.6133</dst>
      <dst id="7">0.6756</dst>
      <dst id="2">10314.4089</dst>
      <dst id="16">374.8178</dst>
      <dst id="14">13.3333</dst>
      <dst id="20">1136.9778</dst>
      <dst id="11">0.4622</dst>
      <dst id="9">168.2311</dst>
      <dst id="17">3037.6356</dst>
      <dst id="21">288.6578</dst>
    </src>
    <src id="4">
      <dst id="12">34075.4667</dst>
      <dst id="13">5.2622</dst>
      <dst id="19">16200.0178</dst>
      <dst id="23">2720.2933</dst>
      <dst id="8">1897.4844</dst>
      <dst id="18">760.6400</dst>
      <dst id="4">1588.3289</dst>
      <dst id="1">25865.8933</dst>
      <dst id="5">4360.0889</dst>
      <dst id="3">7.2356</dst>
      <dst id="22">500.8267</dst>
      <dst id="7">74.2044</dst>
      <dst id="2">162742.9600</dst>
      <dst id="16">63493.6267</dst>
      <dst id="14">3721.7689</dst>
      <dst id="11">687.8311</dst>
      <dst id="9">19851.0578</dst>
      <dst id="17">66294.0889</dst>
      <dst id="21">3716.7644</dst>
      <dst id="15">1037.0933</dst>
    </src>
    <src id="1">
      <dst id="12">754405.7600</dst>
      <dst id="13">1762.8533</dst>
      <dst id="19">588.5422</dst>
      <dst id="23">234.7111</dst>
      <dst id="8">329.5022</dst>
      <dst id="18">13266.4089</dst>
      <dst id="4">265.2711</dst>
      <dst id="1">28902.1156</dst>
      <dst id="5">474.4711</dst>
      <dst id="3">11586.7200</dst>
      <dst id="10">562.1156</dst>
      <dst id="22">361.0489</dst>
      <dst id="7">4984.3378</dst>
      <dst id="2">19101.0133</dst>
      <dst id="16">373967.0133</dst>
      <dst id="14">42.9956</dst>
      <dst id="20">527.8400</dst>
      <dst id="11">163.3778</dst>
      <dst id="9">980.9511</dst>
      <dst id="17">542851.7867</dst>
      <dst id="21">224433.3067</dst>
      <dst id="15">22.1333</dst>
    </src>
    <src id="5">
      <dst id="12">20304.0089</dst>
      <dst id="13">1693.5644</dst>
      <dst id="19">3.8133</dst>
      <dst id="8">76.0089</dst>
      <dst id="18">119.4667</dst>
      <dst id="4">135.8400</dst>
      <dst id="1">3478.5778</dst>
      <dst id="3">435.1822</dst>
      <dst id="10">148.6044</dst>
      <dst id="22">38.4622</dst>
      <dst id="2">200.6933</dst>
      <dst id="16">300823.7689</dst>
      <dst id="9">48866.9244</dst>
      <dst id="17">26772.3200</dst>
      <dst id="21">177.9111</dst>
      <dst id="15">93.1200</dst>
    </src>
    <src id="3">
      <dst id="12">9355.1289</dst>
      <dst id="13">45945.2622</dst>
      <dst id="19">5284.0089</dst>
      <dst id="23">5.7867</dst>
      <dst id="8">3.0311</dst>
      <dst id="18">100.4089</dst>
      <dst id="4">566.3289</dst>
      <dst id="1">50940.7111</dst>
      <dst id="5">283.3156</dst>
      <dst id="3">116.4533</dst>
      <dst id="10">300.9511</dst>
      <dst id="22">1.1733</dst>
      <dst id="7">325.2267</dst>
      <dst id="2">2786.5956</dst>
      <dst id="16">4917.9644</dst>
      <dst id="14">83.2533</dst>
      <dst id="20">196.9689</dst>
      <dst id="11">138.6222</dst>
      <dst id="9">409.4844</dst>
      <dst id="17">13376.9067</dst>
      <dst id="21">1630.0622</dst>
      <dst id="15">2.7200</dst>
    </src>
    <src id="10">
      <dst id="12">10068.6222</dst>
      <dst id="13">28.6933</dst>
      <dst id="19">269.6444</dst>
      <dst id="23">4879.0311</dst>
      <dst id="8">79.0133</dst>
      <dst id="18">1448.6844</dst>
      <dst id="1">2267.2978</dst>
      <dst id="5">4067.9911</dst>
      <dst id="3">71.7867</dst>
      <dst id="22">17.0400</dst>
      <dst id="2">17751.8756</dst>
      <dst id="16">11240.7289</dst>
      <dst id="14">1447.3778</dst>
      <dst id="20">329.4311</dst>
      <dst id="11">0.3556</dst>
      <dst id="9">4433.8489</dst>
      <dst id="17">22147.3333</dst>
      <dst id="21">3195.4578</dst>
      <dst id="15">438.1067</dst>
    </src>
    <src id="22">
      <dst id="12">10099.9644</dst>
      <dst id="13">1642.2489</dst>
      <dst id="19">19.1289</dst>
      <dst id="23">7.3956</dst>
      <dst id="8">56.8000</dst>
      <dst id="18">182.0800</dst>
      <dst id="4">1043.1022</dst>
      <dst id="1">897.7156</dst>
      <dst id="5">2129.1733</dst>
      <dst id="3">1.4222</dst>
      <dst id="10">1145.6533</dst>
      <dst id="7">117.1378</dst>
      <dst id="2">497.8044</dst>
      <dst id="16">18.8178</dst>
      <dst id="14">52.6222</dst>
      <dst id="11">229.3422</dst>
      <dst id="9">550.9689</dst>
      <dst id="17">3786.6578</dst>
      <dst id="21">292.3556</dst>
    </src>
    <src id="7">
      <dst id="12">11015.0667</dst>
      <dst id="13">1050.0444</dst>
      <dst id="19">139.5644</dst>
      <dst id="23">4.5689</dst>
      <dst id="8">15.3067</dst>
      <dst id="18">19.6444</dst>
      <dst id="4">423.4844</dst>
      <dst id="1">13838.3200</dst>
      <dst id="5">53.4311</dst>
      <dst id="3">44.6756</dst>
      <dst id="10">153.9022</dst>
      <dst id="22">714.8800</dst>
      <dst id="2">6222.6133</dst>
      <dst id="16">44.8800</dst>
      <dst id="14">65.4578</dst>
      <dst id="20">6.8800</dst>
      <dst id="11">1818.9956</dst>
      <dst id="9">54.9956</dst>
      <dst id="17">3548.1333</dst>
      <dst id="21">2036.6133</dst>
      <dst id="15">1.0489</dst>
    </src>
    <src id="2">
      <dst id="12">82693.4311</dst>
      <dst id="13">22921.3511</dst>
      <dst id="19">6495.1733</dst>
      <dst id="23">3.2356</dst>
      <dst id="8">26.9689</dst>
      <dst id="18">19266.3733</dst>
      <dst id="4">2051.8756</dst>
      <dst id="1">26089.4933</dst>
      <dst id="5">264.2311</dst>
      <dst id="3">73.0400</dst>
      <dst id="10">2361.6622</dst>
      <dst id="22">303.7867</dst>
      <dst id="7">375.5822</dst>
      <dst id="2">2219.5022</dst>
      <dst id="6">0.2489</dst>
      <dst id="16">1507.5111</dst>
      <dst id="14">434.3467</dst>
      <dst id="20">836.9067</dst>
      <dst id="11">553.2089</dst>
      <dst id="9">912.2400</dst>
      <dst id="17">17070.7289</dst>
      <dst id="21">5545.8489</dst>
      <dst id="15">208.8178</dst>
    </src>
    <src id="6">
      <dst id="12">488.9067</dst>
      <dst id="13">76.7467</dst>
      <dst id="19">0.3556</dst>
      <dst id="4">0.3378</dst>
      <dst id="1">94.5244</dst>
      <dst id="5">18.1511</dst>
      <dst id="3">18.4356</dst>
      <dst id="10">0.4178</dst>
      <dst id="22">2.2578</dst>
      <dst id="7">0.3378</dst>
      <dst id="2">1680.3111</dst>
      <dst id="16">16.6400</dst>
      <dst id="14">0.5511</dst>
      <dst id="9">30.7289</dst>
      <dst id="17">19574.6578</dst>
      <dst id="21">1.4933</dst>
    </src>
    <src id="16">
      <dst id="12">95242.2578</dst>
      <dst id="13">1143.6978</dst>
      <dst id="19">3440.3911</dst>
      <dst id="23">0.8444</dst>
      <dst id="8">65946.5156</dst>
      <dst id="18">3.9111</dst>
      <dst id="4">375.4667</dst>
      <dst id="1">8255.6356</dst>
      <dst id="5">231854.6844</dst>
      <dst id="3">1847.8400</dst>
      <dst id="10">267.6000</dst>
      <dst id="2">283.5644</dst>
      <dst id="16">14094.2756</dst>
      <dst id="14">43100.3644</dst>
      <dst id="11">10913.5911</dst>
      <dst id="9">155736.6222</dst>
      <dst id="17">655.2711</dst>
      <dst id="21">13.3333</dst>
    </src>
    <src id="14">
      <dst id="12">834.3467</dst>
      <dst id="13">966.6133</dst>
      <dst id="19">29.3067</dst>
      <dst id="23">1.4489</dst>
      <dst id="18">0.5511</dst>
      <dst id="4">77.8667</dst>
      <dst id="1">288.1422</dst>
      <dst id="5">0.9244</dst>
      <dst id="3">950.9422</dst>
      <dst id="10">1529.4578</dst>
      <dst id="7">13.9022</dst>
      <dst id="2">1731.3067</dst>
      <dst id="16">1188.9156</dst>
      <dst id="20">3.6978</dst>
      <dst id="11">19.4933</dst>
      <dst id="9">259.8933</dst>
      <dst id="17">27117.0756</dst>
      <dst id="21">52.0000</dst>
    </src>
    <src id="20">
      <dst id="12">1904.2044</dst>
      <dst id="13">4488.1067</dst>
      <dst id="19">707.1289</dst>
      <dst id="23">0.9689</dst>
      <dst id="8">46.6311</dst>
      <dst id="18">59.5822</dst>
      <dst id="4">126.4267</dst>
      <dst id="1">109.4311</dst>
      <dst id="5">1321.4667</dst>
      <dst id="3">0.3556</dst>
      <dst id="10">1862.0267</dst>
      <dst id="7">15.1289</dst>
      <dst id="2">530.9778</dst>
      <dst id="16">11533.7867</dst>
      <dst id="14">1.3422</dst>
      <dst id="20">61.7156</dst>
      <dst id="11">39.6267</dst>
      <dst id="9">100.6133</dst>
      <dst id="17">17077.9556</dst>
      <dst id="21">35.7778</dst>
    </src>
    <src id="11">
      <dst id="12">40108.2578</dst>
      <dst id="13">3498.8889</dst>
      <dst id="19">202.7467</dst>
      <dst id="23">91.3511</dst>
      <dst id="8">102.3289</dst>
      <dst id="18">233.7778</dst>
      <dst id="4">201.7333</dst>
      <dst id="1">3392.6222</dst>
      <dst id="5">1074.8533</dst>
      <dst id="3">702.6667</dst>
      <dst id="10">284.1156</dst>
      <dst id="22">4.6133</dst>
      <dst id="2">66909.0400</dst>
      <dst id="16">12955.3956</dst>
      <dst id="14">51.2000</dst>
      <dst id="20">37.5467</dst>
      <dst id="11">998.9689</dst>
      <dst id="9">3964.1067</dst>
      <dst id="17">582534.6400</dst>
      <dst id="21">331.2622</dst>
      <dst id="15">147.9644</dst>
    </src>
    <src id="9">
      <dst id="12">26513.8578</dst>
      <dst id="13">4562.7733</dst>
      <dst id="19">295.9289</dst>
      <dst id="23">57.0311</dst>
      <dst id="8">47525.3244</dst>
      <dst id="18">4.7289</dst>
      <dst id="4">310.6667</dst>
      <dst id="1">4267.3689</dst>
      <dst id="5">2189.4756</dst>
      <dst id="3">299.7600</dst>
      <dst id="10">400.6400</dst>
      <dst id="22">2.3378</dst>
      <dst id="2">1927.4222</dst>
      <dst id="16">447343.6711</dst>
      <dst id="14">65.0044</dst>
      <dst id="11">18.7022</dst>
      <dst id="9">213492.2400</dst>
      <dst id="17">47009.5733</dst>
      <dst id="21">243.9822</dst>
      <dst id="15">172.9244</dst>
    </src>
    <src id="17">
      <dst id="12">62506.5067</dst>
      <dst id="13">9663.6356</dst>
      <dst id="19">3499.1822</dst>
      <dst id="23">375.6178</dst>
      <dst id="8">298.3111</dst>
      <dst id="18">701.9644</dst>
      <dst id="4">3603.7956</dst>
      <dst id="1">11207.2356</dst>
      <dst id="5">118300.8622</dst>
      <dst id="3">2321.7778</dst>
      <dst id="10">2428.2400</dst>
      <dst id="22">134.9067</dst>
      <dst id="7">824.0889</dst>
      <dst id="2">6784.9689</dst>
      <dst id="16">32528.3733</dst>
      <dst id="14">12613.9911</dst>
      <dst id="20">18759.0400</dst>
      <dst id="11">6514.9244</dst>
      <dst id="9">2658.6044</dst>
      <dst id="17">28708.9778</dst>
      <dst id="21">914.1867</dst>
      <dst id="15">70.4444</dst>
    </src>
    <src id="21">
      <dst id="12">4091.0133</dst>
      <dst id="13">1351.2178</dst>
      <dst id="19">178.1067</dst>
      <dst id="23">4.1422</dst>
      <dst id="8">157.1822</dst>
      <dst id="18">172.0533</dst>
      <dst id="4">138.0089</dst>
      <dst id="1">7395.4844</dst>
      <dst id="5">332.4000</dst>
      <dst id="3">778.0622</dst>
      <dst id="10">214.5333</dst>
      <dst id="22">37.7422</dst>
      <dst id="7">194.1511</dst>
      <dst id="2">3508.4444</dst>
      <dst id="16">6633.6889</dst>
      <dst id="14">230.6400</dst>
      <dst id="20">125.5378</dst>
      <dst id="11">968.0889</dst>
      <dst id="9">1415.6533</dst>
      <dst id="17">18919.2711</dst>
      <dst id="21">540.8089</dst>
      <dst id="15">65.3333</dst>
    </src>
    <src id="15">
      <dst id="12">818.5867</dst>
      <dst id="13">3044.7822</dst>
      <dst id="8">25.8044</dst>
      <dst id="18">14.5422</dst>
      <dst id="4">27.6800</dst>
      <dst id="1">66.0089</dst>
      <dst id="5">297.8933</dst>
      <dst id="10">48.4444</dst>
      <dst id="2">69.0133</dst>
      <dst id="16">1855.8400</dst>
      <dst id="14">0.8889</dst>
      <dst id="11">13.9733</dst>
      <dst id="9">659.8489</dst>
      <dst id="17">433.4133</dst>
    </src>
  </IntraTM>
</TrafficMatrixFile>
