<?xml version="1.0" encoding="UTF-8" standalone="yes"?>
<TrafficMatrixFile xmlns:xsi="http://www.w3.org/2001/XMLSchema-instance" xsi:noNamespaceSchemaLocation="http://totem.run.montefiore.ulg.ac.be/Schema/TrafficMatrix-v1_2.xsd">
  <info>
    <title>Intradomain traffic matrix generated by geant-TM-all.pl</title>
    <date>2005-03-30T08:45:00</date>
    <duration>900</duration>
    <author>Steve Uhlig</author>
    <units>
        <unit type="bandwidth" value="kbps"/>
    </units>
  </info>
  <IntraTM ASID="20965">
    <src id="12">
      <dst id="12">234877.6978</dst>
      <dst id="13">22267.7689</dst>
      <dst id="19">2294.3111</dst>
      <dst id="23">1457.4133</dst>
      <dst id="8">105.1733</dst>
      <dst id="18">48009.8222</dst>
      <dst id="4">3937.7867</dst>
      <dst id="1">27203.6711</dst>
      <dst id="5">1198.2400</dst>
      <dst id="3">60.4000</dst>
      <dst id="10">4891.3156</dst>
      <dst id="22">5054.5156</dst>
      <dst id="7">5914.1422</dst>
      <dst id="2">16429.5911</dst>
      <dst id="6">14247.4133</dst>
      <dst id="16">1880.2756</dst>
      <dst id="14">2749.7156</dst>
      <dst id="20">19612.0711</dst>
      <dst id="11">155.7778</dst>
      <dst id="9">7629.2267</dst>
      <dst id="17">58652.4267</dst>
      <dst id="21">1806.8089</dst>
      <dst id="15">599.5733</dst>
    </src>
    <src id="13">
      <dst id="12">18657.3689</dst>
      <dst id="13">370.0711</dst>
      <dst id="19">1993.4133</dst>
      <dst id="23">21.2889</dst>
      <dst id="8">171.8311</dst>
      <dst id="18">7955.9822</dst>
      <dst id="1">623.2267</dst>
      <dst id="5">3103.5022</dst>
      <dst id="3">6.0178</dst>
      <dst id="22">6853.3511</dst>
      <dst id="7">6556.9689</dst>
      <dst id="2">6241.7956</dst>
      <dst id="6">0.4267</dst>
      <dst id="16">1701.7067</dst>
      <dst id="14">1321.5378</dst>
      <dst id="20">2532.9600</dst>
      <dst id="11">71.4044</dst>
      <dst id="9">884.9244</dst>
      <dst id="17">16610.3733</dst>
      <dst id="21">280.6400</dst>
      <dst id="15">4.6133</dst>
    </src>
    <src id="19">
      <dst id="12">20277.5289</dst>
      <dst id="13">1946.9689</dst>
      <dst id="23">1.2089</dst>
      <dst id="8">2.2044</dst>
      <dst id="4">90.5244</dst>
      <dst id="1">111.3511</dst>
      <dst id="5">11.6089</dst>
      <dst id="3">0.3556</dst>
      <dst id="10">217.5111</dst>
      <dst id="22">4924.9156</dst>
      <dst id="7">3898.0089</dst>
      <dst id="2">1567.6533</dst>
      <dst id="6">10.0711</dst>
      <dst id="16">599.9289</dst>
      <dst id="14">10.8444</dst>
      <dst id="20">1.4044</dst>
      <dst id="11">0.7556</dst>
      <dst id="9">21.8311</dst>
      <dst id="17">1837.8489</dst>
      <dst id="21">12.6044</dst>
      <dst id="15">1.0489</dst>
    </src>
    <src id="23">
      <dst id="12">1560.0711</dst>
      <dst id="13">269.6711</dst>
      <dst id="19">0.9422</dst>
      <dst id="18">1.0489</dst>
      <dst id="4">111.7689</dst>
      <dst id="1">117.7422</dst>
      <dst id="5">11.1644</dst>
      <dst id="10">967.8133</dst>
      <dst id="22">4.1422</dst>
      <dst id="7">90.0000</dst>
      <dst id="2">0.4889</dst>
      <dst id="14">12.6222</dst>
      <dst id="20">0.4978</dst>
      <dst id="11">16.4000</dst>
      <dst id="9">632.6933</dst>
      <dst id="17">217.7867</dst>
      <dst id="21">54.4800</dst>
      <dst id="15">13.6711</dst>
    </src>
    <src id="8">
      <dst id="12">6814.1956</dst>
      <dst id="13">194.5333</dst>
      <dst id="19">2.4978</dst>
      <dst id="18">0.3556</dst>
      <dst id="4">210.5422</dst>
      <dst id="1">1553.3867</dst>
      <dst id="5">704.8800</dst>
      <dst id="10">19.1822</dst>
      <dst id="22">0.3556</dst>
      <dst id="7">19.5378</dst>
      <dst id="2">15.8489</dst>
      <dst id="16">163339.4667</dst>
      <dst id="14">13.3333</dst>
      <dst id="11">0.4178</dst>
      <dst id="9">51893.1378</dst>
      <dst id="17">13570.1778</dst>
      <dst id="21">2.9867</dst>
    </src>
    <src id="18">
      <dst id="12">93044.2044</dst>
      <dst id="13">548.8978</dst>
      <dst id="23">0.3378</dst>
      <dst id="4">85.6889</dst>
      <dst id="1">749.3067</dst>
      <dst id="5">236.5156</dst>
      <dst id="3">2013.9911</dst>
      <dst id="10">24.8533</dst>
      <dst id="22">32.0978</dst>
      <dst id="7">16.6933</dst>
      <dst id="2">7358.2667</dst>
      <dst id="16">429.6533</dst>
      <dst id="14">27.1022</dst>
      <dst id="20">3.9556</dst>
      <dst id="11">17.8311</dst>
      <dst id="9">641.7956</dst>
      <dst id="17">4476.1067</dst>
      <dst id="21">197.2000</dst>
      <dst id="15">7.1556</dst>
    </src>
    <src id="4">
      <dst id="12">17486.4356</dst>
      <dst id="13">2.0267</dst>
      <dst id="19">6813.6622</dst>
      <dst id="23">324.6400</dst>
      <dst id="8">9961.1733</dst>
      <dst id="18">720.1778</dst>
      <dst id="4">2409.2622</dst>
      <dst id="1">21442.9600</dst>
      <dst id="5">2866.9422</dst>
      <dst id="3">5.3600</dst>
      <dst id="22">46.2844</dst>
      <dst id="7">207.6000</dst>
      <dst id="2">57230.7111</dst>
      <dst id="6">65.0133</dst>
      <dst id="16">73475.7956</dst>
      <dst id="14">10728.8622</dst>
      <dst id="11">172.9778</dst>
      <dst id="9">18410.1156</dst>
      <dst id="17">51504.2222</dst>
      <dst id="21">6879.6000</dst>
      <dst id="15">902.5244</dst>
    </src>
    <src id="1">
      <dst id="12">356751.9378</dst>
      <dst id="13">2177.7689</dst>
      <dst id="19">131.2000</dst>
      <dst id="23">140.4267</dst>
      <dst id="8">13.8133</dst>
      <dst id="18">10613.9644</dst>
      <dst id="4">234.7467</dst>
      <dst id="1">6473.5822</dst>
      <dst id="5">1034.7644</dst>
      <dst id="3">23.4667</dst>
      <dst id="10">256.2667</dst>
      <dst id="22">59.6178</dst>
      <dst id="7">18104.2222</dst>
      <dst id="2">2501.9289</dst>
      <dst id="6">2.0800</dst>
      <dst id="16">717320.9778</dst>
      <dst id="14">194.6844</dst>
      <dst id="20">2061.3156</dst>
      <dst id="11">902.5689</dst>
      <dst id="9">1494.4178</dst>
      <dst id="17">5194.5333</dst>
      <dst id="21">268651.2356</dst>
      <dst id="15">68.6400</dst>
    </src>
    <src id="5">
      <dst id="12">20524.2222</dst>
      <dst id="13">1595.0400</dst>
      <dst id="19">27.3778</dst>
      <dst id="23">44.2133</dst>
      <dst id="8">353.6711</dst>
      <dst id="18">131.2889</dst>
      <dst id="4">44.7022</dst>
      <dst id="1">2048.5778</dst>
      <dst id="10">144.3111</dst>
      <dst id="22">24.8889</dst>
      <dst id="7">18.5511</dst>
      <dst id="2">101.6622</dst>
      <dst id="6">8.3200</dst>
      <dst id="16">292501.0400</dst>
      <dst id="14">4.0711</dst>
      <dst id="11">4.7289</dst>
      <dst id="9">59766.0178</dst>
      <dst id="17">26804.1333</dst>
      <dst id="21">2.2844</dst>
      <dst id="15">203.1022</dst>
    </src>
    <src id="3">
      <dst id="12">1058.0000</dst>
      <dst id="13">11989.0667</dst>
      <dst id="19">8585.5911</dst>
      <dst id="23">7.8756</dst>
      <dst id="8">44.5778</dst>
      <dst id="18">98.3467</dst>
      <dst id="4">407.1467</dst>
      <dst id="1">2108.9600</dst>
      <dst id="5">79.3778</dst>
      <dst id="3">200.3111</dst>
      <dst id="10">312.4000</dst>
      <dst id="22">14.2578</dst>
      <dst id="7">981.9111</dst>
      <dst id="2">2995.2533</dst>
      <dst id="6">106.7022</dst>
      <dst id="16">23611.2267</dst>
      <dst id="14">108.5244</dst>
      <dst id="20">86.3822</dst>
      <dst id="11">155.5911</dst>
      <dst id="9">255.8756</dst>
      <dst id="17">41335.9733</dst>
      <dst id="21">1799.7511</dst>
      <dst id="15">0.5600</dst>
    </src>
    <src id="10">
      <dst id="12">2010.3467</dst>
      <dst id="13">1285.5467</dst>
      <dst id="19">326.8978</dst>
      <dst id="23">51.4133</dst>
      <dst id="8">23.4933</dst>
      <dst id="18">3695.3244</dst>
      <dst id="1">6352.4711</dst>
      <dst id="5">607.7600</dst>
      <dst id="3">49.3689</dst>
      <dst id="10">4.2578</dst>
      <dst id="22">4.2756</dst>
      <dst id="7">2.8356</dst>
      <dst id="2">12523.8756</dst>
      <dst id="6">313.0667</dst>
      <dst id="16">29617.6800</dst>
      <dst id="14">5487.8311</dst>
      <dst id="20">293.9289</dst>
      <dst id="11">36.3644</dst>
      <dst id="9">3407.3511</dst>
      <dst id="17">17287.2089</dst>
      <dst id="21">12126.2489</dst>
      <dst id="15">33.8844</dst>
    </src>
    <src id="22">
      <dst id="12">5219.6800</dst>
      <dst id="13">10938.6222</dst>
      <dst id="19">94.1867</dst>
      <dst id="23">15.7867</dst>
      <dst id="8">84.0889</dst>
      <dst id="18">74.8267</dst>
      <dst id="4">270.7911</dst>
      <dst id="1">44.0533</dst>
      <dst id="5">1498.3911</dst>
      <dst id="3">35.9822</dst>
      <dst id="10">748.9600</dst>
      <dst id="7">464.0800</dst>
      <dst id="2">6806.3289</dst>
      <dst id="6">3.4311</dst>
      <dst id="16">410.0000</dst>
      <dst id="14">3.9822</dst>
      <dst id="20">4391.6000</dst>
      <dst id="11">87.7867</dst>
      <dst id="9">1580.1067</dst>
      <dst id="17">5254.0000</dst>
      <dst id="21">123.0044</dst>
      <dst id="15">824.1333</dst>
    </src>
    <src id="7">
      <dst id="12">5603.4667</dst>
      <dst id="13">20842.5511</dst>
      <dst id="19">630.1067</dst>
      <dst id="23">3.9111</dst>
      <dst id="8">98.5600</dst>
      <dst id="18">184.3200</dst>
      <dst id="4">1418.9333</dst>
      <dst id="1">20403.2533</dst>
      <dst id="5">1672.9956</dst>
      <dst id="3">46.8533</dst>
      <dst id="10">247.7600</dst>
      <dst id="22">2203.7689</dst>
      <dst id="7">26.3822</dst>
      <dst id="2">1441.8222</dst>
      <dst id="6">99.1733</dst>
      <dst id="16">2297.3422</dst>
      <dst id="14">55.3156</dst>
      <dst id="20">19.2978</dst>
      <dst id="11">214.7822</dst>
      <dst id="9">283.8044</dst>
      <dst id="17">9549.8933</dst>
      <dst id="21">732.7111</dst>
      <dst id="15">854.8000</dst>
    </src>
    <src id="2">
      <dst id="12">58633.1556</dst>
      <dst id="13">17544.4089</dst>
      <dst id="19">1051.4489</dst>
      <dst id="8">9.8489</dst>
      <dst id="18">26219.3956</dst>
      <dst id="4">6240.5156</dst>
      <dst id="1">13754.6311</dst>
      <dst id="5">385.5111</dst>
      <dst id="3">27.2356</dst>
      <dst id="10">855.0933</dst>
      <dst id="22">407.3867</dst>
      <dst id="7">2560.7200</dst>
      <dst id="2">1415.9111</dst>
      <dst id="6">9386.5778</dst>
      <dst id="16">244.4622</dst>
      <dst id="14">2993.7689</dst>
      <dst id="20">467.0933</dst>
      <dst id="11">149.4667</dst>
      <dst id="9">178.4178</dst>
      <dst id="17">15051.8667</dst>
      <dst id="21">516.1067</dst>
      <dst id="15">130.4000</dst>
    </src>
    <src id="6">
      <dst id="12">176.4089</dst>
      <dst id="13">25.0133</dst>
      <dst id="23">1.1378</dst>
      <dst id="4">1.1733</dst>
      <dst id="1">10.9689</dst>
      <dst id="5">0.7822</dst>
      <dst id="3">0.3556</dst>
      <dst id="10">22.9333</dst>
      <dst id="22">43.6089</dst>
      <dst id="7">20.5511</dst>
      <dst id="2">921.1467</dst>
      <dst id="16">63.0133</dst>
      <dst id="20">0.3378</dst>
      <dst id="11">0.6578</dst>
      <dst id="9">62.1244</dst>
      <dst id="17">16470.0800</dst>
      <dst id="21">13.0578</dst>
    </src>
    <src id="16">
      <dst id="12">84199.9644</dst>
      <dst id="13">1709.6000</dst>
      <dst id="19">2410.8711</dst>
      <dst id="23">9.6356</dst>
      <dst id="8">74720.4000</dst>
      <dst id="18">2394.9956</dst>
      <dst id="4">58.3467</dst>
      <dst id="1">7094.4089</dst>
      <dst id="5">191480.9778</dst>
      <dst id="3">4952.4178</dst>
      <dst id="10">230.6489</dst>
      <dst id="22">0.6933</dst>
      <dst id="7">933.8844</dst>
      <dst id="2">153.5022</dst>
      <dst id="6">3.0311</dst>
      <dst id="16">11323.7156</dst>
      <dst id="14">34179.3778</dst>
      <dst id="11">15122.2400</dst>
      <dst id="9">141942.6756</dst>
      <dst id="17">3445.6444</dst>
      <dst id="21">1.8044</dst>
    </src>
    <src id="14">
      <dst id="12">614.2844</dst>
      <dst id="13">500.9689</dst>
      <dst id="19">29.7422</dst>
      <dst id="23">1.1022</dst>
      <dst id="4">256.5511</dst>
      <dst id="1">258.5333</dst>
      <dst id="5">53.9556</dst>
      <dst id="3">2287.0667</dst>
      <dst id="10">331.4222</dst>
      <dst id="7">58.4889</dst>
      <dst id="2">1279.7511</dst>
      <dst id="16">1779.9111</dst>
      <dst id="11">1.8044</dst>
      <dst id="9">185.9733</dst>
      <dst id="17">21608.5867</dst>
      <dst id="21">97.8400</dst>
      <dst id="15">0.4622</dst>
    </src>
    <src id="20">
      <dst id="12">763.8133</dst>
      <dst id="13">1939.9200</dst>
      <dst id="19">83.2089</dst>
      <dst id="23">1.7867</dst>
      <dst id="8">8.3467</dst>
      <dst id="4">1595.2267</dst>
      <dst id="1">103.7778</dst>
      <dst id="5">69.4400</dst>
      <dst id="3">100.9778</dst>
      <dst id="10">128.5511</dst>
      <dst id="22">4041.2711</dst>
      <dst id="7">182.5333</dst>
      <dst id="2">503.1556</dst>
      <dst id="16">4043.9911</dst>
      <dst id="11">14.3289</dst>
      <dst id="9">437.1111</dst>
      <dst id="17">1251.7600</dst>
      <dst id="21">37.5644</dst>
    </src>
    <src id="11">
      <dst id="12">31860.6578</dst>
      <dst id="13">3375.3511</dst>
      <dst id="19">84.4889</dst>
      <dst id="23">19.8844</dst>
      <dst id="8">47.0667</dst>
      <dst id="18">653.2889</dst>
      <dst id="4">917.2978</dst>
      <dst id="1">3366.9778</dst>
      <dst id="5">893.0222</dst>
      <dst id="3">658.0000</dst>
      <dst id="10">218.3022</dst>
      <dst id="22">27.8400</dst>
      <dst id="7">274.9067</dst>
      <dst id="2">60533.4933</dst>
      <dst id="6">3.2800</dst>
      <dst id="16">10609.4844</dst>
      <dst id="14">37.3867</dst>
      <dst id="20">188.8889</dst>
      <dst id="11">759.4311</dst>
      <dst id="9">4488.6844</dst>
      <dst id="17">541041.2000</dst>
      <dst id="21">660.9244</dst>
      <dst id="15">1949.4400</dst>
    </src>
    <src id="9">
      <dst id="12">24740.1511</dst>
      <dst id="13">2265.9733</dst>
      <dst id="19">4.4178</dst>
      <dst id="23">234.1333</dst>
      <dst id="8">65472.7556</dst>
      <dst id="18">44.7822</dst>
      <dst id="4">310.0267</dst>
      <dst id="1">6057.2444</dst>
      <dst id="5">950.9067</dst>
      <dst id="10">652.2933</dst>
      <dst id="22">4.3378</dst>
      <dst id="7">13.2089</dst>
      <dst id="2">1304.4711</dst>
      <dst id="6">1.7778</dst>
      <dst id="16">440728.6844</dst>
      <dst id="14">2.2044</dst>
      <dst id="11">18.1867</dst>
      <dst id="9">201126.4444</dst>
      <dst id="17">47962.3022</dst>
      <dst id="21">165.3778</dst>
      <dst id="15">1275.6444</dst>
    </src>
    <src id="17">
      <dst id="12">68334.1511</dst>
      <dst id="13">13756.3911</dst>
      <dst id="19">665.8844</dst>
      <dst id="23">6.2667</dst>
      <dst id="8">78.4267</dst>
      <dst id="18">263.5644</dst>
      <dst id="4">3694.4444</dst>
      <dst id="1">920.5600</dst>
      <dst id="5">103709.5911</dst>
      <dst id="3">3109.2000</dst>
      <dst id="10">4783.9556</dst>
      <dst id="22">3.8844</dst>
      <dst id="7">15347.9911</dst>
      <dst id="2">43487.2711</dst>
      <dst id="6">146.5422</dst>
      <dst id="16">42651.7422</dst>
      <dst id="14">9250.6933</dst>
      <dst id="20">2492.2044</dst>
      <dst id="11">6617.7956</dst>
      <dst id="9">16998.4622</dst>
      <dst id="17">49885.4222</dst>
      <dst id="21">2166.5867</dst>
      <dst id="15">66.4089</dst>
    </src>
    <src id="21">
      <dst id="12">1919.0044</dst>
      <dst id="13">4915.1911</dst>
      <dst id="19">28.4000</dst>
      <dst id="23">6.0889</dst>
      <dst id="8">491.4489</dst>
      <dst id="18">1197.2622</dst>
      <dst id="4">416.1600</dst>
      <dst id="1">3892.4000</dst>
      <dst id="5">399.5200</dst>
      <dst id="3">403.2000</dst>
      <dst id="10">102.4800</dst>
      <dst id="22">1.0311</dst>
      <dst id="7">1562.1244</dst>
      <dst id="2">3867.5733</dst>
      <dst id="6">3.6356</dst>
      <dst id="16">3939.7778</dst>
      <dst id="14">238.9333</dst>
      <dst id="20">38.7467</dst>
      <dst id="11">749.3956</dst>
      <dst id="9">1836.6222</dst>
      <dst id="17">22809.6267</dst>
      <dst id="21">642.2133</dst>
      <dst id="15">3.3511</dst>
    </src>
    <src id="15">
      <dst id="12">118.6222</dst>
      <dst id="13">139.6178</dst>
      <dst id="18">115.3956</dst>
      <dst id="4">93.4756</dst>
      <dst id="1">284.7556</dst>
      <dst id="5">84.2756</dst>
      <dst id="10">1.2356</dst>
      <dst id="22">0.6756</dst>
      <dst id="7">9.8489</dst>
      <dst id="2">38.9422</dst>
      <dst id="6">0.4800</dst>
      <dst id="16">446.2667</dst>
      <dst id="11">25.9556</dst>
      <dst id="9">290.8178</dst>
      <dst id="17">96.6667</dst>
    </src>
  </IntraTM>
</TrafficMatrixFile>
