<?xml version="1.0" encoding="UTF-8" standalone="yes"?>
<TrafficMatrixFile xmlns:xsi="http://www.w3.org/2001/XMLSchema-instance" xsi:noNamespaceSchemaLocation="http://totem.run.montefiore.ulg.ac.be/Schema/TrafficMatrix-v1_2.xsd">
  <info>
    <title>Intradomain traffic matrix generated by geant-TM-all.pl</title>
    <date>2005-01-07T22:30:00</date>
    <duration>900</duration>
    <author>Steve Uhlig</author>
    <units>
        <unit type="bandwidth" value="kbps"/>
    </units>
  </info>
  <IntraTM ASID="20965">
    <src id="12">
      <dst id="12">425413.3600</dst>
      <dst id="13">42771.3689</dst>
      <dst id="19">6577.6356</dst>
      <dst id="23">18925.7867</dst>
      <dst id="8">9976.7467</dst>
      <dst id="18">14756.2311</dst>
      <dst id="4">103262.2222</dst>
      <dst id="1">12649.1556</dst>
      <dst id="5">10398.1511</dst>
      <dst id="3">8852.2133</dst>
      <dst id="22">27861.2800</dst>
      <dst id="7">11177.5556</dst>
      <dst id="2">92596.2311</dst>
      <dst id="6">204.0711</dst>
      <dst id="16">20099.2622</dst>
      <dst id="14">1572.5333</dst>
      <dst id="20">7687.2089</dst>
      <dst id="11">9739.6711</dst>
      <dst id="9">12935.3778</dst>
      <dst id="17">169114.4356</dst>
      <dst id="21">13478.3378</dst>
      <dst id="15">13035.2622</dst>
    </src>
    <src id="13">
      <dst id="12">90410.6756</dst>
      <dst id="19">37607.7778</dst>
      <dst id="23">3299.1822</dst>
      <dst id="8">6122.5422</dst>
      <dst id="18">8109.3244</dst>
      <dst id="1">19370.5956</dst>
      <dst id="5">11034.3556</dst>
      <dst id="3">37462.6844</dst>
      <dst id="22">32976.8178</dst>
      <dst id="7">40799.6267</dst>
      <dst id="2">164587.6356</dst>
      <dst id="6">413.8133</dst>
      <dst id="16">12716.2578</dst>
      <dst id="14">3329.6000</dst>
      <dst id="20">30283.4578</dst>
      <dst id="11">13028.7111</dst>
      <dst id="9">27177.0222</dst>
      <dst id="17">121201.5111</dst>
      <dst id="21">26454.0889</dst>
      <dst id="15">14510.2044</dst>
    </src>
    <src id="19">
      <dst id="12">18900.9156</dst>
      <dst id="13">12655.3600</dst>
      <dst id="23">14.2489</dst>
      <dst id="8">110.5422</dst>
      <dst id="18">5970.5778</dst>
      <dst id="4">19751.6800</dst>
      <dst id="1">11272.3644</dst>
      <dst id="5">223.7956</dst>
      <dst id="3">67.2711</dst>
      <dst id="22">4027.7778</dst>
      <dst id="7">9261.9467</dst>
      <dst id="2">11864.0889</dst>
      <dst id="6">370.0889</dst>
      <dst id="16">6242.4711</dst>
      <dst id="14">28.4089</dst>
      <dst id="20">692.5867</dst>
      <dst id="11">124.2578</dst>
      <dst id="9">678.2756</dst>
      <dst id="17">22113.2089</dst>
      <dst id="21">3874.8089</dst>
      <dst id="15">61.1911</dst>
    </src>
    <src id="23">
      <dst id="12">2664.4178</dst>
      <dst id="13">591.3422</dst>
      <dst id="19">982.7911</dst>
      <dst id="8">40.0000</dst>
      <dst id="18">15.6000</dst>
      <dst id="4">13.6889</dst>
      <dst id="1">102.4089</dst>
      <dst id="5">196.0622</dst>
      <dst id="3">528.1867</dst>
      <dst id="22">629.7778</dst>
      <dst id="7">1765.6889</dst>
      <dst id="2">110.4089</dst>
      <dst id="6">16.2489</dst>
      <dst id="16">120.0889</dst>
      <dst id="14">32.3644</dst>
      <dst id="20">133.3511</dst>
      <dst id="11">308.5511</dst>
      <dst id="9">1022.4089</dst>
      <dst id="17">1508.7200</dst>
      <dst id="21">1600.5956</dst>
      <dst id="15">241.1822</dst>
    </src>
    <src id="8">
      <dst id="12">330178.6578</dst>
      <dst id="13">997.8133</dst>
      <dst id="19">1411.5378</dst>
      <dst id="23">14.5067</dst>
      <dst id="18">498.9867</dst>
      <dst id="4">3653.8844</dst>
      <dst id="1">4032.6400</dst>
      <dst id="5">16778.3200</dst>
      <dst id="3">28.5689</dst>
      <dst id="22">2983.3689</dst>
      <dst id="7">256.1156</dst>
      <dst id="2">819.0578</dst>
      <dst id="6">0.7822</dst>
      <dst id="16">1171.3600</dst>
      <dst id="14">2.0178</dst>
      <dst id="20">2150.4889</dst>
      <dst id="11">2283.1200</dst>
      <dst id="9">131762.5956</dst>
      <dst id="17">144642.4000</dst>
      <dst id="21">7903.5378</dst>
      <dst id="15">181.4756</dst>
    </src>
    <src id="18">
      <dst id="12">162895.7067</dst>
      <dst id="13">1063.7422</dst>
      <dst id="19">224.7822</dst>
      <dst id="23">5.4044</dst>
      <dst id="8">103.9200</dst>
      <dst id="4">2503.5022</dst>
      <dst id="1">937.8667</dst>
      <dst id="5">316.3911</dst>
      <dst id="3">620.5067</dst>
      <dst id="22">957.2089</dst>
      <dst id="7">261.4044</dst>
      <dst id="2">59131.8844</dst>
      <dst id="16">102.9778</dst>
      <dst id="14">2.3644</dst>
      <dst id="20">89.0133</dst>
      <dst id="11">131.5911</dst>
      <dst id="9">119.2800</dst>
      <dst id="17">62944.2400</dst>
      <dst id="21">2530.0000</dst>
      <dst id="15">564.0711</dst>
    </src>
    <src id="4">
      <dst id="12">37367.8222</dst>
      <dst id="19">50200.3822</dst>
      <dst id="23">2.0711</dst>
      <dst id="8">2095.2000</dst>
      <dst id="18">1014.1778</dst>
      <dst id="1">39372.0178</dst>
      <dst id="5">3688.7200</dst>
      <dst id="3">1391.0578</dst>
      <dst id="22">6505.7156</dst>
      <dst id="7">173133.6533</dst>
      <dst id="2">78584.0267</dst>
      <dst id="6">96.8622</dst>
      <dst id="16">3070.0889</dst>
      <dst id="14">1020.1956</dst>
      <dst id="20">2914.2222</dst>
      <dst id="11">6529.5467</dst>
      <dst id="9">11406.3911</dst>
      <dst id="17">38790.7556</dst>
      <dst id="21">8146.1156</dst>
      <dst id="15">782.8711</dst>
    </src>
    <src id="1">
      <dst id="12">41831.7511</dst>
      <dst id="13">32061.7600</dst>
      <dst id="19">633.4311</dst>
      <dst id="23">125.2089</dst>
      <dst id="8">245376.1600</dst>
      <dst id="18">13138.8889</dst>
      <dst id="4">13479.4489</dst>
      <dst id="1">52685.9733</dst>
      <dst id="5">313208.2400</dst>
      <dst id="3">3758.4533</dst>
      <dst id="22">12131.1733</dst>
      <dst id="7">124375.1111</dst>
      <dst id="2">29888.1156</dst>
      <dst id="6">20743.7067</dst>
      <dst id="16">9967.2444</dst>
      <dst id="14">329.7156</dst>
      <dst id="20">2725.0844</dst>
      <dst id="11">2305.0400</dst>
      <dst id="9">423548.5867</dst>
      <dst id="17">15537.7689</dst>
      <dst id="21">10166.4800</dst>
      <dst id="15">2581.4578</dst>
    </src>
    <src id="5">
      <dst id="12">350060.8622</dst>
      <dst id="13">2999.3778</dst>
      <dst id="19">810.7644</dst>
      <dst id="23">178.7911</dst>
      <dst id="8">3579.7689</dst>
      <dst id="18">227.5111</dst>
      <dst id="4">9979.7511</dst>
      <dst id="1">3354.3822</dst>
      <dst id="3">351.2711</dst>
      <dst id="22">6288.6578</dst>
      <dst id="7">289.9289</dst>
      <dst id="2">4966.9956</dst>
      <dst id="6">1.3689</dst>
      <dst id="16">5675.3600</dst>
      <dst id="14">58.6489</dst>
      <dst id="20">9345.4667</dst>
      <dst id="11">583.7067</dst>
      <dst id="9">160249.3956</dst>
      <dst id="17">147346.6756</dst>
      <dst id="21">1057.9111</dst>
      <dst id="15">3675.9733</dst>
    </src>
    <src id="3">
      <dst id="12">21017.6267</dst>
      <dst id="13">2663.7422</dst>
      <dst id="19">1856.3911</dst>
      <dst id="23">237.4489</dst>
      <dst id="8">235.0844</dst>
      <dst id="18">208945.9911</dst>
      <dst id="4">61400.3822</dst>
      <dst id="1">13634.7822</dst>
      <dst id="5">1275.8489</dst>
      <dst id="3">19035.2000</dst>
      <dst id="22">747.9644</dst>
      <dst id="7">5700.2578</dst>
      <dst id="2">8524.5333</dst>
      <dst id="6">69.0489</dst>
      <dst id="16">3321.3422</dst>
      <dst id="14">44364.8889</dst>
      <dst id="20">2095.7689</dst>
      <dst id="11">275181.0756</dst>
      <dst id="9">1842.3556</dst>
      <dst id="17">34244.8889</dst>
      <dst id="21">18580.6844</dst>
      <dst id="15">644.3022</dst>
    </src>
    <src id="10">
      <dst id="12">27747.0489</dst>
      <dst id="19">4031.9733</dst>
      <dst id="8">1059.5022</dst>
      <dst id="18">1914.6933</dst>
      <dst id="1">2951.0489</dst>
      <dst id="5">2894.6311</dst>
      <dst id="3">21883.7422</dst>
      <dst id="22">5397.3422</dst>
      <dst id="7">12557.2267</dst>
      <dst id="2">52892.3289</dst>
      <dst id="6">155.7156</dst>
      <dst id="16">2841.8489</dst>
      <dst id="14">2792.2311</dst>
      <dst id="20">3616.0000</dst>
      <dst id="11">3106.4889</dst>
      <dst id="9">7437.7067</dst>
      <dst id="17">37669.5289</dst>
      <dst id="21">16893.9200</dst>
      <dst id="15">587.8844</dst>
    </src>
    <src id="22">
      <dst id="12">12993.5556</dst>
      <dst id="13">8335.3600</dst>
      <dst id="19">270.1689</dst>
      <dst id="23">116.4711</dst>
      <dst id="8">5029.6089</dst>
      <dst id="18">1332.5867</dst>
      <dst id="4">18464.5867</dst>
      <dst id="1">856.8178</dst>
      <dst id="5">3646.2667</dst>
      <dst id="3">2370.0889</dst>
      <dst id="7">3432.8178</dst>
      <dst id="2">4485.9467</dst>
      <dst id="6">82.1956</dst>
      <dst id="16">4.9333</dst>
      <dst id="14">5.9467</dst>
      <dst id="11">2584.3378</dst>
      <dst id="9">5916.8356</dst>
      <dst id="17">14661.4489</dst>
      <dst id="21">5111.9911</dst>
    </src>
    <src id="7">
      <dst id="12">8775.6444</dst>
      <dst id="13">2612.2489</dst>
      <dst id="19">6845.0400</dst>
      <dst id="23">290.3911</dst>
      <dst id="8">271.3244</dst>
      <dst id="18">1469.7244</dst>
      <dst id="4">36322.2133</dst>
      <dst id="1">23894.5778</dst>
      <dst id="5">1210.7733</dst>
      <dst id="3">559.2267</dst>
      <dst id="22">4797.1111</dst>
      <dst id="7">708.0444</dst>
      <dst id="2">24140.5867</dst>
      <dst id="6">1740.2133</dst>
      <dst id="16">20298.8889</dst>
      <dst id="14">276.8711</dst>
      <dst id="20">696.8800</dst>
      <dst id="11">637.4044</dst>
      <dst id="9">1690.4089</dst>
      <dst id="17">22142.3911</dst>
      <dst id="21">7796.4444</dst>
      <dst id="15">364.2933</dst>
    </src>
    <src id="2">
      <dst id="12">162171.2444</dst>
      <dst id="13">13940.5956</dst>
      <dst id="19">3893.0044</dst>
      <dst id="23">78.0089</dst>
      <dst id="8">1306.4089</dst>
      <dst id="18">149441.8578</dst>
      <dst id="4">140900.8800</dst>
      <dst id="1">21945.6444</dst>
      <dst id="5">5160.4533</dst>
      <dst id="3">755.6089</dst>
      <dst id="22">3925.1556</dst>
      <dst id="7">10489.0311</dst>
      <dst id="2">2014.6222</dst>
      <dst id="6">17940.7378</dst>
      <dst id="16">6228.9689</dst>
      <dst id="14">361.9911</dst>
      <dst id="20">2071.8933</dst>
      <dst id="11">11188.9156</dst>
      <dst id="9">16289.7511</dst>
      <dst id="17">50486.7200</dst>
      <dst id="21">5951.8933</dst>
      <dst id="15">189.8756</dst>
    </src>
    <src id="6">
      <dst id="12">13260.3556</dst>
      <dst id="13">21.1111</dst>
      <dst id="19">59.9644</dst>
      <dst id="23">23.6444</dst>
      <dst id="8">22.9333</dst>
      <dst id="18">11.4667</dst>
      <dst id="4">1879.2533</dst>
      <dst id="1">265.5111</dst>
      <dst id="5">27.3244</dst>
      <dst id="3">25.1556</dst>
      <dst id="22">33.9467</dst>
      <dst id="7">268.6400</dst>
      <dst id="2">3349.9733</dst>
      <dst id="16">46.8711</dst>
      <dst id="20">26.0533</dst>
      <dst id="11">9.2178</dst>
      <dst id="9">70.4356</dst>
      <dst id="17">3196.1511</dst>
      <dst id="21">35.6356</dst>
    </src>
    <src id="16">
      <dst id="12">4375.2978</dst>
      <dst id="13">1680.7200</dst>
      <dst id="19">4076.8889</dst>
      <dst id="23">1122.8533</dst>
      <dst id="8">5116.3822</dst>
      <dst id="18">242.1956</dst>
      <dst id="4">10058.6756</dst>
      <dst id="1">15534.3111</dst>
      <dst id="5">6344.5422</dst>
      <dst id="3">100.4711</dst>
      <dst id="7">3872.5067</dst>
      <dst id="2">2357.8756</dst>
      <dst id="6">188.7289</dst>
      <dst id="16">55.4133</dst>
      <dst id="14">51.2711</dst>
      <dst id="11">542.6133</dst>
      <dst id="9">13249.1733</dst>
      <dst id="17">8539.5733</dst>
      <dst id="21">627.6267</dst>
    </src>
    <src id="14">
      <dst id="12">20872.8711</dst>
      <dst id="13">280.6578</dst>
      <dst id="19">63.4667</dst>
      <dst id="23">3.1822</dst>
      <dst id="8">58.6578</dst>
      <dst id="18">25.9556</dst>
      <dst id="4">2163.3067</dst>
      <dst id="1">66.8889</dst>
      <dst id="5">61.8667</dst>
      <dst id="3">196.9600</dst>
      <dst id="22">29.4489</dst>
      <dst id="7">256.3200</dst>
      <dst id="2">3909.8578</dst>
      <dst id="6">0.8444</dst>
      <dst id="16">15.8133</dst>
      <dst id="20">25.9556</dst>
      <dst id="11">22.5156</dst>
      <dst id="9">64.4889</dst>
      <dst id="17">7485.3778</dst>
      <dst id="21">52.9333</dst>
    </src>
    <src id="20">
      <dst id="12">14285.5911</dst>
      <dst id="13">2215.2622</dst>
      <dst id="19">829.9022</dst>
      <dst id="23">84.2844</dst>
      <dst id="8">687.1644</dst>
      <dst id="18">218.1067</dst>
      <dst id="4">11982.6489</dst>
      <dst id="1">927.9556</dst>
      <dst id="5">1581.8222</dst>
      <dst id="3">1950.3733</dst>
      <dst id="7">3150.4800</dst>
      <dst id="2">2169.7422</dst>
      <dst id="16">0.3556</dst>
      <dst id="14">0.3556</dst>
      <dst id="11">5093.6622</dst>
      <dst id="9">7291.9200</dst>
      <dst id="17">16605.4222</dst>
      <dst id="21">819.3778</dst>
    </src>
    <src id="11">
      <dst id="12">463368.0267</dst>
      <dst id="13">5754.8800</dst>
      <dst id="19">188.9511</dst>
      <dst id="23">352.3200</dst>
      <dst id="8">1106.3644</dst>
      <dst id="18">1965.1111</dst>
      <dst id="4">8934.8000</dst>
      <dst id="1">1249.5289</dst>
      <dst id="5">1630.3467</dst>
      <dst id="3">2651.6089</dst>
      <dst id="22">1919.9911</dst>
      <dst id="7">4297.8311</dst>
      <dst id="2">107836.4356</dst>
      <dst id="6">15.7778</dst>
      <dst id="16">1803.2089</dst>
      <dst id="14">46.7644</dst>
      <dst id="20">2245.0133</dst>
      <dst id="11">3812.4889</dst>
      <dst id="9">5598.5422</dst>
      <dst id="17">172793.1200</dst>
      <dst id="21">950.9778</dst>
      <dst id="15">1584.4622</dst>
    </src>
    <src id="9">
      <dst id="12">448252.2222</dst>
      <dst id="13">5153.6444</dst>
      <dst id="19">453.4311</dst>
      <dst id="23">351.5200</dst>
      <dst id="8">230448.6133</dst>
      <dst id="18">164.5689</dst>
      <dst id="4">10797.4489</dst>
      <dst id="1">4382.3822</dst>
      <dst id="5">13131.0933</dst>
      <dst id="3">80.3556</dst>
      <dst id="22">3840.3911</dst>
      <dst id="7">1426.1956</dst>
      <dst id="2">3228.5778</dst>
      <dst id="6">7.6533</dst>
      <dst id="16">3911.2622</dst>
      <dst id="14">1.6000</dst>
      <dst id="20">4783.2978</dst>
      <dst id="11">17841.8933</dst>
      <dst id="9">558021.5644</dst>
      <dst id="17">222842.2578</dst>
      <dst id="21">3210.9956</dst>
      <dst id="15">8996.3822</dst>
    </src>
    <src id="17">
      <dst id="12">27992.6133</dst>
      <dst id="13">7016.1778</dst>
      <dst id="19">7743.3867</dst>
      <dst id="23">5872.2222</dst>
      <dst id="8">16764.6578</dst>
      <dst id="18">1701.0044</dst>
      <dst id="4">60288.3378</dst>
      <dst id="1">6404.8533</dst>
      <dst id="5">272245.2089</dst>
      <dst id="3">44119.4667</dst>
      <dst id="22">15157.8311</dst>
      <dst id="7">41691.8667</dst>
      <dst id="2">27173.8844</dst>
      <dst id="6">231.8222</dst>
      <dst id="16">12900.1689</dst>
      <dst id="14">32280.6578</dst>
      <dst id="20">2587.1378</dst>
      <dst id="11">195332.1956</dst>
      <dst id="9">6550.3644</dst>
      <dst id="17">666.3822</dst>
      <dst id="21">16873.8933</dst>
      <dst id="15">2213.5022</dst>
    </src>
    <src id="21">
      <dst id="12">14365.1022</dst>
      <dst id="13">12863.0667</dst>
      <dst id="19">940.4533</dst>
      <dst id="23">63.4933</dst>
      <dst id="8">552.0533</dst>
      <dst id="18">1953.2711</dst>
      <dst id="4">18333.4578</dst>
      <dst id="1">35766.7556</dst>
      <dst id="5">821.4933</dst>
      <dst id="3">29862.1333</dst>
      <dst id="22">4868.0267</dst>
      <dst id="7">7695.3956</dst>
      <dst id="2">12476.5244</dst>
      <dst id="6">1.2800</dst>
      <dst id="16">1570.8178</dst>
      <dst id="14">177.2000</dst>
      <dst id="20">905.7333</dst>
      <dst id="11">2143.5733</dst>
      <dst id="9">2954.0178</dst>
      <dst id="17">20287.0844</dst>
      <dst id="21">2458.6667</dst>
      <dst id="15">1830.8622</dst>
    </src>
    <src id="15">
      <dst id="12">8881.1200</dst>
      <dst id="13">250.5067</dst>
      <dst id="19">3376.1422</dst>
      <dst id="23">4.0711</dst>
      <dst id="8">128.4800</dst>
      <dst id="18">36.7644</dst>
      <dst id="4">2294.1600</dst>
      <dst id="1">1079.0133</dst>
      <dst id="5">1043.8578</dst>
      <dst id="3">13.4489</dst>
      <dst id="7">143.3956</dst>
      <dst id="2">80.4800</dst>
      <dst id="6">0.9244</dst>
      <dst id="14">4.0444</dst>
      <dst id="11">336.3200</dst>
      <dst id="9">1877.0578</dst>
      <dst id="17">4792.9156</dst>
      <dst id="21">206.4533</dst>
    </src>
  </IntraTM>
</TrafficMatrixFile>
