<?xml version="1.0" encoding="UTF-8" standalone="yes"?>
<TrafficMatrixFile xmlns:xsi="http://www.w3.org/2001/XMLSchema-instance" xsi:noNamespaceSchemaLocation="http://totem.run.montefiore.ulg.ac.be/Schema/TrafficMatrix-v1_2.xsd">
  <info>
    <title>Intradomain traffic matrix generated by geant-TM-all.pl</title>
    <date>2005-03-12T17:30:00</date>
    <duration>900</duration>
    <author>Steve Uhlig</author>
    <units>
        <unit type="bandwidth" value="kbps"/>
    </units>
  </info>
  <IntraTM ASID="20965">
    <src id="12">
      <dst id="12">300806.7111</dst>
      <dst id="13">19416.7733</dst>
      <dst id="19">4684.1689</dst>
      <dst id="23">2605.6978</dst>
      <dst id="8">920.5511</dst>
      <dst id="18">98251.5111</dst>
      <dst id="4">5734.8000</dst>
      <dst id="1">30279.3422</dst>
      <dst id="5">1877.3511</dst>
      <dst id="3">7393.7600</dst>
      <dst id="10">2527.8578</dst>
      <dst id="22">5936.0889</dst>
      <dst id="7">1030.4711</dst>
      <dst id="2">22475.1733</dst>
      <dst id="6">26483.2800</dst>
      <dst id="16">1557.2000</dst>
      <dst id="14">264.1244</dst>
      <dst id="20">1377.6267</dst>
      <dst id="11">570.6756</dst>
      <dst id="9">2367.2267</dst>
      <dst id="17">57222.1956</dst>
      <dst id="21">2078.3911</dst>
      <dst id="15">2454.2667</dst>
    </src>
    <src id="13">
      <dst id="12">52999.7333</dst>
      <dst id="13">1.1733</dst>
      <dst id="19">7173.9022</dst>
      <dst id="23">1281.2178</dst>
      <dst id="8">4834.8889</dst>
      <dst id="18">1037.3511</dst>
      <dst id="1">9091.2889</dst>
      <dst id="5">21505.3333</dst>
      <dst id="3">8041.8222</dst>
      <dst id="22">7990.8178</dst>
      <dst id="7">9540.8267</dst>
      <dst id="2">45582.6133</dst>
      <dst id="6">1792.8089</dst>
      <dst id="16">446.2400</dst>
      <dst id="14">5143.8756</dst>
      <dst id="20">6578.3467</dst>
      <dst id="11">502.7378</dst>
      <dst id="9">7895.3689</dst>
      <dst id="17">86582.0889</dst>
      <dst id="21">11756.0000</dst>
      <dst id="15">4778.8711</dst>
    </src>
    <src id="19">
      <dst id="12">8044.3111</dst>
      <dst id="13">8466.4533</dst>
      <dst id="23">17.3422</dst>
      <dst id="8">1747.6178</dst>
      <dst id="18">0.4622</dst>
      <dst id="4">771.2267</dst>
      <dst id="1">2167.8044</dst>
      <dst id="5">1.5733</dst>
      <dst id="3">28.3022</dst>
      <dst id="10">172.8178</dst>
      <dst id="22">1401.1556</dst>
      <dst id="7">7640.7733</dst>
      <dst id="2">2169.7422</dst>
      <dst id="6">757.4400</dst>
      <dst id="14">14.8089</dst>
      <dst id="20">4150.6844</dst>
      <dst id="11">15.7067</dst>
      <dst id="9">29.4489</dst>
      <dst id="17">19036.2756</dst>
      <dst id="21">721.5289</dst>
      <dst id="15">32.1422</dst>
    </src>
    <src id="23">
      <dst id="12">2354.7911</dst>
      <dst id="13">116.9689</dst>
      <dst id="19">11.0133</dst>
      <dst id="18">67.2089</dst>
      <dst id="4">1818.7378</dst>
      <dst id="1">209.6533</dst>
      <dst id="5">106.6667</dst>
      <dst id="3">38.5778</dst>
      <dst id="10">699.4044</dst>
      <dst id="22">280.4978</dst>
      <dst id="7">1606.8000</dst>
      <dst id="2">534.9156</dst>
      <dst id="6">0.7822</dst>
      <dst id="16">67.2889</dst>
      <dst id="20">53.0844</dst>
      <dst id="11">13.1200</dst>
      <dst id="9">5652.2133</dst>
      <dst id="17">24571.0667</dst>
      <dst id="21">207.3778</dst>
      <dst id="15">13.3333</dst>
    </src>
    <src id="8">
      <dst id="12">13708.5333</dst>
      <dst id="13">1900.9867</dst>
      <dst id="19">339.1378</dst>
      <dst id="18">893.4400</dst>
      <dst id="4">329.2000</dst>
      <dst id="1">1827.1733</dst>
      <dst id="5">438.1956</dst>
      <dst id="3">0.5333</dst>
      <dst id="10">310.8000</dst>
      <dst id="7">48.6756</dst>
      <dst id="2">229.8044</dst>
      <dst id="6">20.8356</dst>
      <dst id="16">152178.8622</dst>
      <dst id="11">201.4578</dst>
      <dst id="9">104309.9911</dst>
      <dst id="17">196820.9956</dst>
      <dst id="21">28.3733</dst>
      <dst id="15">102.9778</dst>
    </src>
    <src id="18">
      <dst id="12">131770.5600</dst>
      <dst id="13">773.2178</dst>
      <dst id="19">21.5111</dst>
      <dst id="23">3.2889</dst>
      <dst id="8">1119.3689</dst>
      <dst id="4">495.8400</dst>
      <dst id="1">7760.6844</dst>
      <dst id="5">77.0933</dst>
      <dst id="3">1479.2089</dst>
      <dst id="10">245.1378</dst>
      <dst id="22">59.7244</dst>
      <dst id="7">155.4667</dst>
      <dst id="2">21288.7022</dst>
      <dst id="16">1234.5867</dst>
      <dst id="20">219.5289</dst>
      <dst id="11">13.7600</dst>
      <dst id="9">586.7467</dst>
      <dst id="17">6301.5644</dst>
      <dst id="21">218.8089</dst>
      <dst id="15">2.3644</dst>
    </src>
    <src id="4">
      <dst id="12">10436.1600</dst>
      <dst id="19">14585.0667</dst>
      <dst id="23">199.9556</dst>
      <dst id="8">752.9422</dst>
      <dst id="18">187.9644</dst>
      <dst id="4">28.8711</dst>
      <dst id="1">208942.1333</dst>
      <dst id="5">1282.2311</dst>
      <dst id="3">1331.5911</dst>
      <dst id="7">45182.1333</dst>
      <dst id="2">35246.9422</dst>
      <dst id="6">32.4178</dst>
      <dst id="16">7001.0933</dst>
      <dst id="14">2404.0089</dst>
      <dst id="11">103.9911</dst>
      <dst id="9">8973.0667</dst>
      <dst id="17">109118.2400</dst>
      <dst id="21">8031.6978</dst>
      <dst id="15">1953.8044</dst>
    </src>
    <src id="1">
      <dst id="12">687612.1689</dst>
      <dst id="13">1881.2711</dst>
      <dst id="19">1314.2933</dst>
      <dst id="23">7.3067</dst>
      <dst id="8">32.3022</dst>
      <dst id="18">13089.9733</dst>
      <dst id="4">2683.1022</dst>
      <dst id="1">236074.5867</dst>
      <dst id="5">630.1956</dst>
      <dst id="3">945.3156</dst>
      <dst id="10">597.8222</dst>
      <dst id="7">272378.0533</dst>
      <dst id="2">19916.4889</dst>
      <dst id="6">19.8311</dst>
      <dst id="16">7041.7333</dst>
      <dst id="14">105.9467</dst>
      <dst id="20">390.9778</dst>
      <dst id="11">117.9111</dst>
      <dst id="9">1789.7156</dst>
      <dst id="17">630960.0889</dst>
      <dst id="21">565686.8622</dst>
      <dst id="15">1427.4578</dst>
    </src>
    <src id="5">
      <dst id="12">10069.2889</dst>
      <dst id="13">2683.0756</dst>
      <dst id="19">87.5111</dst>
      <dst id="23">4.6222</dst>
      <dst id="8">280.6756</dst>
      <dst id="18">186.4889</dst>
      <dst id="4">488.5600</dst>
      <dst id="1">21010.9778</dst>
      <dst id="3">7.7333</dst>
      <dst id="10">262.7644</dst>
      <dst id="7">263.6622</dst>
      <dst id="2">464.0178</dst>
      <dst id="6">5.3956</dst>
      <dst id="16">122300.0533</dst>
      <dst id="14">189.0756</dst>
      <dst id="11">40.9867</dst>
      <dst id="9">35962.6844</dst>
      <dst id="17">160160.7911</dst>
      <dst id="21">5.1556</dst>
      <dst id="15">2271.5644</dst>
    </src>
    <src id="3">
      <dst id="12">35134.7200</dst>
      <dst id="13">5991.4933</dst>
      <dst id="19">5697.2000</dst>
      <dst id="23">24.1867</dst>
      <dst id="8">233.9200</dst>
      <dst id="18">1355.9022</dst>
      <dst id="4">85646.3378</dst>
      <dst id="1">6857.0133</dst>
      <dst id="5">2045.8756</dst>
      <dst id="3">126.0000</dst>
      <dst id="10">998.1689</dst>
      <dst id="7">1073.6444</dst>
      <dst id="2">4544.0622</dst>
      <dst id="6">17.7333</dst>
      <dst id="16">3940.0978</dst>
      <dst id="14">187.0756</dst>
      <dst id="20">98.0000</dst>
      <dst id="11">170.7200</dst>
      <dst id="9">1801.0756</dst>
      <dst id="17">18556.4889</dst>
      <dst id="21">13275.9200</dst>
      <dst id="15">378.9067</dst>
    </src>
    <src id="10">
      <dst id="12">24317.3333</dst>
      <dst id="19">1061.4667</dst>
      <dst id="23">132.3733</dst>
      <dst id="8">852.3467</dst>
      <dst id="18">31.2889</dst>
      <dst id="1">3110.5511</dst>
      <dst id="5">1310.6400</dst>
      <dst id="3">1499.7689</dst>
      <dst id="7">4843.6089</dst>
      <dst id="2">18083.6178</dst>
      <dst id="6">27.4222</dst>
      <dst id="16">558.1689</dst>
      <dst id="14">5907.5111</dst>
      <dst id="20">1476.1778</dst>
      <dst id="11">153.0222</dst>
      <dst id="9">13101.8400</dst>
      <dst id="17">56446.9333</dst>
      <dst id="21">14669.7422</dst>
      <dst id="15">351.9644</dst>
    </src>
    <src id="22">
      <dst id="12">12594.2489</dst>
      <dst id="13">1488.1244</dst>
      <dst id="19">3350.8444</dst>
      <dst id="23">53.6444</dst>
      <dst id="8">1478.4711</dst>
      <dst id="18">63.2533</dst>
      <dst id="4">4010.2044</dst>
      <dst id="1">249.0489</dst>
      <dst id="5">3117.3600</dst>
      <dst id="3">1238.4267</dst>
      <dst id="10">863.2356</dst>
      <dst id="7">1107.3244</dst>
      <dst id="2">467.0400</dst>
      <dst id="6">62.1689</dst>
      <dst id="14">91.3689</dst>
      <dst id="11">161.1822</dst>
      <dst id="9">2466.0622</dst>
      <dst id="17">8546.2400</dst>
      <dst id="21">618.5156</dst>
    </src>
    <src id="7">
      <dst id="12">9589.8578</dst>
      <dst id="13">716.9511</dst>
      <dst id="19">1221.8667</dst>
      <dst id="23">117.9111</dst>
      <dst id="8">353.3778</dst>
      <dst id="18">430.3644</dst>
      <dst id="4">26381.7067</dst>
      <dst id="1">22880.6844</dst>
      <dst id="5">3611.2444</dst>
      <dst id="3">513.5644</dst>
      <dst id="10">2520.4444</dst>
      <dst id="22">1879.8667</dst>
      <dst id="7">751.3600</dst>
      <dst id="2">12935.3244</dst>
      <dst id="6">85.4756</dst>
      <dst id="16">0.9244</dst>
      <dst id="14">1717.7244</dst>
      <dst id="20">416.5689</dst>
      <dst id="11">143.5378</dst>
      <dst id="9">304.1956</dst>
      <dst id="17">10843.9556</dst>
      <dst id="21">1807.7956</dst>
      <dst id="15">928.8889</dst>
    </src>
    <src id="2">
      <dst id="12">95093.5822</dst>
      <dst id="13">15068.3733</dst>
      <dst id="19">1254.7467</dst>
      <dst id="23">5.5467</dst>
      <dst id="8">137.1822</dst>
      <dst id="18">36364.4444</dst>
      <dst id="4">10775.7689</dst>
      <dst id="1">13299.4133</dst>
      <dst id="5">518.2933</dst>
      <dst id="3">452.5689</dst>
      <dst id="10">6280.8533</dst>
      <dst id="22">2975.0311</dst>
      <dst id="7">7183.7511</dst>
      <dst id="2">1388.8800</dst>
      <dst id="6">21473.5822</dst>
      <dst id="16">0.8178</dst>
      <dst id="14">352.0444</dst>
      <dst id="20">531.2178</dst>
      <dst id="11">172.8444</dst>
      <dst id="9">2054.5156</dst>
      <dst id="17">26943.5733</dst>
      <dst id="21">67424.4089</dst>
      <dst id="15">825.7422</dst>
    </src>
    <src id="6">
      <dst id="12">1919.0400</dst>
      <dst id="13">118.8711</dst>
      <dst id="19">65.3333</dst>
      <dst id="8">4.4267</dst>
      <dst id="4">29.1467</dst>
      <dst id="1">3089.1556</dst>
      <dst id="5">14.7733</dst>
      <dst id="3">12.5333</dst>
      <dst id="10">1.3067</dst>
      <dst id="22">15.4489</dst>
      <dst id="7">13.6533</dst>
      <dst id="2">1647.3244</dst>
      <dst id="16">64.9778</dst>
      <dst id="14">11.4667</dst>
      <dst id="20">11.4667</dst>
      <dst id="9">83.1733</dst>
      <dst id="17">22223.9733</dst>
      <dst id="21">59.4311</dst>
      <dst id="15">0.4267</dst>
    </src>
    <src id="16">
      <dst id="12">235001.1644</dst>
      <dst id="13">1485.4311</dst>
      <dst id="19">4377.6178</dst>
      <dst id="23">28.1689</dst>
      <dst id="8">161037.9644</dst>
      <dst id="18">2.9333</dst>
      <dst id="4">1392.5600</dst>
      <dst id="1">13259.3156</dst>
      <dst id="5">240191.8311</dst>
      <dst id="3">15308.8711</dst>
      <dst id="10">407.6800</dst>
      <dst id="7">140.3200</dst>
      <dst id="2">1222.1956</dst>
      <dst id="6">1.0667</dst>
      <dst id="16">4252.4178</dst>
      <dst id="14">71845.9733</dst>
      <dst id="11">44938.6400</dst>
      <dst id="9">324057.3867</dst>
      <dst id="17">33246.5689</dst>
    </src>
    <src id="14">
      <dst id="12">3032.5600</dst>
      <dst id="13">65.6089</dst>
      <dst id="19">163.6267</dst>
      <dst id="18">0.9244</dst>
      <dst id="4">380.2311</dst>
      <dst id="1">4521.8222</dst>
      <dst id="5">6.7378</dst>
      <dst id="3">219.0578</dst>
      <dst id="10">301.9644</dst>
      <dst id="7">108.8800</dst>
      <dst id="2">1229.2178</dst>
      <dst id="6">7.1378</dst>
      <dst id="16">432.6044</dst>
      <dst id="11">44.2667</dst>
      <dst id="9">247.0222</dst>
      <dst id="17">26600.6044</dst>
      <dst id="21">212.1689</dst>
      <dst id="15">13.8311</dst>
    </src>
    <src id="20">
      <dst id="12">9434.4978</dst>
      <dst id="13">414.3644</dst>
      <dst id="19">118.6667</dst>
      <dst id="23">1.3867</dst>
      <dst id="8">9.9200</dst>
      <dst id="18">34.0711</dst>
      <dst id="4">2033.7600</dst>
      <dst id="1">6119.2889</dst>
      <dst id="5">350.0533</dst>
      <dst id="3">723.8400</dst>
      <dst id="10">606.0978</dst>
      <dst id="7">198.5067</dst>
      <dst id="2">2382.8356</dst>
      <dst id="6">0.3556</dst>
      <dst id="16">0.4267</dst>
      <dst id="14">0.3556</dst>
      <dst id="20">37.6444</dst>
      <dst id="11">180.6933</dst>
      <dst id="9">3590.9156</dst>
      <dst id="17">5110.1156</dst>
      <dst id="21">4675.1378</dst>
    </src>
    <src id="11">
      <dst id="12">34477.7333</dst>
      <dst id="13">1148.3733</dst>
      <dst id="19">134.0089</dst>
      <dst id="23">15.7156</dst>
      <dst id="8">667.3956</dst>
      <dst id="18">100.6133</dst>
      <dst id="4">3238.5244</dst>
      <dst id="1">36481.6089</dst>
      <dst id="5">1564.5067</dst>
      <dst id="3">835.1022</dst>
      <dst id="10">753.3244</dst>
      <dst id="7">576.7111</dst>
      <dst id="2">39735.5022</dst>
      <dst id="6">10.0267</dst>
      <dst id="16">4663.1111</dst>
      <dst id="14">77.0578</dst>
      <dst id="20">302.2222</dst>
      <dst id="11">1656.6311</dst>
      <dst id="9">5733.2533</dst>
      <dst id="17">598852.7289</dst>
      <dst id="21">1328.6756</dst>
      <dst id="15">32.7556</dst>
    </src>
    <src id="9">
      <dst id="12">20108.1422</dst>
      <dst id="13">1133.0222</dst>
      <dst id="19">16.6222</dst>
      <dst id="23">90.8000</dst>
      <dst id="8">145241.5289</dst>
      <dst id="18">39.6800</dst>
      <dst id="4">1011.2089</dst>
      <dst id="1">6184.2311</dst>
      <dst id="5">276.0000</dst>
      <dst id="3">97.7956</dst>
      <dst id="10">1150.2400</dst>
      <dst id="7">329.5911</dst>
      <dst id="2">1173.9378</dst>
      <dst id="6">31.8400</dst>
      <dst id="16">183599.4044</dst>
      <dst id="14">28.1333</dst>
      <dst id="11">442.4178</dst>
      <dst id="9">340243.9644</dst>
      <dst id="17">294005.4311</dst>
      <dst id="21">1.3511</dst>
      <dst id="15">1099.4133</dst>
    </src>
    <src id="17">
      <dst id="12">172245.7156</dst>
      <dst id="13">5563.5111</dst>
      <dst id="19">6180.9956</dst>
      <dst id="23">690.1956</dst>
      <dst id="8">349.2889</dst>
      <dst id="18">173.6889</dst>
      <dst id="4">130254.6044</dst>
      <dst id="1">14346.6667</dst>
      <dst id="5">149966.0267</dst>
      <dst id="3">11093.1467</dst>
      <dst id="10">7541.5556</dst>
      <dst id="7">2418.4978</dst>
      <dst id="2">9890.6489</dst>
      <dst id="6">85.6533</dst>
      <dst id="16">7941.3511</dst>
      <dst id="14">28382.7911</dst>
      <dst id="20">1214.7378</dst>
      <dst id="11">23911.5644</dst>
      <dst id="9">10649.8933</dst>
      <dst id="17">30952.2933</dst>
      <dst id="21">5542.7644</dst>
      <dst id="15">3378.7111</dst>
    </src>
    <src id="21">
      <dst id="12">9173.7244</dst>
      <dst id="13">506.3200</dst>
      <dst id="19">640.2222</dst>
      <dst id="23">9.8311</dst>
      <dst id="8">244.2844</dst>
      <dst id="18">333.3244</dst>
      <dst id="4">8448.1511</dst>
      <dst id="1">11351.7600</dst>
      <dst id="5">1588.2844</dst>
      <dst id="3">3121.1911</dst>
      <dst id="10">1777.0311</dst>
      <dst id="7">2367.8578</dst>
      <dst id="2">9905.5289</dst>
      <dst id="6">71.3067</dst>
      <dst id="16">831.3333</dst>
      <dst id="14">61.0578</dst>
      <dst id="20">647.6267</dst>
      <dst id="11">145.0578</dst>
      <dst id="9">2528.4711</dst>
      <dst id="17">26102.6044</dst>
      <dst id="21">1852.8267</dst>
      <dst id="15">295.2711</dst>
    </src>
    <src id="15">
      <dst id="12">449.8222</dst>
      <dst id="13">246.7111</dst>
      <dst id="19">30.8089</dst>
      <dst id="23">0.3378</dst>
      <dst id="8">16.5600</dst>
      <dst id="18">0.4267</dst>
      <dst id="4">1208.1422</dst>
      <dst id="1">1042.6400</dst>
      <dst id="5">407.2889</dst>
      <dst id="3">34.2044</dst>
      <dst id="10">1374.5511</dst>
      <dst id="7">22.6756</dst>
      <dst id="2">3317.9111</dst>
      <dst id="16">2.5689</dst>
      <dst id="14">961.5378</dst>
      <dst id="9">1142.6400</dst>
      <dst id="17">4708.6667</dst>
    </src>
  </IntraTM>
</TrafficMatrixFile>
