<?xml version="1.0" encoding="UTF-8" standalone="yes"?>
<TrafficMatrixFile xmlns:xsi="http://www.w3.org/2001/XMLSchema-instance" xsi:noNamespaceSchemaLocation="http://totem.run.montefiore.ulg.ac.be/Schema/TrafficMatrix-v1_2.xsd">
  <info>
    <title>Intradomain traffic matrix generated by geant-TM-all.pl</title>
    <date>2005-04-28T02:45:00</date>
    <duration>900</duration>
    <author>Steve Uhlig</author>
    <units>
        <unit type="bandwidth" value="kbps"/>
    </units>
  </info>
  <IntraTM ASID="20965">
    <src id="12">
      <dst id="12">494916.7644</dst>
      <dst id="13">52311.9644</dst>
      <dst id="19">7509.1467</dst>
      <dst id="23">15322.4267</dst>
      <dst id="8">2141.2178</dst>
      <dst id="18">120493.5822</dst>
      <dst id="4">14426.9244</dst>
      <dst id="1">14245.6089</dst>
      <dst id="5">6795.3689</dst>
      <dst id="3">2691.3511</dst>
      <dst id="10">3483.5200</dst>
      <dst id="22">2299.1911</dst>
      <dst id="7">16145.8667</dst>
      <dst id="2">10669.6089</dst>
      <dst id="16">5438.8178</dst>
      <dst id="14">4666.7467</dst>
      <dst id="20">2861.1644</dst>
      <dst id="11">91.4933</dst>
      <dst id="9">30288.8978</dst>
      <dst id="17">58745.0844</dst>
      <dst id="21">4627.5733</dst>
      <dst id="15">1050.7556</dst>
    </src>
    <src id="13">
      <dst id="12">35090.5956</dst>
      <dst id="13">287.0133</dst>
      <dst id="19">3395.2711</dst>
      <dst id="23">627.3156</dst>
      <dst id="8">473.2000</dst>
      <dst id="18">1477.1467</dst>
      <dst id="4">1.9378</dst>
      <dst id="1">372.3200</dst>
      <dst id="5">4017.9644</dst>
      <dst id="3">315.1378</dst>
      <dst id="22">2746.4889</dst>
      <dst id="7">10591.0400</dst>
      <dst id="2">20607.7511</dst>
      <dst id="16">3615.6889</dst>
      <dst id="14">2667.5556</dst>
      <dst id="20">11524.1422</dst>
      <dst id="11">281.8756</dst>
      <dst id="9">4747.6267</dst>
      <dst id="17">45583.8400</dst>
      <dst id="21">4453.2267</dst>
      <dst id="15">1101.2089</dst>
    </src>
    <src id="19">
      <dst id="12">35417.5556</dst>
      <dst id="13">4990.7022</dst>
      <dst id="23">165.1378</dst>
      <dst id="8">3.6178</dst>
      <dst id="18">9.0578</dst>
      <dst id="4">775.7600</dst>
      <dst id="1">287.8667</dst>
      <dst id="5">25.8578</dst>
      <dst id="3">1.0667</dst>
      <dst id="10">346.0889</dst>
      <dst id="22">84.5511</dst>
      <dst id="7">9571.7156</dst>
      <dst id="2">1611.7689</dst>
      <dst id="16">252.8711</dst>
      <dst id="14">103.7156</dst>
      <dst id="20">23.2444</dst>
      <dst id="11">27.5911</dst>
      <dst id="9">1419.7422</dst>
      <dst id="17">3628.6844</dst>
      <dst id="21">1153.8400</dst>
      <dst id="15">0.3556</dst>
    </src>
    <src id="23">
      <dst id="12">10045.6000</dst>
      <dst id="13">1173.8756</dst>
      <dst id="19">380.9511</dst>
      <dst id="8">17.1378</dst>
      <dst id="18">40.5333</dst>
      <dst id="4">1919.2533</dst>
      <dst id="1">227.7422</dst>
      <dst id="10">222.6756</dst>
      <dst id="22">162.1333</dst>
      <dst id="7">262.4889</dst>
      <dst id="2">69.9822</dst>
      <dst id="16">48.0356</dst>
      <dst id="14">1.0667</dst>
      <dst id="20">1.1378</dst>
      <dst id="11">40.7111</dst>
      <dst id="9">1899.1556</dst>
      <dst id="17">1156.0889</dst>
      <dst id="21">979.4133</dst>
      <dst id="15">13.3333</dst>
    </src>
    <src id="8">
      <dst id="12">7901.4222</dst>
      <dst id="13">1901.5111</dst>
      <dst id="19">16.0444</dst>
      <dst id="23">39.1289</dst>
      <dst id="18">2.1333</dst>
      <dst id="4">703.6711</dst>
      <dst id="1">2287.9911</dst>
      <dst id="5">1339.6178</dst>
      <dst id="3">518.4800</dst>
      <dst id="10">484.7911</dst>
      <dst id="2">232.8178</dst>
      <dst id="16">331806.7289</dst>
      <dst id="11">40.7822</dst>
      <dst id="9">113405.9556</dst>
      <dst id="17">34987.4844</dst>
      <dst id="21">234.5511</dst>
      <dst id="15">4.6311</dst>
    </src>
    <src id="18">
      <dst id="12">172842.2489</dst>
      <dst id="13">2037.7422</dst>
      <dst id="19">1.8844</dst>
      <dst id="23">13.5467</dst>
      <dst id="8">2.1333</dst>
      <dst id="4">137.9822</dst>
      <dst id="1">1754.4622</dst>
      <dst id="5">716.3822</dst>
      <dst id="3">3317.0400</dst>
      <dst id="10">151.9111</dst>
      <dst id="22">1.8133</dst>
      <dst id="7">195.3422</dst>
      <dst id="2">6634.0533</dst>
      <dst id="16">368.7022</dst>
      <dst id="14">17.2711</dst>
      <dst id="20">3.0222</dst>
      <dst id="11">19.3067</dst>
      <dst id="9">16565.2978</dst>
      <dst id="17">8497.8578</dst>
      <dst id="21">2299.1733</dst>
      <dst id="15">1.6356</dst>
    </src>
    <src id="4">
      <dst id="12">28489.3333</dst>
      <dst id="13">19.3244</dst>
      <dst id="19">10939.3778</dst>
      <dst id="23">962.3822</dst>
      <dst id="8">1883.7689</dst>
      <dst id="18">3874.4267</dst>
      <dst id="4">3996.0800</dst>
      <dst id="1">218335.1467</dst>
      <dst id="5">6853.3067</dst>
      <dst id="3">107.2267</dst>
      <dst id="7">19.0400</dst>
      <dst id="2">104896.4889</dst>
      <dst id="16">100456.4356</dst>
      <dst id="14">6315.5200</dst>
      <dst id="11">1371.0400</dst>
      <dst id="9">38961.9733</dst>
      <dst id="17">141701.6444</dst>
      <dst id="21">36628.4978</dst>
      <dst id="15">2319.9289</dst>
    </src>
    <src id="1">
      <dst id="12">32036.2222</dst>
      <dst id="13">7416.3111</dst>
      <dst id="19">596.6933</dst>
      <dst id="23">133.1644</dst>
      <dst id="8">62.8444</dst>
      <dst id="18">14843.5556</dst>
      <dst id="4">2656.4000</dst>
      <dst id="1">920508.5778</dst>
      <dst id="5">336.2578</dst>
      <dst id="3">371.8222</dst>
      <dst id="10">1079.7333</dst>
      <dst id="7">41936.0978</dst>
      <dst id="2">12606.0889</dst>
      <dst id="16">33545.4844</dst>
      <dst id="14">174.5867</dst>
      <dst id="20">3810.4800</dst>
      <dst id="11">1510.4533</dst>
      <dst id="9">12598.3022</dst>
      <dst id="17">7154.2044</dst>
      <dst id="21">405883.8133</dst>
      <dst id="15">58.6400</dst>
    </src>
    <src id="5">
      <dst id="12">13628.2933</dst>
      <dst id="13">1502.8267</dst>
      <dst id="19">60.0356</dst>
      <dst id="8">29650.2311</dst>
      <dst id="18">269.8489</dst>
      <dst id="4">915.8400</dst>
      <dst id="1">3264.7467</dst>
      <dst id="3">384.8356</dst>
      <dst id="10">1693.0311</dst>
      <dst id="2">173.6622</dst>
      <dst id="16">411193.0756</dst>
      <dst id="14">68.1778</dst>
      <dst id="11">0.3556</dst>
      <dst id="9">111966.9689</dst>
      <dst id="17">38174.0889</dst>
      <dst id="21">305.2089</dst>
      <dst id="15">334.0089</dst>
    </src>
    <src id="3">
      <dst id="12">3479.1200</dst>
      <dst id="13">55786.5689</dst>
      <dst id="19">3399.5378</dst>
      <dst id="23">3.7689</dst>
      <dst id="8">38.9689</dst>
      <dst id="18">34.8622</dst>
      <dst id="4">1280.0800</dst>
      <dst id="1">22963.5467</dst>
      <dst id="5">198.8267</dst>
      <dst id="3">351.9911</dst>
      <dst id="10">1557.1556</dst>
      <dst id="7">22844.9244</dst>
      <dst id="2">1417.7244</dst>
      <dst id="16">36283.8844</dst>
      <dst id="14">279.1111</dst>
      <dst id="20">51.8222</dst>
      <dst id="11">521.6444</dst>
      <dst id="9">1954.2844</dst>
      <dst id="17">53294.4089</dst>
      <dst id="21">1508.6578</dst>
      <dst id="15">24.3644</dst>
    </src>
    <src id="10">
      <dst id="12">9163.8489</dst>
      <dst id="13">229.7511</dst>
      <dst id="19">4721.9644</dst>
      <dst id="23">5843.9022</dst>
      <dst id="8">978.4267</dst>
      <dst id="18">8896.8978</dst>
      <dst id="1">1047.4222</dst>
      <dst id="5">1717.9289</dst>
      <dst id="3">2668.2933</dst>
      <dst id="2">9737.7956</dst>
      <dst id="16">53631.3956</dst>
      <dst id="14">5654.9778</dst>
      <dst id="20">1147.6711</dst>
      <dst id="11">66.0711</dst>
      <dst id="9">2405.5556</dst>
      <dst id="17">32163.9733</dst>
      <dst id="21">8404.0533</dst>
      <dst id="15">104.1778</dst>
    </src>
    <src id="22">
      <dst id="12">14481.0133</dst>
      <dst id="13">5937.8400</dst>
      <dst id="19">520.1689</dst>
      <dst id="23">54.3289</dst>
      <dst id="8">270.1778</dst>
      <dst id="18">114.8889</dst>
      <dst id="4">1388.6844</dst>
      <dst id="1">400.1600</dst>
      <dst id="5">1741.7067</dst>
      <dst id="3">30.3378</dst>
      <dst id="10">3010.2844</dst>
      <dst id="7">255.6978</dst>
      <dst id="2">1342.9600</dst>
      <dst id="16">1168.6311</dst>
      <dst id="14">46.3822</dst>
      <dst id="11">20.5067</dst>
      <dst id="9">3385.4133</dst>
      <dst id="17">5095.3956</dst>
      <dst id="21">868.1689</dst>
    </src>
    <src id="7">
      <dst id="12">29137.2267</dst>
      <dst id="13">32128.4000</dst>
      <dst id="19">603.2889</dst>
      <dst id="23">68.4978</dst>
      <dst id="8">27.5911</dst>
      <dst id="18">372.8889</dst>
      <dst id="4">3706.5867</dst>
      <dst id="1">2063.3333</dst>
      <dst id="5">484.0089</dst>
      <dst id="3">1029.7511</dst>
      <dst id="10">800.7644</dst>
      <dst id="22">135.5378</dst>
      <dst id="7">25.2356</dst>
      <dst id="2">2623.3422</dst>
      <dst id="16">461.3333</dst>
      <dst id="14">2420.4089</dst>
      <dst id="20">148.8533</dst>
      <dst id="11">547.0933</dst>
      <dst id="9">4242.1867</dst>
      <dst id="17">23975.6444</dst>
      <dst id="21">18951.4222</dst>
      <dst id="15">1474.2489</dst>
    </src>
    <src id="2">
      <dst id="12">166954.9333</dst>
      <dst id="13">36177.8400</dst>
      <dst id="19">5511.8044</dst>
      <dst id="23">13.3689</dst>
      <dst id="8">286.1156</dst>
      <dst id="18">82250.2044</dst>
      <dst id="4">4195.3511</dst>
      <dst id="1">16282.2400</dst>
      <dst id="5">1120.2311</dst>
      <dst id="3">86.1689</dst>
      <dst id="10">3556.2844</dst>
      <dst id="22">620.9422</dst>
      <dst id="7">7714.7911</dst>
      <dst id="2">7034.2667</dst>
      <dst id="16">347.3511</dst>
      <dst id="14">140.0711</dst>
      <dst id="20">2115.5911</dst>
      <dst id="11">553.3867</dst>
      <dst id="9">1130.8800</dst>
      <dst id="17">11729.6533</dst>
      <dst id="21">6849.1733</dst>
      <dst id="15">4.6489</dst>
    </src>
    <src id="6">
      <dst id="12">2211.0400</dst>
      <dst id="13">36.0444</dst>
      <dst id="19">4.8889</dst>
      <dst id="8">1.4311</dst>
      <dst id="18">0.3556</dst>
      <dst id="4">0.8178</dst>
      <dst id="1">183.6356</dst>
      <dst id="5">0.4622</dst>
      <dst id="3">14.8889</dst>
      <dst id="10">2.0089</dst>
      <dst id="22">12.3911</dst>
      <dst id="7">345.6000</dst>
      <dst id="2">522.9067</dst>
      <dst id="16">36.5956</dst>
      <dst id="9">796.2311</dst>
      <dst id="17">22195.1111</dst>
      <dst id="21">35.6978</dst>
    </src>
    <src id="16">
      <dst id="12">192401.2978</dst>
      <dst id="13">2209.0222</dst>
      <dst id="19">3081.1022</dst>
      <dst id="23">15.9733</dst>
      <dst id="8">120188.9600</dst>
      <dst id="18">168.2489</dst>
      <dst id="4">1268.6933</dst>
      <dst id="1">22359.3067</dst>
      <dst id="5">313640.3200</dst>
      <dst id="3">10292.6933</dst>
      <dst id="10">339.0667</dst>
      <dst id="2">384.7911</dst>
      <dst id="16">31427.3333</dst>
      <dst id="14">34588.1156</dst>
      <dst id="11">21427.7244</dst>
      <dst id="9">239249.6267</dst>
      <dst id="17">7244.2667</dst>
      <dst id="21">49.3778</dst>
    </src>
    <src id="14">
      <dst id="12">2586.6400</dst>
      <dst id="13">407.1822</dst>
      <dst id="19">21.5733</dst>
      <dst id="8">0.4267</dst>
      <dst id="18">2.6400</dst>
      <dst id="4">265.8400</dst>
      <dst id="1">286.2844</dst>
      <dst id="5">14.1511</dst>
      <dst id="3">503.1289</dst>
      <dst id="10">58.6489</dst>
      <dst id="7">145.2622</dst>
      <dst id="2">161.8044</dst>
      <dst id="16">2455.8133</dst>
      <dst id="20">0.5600</dst>
      <dst id="9">3593.0222</dst>
      <dst id="17">20512.9956</dst>
      <dst id="21">860.7644</dst>
    </src>
    <src id="20">
      <dst id="12">1378.6222</dst>
      <dst id="13">4462.0622</dst>
      <dst id="19">262.7644</dst>
      <dst id="8">109.8578</dst>
      <dst id="18">615.1911</dst>
      <dst id="4">145.6267</dst>
      <dst id="1">268.2578</dst>
      <dst id="5">651.7689</dst>
      <dst id="3">68.0089</dst>
      <dst id="10">282.3022</dst>
      <dst id="7">4678.7733</dst>
      <dst id="2">142.4533</dst>
      <dst id="16">12178.3289</dst>
      <dst id="14">0.3556</dst>
      <dst id="20">37.2533</dst>
      <dst id="9">580.8267</dst>
      <dst id="17">1582.7111</dst>
      <dst id="21">2840.2044</dst>
    </src>
    <src id="11">
      <dst id="12">69798.4978</dst>
      <dst id="13">4842.5600</dst>
      <dst id="19">234.0356</dst>
      <dst id="23">23.0044</dst>
      <dst id="8">329.2356</dst>
      <dst id="18">776.3556</dst>
      <dst id="4">1286.4178</dst>
      <dst id="1">6565.1467</dst>
      <dst id="5">2656.8178</dst>
      <dst id="3">1014.7200</dst>
      <dst id="10">1201.2533</dst>
      <dst id="2">5236.3200</dst>
      <dst id="16">39635.4400</dst>
      <dst id="14">107.6267</dst>
      <dst id="20">511.8667</dst>
      <dst id="11">3723.3600</dst>
      <dst id="9">90514.1867</dst>
      <dst id="17">790912.5867</dst>
      <dst id="21">861.7867</dst>
      <dst id="15">117.6978</dst>
    </src>
    <src id="9">
      <dst id="12">26983.4222</dst>
      <dst id="13">1873.3689</dst>
      <dst id="19">48.1333</dst>
      <dst id="23">92.9067</dst>
      <dst id="8">116870.1867</dst>
      <dst id="18">332.8800</dst>
      <dst id="4">1033.4133</dst>
      <dst id="1">6665.8133</dst>
      <dst id="5">1542.8356</dst>
      <dst id="3">558.7644</dst>
      <dst id="10">363.5556</dst>
      <dst id="2">424.8711</dst>
      <dst id="16">550464.2311</dst>
      <dst id="14">15.2267</dst>
      <dst id="11">14.7556</dst>
      <dst id="9">348977.3956</dst>
      <dst id="17">52478.4089</dst>
      <dst id="21">428.7378</dst>
      <dst id="15">131.5733</dst>
    </src>
    <src id="17">
      <dst id="12">189088.9422</dst>
      <dst id="13">61765.4844</dst>
      <dst id="19">1089.6800</dst>
      <dst id="23">124.7644</dst>
      <dst id="8">964.3200</dst>
      <dst id="18">1871.5733</dst>
      <dst id="4">12598.0178</dst>
      <dst id="1">2737.9911</dst>
      <dst id="5">254124.5511</dst>
      <dst id="3">10078.6756</dst>
      <dst id="10">11307.2978</dst>
      <dst id="7">27105.9467</dst>
      <dst id="2">25654.2756</dst>
      <dst id="16">74406.3644</dst>
      <dst id="14">11465.2000</dst>
      <dst id="20">1843.6711</dst>
      <dst id="11">18200.7911</dst>
      <dst id="9">8769.8933</dst>
      <dst id="17">35197.5467</dst>
      <dst id="21">14402.4622</dst>
      <dst id="15">1782.6400</dst>
    </src>
    <src id="21">
      <dst id="12">2240.8978</dst>
      <dst id="13">8420.8089</dst>
      <dst id="19">242.6933</dst>
      <dst id="23">23.9644</dst>
      <dst id="8">455.8133</dst>
      <dst id="18">6248.8533</dst>
      <dst id="4">828.0356</dst>
      <dst id="1">12019.5467</dst>
      <dst id="5">373.8222</dst>
      <dst id="3">2712.8000</dst>
      <dst id="10">407.4222</dst>
      <dst id="7">804.6222</dst>
      <dst id="2">3215.6889</dst>
      <dst id="16">8639.2889</dst>
      <dst id="14">79.9289</dst>
      <dst id="20">553.3600</dst>
      <dst id="11">115.7333</dst>
      <dst id="9">5134.3111</dst>
      <dst id="17">57537.9111</dst>
      <dst id="21">5107.9556</dst>
      <dst id="15">75.7778</dst>
    </src>
    <src id="15">
      <dst id="12">85.0489</dst>
      <dst id="13">1351.2267</dst>
      <dst id="19">13.3333</dst>
      <dst id="23">1.0667</dst>
      <dst id="8">106.6667</dst>
      <dst id="4">319.5733</dst>
      <dst id="1">54.1778</dst>
      <dst id="5">2513.9378</dst>
      <dst id="10">41.2889</dst>
      <dst id="2">7.0756</dst>
      <dst id="16">3920.5600</dst>
      <dst id="11">53.3333</dst>
      <dst id="9">989.5200</dst>
      <dst id="17">1104.2400</dst>
      <dst id="21">14.7556</dst>
    </src>
  </IntraTM>
</TrafficMatrixFile>
