<?xml version="1.0" encoding="UTF-8" standalone="yes"?>
<TrafficMatrixFile xmlns:xsi="http://www.w3.org/2001/XMLSchema-instance" xsi:noNamespaceSchemaLocation="http://totem.run.montefiore.ulg.ac.be/Schema/TrafficMatrix-v1_2.xsd">
  <info>
    <title>Intradomain traffic matrix generated by geant-TM-all.pl</title>
    <date>2005-03-15T08:15:00</date>
    <duration>900</duration>
    <author>Steve Uhlig</author>
    <units>
        <unit type="bandwidth" value="kbps"/>
    </units>
  </info>
  <IntraTM ASID="20965">
    <src id="12">
      <dst id="12">208235.2978</dst>
      <dst id="13">17479.9111</dst>
      <dst id="19">195.6711</dst>
      <dst id="23">2091.5467</dst>
      <dst id="8">132.7378</dst>
      <dst id="18">69434.1867</dst>
      <dst id="4">7761.3156</dst>
      <dst id="1">20117.0400</dst>
      <dst id="5">6663.4044</dst>
      <dst id="3">8.8444</dst>
      <dst id="10">15831.8933</dst>
      <dst id="22">280.4000</dst>
      <dst id="7">649.6000</dst>
      <dst id="2">18655.8756</dst>
      <dst id="6">13121.7689</dst>
      <dst id="16">1050.2844</dst>
      <dst id="14">884.7022</dst>
      <dst id="20">293.7689</dst>
      <dst id="11">20.4533</dst>
      <dst id="9">13299.4133</dst>
      <dst id="17">29162.0000</dst>
      <dst id="21">725.0667</dst>
      <dst id="15">183.3689</dst>
    </src>
    <src id="13">
      <dst id="12">39607.3244</dst>
      <dst id="19">4885.6711</dst>
      <dst id="23">337.1911</dst>
      <dst id="8">1044.9867</dst>
      <dst id="18">1133.1556</dst>
      <dst id="1">2088.8889</dst>
      <dst id="5">2740.0000</dst>
      <dst id="3">114.0267</dst>
      <dst id="22">328.3378</dst>
      <dst id="7">17462.6756</dst>
      <dst id="2">37445.7689</dst>
      <dst id="6">121.4844</dst>
      <dst id="16">5.2711</dst>
      <dst id="14">1604.5156</dst>
      <dst id="20">5158.0000</dst>
      <dst id="11">368.9333</dst>
      <dst id="9">17329.0133</dst>
      <dst id="17">46325.4578</dst>
      <dst id="21">3274.4533</dst>
      <dst id="15">451.5733</dst>
    </src>
    <src id="19">
      <dst id="12">10413.6533</dst>
      <dst id="13">296.6311</dst>
      <dst id="8">13.6889</dst>
      <dst id="4">3925.9644</dst>
      <dst id="1">112.5867</dst>
      <dst id="5">4.7644</dst>
      <dst id="10">411.8044</dst>
      <dst id="22">2.5689</dst>
      <dst id="7">3329.4222</dst>
      <dst id="2">240.8089</dst>
      <dst id="6">41.7422</dst>
      <dst id="14">28.7556</dst>
      <dst id="20">1.7067</dst>
      <dst id="11">13.3333</dst>
      <dst id="9">6668.7733</dst>
      <dst id="17">617.4489</dst>
      <dst id="21">222.5156</dst>
      <dst id="15">0.9244</dst>
    </src>
    <src id="23">
      <dst id="12">3761.3956</dst>
      <dst id="13">28.1244</dst>
      <dst id="18">0.6667</dst>
      <dst id="4">2760.9511</dst>
      <dst id="1">4.2578</dst>
      <dst id="5">0.3556</dst>
      <dst id="10">202.2133</dst>
      <dst id="7">18.6489</dst>
      <dst id="2">2.2667</dst>
      <dst id="6">1.1378</dst>
      <dst id="20">0.4978</dst>
      <dst id="11">606.2044</dst>
      <dst id="9">33.2889</dst>
      <dst id="17">1238.0089</dst>
      <dst id="21">2.0800</dst>
      <dst id="15">66.6667</dst>
    </src>
    <src id="8">
      <dst id="12">9393.5289</dst>
      <dst id="13">238.5689</dst>
      <dst id="19">1.2978</dst>
      <dst id="23">0.3556</dst>
      <dst id="18">29.0933</dst>
      <dst id="4">818.1156</dst>
      <dst id="1">2204.8978</dst>
      <dst id="5">557.6978</dst>
      <dst id="10">4029.3778</dst>
      <dst id="7">1357.7244</dst>
      <dst id="2">38.4356</dst>
      <dst id="16">112732.9778</dst>
      <dst id="11">0.3556</dst>
      <dst id="9">83883.5467</dst>
      <dst id="17">156940.2133</dst>
      <dst id="21">41.8844</dst>
      <dst id="15">99.4311</dst>
    </src>
    <src id="18">
      <dst id="12">124026.6756</dst>
      <dst id="13">100.7911</dst>
      <dst id="19">12.6133</dst>
      <dst id="23">0.4267</dst>
      <dst id="8">376.8089</dst>
      <dst id="4">97.4400</dst>
      <dst id="1">1156.2222</dst>
      <dst id="5">277.6622</dst>
      <dst id="3">1292.2933</dst>
      <dst id="10">757.5556</dst>
      <dst id="22">0.6756</dst>
      <dst id="7">175.8756</dst>
      <dst id="2">26154.4800</dst>
      <dst id="16">335.5200</dst>
      <dst id="14">10.7911</dst>
      <dst id="20">0.8622</dst>
      <dst id="11">2.0267</dst>
      <dst id="9">597.4667</dst>
      <dst id="17">4038.5600</dst>
      <dst id="21">107.6889</dst>
      <dst id="15">3.9378</dst>
    </src>
    <src id="4">
      <dst id="12">9959.8311</dst>
      <dst id="19">649.2800</dst>
      <dst id="23">28.3022</dst>
      <dst id="8">240.6578</dst>
      <dst id="18">626.0978</dst>
      <dst id="4">6.7467</dst>
      <dst id="1">86779.1644</dst>
      <dst id="5">748.5600</dst>
      <dst id="3">937.4133</dst>
      <dst id="7">119582.0267</dst>
      <dst id="2">41882.0444</dst>
      <dst id="6">49.8489</dst>
      <dst id="16">3476.6756</dst>
      <dst id="14">2140.1422</dst>
      <dst id="11">110.0178</dst>
      <dst id="9">4938.5778</dst>
      <dst id="17">16470.3289</dst>
      <dst id="21">1960.8267</dst>
      <dst id="15">246.3822</dst>
    </src>
    <src id="1">
      <dst id="12">1397271.6267</dst>
      <dst id="13">10166.2756</dst>
      <dst id="19">277.8044</dst>
      <dst id="23">10.3378</dst>
      <dst id="8">402.7467</dst>
      <dst id="18">12851.3244</dst>
      <dst id="4">2752.0444</dst>
      <dst id="1">219040.6667</dst>
      <dst id="5">412.1511</dst>
      <dst id="3">110.5244</dst>
      <dst id="10">319.6178</dst>
      <dst id="7">360251.0844</dst>
      <dst id="2">97398.2933</dst>
      <dst id="6">0.9956</dst>
      <dst id="16">6424.2044</dst>
      <dst id="14">153.0933</dst>
      <dst id="20">117.0311</dst>
      <dst id="11">160.2756</dst>
      <dst id="9">905.2889</dst>
      <dst id="17">667111.3600</dst>
      <dst id="21">252894.3111</dst>
      <dst id="15">97.0844</dst>
    </src>
    <src id="5">
      <dst id="12">10416.3467</dst>
      <dst id="13">809.7600</dst>
      <dst id="19">0.5156</dst>
      <dst id="23">0.3556</dst>
      <dst id="8">391.7244</dst>
      <dst id="18">72.7200</dst>
      <dst id="4">409.3333</dst>
      <dst id="1">2600.6844</dst>
      <dst id="3">40.9067</dst>
      <dst id="10">1058.0000</dst>
      <dst id="7">60.9511</dst>
      <dst id="2">111.6978</dst>
      <dst id="6">65.2444</dst>
      <dst id="16">145146.5333</dst>
      <dst id="14">13.3333</dst>
      <dst id="11">51.6622</dst>
      <dst id="9">72290.3733</dst>
      <dst id="17">162991.8578</dst>
      <dst id="21">1.4756</dst>
      <dst id="15">42.0533</dst>
    </src>
    <src id="3">
      <dst id="12">11272.7467</dst>
      <dst id="13">392.0622</dst>
      <dst id="19">8116.3911</dst>
      <dst id="23">1.3600</dst>
      <dst id="8">192.9333</dst>
      <dst id="18">47.9556</dst>
      <dst id="4">34987.7156</dst>
      <dst id="1">4663.1111</dst>
      <dst id="5">127.8844</dst>
      <dst id="3">78.6222</dst>
      <dst id="10">1391.6889</dst>
      <dst id="7">462.2578</dst>
      <dst id="2">2537.5111</dst>
      <dst id="6">13.2978</dst>
      <dst id="16">1739.4933</dst>
      <dst id="14">152.5956</dst>
      <dst id="20">3.7600</dst>
      <dst id="11">171.0933</dst>
      <dst id="9">1281.0044</dst>
      <dst id="17">14650.7289</dst>
      <dst id="21">4032.1156</dst>
      <dst id="15">11.6089</dst>
    </src>
    <src id="10">
      <dst id="12">22095.2800</dst>
      <dst id="19">3038.0444</dst>
      <dst id="23">23.4489</dst>
      <dst id="8">1294.1422</dst>
      <dst id="18">3642.4711</dst>
      <dst id="1">199.0844</dst>
      <dst id="5">239.6000</dst>
      <dst id="3">4622.1689</dst>
      <dst id="7">3024.1067</dst>
      <dst id="2">15220.3289</dst>
      <dst id="6">2.1333</dst>
      <dst id="16">431.6089</dst>
      <dst id="14">750.1067</dst>
      <dst id="20">4716.7733</dst>
      <dst id="11">53.2267</dst>
      <dst id="9">5240.8267</dst>
      <dst id="17">38040.8267</dst>
      <dst id="21">6868.8622</dst>
      <dst id="15">2194.8444</dst>
    </src>
    <src id="22">
      <dst id="12">5365.0667</dst>
      <dst id="13">4318.1422</dst>
      <dst id="19">36.1600</dst>
      <dst id="23">11.5111</dst>
      <dst id="8">392.7200</dst>
      <dst id="18">163.6889</dst>
      <dst id="4">5394.4178</dst>
      <dst id="1">160.9867</dst>
      <dst id="5">1012.9867</dst>
      <dst id="3">9.2800</dst>
      <dst id="10">3514.4622</dst>
      <dst id="7">1081.3956</dst>
      <dst id="2">644.0711</dst>
      <dst id="6">26.7733</dst>
      <dst id="16">0.6489</dst>
      <dst id="14">9.9467</dst>
      <dst id="11">229.5467</dst>
      <dst id="9">158.3822</dst>
      <dst id="17">7169.6533</dst>
      <dst id="21">340.4267</dst>
    </src>
    <src id="7">
      <dst id="12">9848.2489</dst>
      <dst id="13">302.0089</dst>
      <dst id="19">2552.7200</dst>
      <dst id="23">951.4311</dst>
      <dst id="8">203.5822</dst>
      <dst id="18">28.4000</dst>
      <dst id="4">17806.8889</dst>
      <dst id="1">6732.0000</dst>
      <dst id="5">613.0400</dst>
      <dst id="3">51.6533</dst>
      <dst id="10">828.7200</dst>
      <dst id="22">120.9867</dst>
      <dst id="7">726.8267</dst>
      <dst id="2">4142.8089</dst>
      <dst id="6">2.7467</dst>
      <dst id="16">2.0622</dst>
      <dst id="14">133.7600</dst>
      <dst id="20">287.8133</dst>
      <dst id="11">105.4044</dst>
      <dst id="9">1844.1333</dst>
      <dst id="17">5827.9644</dst>
      <dst id="21">1124.4444</dst>
      <dst id="15">343.7867</dst>
    </src>
    <src id="2">
      <dst id="12">55247.2444</dst>
      <dst id="13">10047.8756</dst>
      <dst id="19">725.9467</dst>
      <dst id="8">29.2000</dst>
      <dst id="18">32210.2311</dst>
      <dst id="4">44218.8356</dst>
      <dst id="1">18439.2978</dst>
      <dst id="5">400.9867</dst>
      <dst id="3">38.6933</dst>
      <dst id="10">16047.7956</dst>
      <dst id="22">48.3378</dst>
      <dst id="7">1402.7200</dst>
      <dst id="2">2881.6178</dst>
      <dst id="6">11756.7289</dst>
      <dst id="14">130.5867</dst>
      <dst id="20">56.0622</dst>
      <dst id="11">73.3156</dst>
      <dst id="9">4556.3911</dst>
      <dst id="17">10454.0089</dst>
      <dst id="21">2388.9156</dst>
      <dst id="15">2.3644</dst>
    </src>
    <src id="6">
      <dst id="12">807.3422</dst>
      <dst id="13">2.7289</dst>
      <dst id="19">3.0756</dst>
      <dst id="23">0.3378</dst>
      <dst id="4">4.9778</dst>
      <dst id="1">1254.8800</dst>
      <dst id="5">19.8667</dst>
      <dst id="10">34.3556</dst>
      <dst id="7">3.4844</dst>
      <dst id="2">1639.7244</dst>
      <dst id="16">25.1467</dst>
      <dst id="20">1.1378</dst>
      <dst id="9">11.8844</dst>
      <dst id="17">12749.4311</dst>
      <dst id="21">52.7556</dst>
    </src>
    <src id="16">
      <dst id="12">114556.8889</dst>
      <dst id="13">291.5822</dst>
      <dst id="19">4061.4489</dst>
      <dst id="23">43.9467</dst>
      <dst id="8">73452.6489</dst>
      <dst id="18">2.3644</dst>
      <dst id="4">959.0400</dst>
      <dst id="1">16044.4800</dst>
      <dst id="5">164981.7244</dst>
      <dst id="3">6608.4000</dst>
      <dst id="10">1145.6978</dst>
      <dst id="7">312.6578</dst>
      <dst id="2">381.5022</dst>
      <dst id="16">5294.1244</dst>
      <dst id="14">35026.0978</dst>
      <dst id="11">14023.4222</dst>
      <dst id="9">159725.0400</dst>
      <dst id="17">3178.3733</dst>
    </src>
    <src id="14">
      <dst id="12">4403.8400</dst>
      <dst id="13">13.7867</dst>
      <dst id="19">27.0667</dst>
      <dst id="18">1.8844</dst>
      <dst id="4">317.7956</dst>
      <dst id="1">2589.2178</dst>
      <dst id="5">23.1467</dst>
      <dst id="3">239.3156</dst>
      <dst id="10">150.3822</dst>
      <dst id="7">67.1911</dst>
      <dst id="2">1814.1600</dst>
      <dst id="16">323.9200</dst>
      <dst id="20">12.8622</dst>
      <dst id="11">37.5733</dst>
      <dst id="9">43.7333</dst>
      <dst id="17">29608.2044</dst>
      <dst id="21">55.6889</dst>
      <dst id="15">0.3556</dst>
    </src>
    <src id="20">
      <dst id="12">4545.6000</dst>
      <dst id="13">2384.8622</dst>
      <dst id="19">0.6933</dst>
      <dst id="8">52.4711</dst>
      <dst id="18">51.4044</dst>
      <dst id="4">751.0844</dst>
      <dst id="1">1703.7600</dst>
      <dst id="5">3104.2222</dst>
      <dst id="10">905.1644</dst>
      <dst id="7">2080.7200</dst>
      <dst id="2">2033.6267</dst>
      <dst id="6">0.4356</dst>
      <dst id="14">63.1289</dst>
      <dst id="20">48.8800</dst>
      <dst id="9">3503.6622</dst>
      <dst id="17">12057.0756</dst>
      <dst id="21">229.3511</dst>
    </src>
    <src id="11">
      <dst id="12">58983.2089</dst>
      <dst id="13">1099.4578</dst>
      <dst id="19">19.9911</dst>
      <dst id="23">30.9156</dst>
      <dst id="8">511.9911</dst>
      <dst id="18">307.3333</dst>
      <dst id="4">1225.0667</dst>
      <dst id="1">4302.6756</dst>
      <dst id="5">543.2889</dst>
      <dst id="3">337.8044</dst>
      <dst id="10">6929.2356</dst>
      <dst id="7">580.4000</dst>
      <dst id="2">61278.1422</dst>
      <dst id="6">76.3289</dst>
      <dst id="16">4185.7956</dst>
      <dst id="14">49.1822</dst>
      <dst id="20">80.7200</dst>
      <dst id="11">1842.1511</dst>
      <dst id="9">5542.2311</dst>
      <dst id="17">525635.3689</dst>
      <dst id="21">298.6400</dst>
      <dst id="15">9.1644</dst>
    </src>
    <src id="9">
      <dst id="12">27287.5733</dst>
      <dst id="13">3314.8711</dst>
      <dst id="19">238.6222</dst>
      <dst id="23">27.8044</dst>
      <dst id="8">92097.4133</dst>
      <dst id="18">785.3422</dst>
      <dst id="4">1041.4578</dst>
      <dst id="1">8300.8000</dst>
      <dst id="5">996.2667</dst>
      <dst id="10">24852.4622</dst>
      <dst id="7">224.3022</dst>
      <dst id="2">127.5822</dst>
      <dst id="6">1.4489</dst>
      <dst id="16">213961.3600</dst>
      <dst id="14">2.7644</dst>
      <dst id="11">39.1644</dst>
      <dst id="9">258687.8044</dst>
      <dst id="17">297954.2667</dst>
      <dst id="21">61.7956</dst>
      <dst id="15">51.0667</dst>
    </src>
    <src id="17">
      <dst id="12">89609.0756</dst>
      <dst id="13">2244.5511</dst>
      <dst id="19">1378.4356</dst>
      <dst id="23">14.8000</dst>
      <dst id="8">153.3600</dst>
      <dst id="18">218.4978</dst>
      <dst id="4">11066.3556</dst>
      <dst id="1">12019.1022</dst>
      <dst id="5">101239.0133</dst>
      <dst id="3">3992.3200</dst>
      <dst id="10">5666.1067</dst>
      <dst id="7">10232.5867</dst>
      <dst id="2">4228.5422</dst>
      <dst id="6">153.1822</dst>
      <dst id="16">1862.7467</dst>
      <dst id="14">15180.5778</dst>
      <dst id="20">384.4533</dst>
      <dst id="11">10144.0000</dst>
      <dst id="9">1438.7467</dst>
      <dst id="17">15373.2000</dst>
      <dst id="21">1428.2222</dst>
      <dst id="15">216.1511</dst>
    </src>
    <src id="21">
      <dst id="12">3526.9067</dst>
      <dst id="13">278.3467</dst>
      <dst id="19">57.5556</dst>
      <dst id="23">19.2711</dst>
      <dst id="8">105.3956</dst>
      <dst id="18">295.1022</dst>
      <dst id="4">1407.0844</dst>
      <dst id="1">3851.2356</dst>
      <dst id="5">369.9200</dst>
      <dst id="3">672.3200</dst>
      <dst id="10">981.7689</dst>
      <dst id="7">508.6667</dst>
      <dst id="2">76270.5067</dst>
      <dst id="6">2.7111</dst>
      <dst id="16">142.6133</dst>
      <dst id="14">88.2756</dst>
      <dst id="20">202.3733</dst>
      <dst id="11">123.1556</dst>
      <dst id="9">599.3956</dst>
      <dst id="17">16116.6400</dst>
      <dst id="21">1295.2356</dst>
      <dst id="15">53.7422</dst>
    </src>
    <src id="15">
      <dst id="12">1209.3422</dst>
      <dst id="13">161.3689</dst>
      <dst id="19">1.6889</dst>
      <dst id="23">5.3422</dst>
      <dst id="8">37.3867</dst>
      <dst id="18">3.2800</dst>
      <dst id="4">110.1244</dst>
      <dst id="1">253.4044</dst>
      <dst id="5">55.8578</dst>
      <dst id="3">6.5956</dst>
      <dst id="10">388.3733</dst>
      <dst id="7">12.7822</dst>
      <dst id="2">6.0978</dst>
      <dst id="16">28.1067</dst>
      <dst id="11">13.2089</dst>
      <dst id="9">1870.6489</dst>
      <dst id="17">4992.8000</dst>
      <dst id="21">1.2533</dst>
    </src>
  </IntraTM>
</TrafficMatrixFile>
