<?xml version="1.0" encoding="UTF-8" standalone="yes"?>
<TrafficMatrixFile xmlns:xsi="http://www.w3.org/2001/XMLSchema-instance" xsi:noNamespaceSchemaLocation="http://totem.run.montefiore.ulg.ac.be/Schema/TrafficMatrix-v1_2.xsd">
  <info>
    <title>Intradomain traffic matrix generated by geant-TM-all.pl</title>
    <date>2005-04-16T11:00:00</date>
    <duration>900</duration>
    <author>Steve Uhlig</author>
    <units>
        <unit type="bandwidth" value="kbps"/>
    </units>
  </info>
  <IntraTM ASID="20965">
    <src id="12">
      <dst id="12">307212.8267</dst>
      <dst id="13">18823.3067</dst>
      <dst id="19">5184.7200</dst>
      <dst id="23">1733.7333</dst>
      <dst id="8">2554.6933</dst>
      <dst id="18">53743.9289</dst>
      <dst id="4">2253.7244</dst>
      <dst id="1">26455.8756</dst>
      <dst id="5">3890.2311</dst>
      <dst id="3">380.2489</dst>
      <dst id="10">2376.7556</dst>
      <dst id="22">2152.3733</dst>
      <dst id="7">15036.6756</dst>
      <dst id="2">6944.9244</dst>
      <dst id="16">7894.3644</dst>
      <dst id="14">483.2622</dst>
      <dst id="20">7021.0489</dst>
      <dst id="11">69.5911</dst>
      <dst id="9">20562.3556</dst>
      <dst id="17">34195.0578</dst>
      <dst id="21">534.1867</dst>
      <dst id="15">347.9556</dst>
    </src>
    <src id="13">
      <dst id="12">13252.4978</dst>
      <dst id="13">29.8400</dst>
      <dst id="19">1050.9689</dst>
      <dst id="23">16.9600</dst>
      <dst id="8">1367.5556</dst>
      <dst id="18">77.8311</dst>
      <dst id="1">22918.6400</dst>
      <dst id="5">13384.8089</dst>
      <dst id="3">55.3600</dst>
      <dst id="22">2611.4400</dst>
      <dst id="7">124.7022</dst>
      <dst id="2">6961.1733</dst>
      <dst id="16">2070.4178</dst>
      <dst id="14">31.8578</dst>
      <dst id="20">7063.2622</dst>
      <dst id="11">99.5911</dst>
      <dst id="9">8385.9022</dst>
      <dst id="17">16143.6711</dst>
      <dst id="21">674.1244</dst>
      <dst id="15">180.5422</dst>
    </src>
    <src id="19">
      <dst id="12">36003.2800</dst>
      <dst id="13">1017.3511</dst>
      <dst id="23">73.1733</dst>
      <dst id="8">0.9244</dst>
      <dst id="4">1080.8533</dst>
      <dst id="1">15064.4711</dst>
      <dst id="5">1.4222</dst>
      <dst id="3">1.3867</dst>
      <dst id="10">78.0356</dst>
      <dst id="22">4.0889</dst>
      <dst id="7">1405.8311</dst>
      <dst id="2">2188.5778</dst>
      <dst id="16">124.6489</dst>
      <dst id="14">64.6844</dst>
      <dst id="20">0.9244</dst>
      <dst id="11">13.3333</dst>
      <dst id="9">1037.4400</dst>
      <dst id="17">639.3600</dst>
      <dst id="21">293.7511</dst>
      <dst id="15">146.3822</dst>
    </src>
    <src id="23">
      <dst id="12">4871.6178</dst>
      <dst id="13">892.6756</dst>
      <dst id="19">3650.0444</dst>
      <dst id="4">108.8356</dst>
      <dst id="1">184.7200</dst>
      <dst id="5">250.6489</dst>
      <dst id="10">29.3956</dst>
      <dst id="22">46.1067</dst>
      <dst id="7">97.6444</dst>
      <dst id="2">226.2756</dst>
      <dst id="11">28.3378</dst>
      <dst id="9">54.1689</dst>
      <dst id="17">316.6311</dst>
      <dst id="21">1246.6133</dst>
      <dst id="15">2.7022</dst>
    </src>
    <src id="8">
      <dst id="12">7982.3200</dst>
      <dst id="13">4848.3822</dst>
      <dst id="19">0.3556</dst>
      <dst id="23">0.4178</dst>
      <dst id="18">0.7822</dst>
      <dst id="4">803.2356</dst>
      <dst id="1">1892.3467</dst>
      <dst id="5">270.0622</dst>
      <dst id="3">589.8489</dst>
      <dst id="10">541.4044</dst>
      <dst id="22">39.9556</dst>
      <dst id="2">224.7378</dst>
      <dst id="16">249692.9867</dst>
      <dst id="11">0.4622</dst>
      <dst id="9">67199.7778</dst>
      <dst id="17">25266.4533</dst>
      <dst id="21">5.4578</dst>
      <dst id="15">48.3556</dst>
    </src>
    <src id="18">
      <dst id="12">113714.8178</dst>
      <dst id="13">114.2489</dst>
      <dst id="19">3.6178</dst>
      <dst id="23">0.3378</dst>
      <dst id="8">4.8089</dst>
      <dst id="4">47.3778</dst>
      <dst id="1">14284.6133</dst>
      <dst id="5">1228.8000</dst>
      <dst id="3">2618.9689</dst>
      <dst id="10">28.4444</dst>
      <dst id="22">40.5333</dst>
      <dst id="7">285.9733</dst>
      <dst id="2">3112.2578</dst>
      <dst id="16">836.5600</dst>
      <dst id="20">626.3644</dst>
      <dst id="9">10634.5422</dst>
      <dst id="17">3747.2000</dst>
      <dst id="21">491.0044</dst>
    </src>
    <src id="4">
      <dst id="12">16658.6844</dst>
      <dst id="13">5.7156</dst>
      <dst id="19">4233.2089</dst>
      <dst id="23">342.1333</dst>
      <dst id="8">610.6933</dst>
      <dst id="18">2378.8711</dst>
      <dst id="4">1314.8889</dst>
      <dst id="1">54725.5022</dst>
      <dst id="5">3080.7467</dst>
      <dst id="3">6.4267</dst>
      <dst id="22">491.9644</dst>
      <dst id="2">112995.7511</dst>
      <dst id="16">53451.1822</dst>
      <dst id="14">1478.4444</dst>
      <dst id="11">740.4267</dst>
      <dst id="9">15714.0800</dst>
      <dst id="17">52795.3333</dst>
      <dst id="21">24085.2178</dst>
      <dst id="15">357.4756</dst>
    </src>
    <src id="1">
      <dst id="12">34177.8489</dst>
      <dst id="13">28834.5511</dst>
      <dst id="19">5367.0578</dst>
      <dst id="23">106.3822</dst>
      <dst id="8">16.6578</dst>
      <dst id="18">18747.0222</dst>
      <dst id="4">1842.1867</dst>
      <dst id="1">582192.5156</dst>
      <dst id="5">600.8267</dst>
      <dst id="3">2463.1111</dst>
      <dst id="10">3422.0622</dst>
      <dst id="22">105.6978</dst>
      <dst id="7">4000.0533</dst>
      <dst id="2">12145.0222</dst>
      <dst id="16">43452.0711</dst>
      <dst id="14">62.4089</dst>
      <dst id="20">159.2622</dst>
      <dst id="11">1194.9244</dst>
      <dst id="9">4058.9244</dst>
      <dst id="17">9357.7156</dst>
      <dst id="21">3008.4000</dst>
      <dst id="15">4138.8089</dst>
    </src>
    <src id="5">
      <dst id="12">11079.1467</dst>
      <dst id="13">848.0622</dst>
      <dst id="23">63.5733</dst>
      <dst id="8">82.5333</dst>
      <dst id="18">482.4800</dst>
      <dst id="4">5918.3111</dst>
      <dst id="1">33104.6222</dst>
      <dst id="3">820.1511</dst>
      <dst id="10">968.3022</dst>
      <dst id="22">83.5022</dst>
      <dst id="2">1184.6844</dst>
      <dst id="16">305145.2356</dst>
      <dst id="14">1.6889</dst>
      <dst id="11">1.4844</dst>
      <dst id="9">59970.0444</dst>
      <dst id="17">29473.1556</dst>
      <dst id="21">72.8533</dst>
      <dst id="15">19.2178</dst>
    </src>
    <src id="3">
      <dst id="12">22956.1778</dst>
      <dst id="13">60977.1467</dst>
      <dst id="19">1292.4267</dst>
      <dst id="23">10.2667</dst>
      <dst id="8">17.2533</dst>
      <dst id="18">9.7156</dst>
      <dst id="4">210.0978</dst>
      <dst id="1">5794.6311</dst>
      <dst id="5">299.2711</dst>
      <dst id="3">144.4978</dst>
      <dst id="10">363.9111</dst>
      <dst id="22">1.0222</dst>
      <dst id="7">62536.4889</dst>
      <dst id="2">3127.2444</dst>
      <dst id="16">13378.9600</dst>
      <dst id="14">174.2489</dst>
      <dst id="20">732.6578</dst>
      <dst id="11">536.7644</dst>
      <dst id="9">786.2044</dst>
      <dst id="17">40891.7511</dst>
      <dst id="21">11581.9644</dst>
      <dst id="15">6.2400</dst>
    </src>
    <src id="10">
      <dst id="12">2597.6622</dst>
      <dst id="13">4.7911</dst>
      <dst id="19">5322.4889</dst>
      <dst id="23">122.2311</dst>
      <dst id="8">66.7822</dst>
      <dst id="18">122.5333</dst>
      <dst id="1">573.1111</dst>
      <dst id="5">580.2311</dst>
      <dst id="3">13.2889</dst>
      <dst id="22">296.9511</dst>
      <dst id="2">15714.1067</dst>
      <dst id="16">22583.8400</dst>
      <dst id="14">386.0533</dst>
      <dst id="20">4372.4800</dst>
      <dst id="11">29.2711</dst>
      <dst id="9">426.3378</dst>
      <dst id="17">27138.3733</dst>
      <dst id="21">3209.6533</dst>
      <dst id="15">505.7867</dst>
    </src>
    <src id="22">
      <dst id="12">21832.7911</dst>
      <dst id="13">4095.6267</dst>
      <dst id="19">160.8267</dst>
      <dst id="23">1.3511</dst>
      <dst id="8">174.1333</dst>
      <dst id="18">143.5111</dst>
      <dst id="4">719.5022</dst>
      <dst id="1">424.0533</dst>
      <dst id="5">635.6711</dst>
      <dst id="3">40.1956</dst>
      <dst id="10">400.3733</dst>
      <dst id="7">142.3911</dst>
      <dst id="2">2482.8267</dst>
      <dst id="16">1278.3022</dst>
      <dst id="14">109.3156</dst>
      <dst id="11">156.8622</dst>
      <dst id="9">497.1911</dst>
      <dst id="17">1342.5333</dst>
      <dst id="21">432.2311</dst>
    </src>
    <src id="7">
      <dst id="12">3270.1422</dst>
      <dst id="13">57773.3867</dst>
      <dst id="19">268.6222</dst>
      <dst id="23">44.8800</dst>
      <dst id="8">2.0444</dst>
      <dst id="18">11.2267</dst>
      <dst id="4">587.2800</dst>
      <dst id="1">1861.4933</dst>
      <dst id="5">1.0578</dst>
      <dst id="3">7.7778</dst>
      <dst id="10">175.7956</dst>
      <dst id="22">182.4800</dst>
      <dst id="7">39.1289</dst>
      <dst id="2">5185.5200</dst>
      <dst id="16">292.1422</dst>
      <dst id="14">69.2444</dst>
      <dst id="20">4.7467</dst>
      <dst id="11">483.6889</dst>
      <dst id="9">47.8311</dst>
      <dst id="17">3888.1244</dst>
      <dst id="21">1052.3467</dst>
      <dst id="15">3.1822</dst>
    </src>
    <src id="2">
      <dst id="12">83525.1022</dst>
      <dst id="13">25918.0089</dst>
      <dst id="19">458.7111</dst>
      <dst id="23">10.0533</dst>
      <dst id="8">568.3289</dst>
      <dst id="18">27958.6578</dst>
      <dst id="4">3002.0000</dst>
      <dst id="1">27095.6978</dst>
      <dst id="5">636.0711</dst>
      <dst id="3">38.9956</dst>
      <dst id="10">2129.9111</dst>
      <dst id="22">402.2844</dst>
      <dst id="7">7718.5067</dst>
      <dst id="2">1713.3244</dst>
      <dst id="6">0.4978</dst>
      <dst id="16">118.3289</dst>
      <dst id="14">140.8800</dst>
      <dst id="20">512.9956</dst>
      <dst id="11">1464.0356</dst>
      <dst id="9">504.0089</dst>
      <dst id="17">11241.1911</dst>
      <dst id="21">912.3644</dst>
      <dst id="15">4874.2667</dst>
    </src>
    <src id="6">
      <dst id="12">310.9067</dst>
      <dst id="13">19.1200</dst>
      <dst id="19">13.2978</dst>
      <dst id="4">2.1333</dst>
      <dst id="1">561.4578</dst>
      <dst id="3">3.0844</dst>
      <dst id="22">44.4800</dst>
      <dst id="7">4.6311</dst>
      <dst id="2">39.3067</dst>
      <dst id="16">350.1156</dst>
      <dst id="20">0.8711</dst>
      <dst id="9">818.9333</dst>
      <dst id="17">19264.2933</dst>
      <dst id="21">103.0578</dst>
      <dst id="15">0.5422</dst>
    </src>
    <src id="16">
      <dst id="12">90094.9333</dst>
      <dst id="13">2660.7200</dst>
      <dst id="19">3427.6356</dst>
      <dst id="8">57440.3289</dst>
      <dst id="18">5.4578</dst>
      <dst id="4">163.0044</dst>
      <dst id="1">32377.2622</dst>
      <dst id="5">194372.9867</dst>
      <dst id="3">2184.8444</dst>
      <dst id="10">336.6133</dst>
      <dst id="22">27.1289</dst>
      <dst id="2">488.8800</dst>
      <dst id="16">12386.0267</dst>
      <dst id="14">27886.0800</dst>
      <dst id="11">10804.1867</dst>
      <dst id="9">117859.9467</dst>
      <dst id="17">743.9200</dst>
      <dst id="21">185.7600</dst>
    </src>
    <src id="14">
      <dst id="12">431.9556</dst>
      <dst id="13">126.0356</dst>
      <dst id="19">3.9822</dst>
      <dst id="23">1.3422</dst>
      <dst id="4">227.6089</dst>
      <dst id="1">1198.8978</dst>
      <dst id="5">138.8444</dst>
      <dst id="3">442.0356</dst>
      <dst id="10">43.7600</dst>
      <dst id="22">14.4000</dst>
      <dst id="7">40.9244</dst>
      <dst id="2">45.6444</dst>
      <dst id="16">1271.2178</dst>
      <dst id="11">13.7244</dst>
      <dst id="9">1941.2533</dst>
      <dst id="17">20745.2800</dst>
      <dst id="21">240.8178</dst>
    </src>
    <src id="20">
      <dst id="12">791.3689</dst>
      <dst id="13">1004.8711</dst>
      <dst id="19">13.3333</dst>
      <dst id="8">160.7111</dst>
      <dst id="18">35.3244</dst>
      <dst id="4">2022.1600</dst>
      <dst id="1">223.1378</dst>
      <dst id="5">279.0133</dst>
      <dst id="10">1456.9511</dst>
      <dst id="7">26.6311</dst>
      <dst id="2">516.6756</dst>
      <dst id="16">11921.8400</dst>
      <dst id="14">13.3333</dst>
      <dst id="20">29.8667</dst>
      <dst id="11">16.4711</dst>
      <dst id="9">2145.2889</dst>
      <dst id="17">3721.4578</dst>
      <dst id="21">69.3156</dst>
    </src>
    <src id="11">
      <dst id="12">26692.1156</dst>
      <dst id="13">2100.6933</dst>
      <dst id="19">53.8133</dst>
      <dst id="23">5.2978</dst>
      <dst id="8">72.0000</dst>
      <dst id="18">21.2444</dst>
      <dst id="4">746.0356</dst>
      <dst id="1">40467.7956</dst>
      <dst id="5">2265.5911</dst>
      <dst id="3">1229.3067</dst>
      <dst id="10">479.1644</dst>
      <dst id="22">462.8978</dst>
      <dst id="2">5889.1822</dst>
      <dst id="16">16031.8133</dst>
      <dst id="14">27.5289</dst>
      <dst id="20">62.7378</dst>
      <dst id="11">1442.7022</dst>
      <dst id="9">57380.3378</dst>
      <dst id="17">481260.8089</dst>
      <dst id="21">543.5022</dst>
      <dst id="15">33.3067</dst>
    </src>
    <src id="9">
      <dst id="12">21760.9156</dst>
      <dst id="13">1857.7956</dst>
      <dst id="19">49.4222</dst>
      <dst id="23">161.1022</dst>
      <dst id="8">73017.7600</dst>
      <dst id="18">0.7911</dst>
      <dst id="4">792.1956</dst>
      <dst id="1">6931.7600</dst>
      <dst id="5">438.8444</dst>
      <dst id="3">721.8489</dst>
      <dst id="10">276.4267</dst>
      <dst id="22">891.9200</dst>
      <dst id="2">233.7156</dst>
      <dst id="16">508883.6178</dst>
      <dst id="14">70.2222</dst>
      <dst id="11">14.0089</dst>
      <dst id="9">209720.4267</dst>
      <dst id="17">44687.8489</dst>
      <dst id="21">93.4222</dst>
      <dst id="15">732.4533</dst>
    </src>
    <src id="17">
      <dst id="12">66302.3111</dst>
      <dst id="13">21871.7422</dst>
      <dst id="19">4160.4267</dst>
      <dst id="23">53.7067</dst>
      <dst id="8">155.4400</dst>
      <dst id="18">1979.4667</dst>
      <dst id="4">12733.2356</dst>
      <dst id="1">14568.7378</dst>
      <dst id="5">117668.7200</dst>
      <dst id="3">2055.3156</dst>
      <dst id="10">4556.0267</dst>
      <dst id="22">3591.7778</dst>
      <dst id="7">15754.5156</dst>
      <dst id="2">3187.0667</dst>
      <dst id="16">43212.3911</dst>
      <dst id="14">8530.9067</dst>
      <dst id="20">289.8311</dst>
      <dst id="11">12804.3378</dst>
      <dst id="9">6379.0044</dst>
      <dst id="17">10330.1689</dst>
      <dst id="21">4504.5244</dst>
      <dst id="15">388.7111</dst>
    </src>
    <src id="21">
      <dst id="12">1152.9067</dst>
      <dst id="13">1230.9244</dst>
      <dst id="19">928.5867</dst>
      <dst id="23">25.4400</dst>
      <dst id="8">40.5689</dst>
      <dst id="18">1521.4844</dst>
      <dst id="4">901.0756</dst>
      <dst id="1">890.5156</dst>
      <dst id="5">635.1467</dst>
      <dst id="3">837.4756</dst>
      <dst id="10">559.3067</dst>
      <dst id="22">134.3733</dst>
      <dst id="7">776.3200</dst>
      <dst id="2">1478.3289</dst>
      <dst id="16">4514.0356</dst>
      <dst id="14">121.7244</dst>
      <dst id="20">188.8267</dst>
      <dst id="11">123.4756</dst>
      <dst id="9">1628.8533</dst>
      <dst id="17">13389.5733</dst>
      <dst id="21">2242.6489</dst>
      <dst id="15">46.6400</dst>
    </src>
    <src id="15">
      <dst id="12">34.7022</dst>
      <dst id="13">144.2133</dst>
      <dst id="19">6000.9956</dst>
      <dst id="23">177.7778</dst>
      <dst id="8">15.5378</dst>
      <dst id="18">1.3067</dst>
      <dst id="4">13.4667</dst>
      <dst id="1">161.6978</dst>
      <dst id="5">315.6089</dst>
      <dst id="10">125.1200</dst>
      <dst id="2">86.8533</dst>
      <dst id="16">7069.6622</dst>
      <dst id="11">26.5067</dst>
      <dst id="9">751.2978</dst>
      <dst id="17">703.3778</dst>
      <dst id="21">330.9867</dst>
    </src>
  </IntraTM>
</TrafficMatrixFile>
