<?xml version="1.0" encoding="UTF-8" standalone="yes"?>
<TrafficMatrixFile xmlns:xsi="http://www.w3.org/2001/XMLSchema-instance" xsi:noNamespaceSchemaLocation="http://totem.run.montefiore.ulg.ac.be/Schema/TrafficMatrix-v1_2.xsd">
  <info>
    <title>Intradomain traffic matrix generated by geant-TM-all.pl</title>
    <date>2005-04-16T11:15:00</date>
    <duration>900</duration>
    <author>Steve Uhlig</author>
    <units>
        <unit type="bandwidth" value="kbps"/>
    </units>
  </info>
  <IntraTM ASID="20965">
    <src id="12">
      <dst id="12">319593.4133</dst>
      <dst id="13">20795.5378</dst>
      <dst id="19">5404.9333</dst>
      <dst id="23">1677.0578</dst>
      <dst id="8">2125.8756</dst>
      <dst id="18">52520.7378</dst>
      <dst id="4">3183.0578</dst>
      <dst id="1">25721.2889</dst>
      <dst id="5">3724.7111</dst>
      <dst id="3">226.5156</dst>
      <dst id="10">2310.0356</dst>
      <dst id="22">6374.6044</dst>
      <dst id="7">9285.8489</dst>
      <dst id="2">4703.0489</dst>
      <dst id="16">7395.2089</dst>
      <dst id="14">139.4400</dst>
      <dst id="20">12614.5067</dst>
      <dst id="11">81.1556</dst>
      <dst id="9">21902.0000</dst>
      <dst id="17">40211.8933</dst>
      <dst id="21">709.9822</dst>
      <dst id="15">221.1289</dst>
    </src>
    <src id="13">
      <dst id="12">11531.8133</dst>
      <dst id="13">56.0089</dst>
      <dst id="19">867.8489</dst>
      <dst id="23">45.8311</dst>
      <dst id="8">529.4133</dst>
      <dst id="18">87.6000</dst>
      <dst id="4">1.2089</dst>
      <dst id="1">20201.6178</dst>
      <dst id="5">5348.6400</dst>
      <dst id="3">75.2178</dst>
      <dst id="10">0.7467</dst>
      <dst id="22">2739.7333</dst>
      <dst id="7">153.3244</dst>
      <dst id="2">6292.0622</dst>
      <dst id="16">8427.2978</dst>
      <dst id="14">123.7778</dst>
      <dst id="20">1992.9867</dst>
      <dst id="11">69.6711</dst>
      <dst id="9">11504.3378</dst>
      <dst id="17">9462.5956</dst>
      <dst id="21">347.5911</dst>
      <dst id="15">30.4711</dst>
    </src>
    <src id="19">
      <dst id="12">39353.0933</dst>
      <dst id="13">1170.8533</dst>
      <dst id="23">59.0489</dst>
      <dst id="18">0.4978</dst>
      <dst id="4">911.8044</dst>
      <dst id="1">15112.3822</dst>
      <dst id="5">1.1556</dst>
      <dst id="10">686.4089</dst>
      <dst id="22">71.6178</dst>
      <dst id="7">1385.2089</dst>
      <dst id="2">1864.0622</dst>
      <dst id="16">113.7067</dst>
      <dst id="14">3.4222</dst>
      <dst id="20">13.8311</dst>
      <dst id="11">0.4622</dst>
      <dst id="9">2026.3111</dst>
      <dst id="17">904.4178</dst>
      <dst id="21">204.2400</dst>
      <dst id="15">143.4133</dst>
    </src>
    <src id="23">
      <dst id="12">2090.0800</dst>
      <dst id="13">1393.3778</dst>
      <dst id="19">2941.1022</dst>
      <dst id="18">0.8356</dst>
      <dst id="4">171.9378</dst>
      <dst id="1">105.0222</dst>
      <dst id="5">167.0933</dst>
      <dst id="10">76.8978</dst>
      <dst id="22">18.9156</dst>
      <dst id="7">160.1333</dst>
      <dst id="2">866.8089</dst>
      <dst id="14">13.8667</dst>
      <dst id="20">35.5911</dst>
      <dst id="11">26.4178</dst>
      <dst id="9">59.9467</dst>
      <dst id="17">578.0356</dst>
      <dst id="21">1067.7156</dst>
      <dst id="15">1.1378</dst>
    </src>
    <src id="8">
      <dst id="12">8149.4311</dst>
      <dst id="13">1513.4044</dst>
      <dst id="19">0.8178</dst>
      <dst id="23">0.8356</dst>
      <dst id="18">15.5289</dst>
      <dst id="4">702.0089</dst>
      <dst id="1">2376.7911</dst>
      <dst id="5">407.3244</dst>
      <dst id="3">1006.0267</dst>
      <dst id="10">317.4578</dst>
      <dst id="22">33.8044</dst>
      <dst id="2">204.8267</dst>
      <dst id="16">247109.2978</dst>
      <dst id="11">14.5689</dst>
      <dst id="9">67283.0578</dst>
      <dst id="17">25042.6222</dst>
      <dst id="21">49.8844</dst>
      <dst id="15">30.0978</dst>
    </src>
    <src id="18">
      <dst id="12">110572.6133</dst>
      <dst id="13">447.6444</dst>
      <dst id="19">0.9422</dst>
      <dst id="8">4.1778</dst>
      <dst id="4">102.6578</dst>
      <dst id="1">14586.8356</dst>
      <dst id="5">830.3289</dst>
      <dst id="3">1331.9378</dst>
      <dst id="10">42.4533</dst>
      <dst id="22">36.3467</dst>
      <dst id="7">121.2711</dst>
      <dst id="2">2373.2711</dst>
      <dst id="16">922.2667</dst>
      <dst id="14">0.9244</dst>
      <dst id="20">796.9244</dst>
      <dst id="11">26.6667</dst>
      <dst id="9">8643.6533</dst>
      <dst id="17">4207.2533</dst>
      <dst id="21">320.0889</dst>
    </src>
    <src id="4">
      <dst id="12">18775.4933</dst>
      <dst id="13">7.5111</dst>
      <dst id="19">3523.7867</dst>
      <dst id="23">343.0222</dst>
      <dst id="8">2127.0844</dst>
      <dst id="18">1765.8489</dst>
      <dst id="4">10400.6756</dst>
      <dst id="1">120134.3289</dst>
      <dst id="5">3678.3111</dst>
      <dst id="3">5.0756</dst>
      <dst id="22">528.6311</dst>
      <dst id="2">116939.2267</dst>
      <dst id="16">87484.1244</dst>
      <dst id="14">3893.4489</dst>
      <dst id="11">488.0356</dst>
      <dst id="9">18720.1867</dst>
      <dst id="17">55652.0800</dst>
      <dst id="21">29344.4800</dst>
      <dst id="15">321.0756</dst>
    </src>
    <src id="1">
      <dst id="12">33088.0533</dst>
      <dst id="13">29833.0844</dst>
      <dst id="19">5293.5022</dst>
      <dst id="23">51.4222</dst>
      <dst id="18">18986.7911</dst>
      <dst id="4">1878.0178</dst>
      <dst id="1">422572.0178</dst>
      <dst id="5">389.1467</dst>
      <dst id="3">4495.4044</dst>
      <dst id="10">2961.6533</dst>
      <dst id="22">46.0622</dst>
      <dst id="7">1992.7200</dst>
      <dst id="2">16287.3067</dst>
      <dst id="16">49129.1822</dst>
      <dst id="14">71.5733</dst>
      <dst id="20">27.2178</dst>
      <dst id="11">1204.4444</dst>
      <dst id="9">3986.1867</dst>
      <dst id="17">5532.9244</dst>
      <dst id="21">1878.3822</dst>
      <dst id="15">4083.8311</dst>
    </src>
    <src id="5">
      <dst id="12">10335.7511</dst>
      <dst id="13">1145.9911</dst>
      <dst id="19">14.1244</dst>
      <dst id="23">71.2267</dst>
      <dst id="8">94.2044</dst>
      <dst id="18">97.2267</dst>
      <dst id="4">5152.9689</dst>
      <dst id="1">32698.1511</dst>
      <dst id="3">719.8133</dst>
      <dst id="10">970.2133</dst>
      <dst id="22">193.1556</dst>
      <dst id="2">1109.0578</dst>
      <dst id="16">310535.8578</dst>
      <dst id="14">3.4844</dst>
      <dst id="11">1.0489</dst>
      <dst id="9">59634.8978</dst>
      <dst id="17">33381.3600</dst>
      <dst id="21">63.3778</dst>
      <dst id="15">5.3689</dst>
    </src>
    <src id="3">
      <dst id="12">13521.7422</dst>
      <dst id="13">59531.0756</dst>
      <dst id="19">1341.2000</dst>
      <dst id="23">25.8489</dst>
      <dst id="8">62.2489</dst>
      <dst id="18">3.9289</dst>
      <dst id="4">240.6933</dst>
      <dst id="1">8002.9422</dst>
      <dst id="5">724.0089</dst>
      <dst id="3">188.8533</dst>
      <dst id="10">683.8844</dst>
      <dst id="22">1.7422</dst>
      <dst id="7">62757.0844</dst>
      <dst id="2">3001.9556</dst>
      <dst id="16">10083.0756</dst>
      <dst id="14">128.6933</dst>
      <dst id="20">982.0356</dst>
      <dst id="11">757.7422</dst>
      <dst id="9">948.9422</dst>
      <dst id="17">38952.5067</dst>
      <dst id="21">8918.3022</dst>
      <dst id="15">7.3778</dst>
    </src>
    <src id="10">
      <dst id="12">2635.4756</dst>
      <dst id="13">8.2578</dst>
      <dst id="19">4272.9600</dst>
      <dst id="23">130.8444</dst>
      <dst id="8">49.3689</dst>
      <dst id="18">241.9822</dst>
      <dst id="1">950.9867</dst>
      <dst id="5">363.8667</dst>
      <dst id="3">0.8889</dst>
      <dst id="22">215.6533</dst>
      <dst id="2">14607.6800</dst>
      <dst id="16">26146.4178</dst>
      <dst id="14">655.4222</dst>
      <dst id="20">4789.0756</dst>
      <dst id="11">16.5511</dst>
      <dst id="9">625.6978</dst>
      <dst id="17">18790.1956</dst>
      <dst id="21">1506.4800</dst>
      <dst id="15">455.4044</dst>
    </src>
    <src id="22">
      <dst id="12">24047.7689</dst>
      <dst id="13">6374.5511</dst>
      <dst id="19">35.6356</dst>
      <dst id="23">0.3556</dst>
      <dst id="8">189.4400</dst>
      <dst id="18">39.7422</dst>
      <dst id="4">744.0889</dst>
      <dst id="1">268.3644</dst>
      <dst id="5">901.7689</dst>
      <dst id="3">0.3556</dst>
      <dst id="10">270.1244</dst>
      <dst id="7">102.9422</dst>
      <dst id="2">2266.7911</dst>
      <dst id="16">475.2978</dst>
      <dst id="14">106.9778</dst>
      <dst id="11">33.2711</dst>
      <dst id="9">327.3244</dst>
      <dst id="17">1178.1600</dst>
      <dst id="21">474.5156</dst>
    </src>
    <src id="7">
      <dst id="12">3129.4133</dst>
      <dst id="13">38172.0178</dst>
      <dst id="19">257.9467</dst>
      <dst id="23">17.8044</dst>
      <dst id="8">31.2178</dst>
      <dst id="18">6.5333</dst>
      <dst id="4">662.5511</dst>
      <dst id="1">1669.5733</dst>
      <dst id="3">6.4267</dst>
      <dst id="10">309.8400</dst>
      <dst id="22">220.6667</dst>
      <dst id="7">26.2756</dst>
      <dst id="2">5023.5200</dst>
      <dst id="16">261.7600</dst>
      <dst id="14">9.7867</dst>
      <dst id="20">33.6267</dst>
      <dst id="11">311.9911</dst>
      <dst id="9">123.3067</dst>
      <dst id="17">913.5644</dst>
      <dst id="21">774.8800</dst>
      <dst id="15">4.3911</dst>
    </src>
    <src id="2">
      <dst id="12">84533.5467</dst>
      <dst id="13">24064.1511</dst>
      <dst id="19">283.4578</dst>
      <dst id="23">18.9156</dst>
      <dst id="8">558.4889</dst>
      <dst id="18">27505.7333</dst>
      <dst id="4">3539.4489</dst>
      <dst id="1">26923.9644</dst>
      <dst id="5">404.6578</dst>
      <dst id="3">28.8533</dst>
      <dst id="10">2465.2533</dst>
      <dst id="22">587.0578</dst>
      <dst id="7">6146.1778</dst>
      <dst id="2">991.8489</dst>
      <dst id="6">0.2489</dst>
      <dst id="16">74.7378</dst>
      <dst id="14">86.9867</dst>
      <dst id="20">468.4889</dst>
      <dst id="11">1538.3022</dst>
      <dst id="9">468.1333</dst>
      <dst id="17">12366.5956</dst>
      <dst id="21">885.6000</dst>
      <dst id="15">3777.6356</dst>
    </src>
    <src id="6">
      <dst id="12">625.2267</dst>
      <dst id="13">30.1778</dst>
      <dst id="19">0.4622</dst>
      <dst id="4">0.3556</dst>
      <dst id="1">692.9600</dst>
      <dst id="3">2.4800</dst>
      <dst id="22">89.5378</dst>
      <dst id="7">0.3378</dst>
      <dst id="2">132.5333</dst>
      <dst id="16">224.6756</dst>
      <dst id="9">654.0533</dst>
      <dst id="17">23059.2889</dst>
      <dst id="21">90.3111</dst>
    </src>
    <src id="16">
      <dst id="12">86384.7822</dst>
      <dst id="13">2655.4044</dst>
      <dst id="19">4142.2667</dst>
      <dst id="23">82.3289</dst>
      <dst id="8">54962.1600</dst>
      <dst id="18">6.4978</dst>
      <dst id="4">266.1956</dst>
      <dst id="1">31264.1689</dst>
      <dst id="5">182051.4311</dst>
      <dst id="3">1727.4400</dst>
      <dst id="10">241.8489</dst>
      <dst id="2">346.1956</dst>
      <dst id="16">12551.9556</dst>
      <dst id="14">24953.7156</dst>
      <dst id="11">10614.2933</dst>
      <dst id="9">116905.2889</dst>
      <dst id="17">560.1156</dst>
      <dst id="21">106.6667</dst>
    </src>
    <src id="14">
      <dst id="12">377.2089</dst>
      <dst id="13">192.3733</dst>
      <dst id="19">16.1333</dst>
      <dst id="23">1.6889</dst>
      <dst id="8">0.3022</dst>
      <dst id="18">40.0000</dst>
      <dst id="4">326.4444</dst>
      <dst id="1">1018.5689</dst>
      <dst id="5">61.8844</dst>
      <dst id="3">713.4933</dst>
      <dst id="10">421.0578</dst>
      <dst id="22">27.4578</dst>
      <dst id="7">138.5778</dst>
      <dst id="2">117.1733</dst>
      <dst id="16">1482.0622</dst>
      <dst id="11">13.5467</dst>
      <dst id="9">1976.6756</dst>
      <dst id="17">22006.0356</dst>
      <dst id="21">51.9822</dst>
      <dst id="15">0.8356</dst>
    </src>
    <src id="20">
      <dst id="12">2219.3867</dst>
      <dst id="13">1008.8711</dst>
      <dst id="19">2.8356</dst>
      <dst id="23">0.9244</dst>
      <dst id="8">0.7822</dst>
      <dst id="18">34.0356</dst>
      <dst id="4">1416.4356</dst>
      <dst id="1">110.9600</dst>
      <dst id="5">11552.2667</dst>
      <dst id="10">1184.5422</dst>
      <dst id="7">14.6844</dst>
      <dst id="2">653.7689</dst>
      <dst id="16">11723.0578</dst>
      <dst id="20">43.0400</dst>
      <dst id="11">13.9200</dst>
      <dst id="9">2629.1733</dst>
      <dst id="17">4124.1156</dst>
      <dst id="21">78.5156</dst>
    </src>
    <src id="11">
      <dst id="12">28937.8044</dst>
      <dst id="13">2185.9467</dst>
      <dst id="19">33.3333</dst>
      <dst id="23">8.5511</dst>
      <dst id="8">16.8800</dst>
      <dst id="18">59.7422</dst>
      <dst id="4">1118.6133</dst>
      <dst id="1">39230.2578</dst>
      <dst id="5">770.8267</dst>
      <dst id="3">1427.1644</dst>
      <dst id="10">273.5289</dst>
      <dst id="22">271.3600</dst>
      <dst id="2">10654.4622</dst>
      <dst id="16">16104.0622</dst>
      <dst id="14">83.8400</dst>
      <dst id="20">96.6933</dst>
      <dst id="11">1162.1333</dst>
      <dst id="9">56095.6267</dst>
      <dst id="17">478633.6978</dst>
      <dst id="21">469.9022</dst>
      <dst id="15">28.4800</dst>
    </src>
    <src id="9">
      <dst id="12">24840.6933</dst>
      <dst id="13">1604.3733</dst>
      <dst id="19">88.1778</dst>
      <dst id="23">205.1200</dst>
      <dst id="8">62697.0578</dst>
      <dst id="18">38.1600</dst>
      <dst id="4">702.9956</dst>
      <dst id="1">6283.9022</dst>
      <dst id="5">1348.5156</dst>
      <dst id="3">863.6800</dst>
      <dst id="10">352.9600</dst>
      <dst id="22">96.5244</dst>
      <dst id="2">140.5067</dst>
      <dst id="16">498641.5022</dst>
      <dst id="14">25.9200</dst>
      <dst id="11">74.9600</dst>
      <dst id="9">214526.1600</dst>
      <dst id="17">42549.6444</dst>
      <dst id="21">40.1867</dst>
      <dst id="15">898.3289</dst>
    </src>
    <src id="17">
      <dst id="12">67059.6089</dst>
      <dst id="13">19586.0533</dst>
      <dst id="19">3984.0889</dst>
      <dst id="23">25.3156</dst>
      <dst id="8">158.3200</dst>
      <dst id="18">1783.4222</dst>
      <dst id="4">11596.4978</dst>
      <dst id="1">7641.0578</dst>
      <dst id="5">116200.6844</dst>
      <dst id="3">1891.9111</dst>
      <dst id="10">4259.7956</dst>
      <dst id="22">1361.9822</dst>
      <dst id="7">17963.3867</dst>
      <dst id="2">5371.4044</dst>
      <dst id="16">39704.7200</dst>
      <dst id="14">8131.9289</dst>
      <dst id="20">177.9644</dst>
      <dst id="11">10328.9333</dst>
      <dst id="9">4193.1822</dst>
      <dst id="17">13103.6089</dst>
      <dst id="21">3658.7200</dst>
      <dst id="15">30.7911</dst>
    </src>
    <src id="21">
      <dst id="12">1073.4578</dst>
      <dst id="13">1226.5511</dst>
      <dst id="19">418.9689</dst>
      <dst id="23">32.5422</dst>
      <dst id="8">115.2444</dst>
      <dst id="18">923.3067</dst>
      <dst id="4">732.2578</dst>
      <dst id="1">1477.0933</dst>
      <dst id="5">483.0311</dst>
      <dst id="3">897.8667</dst>
      <dst id="10">356.3378</dst>
      <dst id="22">234.5422</dst>
      <dst id="7">830.3378</dst>
      <dst id="2">1902.9422</dst>
      <dst id="16">5147.5733</dst>
      <dst id="14">118.1333</dst>
      <dst id="20">119.7422</dst>
      <dst id="11">692.5244</dst>
      <dst id="9">1212.6400</dst>
      <dst id="17">10759.2089</dst>
      <dst id="21">1948.0356</dst>
      <dst id="15">21.5200</dst>
    </src>
    <src id="15">
      <dst id="12">2.0711</dst>
      <dst id="13">30.6133</dst>
      <dst id="19">6598.0089</dst>
      <dst id="23">47.3600</dst>
      <dst id="8">33.5378</dst>
      <dst id="18">0.4356</dst>
      <dst id="4">40.1156</dst>
      <dst id="1">135.0311</dst>
      <dst id="5">255.3333</dst>
      <dst id="10">42.5333</dst>
      <dst id="2">96.1333</dst>
      <dst id="16">5839.6711</dst>
      <dst id="14">2.9067</dst>
      <dst id="11">0.9244</dst>
      <dst id="9">352.4711</dst>
      <dst id="17">363.2622</dst>
      <dst id="21">23.1822</dst>
    </src>
  </IntraTM>
</TrafficMatrixFile>
