<?xml version="1.0" encoding="UTF-8" standalone="yes"?>
<TrafficMatrixFile xmlns:xsi="http://www.w3.org/2001/XMLSchema-instance" xsi:noNamespaceSchemaLocation="http://totem.run.montefiore.ulg.ac.be/Schema/TrafficMatrix-v1_2.xsd">
  <info>
    <title>Intradomain traffic matrix generated by geant-TM-all.pl</title>
    <date>2005-01-26T06:30:00</date>
    <duration>900</duration>
    <author>Steve Uhlig</author>
    <units>
        <unit type="bandwidth" value="kbps"/>
    </units>
  </info>
  <IntraTM ASID="20965">
    <src id="12">
      <dst id="12">195734.6489</dst>
      <dst id="13">23451.0756</dst>
      <dst id="19">1611.2978</dst>
      <dst id="23">33.1733</dst>
      <dst id="8">3307.6889</dst>
      <dst id="18">60187.0044</dst>
      <dst id="4">61578.3378</dst>
      <dst id="1">28926.2667</dst>
      <dst id="5">6163.9822</dst>
      <dst id="3">1225.1200</dst>
      <dst id="10">5049.5911</dst>
      <dst id="22">5942.4000</dst>
      <dst id="7">4133.7067</dst>
      <dst id="2">59775.4133</dst>
      <dst id="16">10080.2667</dst>
      <dst id="14">1131.8933</dst>
      <dst id="20">8590.6578</dst>
      <dst id="11">2490.4711</dst>
      <dst id="9">3064.0089</dst>
      <dst id="17">24577.1289</dst>
      <dst id="21">3378.3022</dst>
      <dst id="15">293.6889</dst>
    </src>
    <src id="13">
      <dst id="12">48891.2711</dst>
      <dst id="19">4805.1733</dst>
      <dst id="23">19.6356</dst>
      <dst id="8">5047.7156</dst>
      <dst id="18">4186.9956</dst>
      <dst id="1">4458.1689</dst>
      <dst id="5">7700.5956</dst>
      <dst id="3">15664.3022</dst>
      <dst id="22">13194.4267</dst>
      <dst id="7">10340.0356</dst>
      <dst id="2">109054.2222</dst>
      <dst id="16">5029.8756</dst>
      <dst id="14">1515.6000</dst>
      <dst id="20">17988.7911</dst>
      <dst id="11">10669.1644</dst>
      <dst id="9">16850.5600</dst>
      <dst id="17">178802.9067</dst>
      <dst id="21">20174.8800</dst>
      <dst id="15">970.3200</dst>
    </src>
    <src id="19">
      <dst id="12">13254.1867</dst>
      <dst id="13">8879.2356</dst>
      <dst id="23">0.6933</dst>
      <dst id="8">106.4889</dst>
      <dst id="4">18075.6889</dst>
      <dst id="1">7.9733</dst>
      <dst id="5">51.2711</dst>
      <dst id="3">1150.9333</dst>
      <dst id="10">1151.0756</dst>
      <dst id="22">723.0756</dst>
      <dst id="7">3881.5111</dst>
      <dst id="2">2145.4400</dst>
      <dst id="16">17109.9822</dst>
      <dst id="14">6.3378</dst>
      <dst id="20">97.3422</dst>
      <dst id="11">54.4889</dst>
      <dst id="9">16.0622</dst>
      <dst id="17">780.1511</dst>
      <dst id="21">321.0756</dst>
      <dst id="15">2.3467</dst>
    </src>
    <src id="23">
      <dst id="12">818.9867</dst>
      <dst id="13">68.5778</dst>
      <dst id="19">15.7778</dst>
      <dst id="8">25.9556</dst>
      <dst id="18">0.8711</dst>
      <dst id="1">27.1289</dst>
      <dst id="5">12.6222</dst>
      <dst id="3">12.6222</dst>
      <dst id="22">203.1911</dst>
      <dst id="7">31.8222</dst>
      <dst id="2">1.1733</dst>
      <dst id="16">51.2533</dst>
      <dst id="14">13.2444</dst>
      <dst id="20">2.0178</dst>
      <dst id="11">1.4933</dst>
      <dst id="9">294.5867</dst>
      <dst id="17">102.7467</dst>
      <dst id="21">14.6133</dst>
    </src>
    <src id="8">
      <dst id="12">5892.1956</dst>
      <dst id="13">1369.2267</dst>
      <dst id="19">3414.1689</dst>
      <dst id="23">2.5333</dst>
      <dst id="18">29.8667</dst>
      <dst id="4">3516.7644</dst>
      <dst id="1">11611.0667</dst>
      <dst id="5">1169.3244</dst>
      <dst id="3">25.2533</dst>
      <dst id="10">52.9867</dst>
      <dst id="22">368.1244</dst>
      <dst id="7">46.6933</dst>
      <dst id="2">1936.4356</dst>
      <dst id="16">327.1022</dst>
      <dst id="14">26.2044</dst>
      <dst id="20">108.5956</dst>
      <dst id="11">387.4844</dst>
      <dst id="9">175888.9333</dst>
      <dst id="17">294342.6222</dst>
      <dst id="21">901.6800</dst>
      <dst id="15">18.5422</dst>
    </src>
    <src id="18">
      <dst id="12">156347.4311</dst>
      <dst id="13">984.6667</dst>
      <dst id="19">1.4844</dst>
      <dst id="23">0.4267</dst>
      <dst id="8">0.7111</dst>
      <dst id="4">1385.6711</dst>
      <dst id="1">822.9333</dst>
      <dst id="5">158.8267</dst>
      <dst id="3">669.0756</dst>
      <dst id="10">39.4400</dst>
      <dst id="22">229.4133</dst>
      <dst id="7">1752.2844</dst>
      <dst id="2">48147.5822</dst>
      <dst id="16">62.7911</dst>
      <dst id="14">1.3689</dst>
      <dst id="20">102.5778</dst>
      <dst id="11">34.7911</dst>
      <dst id="9">147.4844</dst>
      <dst id="17">12742.5422</dst>
      <dst id="21">165.2889</dst>
      <dst id="15">1.4933</dst>
    </src>
    <src id="4">
      <dst id="12">10380.3911</dst>
      <dst id="19">4891.3867</dst>
      <dst id="8">717.6800</dst>
      <dst id="18">3935.6889</dst>
      <dst id="4">0.3556</dst>
      <dst id="1">724.6311</dst>
      <dst id="5">1526.1067</dst>
      <dst id="3">99185.8311</dst>
      <dst id="22">2022.8444</dst>
      <dst id="7">39554.8444</dst>
      <dst id="2">27415.2889</dst>
      <dst id="16">844.0711</dst>
      <dst id="14">760.9600</dst>
      <dst id="20">479.3156</dst>
      <dst id="11">4154.8800</dst>
      <dst id="9">1348.7467</dst>
      <dst id="17">63211.3778</dst>
      <dst id="21">2105.7422</dst>
      <dst id="15">23.5378</dst>
    </src>
    <src id="1">
      <dst id="12">19122.1956</dst>
      <dst id="13">598.6667</dst>
      <dst id="19">28.8000</dst>
      <dst id="23">14.3022</dst>
      <dst id="8">95.3867</dst>
      <dst id="18">13261.9200</dst>
      <dst id="4">3335.8578</dst>
      <dst id="1">88.0356</dst>
      <dst id="5">121.2267</dst>
      <dst id="3">49931.3067</dst>
      <dst id="10">26.5333</dst>
      <dst id="22">9068.6133</dst>
      <dst id="7">25320.2756</dst>
      <dst id="2">15191.7244</dst>
      <dst id="16">25940.8622</dst>
      <dst id="14">110.9689</dst>
      <dst id="20">1340.3644</dst>
      <dst id="11">477.2622</dst>
      <dst id="9">836.2667</dst>
      <dst id="17">18121.4133</dst>
      <dst id="21">6561.7422</dst>
      <dst id="15">716.4800</dst>
    </src>
    <src id="5">
      <dst id="12">12697.3956</dst>
      <dst id="13">1643.6711</dst>
      <dst id="19">1193.8400</dst>
      <dst id="23">0.4622</dst>
      <dst id="8">2431.3511</dst>
      <dst id="18">338.6044</dst>
      <dst id="4">4796.7289</dst>
      <dst id="1">2905.5733</dst>
      <dst id="3">297.0933</dst>
      <dst id="10">251.8667</dst>
      <dst id="22">2245.1556</dst>
      <dst id="7">102.3911</dst>
      <dst id="2">7126.7733</dst>
      <dst id="16">746.5156</dst>
      <dst id="14">27.9289</dst>
      <dst id="20">1667.2622</dst>
      <dst id="11">840.7022</dst>
      <dst id="9">73287.3156</dst>
      <dst id="17">394692.8089</dst>
      <dst id="21">208.3556</dst>
      <dst id="15">234.0533</dst>
    </src>
    <src id="3">
      <dst id="12">1812.4533</dst>
      <dst id="13">5105.5644</dst>
      <dst id="19">1114.6489</dst>
      <dst id="23">2.6578</dst>
      <dst id="8">23.8933</dst>
      <dst id="18">1018.0533</dst>
      <dst id="4">63110.3733</dst>
      <dst id="1">14187.8756</dst>
      <dst id="5">333.9822</dst>
      <dst id="3">50.1778</dst>
      <dst id="10">990.4978</dst>
      <dst id="22">4402.6222</dst>
      <dst id="7">11750.8089</dst>
      <dst id="2">15100.9333</dst>
      <dst id="16">3173.4311</dst>
      <dst id="14">128.2222</dst>
      <dst id="20">2442.5156</dst>
      <dst id="11">1266.1778</dst>
      <dst id="9">194.5511</dst>
      <dst id="17">27514.8711</dst>
      <dst id="21">14914.6933</dst>
      <dst id="15">470.7378</dst>
    </src>
    <src id="10">
      <dst id="12">24771.7067</dst>
      <dst id="19">1081.4044</dst>
      <dst id="8">92338.0000</dst>
      <dst id="18">193.2089</dst>
      <dst id="1">158.2756</dst>
      <dst id="5">233544.9333</dst>
      <dst id="3">15908.7022</dst>
      <dst id="22">2977.6178</dst>
      <dst id="7">7873.8933</dst>
      <dst id="2">17006.6578</dst>
      <dst id="16">324.8267</dst>
      <dst id="14">38896.7556</dst>
      <dst id="20">837.4933</dst>
      <dst id="11">136498.0444</dst>
      <dst id="9">219798.1867</dst>
      <dst id="17">11169.4222</dst>
      <dst id="21">22699.7333</dst>
      <dst id="15">29.3689</dst>
    </src>
    <src id="22">
      <dst id="12">5437.8133</dst>
      <dst id="13">2021.6622</dst>
      <dst id="19">53.4044</dst>
      <dst id="23">46.4000</dst>
      <dst id="8">306.9956</dst>
      <dst id="18">332.6756</dst>
      <dst id="4">9115.7867</dst>
      <dst id="1">620.4356</dst>
      <dst id="5">1888.0533</dst>
      <dst id="3">1187.7156</dst>
      <dst id="10">980.4356</dst>
      <dst id="7">638.4178</dst>
      <dst id="2">1653.8844</dst>
      <dst id="14">24.7467</dst>
      <dst id="11">753.3600</dst>
      <dst id="9">1796.8267</dst>
      <dst id="17">2787.1822</dst>
      <dst id="21">200.2933</dst>
    </src>
    <src id="7">
      <dst id="12">5081.8311</dst>
      <dst id="13">299.4222</dst>
      <dst id="19">939.9644</dst>
      <dst id="23">336.9244</dst>
      <dst id="8">202.2844</dst>
      <dst id="18">547.6978</dst>
      <dst id="4">11173.6444</dst>
      <dst id="1">17770.9067</dst>
      <dst id="5">2150.6578</dst>
      <dst id="3">2200.0000</dst>
      <dst id="10">151.6267</dst>
      <dst id="22">3489.1644</dst>
      <dst id="7">14.3644</dst>
      <dst id="2">7886.0089</dst>
      <dst id="16">753.9911</dst>
      <dst id="14">449.9111</dst>
      <dst id="20">237.6444</dst>
      <dst id="11">263.6000</dst>
      <dst id="9">714.1244</dst>
      <dst id="17">6325.6711</dst>
      <dst id="21">684.0178</dst>
      <dst id="15">423.9289</dst>
    </src>
    <src id="2">
      <dst id="12">86989.4667</dst>
      <dst id="13">9746.7022</dst>
      <dst id="19">1596.9600</dst>
      <dst id="23">7.3067</dst>
      <dst id="8">150.8533</dst>
      <dst id="18">53838.8178</dst>
      <dst id="4">62598.0267</dst>
      <dst id="1">23201.9644</dst>
      <dst id="5">3363.5911</dst>
      <dst id="3">1637.0667</dst>
      <dst id="10">3348.4178</dst>
      <dst id="22">1895.8578</dst>
      <dst id="7">2689.6356</dst>
      <dst id="2">415.5111</dst>
      <dst id="16">1051.7600</dst>
      <dst id="14">261.8489</dst>
      <dst id="20">201.6000</dst>
      <dst id="11">5517.6711</dst>
      <dst id="9">4278.7378</dst>
      <dst id="17">29560.6133</dst>
      <dst id="21">806.8978</dst>
      <dst id="15">172.3644</dst>
    </src>
    <src id="6">
      <dst id="12">59.9822</dst>
      <dst id="13">6.0000</dst>
      <dst id="19">14.0444</dst>
      <dst id="8">0.3556</dst>
      <dst id="4">33.8044</dst>
      <dst id="1">50.6933</dst>
      <dst id="3">2.9067</dst>
      <dst id="10">0.3556</dst>
      <dst id="7">2.2222</dst>
      <dst id="2">2565.0133</dst>
      <dst id="20">15.5378</dst>
      <dst id="9">20.2489</dst>
      <dst id="17">10067.7067</dst>
      <dst id="21">14.5422</dst>
    </src>
    <src id="16">
      <dst id="12">4372.6222</dst>
      <dst id="13">5208.9867</dst>
      <dst id="19">4896.1333</dst>
      <dst id="23">3.7422</dst>
      <dst id="8">4667.0933</dst>
      <dst id="18">5.7956</dst>
      <dst id="4">3566.8444</dst>
      <dst id="1">23336.0533</dst>
      <dst id="5">2987.0933</dst>
      <dst id="3">1756.2400</dst>
      <dst id="10">1014.7111</dst>
      <dst id="7">1599.6267</dst>
      <dst id="2">711.9378</dst>
      <dst id="16">47.2000</dst>
      <dst id="14">176.4356</dst>
      <dst id="11">153.5644</dst>
      <dst id="9">4817.1733</dst>
      <dst id="17">3902.4711</dst>
      <dst id="21">91.6444</dst>
    </src>
    <src id="14">
      <dst id="12">328.4711</dst>
      <dst id="13">38.3556</dst>
      <dst id="19">3.8311</dst>
      <dst id="23">0.4622</dst>
      <dst id="8">0.7111</dst>
      <dst id="18">0.8178</dst>
      <dst id="4">938.6311</dst>
      <dst id="1">343.8222</dst>
      <dst id="5">3.2089</dst>
      <dst id="3">110.6311</dst>
      <dst id="10">14.4978</dst>
      <dst id="22">30.2756</dst>
      <dst id="7">20.8089</dst>
      <dst id="2">4518.8089</dst>
      <dst id="16">12.8711</dst>
      <dst id="20">18.1689</dst>
      <dst id="11">6.7111</dst>
      <dst id="9">16.5600</dst>
      <dst id="17">29845.1378</dst>
      <dst id="21">38.5333</dst>
      <dst id="15">2.0978</dst>
    </src>
    <src id="20">
      <dst id="12">6041.0311</dst>
      <dst id="13">3136.8978</dst>
      <dst id="19">367.8222</dst>
      <dst id="23">18.4089</dst>
      <dst id="8">41.8844</dst>
      <dst id="18">112.3556</dst>
      <dst id="4">12568.1422</dst>
      <dst id="1">347.4844</dst>
      <dst id="5">349.3244</dst>
      <dst id="3">147.5022</dst>
      <dst id="10">2862.5689</dst>
      <dst id="7">2889.2444</dst>
      <dst id="2">1584.3022</dst>
      <dst id="11">30.6044</dst>
      <dst id="9">2468.1956</dst>
      <dst id="17">1139.0400</dst>
      <dst id="21">285.0400</dst>
    </src>
    <src id="11">
      <dst id="12">13919.7600</dst>
      <dst id="13">1795.0578</dst>
      <dst id="19">15.8933</dst>
      <dst id="23">6.7289</dst>
      <dst id="8">89.1022</dst>
      <dst id="18">394.0711</dst>
      <dst id="4">9535.8222</dst>
      <dst id="1">532.3467</dst>
      <dst id="5">1134.8622</dst>
      <dst id="3">187.0844</dst>
      <dst id="10">331.9022</dst>
      <dst id="22">3992.8089</dst>
      <dst id="7">385.8756</dst>
      <dst id="2">107964.3733</dst>
      <dst id="16">1030.1956</dst>
      <dst id="14">8.9600</dst>
      <dst id="20">107.9200</dst>
      <dst id="11">1335.4933</dst>
      <dst id="9">1512.0889</dst>
      <dst id="17">621598.2044</dst>
      <dst id="21">236.6222</dst>
      <dst id="15">221.7867</dst>
    </src>
    <src id="9">
      <dst id="12">16190.2578</dst>
      <dst id="13">4470.0178</dst>
      <dst id="19">4.2756</dst>
      <dst id="23">11.0578</dst>
      <dst id="8">113179.3600</dst>
      <dst id="18">42.6133</dst>
      <dst id="4">6269.0400</dst>
      <dst id="1">9214.4711</dst>
      <dst id="5">841.5733</dst>
      <dst id="3">97.9378</dst>
      <dst id="10">540.8000</dst>
      <dst id="22">6411.0578</dst>
      <dst id="7">651.0311</dst>
      <dst id="2">7679.3333</dst>
      <dst id="16">451.7067</dst>
      <dst id="14">12.6222</dst>
      <dst id="20">9687.6356</dst>
      <dst id="11">573.6444</dst>
      <dst id="9">536402.4444</dst>
      <dst id="17">523709.6800</dst>
      <dst id="21">127.5733</dst>
      <dst id="15">4495.0133</dst>
    </src>
    <src id="17">
      <dst id="12">9449.1556</dst>
      <dst id="13">3818.9956</dst>
      <dst id="19">239.7956</dst>
      <dst id="23">41.0133</dst>
      <dst id="8">62.7111</dst>
      <dst id="18">59.1111</dst>
      <dst id="4">27993.7244</dst>
      <dst id="1">21561.1111</dst>
      <dst id="5">185302.8444</dst>
      <dst id="3">4634.7289</dst>
      <dst id="10">2466.1156</dst>
      <dst id="22">1199.6178</dst>
      <dst id="7">1101.9911</dst>
      <dst id="2">11170.8356</dst>
      <dst id="16">2073.9378</dst>
      <dst id="14">27141.0933</dst>
      <dst id="20">3995.5467</dst>
      <dst id="11">112996.0267</dst>
      <dst id="9">1662.3733</dst>
      <dst id="17">9636.8889</dst>
      <dst id="21">15614.4444</dst>
      <dst id="15">83.4933</dst>
    </src>
    <src id="21">
      <dst id="12">1480.9422</dst>
      <dst id="13">961.9733</dst>
      <dst id="19">229.7511</dst>
      <dst id="23">4.8978</dst>
      <dst id="8">46.2133</dst>
      <dst id="18">486.5778</dst>
      <dst id="4">6189.3867</dst>
      <dst id="1">829.3689</dst>
      <dst id="5">661.8578</dst>
      <dst id="3">13156.7911</dst>
      <dst id="10">1137.6889</dst>
      <dst id="22">2576.0444</dst>
      <dst id="7">933.1200</dst>
      <dst id="2">10972.4444</dst>
      <dst id="16">109.9556</dst>
      <dst id="14">228.8978</dst>
      <dst id="20">14905.2800</dst>
      <dst id="11">387.1289</dst>
      <dst id="9">847.9111</dst>
      <dst id="17">41008.1244</dst>
      <dst id="21">608.6933</dst>
      <dst id="15">444.6133</dst>
    </src>
    <src id="15">
      <dst id="12">677.3689</dst>
      <dst id="13">887.3422</dst>
      <dst id="19">130.2933</dst>
      <dst id="23">0.4978</dst>
      <dst id="8">43.8667</dst>
      <dst id="18">26.6667</dst>
      <dst id="4">927.7511</dst>
      <dst id="1">36.1600</dst>
      <dst id="5">164.4089</dst>
      <dst id="3">21.1378</dst>
      <dst id="10">37.4933</dst>
      <dst id="7">88.8178</dst>
      <dst id="2">4307.9022</dst>
      <dst id="14">29.7956</dst>
      <dst id="11">78.7644</dst>
      <dst id="9">300.2578</dst>
      <dst id="17">317.0311</dst>
      <dst id="21">278.9422</dst>
    </src>
  </IntraTM>
</TrafficMatrixFile>
