<?xml version="1.0" encoding="UTF-8" standalone="yes"?>
<TrafficMatrixFile xmlns:xsi="http://www.w3.org/2001/XMLSchema-instance" xsi:noNamespaceSchemaLocation="http://totem.run.montefiore.ulg.ac.be/Schema/TrafficMatrix-v1_2.xsd">
  <info>
    <title>Intradomain traffic matrix generated by geant-TM-all.pl</title>
    <date>2005-03-28T08:30:00</date>
    <duration>900</duration>
    <author>Steve Uhlig</author>
    <units>
        <unit type="bandwidth" value="kbps"/>
    </units>
  </info>
  <IntraTM ASID="20965">
    <src id="12">
      <dst id="12">281538.1778</dst>
      <dst id="13">21675.0844</dst>
      <dst id="19">1717.2533</dst>
      <dst id="23">4987.0044</dst>
      <dst id="8">149.0933</dst>
      <dst id="18">64643.1200</dst>
      <dst id="4">6500.0267</dst>
      <dst id="1">18167.3778</dst>
      <dst id="5">661.5556</dst>
      <dst id="3">157.4222</dst>
      <dst id="10">2281.6444</dst>
      <dst id="22">1623.3600</dst>
      <dst id="7">968.4444</dst>
      <dst id="2">32349.0133</dst>
      <dst id="6">12412.2133</dst>
      <dst id="16">1885.1289</dst>
      <dst id="14">241.4044</dst>
      <dst id="20">10348.5333</dst>
      <dst id="11">59.6622</dst>
      <dst id="9">1486.3111</dst>
      <dst id="17">27165.8756</dst>
      <dst id="21">5673.9911</dst>
      <dst id="15">1733.3244</dst>
    </src>
    <src id="13">
      <dst id="12">18675.3422</dst>
      <dst id="13">13.2622</dst>
      <dst id="19">2374.2222</dst>
      <dst id="23">74.3467</dst>
      <dst id="8">57.7244</dst>
      <dst id="18">8731.2889</dst>
      <dst id="1">545.0933</dst>
      <dst id="5">14572.7822</dst>
      <dst id="3">5.4311</dst>
      <dst id="10">13.1378</dst>
      <dst id="22">4153.4400</dst>
      <dst id="7">308.5600</dst>
      <dst id="2">5538.5867</dst>
      <dst id="6">125.1378</dst>
      <dst id="16">1756.7200</dst>
      <dst id="14">18.9956</dst>
      <dst id="20">1864.7644</dst>
      <dst id="11">838.3822</dst>
      <dst id="9">648.1778</dst>
      <dst id="17">31537.8667</dst>
      <dst id="21">312.8089</dst>
      <dst id="15">95.6000</dst>
    </src>
    <src id="19">
      <dst id="12">28477.0933</dst>
      <dst id="13">1122.5956</dst>
      <dst id="23">0.3556</dst>
      <dst id="8">6.6844</dst>
      <dst id="18">0.3822</dst>
      <dst id="4">113.8489</dst>
      <dst id="1">120.4178</dst>
      <dst id="3">16.4622</dst>
      <dst id="10">178.6489</dst>
      <dst id="22">2820.1244</dst>
      <dst id="7">3022.0800</dst>
      <dst id="2">592.8978</dst>
      <dst id="6">1.3600</dst>
      <dst id="16">284.0978</dst>
      <dst id="14">24.0089</dst>
      <dst id="11">14.4444</dst>
      <dst id="9">102.5867</dst>
      <dst id="17">2454.8711</dst>
      <dst id="21">22.3911</dst>
    </src>
    <src id="23">
      <dst id="12">850.2311</dst>
      <dst id="13">634.0800</dst>
      <dst id="19">13.3333</dst>
      <dst id="8">799.7778</dst>
      <dst id="18">315.2889</dst>
      <dst id="4">145.0044</dst>
      <dst id="1">137.8844</dst>
      <dst id="5">13.7956</dst>
      <dst id="10">9.7067</dst>
      <dst id="22">51.3511</dst>
      <dst id="7">1424.7556</dst>
      <dst id="2">393.1200</dst>
      <dst id="16">1.3867</dst>
      <dst id="14">13.3333</dst>
      <dst id="20">0.8356</dst>
      <dst id="11">14.6133</dst>
      <dst id="9">182.7822</dst>
      <dst id="17">2835.4133</dst>
      <dst id="21">39.2889</dst>
    </src>
    <src id="8">
      <dst id="12">8024.8622</dst>
      <dst id="13">2222.4533</dst>
      <dst id="19">1.4044</dst>
      <dst id="23">499.8756</dst>
      <dst id="18">13.9556</dst>
      <dst id="4">156.8000</dst>
      <dst id="1">1424.1956</dst>
      <dst id="5">264.8622</dst>
      <dst id="10">2581.7511</dst>
      <dst id="7">0.7111</dst>
      <dst id="2">210.0889</dst>
      <dst id="16">190006.9600</dst>
      <dst id="14">0.4622</dst>
      <dst id="11">0.5067</dst>
      <dst id="9">61473.6622</dst>
      <dst id="17">14503.1289</dst>
      <dst id="21">1.1467</dst>
      <dst id="15">46.8444</dst>
    </src>
    <src id="18">
      <dst id="12">108165.3422</dst>
      <dst id="13">512.9244</dst>
      <dst id="19">0.9422</dst>
      <dst id="23">27.4844</dst>
      <dst id="8">0.3556</dst>
      <dst id="4">127.3778</dst>
      <dst id="1">3119.4667</dst>
      <dst id="5">116.1511</dst>
      <dst id="3">1899.3067</dst>
      <dst id="10">20.2844</dst>
      <dst id="22">153.1378</dst>
      <dst id="7">93.7778</dst>
      <dst id="2">8273.5556</dst>
      <dst id="16">716.4089</dst>
      <dst id="14">0.6489</dst>
      <dst id="20">57.4756</dst>
      <dst id="11">17.2089</dst>
      <dst id="9">646.4533</dst>
      <dst id="17">3800.4000</dst>
      <dst id="21">119.9022</dst>
      <dst id="15">1.0667</dst>
    </src>
    <src id="4">
      <dst id="12">25876.1956</dst>
      <dst id="13">4.2133</dst>
      <dst id="19">6255.4400</dst>
      <dst id="23">7835.8933</dst>
      <dst id="8">623.6356</dst>
      <dst id="18">3033.3956</dst>
      <dst id="4">3924.6222</dst>
      <dst id="1">116133.7156</dst>
      <dst id="5">1619.5467</dst>
      <dst id="3">1.5022</dst>
      <dst id="22">2682.0089</dst>
      <dst id="7">171.0400</dst>
      <dst id="2">58326.0356</dst>
      <dst id="6">316.5867</dst>
      <dst id="16">104562.2756</dst>
      <dst id="14">2125.7511</dst>
      <dst id="11">632.3822</dst>
      <dst id="9">26284.5244</dst>
      <dst id="17">68326.0889</dst>
      <dst id="21">9961.7867</dst>
      <dst id="15">255.0667</dst>
    </src>
    <src id="1">
      <dst id="12">213080.9511</dst>
      <dst id="13">2089.1556</dst>
      <dst id="19">114.0444</dst>
      <dst id="23">61.5111</dst>
      <dst id="8">5.1644</dst>
      <dst id="18">12118.9600</dst>
      <dst id="4">303.5911</dst>
      <dst id="1">56582.0356</dst>
      <dst id="5">255.2267</dst>
      <dst id="3">270.4978</dst>
      <dst id="10">271.0044</dst>
      <dst id="22">362.8444</dst>
      <dst id="7">2350.9956</dst>
      <dst id="2">12986.6311</dst>
      <dst id="6">3.0756</dst>
      <dst id="16">407082.9244</dst>
      <dst id="14">79.7778</dst>
      <dst id="20">160.9600</dst>
      <dst id="11">86.9244</dst>
      <dst id="9">13077.9111</dst>
      <dst id="17">24767.2267</dst>
      <dst id="21">273112.6844</dst>
      <dst id="15">72.7911</dst>
    </src>
    <src id="5">
      <dst id="12">18097.2267</dst>
      <dst id="13">612.5067</dst>
      <dst id="19">0.4267</dst>
      <dst id="23">1.1378</dst>
      <dst id="8">75.1733</dst>
      <dst id="18">673.8133</dst>
      <dst id="4">155.3689</dst>
      <dst id="1">2088.1067</dst>
      <dst id="3">12.8533</dst>
      <dst id="10">98.6667</dst>
      <dst id="22">7.8222</dst>
      <dst id="7">12.3644</dst>
      <dst id="2">154.2489</dst>
      <dst id="16">279170.0978</dst>
      <dst id="14">2.8356</dst>
      <dst id="11">38.8800</dst>
      <dst id="9">37598.5778</dst>
      <dst id="17">24450.0622</dst>
      <dst id="21">50.3733</dst>
      <dst id="15">104.6844</dst>
    </src>
    <src id="3">
      <dst id="12">7777.8578</dst>
      <dst id="13">89972.2222</dst>
      <dst id="19">6376.4711</dst>
      <dst id="23">10.9956</dst>
      <dst id="8">1997.9111</dst>
      <dst id="18">2656.1956</dst>
      <dst id="4">1189.9111</dst>
      <dst id="1">2976.2756</dst>
      <dst id="5">109.6533</dst>
      <dst id="3">110.3378</dst>
      <dst id="10">352.1333</dst>
      <dst id="22">42.0444</dst>
      <dst id="7">1878.7289</dst>
      <dst id="2">3111.5200</dst>
      <dst id="6">0.8533</dst>
      <dst id="16">7557.6089</dst>
      <dst id="14">165.9556</dst>
      <dst id="20">76.3911</dst>
      <dst id="11">373.4578</dst>
      <dst id="9">735.0400</dst>
      <dst id="17">26843.1911</dst>
      <dst id="21">2675.0133</dst>
      <dst id="15">3.8578</dst>
    </src>
    <src id="10">
      <dst id="12">9734.4267</dst>
      <dst id="13">1169.2089</dst>
      <dst id="19">1075.9111</dst>
      <dst id="23">3662.6667</dst>
      <dst id="8">161.6444</dst>
      <dst id="18">3763.7333</dst>
      <dst id="1">432.8000</dst>
      <dst id="5">173.5822</dst>
      <dst id="3">158.3289</dst>
      <dst id="22">72.7822</dst>
      <dst id="7">1321.0133</dst>
      <dst id="2">12243.9822</dst>
      <dst id="6">13.6178</dst>
      <dst id="16">43869.0667</dst>
      <dst id="14">4383.8311</dst>
      <dst id="20">8441.7333</dst>
      <dst id="11">0.3911</dst>
      <dst id="9">3771.0933</dst>
      <dst id="17">35158.3022</dst>
      <dst id="21">9542.9067</dst>
      <dst id="15">1324.0889</dst>
    </src>
    <src id="22">
      <dst id="12">7318.1067</dst>
      <dst id="13">11536.6667</dst>
      <dst id="19">122.7556</dst>
      <dst id="23">7.8578</dst>
      <dst id="8">2220.1867</dst>
      <dst id="18">114.7200</dst>
      <dst id="4">601.2978</dst>
      <dst id="1">349.4667</dst>
      <dst id="5">819.4578</dst>
      <dst id="3">694.4889</dst>
      <dst id="10">954.2756</dst>
      <dst id="7">5774.4089</dst>
      <dst id="2">558.0178</dst>
      <dst id="6">1.3689</dst>
      <dst id="16">3351.0489</dst>
      <dst id="14">15.7156</dst>
      <dst id="11">625.1289</dst>
      <dst id="9">377.4667</dst>
      <dst id="17">5460.3111</dst>
      <dst id="21">168.1689</dst>
    </src>
    <src id="7">
      <dst id="12">11484.7111</dst>
      <dst id="13">36750.2489</dst>
      <dst id="19">115.4933</dst>
      <dst id="23">61.1111</dst>
      <dst id="8">178.4356</dst>
      <dst id="18">340.1244</dst>
      <dst id="4">4945.5822</dst>
      <dst id="1">1440.0978</dst>
      <dst id="5">979.0400</dst>
      <dst id="3">40.5600</dst>
      <dst id="10">260.1600</dst>
      <dst id="22">1710.2489</dst>
      <dst id="7">48.4800</dst>
      <dst id="2">2021.4044</dst>
      <dst id="6">35.6711</dst>
      <dst id="16">617.9911</dst>
      <dst id="14">42.2400</dst>
      <dst id="20">2426.2311</dst>
      <dst id="11">918.3556</dst>
      <dst id="9">231.7422</dst>
      <dst id="17">7003.0756</dst>
      <dst id="21">994.8267</dst>
      <dst id="15">280.4978</dst>
    </src>
    <src id="2">
      <dst id="12">73127.8044</dst>
      <dst id="13">47665.7689</dst>
      <dst id="19">413.2622</dst>
      <dst id="23">9.4578</dst>
      <dst id="8">408.4622</dst>
      <dst id="18">37794.8444</dst>
      <dst id="4">6170.2667</dst>
      <dst id="1">6762.7911</dst>
      <dst id="5">986.0089</dst>
      <dst id="3">31.2267</dst>
      <dst id="10">1751.3422</dst>
      <dst id="22">1319.6889</dst>
      <dst id="7">9638.9333</dst>
      <dst id="2">3660.3022</dst>
      <dst id="6">9100.3111</dst>
      <dst id="16">120.0622</dst>
      <dst id="14">177.6444</dst>
      <dst id="20">124.2756</dst>
      <dst id="11">680.2578</dst>
      <dst id="9">214.2756</dst>
      <dst id="17">15726.0978</dst>
      <dst id="21">45782.6400</dst>
      <dst id="15">105.9289</dst>
    </src>
    <src id="6">
      <dst id="12">1055.6800</dst>
      <dst id="13">54.4178</dst>
      <dst id="19">13.7778</dst>
      <dst id="23">0.3378</dst>
      <dst id="18">0.3556</dst>
      <dst id="4">15.2178</dst>
      <dst id="1">135.3511</dst>
      <dst id="3">2.5600</dst>
      <dst id="10">0.7822</dst>
      <dst id="22">14.4089</dst>
      <dst id="7">57.6533</dst>
      <dst id="2">896.2578</dst>
      <dst id="16">18.4533</dst>
      <dst id="20">1.1733</dst>
      <dst id="9">75.2533</dst>
      <dst id="17">13883.8756</dst>
      <dst id="21">59.0667</dst>
    </src>
    <src id="16">
      <dst id="12">125357.8844</dst>
      <dst id="13">2168.8800</dst>
      <dst id="19">3213.6622</dst>
      <dst id="23">1.7067</dst>
      <dst id="8">65191.4933</dst>
      <dst id="18">378.7822</dst>
      <dst id="4">192.0000</dst>
      <dst id="1">8345.6533</dst>
      <dst id="5">169936.7733</dst>
      <dst id="3">6172.0444</dst>
      <dst id="10">622.3200</dst>
      <dst id="7">321.6356</dst>
      <dst id="2">488.8089</dst>
      <dst id="16">13387.2533</dst>
      <dst id="14">26227.3689</dst>
      <dst id="11">19011.3778</dst>
      <dst id="9">172712.8178</dst>
      <dst id="17">1118.3822</dst>
      <dst id="21">0.7556</dst>
    </src>
    <src id="14">
      <dst id="12">2193.7511</dst>
      <dst id="13">159.6622</dst>
      <dst id="19">29.5111</dst>
      <dst id="23">1.5378</dst>
      <dst id="18">0.5156</dst>
      <dst id="4">125.5733</dst>
      <dst id="1">325.9644</dst>
      <dst id="5">34.0889</dst>
      <dst id="3">572.7467</dst>
      <dst id="10">51.8133</dst>
      <dst id="7">57.5556</dst>
      <dst id="2">1400.6667</dst>
      <dst id="16">1400.0267</dst>
      <dst id="20">0.9244</dst>
      <dst id="11">14.0711</dst>
      <dst id="9">92.3022</dst>
      <dst id="17">19740.0178</dst>
      <dst id="21">105.6267</dst>
    </src>
    <src id="20">
      <dst id="12">13509.9822</dst>
      <dst id="13">1638.3556</dst>
      <dst id="19">1.1911</dst>
      <dst id="8">358.2933</dst>
      <dst id="18">110.1422</dst>
      <dst id="4">160.6844</dst>
      <dst id="1">3239.5111</dst>
      <dst id="5">10123.3333</dst>
      <dst id="3">1.0667</dst>
      <dst id="10">34.0000</dst>
      <dst id="22">44.5778</dst>
      <dst id="7">75.8400</dst>
      <dst id="2">729.3511</dst>
      <dst id="6">44.9956</dst>
      <dst id="16">7036.8000</dst>
      <dst id="14">1.2978</dst>
      <dst id="11">13.1733</dst>
      <dst id="9">4726.6133</dst>
      <dst id="17">1045.2267</dst>
      <dst id="21">21.0044</dst>
    </src>
    <src id="11">
      <dst id="12">29744.6222</dst>
      <dst id="13">2145.7511</dst>
      <dst id="19">129.1733</dst>
      <dst id="23">24.1422</dst>
      <dst id="8">260.8711</dst>
      <dst id="18">233.2356</dst>
      <dst id="4">411.0311</dst>
      <dst id="1">3106.1778</dst>
      <dst id="5">608.9689</dst>
      <dst id="3">965.7333</dst>
      <dst id="10">1008.0178</dst>
      <dst id="22">51.4844</dst>
      <dst id="7">313.0222</dst>
      <dst id="2">60401.6178</dst>
      <dst id="16">10880.9956</dst>
      <dst id="14">59.5911</dst>
      <dst id="20">36.3822</dst>
      <dst id="11">3149.8756</dst>
      <dst id="9">5284.2044</dst>
      <dst id="17">570913.5378</dst>
      <dst id="21">453.8844</dst>
      <dst id="15">16.8267</dst>
    </src>
    <src id="9">
      <dst id="12">41311.9556</dst>
      <dst id="13">4059.4133</dst>
      <dst id="19">16.3644</dst>
      <dst id="23">0.9600</dst>
      <dst id="8">72717.3067</dst>
      <dst id="18">39.2889</dst>
      <dst id="4">641.8578</dst>
      <dst id="1">6656.6844</dst>
      <dst id="5">954.7289</dst>
      <dst id="3">2.7200</dst>
      <dst id="10">167.7333</dst>
      <dst id="22">11.9111</dst>
      <dst id="7">586.4356</dst>
      <dst id="2">77.9200</dst>
      <dst id="6">107.8400</dst>
      <dst id="16">437284.6222</dst>
      <dst id="14">0.8889</dst>
      <dst id="11">714.9244</dst>
      <dst id="9">218914.7378</dst>
      <dst id="17">52369.8933</dst>
      <dst id="21">86.1244</dst>
      <dst id="15">146.5600</dst>
    </src>
    <src id="17">
      <dst id="12">79459.5556</dst>
      <dst id="13">7492.7378</dst>
      <dst id="19">6147.8933</dst>
      <dst id="23">12.9333</dst>
      <dst id="8">204.6489</dst>
      <dst id="18">120.3733</dst>
      <dst id="4">6308.1600</dst>
      <dst id="1">12940.7467</dst>
      <dst id="5">116567.2533</dst>
      <dst id="3">3923.8933</dst>
      <dst id="10">40343.1644</dst>
      <dst id="22">225.9644</dst>
      <dst id="7">37198.9778</dst>
      <dst id="2">19026.2489</dst>
      <dst id="6">1119.5644</dst>
      <dst id="16">53312.0889</dst>
      <dst id="14">10070.4089</dst>
      <dst id="20">1585.8489</dst>
      <dst id="11">16863.4578</dst>
      <dst id="9">9318.8178</dst>
      <dst id="17">24609.3333</dst>
      <dst id="21">2252.1778</dst>
      <dst id="15">1776.6133</dst>
    </src>
    <src id="21">
      <dst id="12">1049.6800</dst>
      <dst id="13">3218.5867</dst>
      <dst id="19">61.2000</dst>
      <dst id="23">4.8444</dst>
      <dst id="8">153.5111</dst>
      <dst id="18">1776.3467</dst>
      <dst id="4">525.4578</dst>
      <dst id="1">4385.9556</dst>
      <dst id="5">343.2889</dst>
      <dst id="3">1258.3200</dst>
      <dst id="10">464.6400</dst>
      <dst id="22">0.7111</dst>
      <dst id="7">8820.3911</dst>
      <dst id="2">40130.5867</dst>
      <dst id="6">71.6267</dst>
      <dst id="16">8682.6489</dst>
      <dst id="14">152.1867</dst>
      <dst id="20">207.9733</dst>
      <dst id="11">130.5422</dst>
      <dst id="9">743.8756</dst>
      <dst id="17">20698.6311</dst>
      <dst id="21">3815.6356</dst>
      <dst id="15">1018.0444</dst>
    </src>
    <src id="15">
      <dst id="12">5.2622</dst>
      <dst id="13">192.1778</dst>
      <dst id="19">1.0756</dst>
      <dst id="23">1.9022</dst>
      <dst id="8">3.8044</dst>
      <dst id="18">13.7600</dst>
      <dst id="4">42.0444</dst>
      <dst id="1">236.1778</dst>
      <dst id="5">95.1911</dst>
      <dst id="10">41.4044</dst>
      <dst id="7">8.7111</dst>
      <dst id="2">91.5289</dst>
      <dst id="16">422.7022</dst>
      <dst id="14">8.0267</dst>
      <dst id="11">13.8933</dst>
      <dst id="9">2753.8489</dst>
      <dst id="17">101.9111</dst>
    </src>
  </IntraTM>
</TrafficMatrixFile>
