<?xml version="1.0" encoding="UTF-8" standalone="yes"?>
<TrafficMatrixFile xmlns:xsi="http://www.w3.org/2001/XMLSchema-instance" xsi:noNamespaceSchemaLocation="http://totem.run.montefiore.ulg.ac.be/Schema/TrafficMatrix-v1_2.xsd">
  <info>
    <title>Intradomain traffic matrix generated by geant-TM-all.pl</title>
    <date>2005-03-06T05:30:00</date>
    <duration>900</duration>
    <author>Steve Uhlig</author>
    <units>
        <unit type="bandwidth" value="kbps"/>
    </units>
  </info>
  <IntraTM ASID="20965">
    <src id="12">
      <dst id="12">240808.8356</dst>
      <dst id="13">22715.8311</dst>
      <dst id="19">3640.5511</dst>
      <dst id="23">3895.3867</dst>
      <dst id="8">217.3067</dst>
      <dst id="18">108532.4800</dst>
      <dst id="4">24302.4178</dst>
      <dst id="1">24796.9067</dst>
      <dst id="5">7619.3867</dst>
      <dst id="3">43.7867</dst>
      <dst id="10">9216.4089</dst>
      <dst id="22">7454.0622</dst>
      <dst id="7">8157.2089</dst>
      <dst id="2">32983.1644</dst>
      <dst id="6">6.8889</dst>
      <dst id="16">7575.9111</dst>
      <dst id="14">3838.6578</dst>
      <dst id="20">5785.6533</dst>
      <dst id="11">69.7956</dst>
      <dst id="9">3125.5822</dst>
      <dst id="17">107930.2489</dst>
      <dst id="21">3431.4844</dst>
      <dst id="15">3310.7911</dst>
    </src>
    <src id="13">
      <dst id="12">41621.5111</dst>
      <dst id="19">16705.3244</dst>
      <dst id="23">884.6844</dst>
      <dst id="8">2632.6578</dst>
      <dst id="18">3787.2533</dst>
      <dst id="1">4686.6311</dst>
      <dst id="5">10505.6978</dst>
      <dst id="3">449.8311</dst>
      <dst id="22">9031.9200</dst>
      <dst id="7">15058.2756</dst>
      <dst id="2">41832.3289</dst>
      <dst id="6">196.5689</dst>
      <dst id="16">10278.5511</dst>
      <dst id="14">1726.7911</dst>
      <dst id="20">4208.6933</dst>
      <dst id="11">190.2311</dst>
      <dst id="9">5354.8889</dst>
      <dst id="17">91564.0978</dst>
      <dst id="21">8895.4311</dst>
      <dst id="15">19256.0089</dst>
    </src>
    <src id="19">
      <dst id="12">21545.1556</dst>
      <dst id="13">467.8667</dst>
      <dst id="23">0.4622</dst>
      <dst id="8">2.4889</dst>
      <dst id="18">2.2222</dst>
      <dst id="4">21569.5022</dst>
      <dst id="1">564.1244</dst>
      <dst id="5">19.0222</dst>
      <dst id="3">54.0622</dst>
      <dst id="10">101.2444</dst>
      <dst id="22">141.8756</dst>
      <dst id="7">3610.4800</dst>
      <dst id="2">277.6978</dst>
      <dst id="6">39.2533</dst>
      <dst id="16">5601.8933</dst>
      <dst id="14">1.8222</dst>
      <dst id="20">42.7556</dst>
      <dst id="11">13.3333</dst>
      <dst id="9">4041.2978</dst>
      <dst id="17">5252.5778</dst>
      <dst id="21">184.9511</dst>
      <dst id="15">8.6844</dst>
    </src>
    <src id="23">
      <dst id="12">4173.3244</dst>
      <dst id="13">101.5200</dst>
      <dst id="19">42.1156</dst>
      <dst id="8">1.8133</dst>
      <dst id="18">15.4756</dst>
      <dst id="4">2355.3422</dst>
      <dst id="1">54.3378</dst>
      <dst id="5">1.5378</dst>
      <dst id="10">48.0267</dst>
      <dst id="22">81.1022</dst>
      <dst id="7">56.8000</dst>
      <dst id="2">939.6444</dst>
      <dst id="6">0.4978</dst>
      <dst id="16">1243.4489</dst>
      <dst id="20">44.0533</dst>
      <dst id="11">12.6222</dst>
      <dst id="9">146.3200</dst>
      <dst id="17">29296.9778</dst>
      <dst id="21">2976.3911</dst>
    </src>
    <src id="8">
      <dst id="12">26428.9956</dst>
      <dst id="13">917.4044</dst>
      <dst id="19">203.6800</dst>
      <dst id="23">82.3733</dst>
      <dst id="18">158.2311</dst>
      <dst id="4">2000.5244</dst>
      <dst id="1">5166.3467</dst>
      <dst id="5">1847.1022</dst>
      <dst id="3">1.2889</dst>
      <dst id="10">203.6533</dst>
      <dst id="22">3222.3733</dst>
      <dst id="7">108.1244</dst>
      <dst id="2">208.1067</dst>
      <dst id="6">0.4178</dst>
      <dst id="16">159690.2578</dst>
      <dst id="14">13.6889</dst>
      <dst id="11">17.7067</dst>
      <dst id="9">199240.4711</dst>
      <dst id="17">375060.9244</dst>
      <dst id="15">906.0622</dst>
    </src>
    <src id="18">
      <dst id="12">99969.0933</dst>
      <dst id="13">335.8667</dst>
      <dst id="19">4.0622</dst>
      <dst id="23">1.2622</dst>
      <dst id="8">828.2311</dst>
      <dst id="4">193.0489</dst>
      <dst id="1">14377.1822</dst>
      <dst id="5">981.8222</dst>
      <dst id="3">230.4000</dst>
      <dst id="10">1.6711</dst>
      <dst id="22">172.0533</dst>
      <dst id="7">67.9111</dst>
      <dst id="2">23012.3378</dst>
      <dst id="16">2931.5111</dst>
      <dst id="14">264.2578</dst>
      <dst id="20">270.3200</dst>
      <dst id="11">1.6978</dst>
      <dst id="9">1017.8133</dst>
      <dst id="17">45797.6000</dst>
      <dst id="21">633.9644</dst>
      <dst id="15">18.2844</dst>
    </src>
    <src id="4">
      <dst id="12">13165.7244</dst>
      <dst id="19">3970.8889</dst>
      <dst id="23">571.4756</dst>
      <dst id="8">1072.2133</dst>
      <dst id="18">474.1067</dst>
      <dst id="4">34.8622</dst>
      <dst id="1">124238.9867</dst>
      <dst id="5">7064.7200</dst>
      <dst id="3">825.0756</dst>
      <dst id="22">1976.1511</dst>
      <dst id="7">158164.1600</dst>
      <dst id="2">37905.3867</dst>
      <dst id="6">4.0444</dst>
      <dst id="16">2662.5067</dst>
      <dst id="14">2206.9600</dst>
      <dst id="11">101.9556</dst>
      <dst id="9">4131.3867</dst>
      <dst id="17">33663.6800</dst>
      <dst id="21">2624.5422</dst>
      <dst id="15">628.5156</dst>
    </src>
    <src id="1">
      <dst id="12">24414.4089</dst>
      <dst id="13">740.6044</dst>
      <dst id="19">105.9289</dst>
      <dst id="23">46.9778</dst>
      <dst id="8">256.8889</dst>
      <dst id="18">13358.1244</dst>
      <dst id="4">2740.9156</dst>
      <dst id="1">35271.2978</dst>
      <dst id="5">351.8044</dst>
      <dst id="3">145.9289</dst>
      <dst id="10">2465.8933</dst>
      <dst id="22">12209.7511</dst>
      <dst id="7">976.1244</dst>
      <dst id="2">66782.5956</dst>
      <dst id="6">155.9733</dst>
      <dst id="16">10674.6311</dst>
      <dst id="14">61.5289</dst>
      <dst id="20">112.1956</dst>
      <dst id="11">50.5600</dst>
      <dst id="9">941.5111</dst>
      <dst id="17">82127.9378</dst>
      <dst id="21">2421.1644</dst>
      <dst id="15">79.7867</dst>
    </src>
    <src id="5">
      <dst id="12">17629.4933</dst>
      <dst id="13">1128.4178</dst>
      <dst id="19">667.7333</dst>
      <dst id="8">3490.4356</dst>
      <dst id="18">232.3911</dst>
      <dst id="4">2765.2622</dst>
      <dst id="1">35126.5778</dst>
      <dst id="3">42.6667</dst>
      <dst id="10">1366.4444</dst>
      <dst id="22">1660.2044</dst>
      <dst id="7">210.1867</dst>
      <dst id="2">476.5422</dst>
      <dst id="6">41.4311</dst>
      <dst id="16">131567.2622</dst>
      <dst id="14">39.0311</dst>
      <dst id="11">0.3556</dst>
      <dst id="9">59336.5333</dst>
      <dst id="17">266631.2622</dst>
      <dst id="21">71.4578</dst>
      <dst id="15">99.9911</dst>
    </src>
    <src id="3">
      <dst id="12">15467.5556</dst>
      <dst id="13">662.8622</dst>
      <dst id="19">1443.5111</dst>
      <dst id="23">21.6000</dst>
      <dst id="8">35.3244</dst>
      <dst id="18">32.3911</dst>
      <dst id="4">40251.9289</dst>
      <dst id="1">3972.8978</dst>
      <dst id="5">316.1244</dst>
      <dst id="3">17.5467</dst>
      <dst id="10">775.3778</dst>
      <dst id="22">399.1822</dst>
      <dst id="7">1787.0489</dst>
      <dst id="2">1664.0800</dst>
      <dst id="6">14.7289</dst>
      <dst id="16">4206.0267</dst>
      <dst id="14">79.0844</dst>
      <dst id="20">879.4667</dst>
      <dst id="11">100.1244</dst>
      <dst id="9">933.8489</dst>
      <dst id="17">31869.5467</dst>
      <dst id="21">2752.8000</dst>
      <dst id="15">96.7644</dst>
    </src>
    <src id="10">
      <dst id="12">10200.8978</dst>
      <dst id="19">1549.1644</dst>
      <dst id="23">8841.7867</dst>
      <dst id="8">1047.2089</dst>
      <dst id="18">1339.5822</dst>
      <dst id="1">1554.5067</dst>
      <dst id="5">1022.6489</dst>
      <dst id="3">637.0489</dst>
      <dst id="22">4001.9289</dst>
      <dst id="7">5406.6489</dst>
      <dst id="2">14189.6711</dst>
      <dst id="6">949.8578</dst>
      <dst id="16">1502.8267</dst>
      <dst id="14">223.1467</dst>
      <dst id="20">876.5244</dst>
      <dst id="11">56.8444</dst>
      <dst id="9">1002.8356</dst>
      <dst id="17">22320.5156</dst>
      <dst id="21">2899.4400</dst>
      <dst id="15">174.5956</dst>
    </src>
    <src id="22">
      <dst id="12">14759.3067</dst>
      <dst id="13">876.2489</dst>
      <dst id="19">198.7467</dst>
      <dst id="23">4.3378</dst>
      <dst id="8">294.8000</dst>
      <dst id="18">152.8356</dst>
      <dst id="4">4483.7067</dst>
      <dst id="1">276.0622</dst>
      <dst id="5">4805.6533</dst>
      <dst id="3">2.0800</dst>
      <dst id="10">718.6933</dst>
      <dst id="7">563.5378</dst>
      <dst id="2">899.7956</dst>
      <dst id="6">6.1689</dst>
      <dst id="14">55.6089</dst>
      <dst id="11">112.0711</dst>
      <dst id="9">1034.2044</dst>
      <dst id="17">5431.9378</dst>
      <dst id="21">516.7644</dst>
    </src>
    <src id="7">
      <dst id="12">13520.3378</dst>
      <dst id="13">185.9111</dst>
      <dst id="19">876.9600</dst>
      <dst id="23">7.8578</dst>
      <dst id="8">209.5111</dst>
      <dst id="18">268.2756</dst>
      <dst id="4">25720.7111</dst>
      <dst id="1">5730.0089</dst>
      <dst id="5">1141.0844</dst>
      <dst id="3">409.2622</dst>
      <dst id="10">3264.5244</dst>
      <dst id="22">774.4533</dst>
      <dst id="7">725.2622</dst>
      <dst id="2">16135.9733</dst>
      <dst id="6">13.8756</dst>
      <dst id="16">612.4978</dst>
      <dst id="14">139.3333</dst>
      <dst id="20">227.4844</dst>
      <dst id="11">262.9511</dst>
      <dst id="9">385.9733</dst>
      <dst id="17">9999.8044</dst>
      <dst id="21">2712.7911</dst>
      <dst id="15">617.9911</dst>
    </src>
    <src id="2">
      <dst id="12">90034.9333</dst>
      <dst id="13">19513.5556</dst>
      <dst id="19">1677.3956</dst>
      <dst id="23">0.4622</dst>
      <dst id="8">403.8756</dst>
      <dst id="18">65860.1333</dst>
      <dst id="4">33448.2311</dst>
      <dst id="1">25828.6133</dst>
      <dst id="5">971.5289</dst>
      <dst id="3">29.2356</dst>
      <dst id="10">6994.0356</dst>
      <dst id="22">221.6089</dst>
      <dst id="7">4069.4933</dst>
      <dst id="2">2311.3333</dst>
      <dst id="6">49106.1778</dst>
      <dst id="16">1817.3156</dst>
      <dst id="14">1491.6444</dst>
      <dst id="20">140.5956</dst>
      <dst id="11">148.0356</dst>
      <dst id="9">786.7822</dst>
      <dst id="17">28114.7378</dst>
      <dst id="21">6219.5289</dst>
      <dst id="15">18.0089</dst>
    </src>
    <src id="6">
      <dst id="12">2640.4622</dst>
      <dst id="13">87.2711</dst>
      <dst id="19">0.7111</dst>
      <dst id="18">0.3378</dst>
      <dst id="4">46.3289</dst>
      <dst id="1">1974.0711</dst>
      <dst id="5">0.3556</dst>
      <dst id="3">0.3556</dst>
      <dst id="10">29.9378</dst>
      <dst id="22">0.8622</dst>
      <dst id="7">3.3422</dst>
      <dst id="2">2127.8844</dst>
      <dst id="16">120.9333</dst>
      <dst id="20">0.3556</dst>
      <dst id="11">58.8800</dst>
      <dst id="9">37.5644</dst>
      <dst id="17">20947.1822</dst>
      <dst id="21">2.8356</dst>
      <dst id="15">13.2622</dst>
    </src>
    <src id="16">
      <dst id="12">170339.4667</dst>
      <dst id="13">2094.7289</dst>
      <dst id="19">5381.6356</dst>
      <dst id="23">1.5644</dst>
      <dst id="8">191679.8222</dst>
      <dst id="18">1.8133</dst>
      <dst id="4">2941.1911</dst>
      <dst id="1">12824.3289</dst>
      <dst id="5">262399.5556</dst>
      <dst id="3">11070.5244</dst>
      <dst id="10">911.5911</dst>
      <dst id="7">4039.1200</dst>
      <dst id="2">441.2800</dst>
      <dst id="6">0.4978</dst>
      <dst id="16">109.3333</dst>
      <dst id="14">49755.3156</dst>
      <dst id="11">24849.4044</dst>
      <dst id="9">240025.5467</dst>
      <dst id="17">29435.7156</dst>
      <dst id="21">1134.2044</dst>
    </src>
    <src id="14">
      <dst id="12">3959.4133</dst>
      <dst id="13">45.2533</dst>
      <dst id="19">2.3022</dst>
      <dst id="23">1.3867</dst>
      <dst id="8">0.9244</dst>
      <dst id="18">5.6533</dst>
      <dst id="4">433.2178</dst>
      <dst id="1">6568.9511</dst>
      <dst id="5">27.6622</dst>
      <dst id="3">125.8311</dst>
      <dst id="10">116.4622</dst>
      <dst id="22">8.7556</dst>
      <dst id="7">48.3022</dst>
      <dst id="2">3376.7644</dst>
      <dst id="16">2540.7733</dst>
      <dst id="20">26.0622</dst>
      <dst id="9">139.7778</dst>
      <dst id="17">42093.5911</dst>
      <dst id="21">116.0356</dst>
    </src>
    <src id="20">
      <dst id="12">18637.4667</dst>
      <dst id="13">1729.0489</dst>
      <dst id="19">70.5867</dst>
      <dst id="23">53.6889</dst>
      <dst id="8">120.9156</dst>
      <dst id="18">87.6356</dst>
      <dst id="4">961.6089</dst>
      <dst id="1">315.6089</dst>
      <dst id="5">280.0711</dst>
      <dst id="3">1.3511</dst>
      <dst id="10">66.8800</dst>
      <dst id="7">14.9867</dst>
      <dst id="2">1436.7200</dst>
      <dst id="6">0.7911</dst>
      <dst id="14">1.7689</dst>
      <dst id="20">56.9867</dst>
      <dst id="11">48.3911</dst>
      <dst id="9">695.4844</dst>
      <dst id="17">16026.0800</dst>
      <dst id="21">51.2444</dst>
    </src>
    <src id="11">
      <dst id="12">40746.6756</dst>
      <dst id="13">8009.7867</dst>
      <dst id="19">145.1022</dst>
      <dst id="23">11.1911</dst>
      <dst id="8">760.5333</dst>
      <dst id="18">117.0311</dst>
      <dst id="4">3205.3600</dst>
      <dst id="1">47460.0000</dst>
      <dst id="5">1639.9644</dst>
      <dst id="3">2.0267</dst>
      <dst id="10">5140.5067</dst>
      <dst id="22">1182.9956</dst>
      <dst id="7">382.8178</dst>
      <dst id="2">70261.8489</dst>
      <dst id="6">87.1467</dst>
      <dst id="16">60166.5689</dst>
      <dst id="14">17.6267</dst>
      <dst id="20">1211.0400</dst>
      <dst id="11">1849.6889</dst>
      <dst id="9">4401.7689</dst>
      <dst id="17">680581.4933</dst>
      <dst id="21">475.9289</dst>
      <dst id="15">204.9600</dst>
    </src>
    <src id="9">
      <dst id="12">32503.9556</dst>
      <dst id="13">3297.3511</dst>
      <dst id="19">1545.3867</dst>
      <dst id="23">10.8622</dst>
      <dst id="8">134287.0489</dst>
      <dst id="18">1061.6978</dst>
      <dst id="4">1923.7867</dst>
      <dst id="1">9642.9689</dst>
      <dst id="5">4119.6800</dst>
      <dst id="3">17.7778</dst>
      <dst id="10">185.1378</dst>
      <dst id="22">3204.3200</dst>
      <dst id="7">948.4800</dst>
      <dst id="2">1435.1022</dst>
      <dst id="6">1.2444</dst>
      <dst id="16">129874.4800</dst>
      <dst id="14">1.6000</dst>
      <dst id="11">33.0844</dst>
      <dst id="9">256804.5956</dst>
      <dst id="17">403463.5289</dst>
      <dst id="21">27.1289</dst>
      <dst id="15">68.5422</dst>
    </src>
    <src id="17">
      <dst id="12">161787.6889</dst>
      <dst id="13">13413.2800</dst>
      <dst id="19">278.6133</dst>
      <dst id="23">37.4222</dst>
      <dst id="8">369.2889</dst>
      <dst id="18">105.1822</dst>
      <dst id="4">36297.1822</dst>
      <dst id="1">1968.2044</dst>
      <dst id="5">169093.4489</dst>
      <dst id="3">6614.6400</dst>
      <dst id="10">6699.6978</dst>
      <dst id="22">7186.5511</dst>
      <dst id="7">5637.4400</dst>
      <dst id="2">3724.7733</dst>
      <dst id="6">217.3511</dst>
      <dst id="16">8918.2400</dst>
      <dst id="14">14324.4978</dst>
      <dst id="20">7211.4489</dst>
      <dst id="11">17911.2533</dst>
      <dst id="9">2370.1689</dst>
      <dst id="17">37983.9289</dst>
      <dst id="21">4536.1422</dst>
      <dst id="15">99.4044</dst>
    </src>
    <src id="21">
      <dst id="12">9953.3156</dst>
      <dst id="13">2107.3333</dst>
      <dst id="19">455.1200</dst>
      <dst id="23">52.7644</dst>
      <dst id="8">157.4756</dst>
      <dst id="18">1921.7867</dst>
      <dst id="4">5830.6044</dst>
      <dst id="1">3169.9378</dst>
      <dst id="5">432.0711</dst>
      <dst id="3">1274.0800</dst>
      <dst id="10">997.9467</dst>
      <dst id="22">594.5067</dst>
      <dst id="7">1014.0000</dst>
      <dst id="2">4024.6133</dst>
      <dst id="6">15.7511</dst>
      <dst id="16">2356.2844</dst>
      <dst id="14">113.2356</dst>
      <dst id="20">287.0844</dst>
      <dst id="11">204.7289</dst>
      <dst id="9">542.6133</dst>
      <dst id="17">34130.7911</dst>
      <dst id="21">3308.5867</dst>
      <dst id="15">68.3467</dst>
    </src>
    <src id="15">
      <dst id="12">1572.1067</dst>
      <dst id="13">344.3200</dst>
      <dst id="19">41.0933</dst>
      <dst id="8">603.9733</dst>
      <dst id="18">45.8400</dst>
      <dst id="4">478.0444</dst>
      <dst id="1">49.6711</dst>
      <dst id="5">44.7822</dst>
      <dst id="3">0.4267</dst>
      <dst id="10">49.2800</dst>
      <dst id="7">39.1644</dst>
      <dst id="2">23.9289</dst>
      <dst id="6">0.4178</dst>
      <dst id="16">33.7333</dst>
      <dst id="9">387.2622</dst>
      <dst id="17">969.1733</dst>
    </src>
  </IntraTM>
</TrafficMatrixFile>
