<?xml version="1.0" encoding="UTF-8" standalone="yes"?>
<TrafficMatrixFile xmlns:xsi="http://www.w3.org/2001/XMLSchema-instance" xsi:noNamespaceSchemaLocation="http://totem.run.montefiore.ulg.ac.be/Schema/TrafficMatrix-v1_2.xsd">
  <info>
    <title>Intradomain traffic matrix generated by geant-TM-all.pl</title>
    <date>2005-04-15T19:45:00</date>
    <duration>900</duration>
    <author>Steve Uhlig</author>
    <units>
        <unit type="bandwidth" value="kbps"/>
    </units>
  </info>
  <IntraTM ASID="20965">
    <src id="12">
      <dst id="12">485310.8533</dst>
      <dst id="13">28466.4356</dst>
      <dst id="19">7217.7956</dst>
      <dst id="23">9341.3689</dst>
      <dst id="8">17228.1956</dst>
      <dst id="18">102265.6267</dst>
      <dst id="4">5543.2800</dst>
      <dst id="1">12362.6933</dst>
      <dst id="5">2752.4000</dst>
      <dst id="3">802.0978</dst>
      <dst id="10">1928.7733</dst>
      <dst id="22">54700.7289</dst>
      <dst id="7">17930.7022</dst>
      <dst id="2">8780.3822</dst>
      <dst id="16">9952.0444</dst>
      <dst id="14">513.7333</dst>
      <dst id="20">7236.7822</dst>
      <dst id="11">1346.0711</dst>
      <dst id="9">65501.3689</dst>
      <dst id="17">80330.5867</dst>
      <dst id="21">1456.4889</dst>
      <dst id="15">1949.3867</dst>
    </src>
    <src id="13">
      <dst id="12">30569.0844</dst>
      <dst id="13">205.4311</dst>
      <dst id="19">18821.2711</dst>
      <dst id="23">113.4667</dst>
      <dst id="8">2218.6489</dst>
      <dst id="18">2697.4756</dst>
      <dst id="1">35604.7022</dst>
      <dst id="5">1543.3244</dst>
      <dst id="3">5383.7511</dst>
      <dst id="22">2890.2933</dst>
      <dst id="7">927.0933</dst>
      <dst id="2">21935.7689</dst>
      <dst id="16">1679.2089</dst>
      <dst id="14">130.8889</dst>
      <dst id="20">3030.7378</dst>
      <dst id="11">405.9378</dst>
      <dst id="9">1246.7733</dst>
      <dst id="17">23265.7244</dst>
      <dst id="21">592.0444</dst>
      <dst id="15">443.1467</dst>
    </src>
    <src id="19">
      <dst id="12">40407.1111</dst>
      <dst id="13">2273.4844</dst>
      <dst id="23">102.0711</dst>
      <dst id="8">1239.7511</dst>
      <dst id="18">299.1733</dst>
      <dst id="4">99.1378</dst>
      <dst id="1">17424.3733</dst>
      <dst id="5">86.2844</dst>
      <dst id="3">4.1600</dst>
      <dst id="10">148.6844</dst>
      <dst id="22">119.2978</dst>
      <dst id="7">5603.1289</dst>
      <dst id="2">1338.3733</dst>
      <dst id="16">149.4933</dst>
      <dst id="14">29.6622</dst>
      <dst id="20">50.4444</dst>
      <dst id="11">136.4622</dst>
      <dst id="9">3405.4044</dst>
      <dst id="17">6934.2667</dst>
      <dst id="21">323.4311</dst>
      <dst id="15">1.4222</dst>
    </src>
    <src id="23">
      <dst id="12">6023.7067</dst>
      <dst id="13">677.4311</dst>
      <dst id="19">46.0356</dst>
      <dst id="18">1547.0044</dst>
      <dst id="4">273.4578</dst>
      <dst id="1">422.4800</dst>
      <dst id="5">683.3689</dst>
      <dst id="3">265.7778</dst>
      <dst id="10">173.5556</dst>
      <dst id="22">1107.6000</dst>
      <dst id="7">4633.4489</dst>
      <dst id="2">227.4844</dst>
      <dst id="14">40.0000</dst>
      <dst id="20">257.6000</dst>
      <dst id="11">0.9244</dst>
      <dst id="9">167.7600</dst>
      <dst id="17">2865.8667</dst>
      <dst id="21">168.4000</dst>
      <dst id="15">40.0000</dst>
    </src>
    <src id="8">
      <dst id="12">5537.5911</dst>
      <dst id="13">378.0889</dst>
      <dst id="19">75.2533</dst>
      <dst id="23">0.9244</dst>
      <dst id="18">92.4089</dst>
      <dst id="4">246.8889</dst>
      <dst id="1">1201.6889</dst>
      <dst id="5">2105.2889</dst>
      <dst id="3">288.5778</dst>
      <dst id="10">38.2756</dst>
      <dst id="22">0.4267</dst>
      <dst id="2">19.2000</dst>
      <dst id="16">239209.8844</dst>
      <dst id="11">28.1867</dst>
      <dst id="9">64057.2356</dst>
      <dst id="17">22559.6533</dst>
      <dst id="21">18.4000</dst>
      <dst id="15">0.7111</dst>
    </src>
    <src id="18">
      <dst id="12">109425.7689</dst>
      <dst id="13">882.3911</dst>
      <dst id="19">44.6400</dst>
      <dst id="23">40.2756</dst>
      <dst id="8">14.8622</dst>
      <dst id="4">50.2578</dst>
      <dst id="1">825.4044</dst>
      <dst id="5">160.0711</dst>
      <dst id="3">1922.7822</dst>
      <dst id="10">56.2667</dst>
      <dst id="22">52.5689</dst>
      <dst id="7">157.1111</dst>
      <dst id="2">3690.9778</dst>
      <dst id="16">265.1911</dst>
      <dst id="14">3.8222</dst>
      <dst id="20">632.0000</dst>
      <dst id="9">21764.2133</dst>
      <dst id="17">6175.0311</dst>
      <dst id="21">402.5422</dst>
      <dst id="15">1.1733</dst>
    </src>
    <src id="4">
      <dst id="12">22862.8000</dst>
      <dst id="13">35.8311</dst>
      <dst id="19">6475.2711</dst>
      <dst id="23">8256.3111</dst>
      <dst id="8">5740.2400</dst>
      <dst id="18">986.3111</dst>
      <dst id="4">1540.9689</dst>
      <dst id="1">113615.3422</dst>
      <dst id="5">10450.9156</dst>
      <dst id="3">559.2000</dst>
      <dst id="22">4293.6978</dst>
      <dst id="2">149519.8133</dst>
      <dst id="6">0.5778</dst>
      <dst id="16">119756.6311</dst>
      <dst id="14">6779.0311</dst>
      <dst id="11">2215.9822</dst>
      <dst id="9">32932.0622</dst>
      <dst id="17">123255.8044</dst>
      <dst id="21">9786.7733</dst>
      <dst id="15">4873.2178</dst>
    </src>
    <src id="1">
      <dst id="12">40904.3911</dst>
      <dst id="13">28560.6489</dst>
      <dst id="19">5408.3378</dst>
      <dst id="23">85.6978</dst>
      <dst id="8">324.9956</dst>
      <dst id="18">14616.6222</dst>
      <dst id="4">3828.8356</dst>
      <dst id="1">552168.0978</dst>
      <dst id="5">1134.0800</dst>
      <dst id="3">229.8756</dst>
      <dst id="10">4767.8222</dst>
      <dst id="22">527.6711</dst>
      <dst id="7">5545.6622</dst>
      <dst id="2">48885.0311</dst>
      <dst id="16">52532.3733</dst>
      <dst id="14">6182.4444</dst>
      <dst id="20">1844.2844</dst>
      <dst id="11">2879.6356</dst>
      <dst id="9">9970.4444</dst>
      <dst id="17">34361.0044</dst>
      <dst id="21">18167.1911</dst>
      <dst id="15">967.3244</dst>
    </src>
    <src id="5">
      <dst id="12">32443.4133</dst>
      <dst id="13">1175.6533</dst>
      <dst id="19">58.2222</dst>
      <dst id="23">69.5378</dst>
      <dst id="8">15841.6444</dst>
      <dst id="18">298.4089</dst>
      <dst id="4">423.9022</dst>
      <dst id="1">22328.8533</dst>
      <dst id="3">588.8622</dst>
      <dst id="10">260.0356</dst>
      <dst id="22">447.6356</dst>
      <dst id="2">209.0222</dst>
      <dst id="16">358415.9289</dst>
      <dst id="14">55.2356</dst>
      <dst id="11">20.8000</dst>
      <dst id="9">109074.8711</dst>
      <dst id="17">34098.0889</dst>
      <dst id="21">77.9378</dst>
      <dst id="15">382.5422</dst>
    </src>
    <src id="3">
      <dst id="12">16358.0889</dst>
      <dst id="13">59858.4622</dst>
      <dst id="19">1292.2044</dst>
      <dst id="23">1542.0533</dst>
      <dst id="8">81.6356</dst>
      <dst id="18">35.3867</dst>
      <dst id="4">585.5111</dst>
      <dst id="1">46576.7556</dst>
      <dst id="5">511.2533</dst>
      <dst id="3">400.9600</dst>
      <dst id="10">239.2089</dst>
      <dst id="22">135.5644</dst>
      <dst id="7">63015.0933</dst>
      <dst id="2">3883.3956</dst>
      <dst id="16">6298.5244</dst>
      <dst id="14">151.4044</dst>
      <dst id="20">3516.3556</dst>
      <dst id="11">647.3156</dst>
      <dst id="9">5146.0444</dst>
      <dst id="17">43053.0044</dst>
      <dst id="21">1118.7556</dst>
      <dst id="15">70.1511</dst>
    </src>
    <src id="10">
      <dst id="12">16219.6800</dst>
      <dst id="13">273.3067</dst>
      <dst id="19">5703.6000</dst>
      <dst id="23">1155.5200</dst>
      <dst id="8">218.9600</dst>
      <dst id="18">4273.9644</dst>
      <dst id="1">5877.3156</dst>
      <dst id="5">4791.0844</dst>
      <dst id="3">949.0844</dst>
      <dst id="22">173.5644</dst>
      <dst id="2">30984.0089</dst>
      <dst id="16">34264.1244</dst>
      <dst id="14">2118.4178</dst>
      <dst id="20">5703.5911</dst>
      <dst id="11">503.1733</dst>
      <dst id="9">4191.4311</dst>
      <dst id="17">77180.8800</dst>
      <dst id="21">6705.8667</dst>
      <dst id="15">442.3733</dst>
    </src>
    <src id="22">
      <dst id="12">26696.1067</dst>
      <dst id="13">7884.5333</dst>
      <dst id="19">240.7733</dst>
      <dst id="23">20.5511</dst>
      <dst id="8">88.3822</dst>
      <dst id="18">265.5556</dst>
      <dst id="4">596.4533</dst>
      <dst id="1">329.9289</dst>
      <dst id="5">2299.1733</dst>
      <dst id="3">5850.8089</dst>
      <dst id="10">828.9422</dst>
      <dst id="7">858.8533</dst>
      <dst id="2">1094.2844</dst>
      <dst id="16">507.0756</dst>
      <dst id="14">71.3956</dst>
      <dst id="11">105.0667</dst>
      <dst id="9">949.8489</dst>
      <dst id="17">6266.1689</dst>
      <dst id="21">178.1778</dst>
    </src>
    <src id="7">
      <dst id="12">8505.5022</dst>
      <dst id="13">6849.0489</dst>
      <dst id="19">10490.3289</dst>
      <dst id="23">189.8578</dst>
      <dst id="8">456.6222</dst>
      <dst id="18">1456.1956</dst>
      <dst id="4">719.0222</dst>
      <dst id="1">19277.7956</dst>
      <dst id="5">194.3289</dst>
      <dst id="3">657.5467</dst>
      <dst id="10">168.7822</dst>
      <dst id="22">643.3333</dst>
      <dst id="7">17.8222</dst>
      <dst id="2">13707.1289</dst>
      <dst id="16">677.2533</dst>
      <dst id="14">110.9867</dst>
      <dst id="20">59.1911</dst>
      <dst id="11">66.5867</dst>
      <dst id="9">237.2267</dst>
      <dst id="17">3903.7778</dst>
      <dst id="21">3247.0133</dst>
      <dst id="15">158.9067</dst>
    </src>
    <src id="2">
      <dst id="12">150663.6533</dst>
      <dst id="13">61560.7822</dst>
      <dst id="19">883.9733</dst>
      <dst id="23">2.3556</dst>
      <dst id="8">481.0667</dst>
      <dst id="18">58257.1556</dst>
      <dst id="4">6196.2133</dst>
      <dst id="1">35281.9378</dst>
      <dst id="5">2396.4978</dst>
      <dst id="3">1344.3644</dst>
      <dst id="10">2898.5333</dst>
      <dst id="22">3042.1600</dst>
      <dst id="7">10514.8000</dst>
      <dst id="2">6924.2844</dst>
      <dst id="6">0.8533</dst>
      <dst id="16">594.8444</dst>
      <dst id="14">556.2044</dst>
      <dst id="20">1654.7289</dst>
      <dst id="11">1269.9822</dst>
      <dst id="9">1109.2622</dst>
      <dst id="17">30698.1422</dst>
      <dst id="21">3891.1200</dst>
      <dst id="15">345.0844</dst>
    </src>
    <src id="6">
      <dst id="12">559.5556</dst>
      <dst id="13">177.7867</dst>
      <dst id="19">182.4178</dst>
      <dst id="23">13.0133</dst>
      <dst id="8">78.5156</dst>
      <dst id="18">31.4844</dst>
      <dst id="4">7.5556</dst>
      <dst id="1">655.2178</dst>
      <dst id="5">12.6400</dst>
      <dst id="3">35.5644</dst>
      <dst id="22">34.7556</dst>
      <dst id="7">137.2000</dst>
      <dst id="2">333.4756</dst>
      <dst id="16">111.8756</dst>
      <dst id="14">22.9333</dst>
      <dst id="9">1626.5244</dst>
      <dst id="17">29391.4489</dst>
      <dst id="21">12.4889</dst>
      <dst id="15">0.3556</dst>
    </src>
    <src id="16">
      <dst id="12">164409.5733</dst>
      <dst id="13">2724.1778</dst>
      <dst id="19">4508.6400</dst>
      <dst id="23">37.6444</dst>
      <dst id="8">118831.2267</dst>
      <dst id="18">8.1067</dst>
      <dst id="4">778.9511</dst>
      <dst id="1">30524.5156</dst>
      <dst id="5">369950.1067</dst>
      <dst id="3">10265.2711</dst>
      <dst id="10">375.0933</dst>
      <dst id="22">40.0000</dst>
      <dst id="2">471.2889</dst>
      <dst id="16">34464.0711</dst>
      <dst id="14">63567.6000</dst>
      <dst id="11">25904.4444</dst>
      <dst id="9">318220.8178</dst>
      <dst id="17">6538.1956</dst>
      <dst id="21">40.8000</dst>
    </src>
    <src id="14">
      <dst id="12">857.4667</dst>
      <dst id="13">535.6533</dst>
      <dst id="19">25.5556</dst>
      <dst id="23">1.8489</dst>
      <dst id="8">1.0222</dst>
      <dst id="18">13.0844</dst>
      <dst id="4">106.3822</dst>
      <dst id="1">1017.6444</dst>
      <dst id="5">142.5689</dst>
      <dst id="3">1476.3378</dst>
      <dst id="10">1276.3911</dst>
      <dst id="22">3.6178</dst>
      <dst id="7">36.2222</dst>
      <dst id="2">246.1956</dst>
      <dst id="16">1975.6267</dst>
      <dst id="20">45.8844</dst>
      <dst id="11">2.0622</dst>
      <dst id="9">2444.0711</dst>
      <dst id="17">30058.0267</dst>
      <dst id="21">88.3644</dst>
      <dst id="15">14.2578</dst>
    </src>
    <src id="20">
      <dst id="12">2452.5778</dst>
      <dst id="13">4775.7422</dst>
      <dst id="19">77.5556</dst>
      <dst id="23">21.4400</dst>
      <dst id="8">444.6311</dst>
      <dst id="18">56.6400</dst>
      <dst id="4">287.3422</dst>
      <dst id="1">819.0311</dst>
      <dst id="5">1583.6800</dst>
      <dst id="3">13.3333</dst>
      <dst id="10">82.0000</dst>
      <dst id="22">0.4622</dst>
      <dst id="7">15.5644</dst>
      <dst id="2">836.8356</dst>
      <dst id="16">5996.8533</dst>
      <dst id="14">31.2178</dst>
      <dst id="20">43.3067</dst>
      <dst id="11">2.0978</dst>
      <dst id="9">2104.2400</dst>
      <dst id="17">3897.3689</dst>
      <dst id="21">764.9867</dst>
    </src>
    <src id="11">
      <dst id="12">32915.1556</dst>
      <dst id="13">2118.2133</dst>
      <dst id="19">665.1289</dst>
      <dst id="23">18.1956</dst>
      <dst id="8">1049.9822</dst>
      <dst id="18">25.2444</dst>
      <dst id="4">1138.7644</dst>
      <dst id="1">2832.8267</dst>
      <dst id="5">1166.1600</dst>
      <dst id="3">1252.9244</dst>
      <dst id="10">206.7822</dst>
      <dst id="22">134.0178</dst>
      <dst id="2">7208.2489</dst>
      <dst id="16">9291.5556</dst>
      <dst id="14">452.3911</dst>
      <dst id="20">2643.9289</dst>
      <dst id="11">1210.6933</dst>
      <dst id="9">75520.3467</dst>
      <dst id="17">436341.3244</dst>
      <dst id="21">397.3244</dst>
      <dst id="15">76.2667</dst>
    </src>
    <src id="9">
      <dst id="12">35112.1156</dst>
      <dst id="13">2099.8044</dst>
      <dst id="19">333.8489</dst>
      <dst id="23">208.4533</dst>
      <dst id="8">118569.1822</dst>
      <dst id="18">586.6311</dst>
      <dst id="4">333.2711</dst>
      <dst id="1">7190.6222</dst>
      <dst id="5">775.1200</dst>
      <dst id="3">574.4356</dst>
      <dst id="10">763.0844</dst>
      <dst id="22">27.1289</dst>
      <dst id="2">473.5378</dst>
      <dst id="16">457918.8978</dst>
      <dst id="14">26.8889</dst>
      <dst id="11">33.3867</dst>
      <dst id="9">353862.1156</dst>
      <dst id="17">42380.9867</dst>
      <dst id="21">3.0933</dst>
      <dst id="15">577.2978</dst>
    </src>
    <src id="17">
      <dst id="12">121793.2444</dst>
      <dst id="13">28455.9200</dst>
      <dst id="19">2329.7600</dst>
      <dst id="23">79.0844</dst>
      <dst id="8">344.4711</dst>
      <dst id="18">1019.2533</dst>
      <dst id="4">8992.0533</dst>
      <dst id="1">24461.9022</dst>
      <dst id="5">219929.1289</dst>
      <dst id="3">7145.1556</dst>
      <dst id="10">4164.5867</dst>
      <dst id="22">2154.9333</dst>
      <dst id="7">17947.8311</dst>
      <dst id="2">6801.6178</dst>
      <dst id="16">76405.9200</dst>
      <dst id="14">24150.8444</dst>
      <dst id="20">8216.0889</dst>
      <dst id="11">21144.6756</dst>
      <dst id="9">12669.1111</dst>
      <dst id="17">23409.7244</dst>
      <dst id="21">6423.6267</dst>
      <dst id="15">11456.2400</dst>
    </src>
    <src id="21">
      <dst id="12">1128.6311</dst>
      <dst id="13">1538.3911</dst>
      <dst id="19">399.2800</dst>
      <dst id="23">779.6622</dst>
      <dst id="8">27.0222</dst>
      <dst id="18">1025.2889</dst>
      <dst id="4">694.0533</dst>
      <dst id="1">16512.6400</dst>
      <dst id="5">615.8756</dst>
      <dst id="3">1219.0756</dst>
      <dst id="10">400.3644</dst>
      <dst id="22">58.9333</dst>
      <dst id="7">1325.2000</dst>
      <dst id="2">5235.6711</dst>
      <dst id="16">7394.1156</dst>
      <dst id="14">138.1511</dst>
      <dst id="20">51.9733</dst>
      <dst id="11">530.2400</dst>
      <dst id="9">4110.9067</dst>
      <dst id="17">21600.3378</dst>
      <dst id="21">1639.1556</dst>
      <dst id="15">145.1467</dst>
    </src>
    <src id="15">
      <dst id="12">7095.6000</dst>
      <dst id="13">1535.3956</dst>
      <dst id="19">35.3067</dst>
      <dst id="23">0.8889</dst>
      <dst id="8">16.7911</dst>
      <dst id="18">21.9111</dst>
      <dst id="4">321.0667</dst>
      <dst id="1">105.3867</dst>
      <dst id="5">1641.1022</dst>
      <dst id="10">46.0178</dst>
      <dst id="2">4027.5289</dst>
      <dst id="16">3131.2089</dst>
      <dst id="14">26.2400</dst>
      <dst id="11">53.6889</dst>
      <dst id="9">2969.4578</dst>
      <dst id="17">4942.6222</dst>
      <dst id="21">49.5733</dst>
    </src>
  </IntraTM>
</TrafficMatrixFile>
