<?xml version="1.0" encoding="UTF-8" standalone="yes"?>
<TrafficMatrixFile xmlns:xsi="http://www.w3.org/2001/XMLSchema-instance" xsi:noNamespaceSchemaLocation="http://totem.run.montefiore.ulg.ac.be/Schema/TrafficMatrix-v1_2.xsd">
  <info>
    <title>Intradomain traffic matrix generated by geant-TM-all.pl</title>
    <date>2005-04-11T08:45:00</date>
    <duration>900</duration>
    <author>Steve Uhlig</author>
    <units>
        <unit type="bandwidth" value="kbps"/>
    </units>
  </info>
  <IntraTM ASID="20965">
    <src id="12">
      <dst id="12">307993.4133</dst>
      <dst id="13">58088.1600</dst>
      <dst id="19">8986.0533</dst>
      <dst id="23">2027.1911</dst>
      <dst id="8">272.5511</dst>
      <dst id="18">55318.7467</dst>
      <dst id="4">5682.4000</dst>
      <dst id="1">28342.2933</dst>
      <dst id="5">905.7689</dst>
      <dst id="3">247.8222</dst>
      <dst id="10">2931.2800</dst>
      <dst id="22">10521.1022</dst>
      <dst id="7">9100.5867</dst>
      <dst id="2">13255.4489</dst>
      <dst id="16">4108.7822</dst>
      <dst id="14">1574.3022</dst>
      <dst id="20">677.9733</dst>
      <dst id="11">142.0089</dst>
      <dst id="9">25664.7911</dst>
      <dst id="17">34862.4800</dst>
      <dst id="21">3743.6711</dst>
      <dst id="15">440.9067</dst>
    </src>
    <src id="13">
      <dst id="12">20273.9200</dst>
      <dst id="13">561.5644</dst>
      <dst id="19">3216.7733</dst>
      <dst id="23">19.4311</dst>
      <dst id="8">127.8489</dst>
      <dst id="18">225.0044</dst>
      <dst id="1">26212.0622</dst>
      <dst id="5">12508.3733</dst>
      <dst id="3">18.7378</dst>
      <dst id="22">3907.6356</dst>
      <dst id="7">22553.5289</dst>
      <dst id="2">5469.3244</dst>
      <dst id="16">1588.2844</dst>
      <dst id="14">284.2400</dst>
      <dst id="20">959.3689</dst>
      <dst id="11">177.7333</dst>
      <dst id="9">1273.6267</dst>
      <dst id="17">178629.2800</dst>
      <dst id="21">4229.7778</dst>
      <dst id="15">861.4311</dst>
    </src>
    <src id="19">
      <dst id="12">26717.6267</dst>
      <dst id="13">1996.5600</dst>
      <dst id="23">2.0622</dst>
      <dst id="8">0.4978</dst>
      <dst id="18">1.4933</dst>
      <dst id="4">213.0044</dst>
      <dst id="1">15088.7644</dst>
      <dst id="5">6.8622</dst>
      <dst id="3">0.9244</dst>
      <dst id="10">51.2178</dst>
      <dst id="22">736.1422</dst>
      <dst id="7">467.4578</dst>
      <dst id="2">674.6400</dst>
      <dst id="16">1939.7689</dst>
      <dst id="14">44.8000</dst>
      <dst id="20">9.6533</dst>
      <dst id="9">4.6222</dst>
      <dst id="17">1090.1156</dst>
      <dst id="21">714.9511</dst>
      <dst id="15">1372.9778</dst>
    </src>
    <src id="23">
      <dst id="12">1388.4711</dst>
      <dst id="13">2449.2089</dst>
      <dst id="19">17.0222</dst>
      <dst id="8">4.5422</dst>
      <dst id="18">0.5333</dst>
      <dst id="4">138.8978</dst>
      <dst id="1">200.1511</dst>
      <dst id="5">26.6667</dst>
      <dst id="10">1039.0311</dst>
      <dst id="22">318.2489</dst>
      <dst id="7">766.8622</dst>
      <dst id="2">163.9200</dst>
      <dst id="14">21.5467</dst>
      <dst id="20">0.4978</dst>
      <dst id="11">34.0178</dst>
      <dst id="9">1040.7378</dst>
      <dst id="17">1901.3067</dst>
      <dst id="21">773.0311</dst>
      <dst id="15">0.6756</dst>
    </src>
    <src id="8">
      <dst id="12">11894.5778</dst>
      <dst id="13">750.9600</dst>
      <dst id="19">5.3956</dst>
      <dst id="23">0.9600</dst>
      <dst id="18">93.3333</dst>
      <dst id="4">25.9911</dst>
      <dst id="1">4389.3244</dst>
      <dst id="5">636.0178</dst>
      <dst id="3">247.6000</dst>
      <dst id="10">64.2133</dst>
      <dst id="22">306.2400</dst>
      <dst id="2">280.8533</dst>
      <dst id="16">220364.2400</dst>
      <dst id="14">13.6978</dst>
      <dst id="11">3.9822</dst>
      <dst id="9">63481.5911</dst>
      <dst id="17">22515.2978</dst>
      <dst id="21">28.0889</dst>
      <dst id="15">41.0667</dst>
    </src>
    <src id="18">
      <dst id="12">106913.4667</dst>
      <dst id="13">139.3600</dst>
      <dst id="19">2.0800</dst>
      <dst id="23">2.6844</dst>
      <dst id="8">90.0978</dst>
      <dst id="4">25.5289</dst>
      <dst id="1">13655.9289</dst>
      <dst id="5">106.7111</dst>
      <dst id="3">3025.9822</dst>
      <dst id="10">104.9156</dst>
      <dst id="22">41.7600</dst>
      <dst id="7">17.4933</dst>
      <dst id="2">1687.3867</dst>
      <dst id="16">409.3778</dst>
      <dst id="14">11.6622</dst>
      <dst id="20">790.6667</dst>
      <dst id="11">13.3689</dst>
      <dst id="9">9888.7200</dst>
      <dst id="17">2311.4044</dst>
      <dst id="21">303.2267</dst>
      <dst id="15">2961.7867</dst>
    </src>
    <src id="4">
      <dst id="12">16250.1867</dst>
      <dst id="13">9.4756</dst>
      <dst id="19">7494.7733</dst>
      <dst id="23">1811.8400</dst>
      <dst id="8">1511.6978</dst>
      <dst id="18">6579.2800</dst>
      <dst id="4">1410.8000</dst>
      <dst id="1">13038.8800</dst>
      <dst id="5">4719.7067</dst>
      <dst id="3">7.3156</dst>
      <dst id="22">1875.1822</dst>
      <dst id="7">91.6978</dst>
      <dst id="2">207577.6356</dst>
      <dst id="16">120208.4978</dst>
      <dst id="14">3037.4400</dst>
      <dst id="11">345.2000</dst>
      <dst id="9">28615.9378</dst>
      <dst id="17">77676.6578</dst>
      <dst id="21">10600.3467</dst>
      <dst id="15">340.3911</dst>
    </src>
    <src id="1">
      <dst id="12">26771.5556</dst>
      <dst id="13">18539.8489</dst>
      <dst id="19">4454.1422</dst>
      <dst id="23">82.8089</dst>
      <dst id="8">95.3778</dst>
      <dst id="18">12965.7156</dst>
      <dst id="4">164.5956</dst>
      <dst id="1">503950.9422</dst>
      <dst id="5">170.6311</dst>
      <dst id="3">23.1022</dst>
      <dst id="10">533.9200</dst>
      <dst id="22">136.6311</dst>
      <dst id="7">1427.2089</dst>
      <dst id="2">2185.2444</dst>
      <dst id="16">20301.6889</dst>
      <dst id="14">118.2933</dst>
      <dst id="20">34.3289</dst>
      <dst id="11">1731.1733</dst>
      <dst id="9">8385.2711</dst>
      <dst id="17">9761.5822</dst>
      <dst id="21">2927.6000</dst>
      <dst id="15">113.5467</dst>
    </src>
    <src id="5">
      <dst id="12">15452.7911</dst>
      <dst id="13">1680.1511</dst>
      <dst id="19">57.2889</dst>
      <dst id="23">1.0667</dst>
      <dst id="8">175.2711</dst>
      <dst id="18">37.3600</dst>
      <dst id="4">366.9156</dst>
      <dst id="1">30114.5689</dst>
      <dst id="3">533.4756</dst>
      <dst id="10">89.2000</dst>
      <dst id="22">42.5244</dst>
      <dst id="2">1186.8089</dst>
      <dst id="16">307934.3289</dst>
      <dst id="14">16.0978</dst>
      <dst id="11">4.1867</dst>
      <dst id="9">62234.6222</dst>
      <dst id="17">30040.6489</dst>
      <dst id="21">51.7333</dst>
      <dst id="15">102.1511</dst>
    </src>
    <src id="3">
      <dst id="12">1051.1200</dst>
      <dst id="13">8683.7511</dst>
      <dst id="19">6614.9956</dst>
      <dst id="23">9.6444</dst>
      <dst id="8">13.5822</dst>
      <dst id="18">115.2267</dst>
      <dst id="4">936.8000</dst>
      <dst id="1">7703.3778</dst>
      <dst id="5">320.8978</dst>
      <dst id="3">41.3244</dst>
      <dst id="10">1698.0089</dst>
      <dst id="22">1.5822</dst>
      <dst id="7">2604.0889</dst>
      <dst id="2">2883.8844</dst>
      <dst id="16">7820.7822</dst>
      <dst id="14">264.0889</dst>
      <dst id="20">427.7778</dst>
      <dst id="11">702.7111</dst>
      <dst id="9">1542.1422</dst>
      <dst id="17">34249.2800</dst>
      <dst id="21">778.9067</dst>
      <dst id="15">3.8222</dst>
    </src>
    <src id="10">
      <dst id="12">1905.2889</dst>
      <dst id="13">926.0889</dst>
      <dst id="19">3627.0667</dst>
      <dst id="23">264.3467</dst>
      <dst id="8">339.4400</dst>
      <dst id="18">5691.9111</dst>
      <dst id="1">614.0622</dst>
      <dst id="5">273.4489</dst>
      <dst id="3">13.4667</dst>
      <dst id="22">45.8400</dst>
      <dst id="7">14.5422</dst>
      <dst id="2">15163.2622</dst>
      <dst id="16">52502.6044</dst>
      <dst id="14">5530.6133</dst>
      <dst id="20">3250.7200</dst>
      <dst id="11">39.2889</dst>
      <dst id="9">6447.9556</dst>
      <dst id="17">30963.2800</dst>
      <dst id="21">1307.0222</dst>
      <dst id="15">249.5467</dst>
    </src>
    <src id="22">
      <dst id="12">8730.8889</dst>
      <dst id="13">5828.1422</dst>
      <dst id="19">85.4311</dst>
      <dst id="23">12.5867</dst>
      <dst id="8">218.0000</dst>
      <dst id="18">297.9644</dst>
      <dst id="4">1916.7378</dst>
      <dst id="1">771.0222</dst>
      <dst id="5">2550.4356</dst>
      <dst id="10">810.2489</dst>
      <dst id="7">51.6356</dst>
      <dst id="2">1294.0178</dst>
      <dst id="16">714.7911</dst>
      <dst id="14">565.0489</dst>
      <dst id="11">67.5200</dst>
      <dst id="9">2277.4667</dst>
      <dst id="17">2544.5067</dst>
      <dst id="21">380.6756</dst>
    </src>
    <src id="7">
      <dst id="12">7610.9333</dst>
      <dst id="13">2711.0578</dst>
      <dst id="19">60.5778</dst>
      <dst id="23">21.1822</dst>
      <dst id="8">16.7822</dst>
      <dst id="18">16.9244</dst>
      <dst id="4">3336.4622</dst>
      <dst id="1">459.9911</dst>
      <dst id="5">2.0267</dst>
      <dst id="3">2.6222</dst>
      <dst id="10">266.7378</dst>
      <dst id="22">262.4178</dst>
      <dst id="7">23.5289</dst>
      <dst id="2">800.8444</dst>
      <dst id="16">275.9644</dst>
      <dst id="14">138.5956</dst>
      <dst id="20">28.5511</dst>
      <dst id="11">490.1867</dst>
      <dst id="9">57.3778</dst>
      <dst id="17">7683.3778</dst>
      <dst id="21">1723.4578</dst>
      <dst id="15">3.4489</dst>
    </src>
    <src id="2">
      <dst id="12">113512.9778</dst>
      <dst id="13">60440.4978</dst>
      <dst id="19">1737.6444</dst>
      <dst id="23">4.8711</dst>
      <dst id="8">1534.2311</dst>
      <dst id="18">34206.7111</dst>
      <dst id="4">4698.5067</dst>
      <dst id="1">12622.8978</dst>
      <dst id="5">2439.7067</dst>
      <dst id="3">75.7600</dst>
      <dst id="10">1780.0533</dst>
      <dst id="22">2018.8444</dst>
      <dst id="7">6941.0933</dst>
      <dst id="2">2569.7689</dst>
      <dst id="6">1.7067</dst>
      <dst id="16">80.3733</dst>
      <dst id="14">599.8578</dst>
      <dst id="20">988.7911</dst>
      <dst id="11">875.0578</dst>
      <dst id="9">2407.9467</dst>
      <dst id="17">41705.4400</dst>
      <dst id="21">1144.0978</dst>
      <dst id="15">15.1289</dst>
    </src>
    <src id="6">
      <dst id="12">234.2400</dst>
      <dst id="13">8.0889</dst>
      <dst id="19">1.2711</dst>
      <dst id="8">0.3556</dst>
      <dst id="18">1.1378</dst>
      <dst id="4">57.2711</dst>
      <dst id="1">876.1333</dst>
      <dst id="5">16.4800</dst>
      <dst id="3">23.7156</dst>
      <dst id="10">1.5644</dst>
      <dst id="22">3.8311</dst>
      <dst id="2">230.8711</dst>
      <dst id="16">1.6356</dst>
      <dst id="20">39.4667</dst>
      <dst id="11">0.3378</dst>
      <dst id="9">846.4533</dst>
      <dst id="17">14957.1289</dst>
      <dst id="21">0.4267</dst>
      <dst id="15">0.3911</dst>
    </src>
    <src id="16">
      <dst id="12">99949.4044</dst>
      <dst id="13">2017.3067</dst>
      <dst id="19">2299.8311</dst>
      <dst id="23">87.7067</dst>
      <dst id="8">75495.4311</dst>
      <dst id="18">135.2978</dst>
      <dst id="4">285.2533</dst>
      <dst id="1">12813.0222</dst>
      <dst id="5">233572.9600</dst>
      <dst id="3">3196.2933</dst>
      <dst id="10">313.6356</dst>
      <dst id="2">581.0489</dst>
      <dst id="16">20419.3689</dst>
      <dst id="14">31382.2133</dst>
      <dst id="11">13370.8444</dst>
      <dst id="9">162759.6622</dst>
      <dst id="17">1552.9067</dst>
      <dst id="21">13.3333</dst>
    </src>
    <src id="14">
      <dst id="12">848.5956</dst>
      <dst id="13">593.3600</dst>
      <dst id="19">137.4222</dst>
      <dst id="23">2.7822</dst>
      <dst id="18">0.4622</dst>
      <dst id="4">132.8000</dst>
      <dst id="1">1288.1689</dst>
      <dst id="3">1165.9822</dst>
      <dst id="10">88.1778</dst>
      <dst id="22">5.1111</dst>
      <dst id="7">81.3244</dst>
      <dst id="2">132.4533</dst>
      <dst id="16">3299.8311</dst>
      <dst id="20">0.9244</dst>
      <dst id="11">12.6222</dst>
      <dst id="9">1558.4444</dst>
      <dst id="17">22801.1644</dst>
      <dst id="21">125.0667</dst>
    </src>
    <src id="20">
      <dst id="12">3694.3644</dst>
      <dst id="13">8080.4800</dst>
      <dst id="19">160.5333</dst>
      <dst id="8">5.1911</dst>
      <dst id="18">53.5022</dst>
      <dst id="4">169.7333</dst>
      <dst id="1">43.9911</dst>
      <dst id="5">11400.5778</dst>
      <dst id="3">3.6356</dst>
      <dst id="10">267.5911</dst>
      <dst id="22">14.4622</dst>
      <dst id="7">17.1644</dst>
      <dst id="2">56.9600</dst>
      <dst id="16">4939.5111</dst>
      <dst id="14">3.6533</dst>
      <dst id="11">13.7956</dst>
      <dst id="9">2154.4622</dst>
      <dst id="17">416.1778</dst>
      <dst id="21">1204.0800</dst>
    </src>
    <src id="11">
      <dst id="12">25358.9511</dst>
      <dst id="13">3784.4000</dst>
      <dst id="19">65.1556</dst>
      <dst id="23">28.1244</dst>
      <dst id="8">72.1511</dst>
      <dst id="18">108.9956</dst>
      <dst id="4">693.8044</dst>
      <dst id="1">31706.8533</dst>
      <dst id="5">1478.6844</dst>
      <dst id="3">505.7956</dst>
      <dst id="10">1408.1867</dst>
      <dst id="22">423.4667</dst>
      <dst id="2">2781.7156</dst>
      <dst id="16">9094.4889</dst>
      <dst id="14">54.5156</dst>
      <dst id="20">524.1778</dst>
      <dst id="11">1375.3778</dst>
      <dst id="9">54268.5422</dst>
      <dst id="17">453652.8622</dst>
      <dst id="21">376.5956</dst>
      <dst id="15">20.0089</dst>
    </src>
    <src id="9">
      <dst id="12">33839.8667</dst>
      <dst id="13">2694.8267</dst>
      <dst id="19">28.3822</dst>
      <dst id="23">146.4533</dst>
      <dst id="8">73791.8400</dst>
      <dst id="18">71.1467</dst>
      <dst id="4">581.6267</dst>
      <dst id="1">5653.2356</dst>
      <dst id="5">2804.3911</dst>
      <dst id="3">586.4978</dst>
      <dst id="10">129.0578</dst>
      <dst id="22">37.3333</dst>
      <dst id="2">249.0933</dst>
      <dst id="16">445356.8622</dst>
      <dst id="14">15.5111</dst>
      <dst id="11">36.5689</dst>
      <dst id="9">218170.1689</dst>
      <dst id="17">53203.0489</dst>
      <dst id="21">79.4756</dst>
      <dst id="15">193.7067</dst>
    </src>
    <src id="17">
      <dst id="12">81906.9067</dst>
      <dst id="13">23074.0356</dst>
      <dst id="19">874.6756</dst>
      <dst id="23">25.8400</dst>
      <dst id="8">79.3244</dst>
      <dst id="18">1455.9644</dst>
      <dst id="4">3600.7200</dst>
      <dst id="1">15376.2667</dst>
      <dst id="5">148890.9689</dst>
      <dst id="3">5625.3511</dst>
      <dst id="10">8103.6444</dst>
      <dst id="22">1829.2711</dst>
      <dst id="7">3923.3422</dst>
      <dst id="2">13740.0356</dst>
      <dst id="16">46836.6667</dst>
      <dst id="14">12856.6933</dst>
      <dst id="20">481.6267</dst>
      <dst id="11">10035.6444</dst>
      <dst id="9">4223.7956</dst>
      <dst id="17">38480.6489</dst>
      <dst id="21">2249.6889</dst>
      <dst id="15">91.5378</dst>
    </src>
    <src id="21">
      <dst id="12">7205.5644</dst>
      <dst id="13">3544.0978</dst>
      <dst id="19">81.0933</dst>
      <dst id="23">17.0489</dst>
      <dst id="8">45.7689</dst>
      <dst id="18">808.4533</dst>
      <dst id="4">628.8444</dst>
      <dst id="1">5846.5422</dst>
      <dst id="5">506.2667</dst>
      <dst id="3">1344.4889</dst>
      <dst id="10">1375.7067</dst>
      <dst id="22">368.5067</dst>
      <dst id="7">964.2489</dst>
      <dst id="2">3481.9911</dst>
      <dst id="16">11526.7289</dst>
      <dst id="14">417.2267</dst>
      <dst id="20">28.5422</dst>
      <dst id="11">285.6000</dst>
      <dst id="9">1235.8756</dst>
      <dst id="17">11330.7289</dst>
      <dst id="21">1622.9867</dst>
      <dst id="15">51.5378</dst>
    </src>
    <src id="15">
      <dst id="12">181.6089</dst>
      <dst id="13">244.7733</dst>
      <dst id="19">4472.4622</dst>
      <dst id="8">76.5600</dst>
      <dst id="18">611.6000</dst>
      <dst id="4">53.7956</dst>
      <dst id="1">76.3822</dst>
      <dst id="5">30.0533</dst>
      <dst id="10">49.7244</dst>
      <dst id="2">20.4889</dst>
      <dst id="16">2361.8667</dst>
      <dst id="11">3.7156</dst>
      <dst id="9">1151.8400</dst>
      <dst id="17">240.8178</dst>
      <dst id="21">1.2800</dst>
    </src>
  </IntraTM>
</TrafficMatrixFile>
