<?xml version="1.0" encoding="UTF-8" standalone="yes"?>
<TrafficMatrixFile xmlns:xsi="http://www.w3.org/2001/XMLSchema-instance" xsi:noNamespaceSchemaLocation="http://totem.run.montefiore.ulg.ac.be/Schema/TrafficMatrix-v1_2.xsd">
  <info>
    <title>Intradomain traffic matrix generated by geant-TM-all.pl</title>
    <date>2005-03-19T02:15:00</date>
    <duration>900</duration>
    <author>Steve Uhlig</author>
    <units>
        <unit type="bandwidth" value="kbps"/>
    </units>
  </info>
  <IntraTM ASID="20965">
    <src id="12">
      <dst id="12">362017.3689</dst>
      <dst id="13">44815.1911</dst>
      <dst id="19">8293.0489</dst>
      <dst id="23">8996.6667</dst>
      <dst id="8">1036.4444</dst>
      <dst id="18">211082.5867</dst>
      <dst id="4">11754.9956</dst>
      <dst id="1">17110.4978</dst>
      <dst id="5">2113.4044</dst>
      <dst id="3">365.7156</dst>
      <dst id="10">4911.4756</dst>
      <dst id="22">6119.5200</dst>
      <dst id="7">4791.0044</dst>
      <dst id="2">44289.6089</dst>
      <dst id="6">26755.0844</dst>
      <dst id="16">2445.6178</dst>
      <dst id="14">182.2311</dst>
      <dst id="20">2393.4844</dst>
      <dst id="11">437.0933</dst>
      <dst id="9">5055.4844</dst>
      <dst id="17">48266.0089</dst>
      <dst id="21">6929.4667</dst>
      <dst id="15">244.1956</dst>
    </src>
    <src id="13">
      <dst id="12">17494.3378</dst>
      <dst id="13">44.7111</dst>
      <dst id="19">3834.6756</dst>
      <dst id="23">143.5111</dst>
      <dst id="8">201.8044</dst>
      <dst id="18">865.2000</dst>
      <dst id="4">0.4622</dst>
      <dst id="1">6776.5333</dst>
      <dst id="5">3843.8400</dst>
      <dst id="3">78.6667</dst>
      <dst id="22">2431.8311</dst>
      <dst id="7">4636.0889</dst>
      <dst id="2">32473.5378</dst>
      <dst id="6">28.9067</dst>
      <dst id="16">1.4489</dst>
      <dst id="14">75.0489</dst>
      <dst id="20">1309.1556</dst>
      <dst id="11">36.7911</dst>
      <dst id="9">3377.9467</dst>
      <dst id="17">25669.0044</dst>
      <dst id="21">1248.3200</dst>
      <dst id="15">156.9067</dst>
    </src>
    <src id="19">
      <dst id="12">14609.2622</dst>
      <dst id="13">3894.5067</dst>
      <dst id="23">88.0622</dst>
      <dst id="8">28.6933</dst>
      <dst id="18">15.3333</dst>
      <dst id="4">461.9822</dst>
      <dst id="1">260.7822</dst>
      <dst id="5">48.1778</dst>
      <dst id="3">1.4933</dst>
      <dst id="10">185.6444</dst>
      <dst id="22">23.3156</dst>
      <dst id="7">3040.7911</dst>
      <dst id="2">17655.2800</dst>
      <dst id="6">59.2800</dst>
      <dst id="14">20.0711</dst>
      <dst id="20">128.6933</dst>
      <dst id="11">37.2622</dst>
      <dst id="9">394.2222</dst>
      <dst id="17">2380.1867</dst>
      <dst id="21">561.9911</dst>
      <dst id="15">0.4267</dst>
    </src>
    <src id="23">
      <dst id="12">8376.8711</dst>
      <dst id="13">635.1200</dst>
      <dst id="19">15.2178</dst>
      <dst id="8">6.3556</dst>
      <dst id="18">71.0489</dst>
      <dst id="4">257.8400</dst>
      <dst id="1">16.9156</dst>
      <dst id="5">4.2756</dst>
      <dst id="3">12.6222</dst>
      <dst id="10">1478.9689</dst>
      <dst id="22">78.1333</dst>
      <dst id="7">290.5689</dst>
      <dst id="2">16.1689</dst>
      <dst id="16">80.0000</dst>
      <dst id="14">0.3556</dst>
      <dst id="20">1.3156</dst>
      <dst id="11">9.7333</dst>
      <dst id="9">96.0889</dst>
      <dst id="17">1394.0178</dst>
      <dst id="21">2202.6044</dst>
    </src>
    <src id="8">
      <dst id="12">9092.0444</dst>
      <dst id="13">510.5244</dst>
      <dst id="19">9.2889</dst>
      <dst id="23">0.4622</dst>
      <dst id="18">481.0667</dst>
      <dst id="4">205.1556</dst>
      <dst id="1">3466.0089</dst>
      <dst id="5">7748.0444</dst>
      <dst id="10">159.9289</dst>
      <dst id="2">417.5822</dst>
      <dst id="6">1.4222</dst>
      <dst id="16">263007.5822</dst>
      <dst id="14">0.8711</dst>
      <dst id="11">12.7289</dst>
      <dst id="9">94386.9600</dst>
      <dst id="17">45198.5244</dst>
      <dst id="21">7.5556</dst>
      <dst id="15">166.5067</dst>
    </src>
    <src id="18">
      <dst id="12">204002.7111</dst>
      <dst id="13">479.5556</dst>
      <dst id="19">5.2267</dst>
      <dst id="23">1.3156</dst>
      <dst id="8">63.9467</dst>
      <dst id="4">192.3467</dst>
      <dst id="1">1898.9689</dst>
      <dst id="5">294.5600</dst>
      <dst id="3">4155.6267</dst>
      <dst id="10">128.9511</dst>
      <dst id="22">362.9333</dst>
      <dst id="7">226.1156</dst>
      <dst id="2">18185.8667</dst>
      <dst id="6">1.8489</dst>
      <dst id="16">789.8222</dst>
      <dst id="14">3.6978</dst>
      <dst id="20">447.7156</dst>
      <dst id="11">0.9600</dst>
      <dst id="9">798.7022</dst>
      <dst id="17">11562.4178</dst>
      <dst id="21">597.4044</dst>
      <dst id="15">1.1733</dst>
    </src>
    <src id="4">
      <dst id="12">9521.3422</dst>
      <dst id="13">231.1378</dst>
      <dst id="19">6700.7644</dst>
      <dst id="23">4924.1333</dst>
      <dst id="8">2009.8311</dst>
      <dst id="18">9501.4222</dst>
      <dst id="4">527.5378</dst>
      <dst id="1">44248.4444</dst>
      <dst id="5">3708.6756</dst>
      <dst id="3">403.5556</dst>
      <dst id="7">526.6400</dst>
      <dst id="2">109921.2978</dst>
      <dst id="6">597.9733</dst>
      <dst id="16">78545.3600</dst>
      <dst id="14">8019.8578</dst>
      <dst id="11">1425.0222</dst>
      <dst id="9">27614.4978</dst>
      <dst id="17">101512.1067</dst>
      <dst id="21">19273.9822</dst>
      <dst id="15">1338.8444</dst>
    </src>
    <src id="1">
      <dst id="12">9527.0222</dst>
      <dst id="13">5281.6444</dst>
      <dst id="19">207.5378</dst>
      <dst id="23">55.3333</dst>
      <dst id="8">45.4667</dst>
      <dst id="18">13819.8489</dst>
      <dst id="4">740.0267</dst>
      <dst id="1">196518.0444</dst>
      <dst id="5">276.2222</dst>
      <dst id="3">2472.8800</dst>
      <dst id="10">635.7778</dst>
      <dst id="7">337303.3778</dst>
      <dst id="2">57570.7289</dst>
      <dst id="6">16.5422</dst>
      <dst id="16">1024643.6178</dst>
      <dst id="14">207.9289</dst>
      <dst id="20">978.4178</dst>
      <dst id="11">89.1644</dst>
      <dst id="9">2616.4444</dst>
      <dst id="17">218868.9600</dst>
      <dst id="21">699423.5200</dst>
      <dst id="15">1133.0933</dst>
    </src>
    <src id="5">
      <dst id="12">8166.6044</dst>
      <dst id="13">1733.4400</dst>
      <dst id="19">71.5733</dst>
      <dst id="8">520.1244</dst>
      <dst id="18">355.4667</dst>
      <dst id="4">128.5600</dst>
      <dst id="1">2888.8444</dst>
      <dst id="10">288.5333</dst>
      <dst id="2">2816.2844</dst>
      <dst id="6">107.7778</dst>
      <dst id="16">239244.6044</dst>
      <dst id="14">90.3111</dst>
      <dst id="11">97.5644</dst>
      <dst id="9">36694.8622</dst>
      <dst id="17">33798.3467</dst>
      <dst id="21">70.4533</dst>
      <dst id="15">39.5911</dst>
    </src>
    <src id="3">
      <dst id="12">12703.6178</dst>
      <dst id="13">30240.1689</dst>
      <dst id="19">3053.3778</dst>
      <dst id="23">12.6578</dst>
      <dst id="8">297.3511</dst>
      <dst id="18">1544.0356</dst>
      <dst id="4">1063.7156</dst>
      <dst id="1">8046.6400</dst>
      <dst id="5">582.4711</dst>
      <dst id="3">173.2889</dst>
      <dst id="10">631.1289</dst>
      <dst id="7">5057.1556</dst>
      <dst id="2">5503.3333</dst>
      <dst id="6">8.2044</dst>
      <dst id="16">7346.0000</dst>
      <dst id="14">228.0533</dst>
      <dst id="20">111.7422</dst>
      <dst id="11">228.8089</dst>
      <dst id="9">1200.4356</dst>
      <dst id="17">31230.6311</dst>
      <dst id="21">2649.9378</dst>
      <dst id="15">85.1556</dst>
    </src>
    <src id="10">
      <dst id="12">2909.5644</dst>
      <dst id="13">1766.1156</dst>
      <dst id="19">1862.6311</dst>
      <dst id="23">554.9778</dst>
      <dst id="8">2182.3378</dst>
      <dst id="18">3608.8889</dst>
      <dst id="1">1791.3422</dst>
      <dst id="5">529.3067</dst>
      <dst id="3">1475.1911</dst>
      <dst id="7">548.6756</dst>
      <dst id="2">30958.5778</dst>
      <dst id="6">25.2267</dst>
      <dst id="16">36399.6711</dst>
      <dst id="14">853.2089</dst>
      <dst id="20">694.8356</dst>
      <dst id="11">270.1422</dst>
      <dst id="9">3586.4533</dst>
      <dst id="17">67254.5956</dst>
      <dst id="21">14665.4578</dst>
      <dst id="15">150.0178</dst>
    </src>
    <src id="22">
      <dst id="12">15151.9467</dst>
      <dst id="13">4895.9378</dst>
      <dst id="19">396.9244</dst>
      <dst id="23">44.3733</dst>
      <dst id="8">122.3111</dst>
      <dst id="18">98.7467</dst>
      <dst id="4">1254.3378</dst>
      <dst id="1">1618.5511</dst>
      <dst id="5">10353.7422</dst>
      <dst id="3">1.1733</dst>
      <dst id="10">1576.6489</dst>
      <dst id="7">619.7778</dst>
      <dst id="2">3091.8489</dst>
      <dst id="6">44.0178</dst>
      <dst id="16">43.9467</dst>
      <dst id="14">296.0178</dst>
      <dst id="11">253.0400</dst>
      <dst id="9">1125.7067</dst>
      <dst id="17">9032.6933</dst>
      <dst id="21">1461.1378</dst>
    </src>
    <src id="7">
      <dst id="12">17912.6578</dst>
      <dst id="13">15245.0044</dst>
      <dst id="19">2435.9289</dst>
      <dst id="23">315.0933</dst>
      <dst id="8">6.0622</dst>
      <dst id="18">3949.2533</dst>
      <dst id="4">1538.5067</dst>
      <dst id="1">57448.8267</dst>
      <dst id="5">19.0578</dst>
      <dst id="3">688.3911</dst>
      <dst id="10">1341.0933</dst>
      <dst id="22">615.1556</dst>
      <dst id="7">721.3156</dst>
      <dst id="2">13196.6222</dst>
      <dst id="6">35.4311</dst>
      <dst id="16">5.5200</dst>
      <dst id="14">827.4044</dst>
      <dst id="20">66.7911</dst>
      <dst id="11">57.5822</dst>
      <dst id="9">220.9867</dst>
      <dst id="17">5074.0889</dst>
      <dst id="21">6456.0178</dst>
      <dst id="15">117.8044</dst>
    </src>
    <src id="2">
      <dst id="12">101443.3956</dst>
      <dst id="13">28169.6978</dst>
      <dst id="19">935.8311</dst>
      <dst id="23">2.6667</dst>
      <dst id="8">194.9778</dst>
      <dst id="18">122655.7333</dst>
      <dst id="4">5585.2711</dst>
      <dst id="1">28371.6444</dst>
      <dst id="5">427.5822</dst>
      <dst id="3">1484.3200</dst>
      <dst id="10">6455.2000</dst>
      <dst id="22">3233.7067</dst>
      <dst id="7">5254.6044</dst>
      <dst id="2">4216.2667</dst>
      <dst id="6">16575.2800</dst>
      <dst id="16">100.0444</dst>
      <dst id="14">172.3022</dst>
      <dst id="20">377.7778</dst>
      <dst id="11">797.2889</dst>
      <dst id="9">3152.9244</dst>
      <dst id="17">25495.2800</dst>
      <dst id="21">4355.5467</dst>
      <dst id="15">51.9467</dst>
    </src>
    <src id="6">
      <dst id="12">465.4489</dst>
      <dst id="13">98.3556</dst>
      <dst id="19">2.4533</dst>
      <dst id="8">9.7956</dst>
      <dst id="18">26.1156</dst>
      <dst id="4">4.9689</dst>
      <dst id="1">319.5200</dst>
      <dst id="5">38.5956</dst>
      <dst id="3">19.8933</dst>
      <dst id="10">0.4267</dst>
      <dst id="22">12.3200</dst>
      <dst id="7">630.2044</dst>
      <dst id="2">1197.2889</dst>
      <dst id="16">6.3111</dst>
      <dst id="9">32.4267</dst>
      <dst id="17">21362.2667</dst>
      <dst id="21">20.5778</dst>
    </src>
    <src id="16">
      <dst id="12">193646.5778</dst>
      <dst id="13">2588.1422</dst>
      <dst id="19">3483.1911</dst>
      <dst id="23">66.4800</dst>
      <dst id="8">105145.3156</dst>
      <dst id="18">85.0844</dst>
      <dst id="4">642.7911</dst>
      <dst id="1">6850.8533</dst>
      <dst id="5">238348.7644</dst>
      <dst id="3">6584.9511</dst>
      <dst id="10">489.6978</dst>
      <dst id="7">35.7156</dst>
      <dst id="2">293.8489</dst>
      <dst id="6">79.3600</dst>
      <dst id="16">20114.2400</dst>
      <dst id="14">60963.1644</dst>
      <dst id="11">23920.8533</dst>
      <dst id="9">238185.0933</dst>
      <dst id="17">2405.9289</dst>
      <dst id="21">92.6222</dst>
    </src>
    <src id="14">
      <dst id="12">3210.1867</dst>
      <dst id="13">374.5689</dst>
      <dst id="19">25.6711</dst>
      <dst id="23">0.4622</dst>
      <dst id="8">31.3778</dst>
      <dst id="18">153.8311</dst>
      <dst id="4">287.6000</dst>
      <dst id="1">514.5067</dst>
      <dst id="5">108.0533</dst>
      <dst id="3">1065.5733</dst>
      <dst id="10">73.8578</dst>
      <dst id="7">28.6311</dst>
      <dst id="2">1911.1467</dst>
      <dst id="16">511.0667</dst>
      <dst id="20">0.5867</dst>
      <dst id="11">4.1511</dst>
      <dst id="9">199.7156</dst>
      <dst id="17">26679.3422</dst>
      <dst id="21">127.6622</dst>
    </src>
    <src id="20">
      <dst id="12">7922.2044</dst>
      <dst id="13">4695.0844</dst>
      <dst id="19">8.9867</dst>
      <dst id="23">3.0311</dst>
      <dst id="8">1420.3733</dst>
      <dst id="18">424.7467</dst>
      <dst id="4">1883.6444</dst>
      <dst id="1">1647.3333</dst>
      <dst id="5">2920.7200</dst>
      <dst id="3">40.8622</dst>
      <dst id="10">299.6978</dst>
      <dst id="22">26.6667</dst>
      <dst id="7">135.5822</dst>
      <dst id="2">2834.4800</dst>
      <dst id="6">2.1156</dst>
      <dst id="16">5199.1822</dst>
      <dst id="14">27.8489</dst>
      <dst id="20">96.0444</dst>
      <dst id="11">5.1022</dst>
      <dst id="9">4476.4533</dst>
      <dst id="17">12358.0267</dst>
      <dst id="21">304.1511</dst>
    </src>
    <src id="11">
      <dst id="12">26442.1778</dst>
      <dst id="13">5368.9778</dst>
      <dst id="19">301.1022</dst>
      <dst id="23">18.1778</dst>
      <dst id="8">3587.4489</dst>
      <dst id="18">501.8400</dst>
      <dst id="4">1039.1289</dst>
      <dst id="1">5628.6489</dst>
      <dst id="5">1201.7600</dst>
      <dst id="3">33.2622</dst>
      <dst id="10">8185.1644</dst>
      <dst id="7">0.4622</dst>
      <dst id="2">62130.4889</dst>
      <dst id="6">29.4222</dst>
      <dst id="16">8067.9733</dst>
      <dst id="14">86.5156</dst>
      <dst id="20">788.4533</dst>
      <dst id="11">1355.4844</dst>
      <dst id="9">4806.8800</dst>
      <dst id="17">695056.5422</dst>
      <dst id="21">1127.4222</dst>
      <dst id="15">181.9289</dst>
    </src>
    <src id="9">
      <dst id="12">11795.1200</dst>
      <dst id="13">5999.1556</dst>
      <dst id="19">31.8400</dst>
      <dst id="23">77.9733</dst>
      <dst id="8">111062.0444</dst>
      <dst id="18">1306.7733</dst>
      <dst id="4">918.3022</dst>
      <dst id="1">5375.5733</dst>
      <dst id="5">315.5733</dst>
      <dst id="3">0.9511</dst>
      <dst id="10">337.4844</dst>
      <dst id="7">2.5156</dst>
      <dst id="2">7450.8978</dst>
      <dst id="6">0.3556</dst>
      <dst id="16">374845.2089</dst>
      <dst id="14">29.6978</dst>
      <dst id="11">27.9111</dst>
      <dst id="9">264120.3111</dst>
      <dst id="17">80043.8578</dst>
      <dst id="21">1.5289</dst>
      <dst id="15">4042.4978</dst>
    </src>
    <src id="17">
      <dst id="12">184785.0578</dst>
      <dst id="13">34630.6400</dst>
      <dst id="19">5590.4533</dst>
      <dst id="23">153.1911</dst>
      <dst id="8">543.4133</dst>
      <dst id="18">3868.2133</dst>
      <dst id="4">9729.5022</dst>
      <dst id="1">4979.8667</dst>
      <dst id="5">154827.9467</dst>
      <dst id="3">6945.3778</dst>
      <dst id="10">3493.1111</dst>
      <dst id="7">3824.6578</dst>
      <dst id="2">16209.1556</dst>
      <dst id="6">172.8267</dst>
      <dst id="16">18841.6711</dst>
      <dst id="14">27395.5111</dst>
      <dst id="20">8172.3467</dst>
      <dst id="11">15632.4622</dst>
      <dst id="9">16598.9333</dst>
      <dst id="17">25632.7556</dst>
      <dst id="21">12192.3822</dst>
      <dst id="15">1372.8267</dst>
    </src>
    <src id="21">
      <dst id="12">10704.4000</dst>
      <dst id="13">2969.1644</dst>
      <dst id="19">299.1022</dst>
      <dst id="23">18.0356</dst>
      <dst id="8">117.9911</dst>
      <dst id="18">15786.8800</dst>
      <dst id="4">2311.7244</dst>
      <dst id="1">20688.7111</dst>
      <dst id="5">852.8533</dst>
      <dst id="3">8199.8222</dst>
      <dst id="10">411.1289</dst>
      <dst id="7">5826.4000</dst>
      <dst id="2">11894.9689</dst>
      <dst id="6">154.8889</dst>
      <dst id="16">2748.0356</dst>
      <dst id="14">1143.4844</dst>
      <dst id="20">444.1778</dst>
      <dst id="11">103.3600</dst>
      <dst id="9">1519.2267</dst>
      <dst id="17">74584.1778</dst>
      <dst id="21">4799.3067</dst>
      <dst id="15">568.9244</dst>
    </src>
    <src id="15">
      <dst id="12">1375.7689</dst>
      <dst id="13">324.7644</dst>
      <dst id="19">0.9244</dst>
      <dst id="8">18.8889</dst>
      <dst id="18">45.2000</dst>
      <dst id="4">1158.5778</dst>
      <dst id="1">310.8089</dst>
      <dst id="5">345.0133</dst>
      <dst id="10">15.0756</dst>
      <dst id="2">2454.6044</dst>
      <dst id="16">170.7200</dst>
      <dst id="11">17.0400</dst>
      <dst id="9">1874.0089</dst>
      <dst id="17">13006.9511</dst>
      <dst id="21">30.2222</dst>
    </src>
  </IntraTM>
</TrafficMatrixFile>
