<?xml version="1.0" encoding="UTF-8" standalone="yes"?>
<TrafficMatrixFile xmlns:xsi="http://www.w3.org/2001/XMLSchema-instance" xsi:noNamespaceSchemaLocation="http://totem.run.montefiore.ulg.ac.be/Schema/TrafficMatrix-v1_2.xsd">
  <info>
    <title>Intradomain traffic matrix generated by geant-TM-all.pl</title>
    <date>2005-04-15T04:00:00</date>
    <duration>900</duration>
    <author>Steve Uhlig</author>
    <units>
        <unit type="bandwidth" value="kbps"/>
    </units>
  </info>
  <IntraTM ASID="20965">
    <src id="12">
      <dst id="12">400426.9600</dst>
      <dst id="13">30330.0267</dst>
      <dst id="19">3622.8978</dst>
      <dst id="23">6342.8000</dst>
      <dst id="8">249.8311</dst>
      <dst id="18">73605.4311</dst>
      <dst id="4">15772.7556</dst>
      <dst id="1">42240.3733</dst>
      <dst id="5">3280.1778</dst>
      <dst id="3">465.6178</dst>
      <dst id="10">4803.4489</dst>
      <dst id="22">17798.6222</dst>
      <dst id="7">7907.6978</dst>
      <dst id="2">7169.5733</dst>
      <dst id="16">7656.7111</dst>
      <dst id="14">1698.6667</dst>
      <dst id="20">567.0756</dst>
      <dst id="11">134.6400</dst>
      <dst id="9">26516.4267</dst>
      <dst id="17">35973.5733</dst>
      <dst id="21">1261.9289</dst>
      <dst id="15">720.5333</dst>
    </src>
    <src id="13">
      <dst id="12">28533.3422</dst>
      <dst id="13">104.7378</dst>
      <dst id="19">6234.4267</dst>
      <dst id="23">326.6044</dst>
      <dst id="8">952.8622</dst>
      <dst id="18">7472.5067</dst>
      <dst id="4">3.5022</dst>
      <dst id="1">33168.5689</dst>
      <dst id="5">3389.9644</dst>
      <dst id="3">91.0933</dst>
      <dst id="22">2883.4756</dst>
      <dst id="7">481.3333</dst>
      <dst id="2">8877.2533</dst>
      <dst id="16">1843.8667</dst>
      <dst id="14">93.7422</dst>
      <dst id="20">8528.9333</dst>
      <dst id="11">332.6844</dst>
      <dst id="9">885.9289</dst>
      <dst id="17">18880.5778</dst>
      <dst id="21">430.6667</dst>
      <dst id="15">82.7556</dst>
    </src>
    <src id="19">
      <dst id="12">38302.5867</dst>
      <dst id="13">1425.5556</dst>
      <dst id="23">13.6533</dst>
      <dst id="18">4038.5156</dst>
      <dst id="4">91.7867</dst>
      <dst id="1">16910.3822</dst>
      <dst id="5">26.5778</dst>
      <dst id="3">0.6311</dst>
      <dst id="10">333.3956</dst>
      <dst id="22">46.6844</dst>
      <dst id="7">1861.5556</dst>
      <dst id="2">314.1067</dst>
      <dst id="16">135.1200</dst>
      <dst id="14">48.6844</dst>
      <dst id="20">0.8889</dst>
      <dst id="11">51.9111</dst>
      <dst id="9">186.4089</dst>
      <dst id="17">4183.5644</dst>
      <dst id="21">348.9422</dst>
      <dst id="15">1.1200</dst>
    </src>
    <src id="23">
      <dst id="12">6760.9956</dst>
      <dst id="13">2590.1067</dst>
      <dst id="19">0.4622</dst>
      <dst id="8">0.3556</dst>
      <dst id="18">27.0933</dst>
      <dst id="4">81.2622</dst>
      <dst id="1">178.2933</dst>
      <dst id="5">76.7911</dst>
      <dst id="10">1003.5644</dst>
      <dst id="22">67.4667</dst>
      <dst id="7">2432.1244</dst>
      <dst id="2">1168.8356</dst>
      <dst id="14">0.4622</dst>
      <dst id="20">0.8000</dst>
      <dst id="11">14.7556</dst>
      <dst id="9">151.1289</dst>
      <dst id="17">499.1556</dst>
      <dst id="21">1009.1111</dst>
    </src>
    <src id="8">
      <dst id="12">14581.5911</dst>
      <dst id="13">445.7689</dst>
      <dst id="23">0.7111</dst>
      <dst id="18">51.4667</dst>
      <dst id="4">284.0444</dst>
      <dst id="1">3014.8178</dst>
      <dst id="5">683.8844</dst>
      <dst id="3">274.3111</dst>
      <dst id="10">46.3378</dst>
      <dst id="22">0.9689</dst>
      <dst id="2">127.2267</dst>
      <dst id="16">254497.0844</dst>
      <dst id="11">67.1644</dst>
      <dst id="9">77473.5467</dst>
      <dst id="17">21522.8622</dst>
      <dst id="21">52.5067</dst>
      <dst id="15">112.7733</dst>
    </src>
    <src id="18">
      <dst id="12">102621.6889</dst>
      <dst id="13">822.5600</dst>
      <dst id="19">96.7022</dst>
      <dst id="23">0.4622</dst>
      <dst id="8">25.2089</dst>
      <dst id="4">259.9644</dst>
      <dst id="1">12632.1067</dst>
      <dst id="5">105.5911</dst>
      <dst id="3">1146.3911</dst>
      <dst id="10">44.5333</dst>
      <dst id="22">216.7022</dst>
      <dst id="7">51.4311</dst>
      <dst id="2">2203.7422</dst>
      <dst id="16">280.7289</dst>
      <dst id="11">13.3333</dst>
      <dst id="9">10205.0400</dst>
      <dst id="17">4400.7111</dst>
      <dst id="21">814.6489</dst>
      <dst id="15">1.0844</dst>
    </src>
    <src id="4">
      <dst id="12">19159.3422</dst>
      <dst id="13">32.5244</dst>
      <dst id="19">6957.7511</dst>
      <dst id="23">10211.5200</dst>
      <dst id="8">1771.3600</dst>
      <dst id="18">5625.3511</dst>
      <dst id="4">1955.2889</dst>
      <dst id="1">123055.6178</dst>
      <dst id="5">7918.2756</dst>
      <dst id="3">4.7911</dst>
      <dst id="22">2295.3689</dst>
      <dst id="7">6.3467</dst>
      <dst id="2">123160.5156</dst>
      <dst id="16">161132.9244</dst>
      <dst id="14">3711.8489</dst>
      <dst id="11">429.8844</dst>
      <dst id="9">35683.6444</dst>
      <dst id="17">117153.4133</dst>
      <dst id="21">12864.2222</dst>
      <dst id="15">1430.2400</dst>
    </src>
    <src id="1">
      <dst id="12">33309.4667</dst>
      <dst id="13">24132.5422</dst>
      <dst id="19">3995.2711</dst>
      <dst id="23">844.7200</dst>
      <dst id="8">87.9022</dst>
      <dst id="18">15725.6444</dst>
      <dst id="4">2206.2044</dst>
      <dst id="1">709287.2711</dst>
      <dst id="5">902.1333</dst>
      <dst id="3">31718.3822</dst>
      <dst id="10">1840.1244</dst>
      <dst id="22">284.8356</dst>
      <dst id="7">3081.9467</dst>
      <dst id="2">30361.9644</dst>
      <dst id="16">373585.0311</dst>
      <dst id="14">5525.3244</dst>
      <dst id="20">497.5378</dst>
      <dst id="11">94.0356</dst>
      <dst id="9">2334.7111</dst>
      <dst id="17">392968.0800</dst>
      <dst id="21">14686.6222</dst>
      <dst id="15">192.6667</dst>
    </src>
    <src id="5">
      <dst id="12">22194.6489</dst>
      <dst id="13">1793.0400</dst>
      <dst id="19">50.6844</dst>
      <dst id="23">38.4178</dst>
      <dst id="8">1332.9067</dst>
      <dst id="18">104.3022</dst>
      <dst id="4">419.6444</dst>
      <dst id="1">38145.1378</dst>
      <dst id="3">347.6800</dst>
      <dst id="10">810.3467</dst>
      <dst id="22">252.3733</dst>
      <dst id="2">527.9822</dst>
      <dst id="16">369084.3022</dst>
      <dst id="14">15.1822</dst>
      <dst id="11">64.4978</dst>
      <dst id="9">64237.4489</dst>
      <dst id="17">50234.8089</dst>
      <dst id="21">150.9333</dst>
      <dst id="15">92.8711</dst>
    </src>
    <src id="3">
      <dst id="12">35380.4622</dst>
      <dst id="13">59067.0311</dst>
      <dst id="19">2088.2044</dst>
      <dst id="23">260.5067</dst>
      <dst id="8">14.2133</dst>
      <dst id="18">1529.6444</dst>
      <dst id="4">695.5289</dst>
      <dst id="1">27233.3689</dst>
      <dst id="5">2336.0533</dst>
      <dst id="3">63.5467</dst>
      <dst id="10">328.3467</dst>
      <dst id="22">229.0133</dst>
      <dst id="7">79996.9422</dst>
      <dst id="2">3372.4622</dst>
      <dst id="16">10071.5911</dst>
      <dst id="14">248.5778</dst>
      <dst id="20">74.4800</dst>
      <dst id="11">339.1467</dst>
      <dst id="9">1884.1956</dst>
      <dst id="17">42719.7511</dst>
      <dst id="21">2406.4444</dst>
      <dst id="15">47.6711</dst>
    </src>
    <src id="10">
      <dst id="12">1631.3867</dst>
      <dst id="19">948.0000</dst>
      <dst id="23">350.1244</dst>
      <dst id="8">103.4222</dst>
      <dst id="18">1738.2844</dst>
      <dst id="1">274.9244</dst>
      <dst id="5">273.5644</dst>
      <dst id="3">7.1822</dst>
      <dst id="22">44.3022</dst>
      <dst id="2">5595.5200</dst>
      <dst id="16">16108.5778</dst>
      <dst id="14">142.0178</dst>
      <dst id="20">867.4933</dst>
      <dst id="11">7.8222</dst>
      <dst id="9">1902.1156</dst>
      <dst id="17">8297.5556</dst>
      <dst id="21">1328.6222</dst>
      <dst id="15">40.5956</dst>
    </src>
    <src id="22">
      <dst id="12">9858.6044</dst>
      <dst id="13">8867.7867</dst>
      <dst id="19">91.0400</dst>
      <dst id="23">1.3867</dst>
      <dst id="8">2035.3511</dst>
      <dst id="18">203.0222</dst>
      <dst id="4">2154.9067</dst>
      <dst id="1">80.7644</dst>
      <dst id="5">1673.4756</dst>
      <dst id="3">1.4044</dst>
      <dst id="10">3858.3111</dst>
      <dst id="7">237.7067</dst>
      <dst id="2">3760.7644</dst>
      <dst id="16">102.0711</dst>
      <dst id="14">2.7644</dst>
      <dst id="11">4.0444</dst>
      <dst id="9">1763.3956</dst>
      <dst id="17">2899.2356</dst>
      <dst id="21">627.0133</dst>
    </src>
    <src id="7">
      <dst id="12">9015.3956</dst>
      <dst id="13">84334.5956</dst>
      <dst id="19">133.7244</dst>
      <dst id="23">59.3156</dst>
      <dst id="8">28.4000</dst>
      <dst id="18">312.0533</dst>
      <dst id="4">2533.4933</dst>
      <dst id="1">2606.0978</dst>
      <dst id="5">122.7733</dst>
      <dst id="3">20.3911</dst>
      <dst id="10">500.6489</dst>
      <dst id="22">198.7556</dst>
      <dst id="7">8.7111</dst>
      <dst id="2">11504.3911</dst>
      <dst id="16">263.8667</dst>
      <dst id="14">40.6667</dst>
      <dst id="20">237.9378</dst>
      <dst id="11">325.6889</dst>
      <dst id="9">49.2444</dst>
      <dst id="17">3869.1911</dst>
      <dst id="21">3356.8356</dst>
      <dst id="15">0.5244</dst>
    </src>
    <src id="2">
      <dst id="12">151150.4533</dst>
      <dst id="13">57330.8356</dst>
      <dst id="19">3014.5689</dst>
      <dst id="23">17.2800</dst>
      <dst id="8">745.7333</dst>
      <dst id="18">33842.7467</dst>
      <dst id="4">3437.9644</dst>
      <dst id="1">39462.5867</dst>
      <dst id="5">2020.1689</dst>
      <dst id="3">60.2489</dst>
      <dst id="10">3328.3467</dst>
      <dst id="22">850.7644</dst>
      <dst id="7">4758.2222</dst>
      <dst id="2">4546.8978</dst>
      <dst id="6">1.2800</dst>
      <dst id="16">138.8622</dst>
      <dst id="14">910.4089</dst>
      <dst id="20">4856.4533</dst>
      <dst id="11">4770.4089</dst>
      <dst id="9">1007.4667</dst>
      <dst id="17">11632.4533</dst>
      <dst id="21">4995.3956</dst>
      <dst id="15">131.4400</dst>
    </src>
    <src id="6">
      <dst id="12">827.5467</dst>
      <dst id="13">23.8667</dst>
      <dst id="19">5.7600</dst>
      <dst id="8">0.7111</dst>
      <dst id="1">1327.3244</dst>
      <dst id="5">15.5378</dst>
      <dst id="3">1.6978</dst>
      <dst id="10">1.5378</dst>
      <dst id="22">1.0222</dst>
      <dst id="7">27.3600</dst>
      <dst id="2">251.7689</dst>
      <dst id="16">31.2356</dst>
      <dst id="20">0.3556</dst>
      <dst id="9">1242.5778</dst>
      <dst id="17">25794.3556</dst>
      <dst id="21">1.2622</dst>
    </src>
    <src id="16">
      <dst id="12">128758.7289</dst>
      <dst id="13">1262.4444</dst>
      <dst id="19">3462.8000</dst>
      <dst id="23">50.9067</dst>
      <dst id="8">109026.7822</dst>
      <dst id="18">97.1289</dst>
      <dst id="4">310.3111</dst>
      <dst id="1">27288.3022</dst>
      <dst id="5">335878.1333</dst>
      <dst id="3">3304.4978</dst>
      <dst id="10">528.9067</dst>
      <dst id="22">92.6222</dst>
      <dst id="2">530.7467</dst>
      <dst id="16">19454.3911</dst>
      <dst id="14">39799.5200</dst>
      <dst id="11">13574.6311</dst>
      <dst id="9">201242.1244</dst>
      <dst id="17">2883.3156</dst>
      <dst id="21">142.0444</dst>
    </src>
    <src id="14">
      <dst id="12">704.1689</dst>
      <dst id="13">360.3911</dst>
      <dst id="19">18.9511</dst>
      <dst id="23">1.7778</dst>
      <dst id="18">14.6222</dst>
      <dst id="4">186.3822</dst>
      <dst id="1">2546.3289</dst>
      <dst id="5">8.2489</dst>
      <dst id="3">1363.4222</dst>
      <dst id="10">275.5467</dst>
      <dst id="22">25.9556</dst>
      <dst id="7">13.5378</dst>
      <dst id="2">122.5156</dst>
      <dst id="16">2250.7556</dst>
      <dst id="20">0.8444</dst>
      <dst id="11">75.1378</dst>
      <dst id="9">1718.9956</dst>
      <dst id="17">37233.3422</dst>
      <dst id="21">122.9333</dst>
    </src>
    <src id="20">
      <dst id="12">3316.3289</dst>
      <dst id="13">2818.6222</dst>
      <dst id="19">19.8311</dst>
      <dst id="23">13.3333</dst>
      <dst id="8">0.8889</dst>
      <dst id="18">0.4622</dst>
      <dst id="4">1074.0356</dst>
      <dst id="1">117.1644</dst>
      <dst id="5">5423.2533</dst>
      <dst id="10">764.1600</dst>
      <dst id="22">13.8667</dst>
      <dst id="7">1084.0533</dst>
      <dst id="2">258.1689</dst>
      <dst id="16">5625.5822</dst>
      <dst id="14">0.3911</dst>
      <dst id="9">721.7778</dst>
      <dst id="17">12204.1600</dst>
      <dst id="21">1902.5511</dst>
    </src>
    <src id="11">
      <dst id="12">32310.8356</dst>
      <dst id="13">7706.0800</dst>
      <dst id="19">1976.1511</dst>
      <dst id="23">1.9733</dst>
      <dst id="8">470.1511</dst>
      <dst id="18">215.9911</dst>
      <dst id="4">795.9289</dst>
      <dst id="1">38225.7956</dst>
      <dst id="5">2475.7689</dst>
      <dst id="3">1225.3956</dst>
      <dst id="10">278.3022</dst>
      <dst id="22">94.4267</dst>
      <dst id="2">4632.6667</dst>
      <dst id="16">15167.8311</dst>
      <dst id="14">17.8667</dst>
      <dst id="20">96.0178</dst>
      <dst id="11">1246.3733</dst>
      <dst id="9">43555.1644</dst>
      <dst id="17">480090.7378</dst>
      <dst id="21">604.4800</dst>
      <dst id="15">227.2978</dst>
    </src>
    <src id="9">
      <dst id="12">27041.4133</dst>
      <dst id="13">1828.0178</dst>
      <dst id="19">12.9600</dst>
      <dst id="23">206.0089</dst>
      <dst id="8">94119.5644</dst>
      <dst id="18">680.5156</dst>
      <dst id="4">1916.1689</dst>
      <dst id="1">5516.0178</dst>
      <dst id="5">1608.2400</dst>
      <dst id="3">964.1244</dst>
      <dst id="10">619.7689</dst>
      <dst id="22">1.8489</dst>
      <dst id="2">1109.1911</dst>
      <dst id="16">513926.9156</dst>
      <dst id="14">16.9867</dst>
      <dst id="11">3.1911</dst>
      <dst id="9">290937.7689</dst>
      <dst id="17">46435.4578</dst>
      <dst id="21">518.7822</dst>
      <dst id="15">1179.8844</dst>
    </src>
    <src id="17">
      <dst id="12">77117.3333</dst>
      <dst id="13">43655.1644</dst>
      <dst id="19">857.3956</dst>
      <dst id="23">239.4311</dst>
      <dst id="8">865.4933</dst>
      <dst id="18">180.9689</dst>
      <dst id="4">4454.2667</dst>
      <dst id="1">9057.1467</dst>
      <dst id="5">217765.1378</dst>
      <dst id="3">3756.3733</dst>
      <dst id="10">5583.4578</dst>
      <dst id="22">66.9600</dst>
      <dst id="7">1071.3156</dst>
      <dst id="2">8345.8400</dst>
      <dst id="6">1.8133</dst>
      <dst id="16">66219.8044</dst>
      <dst id="14">22542.9778</dst>
      <dst id="20">1938.9956</dst>
      <dst id="11">15125.8311</dst>
      <dst id="9">6086.8978</dst>
      <dst id="17">16214.4089</dst>
      <dst id="21">4882.4889</dst>
      <dst id="15">237.7156</dst>
    </src>
    <src id="21">
      <dst id="12">449.9378</dst>
      <dst id="13">3584.6756</dst>
      <dst id="19">976.8533</dst>
      <dst id="23">25.7333</dst>
      <dst id="8">132.7733</dst>
      <dst id="18">625.1556</dst>
      <dst id="4">721.9022</dst>
      <dst id="1">6755.8044</dst>
      <dst id="5">2122.4178</dst>
      <dst id="3">2654.8356</dst>
      <dst id="10">749.9200</dst>
      <dst id="22">158.8889</dst>
      <dst id="7">568.3644</dst>
      <dst id="2">5581.3067</dst>
      <dst id="16">8264.9422</dst>
      <dst id="14">99.3333</dst>
      <dst id="20">706.8267</dst>
      <dst id="11">353.5733</dst>
      <dst id="9">2337.7156</dst>
      <dst id="17">18802.3911</dst>
      <dst id="21">4914.9156</dst>
      <dst id="15">88.8444</dst>
    </src>
    <src id="15">
      <dst id="12">108.6044</dst>
      <dst id="13">494.8889</dst>
      <dst id="19">26.6667</dst>
      <dst id="23">13.9378</dst>
      <dst id="8">27.3778</dst>
      <dst id="18">31.4667</dst>
      <dst id="4">139.2889</dst>
      <dst id="1">65.0133</dst>
      <dst id="5">822.8356</dst>
      <dst id="10">52.1067</dst>
      <dst id="2">62.1511</dst>
      <dst id="16">791.4844</dst>
      <dst id="14">27.3156</dst>
      <dst id="9">10313.9644</dst>
      <dst id="17">12654.1600</dst>
      <dst id="21">1.7956</dst>
    </src>
  </IntraTM>
</TrafficMatrixFile>
