<?xml version="1.0" encoding="UTF-8" standalone="yes"?>
<TrafficMatrixFile xmlns:xsi="http://www.w3.org/2001/XMLSchema-instance" xsi:noNamespaceSchemaLocation="http://totem.run.montefiore.ulg.ac.be/Schema/TrafficMatrix-v1_2.xsd">
  <info>
    <title>Intradomain traffic matrix generated by geant-TM-all.pl</title>
    <date>2005-04-06T05:30:00</date>
    <duration>900</duration>
    <author>Steve Uhlig</author>
    <units>
        <unit type="bandwidth" value="kbps"/>
    </units>
  </info>
  <IntraTM ASID="20965">
    <src id="12">
      <dst id="12">348357.1911</dst>
      <dst id="13">24394.9067</dst>
      <dst id="19">1778.0800</dst>
      <dst id="23">1868.0356</dst>
      <dst id="8">192.8889</dst>
      <dst id="18">34610.7111</dst>
      <dst id="4">3989.9556</dst>
      <dst id="1">20476.9689</dst>
      <dst id="5">2494.2667</dst>
      <dst id="3">520.8178</dst>
      <dst id="10">2096.2311</dst>
      <dst id="22">2726.8978</dst>
      <dst id="7">193.0756</dst>
      <dst id="2">27577.7956</dst>
      <dst id="16">3123.6267</dst>
      <dst id="14">316.1511</dst>
      <dst id="20">4111.7867</dst>
      <dst id="11">192.7911</dst>
      <dst id="9">2147.1022</dst>
      <dst id="17">46769.1733</dst>
      <dst id="21">235.2889</dst>
      <dst id="15">111.9556</dst>
    </src>
    <src id="13">
      <dst id="12">27989.5822</dst>
      <dst id="13">85.3778</dst>
      <dst id="19">2564.1867</dst>
      <dst id="23">36.2667</dst>
      <dst id="8">167.7689</dst>
      <dst id="18">234.9333</dst>
      <dst id="4">1.8489</dst>
      <dst id="1">437.7156</dst>
      <dst id="5">1443.6533</dst>
      <dst id="3">33.1644</dst>
      <dst id="10">13.6356</dst>
      <dst id="22">1808.3822</dst>
      <dst id="7">62.5956</dst>
      <dst id="2">6354.7556</dst>
      <dst id="16">1095.3067</dst>
      <dst id="14">98.5156</dst>
      <dst id="20">1047.8133</dst>
      <dst id="11">360.4622</dst>
      <dst id="9">1709.3778</dst>
      <dst id="17">15373.2711</dst>
      <dst id="21">185.9022</dst>
      <dst id="15">830.4622</dst>
    </src>
    <src id="19">
      <dst id="12">31209.4756</dst>
      <dst id="13">543.4489</dst>
      <dst id="23">2.2578</dst>
      <dst id="8">0.4622</dst>
      <dst id="18">13.8667</dst>
      <dst id="4">108.9511</dst>
      <dst id="1">39.8933</dst>
      <dst id="5">1.0222</dst>
      <dst id="10">28.6756</dst>
      <dst id="22">142.8000</dst>
      <dst id="7">781.9111</dst>
      <dst id="2">342.7644</dst>
      <dst id="16">113.7867</dst>
      <dst id="14">141.7511</dst>
      <dst id="20">9.5822</dst>
      <dst id="9">1.6356</dst>
      <dst id="17">382.7733</dst>
      <dst id="21">778.9867</dst>
      <dst id="15">2.9244</dst>
    </src>
    <src id="23">
      <dst id="12">1802.5156</dst>
      <dst id="13">3312.2933</dst>
      <dst id="19">0.3556</dst>
      <dst id="8">32.9244</dst>
      <dst id="18">4.7111</dst>
      <dst id="4">101.8844</dst>
      <dst id="1">126.1244</dst>
      <dst id="5">13.3333</dst>
      <dst id="10">46.6400</dst>
      <dst id="22">22.3200</dst>
      <dst id="7">4.9778</dst>
      <dst id="2">147.1556</dst>
      <dst id="16">54.2578</dst>
      <dst id="14">27.7422</dst>
      <dst id="20">12.6222</dst>
      <dst id="11">26.1156</dst>
      <dst id="9">13.6178</dst>
      <dst id="17">672.6044</dst>
      <dst id="21">56.7822</dst>
      <dst id="15">25.7422</dst>
    </src>
    <src id="8">
      <dst id="12">11219.7689</dst>
      <dst id="13">947.6444</dst>
      <dst id="23">1.7422</dst>
      <dst id="18">3.5467</dst>
      <dst id="4">312.7289</dst>
      <dst id="1">1042.6844</dst>
      <dst id="5">316.9867</dst>
      <dst id="3">103.7422</dst>
      <dst id="10">12.7378</dst>
      <dst id="22">2.5600</dst>
      <dst id="2">16.9511</dst>
      <dst id="16">178502.4178</dst>
      <dst id="11">0.4622</dst>
      <dst id="9">61703.7422</dst>
      <dst id="17">18957.0133</dst>
      <dst id="21">1.6622</dst>
      <dst id="15">63.6356</dst>
    </src>
    <src id="18">
      <dst id="12">105585.2622</dst>
      <dst id="13">715.9289</dst>
      <dst id="19">0.4711</dst>
      <dst id="23">0.4267</dst>
      <dst id="8">14.4711</dst>
      <dst id="4">25.2178</dst>
      <dst id="1">805.8933</dst>
      <dst id="5">42.2844</dst>
      <dst id="3">1423.9644</dst>
      <dst id="10">19.8044</dst>
      <dst id="22">309.7156</dst>
      <dst id="7">27.0933</dst>
      <dst id="2">10448.9422</dst>
      <dst id="16">401.6622</dst>
      <dst id="14">14.2222</dst>
      <dst id="20">0.4711</dst>
      <dst id="9">466.2667</dst>
      <dst id="17">4019.6000</dst>
      <dst id="21">61.9200</dst>
    </src>
    <src id="4">
      <dst id="12">31247.6889</dst>
      <dst id="13">0.4622</dst>
      <dst id="19">4165.0844</dst>
      <dst id="23">9935.4400</dst>
      <dst id="8">817.7867</dst>
      <dst id="18">1260.8800</dst>
      <dst id="4">2307.6000</dst>
      <dst id="1">92071.6711</dst>
      <dst id="5">4373.4133</dst>
      <dst id="3">2.6667</dst>
      <dst id="22">1825.8133</dst>
      <dst id="7">122.3467</dst>
      <dst id="2">60147.3422</dst>
      <dst id="16">238848.3556</dst>
      <dst id="14">10174.0978</dst>
      <dst id="11">218.9867</dst>
      <dst id="9">12828.7911</dst>
      <dst id="17">68222.8178</dst>
      <dst id="21">8471.3511</dst>
      <dst id="15">400.0000</dst>
    </src>
    <src id="1">
      <dst id="12">460557.7511</dst>
      <dst id="13">1907.4667</dst>
      <dst id="19">39.8044</dst>
      <dst id="23">70.2311</dst>
      <dst id="8">411.7333</dst>
      <dst id="18">13094.3733</dst>
      <dst id="4">161.6711</dst>
      <dst id="1">40237.5378</dst>
      <dst id="5">471.7422</dst>
      <dst id="3">348.5778</dst>
      <dst id="10">94.6133</dst>
      <dst id="22">1.9556</dst>
      <dst id="7">106.8000</dst>
      <dst id="2">22056.2044</dst>
      <dst id="16">166440.6044</dst>
      <dst id="14">254.8889</dst>
      <dst id="20">1019.9111</dst>
      <dst id="11">323.6356</dst>
      <dst id="9">1790.3022</dst>
      <dst id="17">410159.7422</dst>
      <dst id="21">286821.3511</dst>
      <dst id="15">72.5867</dst>
    </src>
    <src id="5">
      <dst id="12">16364.1689</dst>
      <dst id="13">2385.9911</dst>
      <dst id="19">0.9867</dst>
      <dst id="23">0.5511</dst>
      <dst id="8">52.0533</dst>
      <dst id="18">378.2756</dst>
      <dst id="4">157.0400</dst>
      <dst id="1">2703.0222</dst>
      <dst id="3">627.2711</dst>
      <dst id="10">1349.3511</dst>
      <dst id="22">81.3511</dst>
      <dst id="2">153.1911</dst>
      <dst id="16">326083.5644</dst>
      <dst id="14">78.0533</dst>
      <dst id="11">111.8222</dst>
      <dst id="9">54207.1200</dst>
      <dst id="17">31984.8444</dst>
      <dst id="21">8.5956</dst>
      <dst id="15">33.0400</dst>
    </src>
    <src id="3">
      <dst id="12">4027.2622</dst>
      <dst id="13">32506.0000</dst>
      <dst id="19">1051.6178</dst>
      <dst id="23">11.0667</dst>
      <dst id="8">1538.2933</dst>
      <dst id="18">4071.4756</dst>
      <dst id="4">502.5244</dst>
      <dst id="1">23608.6756</dst>
      <dst id="5">282.1511</dst>
      <dst id="3">135.7333</dst>
      <dst id="10">264.7644</dst>
      <dst id="22">3.5556</dst>
      <dst id="7">177.6356</dst>
      <dst id="2">3565.4222</dst>
      <dst id="16">5304.5956</dst>
      <dst id="14">235.0756</dst>
      <dst id="20">181.3422</dst>
      <dst id="11">710.4089</dst>
      <dst id="9">253.7244</dst>
      <dst id="17">12977.4756</dst>
      <dst id="21">719.8933</dst>
      <dst id="15">7.8044</dst>
    </src>
    <src id="10">
      <dst id="12">6824.9422</dst>
      <dst id="13">8.2400</dst>
      <dst id="19">68.4000</dst>
      <dst id="23">4669.9289</dst>
      <dst id="8">248.8711</dst>
      <dst id="18">842.2756</dst>
      <dst id="1">231.8578</dst>
      <dst id="5">1680.1067</dst>
      <dst id="3">38.4356</dst>
      <dst id="22">52.8711</dst>
      <dst id="7">0.8533</dst>
      <dst id="2">14718.2933</dst>
      <dst id="16">8924.8622</dst>
      <dst id="14">371.9911</dst>
      <dst id="20">4135.9022</dst>
      <dst id="11">0.4622</dst>
      <dst id="9">4729.7244</dst>
      <dst id="17">15242.5778</dst>
      <dst id="21">2521.3244</dst>
      <dst id="15">49.4667</dst>
    </src>
    <src id="22">
      <dst id="12">5802.9600</dst>
      <dst id="13">1596.9867</dst>
      <dst id="19">6273.0489</dst>
      <dst id="23">8.7822</dst>
      <dst id="8">42.7733</dst>
      <dst id="18">55.5289</dst>
      <dst id="4">653.5200</dst>
      <dst id="1">228.8533</dst>
      <dst id="5">4163.0044</dst>
      <dst id="3">10.0978</dst>
      <dst id="10">204.4711</dst>
      <dst id="7">93.8311</dst>
      <dst id="2">581.7956</dst>
      <dst id="16">293.1111</dst>
      <dst id="14">30.6133</dst>
      <dst id="11">232.5600</dst>
      <dst id="9">210.2133</dst>
      <dst id="17">12259.3156</dst>
      <dst id="21">182.8533</dst>
    </src>
    <src id="7">
      <dst id="12">7955.1644</dst>
      <dst id="13">7646.2489</dst>
      <dst id="19">82.5778</dst>
      <dst id="23">34.1867</dst>
      <dst id="8">14.4267</dst>
      <dst id="18">18.1244</dst>
      <dst id="4">283.0044</dst>
      <dst id="1">1248.6756</dst>
      <dst id="5">7.1911</dst>
      <dst id="3">95.9911</dst>
      <dst id="10">104.4889</dst>
      <dst id="22">23.3156</dst>
      <dst id="2">740.2311</dst>
      <dst id="16">66.7822</dst>
      <dst id="14">133.0222</dst>
      <dst id="20">328.4889</dst>
      <dst id="11">414.8356</dst>
      <dst id="9">46.1244</dst>
      <dst id="17">1181.0489</dst>
      <dst id="21">147.6444</dst>
      <dst id="15">4.0356</dst>
    </src>
    <src id="2">
      <dst id="12">94021.6000</dst>
      <dst id="13">31014.9778</dst>
      <dst id="19">1600.7644</dst>
      <dst id="23">67.0933</dst>
      <dst id="8">44.2756</dst>
      <dst id="18">18623.5200</dst>
      <dst id="4">1242.1156</dst>
      <dst id="1">67966.2044</dst>
      <dst id="5">429.6178</dst>
      <dst id="3">21.8756</dst>
      <dst id="10">2457.1200</dst>
      <dst id="22">392.1244</dst>
      <dst id="7">544.0533</dst>
      <dst id="2">3616.6489</dst>
      <dst id="6">1.7067</dst>
      <dst id="16">308.1778</dst>
      <dst id="14">480.7644</dst>
      <dst id="20">11193.0222</dst>
      <dst id="11">571.0400</dst>
      <dst id="9">567.0756</dst>
      <dst id="17">16771.7689</dst>
      <dst id="21">894.2400</dst>
      <dst id="15">113.6978</dst>
    </src>
    <src id="6">
      <dst id="12">141.5289</dst>
      <dst id="13">90.0356</dst>
      <dst id="19">1.5289</dst>
      <dst id="4">1.1911</dst>
      <dst id="1">182.2756</dst>
      <dst id="5">1.2889</dst>
      <dst id="3">24.7289</dst>
      <dst id="22">16.5067</dst>
      <dst id="2">1759.8133</dst>
      <dst id="16">56.4089</dst>
      <dst id="20">0.4000</dst>
      <dst id="9">2.5778</dst>
      <dst id="17">21499.3244</dst>
      <dst id="21">0.9067</dst>
    </src>
    <src id="16">
      <dst id="12">92582.3378</dst>
      <dst id="13">904.1156</dst>
      <dst id="19">2747.5289</dst>
      <dst id="23">6.5422</dst>
      <dst id="8">83681.5289</dst>
      <dst id="18">31.7600</dst>
      <dst id="4">179.7778</dst>
      <dst id="1">8533.9733</dst>
      <dst id="5">264019.6711</dst>
      <dst id="3">2848.2311</dst>
      <dst id="10">46.4978</dst>
      <dst id="2">438.5156</dst>
      <dst id="16">16979.6889</dst>
      <dst id="14">42653.1644</dst>
      <dst id="11">9158.3911</dst>
      <dst id="9">185512.0089</dst>
      <dst id="17">1770.2844</dst>
    </src>
    <src id="14">
      <dst id="12">1526.3556</dst>
      <dst id="13">828.7822</dst>
      <dst id="19">31.8578</dst>
      <dst id="23">4.7644</dst>
      <dst id="4">107.5822</dst>
      <dst id="1">215.3067</dst>
      <dst id="5">30.6222</dst>
      <dst id="3">696.8622</dst>
      <dst id="10">41.3156</dst>
      <dst id="22">0.4622</dst>
      <dst id="7">15.7511</dst>
      <dst id="2">2277.7689</dst>
      <dst id="16">1993.1556</dst>
      <dst id="20">6.7467</dst>
      <dst id="11">115.9200</dst>
      <dst id="9">21.3956</dst>
      <dst id="17">25573.7333</dst>
      <dst id="21">230.5778</dst>
      <dst id="15">0.5867</dst>
    </src>
    <src id="20">
      <dst id="12">4077.7244</dst>
      <dst id="13">10933.0222</dst>
      <dst id="19">201.6622</dst>
      <dst id="23">23.1111</dst>
      <dst id="8">11.9022</dst>
      <dst id="4">163.7244</dst>
      <dst id="1">145.3067</dst>
      <dst id="5">800.0711</dst>
      <dst id="3">0.8000</dst>
      <dst id="10">230.9244</dst>
      <dst id="7">6.3822</dst>
      <dst id="2">338.2933</dst>
      <dst id="16">7065.7867</dst>
      <dst id="14">1.4667</dst>
      <dst id="20">31.3600</dst>
      <dst id="9">580.2933</dst>
      <dst id="17">8051.2089</dst>
      <dst id="21">72.5867</dst>
    </src>
    <src id="11">
      <dst id="12">29827.8933</dst>
      <dst id="13">3350.1689</dst>
      <dst id="19">164.3200</dst>
      <dst id="23">8.8800</dst>
      <dst id="8">31.3244</dst>
      <dst id="18">15.5556</dst>
      <dst id="4">326.2400</dst>
      <dst id="1">3619.2356</dst>
      <dst id="5">1060.6756</dst>
      <dst id="3">619.0578</dst>
      <dst id="10">174.2133</dst>
      <dst id="22">183.9111</dst>
      <dst id="2">66466.9511</dst>
      <dst id="16">7278.5600</dst>
      <dst id="14">34.9778</dst>
      <dst id="20">1295.3511</dst>
      <dst id="11">1530.3467</dst>
      <dst id="9">2819.3422</dst>
      <dst id="17">567025.9111</dst>
      <dst id="21">405.8044</dst>
      <dst id="15">28.9867</dst>
    </src>
    <src id="9">
      <dst id="12">24331.2444</dst>
      <dst id="13">3999.3422</dst>
      <dst id="23">1.4578</dst>
      <dst id="8">80767.6622</dst>
      <dst id="18">759.6267</dst>
      <dst id="4">213.5556</dst>
      <dst id="1">2724.2844</dst>
      <dst id="5">1318.2044</dst>
      <dst id="3">1173.4311</dst>
      <dst id="10">162.0178</dst>
      <dst id="22">14.4000</dst>
      <dst id="2">668.5067</dst>
      <dst id="16">470936.8000</dst>
      <dst id="14">0.8889</dst>
      <dst id="11">34.3822</dst>
      <dst id="9">223525.0933</dst>
      <dst id="17">48838.6933</dst>
      <dst id="21">13.9556</dst>
      <dst id="15">110.2667</dst>
    </src>
    <src id="17">
      <dst id="12">58040.3111</dst>
      <dst id="13">8682.0178</dst>
      <dst id="19">389.9733</dst>
      <dst id="23">7.5911</dst>
      <dst id="8">215.4400</dst>
      <dst id="18">4132.3644</dst>
      <dst id="4">3253.4044</dst>
      <dst id="1">12470.4711</dst>
      <dst id="5">142648.1689</dst>
      <dst id="3">1546.5778</dst>
      <dst id="10">2546.5511</dst>
      <dst id="22">399.0044</dst>
      <dst id="7">2197.6711</dst>
      <dst id="2">6372.3556</dst>
      <dst id="16">30052.7022</dst>
      <dst id="14">18570.1067</dst>
      <dst id="20">7348.8978</dst>
      <dst id="11">7572.6311</dst>
      <dst id="9">7727.9644</dst>
      <dst id="17">18758.4889</dst>
      <dst id="21">2334.1244</dst>
      <dst id="15">1343.2356</dst>
    </src>
    <src id="21">
      <dst id="12">1470.1244</dst>
      <dst id="13">2560.9956</dst>
      <dst id="19">349.5644</dst>
      <dst id="23">9.4489</dst>
      <dst id="8">163.1289</dst>
      <dst id="18">131.9200</dst>
      <dst id="4">224.2400</dst>
      <dst id="1">7593.4578</dst>
      <dst id="5">329.1644</dst>
      <dst id="3">423.7956</dst>
      <dst id="10">360.1333</dst>
      <dst id="22">35.2356</dst>
      <dst id="7">105.4578</dst>
      <dst id="2">3057.6444</dst>
      <dst id="16">8460.0711</dst>
      <dst id="14">115.5733</dst>
      <dst id="20">420.6933</dst>
      <dst id="11">64.1689</dst>
      <dst id="9">746.0711</dst>
      <dst id="17">17083.5556</dst>
      <dst id="21">343.8578</dst>
      <dst id="15">14.7911</dst>
    </src>
    <src id="15">
      <dst id="12">228.8711</dst>
      <dst id="13">359.4578</dst>
      <dst id="23">1.1733</dst>
      <dst id="8">72.5067</dst>
      <dst id="18">1.2089</dst>
      <dst id="4">21.7600</dst>
      <dst id="1">52.4800</dst>
      <dst id="5">27.4756</dst>
      <dst id="10">17.5289</dst>
      <dst id="2">15.2089</dst>
      <dst id="16">328.0267</dst>
      <dst id="11">3.4933</dst>
      <dst id="9">469.0222</dst>
      <dst id="17">569.1467</dst>
      <dst id="21">0.7822</dst>
    </src>
  </IntraTM>
</TrafficMatrixFile>
