<?xml version="1.0" encoding="UTF-8" standalone="yes"?>
<TrafficMatrixFile xmlns:xsi="http://www.w3.org/2001/XMLSchema-instance" xsi:noNamespaceSchemaLocation="http://totem.run.montefiore.ulg.ac.be/Schema/TrafficMatrix-v1_2.xsd">
  <info>
    <title>Intradomain traffic matrix generated by geant-TM-all.pl</title>
    <date>2005-01-10T04:00:00</date>
    <duration>900</duration>
    <author>Steve Uhlig</author>
    <units>
        <unit type="bandwidth" value="kbps"/>
    </units>
  </info>
  <IntraTM ASID="20965">
    <src id="12">
      <dst id="12">299658.1689</dst>
      <dst id="13">21777.6089</dst>
      <dst id="19">2767.3689</dst>
      <dst id="23">6157.5467</dst>
      <dst id="8">3532.9511</dst>
      <dst id="18">9257.6178</dst>
      <dst id="4">134367.3689</dst>
      <dst id="1">15732.9067</dst>
      <dst id="5">5113.1556</dst>
      <dst id="3">2143.5556</dst>
      <dst id="22">13031.5289</dst>
      <dst id="7">2233.2356</dst>
      <dst id="2">66516.7378</dst>
      <dst id="6">4.3200</dst>
      <dst id="16">4255.5911</dst>
      <dst id="14">174.4533</dst>
      <dst id="20">8551.5022</dst>
      <dst id="11">3882.0444</dst>
      <dst id="9">7216.6400</dst>
      <dst id="17">92378.6222</dst>
      <dst id="21">13644.5333</dst>
      <dst id="15">11431.2978</dst>
    </src>
    <src id="13">
      <dst id="12">68025.6267</dst>
      <dst id="19">38103.3867</dst>
      <dst id="23">38.5156</dst>
      <dst id="8">17113.5644</dst>
      <dst id="18">9299.8133</dst>
      <dst id="4">6.9333</dst>
      <dst id="1">5845.8222</dst>
      <dst id="5">13341.5733</dst>
      <dst id="3">20148.1244</dst>
      <dst id="22">22783.2889</dst>
      <dst id="7">12728.0356</dst>
      <dst id="2">135733.7689</dst>
      <dst id="6">391.9556</dst>
      <dst id="16">20152.6844</dst>
      <dst id="14">4137.9378</dst>
      <dst id="20">7343.0489</dst>
      <dst id="11">7943.4133</dst>
      <dst id="9">35239.1378</dst>
      <dst id="17">72799.6533</dst>
      <dst id="21">23886.2044</dst>
      <dst id="15">2743.2267</dst>
    </src>
    <src id="19">
      <dst id="12">14532.9689</dst>
      <dst id="13">1263.8400</dst>
      <dst id="23">27.0222</dst>
      <dst id="8">15.5378</dst>
      <dst id="18">364.7733</dst>
      <dst id="4">56772.2400</dst>
      <dst id="1">304.8622</dst>
      <dst id="5">282.2311</dst>
      <dst id="3">57.0044</dst>
      <dst id="22">932.4356</dst>
      <dst id="7">8648.6311</dst>
      <dst id="2">2261.6622</dst>
      <dst id="6">218.4533</dst>
      <dst id="16">4107.1200</dst>
      <dst id="14">2.1689</dst>
      <dst id="20">102.6844</dst>
      <dst id="11">164.7822</dst>
      <dst id="9">3153.2978</dst>
      <dst id="17">542.3022</dst>
      <dst id="21">1114.8978</dst>
      <dst id="15">0.4622</dst>
    </src>
    <src id="23">
      <dst id="12">2440.3111</dst>
      <dst id="13">71.9733</dst>
      <dst id="19">2.8000</dst>
      <dst id="18">305.3244</dst>
      <dst id="4">108.0800</dst>
      <dst id="1">10.5600</dst>
      <dst id="5">160.3556</dst>
      <dst id="3">228.6222</dst>
      <dst id="22">90.8356</dst>
      <dst id="7">16.8000</dst>
      <dst id="2">170.5067</dst>
      <dst id="16">449.3867</dst>
      <dst id="20">1.1733</dst>
      <dst id="11">161.3067</dst>
      <dst id="9">1713.5644</dst>
      <dst id="17">681.2711</dst>
      <dst id="21">2685.6622</dst>
    </src>
    <src id="8">
      <dst id="12">301158.0978</dst>
      <dst id="13">23414.9067</dst>
      <dst id="19">34.0444</dst>
      <dst id="23">0.4622</dst>
      <dst id="18">17.6178</dst>
      <dst id="4">7830.3644</dst>
      <dst id="1">320.8622</dst>
      <dst id="5">2052.6044</dst>
      <dst id="3">47.4667</dst>
      <dst id="22">1387.3867</dst>
      <dst id="7">3092.1956</dst>
      <dst id="2">1244.9600</dst>
      <dst id="16">440.2667</dst>
      <dst id="14">5.4756</dst>
      <dst id="20">66.3467</dst>
      <dst id="11">332.8533</dst>
      <dst id="9">146590.1511</dst>
      <dst id="17">130795.8489</dst>
      <dst id="21">586.9867</dst>
      <dst id="15">508.4711</dst>
    </src>
    <src id="18">
      <dst id="12">129818.2400</dst>
      <dst id="13">214.7911</dst>
      <dst id="19">347.1378</dst>
      <dst id="23">5.0133</dst>
      <dst id="8">89.9911</dst>
      <dst id="4">1904.8889</dst>
      <dst id="1">1426.8711</dst>
      <dst id="5">5574.8267</dst>
      <dst id="3">319.6000</dst>
      <dst id="22">384.2311</dst>
      <dst id="7">160.7022</dst>
      <dst id="2">50668.1867</dst>
      <dst id="16">22.5067</dst>
      <dst id="14">0.9333</dst>
      <dst id="20">91.2622</dst>
      <dst id="11">403.1911</dst>
      <dst id="9">279.7067</dst>
      <dst id="17">60793.6178</dst>
      <dst id="21">5563.4844</dst>
      <dst id="15">307.3067</dst>
    </src>
    <src id="4">
      <dst id="12">19512.5600</dst>
      <dst id="19">38487.3778</dst>
      <dst id="8">1288.5244</dst>
      <dst id="18">2255.5111</dst>
      <dst id="1">92511.0311</dst>
      <dst id="5">2196.1244</dst>
      <dst id="3">523.0489</dst>
      <dst id="22">4361.9733</dst>
      <dst id="7">46079.4311</dst>
      <dst id="2">40846.6133</dst>
      <dst id="6">466.9956</dst>
      <dst id="16">5493.5111</dst>
      <dst id="14">16431.1111</dst>
      <dst id="20">833.3689</dst>
      <dst id="11">1423.1733</dst>
      <dst id="9">3376.4622</dst>
      <dst id="17">21903.2089</dst>
      <dst id="21">10413.8756</dst>
      <dst id="15">864.7200</dst>
    </src>
    <src id="1">
      <dst id="12">19249.5733</dst>
      <dst id="13">635.2178</dst>
      <dst id="19">133.8489</dst>
      <dst id="23">372.6578</dst>
      <dst id="8">132875.0311</dst>
      <dst id="18">11699.0222</dst>
      <dst id="4">14359.6533</dst>
      <dst id="1">77027.6356</dst>
      <dst id="5">230685.2622</dst>
      <dst id="3">22631.8044</dst>
      <dst id="22">1461.9111</dst>
      <dst id="7">56303.3956</dst>
      <dst id="2">86746.4267</dst>
      <dst id="6">12943.5822</dst>
      <dst id="16">6224.3378</dst>
      <dst id="14">41.3511</dst>
      <dst id="20">2567.7689</dst>
      <dst id="11">3906.3911</dst>
      <dst id="9">306122.8178</dst>
      <dst id="17">3525.6444</dst>
      <dst id="21">15427.3422</dst>
      <dst id="15">3775.6800</dst>
    </src>
    <src id="5">
      <dst id="12">321826.2222</dst>
      <dst id="13">1230.9778</dst>
      <dst id="19">546.5867</dst>
      <dst id="23">32.2489</dst>
      <dst id="8">12801.3067</dst>
      <dst id="18">217.9644</dst>
      <dst id="4">4658.8711</dst>
      <dst id="1">966.3644</dst>
      <dst id="3">20.3378</dst>
      <dst id="22">18300.5422</dst>
      <dst id="7">142.4533</dst>
      <dst id="2">2066.0622</dst>
      <dst id="6">1.9733</dst>
      <dst id="16">731.4400</dst>
      <dst id="14">47.5289</dst>
      <dst id="20">12162.5689</dst>
      <dst id="11">1494.0000</dst>
      <dst id="9">173029.0133</dst>
      <dst id="17">158817.0489</dst>
      <dst id="21">6275.0311</dst>
      <dst id="15">803.0311</dst>
    </src>
    <src id="3">
      <dst id="12">23447.2889</dst>
      <dst id="13">1414.0089</dst>
      <dst id="19">2168.4711</dst>
      <dst id="23">155.4489</dst>
      <dst id="8">151.6267</dst>
      <dst id="18">136175.7600</dst>
      <dst id="4">45833.1911</dst>
      <dst id="1">14951.0222</dst>
      <dst id="5">1074.3200</dst>
      <dst id="3">17428.9511</dst>
      <dst id="22">808.7022</dst>
      <dst id="7">2061.0933</dst>
      <dst id="2">4546.9600</dst>
      <dst id="6">4.4978</dst>
      <dst id="16">3257.9644</dst>
      <dst id="14">31202.4000</dst>
      <dst id="20">615.4489</dst>
      <dst id="11">210494.8178</dst>
      <dst id="9">307.9200</dst>
      <dst id="17">35117.0756</dst>
      <dst id="21">12211.1378</dst>
      <dst id="15">271.8756</dst>
    </src>
    <src id="10">
      <dst id="12">7529.9289</dst>
      <dst id="19">3238.1067</dst>
      <dst id="8">1010.3022</dst>
      <dst id="18">3200.7822</dst>
      <dst id="1">448.6311</dst>
      <dst id="5">969.4400</dst>
      <dst id="3">7412.7733</dst>
      <dst id="22">3716.7556</dst>
      <dst id="7">14338.1600</dst>
      <dst id="2">35730.1244</dst>
      <dst id="6">333.1556</dst>
      <dst id="16">1525.7244</dst>
      <dst id="14">851.6356</dst>
      <dst id="20">3647.4311</dst>
      <dst id="11">2460.5067</dst>
      <dst id="9">964.9156</dst>
      <dst id="17">25172.2311</dst>
      <dst id="21">12704.2311</dst>
      <dst id="15">297.0844</dst>
    </src>
    <src id="22">
      <dst id="12">19641.6356</dst>
      <dst id="13">4149.5556</dst>
      <dst id="19">96.7467</dst>
      <dst id="23">163.4489</dst>
      <dst id="8">3295.9378</dst>
      <dst id="18">769.1200</dst>
      <dst id="4">21276.0000</dst>
      <dst id="1">302.1156</dst>
      <dst id="5">4179.6533</dst>
      <dst id="3">795.7244</dst>
      <dst id="7">4532.3822</dst>
      <dst id="2">3088.2489</dst>
      <dst id="6">114.4800</dst>
      <dst id="16">3.8756</dst>
      <dst id="14">219.3511</dst>
      <dst id="11">1865.5111</dst>
      <dst id="9">6003.3422</dst>
      <dst id="17">5138.9156</dst>
      <dst id="21">2915.2000</dst>
    </src>
    <src id="7">
      <dst id="12">4701.0044</dst>
      <dst id="13">497.9644</dst>
      <dst id="19">477.6089</dst>
      <dst id="23">181.8933</dst>
      <dst id="8">324.5067</dst>
      <dst id="18">1235.2444</dst>
      <dst id="4">14733.4222</dst>
      <dst id="1">50027.3867</dst>
      <dst id="5">1111.3244</dst>
      <dst id="3">4291.5644</dst>
      <dst id="22">2493.7067</dst>
      <dst id="7">827.3778</dst>
      <dst id="2">16546.3200</dst>
      <dst id="6">14.2578</dst>
      <dst id="16">1112.3022</dst>
      <dst id="14">157.4222</dst>
      <dst id="20">1138.8444</dst>
      <dst id="11">2886.1956</dst>
      <dst id="9">2452.6844</dst>
      <dst id="17">14175.1200</dst>
      <dst id="21">7610.7200</dst>
      <dst id="15">3593.0400</dst>
    </src>
    <src id="2">
      <dst id="12">124692.5511</dst>
      <dst id="13">32241.8044</dst>
      <dst id="19">422.1067</dst>
      <dst id="23">40.5156</dst>
      <dst id="8">882.4622</dst>
      <dst id="18">109442.7289</dst>
      <dst id="4">123180.2578</dst>
      <dst id="1">9512.1511</dst>
      <dst id="5">766.9333</dst>
      <dst id="3">270.9689</dst>
      <dst id="22">2004.9511</dst>
      <dst id="7">10030.2222</dst>
      <dst id="2">969.4844</dst>
      <dst id="6">9018.9600</dst>
      <dst id="16">2795.7778</dst>
      <dst id="14">315.4133</dst>
      <dst id="20">817.5467</dst>
      <dst id="11">8723.2800</dst>
      <dst id="9">2009.3333</dst>
      <dst id="17">38452.5689</dst>
      <dst id="21">18954.1511</dst>
      <dst id="15">19.4844</dst>
    </src>
    <src id="6">
      <dst id="12">11263.2978</dst>
      <dst id="13">47.6267</dst>
      <dst id="19">6.4711</dst>
      <dst id="8">0.7111</dst>
      <dst id="18">0.4622</dst>
      <dst id="4">568.2933</dst>
      <dst id="1">2.3467</dst>
      <dst id="5">0.4267</dst>
      <dst id="3">11.4667</dst>
      <dst id="22">15.6622</dst>
      <dst id="7">13.7867</dst>
      <dst id="2">2703.3511</dst>
      <dst id="16">1.4222</dst>
      <dst id="20">0.5244</dst>
      <dst id="11">11.8222</dst>
      <dst id="9">2.0089</dst>
      <dst id="17">2287.7778</dst>
      <dst id="21">85.2978</dst>
    </src>
    <src id="16">
      <dst id="12">4221.0844</dst>
      <dst id="13">1692.0622</dst>
      <dst id="19">2869.8933</dst>
      <dst id="23">1825.0311</dst>
      <dst id="8">5566.1511</dst>
      <dst id="18">136.0889</dst>
      <dst id="4">9365.5200</dst>
      <dst id="1">11166.4622</dst>
      <dst id="5">4936.3556</dst>
      <dst id="3">418.4800</dst>
      <dst id="7">3883.2356</dst>
      <dst id="2">880.4178</dst>
      <dst id="6">13.3333</dst>
      <dst id="16">40.0267</dst>
      <dst id="11">140.9422</dst>
      <dst id="9">11704.6044</dst>
      <dst id="17">3598.9689</dst>
      <dst id="21">336.6844</dst>
    </src>
    <src id="14">
      <dst id="12">16844.0000</dst>
      <dst id="13">81.2622</dst>
      <dst id="19">7.1822</dst>
      <dst id="23">1.2800</dst>
      <dst id="8">12.6222</dst>
      <dst id="4">2883.4578</dst>
      <dst id="1">33.3956</dst>
      <dst id="5">76.1778</dst>
      <dst id="3">260.0711</dst>
      <dst id="22">5.1200</dst>
      <dst id="7">38.4533</dst>
      <dst id="2">4785.2089</dst>
      <dst id="6">0.4622</dst>
      <dst id="20">1.4044</dst>
      <dst id="11">150.9600</dst>
      <dst id="9">19.2089</dst>
      <dst id="17">5785.9644</dst>
      <dst id="21">104.0978</dst>
      <dst id="15">0.8089</dst>
    </src>
    <src id="20">
      <dst id="12">4419.6889</dst>
      <dst id="13">1375.4044</dst>
      <dst id="19">1976.4444</dst>
      <dst id="23">32.2489</dst>
      <dst id="8">734.1067</dst>
      <dst id="18">4582.2044</dst>
      <dst id="4">8651.9378</dst>
      <dst id="1">113.2178</dst>
      <dst id="5">1318.3378</dst>
      <dst id="3">4046.8533</dst>
      <dst id="7">215.4222</dst>
      <dst id="2">1177.6978</dst>
      <dst id="16">10.4889</dst>
      <dst id="11">211.0222</dst>
      <dst id="9">6803.4489</dst>
      <dst id="17">1335.8578</dst>
      <dst id="21">2717.5822</dst>
    </src>
    <src id="11">
      <dst id="12">542869.3867</dst>
      <dst id="13">8112.4978</dst>
      <dst id="19">694.4356</dst>
      <dst id="23">16.2133</dst>
      <dst id="8">575.6978</dst>
      <dst id="18">795.7778</dst>
      <dst id="4">11237.9200</dst>
      <dst id="1">550.8178</dst>
      <dst id="5">1795.5733</dst>
      <dst id="3">509.5111</dst>
      <dst id="22">4213.2533</dst>
      <dst id="7">1497.5022</dst>
      <dst id="2">134178.9867</dst>
      <dst id="6">0.3556</dst>
      <dst id="16">1880.6844</dst>
      <dst id="14">133.5022</dst>
      <dst id="20">3576.6222</dst>
      <dst id="11">4028.4622</dst>
      <dst id="9">1140.0178</dst>
      <dst id="17">211409.6267</dst>
      <dst id="21">771.8933</dst>
      <dst id="15">71.4756</dst>
    </src>
    <src id="9">
      <dst id="12">400785.2089</dst>
      <dst id="13">13785.1467</dst>
      <dst id="19">86.1511</dst>
      <dst id="23">55.6267</dst>
      <dst id="8">155939.7244</dst>
      <dst id="18">1205.7422</dst>
      <dst id="4">13532.8711</dst>
      <dst id="1">12540.4000</dst>
      <dst id="5">1845.7156</dst>
      <dst id="3">22.8978</dst>
      <dst id="22">7751.2622</dst>
      <dst id="7">400.2667</dst>
      <dst id="2">2499.5022</dst>
      <dst id="6">0.3556</dst>
      <dst id="16">754.5244</dst>
      <dst id="14">1.6711</dst>
      <dst id="20">10978.0178</dst>
      <dst id="11">4946.2222</dst>
      <dst id="9">372085.0311</dst>
      <dst id="17">198243.4756</dst>
      <dst id="21">4341.8933</dst>
      <dst id="15">48.1867</dst>
    </src>
    <src id="17">
      <dst id="12">15387.2622</dst>
      <dst id="13">6614.9422</dst>
      <dst id="19">5697.6000</dst>
      <dst id="23">80.2844</dst>
      <dst id="8">8106.2756</dst>
      <dst id="18">2613.2889</dst>
      <dst id="4">123894.6933</dst>
      <dst id="1">2068.8889</dst>
      <dst id="5">211826.4444</dst>
      <dst id="3">6850.0089</dst>
      <dst id="22">4545.0489</dst>
      <dst id="7">22106.8533</dst>
      <dst id="2">40066.5956</dst>
      <dst id="6">118.2044</dst>
      <dst id="16">15189.9911</dst>
      <dst id="14">24145.4489</dst>
      <dst id="20">2234.9867</dst>
      <dst id="11">190441.5200</dst>
      <dst id="9">5911.1111</dst>
      <dst id="17">1234.0444</dst>
      <dst id="21">20511.8133</dst>
      <dst id="15">1291.7067</dst>
    </src>
    <src id="21">
      <dst id="12">12699.6889</dst>
      <dst id="13">1636.3200</dst>
      <dst id="19">229.2800</dst>
      <dst id="23">5.1467</dst>
      <dst id="8">291.8311</dst>
      <dst id="18">2398.0356</dst>
      <dst id="4">31332.8533</dst>
      <dst id="1">11027.1111</dst>
      <dst id="5">375.5111</dst>
      <dst id="3">21364.1422</dst>
      <dst id="22">1182.3733</dst>
      <dst id="7">6571.9200</dst>
      <dst id="2">34222.7378</dst>
      <dst id="6">65.2356</dst>
      <dst id="16">412.6844</dst>
      <dst id="14">47.2089</dst>
      <dst id="20">137.5644</dst>
      <dst id="11">836.6578</dst>
      <dst id="9">1850.9067</dst>
      <dst id="17">6389.8044</dst>
      <dst id="21">3292.6222</dst>
      <dst id="15">327.5022</dst>
    </src>
    <src id="15">
      <dst id="12">22825.4667</dst>
      <dst id="13">172.4711</dst>
      <dst id="19">3.3333</dst>
      <dst id="23">0.8711</dst>
      <dst id="8">11.8044</dst>
      <dst id="18">9.4933</dst>
      <dst id="4">1441.5644</dst>
      <dst id="1">150.8444</dst>
      <dst id="5">141.4756</dst>
      <dst id="3">39.3422</dst>
      <dst id="7">90.9333</dst>
      <dst id="2">173.1111</dst>
      <dst id="11">67.6800</dst>
      <dst id="9">646.2756</dst>
      <dst id="17">232.2844</dst>
      <dst id="21">134.7111</dst>
    </src>
  </IntraTM>
</TrafficMatrixFile>
