<?xml version="1.0" encoding="UTF-8" standalone="yes"?>
<TrafficMatrixFile xmlns:xsi="http://www.w3.org/2001/XMLSchema-instance" xsi:noNamespaceSchemaLocation="http://totem.run.montefiore.ulg.ac.be/Schema/TrafficMatrix-v1_2.xsd">
  <info>
    <title>Intradomain traffic matrix generated by geant-TM-all.pl</title>
    <date>2005-02-14T00:00:00</date>
    <duration>900</duration>
    <author>Steve Uhlig</author>
    <units>
        <unit type="bandwidth" value="kbps"/>
    </units>
  </info>
  <IntraTM ASID="20965">
    <src id="12">
      <dst id="12">260635.3156</dst>
      <dst id="13">25858.3911</dst>
      <dst id="19">2276.7733</dst>
      <dst id="23">629.1022</dst>
      <dst id="8">3300.4444</dst>
      <dst id="18">175976.8089</dst>
      <dst id="4">36403.5733</dst>
      <dst id="1">12385.5022</dst>
      <dst id="5">1535.9822</dst>
      <dst id="3">1831.3422</dst>
      <dst id="10">5670.2933</dst>
      <dst id="22">14109.6711</dst>
      <dst id="7">16351.5111</dst>
      <dst id="2">53992.0356</dst>
      <dst id="6">19.7600</dst>
      <dst id="16">8311.8400</dst>
      <dst id="14">379.1111</dst>
      <dst id="20">4879.4400</dst>
      <dst id="11">116.8178</dst>
      <dst id="9">10302.2489</dst>
      <dst id="17">79862.6222</dst>
      <dst id="21">4396.2489</dst>
      <dst id="15">3528.3467</dst>
    </src>
    <src id="13">
      <dst id="12">47211.9378</dst>
      <dst id="19">18304.7111</dst>
      <dst id="23">3406.2756</dst>
      <dst id="8">8418.8889</dst>
      <dst id="18">10242.0356</dst>
      <dst id="1">13251.5644</dst>
      <dst id="5">12029.2978</dst>
      <dst id="3">4567.9111</dst>
      <dst id="22">20314.1333</dst>
      <dst id="7">30072.0000</dst>
      <dst id="2">103539.4756</dst>
      <dst id="6">286.9156</dst>
      <dst id="16">12462.4089</dst>
      <dst id="14">2086.2667</dst>
      <dst id="20">9980.5156</dst>
      <dst id="11">1747.5644</dst>
      <dst id="9">9346.9422</dst>
      <dst id="17">138828.8711</dst>
      <dst id="21">22616.0444</dst>
      <dst id="15">2559.2444</dst>
    </src>
    <src id="19">
      <dst id="12">24208.3733</dst>
      <dst id="13">5370.8267</dst>
      <dst id="23">206.5511</dst>
      <dst id="8">148.4889</dst>
      <dst id="18">2836.3378</dst>
      <dst id="4">18388.4089</dst>
      <dst id="1">3221.5822</dst>
      <dst id="5">107.4133</dst>
      <dst id="3">14428.7467</dst>
      <dst id="10">4077.9200</dst>
      <dst id="22">72.0711</dst>
      <dst id="7">6611.5911</dst>
      <dst id="2">1807.2889</dst>
      <dst id="6">31.2000</dst>
      <dst id="16">15903.8044</dst>
      <dst id="14">126.3111</dst>
      <dst id="20">45.2978</dst>
      <dst id="11">152.6578</dst>
      <dst id="9">4016.8889</dst>
      <dst id="17">6879.8489</dst>
      <dst id="21">851.9556</dst>
      <dst id="15">7382.0444</dst>
    </src>
    <src id="23">
      <dst id="12">2794.5600</dst>
      <dst id="13">337.5378</dst>
      <dst id="19">211.4933</dst>
      <dst id="8">14.2578</dst>
      <dst id="18">669.4400</dst>
      <dst id="4">1758.6578</dst>
      <dst id="1">578.1600</dst>
      <dst id="3">75.7689</dst>
      <dst id="10">549.2267</dst>
      <dst id="22">305.3156</dst>
      <dst id="7">393.7956</dst>
      <dst id="2">162.0000</dst>
      <dst id="6">0.4978</dst>
      <dst id="16">19370.4711</dst>
      <dst id="20">200.4622</dst>
      <dst id="11">5.2444</dst>
      <dst id="9">230.2933</dst>
      <dst id="17">1516.6489</dst>
      <dst id="21">313.9644</dst>
    </src>
    <src id="8">
      <dst id="12">24564.0622</dst>
      <dst id="13">2195.2889</dst>
      <dst id="19">403.1467</dst>
      <dst id="23">0.3556</dst>
      <dst id="18">159.2711</dst>
      <dst id="4">671.1467</dst>
      <dst id="1">7699.5378</dst>
      <dst id="5">1512.5067</dst>
      <dst id="3">40.1067</dst>
      <dst id="10">89.9111</dst>
      <dst id="22">1490.6133</dst>
      <dst id="7">118.0711</dst>
      <dst id="2">2895.4222</dst>
      <dst id="16">1025.2800</dst>
      <dst id="14">4.5867</dst>
      <dst id="20">2273.2533</dst>
      <dst id="11">39.9556</dst>
      <dst id="9">246834.1333</dst>
      <dst id="17">308987.1467</dst>
      <dst id="21">236.9778</dst>
      <dst id="15">114.1511</dst>
    </src>
    <src id="18">
      <dst id="12">204986.8178</dst>
      <dst id="13">531.6444</dst>
      <dst id="19">99.9022</dst>
      <dst id="23">27.6622</dst>
      <dst id="8">133.0222</dst>
      <dst id="4">908.1333</dst>
      <dst id="1">1585.1911</dst>
      <dst id="5">663.7867</dst>
      <dst id="3">1780.9422</dst>
      <dst id="10">1000.5511</dst>
      <dst id="22">205.4489</dst>
      <dst id="7">187.0578</dst>
      <dst id="2">62620.0800</dst>
      <dst id="6">18.1156</dst>
      <dst id="16">1013.0933</dst>
      <dst id="14">32.3822</dst>
      <dst id="20">38.8978</dst>
      <dst id="11">28.5600</dst>
      <dst id="9">113.5378</dst>
      <dst id="17">18288.1956</dst>
      <dst id="21">1150.0444</dst>
      <dst id="15">184.6044</dst>
    </src>
    <src id="4">
      <dst id="12">23185.4489</dst>
      <dst id="19">4630.8711</dst>
      <dst id="23">646.9333</dst>
      <dst id="8">807.3600</dst>
      <dst id="18">933.1556</dst>
      <dst id="4">40.7111</dst>
      <dst id="1">55061.2711</dst>
      <dst id="5">1407.7778</dst>
      <dst id="3">1846.3111</dst>
      <dst id="22">1621.2089</dst>
      <dst id="7">64052.7200</dst>
      <dst id="2">56145.5200</dst>
      <dst id="6">823.6089</dst>
      <dst id="16">2653.3511</dst>
      <dst id="14">3008.8978</dst>
      <dst id="20">1317.8044</dst>
      <dst id="11">849.4133</dst>
      <dst id="9">2313.6444</dst>
      <dst id="17">39443.3689</dst>
      <dst id="21">7177.2533</dst>
      <dst id="15">990.8444</dst>
    </src>
    <src id="1">
      <dst id="12">31084.3822</dst>
      <dst id="13">835.8756</dst>
      <dst id="19">5619.5644</dst>
      <dst id="23">53.9022</dst>
      <dst id="8">53.3067</dst>
      <dst id="18">11888.0800</dst>
      <dst id="4">11575.2267</dst>
      <dst id="1">19927.8933</dst>
      <dst id="5">316.2133</dst>
      <dst id="3">15072.4711</dst>
      <dst id="10">3235.3778</dst>
      <dst id="22">2602.4444</dst>
      <dst id="7">7274.7733</dst>
      <dst id="2">29926.3822</dst>
      <dst id="6">114.5778</dst>
      <dst id="16">24292.2844</dst>
      <dst id="14">125.8133</dst>
      <dst id="20">122.4622</dst>
      <dst id="11">63.3156</dst>
      <dst id="9">1165.9022</dst>
      <dst id="17">19546.9244</dst>
      <dst id="21">5925.7244</dst>
      <dst id="15">175.2978</dst>
    </src>
    <src id="5">
      <dst id="12">32755.1111</dst>
      <dst id="13">2416.4178</dst>
      <dst id="19">256.9244</dst>
      <dst id="23">4.0089</dst>
      <dst id="8">1483.1378</dst>
      <dst id="18">775.6533</dst>
      <dst id="4">1151.2622</dst>
      <dst id="1">6199.4222</dst>
      <dst id="3">239.3422</dst>
      <dst id="10">568.8800</dst>
      <dst id="22">7501.1111</dst>
      <dst id="7">736.1778</dst>
      <dst id="2">426.5156</dst>
      <dst id="6">17.0489</dst>
      <dst id="16">1800.3822</dst>
      <dst id="14">24.8444</dst>
      <dst id="20">2256.8800</dst>
      <dst id="11">28.9422</dst>
      <dst id="9">85645.1111</dst>
      <dst id="17">332921.4133</dst>
      <dst id="21">119.7867</dst>
      <dst id="15">120.8356</dst>
    </src>
    <src id="3">
      <dst id="12">21575.8756</dst>
      <dst id="13">1467.0756</dst>
      <dst id="19">1784.4356</dst>
      <dst id="23">30.6844</dst>
      <dst id="8">1096.4178</dst>
      <dst id="18">1463.3956</dst>
      <dst id="4">24676.1067</dst>
      <dst id="1">17147.5733</dst>
      <dst id="5">2376.4000</dst>
      <dst id="3">44.7556</dst>
      <dst id="10">1473.0400</dst>
      <dst id="22">562.3556</dst>
      <dst id="7">3205.9467</dst>
      <dst id="2">3783.5733</dst>
      <dst id="6">115.9467</dst>
      <dst id="16">3777.0756</dst>
      <dst id="14">113.6533</dst>
      <dst id="20">286.9067</dst>
      <dst id="11">131.2444</dst>
      <dst id="9">769.5733</dst>
      <dst id="17">39084.6933</dst>
      <dst id="21">29015.6533</dst>
      <dst id="15">204.8711</dst>
    </src>
    <src id="10">
      <dst id="12">246390.6578</dst>
      <dst id="19">4492.9333</dst>
      <dst id="23">2948.5333</dst>
      <dst id="8">161197.1467</dst>
      <dst id="18">3555.9911</dst>
      <dst id="1">2200.2667</dst>
      <dst id="5">226284.0622</dst>
      <dst id="3">14670.4800</dst>
      <dst id="22">6389.9467</dst>
      <dst id="7">19064.7733</dst>
      <dst id="2">33460.6133</dst>
      <dst id="6">22378.5422</dst>
      <dst id="16">2573.2089</dst>
      <dst id="14">38737.7956</dst>
      <dst id="20">2578.4622</dst>
      <dst id="11">22854.2133</dst>
      <dst id="9">275666.2222</dst>
      <dst id="17">62145.6444</dst>
      <dst id="21">14697.7956</dst>
      <dst id="15">607.2178</dst>
    </src>
    <src id="22">
      <dst id="12">17441.8489</dst>
      <dst id="13">5289.8667</dst>
      <dst id="19">129.0044</dst>
      <dst id="23">240.1778</dst>
      <dst id="8">1845.4844</dst>
      <dst id="18">1129.1022</dst>
      <dst id="4">7428.8800</dst>
      <dst id="1">4028.8889</dst>
      <dst id="5">4753.8400</dst>
      <dst id="3">146.5600</dst>
      <dst id="10">2129.9644</dst>
      <dst id="7">2609.5644</dst>
      <dst id="2">8050.0000</dst>
      <dst id="6">11.1022</dst>
      <dst id="14">72.9156</dst>
      <dst id="11">152.4089</dst>
      <dst id="9">8145.7422</dst>
      <dst id="17">13590.6400</dst>
      <dst id="21">5179.6356</dst>
    </src>
    <src id="7">
      <dst id="12">12071.6800</dst>
      <dst id="13">5735.4222</dst>
      <dst id="19">2551.0489</dst>
      <dst id="23">298.6133</dst>
      <dst id="8">423.1467</dst>
      <dst id="18">1586.1333</dst>
      <dst id="4">50364.8533</dst>
      <dst id="1">19785.4933</dst>
      <dst id="5">1658.4356</dst>
      <dst id="3">3833.7067</dst>
      <dst id="10">725.9556</dst>
      <dst id="22">4258.3556</dst>
      <dst id="7">11.9467</dst>
      <dst id="2">10082.3733</dst>
      <dst id="6">61.2444</dst>
      <dst id="16">1538.3556</dst>
      <dst id="14">390.4711</dst>
      <dst id="20">8751.2444</dst>
      <dst id="11">351.0756</dst>
      <dst id="9">981.0667</dst>
      <dst id="17">21535.4844</dst>
      <dst id="21">4650.0711</dst>
      <dst id="15">434.3289</dst>
    </src>
    <src id="2">
      <dst id="12">172057.5467</dst>
      <dst id="13">16068.3556</dst>
      <dst id="19">1962.9867</dst>
      <dst id="8">4493.2444</dst>
      <dst id="18">127478.8889</dst>
      <dst id="4">42921.2711</dst>
      <dst id="1">13666.4622</dst>
      <dst id="5">719.1289</dst>
      <dst id="3">977.6000</dst>
      <dst id="10">4902.2844</dst>
      <dst id="22">3166.5867</dst>
      <dst id="7">37456.8267</dst>
      <dst id="2">3063.8578</dst>
      <dst id="6">17140.3289</dst>
      <dst id="16">1655.8933</dst>
      <dst id="14">205.5111</dst>
      <dst id="20">329.2978</dst>
      <dst id="11">161.3244</dst>
      <dst id="9">7440.2844</dst>
      <dst id="17">53906.5867</dst>
      <dst id="21">14959.3600</dst>
      <dst id="15">954.1867</dst>
    </src>
    <src id="6">
      <dst id="12">4239.8133</dst>
      <dst id="13">92.1956</dst>
      <dst id="19">19.4489</dst>
      <dst id="23">0.4978</dst>
      <dst id="18">73.4667</dst>
      <dst id="4">38.2933</dst>
      <dst id="1">343.1378</dst>
      <dst id="5">38.0178</dst>
      <dst id="3">124.6133</dst>
      <dst id="10">0.7733</dst>
      <dst id="22">0.7111</dst>
      <dst id="7">200.6311</dst>
      <dst id="2">4925.4489</dst>
      <dst id="16">34.4178</dst>
      <dst id="20">97.3244</dst>
      <dst id="9">13.7867</dst>
      <dst id="17">16220.2222</dst>
      <dst id="21">156.6578</dst>
      <dst id="15">11.4667</dst>
    </src>
    <src id="16">
      <dst id="12">4875.6889</dst>
      <dst id="13">932.3022</dst>
      <dst id="19">4696.3467</dst>
      <dst id="23">340.4978</dst>
      <dst id="8">2718.7644</dst>
      <dst id="18">186.7200</dst>
      <dst id="4">922.9244</dst>
      <dst id="1">16502.9067</dst>
      <dst id="5">11196.6844</dst>
      <dst id="3">16.8356</dst>
      <dst id="10">356.7911</dst>
      <dst id="7">3603.2267</dst>
      <dst id="2">4511.3244</dst>
      <dst id="6">13.3244</dst>
      <dst id="16">52.9333</dst>
      <dst id="14">53.3333</dst>
      <dst id="11">78.0711</dst>
      <dst id="9">8959.3067</dst>
      <dst id="17">8040.5956</dst>
      <dst id="21">1020.1600</dst>
    </src>
    <src id="14">
      <dst id="12">1623.8133</dst>
      <dst id="13">45.8756</dst>
      <dst id="19">2.4622</dst>
      <dst id="8">0.4622</dst>
      <dst id="18">37.5111</dst>
      <dst id="4">569.9289</dst>
      <dst id="1">599.8844</dst>
      <dst id="3">141.2978</dst>
      <dst id="10">200.7111</dst>
      <dst id="22">7.6533</dst>
      <dst id="7">113.2711</dst>
      <dst id="2">2540.8533</dst>
      <dst id="20">38.1867</dst>
      <dst id="9">0.4089</dst>
      <dst id="17">12537.4756</dst>
      <dst id="21">146.1867</dst>
      <dst id="15">0.6667</dst>
    </src>
    <src id="20">
      <dst id="12">7809.2622</dst>
      <dst id="13">2196.3111</dst>
      <dst id="19">34.2489</dst>
      <dst id="23">19.3333</dst>
      <dst id="8">546.2756</dst>
      <dst id="18">95.9556</dst>
      <dst id="4">2162.5422</dst>
      <dst id="1">687.0667</dst>
      <dst id="5">6251.0222</dst>
      <dst id="3">7.2178</dst>
      <dst id="10">1403.3778</dst>
      <dst id="7">913.7600</dst>
      <dst id="2">5491.8578</dst>
      <dst id="6">2.3111</dst>
      <dst id="14">38.7111</dst>
      <dst id="20">30.0711</dst>
      <dst id="11">1.6000</dst>
      <dst id="9">3113.1467</dst>
      <dst id="17">17333.6000</dst>
      <dst id="21">549.5467</dst>
    </src>
    <src id="11">
      <dst id="12">57977.2711</dst>
      <dst id="13">1501.3333</dst>
      <dst id="19">1066.6044</dst>
      <dst id="23">76.6844</dst>
      <dst id="8">1091.7511</dst>
      <dst id="18">670.1511</dst>
      <dst id="4">3690.7911</dst>
      <dst id="1">1811.2800</dst>
      <dst id="5">2209.5289</dst>
      <dst id="3">920.3200</dst>
      <dst id="10">637.6800</dst>
      <dst id="22">1763.8133</dst>
      <dst id="7">821.6356</dst>
      <dst id="2">160204.5067</dst>
      <dst id="6">5.9644</dst>
      <dst id="16">1982.7378</dst>
      <dst id="14">8.5422</dst>
      <dst id="20">295.3333</dst>
      <dst id="11">923.1556</dst>
      <dst id="9">2850.4800</dst>
      <dst id="17">861290.3733</dst>
      <dst id="21">553.8844</dst>
      <dst id="15">268.9956</dst>
    </src>
    <src id="9">
      <dst id="12">47624.5867</dst>
      <dst id="13">1676.1600</dst>
      <dst id="19">474.9511</dst>
      <dst id="23">238.1244</dst>
      <dst id="8">177005.0844</dst>
      <dst id="18">79.5378</dst>
      <dst id="4">1632.8622</dst>
      <dst id="1">17526.5244</dst>
      <dst id="5">2719.8489</dst>
      <dst id="3">47.7778</dst>
      <dst id="10">800.0889</dst>
      <dst id="22">7520.5689</dst>
      <dst id="7">519.1200</dst>
      <dst id="2">3553.9378</dst>
      <dst id="6">3.9200</dst>
      <dst id="16">903.6089</dst>
      <dst id="14">14.5600</dst>
      <dst id="20">3389.6711</dst>
      <dst id="11">171.3067</dst>
      <dst id="9">560162.9244</dst>
      <dst id="17">525518.3289</dst>
      <dst id="21">426.1244</dst>
      <dst id="15">27325.8133</dst>
    </src>
    <src id="17">
      <dst id="12">227702.2933</dst>
      <dst id="13">15896.8533</dst>
      <dst id="19">2535.9733</dst>
      <dst id="23">138.3022</dst>
      <dst id="8">5616.8178</dst>
      <dst id="18">9577.7956</dst>
      <dst id="4">17098.0622</dst>
      <dst id="1">5875.3156</dst>
      <dst id="5">175808.4622</dst>
      <dst id="3">4510.4000</dst>
      <dst id="10">2616.4267</dst>
      <dst id="22">14557.6089</dst>
      <dst id="7">10378.9778</dst>
      <dst id="2">39540.6222</dst>
      <dst id="6">301.9911</dst>
      <dst id="16">15758.5333</dst>
      <dst id="14">22125.5822</dst>
      <dst id="20">7344.2667</dst>
      <dst id="11">25782.4000</dst>
      <dst id="9">17783.2622</dst>
      <dst id="17">40015.2978</dst>
      <dst id="21">40875.3956</dst>
      <dst id="15">3686.3022</dst>
    </src>
    <src id="21">
      <dst id="12">14006.5511</dst>
      <dst id="13">1545.7422</dst>
      <dst id="19">14441.6622</dst>
      <dst id="23">334.6133</dst>
      <dst id="8">1733.7600</dst>
      <dst id="18">5144.5244</dst>
      <dst id="4">16011.9111</dst>
      <dst id="1">1725.0133</dst>
      <dst id="5">558.1689</dst>
      <dst id="3">9846.4978</dst>
      <dst id="10">743.3244</dst>
      <dst id="22">1868.1867</dst>
      <dst id="7">4899.9378</dst>
      <dst id="2">11486.7378</dst>
      <dst id="6">23.2000</dst>
      <dst id="16">888.9689</dst>
      <dst id="14">1154.3378</dst>
      <dst id="20">878.0711</dst>
      <dst id="11">181.8844</dst>
      <dst id="9">1583.2800</dst>
      <dst id="17">29586.5511</dst>
      <dst id="21">4163.9200</dst>
      <dst id="15">395.1022</dst>
    </src>
    <src id="15">
      <dst id="12">3518.3289</dst>
      <dst id="13">2011.7244</dst>
      <dst id="19">155.4667</dst>
      <dst id="23">0.8356</dst>
      <dst id="8">110.2133</dst>
      <dst id="18">16.0889</dst>
      <dst id="4">126.9511</dst>
      <dst id="1">40.7467</dst>
      <dst id="5">7.0756</dst>
      <dst id="3">1.9911</dst>
      <dst id="10">292.2044</dst>
      <dst id="7">190.1511</dst>
      <dst id="2">385.7244</dst>
      <dst id="6">3.6622</dst>
      <dst id="11">31.3244</dst>
      <dst id="9">2709.5378</dst>
      <dst id="17">6548.8267</dst>
      <dst id="21">799.5378</dst>
    </src>
  </IntraTM>
</TrafficMatrixFile>
