<?xml version="1.0" encoding="UTF-8" standalone="yes"?>
<TrafficMatrixFile xmlns:xsi="http://www.w3.org/2001/XMLSchema-instance" xsi:noNamespaceSchemaLocation="http://totem.run.montefiore.ulg.ac.be/Schema/TrafficMatrix-v1_2.xsd">
  <info>
    <title>Intradomain traffic matrix generated by geant-TM-all.pl</title>
    <date>2005-01-18T16:30:00</date>
    <duration>900</duration>
    <author>Steve Uhlig</author>
    <units>
        <unit type="bandwidth" value="kbps"/>
    </units>
  </info>
  <IntraTM ASID="20965">
    <src id="12">
      <dst id="12">213330.7733</dst>
      <dst id="13">18632.8356</dst>
      <dst id="19">1560.4267</dst>
      <dst id="23">17872.2044</dst>
      <dst id="8">1178.3022</dst>
      <dst id="18">37659.6356</dst>
      <dst id="4">37052.0089</dst>
      <dst id="1">7412.7733</dst>
      <dst id="5">1620.3200</dst>
      <dst id="3">4645.7422</dst>
      <dst id="10">3852.8800</dst>
      <dst id="22">3046.4178</dst>
      <dst id="7">3367.7689</dst>
      <dst id="2">38019.4489</dst>
      <dst id="16">8751.5822</dst>
      <dst id="14">2949.9733</dst>
      <dst id="20">1699.1022</dst>
      <dst id="11">159.1289</dst>
      <dst id="9">2246.1600</dst>
      <dst id="17">22845.3867</dst>
      <dst id="21">6153.1200</dst>
      <dst id="15">102.6400</dst>
    </src>
    <src id="13">
      <dst id="12">28370.1511</dst>
      <dst id="19">6968.5422</dst>
      <dst id="23">7.6533</dst>
      <dst id="8">2464.1511</dst>
      <dst id="18">1117.1822</dst>
      <dst id="1">8804.1333</dst>
      <dst id="5">9233.1822</dst>
      <dst id="3">4288.6311</dst>
      <dst id="22">9566.1867</dst>
      <dst id="7">12835.7956</dst>
      <dst id="2">29995.6711</dst>
      <dst id="16">5219.9467</dst>
      <dst id="14">3724.2667</dst>
      <dst id="20">16373.6267</dst>
      <dst id="11">1743.9289</dst>
      <dst id="9">5079.7867</dst>
      <dst id="17">27832.2933</dst>
      <dst id="21">13238.0622</dst>
      <dst id="15">1024.2311</dst>
    </src>
    <src id="19">
      <dst id="12">12405.5378</dst>
      <dst id="13">252.9778</dst>
      <dst id="23">3.1200</dst>
      <dst id="8">0.3556</dst>
      <dst id="18">19.7511</dst>
      <dst id="4">15752.8711</dst>
      <dst id="1">507.7333</dst>
      <dst id="5">62.1867</dst>
      <dst id="3">0.8178</dst>
      <dst id="10">1.1556</dst>
      <dst id="22">280.4267</dst>
      <dst id="7">3291.8133</dst>
      <dst id="2">187.7333</dst>
      <dst id="16">16602.3200</dst>
      <dst id="14">316.3556</dst>
      <dst id="20">2.2311</dst>
      <dst id="11">10.0089</dst>
      <dst id="9">3516.6933</dst>
      <dst id="17">137.8844</dst>
      <dst id="21">207.8578</dst>
      <dst id="15">0.6400</dst>
    </src>
    <src id="23">
      <dst id="12">336.0089</dst>
      <dst id="13">18.9333</dst>
      <dst id="18">9.5733</dst>
      <dst id="4">40.2133</dst>
      <dst id="1">32.2667</dst>
      <dst id="5">58.0889</dst>
      <dst id="3">12.6222</dst>
      <dst id="22">6.9689</dst>
      <dst id="7">68.1600</dst>
      <dst id="2">39.1467</dst>
      <dst id="14">66.6667</dst>
      <dst id="20">11.5200</dst>
      <dst id="11">1.1378</dst>
      <dst id="9">876.1956</dst>
      <dst id="17">1512.3111</dst>
      <dst id="21">2.6222</dst>
      <dst id="15">3.0489</dst>
    </src>
    <src id="8">
      <dst id="12">20612.8089</dst>
      <dst id="13">287.5378</dst>
      <dst id="19">0.3644</dst>
      <dst id="23">0.6311</dst>
      <dst id="18">44.1333</dst>
      <dst id="4">2358.4444</dst>
      <dst id="1">3162.1511</dst>
      <dst id="5">671.4844</dst>
      <dst id="3">11.2000</dst>
      <dst id="10">11.0489</dst>
      <dst id="22">431.5911</dst>
      <dst id="7">2.8356</dst>
      <dst id="2">184.8622</dst>
      <dst id="16">222.2311</dst>
      <dst id="20">7.5644</dst>
      <dst id="11">35.5378</dst>
      <dst id="9">114326.7644</dst>
      <dst id="17">292471.1111</dst>
      <dst id="21">131.1200</dst>
      <dst id="15">49.1733</dst>
    </src>
    <src id="18">
      <dst id="12">134598.6667</dst>
      <dst id="13">126.1422</dst>
      <dst id="19">2.2044</dst>
      <dst id="23">15.6089</dst>
      <dst id="8">18.8444</dst>
      <dst id="4">1390.4000</dst>
      <dst id="1">637.1644</dst>
      <dst id="5">106.4800</dst>
      <dst id="3">145.8667</dst>
      <dst id="10">719.9022</dst>
      <dst id="22">121.6711</dst>
      <dst id="7">4.4889</dst>
      <dst id="2">37820.5511</dst>
      <dst id="16">68.7733</dst>
      <dst id="20">5.6089</dst>
      <dst id="11">56.3733</dst>
      <dst id="9">75.7244</dst>
      <dst id="17">14971.7778</dst>
      <dst id="21">121.9556</dst>
      <dst id="15">2.5422</dst>
    </src>
    <src id="4">
      <dst id="12">8080.4089</dst>
      <dst id="19">4458.6489</dst>
      <dst id="8">390.7556</dst>
      <dst id="18">3950.0089</dst>
      <dst id="4">383.5911</dst>
      <dst id="1">20447.3244</dst>
      <dst id="5">845.7689</dst>
      <dst id="3">120.0178</dst>
      <dst id="22">2193.5733</dst>
      <dst id="7">27582.2222</dst>
      <dst id="2">26186.7022</dst>
      <dst id="16">800.9956</dst>
      <dst id="14">1279.8044</dst>
      <dst id="20">927.8133</dst>
      <dst id="11">934.6667</dst>
      <dst id="9">1940.6844</dst>
      <dst id="17">24919.6356</dst>
      <dst id="21">3642.8533</dst>
      <dst id="15">15.3244</dst>
    </src>
    <src id="1">
      <dst id="12">29158.6489</dst>
      <dst id="13">18889.2622</dst>
      <dst id="19">117.6000</dst>
      <dst id="23">6.9333</dst>
      <dst id="18">11231.5289</dst>
      <dst id="4">25248.0000</dst>
      <dst id="1">37897.9289</dst>
      <dst id="5">287.7422</dst>
      <dst id="3">18.5689</dst>
      <dst id="10">270.6222</dst>
      <dst id="22">497.3156</dst>
      <dst id="7">88321.0933</dst>
      <dst id="2">39611.0133</dst>
      <dst id="16">26478.4889</dst>
      <dst id="14">346.2844</dst>
      <dst id="20">19071.4400</dst>
      <dst id="11">102.7644</dst>
      <dst id="9">762.2311</dst>
      <dst id="17">2572.4444</dst>
      <dst id="21">11414.5867</dst>
      <dst id="15">50.9600</dst>
    </src>
    <src id="5">
      <dst id="12">18133.9733</dst>
      <dst id="13">1803.8311</dst>
      <dst id="19">7.7867</dst>
      <dst id="23">1.0667</dst>
      <dst id="8">255.9111</dst>
      <dst id="18">37.0933</dst>
      <dst id="4">3565.0400</dst>
      <dst id="1">4198.8444</dst>
      <dst id="3">15.4667</dst>
      <dst id="10">125.7511</dst>
      <dst id="22">1628.6044</dst>
      <dst id="7">2.7022</dst>
      <dst id="2">331.7867</dst>
      <dst id="16">426.6133</dst>
      <dst id="20">256.4622</dst>
      <dst id="11">648.8178</dst>
      <dst id="9">80582.5156</dst>
      <dst id="17">242751.5111</dst>
      <dst id="21">24.9511</dst>
      <dst id="15">88.6133</dst>
    </src>
    <src id="3">
      <dst id="12">16252.8267</dst>
      <dst id="13">3032.4533</dst>
      <dst id="19">529.9378</dst>
      <dst id="23">1.4578</dst>
      <dst id="8">9.2356</dst>
      <dst id="18">2475.6533</dst>
      <dst id="4">33104.5422</dst>
      <dst id="1">6160.5956</dst>
      <dst id="5">5669.5111</dst>
      <dst id="3">90.0089</dst>
      <dst id="10">222.0622</dst>
      <dst id="22">1271.9911</dst>
      <dst id="7">12754.4711</dst>
      <dst id="2">9861.1644</dst>
      <dst id="16">509.5022</dst>
      <dst id="14">66.3200</dst>
      <dst id="20">2462.9244</dst>
      <dst id="11">528.7467</dst>
      <dst id="9">145.4756</dst>
      <dst id="17">12439.9467</dst>
      <dst id="21">9880.6044</dst>
      <dst id="15">3.7333</dst>
    </src>
    <src id="10">
      <dst id="12">15197.3778</dst>
      <dst id="19">4344.5600</dst>
      <dst id="8">58415.1644</dst>
      <dst id="18">331.6711</dst>
      <dst id="1">332.8978</dst>
      <dst id="5">136903.3867</dst>
      <dst id="3">10692.4711</dst>
      <dst id="22">3052.8711</dst>
      <dst id="7">64345.5644</dst>
      <dst id="2">24919.5911</dst>
      <dst id="16">788.0533</dst>
      <dst id="14">61076.2222</dst>
      <dst id="20">266.4533</dst>
      <dst id="11">74191.3778</dst>
      <dst id="9">130789.7067</dst>
      <dst id="17">16458.5956</dst>
      <dst id="21">24266.9511</dst>
      <dst id="15">262.0622</dst>
    </src>
    <src id="22">
      <dst id="12">3083.8756</dst>
      <dst id="13">1472.8889</dst>
      <dst id="19">99.2444</dst>
      <dst id="23">263.1111</dst>
      <dst id="8">62.3733</dst>
      <dst id="18">48.4800</dst>
      <dst id="4">10733.5467</dst>
      <dst id="1">454.6222</dst>
      <dst id="5">1422.5600</dst>
      <dst id="3">246.1956</dst>
      <dst id="10">397.8667</dst>
      <dst id="7">2447.5378</dst>
      <dst id="2">6935.9111</dst>
      <dst id="14">558.6756</dst>
      <dst id="11">795.3600</dst>
      <dst id="9">3705.7778</dst>
      <dst id="17">1618.9333</dst>
      <dst id="21">243.0667</dst>
    </src>
    <src id="7">
      <dst id="12">1724.3022</dst>
      <dst id="13">256.5422</dst>
      <dst id="19">1155.0400</dst>
      <dst id="23">70.9778</dst>
      <dst id="8">123.2800</dst>
      <dst id="18">63.6178</dst>
      <dst id="4">11345.9200</dst>
      <dst id="1">6341.0133</dst>
      <dst id="5">1003.4222</dst>
      <dst id="3">429.7244</dst>
      <dst id="10">1339.5200</dst>
      <dst id="22">3761.8133</dst>
      <dst id="7">597.7067</dst>
      <dst id="2">6354.9511</dst>
      <dst id="16">533.9644</dst>
      <dst id="14">134.4622</dst>
      <dst id="20">1444.1689</dst>
      <dst id="11">309.0844</dst>
      <dst id="9">363.5111</dst>
      <dst id="17">4086.9778</dst>
      <dst id="21">4566.8444</dst>
      <dst id="15">83.5200</dst>
    </src>
    <src id="2">
      <dst id="12">66780.6489</dst>
      <dst id="13">4376.4711</dst>
      <dst id="19">353.1378</dst>
      <dst id="8">233.4311</dst>
      <dst id="18">43989.9467</dst>
      <dst id="4">67570.8978</dst>
      <dst id="1">2815.4311</dst>
      <dst id="5">886.1600</dst>
      <dst id="3">21.4933</dst>
      <dst id="10">1942.6133</dst>
      <dst id="22">737.7778</dst>
      <dst id="7">6413.6622</dst>
      <dst id="2">362.0178</dst>
      <dst id="16">83.0933</dst>
      <dst id="14">460.2844</dst>
      <dst id="20">170.7289</dst>
      <dst id="11">657.4222</dst>
      <dst id="9">1876.8533</dst>
      <dst id="17">31978.7289</dst>
      <dst id="21">10102.8800</dst>
      <dst id="15">1.0133</dst>
    </src>
    <src id="6">
      <dst id="12">211.9022</dst>
      <dst id="13">18.0622</dst>
      <dst id="19">11.4667</dst>
      <dst id="23">1.2000</dst>
      <dst id="18">1.3689</dst>
      <dst id="4">6.0178</dst>
      <dst id="1">3.5556</dst>
      <dst id="5">12.8000</dst>
      <dst id="10">0.3556</dst>
      <dst id="22">0.5244</dst>
      <dst id="7">2.4533</dst>
      <dst id="2">1090.9156</dst>
      <dst id="16">75.7067</dst>
      <dst id="11">11.4667</dst>
      <dst id="17">3286.4800</dst>
      <dst id="21">17.3067</dst>
    </src>
    <src id="16">
      <dst id="12">2292.9689</dst>
      <dst id="13">245.9556</dst>
      <dst id="19">4494.5067</dst>
      <dst id="23">5.8222</dst>
      <dst id="8">1796.6756</dst>
      <dst id="18">352.2133</dst>
      <dst id="4">2482.7289</dst>
      <dst id="1">27211.3244</dst>
      <dst id="5">1637.6089</dst>
      <dst id="3">15.9467</dst>
      <dst id="10">146.3378</dst>
      <dst id="22">38.1867</dst>
      <dst id="7">67.2356</dst>
      <dst id="2">147.8844</dst>
      <dst id="16">19.7333</dst>
      <dst id="14">2528.2667</dst>
      <dst id="11">35.7333</dst>
      <dst id="9">2889.2711</dst>
      <dst id="17">2733.4133</dst>
      <dst id="21">47.4756</dst>
    </src>
    <src id="14">
      <dst id="12">4321.4578</dst>
      <dst id="13">50.8178</dst>
      <dst id="19">31.4311</dst>
      <dst id="23">1.3867</dst>
      <dst id="8">1.7244</dst>
      <dst id="18">0.8889</dst>
      <dst id="4">1767.8044</dst>
      <dst id="1">1491.9556</dst>
      <dst id="3">40.4267</dst>
      <dst id="10">73.4133</dst>
      <dst id="22">81.8489</dst>
      <dst id="7">51.6178</dst>
      <dst id="2">4333.2711</dst>
      <dst id="16">38.1511</dst>
      <dst id="20">0.9244</dst>
      <dst id="11">30.9067</dst>
      <dst id="9">30.1778</dst>
      <dst id="17">27716.7556</dst>
      <dst id="21">181.3511</dst>
      <dst id="15">0.4889</dst>
    </src>
    <src id="20">
      <dst id="12">2160.3111</dst>
      <dst id="13">745.8933</dst>
      <dst id="19">3.3600</dst>
      <dst id="23">80.3556</dst>
      <dst id="8">13.6444</dst>
      <dst id="18">14.8622</dst>
      <dst id="4">11164.8178</dst>
      <dst id="1">482.5600</dst>
      <dst id="5">280.8622</dst>
      <dst id="3">66.1067</dst>
      <dst id="10">221.1289</dst>
      <dst id="22">1.2444</dst>
      <dst id="7">84.0533</dst>
      <dst id="2">631.9022</dst>
      <dst id="14">0.6489</dst>
      <dst id="11">390.7911</dst>
      <dst id="9">176.4889</dst>
      <dst id="17">4399.9111</dst>
      <dst id="21">4066.8622</dst>
    </src>
    <src id="11">
      <dst id="12">76540.7822</dst>
      <dst id="13">184.1778</dst>
      <dst id="19">396.8622</dst>
      <dst id="23">0.3556</dst>
      <dst id="8">37.5644</dst>
      <dst id="18">42.6311</dst>
      <dst id="4">3560.6044</dst>
      <dst id="1">421.0933</dst>
      <dst id="5">1856.6133</dst>
      <dst id="3">497.5644</dst>
      <dst id="10">296.9422</dst>
      <dst id="22">1060.7289</dst>
      <dst id="7">211.7156</dst>
      <dst id="2">92135.5911</dst>
      <dst id="16">99.9911</dst>
      <dst id="14">87.4400</dst>
      <dst id="20">110.4089</dst>
      <dst id="11">723.3333</dst>
      <dst id="9">327.2089</dst>
      <dst id="17">461563.8578</dst>
      <dst id="21">179.8756</dst>
      <dst id="15">152.9422</dst>
    </src>
    <src id="9">
      <dst id="12">31774.0711</dst>
      <dst id="13">1211.7689</dst>
      <dst id="19">291.4222</dst>
      <dst id="23">19.0756</dst>
      <dst id="8">88903.1911</dst>
      <dst id="18">68.2844</dst>
      <dst id="4">4901.3867</dst>
      <dst id="1">17546.9422</dst>
      <dst id="5">14617.6089</dst>
      <dst id="3">61.2978</dst>
      <dst id="10">2350.0178</dst>
      <dst id="22">3801.7956</dst>
      <dst id="7">40.6044</dst>
      <dst id="2">449.3689</dst>
      <dst id="16">966.7644</dst>
      <dst id="14">1.4756</dst>
      <dst id="20">877.6178</dst>
      <dst id="11">78.6400</dst>
      <dst id="9">270095.7600</dst>
      <dst id="17">471837.4578</dst>
      <dst id="21">626.9511</dst>
      <dst id="15">33.5556</dst>
    </src>
    <src id="17">
      <dst id="12">2944.8533</dst>
      <dst id="13">13665.8222</dst>
      <dst id="19">74.5244</dst>
      <dst id="23">75.7244</dst>
      <dst id="8">110.0978</dst>
      <dst id="18">860.3822</dst>
      <dst id="4">29999.0400</dst>
      <dst id="1">649.5467</dst>
      <dst id="5">125083.5467</dst>
      <dst id="3">8408.3200</dst>
      <dst id="10">2004.7822</dst>
      <dst id="22">1289.1200</dst>
      <dst id="7">539.1911</dst>
      <dst id="2">13938.0356</dst>
      <dst id="16">403.5378</dst>
      <dst id="14">53199.7422</dst>
      <dst id="20">267.9022</dst>
      <dst id="11">71459.1022</dst>
      <dst id="9">548.8622</dst>
      <dst id="17">737.7867</dst>
      <dst id="21">6765.5200</dst>
      <dst id="15">34.3644</dst>
    </src>
    <src id="21">
      <dst id="12">6900.9422</dst>
      <dst id="13">4973.7067</dst>
      <dst id="19">89.1467</dst>
      <dst id="23">1.4222</dst>
      <dst id="8">3.9200</dst>
      <dst id="18">139.2267</dst>
      <dst id="4">18405.0578</dst>
      <dst id="1">3267.9556</dst>
      <dst id="5">69.0578</dst>
      <dst id="3">3722.7733</dst>
      <dst id="10">1374.2933</dst>
      <dst id="22">219.7156</dst>
      <dst id="7">42119.1822</dst>
      <dst id="2">24492.2844</dst>
      <dst id="16">170.0178</dst>
      <dst id="14">325.5467</dst>
      <dst id="20">3180.1244</dst>
      <dst id="11">179.0044</dst>
      <dst id="9">734.1867</dst>
      <dst id="17">24075.2889</dst>
      <dst id="21">558.4711</dst>
      <dst id="15">78.4178</dst>
    </src>
    <src id="15">
      <dst id="12">166.1156</dst>
      <dst id="13">59.8400</dst>
      <dst id="19">0.3733</dst>
      <dst id="23">0.8000</dst>
      <dst id="8">10.2756</dst>
      <dst id="18">0.3467</dst>
      <dst id="4">308.9333</dst>
      <dst id="1">63.3333</dst>
      <dst id="5">46.3111</dst>
      <dst id="3">0.5333</dst>
      <dst id="10">33.3067</dst>
      <dst id="7">3.3511</dst>
      <dst id="2">83.9556</dst>
      <dst id="14">12.5067</dst>
      <dst id="11">6.8356</dst>
      <dst id="9">466.5600</dst>
      <dst id="17">123.5556</dst>
      <dst id="21">19.0578</dst>
    </src>
  </IntraTM>
</TrafficMatrixFile>
