<?xml version="1.0" encoding="UTF-8" standalone="yes"?>
<TrafficMatrixFile xmlns:xsi="http://www.w3.org/2001/XMLSchema-instance" xsi:noNamespaceSchemaLocation="http://totem.run.montefiore.ulg.ac.be/Schema/TrafficMatrix-v1_2.xsd">
  <info>
    <title>Intradomain traffic matrix generated by geant-TM-all.pl</title>
    <date>2005-02-18T21:45:00</date>
    <duration>900</duration>
    <author>Steve Uhlig</author>
    <units>
        <unit type="bandwidth" value="kbps"/>
    </units>
  </info>
  <IntraTM ASID="20965">
    <src id="12">
      <dst id="12">360616.8178</dst>
      <dst id="13">36837.3067</dst>
      <dst id="19">8249.9022</dst>
      <dst id="23">111.9378</dst>
      <dst id="8">17657.6978</dst>
      <dst id="18">163218.7022</dst>
      <dst id="4">14556.0711</dst>
      <dst id="1">11568.9956</dst>
      <dst id="5">3661.2089</dst>
      <dst id="3">550.3289</dst>
      <dst id="10">5738.0533</dst>
      <dst id="22">33312.7378</dst>
      <dst id="7">16468.4800</dst>
      <dst id="2">57769.0933</dst>
      <dst id="6">63.2711</dst>
      <dst id="16">12888.4089</dst>
      <dst id="14">1095.5111</dst>
      <dst id="20">12030.8267</dst>
      <dst id="11">249.0222</dst>
      <dst id="9">25534.9333</dst>
      <dst id="17">102398.4444</dst>
      <dst id="21">8226.3111</dst>
      <dst id="15">1215.2533</dst>
    </src>
    <src id="13">
      <dst id="12">66168.9067</dst>
      <dst id="19">15544.4267</dst>
      <dst id="23">4074.8889</dst>
      <dst id="8">22355.8844</dst>
      <dst id="18">7707.0044</dst>
      <dst id="1">7527.4578</dst>
      <dst id="5">6547.4311</dst>
      <dst id="3">1465.7511</dst>
      <dst id="22">19655.2800</dst>
      <dst id="7">42202.4000</dst>
      <dst id="2">93646.3733</dst>
      <dst id="6">679.1467</dst>
      <dst id="16">12066.9333</dst>
      <dst id="14">5089.8667</dst>
      <dst id="20">40890.9867</dst>
      <dst id="11">1946.3022</dst>
      <dst id="9">30628.2578</dst>
      <dst id="17">172499.9822</dst>
      <dst id="21">21906.2667</dst>
      <dst id="15">8161.1378</dst>
    </src>
    <src id="19">
      <dst id="12">20114.0000</dst>
      <dst id="13">1976.8889</dst>
      <dst id="23">33.9200</dst>
      <dst id="8">2148.1156</dst>
      <dst id="18">3.9822</dst>
      <dst id="4">17936.4889</dst>
      <dst id="1">218.6311</dst>
      <dst id="5">109.5556</dst>
      <dst id="3">563.8667</dst>
      <dst id="10">92.6756</dst>
      <dst id="22">547.0489</dst>
      <dst id="7">8769.7956</dst>
      <dst id="2">4468.7644</dst>
      <dst id="6">205.0578</dst>
      <dst id="16">11237.9289</dst>
      <dst id="14">15.8489</dst>
      <dst id="20">68.2489</dst>
      <dst id="11">14.4978</dst>
      <dst id="9">48.4978</dst>
      <dst id="17">8257.7422</dst>
      <dst id="21">1507.9822</dst>
      <dst id="15">0.9244</dst>
    </src>
    <src id="23">
      <dst id="12">6518.5422</dst>
      <dst id="13">247.6978</dst>
      <dst id="19">228.2044</dst>
      <dst id="8">14.2578</dst>
      <dst id="18">48.8089</dst>
      <dst id="4">1499.2800</dst>
      <dst id="1">604.9333</dst>
      <dst id="5">187.6444</dst>
      <dst id="10">74.2667</dst>
      <dst id="22">217.6889</dst>
      <dst id="7">2731.5200</dst>
      <dst id="2">255.8311</dst>
      <dst id="6">0.8533</dst>
      <dst id="16">312.2844</dst>
      <dst id="14">0.3556</dst>
      <dst id="20">485.9822</dst>
      <dst id="11">0.3556</dst>
      <dst id="9">338.3467</dst>
      <dst id="17">9105.6800</dst>
      <dst id="21">172.9600</dst>
    </src>
    <src id="8">
      <dst id="12">9339.3956</dst>
      <dst id="13">2143.1911</dst>
      <dst id="19">171.7333</dst>
      <dst id="18">1954.9956</dst>
      <dst id="4">1011.0667</dst>
      <dst id="1">6543.6889</dst>
      <dst id="5">3581.9822</dst>
      <dst id="3">35.0222</dst>
      <dst id="10">257.2178</dst>
      <dst id="22">384.5422</dst>
      <dst id="7">110.4356</dst>
      <dst id="2">403.6978</dst>
      <dst id="6">70.2578</dst>
      <dst id="16">989.8933</dst>
      <dst id="14">13.3333</dst>
      <dst id="20">200.6578</dst>
      <dst id="11">5.2711</dst>
      <dst id="9">194139.2356</dst>
      <dst id="17">329969.4489</dst>
      <dst id="21">50.9244</dst>
      <dst id="15">44.2578</dst>
    </src>
    <src id="18">
      <dst id="12">140845.7689</dst>
      <dst id="13">252.5867</dst>
      <dst id="19">67.6178</dst>
      <dst id="23">0.6933</dst>
      <dst id="8">75.6622</dst>
      <dst id="4">645.2978</dst>
      <dst id="1">1465.6711</dst>
      <dst id="5">136.7911</dst>
      <dst id="3">750.2844</dst>
      <dst id="10">578.2044</dst>
      <dst id="22">164.0178</dst>
      <dst id="7">306.7378</dst>
      <dst id="2">42596.5422</dst>
      <dst id="16">92.8356</dst>
      <dst id="14">63.4489</dst>
      <dst id="20">36.1156</dst>
      <dst id="11">24.0711</dst>
      <dst id="9">277.7511</dst>
      <dst id="17">11881.2089</dst>
      <dst id="21">6132.1333</dst>
      <dst id="15">17.2711</dst>
    </src>
    <src id="4">
      <dst id="12">17968.9422</dst>
      <dst id="19">5179.8489</dst>
      <dst id="23">1149.1556</dst>
      <dst id="8">679.1556</dst>
      <dst id="18">4317.2089</dst>
      <dst id="4">14.4444</dst>
      <dst id="1">20829.5467</dst>
      <dst id="5">1269.0044</dst>
      <dst id="3">23184.1867</dst>
      <dst id="22">4179.8133</dst>
      <dst id="7">229248.7289</dst>
      <dst id="2">43662.7378</dst>
      <dst id="6">56.7911</dst>
      <dst id="16">4041.7156</dst>
      <dst id="14">4239.0311</dst>
      <dst id="20">1448.7111</dst>
      <dst id="11">114.2578</dst>
      <dst id="9">1682.7644</dst>
      <dst id="17">204866.0889</dst>
      <dst id="21">8503.9822</dst>
      <dst id="15">806.5778</dst>
    </src>
    <src id="1">
      <dst id="12">28060.9956</dst>
      <dst id="13">5619.5289</dst>
      <dst id="19">668.5956</dst>
      <dst id="23">75.2000</dst>
      <dst id="8">34.8356</dst>
      <dst id="18">12965.0756</dst>
      <dst id="4">7407.3156</dst>
      <dst id="1">23264.1422</dst>
      <dst id="5">1165.3156</dst>
      <dst id="3">955.5467</dst>
      <dst id="10">568.0444</dst>
      <dst id="22">286.3200</dst>
      <dst id="7">13528.7644</dst>
      <dst id="2">18967.0933</dst>
      <dst id="6">119.4489</dst>
      <dst id="16">20778.7289</dst>
      <dst id="14">411.3244</dst>
      <dst id="20">499.7422</dst>
      <dst id="11">77.1733</dst>
      <dst id="9">2383.5733</dst>
      <dst id="17">133912.1244</dst>
      <dst id="21">6962.0089</dst>
      <dst id="15">145.3156</dst>
    </src>
    <src id="5">
      <dst id="12">9662.4356</dst>
      <dst id="13">5292.6578</dst>
      <dst id="19">102.8267</dst>
      <dst id="23">5.3956</dst>
      <dst id="8">1432.7467</dst>
      <dst id="18">261.7778</dst>
      <dst id="4">861.0400</dst>
      <dst id="1">9386.2222</dst>
      <dst id="3">115.1644</dst>
      <dst id="10">352.7289</dst>
      <dst id="22">5380.3200</dst>
      <dst id="7">180.4889</dst>
      <dst id="2">1624.1244</dst>
      <dst id="6">20.3733</dst>
      <dst id="16">983.3156</dst>
      <dst id="14">1331.5911</dst>
      <dst id="20">7613.7867</dst>
      <dst id="11">64.9156</dst>
      <dst id="9">102661.2267</dst>
      <dst id="17">469518.0267</dst>
      <dst id="21">446.8089</dst>
      <dst id="15">1396.1333</dst>
    </src>
    <src id="3">
      <dst id="12">15684.0711</dst>
      <dst id="13">5923.9556</dst>
      <dst id="19">2977.8133</dst>
      <dst id="23">248.8800</dst>
      <dst id="8">210.0800</dst>
      <dst id="18">483.9467</dst>
      <dst id="4">27785.2089</dst>
      <dst id="1">13129.7778</dst>
      <dst id="5">782.4178</dst>
      <dst id="3">150.3378</dst>
      <dst id="10">492.9244</dst>
      <dst id="22">3505.9467</dst>
      <dst id="7">14244.8533</dst>
      <dst id="2">8699.6533</dst>
      <dst id="6">37.9911</dst>
      <dst id="16">5501.7156</dst>
      <dst id="14">139.4400</dst>
      <dst id="20">485.6533</dst>
      <dst id="11">203.9378</dst>
      <dst id="9">1272.8800</dst>
      <dst id="17">28686.6400</dst>
      <dst id="21">7555.2800</dst>
      <dst id="15">1407.8933</dst>
    </src>
    <src id="10">
      <dst id="12">377201.5467</dst>
      <dst id="19">6943.2711</dst>
      <dst id="23">1813.2356</dst>
      <dst id="8">132643.6089</dst>
      <dst id="18">6142.3022</dst>
      <dst id="1">7454.0800</dst>
      <dst id="5">310738.0000</dst>
      <dst id="3">28308.8089</dst>
      <dst id="22">4447.1467</dst>
      <dst id="7">22150.4978</dst>
      <dst id="2">26493.5644</dst>
      <dst id="6">37900.3022</dst>
      <dst id="16">1954.3467</dst>
      <dst id="14">79060.4089</dst>
      <dst id="20">5098.1600</dst>
      <dst id="11">39958.0800</dst>
      <dst id="9">459774.4889</dst>
      <dst id="17">110562.0800</dst>
      <dst id="21">23212.6400</dst>
      <dst id="15">1153.2533</dst>
    </src>
    <src id="22">
      <dst id="12">30346.5778</dst>
      <dst id="13">9492.9778</dst>
      <dst id="19">694.7378</dst>
      <dst id="23">92.5689</dst>
      <dst id="8">2633.3156</dst>
      <dst id="18">804.3644</dst>
      <dst id="4">6289.9822</dst>
      <dst id="1">565.2711</dst>
      <dst id="5">2286.0711</dst>
      <dst id="3">1063.1556</dst>
      <dst id="10">678.6844</dst>
      <dst id="7">18087.9467</dst>
      <dst id="2">2682.2489</dst>
      <dst id="6">41.8133</dst>
      <dst id="14">84.4889</dst>
      <dst id="11">95.3511</dst>
      <dst id="9">6240.3378</dst>
      <dst id="17">17220.4622</dst>
      <dst id="21">1706.1422</dst>
    </src>
    <src id="7">
      <dst id="12">14165.0578</dst>
      <dst id="13">1559.8844</dst>
      <dst id="19">2562.4800</dst>
      <dst id="23">1174.6489</dst>
      <dst id="8">64.6133</dst>
      <dst id="18">526.2489</dst>
      <dst id="4">30570.5956</dst>
      <dst id="1">12424.5422</dst>
      <dst id="5">715.5556</dst>
      <dst id="3">1157.2711</dst>
      <dst id="10">630.2133</dst>
      <dst id="22">2979.8044</dst>
      <dst id="7">756.6400</dst>
      <dst id="2">15565.1289</dst>
      <dst id="6">103.1289</dst>
      <dst id="16">1823.2000</dst>
      <dst id="14">576.4533</dst>
      <dst id="20">344.4889</dst>
      <dst id="11">88.9689</dst>
      <dst id="9">1052.7911</dst>
      <dst id="17">22373.7778</dst>
      <dst id="21">7120.3111</dst>
      <dst id="15">140.5333</dst>
    </src>
    <src id="2">
      <dst id="12">169963.1200</dst>
      <dst id="13">32908.0178</dst>
      <dst id="19">1085.9911</dst>
      <dst id="23">5.8044</dst>
      <dst id="8">695.9556</dst>
      <dst id="18">111933.9644</dst>
      <dst id="4">41740.1422</dst>
      <dst id="1">11606.2044</dst>
      <dst id="5">684.1511</dst>
      <dst id="3">449.2800</dst>
      <dst id="10">2638.7111</dst>
      <dst id="22">1984.1689</dst>
      <dst id="7">16385.8667</dst>
      <dst id="2">1997.0756</dst>
      <dst id="6">21375.5200</dst>
      <dst id="16">2979.3422</dst>
      <dst id="14">703.9644</dst>
      <dst id="20">3664.2756</dst>
      <dst id="11">113.1289</dst>
      <dst id="9">5415.3067</dst>
      <dst id="17">40791.8844</dst>
      <dst id="21">7468.8178</dst>
      <dst id="15">1558.5422</dst>
    </src>
    <src id="6">
      <dst id="12">506.9156</dst>
      <dst id="13">65.2267</dst>
      <dst id="19">32.8533</dst>
      <dst id="23">0.5244</dst>
      <dst id="8">1.4756</dst>
      <dst id="18">1.2800</dst>
      <dst id="4">26.6489</dst>
      <dst id="1">487.6622</dst>
      <dst id="5">1.1022</dst>
      <dst id="3">24.9778</dst>
      <dst id="10">3.8222</dst>
      <dst id="22">82.9422</dst>
      <dst id="7">206.3467</dst>
      <dst id="2">5471.1822</dst>
      <dst id="16">89.1556</dst>
      <dst id="14">13.7689</dst>
      <dst id="20">75.9911</dst>
      <dst id="9">33.8489</dst>
      <dst id="17">19207.0578</dst>
      <dst id="21">54.4178</dst>
      <dst id="15">10.7467</dst>
    </src>
    <src id="16">
      <dst id="12">6090.0533</dst>
      <dst id="13">21374.0533</dst>
      <dst id="19">3653.3778</dst>
      <dst id="23">329.9733</dst>
      <dst id="8">4500.5778</dst>
      <dst id="18">125.9467</dst>
      <dst id="4">1030.7111</dst>
      <dst id="1">26108.4000</dst>
      <dst id="5">16268.7911</dst>
      <dst id="3">2170.0267</dst>
      <dst id="10">94.0622</dst>
      <dst id="22">497.8667</dst>
      <dst id="7">2241.7956</dst>
      <dst id="2">3171.2622</dst>
      <dst id="6">101.8311</dst>
      <dst id="16">24.9778</dst>
      <dst id="14">85.9911</dst>
      <dst id="11">1.2444</dst>
      <dst id="9">10715.5378</dst>
      <dst id="17">8637.3956</dst>
      <dst id="21">598.9778</dst>
    </src>
    <src id="14">
      <dst id="12">2885.1200</dst>
      <dst id="13">67.9200</dst>
      <dst id="19">45.1200</dst>
      <dst id="23">0.8178</dst>
      <dst id="18">644.0889</dst>
      <dst id="4">458.1156</dst>
      <dst id="1">1816.1422</dst>
      <dst id="5">44.8267</dst>
      <dst id="3">678.7822</dst>
      <dst id="10">172.1956</dst>
      <dst id="22">53.8044</dst>
      <dst id="7">482.4444</dst>
      <dst id="2">7629.8667</dst>
      <dst id="16">41.9200</dst>
      <dst id="20">6.8800</dst>
      <dst id="11">4.2311</dst>
      <dst id="9">18.5333</dst>
      <dst id="17">39322.8978</dst>
      <dst id="21">42.6044</dst>
      <dst id="15">13.2444</dst>
    </src>
    <src id="20">
      <dst id="12">18069.9556</dst>
      <dst id="13">8158.0178</dst>
      <dst id="19">305.4311</dst>
      <dst id="23">12.6222</dst>
      <dst id="8">102.8622</dst>
      <dst id="18">55.5289</dst>
      <dst id="4">2881.2889</dst>
      <dst id="1">1474.0089</dst>
      <dst id="5">1052.8800</dst>
      <dst id="3">34.8356</dst>
      <dst id="10">1557.5733</dst>
      <dst id="7">833.1378</dst>
      <dst id="2">3603.3333</dst>
      <dst id="6">2.2044</dst>
      <dst id="14">93.1556</dst>
      <dst id="20">25.9556</dst>
      <dst id="11">166.1689</dst>
      <dst id="9">8619.9911</dst>
      <dst id="17">9439.5289</dst>
      <dst id="21">466.3289</dst>
    </src>
    <src id="11">
      <dst id="12">21526.4533</dst>
      <dst id="13">2842.2489</dst>
      <dst id="19">754.3644</dst>
      <dst id="23">514.1867</dst>
      <dst id="8">562.9244</dst>
      <dst id="18">261.9200</dst>
      <dst id="4">3529.3244</dst>
      <dst id="1">3385.2711</dst>
      <dst id="5">4535.2533</dst>
      <dst id="3">475.6178</dst>
      <dst id="10">467.4489</dst>
      <dst id="22">3435.7511</dst>
      <dst id="7">1548.6578</dst>
      <dst id="2">142905.6622</dst>
      <dst id="6">29.7956</dst>
      <dst id="16">925.7867</dst>
      <dst id="14">218.6578</dst>
      <dst id="20">2372.8533</dst>
      <dst id="11">3820.4978</dst>
      <dst id="9">1115.4933</dst>
      <dst id="17">865231.5111</dst>
      <dst id="21">930.3822</dst>
      <dst id="15">1039.9111</dst>
    </src>
    <src id="9">
      <dst id="12">14957.6889</dst>
      <dst id="13">1884.6844</dst>
      <dst id="19">220.1600</dst>
      <dst id="23">331.2622</dst>
      <dst id="8">112971.5289</dst>
      <dst id="18">123.4756</dst>
      <dst id="4">1250.5156</dst>
      <dst id="1">13987.1378</dst>
      <dst id="5">1408.6933</dst>
      <dst id="3">3.9911</dst>
      <dst id="10">946.7822</dst>
      <dst id="22">1818.9156</dst>
      <dst id="7">1233.2533</dst>
      <dst id="2">4859.4844</dst>
      <dst id="6">80.6756</dst>
      <dst id="16">4467.9911</dst>
      <dst id="14">16.9778</dst>
      <dst id="20">3056.6489</dst>
      <dst id="11">95.9644</dst>
      <dst id="9">658769.2533</dst>
      <dst id="17">595980.2400</dst>
      <dst id="21">1442.4267</dst>
      <dst id="15">1163.3956</dst>
    </src>
    <src id="17">
      <dst id="12">265590.3289</dst>
      <dst id="13">24506.1156</dst>
      <dst id="19">1784.2400</dst>
      <dst id="23">285.7244</dst>
      <dst id="8">700.3378</dst>
      <dst id="18">6816.4267</dst>
      <dst id="4">20927.5556</dst>
      <dst id="1">25069.9911</dst>
      <dst id="5">240812.9867</dst>
      <dst id="3">16032.2578</dst>
      <dst id="10">3574.0622</dst>
      <dst id="22">14257.2800</dst>
      <dst id="7">29503.3600</dst>
      <dst id="2">25390.2044</dst>
      <dst id="6">421.6800</dst>
      <dst id="16">16483.2533</dst>
      <dst id="14">39248.8978</dst>
      <dst id="20">2740.7644</dst>
      <dst id="11">26007.8400</dst>
      <dst id="9">13957.2178</dst>
      <dst id="17">40146.6756</dst>
      <dst id="21">12500.7911</dst>
      <dst id="15">1093.2267</dst>
    </src>
    <src id="21">
      <dst id="12">10324.8178</dst>
      <dst id="13">1811.9911</dst>
      <dst id="19">907.4400</dst>
      <dst id="23">125.5911</dst>
      <dst id="8">928.7644</dst>
      <dst id="18">2751.0756</dst>
      <dst id="4">4327.1911</dst>
      <dst id="1">1867.7867</dst>
      <dst id="5">1460.3733</dst>
      <dst id="3">3563.2178</dst>
      <dst id="10">905.7867</dst>
      <dst id="22">3296.5244</dst>
      <dst id="7">9226.4711</dst>
      <dst id="2">12763.6711</dst>
      <dst id="6">8.1067</dst>
      <dst id="16">1437.3333</dst>
      <dst id="14">146.7022</dst>
      <dst id="20">1054.0800</dst>
      <dst id="11">2717.9911</dst>
      <dst id="9">3354.1156</dst>
      <dst id="17">47864.8089</dst>
      <dst id="21">2798.8622</dst>
      <dst id="15">1198.0000</dst>
    </src>
    <src id="15">
      <dst id="12">2924.3200</dst>
      <dst id="13">1171.4578</dst>
      <dst id="19">32.9511</dst>
      <dst id="23">0.8889</dst>
      <dst id="8">504.9067</dst>
      <dst id="18">88.9778</dst>
      <dst id="4">1009.7956</dst>
      <dst id="1">521.0756</dst>
      <dst id="5">1838.8889</dst>
      <dst id="3">19.1289</dst>
      <dst id="10">379.4933</dst>
      <dst id="7">192.9689</dst>
      <dst id="2">301.8311</dst>
      <dst id="6">25.6000</dst>
      <dst id="14">0.9067</dst>
      <dst id="9">900.7467</dst>
      <dst id="17">1887.4044</dst>
      <dst id="21">94.8267</dst>
    </src>
  </IntraTM>
</TrafficMatrixFile>
