<?xml version="1.0" encoding="UTF-8" standalone="yes"?>
<TrafficMatrixFile xmlns:xsi="http://www.w3.org/2001/XMLSchema-instance" xsi:noNamespaceSchemaLocation="http://totem.run.montefiore.ulg.ac.be/Schema/TrafficMatrix-v1_2.xsd">
  <info>
    <title>Intradomain traffic matrix generated by geant-TM-all.pl</title>
    <date>2005-01-31T16:15:00</date>
    <duration>900</duration>
    <author>Steve Uhlig</author>
    <units>
        <unit type="bandwidth" value="kbps"/>
    </units>
  </info>
  <IntraTM ASID="20965">
    <src id="12">
      <dst id="12">266149.5733</dst>
      <dst id="13">19068.3378</dst>
      <dst id="19">3916.3822</dst>
      <dst id="23">17992.4444</dst>
      <dst id="8">569.3067</dst>
      <dst id="18">57404.4978</dst>
      <dst id="4">42925.3778</dst>
      <dst id="1">7265.5556</dst>
      <dst id="5">1718.9422</dst>
      <dst id="3">5436.8711</dst>
      <dst id="10">9584.2578</dst>
      <dst id="22">4759.9200</dst>
      <dst id="7">5985.2444</dst>
      <dst id="2">31910.5156</dst>
      <dst id="16">5790.1867</dst>
      <dst id="14">163.3778</dst>
      <dst id="20">2447.1200</dst>
      <dst id="11">60.3467</dst>
      <dst id="9">5184.0444</dst>
      <dst id="17">25015.7689</dst>
      <dst id="21">661.3600</dst>
      <dst id="15">261.0667</dst>
    </src>
    <src id="13">
      <dst id="12">31574.5067</dst>
      <dst id="19">3357.1733</dst>
      <dst id="23">111.7156</dst>
      <dst id="8">1162.1244</dst>
      <dst id="18">755.5556</dst>
      <dst id="1">9999.2000</dst>
      <dst id="5">7029.6089</dst>
      <dst id="3">7260.4000</dst>
      <dst id="22">14156.8978</dst>
      <dst id="7">9321.1733</dst>
      <dst id="2">34353.0756</dst>
      <dst id="16">3380.0978</dst>
      <dst id="14">806.8800</dst>
      <dst id="20">7364.7644</dst>
      <dst id="11">420.6844</dst>
      <dst id="9">12056.1156</dst>
      <dst id="17">100058.6667</dst>
      <dst id="21">6423.5200</dst>
      <dst id="15">310.6667</dst>
    </src>
    <src id="19">
      <dst id="12">11918.4533</dst>
      <dst id="13">235.4311</dst>
      <dst id="23">2.3289</dst>
      <dst id="8">0.4978</dst>
      <dst id="18">0.9600</dst>
      <dst id="4">23223.0933</dst>
      <dst id="1">13.2800</dst>
      <dst id="5">235.5911</dst>
      <dst id="3">1911.4933</dst>
      <dst id="10">35.2089</dst>
      <dst id="22">188.1600</dst>
      <dst id="7">3034.4000</dst>
      <dst id="2">170.6578</dst>
      <dst id="16">12637.4222</dst>
      <dst id="14">15.3956</dst>
      <dst id="20">2.8178</dst>
      <dst id="11">0.4622</dst>
      <dst id="9">1179.6622</dst>
      <dst id="17">6640.0711</dst>
      <dst id="21">245.4311</dst>
      <dst id="15">0.9511</dst>
    </src>
    <src id="23">
      <dst id="12">1333.3067</dst>
      <dst id="13">41.3067</dst>
      <dst id="19">0.9422</dst>
      <dst id="18">1161.3956</dst>
      <dst id="4">9069.1911</dst>
      <dst id="1">33.5911</dst>
      <dst id="3">12.7467</dst>
      <dst id="10">1.4933</dst>
      <dst id="22">2.0711</dst>
      <dst id="7">82.7378</dst>
      <dst id="2">175.8844</dst>
      <dst id="16">96.8444</dst>
      <dst id="20">1.1022</dst>
      <dst id="11">1.5289</dst>
      <dst id="9">1.3156</dst>
      <dst id="17">237.2089</dst>
      <dst id="21">1.0578</dst>
      <dst id="15">13.3333</dst>
    </src>
    <src id="8">
      <dst id="12">36931.2444</dst>
      <dst id="13">203.4489</dst>
      <dst id="19">0.9422</dst>
      <dst id="18">65.1378</dst>
      <dst id="4">3349.3600</dst>
      <dst id="1">3591.2533</dst>
      <dst id="5">781.1733</dst>
      <dst id="3">29.7333</dst>
      <dst id="10">123.1378</dst>
      <dst id="22">552.1689</dst>
      <dst id="7">63.5644</dst>
      <dst id="2">592.5511</dst>
      <dst id="16">134.7289</dst>
      <dst id="20">106.4267</dst>
      <dst id="11">12.9422</dst>
      <dst id="9">139253.1911</dst>
      <dst id="17">236144.5778</dst>
      <dst id="21">802.9422</dst>
      <dst id="15">18.9511</dst>
    </src>
    <src id="18">
      <dst id="12">149852.2578</dst>
      <dst id="13">121.2978</dst>
      <dst id="23">49.6889</dst>
      <dst id="8">230.5333</dst>
      <dst id="4">1072.8622</dst>
      <dst id="1">462.3644</dst>
      <dst id="5">165.1911</dst>
      <dst id="3">571.3689</dst>
      <dst id="10">81.2089</dst>
      <dst id="22">131.5822</dst>
      <dst id="7">81.3867</dst>
      <dst id="2">34763.1111</dst>
      <dst id="16">46.2489</dst>
      <dst id="14">4.9867</dst>
      <dst id="20">94.4444</dst>
      <dst id="11">0.4622</dst>
      <dst id="9">62.4533</dst>
      <dst id="17">11489.1467</dst>
      <dst id="21">1443.4133</dst>
      <dst id="15">33.0311</dst>
    </src>
    <src id="4">
      <dst id="12">7545.4133</dst>
      <dst id="19">4208.7467</dst>
      <dst id="23">260.2133</dst>
      <dst id="8">3316.0533</dst>
      <dst id="18">2847.0133</dst>
      <dst id="4">25.5022</dst>
      <dst id="1">1111.2444</dst>
      <dst id="5">780.0000</dst>
      <dst id="3">168302.3200</dst>
      <dst id="22">1871.9467</dst>
      <dst id="7">65449.1378</dst>
      <dst id="2">27042.0178</dst>
      <dst id="16">1036.8978</dst>
      <dst id="14">771.7333</dst>
      <dst id="20">1766.3556</dst>
      <dst id="11">132.5422</dst>
      <dst id="9">1160.5689</dst>
      <dst id="17">71741.6000</dst>
      <dst id="21">6241.9556</dst>
      <dst id="15">1664.1511</dst>
    </src>
    <src id="1">
      <dst id="12">10344.3556</dst>
      <dst id="13">268.0800</dst>
      <dst id="19">4.2756</dst>
      <dst id="23">68.5244</dst>
      <dst id="8">1.5378</dst>
      <dst id="18">13826.0622</dst>
      <dst id="4">8696.5156</dst>
      <dst id="1">19.0667</dst>
      <dst id="5">646.2400</dst>
      <dst id="3">5163.2267</dst>
      <dst id="10">124.5600</dst>
      <dst id="22">1367.2800</dst>
      <dst id="7">294.8267</dst>
      <dst id="2">13768.3911</dst>
      <dst id="16">19702.4444</dst>
      <dst id="14">37.1200</dst>
      <dst id="20">68.8089</dst>
      <dst id="11">107.5022</dst>
      <dst id="9">930.2311</dst>
      <dst id="17">5605.3333</dst>
      <dst id="21">2984.2578</dst>
      <dst id="15">120.3733</dst>
    </src>
    <src id="5">
      <dst id="12">24958.6044</dst>
      <dst id="13">5621.4667</dst>
      <dst id="19">9550.6844</dst>
      <dst id="8">972.4356</dst>
      <dst id="18">221.6000</dst>
      <dst id="4">1935.9378</dst>
      <dst id="1">2364.7733</dst>
      <dst id="3">222.8711</dst>
      <dst id="10">373.2444</dst>
      <dst id="22">6020.2311</dst>
      <dst id="7">74.2400</dst>
      <dst id="2">7950.6933</dst>
      <dst id="16">565.3067</dst>
      <dst id="14">4.0089</dst>
      <dst id="20">3962.2756</dst>
      <dst id="11">14.9422</dst>
      <dst id="9">54025.4756</dst>
      <dst id="17">268370.3822</dst>
      <dst id="21">37.3689</dst>
      <dst id="15">65.3956</dst>
    </src>
    <src id="3">
      <dst id="12">16160.4444</dst>
      <dst id="13">697.6978</dst>
      <dst id="19">1354.2578</dst>
      <dst id="23">1.7333</dst>
      <dst id="8">195.8311</dst>
      <dst id="18">1164.1511</dst>
      <dst id="4">25366.5511</dst>
      <dst id="1">21571.4756</dst>
      <dst id="5">527.1022</dst>
      <dst id="3">8.4444</dst>
      <dst id="10">1931.1911</dst>
      <dst id="22">280.1244</dst>
      <dst id="7">5207.3778</dst>
      <dst id="2">2947.0044</dst>
      <dst id="16">2084.8356</dst>
      <dst id="14">101.6978</dst>
      <dst id="20">2085.1200</dst>
      <dst id="11">112.4444</dst>
      <dst id="9">133.5022</dst>
      <dst id="17">23481.4222</dst>
      <dst id="21">8744.9867</dst>
      <dst id="15">3.1644</dst>
    </src>
    <src id="10">
      <dst id="12">151325.7333</dst>
      <dst id="19">748.5689</dst>
      <dst id="23">783.9911</dst>
      <dst id="8">62517.5911</dst>
      <dst id="18">1052.2844</dst>
      <dst id="1">2330.5600</dst>
      <dst id="5">150585.4578</dst>
      <dst id="3">14719.0133</dst>
      <dst id="22">2255.2978</dst>
      <dst id="7">45441.5911</dst>
      <dst id="2">27569.3689</dst>
      <dst id="16">253.7333</dst>
      <dst id="14">27627.3333</dst>
      <dst id="20">384.4978</dst>
      <dst id="11">10345.8489</dst>
      <dst id="9">172425.6622</dst>
      <dst id="17">25369.7156</dst>
      <dst id="21">14546.7467</dst>
      <dst id="15">85.1022</dst>
    </src>
    <src id="22">
      <dst id="12">16076.0533</dst>
      <dst id="13">823.2089</dst>
      <dst id="19">1333.2178</dst>
      <dst id="23">10.2400</dst>
      <dst id="8">432.7200</dst>
      <dst id="18">415.0667</dst>
      <dst id="4">11327.7689</dst>
      <dst id="1">228.5156</dst>
      <dst id="5">5372.8622</dst>
      <dst id="3">490.1867</dst>
      <dst id="10">1970.0711</dst>
      <dst id="7">714.3733</dst>
      <dst id="2">1906.2933</dst>
      <dst id="14">45.6178</dst>
      <dst id="11">16.0356</dst>
      <dst id="9">587.3867</dst>
      <dst id="17">9013.7778</dst>
      <dst id="21">441.8044</dst>
    </src>
    <src id="7">
      <dst id="12">3052.2133</dst>
      <dst id="13">69.2444</dst>
      <dst id="19">819.4133</dst>
      <dst id="23">16.5422</dst>
      <dst id="8">127.9733</dst>
      <dst id="18">488.0178</dst>
      <dst id="4">61360.5333</dst>
      <dst id="1">763.4667</dst>
      <dst id="5">1061.6267</dst>
      <dst id="3">1234.5156</dst>
      <dst id="10">410.6133</dst>
      <dst id="22">2839.5644</dst>
      <dst id="7">5.9733</dst>
      <dst id="2">4635.0222</dst>
      <dst id="16">555.7956</dst>
      <dst id="14">400.2756</dst>
      <dst id="20">4897.4578</dst>
      <dst id="11">91.0489</dst>
      <dst id="9">4135.3867</dst>
      <dst id="17">3178.3822</dst>
      <dst id="21">608.4978</dst>
      <dst id="15">43.2622</dst>
    </src>
    <src id="2">
      <dst id="12">74127.5556</dst>
      <dst id="13">5840.7467</dst>
      <dst id="19">3331.1200</dst>
      <dst id="23">2.3111</dst>
      <dst id="8">1607.3156</dst>
      <dst id="18">32620.8178</dst>
      <dst id="4">64823.6533</dst>
      <dst id="1">30833.5644</dst>
      <dst id="5">629.2711</dst>
      <dst id="3">898.9244</dst>
      <dst id="10">5266.9956</dst>
      <dst id="22">11117.7422</dst>
      <dst id="7">8815.7689</dst>
      <dst id="2">224.2578</dst>
      <dst id="16">123.2978</dst>
      <dst id="14">84.6133</dst>
      <dst id="20">262.7200</dst>
      <dst id="11">112.4889</dst>
      <dst id="9">581.1733</dst>
      <dst id="17">2509.3156</dst>
      <dst id="21">16028.6844</dst>
      <dst id="15">54.4000</dst>
    </src>
    <src id="6">
      <dst id="12">2702.1422</dst>
      <dst id="13">3.4756</dst>
      <dst id="19">14.7111</dst>
      <dst id="23">0.3378</dst>
      <dst id="4">1.9467</dst>
      <dst id="1">51.7689</dst>
      <dst id="5">14.2667</dst>
      <dst id="3">11.7956</dst>
      <dst id="22">12.0178</dst>
      <dst id="7">5.7067</dst>
      <dst id="2">2184.9333</dst>
      <dst id="16">0.4889</dst>
      <dst id="20">0.4178</dst>
      <dst id="9">11.9911</dst>
      <dst id="17">9586.8267</dst>
      <dst id="21">0.5778</dst>
    </src>
    <src id="16">
      <dst id="12">3198.8267</dst>
      <dst id="13">154.6222</dst>
      <dst id="19">4077.9111</dst>
      <dst id="23">33.5467</dst>
      <dst id="8">1786.3822</dst>
      <dst id="18">17.7956</dst>
      <dst id="4">1977.8756</dst>
      <dst id="1">19193.0578</dst>
      <dst id="5">2105.0133</dst>
      <dst id="3">1031.0667</dst>
      <dst id="10">62.5778</dst>
      <dst id="7">64.2044</dst>
      <dst id="2">188.5956</dst>
      <dst id="16">32.1689</dst>
      <dst id="14">2.4533</dst>
      <dst id="9">7269.4222</dst>
      <dst id="17">1201.7156</dst>
      <dst id="21">27.8489</dst>
    </src>
    <src id="14">
      <dst id="12">5332.4711</dst>
      <dst id="13">7.9467</dst>
      <dst id="19">2.0978</dst>
      <dst id="23">0.9867</dst>
      <dst id="18">2.1156</dst>
      <dst id="4">1026.1156</dst>
      <dst id="1">450.7911</dst>
      <dst id="5">27.0222</dst>
      <dst id="3">104.5067</dst>
      <dst id="10">33.1556</dst>
      <dst id="22">3.3422</dst>
      <dst id="7">157.7333</dst>
      <dst id="2">5475.2178</dst>
      <dst id="16">14.9067</dst>
      <dst id="20">1.0667</dst>
      <dst id="11">0.4622</dst>
      <dst id="9">21.6444</dst>
      <dst id="17">34765.8133</dst>
      <dst id="21">109.4400</dst>
      <dst id="15">0.4622</dst>
    </src>
    <src id="20">
      <dst id="12">2349.6533</dst>
      <dst id="13">14671.7778</dst>
      <dst id="19">19.7067</dst>
      <dst id="23">1.7600</dst>
      <dst id="8">3891.4667</dst>
      <dst id="18">149.0489</dst>
      <dst id="4">1639.6178</dst>
      <dst id="1">67.0311</dst>
      <dst id="5">10835.0311</dst>
      <dst id="3">2247.0311</dst>
      <dst id="10">200.1067</dst>
      <dst id="7">310.4711</dst>
      <dst id="2">2414.0356</dst>
      <dst id="14">1.4844</dst>
      <dst id="20">0.8178</dst>
      <dst id="9">2015.1378</dst>
      <dst id="17">4084.0178</dst>
      <dst id="21">5114.0533</dst>
    </src>
    <src id="11">
      <dst id="12">63365.9200</dst>
      <dst id="13">2174.9689</dst>
      <dst id="19">51.1378</dst>
      <dst id="23">13.2622</dst>
      <dst id="8">256.6667</dst>
      <dst id="18">342.5511</dst>
      <dst id="4">8664.9422</dst>
      <dst id="1">704.1156</dst>
      <dst id="5">1117.4133</dst>
      <dst id="3">3701.7600</dst>
      <dst id="10">910.7289</dst>
      <dst id="22">943.5022</dst>
      <dst id="7">1114.0356</dst>
      <dst id="2">97120.4711</dst>
      <dst id="16">245.8578</dst>
      <dst id="14">27.6533</dst>
      <dst id="20">433.7244</dst>
      <dst id="11">978.3644</dst>
      <dst id="9">1668.7822</dst>
      <dst id="17">648028.7822</dst>
      <dst id="21">166.9067</dst>
      <dst id="15">41.2533</dst>
    </src>
    <src id="9">
      <dst id="12">63256.3378</dst>
      <dst id="13">12755.5556</dst>
      <dst id="19">43.6533</dst>
      <dst id="23">1.1911</dst>
      <dst id="8">82763.9111</dst>
      <dst id="18">51.1111</dst>
      <dst id="4">11302.2844</dst>
      <dst id="1">16243.7867</dst>
      <dst id="5">1387.0578</dst>
      <dst id="3">1680.8889</dst>
      <dst id="10">1062.7556</dst>
      <dst id="22">11490.5600</dst>
      <dst id="7">283.8311</dst>
      <dst id="2">415.6000</dst>
      <dst id="16">312.0000</dst>
      <dst id="14">292.4089</dst>
      <dst id="20">3561.8667</dst>
      <dst id="11">12.6222</dst>
      <dst id="9">364648.4444</dst>
      <dst id="17">430034.0267</dst>
      <dst id="21">378.5600</dst>
      <dst id="15">51.4933</dst>
    </src>
    <src id="17">
      <dst id="12">102271.4400</dst>
      <dst id="13">777.6178</dst>
      <dst id="19">510.3467</dst>
      <dst id="23">17.7778</dst>
      <dst id="8">46.9244</dst>
      <dst id="18">126.5422</dst>
      <dst id="4">30609.8400</dst>
      <dst id="1">638.9244</dst>
      <dst id="5">133123.7600</dst>
      <dst id="3">10201.8400</dst>
      <dst id="10">593.9467</dst>
      <dst id="22">1545.7867</dst>
      <dst id="7">1198.2311</dst>
      <dst id="2">5317.4133</dst>
      <dst id="16">3656.1422</dst>
      <dst id="14">15523.6089</dst>
      <dst id="20">180.4267</dst>
      <dst id="11">16359.2000</dst>
      <dst id="9">955.5111</dst>
      <dst id="17">11780.9156</dst>
      <dst id="21">4717.5022</dst>
      <dst id="15">45.3689</dst>
    </src>
    <src id="21">
      <dst id="12">5878.7644</dst>
      <dst id="13">156.8089</dst>
      <dst id="19">117.4222</dst>
      <dst id="23">2.3467</dst>
      <dst id="8">97.1289</dst>
      <dst id="18">2912.4800</dst>
      <dst id="4">12956.9956</dst>
      <dst id="1">4010.0356</dst>
      <dst id="5">441.6800</dst>
      <dst id="3">743.9378</dst>
      <dst id="10">496.1778</dst>
      <dst id="22">677.0756</dst>
      <dst id="7">700.0889</dst>
      <dst id="2">7550.1244</dst>
      <dst id="16">77.1822</dst>
      <dst id="14">70.5511</dst>
      <dst id="20">611.3867</dst>
      <dst id="11">179.4400</dst>
      <dst id="9">810.3111</dst>
      <dst id="17">15821.9556</dst>
      <dst id="21">2344.8000</dst>
      <dst id="15">125.1644</dst>
    </src>
    <src id="15">
      <dst id="12">2973.7778</dst>
      <dst id="13">64.0800</dst>
      <dst id="19">13.8578</dst>
      <dst id="23">1.3867</dst>
      <dst id="8">2.2133</dst>
      <dst id="18">67.8044</dst>
      <dst id="4">303.5822</dst>
      <dst id="1">33.8578</dst>
      <dst id="5">1922.9333</dst>
      <dst id="3">18.9867</dst>
      <dst id="10">12.0089</dst>
      <dst id="7">17.9111</dst>
      <dst id="2">95.0489</dst>
      <dst id="14">0.4622</dst>
      <dst id="11">1.1378</dst>
      <dst id="9">231.3867</dst>
      <dst id="17">237.9378</dst>
      <dst id="21">62.0178</dst>
    </src>
  </IntraTM>
</TrafficMatrixFile>
