<?xml version="1.0" encoding="UTF-8" standalone="yes"?>
<TrafficMatrixFile xmlns:xsi="http://www.w3.org/2001/XMLSchema-instance" xsi:noNamespaceSchemaLocation="http://totem.run.montefiore.ulg.ac.be/Schema/TrafficMatrix-v1_2.xsd">
  <info>
    <title>Intradomain traffic matrix generated by geant-TM-all.pl</title>
    <date>2005-04-24T02:30:00</date>
    <duration>900</duration>
    <author>Steve Uhlig</author>
    <units>
        <unit type="bandwidth" value="kbps"/>
    </units>
  </info>
  <IntraTM ASID="20965">
    <src id="12">
      <dst id="12">288150.3733</dst>
      <dst id="13">33608.7911</dst>
      <dst id="19">2563.6356</dst>
      <dst id="23">8667.5911</dst>
      <dst id="8">696.8978</dst>
      <dst id="18">100141.0044</dst>
      <dst id="4">7606.9956</dst>
      <dst id="1">44951.1111</dst>
      <dst id="5">17357.1200</dst>
      <dst id="3">449.6178</dst>
      <dst id="10">8143.5822</dst>
      <dst id="22">1337.7600</dst>
      <dst id="7">8578.6933</dst>
      <dst id="2">45682.2667</dst>
      <dst id="16">12506.4711</dst>
      <dst id="14">718.3111</dst>
      <dst id="20">4170.6933</dst>
      <dst id="11">126.8978</dst>
      <dst id="9">24667.6889</dst>
      <dst id="17">62156.2844</dst>
      <dst id="21">2157.3600</dst>
      <dst id="15">365.8756</dst>
    </src>
    <src id="13">
      <dst id="12">25852.6222</dst>
      <dst id="13">266.4889</dst>
      <dst id="19">22347.0311</dst>
      <dst id="23">157.0400</dst>
      <dst id="8">586.0089</dst>
      <dst id="18">260.2578</dst>
      <dst id="4">1.7689</dst>
      <dst id="1">12929.4489</dst>
      <dst id="5">4366.3111</dst>
      <dst id="3">153.1556</dst>
      <dst id="22">346.0533</dst>
      <dst id="7">761.6356</dst>
      <dst id="2">13135.9644</dst>
      <dst id="16">2418.1422</dst>
      <dst id="14">28.8800</dst>
      <dst id="20">648.0978</dst>
      <dst id="11">102.7378</dst>
      <dst id="9">10934.7822</dst>
      <dst id="17">26310.9867</dst>
      <dst id="21">1347.2889</dst>
      <dst id="15">264.9067</dst>
    </src>
    <src id="19">
      <dst id="12">41369.0489</dst>
      <dst id="13">1421.4311</dst>
      <dst id="23">114.1956</dst>
      <dst id="8">1.9911</dst>
      <dst id="18">881.3867</dst>
      <dst id="4">578.5867</dst>
      <dst id="1">454.3733</dst>
      <dst id="5">126.8178</dst>
      <dst id="3">2.7733</dst>
      <dst id="10">57.0400</dst>
      <dst id="22">1.3867</dst>
      <dst id="7">5570.5067</dst>
      <dst id="2">1100.8356</dst>
      <dst id="16">778.2933</dst>
      <dst id="14">26.4533</dst>
      <dst id="20">5.9733</dst>
      <dst id="11">0.3378</dst>
      <dst id="9">154.8000</dst>
      <dst id="17">2331.9822</dst>
      <dst id="21">275.6178</dst>
      <dst id="15">4.6933</dst>
    </src>
    <src id="23">
      <dst id="12">2660.3111</dst>
      <dst id="13">528.9156</dst>
      <dst id="19">32.0622</dst>
      <dst id="8">814.5867</dst>
      <dst id="18">91.9111</dst>
      <dst id="4">227.7511</dst>
      <dst id="1">121.0133</dst>
      <dst id="5">26.6667</dst>
      <dst id="3">1.0756</dst>
      <dst id="10">203.4667</dst>
      <dst id="22">88.3556</dst>
      <dst id="7">178.0089</dst>
      <dst id="2">69.0400</dst>
      <dst id="20">14.5956</dst>
      <dst id="11">55.4311</dst>
      <dst id="9">67.4400</dst>
      <dst id="17">3803.9289</dst>
      <dst id="21">1288.6044</dst>
    </src>
    <src id="8">
      <dst id="12">17292.3556</dst>
      <dst id="13">395.1556</dst>
      <dst id="23">11.9911</dst>
      <dst id="18">387.8133</dst>
      <dst id="4">42.2222</dst>
      <dst id="1">2429.0933</dst>
      <dst id="5">641.8044</dst>
      <dst id="3">172.4889</dst>
      <dst id="10">70.4178</dst>
      <dst id="2">61.0933</dst>
      <dst id="16">268450.3200</dst>
      <dst id="11">4.5867</dst>
      <dst id="9">76062.9333</dst>
      <dst id="17">24897.6444</dst>
      <dst id="21">16.1244</dst>
      <dst id="15">40.5600</dst>
    </src>
    <src id="18">
      <dst id="12">134352.2044</dst>
      <dst id="13">553.6089</dst>
      <dst id="19">22.5600</dst>
      <dst id="23">3.2178</dst>
      <dst id="8">109.3156</dst>
      <dst id="4">710.4089</dst>
      <dst id="1">11965.6711</dst>
      <dst id="5">92.2311</dst>
      <dst id="3">2344.8978</dst>
      <dst id="10">112.3556</dst>
      <dst id="22">2.4889</dst>
      <dst id="7">653.4578</dst>
      <dst id="2">4711.7511</dst>
      <dst id="16">837.1022</dst>
      <dst id="14">0.8000</dst>
      <dst id="20">351.5200</dst>
      <dst id="11">39.4311</dst>
      <dst id="9">10129.8489</dst>
      <dst id="17">3940.3911</dst>
      <dst id="21">1532.7556</dst>
      <dst id="15">45.7867</dst>
    </src>
    <src id="4">
      <dst id="12">26218.2133</dst>
      <dst id="13">24.3556</dst>
      <dst id="19">9274.8178</dst>
      <dst id="23">633.5022</dst>
      <dst id="8">1735.4133</dst>
      <dst id="18">6000.5867</dst>
      <dst id="4">2698.6222</dst>
      <dst id="1">31152.2044</dst>
      <dst id="5">6132.5511</dst>
      <dst id="3">380.6756</dst>
      <dst id="7">66.0000</dst>
      <dst id="2">112704.4622</dst>
      <dst id="16">162039.4844</dst>
      <dst id="14">3059.4578</dst>
      <dst id="11">891.8756</dst>
      <dst id="9">31380.7289</dst>
      <dst id="17">91215.5378</dst>
      <dst id="21">34049.5378</dst>
      <dst id="15">1184.0533</dst>
    </src>
    <src id="1">
      <dst id="12">469756.6933</dst>
      <dst id="13">28499.1467</dst>
      <dst id="19">394.8889</dst>
      <dst id="23">70.6667</dst>
      <dst id="8">194.7111</dst>
      <dst id="18">14369.0578</dst>
      <dst id="4">605.3422</dst>
      <dst id="1">25545.2356</dst>
      <dst id="5">282.2578</dst>
      <dst id="3">600.1511</dst>
      <dst id="10">2404.9333</dst>
      <dst id="7">15426.5156</dst>
      <dst id="2">9644.2844</dst>
      <dst id="16">899762.5956</dst>
      <dst id="14">10185.9822</dst>
      <dst id="20">74.8267</dst>
      <dst id="11">2601.1289</dst>
      <dst id="9">5129.0578</dst>
      <dst id="17">28823.4578</dst>
      <dst id="21">183437.9733</dst>
      <dst id="15">274.9956</dst>
    </src>
    <src id="5">
      <dst id="12">33271.7244</dst>
      <dst id="13">1076.5333</dst>
      <dst id="19">57.0311</dst>
      <dst id="23">0.7111</dst>
      <dst id="8">529.5022</dst>
      <dst id="18">296.0089</dst>
      <dst id="4">341.4489</dst>
      <dst id="1">36991.8667</dst>
      <dst id="3">496.2489</dst>
      <dst id="10">758.1422</dst>
      <dst id="2">477.2533</dst>
      <dst id="16">385670.4978</dst>
      <dst id="14">15.0044</dst>
      <dst id="11">59.0578</dst>
      <dst id="9">73089.4400</dst>
      <dst id="17">34514.7289</dst>
      <dst id="21">91.8667</dst>
      <dst id="15">178.6756</dst>
    </src>
    <src id="3">
      <dst id="12">1523.9822</dst>
      <dst id="13">77764.9156</dst>
      <dst id="19">980.6400</dst>
      <dst id="23">56.4622</dst>
      <dst id="8">32.6311</dst>
      <dst id="18">571.2533</dst>
      <dst id="4">875.5467</dst>
      <dst id="1">18690.8800</dst>
      <dst id="5">295.8400</dst>
      <dst id="3">160.4889</dst>
      <dst id="10">639.8933</dst>
      <dst id="7">38736.6667</dst>
      <dst id="2">2639.6444</dst>
      <dst id="16">21114.4089</dst>
      <dst id="14">193.0756</dst>
      <dst id="20">412.5067</dst>
      <dst id="11">969.9911</dst>
      <dst id="9">2366.9956</dst>
      <dst id="17">68894.7022</dst>
      <dst id="21">2045.5289</dst>
      <dst id="15">52.5778</dst>
    </src>
    <src id="10">
      <dst id="12">15129.2000</dst>
      <dst id="13">510.0800</dst>
      <dst id="19">1929.8400</dst>
      <dst id="23">4333.7244</dst>
      <dst id="8">345.7867</dst>
      <dst id="18">4902.9422</dst>
      <dst id="1">3636.9333</dst>
      <dst id="5">1396.3378</dst>
      <dst id="3">147.0756</dst>
      <dst id="7">14.6133</dst>
      <dst id="2">30338.1867</dst>
      <dst id="16">65366.2933</dst>
      <dst id="14">1513.9378</dst>
      <dst id="20">3244.0267</dst>
      <dst id="11">67.8578</dst>
      <dst id="9">4343.4133</dst>
      <dst id="17">40125.2711</dst>
      <dst id="21">5413.4133</dst>
      <dst id="15">63.8044</dst>
    </src>
    <src id="22">
      <dst id="12">15586.1511</dst>
      <dst id="13">6119.3422</dst>
      <dst id="19">43.6267</dst>
      <dst id="23">23.2178</dst>
      <dst id="8">1802.5156</dst>
      <dst id="18">898.3733</dst>
      <dst id="4">1752.0444</dst>
      <dst id="1">353.7867</dst>
      <dst id="5">2322.5244</dst>
      <dst id="3">135.6178</dst>
      <dst id="10">637.8400</dst>
      <dst id="7">164.7289</dst>
      <dst id="2">868.4978</dst>
      <dst id="16">191.2533</dst>
      <dst id="14">7.2533</dst>
      <dst id="11">63.3156</dst>
      <dst id="9">2852.4978</dst>
      <dst id="17">8827.6978</dst>
      <dst id="21">361.0222</dst>
    </src>
    <src id="7">
      <dst id="12">30932.4889</dst>
      <dst id="13">26202.2667</dst>
      <dst id="19">5455.5111</dst>
      <dst id="23">113.5644</dst>
      <dst id="8">2.6667</dst>
      <dst id="18">1597.0133</dst>
      <dst id="4">660.0622</dst>
      <dst id="1">1724.5333</dst>
      <dst id="5">109.2800</dst>
      <dst id="3">850.3911</dst>
      <dst id="10">748.9956</dst>
      <dst id="22">568.1956</dst>
      <dst id="7">5570.1156</dst>
      <dst id="2">3110.8000</dst>
      <dst id="16">17651.6178</dst>
      <dst id="14">56.1067</dst>
      <dst id="20">44.2578</dst>
      <dst id="11">12.4444</dst>
      <dst id="9">220.6667</dst>
      <dst id="17">18410.6667</dst>
      <dst id="21">6548.9067</dst>
      <dst id="15">1.8756</dst>
    </src>
    <src id="2">
      <dst id="12">144212.1244</dst>
      <dst id="13">26166.5689</dst>
      <dst id="19">449.4044</dst>
      <dst id="23">0.4622</dst>
      <dst id="8">33.4578</dst>
      <dst id="18">68584.8267</dst>
      <dst id="4">7587.4400</dst>
      <dst id="1">25212.1156</dst>
      <dst id="5">2263.1733</dst>
      <dst id="3">1405.7156</dst>
      <dst id="10">4551.7778</dst>
      <dst id="22">106.3378</dst>
      <dst id="7">3066.6489</dst>
      <dst id="2">5119.2267</dst>
      <dst id="6">1.9911</dst>
      <dst id="16">177.0133</dst>
      <dst id="14">183.4667</dst>
      <dst id="20">17546.0622</dst>
      <dst id="11">258.4622</dst>
      <dst id="9">4626.9511</dst>
      <dst id="17">40577.4756</dst>
      <dst id="21">5098.9511</dst>
      <dst id="15">175.5644</dst>
    </src>
    <src id="6">
      <dst id="12">4956.2400</dst>
      <dst id="13">82.4978</dst>
      <dst id="19">1.7511</dst>
      <dst id="8">20.7644</dst>
      <dst id="4">19.6622</dst>
      <dst id="1">1482.6578</dst>
      <dst id="5">28.4622</dst>
      <dst id="3">14.3911</dst>
      <dst id="10">4.0978</dst>
      <dst id="22">0.5689</dst>
      <dst id="7">2.4889</dst>
      <dst id="2">340.9689</dst>
      <dst id="16">33.4222</dst>
      <dst id="9">1231.5822</dst>
      <dst id="17">29425.8311</dst>
      <dst id="21">3.9289</dst>
    </src>
    <src id="16">
      <dst id="12">188035.0578</dst>
      <dst id="13">1818.4978</dst>
      <dst id="19">4590.4178</dst>
      <dst id="23">52.4533</dst>
      <dst id="8">101950.1156</dst>
      <dst id="18">202.6311</dst>
      <dst id="4">537.1467</dst>
      <dst id="1">23383.4756</dst>
      <dst id="5">301750.1333</dst>
      <dst id="3">8144.3556</dst>
      <dst id="10">767.0311</dst>
      <dst id="2">816.2756</dst>
      <dst id="16">26545.2622</dst>
      <dst id="14">39391.2089</dst>
      <dst id="11">26679.1378</dst>
      <dst id="9">261092.2933</dst>
      <dst id="17">5063.2000</dst>
      <dst id="21">68.5511</dst>
    </src>
    <src id="14">
      <dst id="12">401.3156</dst>
      <dst id="13">439.2267</dst>
      <dst id="19">58.8178</dst>
      <dst id="23">114.3733</dst>
      <dst id="4">1014.2756</dst>
      <dst id="1">3818.6044</dst>
      <dst id="5">13.0844</dst>
      <dst id="3">1178.5333</dst>
      <dst id="10">114.2133</dst>
      <dst id="7">61.3333</dst>
      <dst id="2">236.9244</dst>
      <dst id="16">6441.1200</dst>
      <dst id="20">3.9733</dst>
      <dst id="11">2.1333</dst>
      <dst id="9">3382.0800</dst>
      <dst id="17">41352.5511</dst>
      <dst id="21">106.3378</dst>
      <dst id="15">0.4978</dst>
    </src>
    <src id="20">
      <dst id="12">6618.8089</dst>
      <dst id="13">2790.7644</dst>
      <dst id="19">123.4400</dst>
      <dst id="23">1.0756</dst>
      <dst id="8">225.2356</dst>
      <dst id="18">209.0133</dst>
      <dst id="4">1177.1822</dst>
      <dst id="1">246.9600</dst>
      <dst id="5">920.6311</dst>
      <dst id="3">0.3556</dst>
      <dst id="10">4384.6844</dst>
      <dst id="22">13.3333</dst>
      <dst id="7">661.7956</dst>
      <dst id="2">310.7644</dst>
      <dst id="16">20380.5867</dst>
      <dst id="14">0.6578</dst>
      <dst id="20">50.7911</dst>
      <dst id="11">51.2000</dst>
      <dst id="9">2511.4222</dst>
      <dst id="17">45245.9022</dst>
      <dst id="21">127.7156</dst>
    </src>
    <src id="11">
      <dst id="12">24584.5244</dst>
      <dst id="13">4443.2356</dst>
      <dst id="19">823.0756</dst>
      <dst id="23">4.8711</dst>
      <dst id="8">773.4844</dst>
      <dst id="18">207.2267</dst>
      <dst id="4">2424.4178</dst>
      <dst id="1">56430.0622</dst>
      <dst id="5">1099.4933</dst>
      <dst id="3">1341.4311</dst>
      <dst id="10">1237.7689</dst>
      <dst id="2">5743.6978</dst>
      <dst id="16">37825.6356</dst>
      <dst id="14">63.5022</dst>
      <dst id="20">588.9778</dst>
      <dst id="11">2422.8978</dst>
      <dst id="9">73245.5911</dst>
      <dst id="17">660742.7022</dst>
      <dst id="21">529.7244</dst>
      <dst id="15">553.8933</dst>
    </src>
    <src id="9">
      <dst id="12">38477.7511</dst>
      <dst id="13">4130.3467</dst>
      <dst id="19">55.4311</dst>
      <dst id="23">1.0667</dst>
      <dst id="8">107328.4889</dst>
      <dst id="18">746.5600</dst>
      <dst id="4">755.7689</dst>
      <dst id="1">17297.7244</dst>
      <dst id="5">36564.7556</dst>
      <dst id="3">706.1333</dst>
      <dst id="10">1162.6578</dst>
      <dst id="2">2281.2267</dst>
      <dst id="16">554087.8133</dst>
      <dst id="14">51.7600</dst>
      <dst id="11">2.4800</dst>
      <dst id="9">356364.0444</dst>
      <dst id="17">55065.6889</dst>
      <dst id="21">64.1778</dst>
      <dst id="15">246.0800</dst>
    </src>
    <src id="17">
      <dst id="12">152406.5511</dst>
      <dst id="13">20567.5822</dst>
      <dst id="19">1980.9067</dst>
      <dst id="23">737.2622</dst>
      <dst id="8">372.2667</dst>
      <dst id="18">8021.8933</dst>
      <dst id="4">6672.6667</dst>
      <dst id="1">5326.7733</dst>
      <dst id="5">247213.1111</dst>
      <dst id="3">11283.7600</dst>
      <dst id="10">7815.1289</dst>
      <dst id="7">22466.0711</dst>
      <dst id="2">15285.1467</dst>
      <dst id="16">55710.1333</dst>
      <dst id="14">16911.0489</dst>
      <dst id="20">6440.3644</dst>
      <dst id="11">26767.7156</dst>
      <dst id="9">11411.7867</dst>
      <dst id="17">27874.3467</dst>
      <dst id="21">22305.7067</dst>
      <dst id="15">1205.6178</dst>
    </src>
    <src id="21">
      <dst id="12">1520.4889</dst>
      <dst id="13">1983.6267</dst>
      <dst id="19">384.5422</dst>
      <dst id="23">35.6800</dst>
      <dst id="8">734.2756</dst>
      <dst id="18">2218.4178</dst>
      <dst id="4">2518.7378</dst>
      <dst id="1">11686.8178</dst>
      <dst id="5">1185.6978</dst>
      <dst id="3">1796.1867</dst>
      <dst id="10">839.7956</dst>
      <dst id="7">4895.1644</dst>
      <dst id="2">2873.0133</dst>
      <dst id="16">7981.3689</dst>
      <dst id="14">111.0133</dst>
      <dst id="20">98.0000</dst>
      <dst id="11">67.9378</dst>
      <dst id="9">3930.0000</dst>
      <dst id="17">22057.8844</dst>
      <dst id="21">5311.4844</dst>
      <dst id="15">227.2533</dst>
    </src>
    <src id="15">
      <dst id="12">150.3289</dst>
      <dst id="13">685.3600</dst>
      <dst id="19">66.8533</dst>
      <dst id="8">74.4267</dst>
      <dst id="18">31.6356</dst>
      <dst id="4">112.2044</dst>
      <dst id="1">77.6978</dst>
      <dst id="5">325.1111</dst>
      <dst id="10">103.7778</dst>
      <dst id="2">66.0178</dst>
      <dst id="16">707.6356</dst>
      <dst id="14">0.9156</dst>
      <dst id="11">13.7956</dst>
      <dst id="9">3181.1822</dst>
      <dst id="17">552.2756</dst>
      <dst id="21">14.9956</dst>
    </src>
  </IntraTM>
</TrafficMatrixFile>
