<?xml version="1.0" encoding="UTF-8" standalone="yes"?>
<TrafficMatrixFile xmlns:xsi="http://www.w3.org/2001/XMLSchema-instance" xsi:noNamespaceSchemaLocation="http://totem.run.montefiore.ulg.ac.be/Schema/TrafficMatrix-v1_2.xsd">
  <info>
    <title>Intradomain traffic matrix generated by geant-TM-all.pl</title>
    <date>2005-02-17T07:15:00</date>
    <duration>900</duration>
    <author>Steve Uhlig</author>
    <units>
        <unit type="bandwidth" value="kbps"/>
    </units>
  </info>
  <IntraTM ASID="20965">
    <src id="12">
      <dst id="12">339266.0444</dst>
      <dst id="13">218517.2711</dst>
      <dst id="19">4729.0667</dst>
      <dst id="23">6.5067</dst>
      <dst id="8">2113.5200</dst>
      <dst id="18">114711.4044</dst>
      <dst id="4">25495.3067</dst>
      <dst id="1">11762.0800</dst>
      <dst id="5">2353.4667</dst>
      <dst id="3">13.5556</dst>
      <dst id="10">8562.2400</dst>
      <dst id="22">26058.8178</dst>
      <dst id="7">4767.7333</dst>
      <dst id="2">55911.2533</dst>
      <dst id="6">13.5644</dst>
      <dst id="16">10563.2000</dst>
      <dst id="14">533.5111</dst>
      <dst id="20">9022.8800</dst>
      <dst id="11">51.9022</dst>
      <dst id="9">10719.2622</dst>
      <dst id="17">40769.5378</dst>
      <dst id="21">6257.0133</dst>
      <dst id="15">1721.1200</dst>
    </src>
    <src id="13">
      <dst id="12">48660.5244</dst>
      <dst id="19">9916.8267</dst>
      <dst id="23">1952.6578</dst>
      <dst id="8">4207.7333</dst>
      <dst id="18">4655.4667</dst>
      <dst id="4">2.1333</dst>
      <dst id="1">13142.4089</dst>
      <dst id="5">5756.7644</dst>
      <dst id="3">268.0444</dst>
      <dst id="22">15803.8489</dst>
      <dst id="7">14080.2844</dst>
      <dst id="2">111407.7956</dst>
      <dst id="6">106.9600</dst>
      <dst id="16">7092.3022</dst>
      <dst id="14">1670.3200</dst>
      <dst id="20">7440.8178</dst>
      <dst id="11">181.9289</dst>
      <dst id="9">5915.6800</dst>
      <dst id="17">70965.8489</dst>
      <dst id="21">14578.9689</dst>
      <dst id="15">3521.0311</dst>
    </src>
    <src id="19">
      <dst id="12">19491.3244</dst>
      <dst id="13">4047.8222</dst>
      <dst id="23">9.0133</dst>
      <dst id="8">2.7556</dst>
      <dst id="18">51.6622</dst>
      <dst id="4">17570.2400</dst>
      <dst id="1">20.8089</dst>
      <dst id="5">2.5422</dst>
      <dst id="10">901.5822</dst>
      <dst id="22">97.9822</dst>
      <dst id="7">3141.9822</dst>
      <dst id="2">132.5333</dst>
      <dst id="6">41.9378</dst>
      <dst id="16">16116.6133</dst>
      <dst id="14">32.1778</dst>
      <dst id="20">44.3378</dst>
      <dst id="11">2.9511</dst>
      <dst id="9">75.3067</dst>
      <dst id="17">1194.8533</dst>
      <dst id="21">6886.3911</dst>
      <dst id="15">0.6933</dst>
    </src>
    <src id="23">
      <dst id="12">8162.1244</dst>
      <dst id="13">85.5022</dst>
      <dst id="19">1.9644</dst>
      <dst id="8">13.3333</dst>
      <dst id="18">13.8311</dst>
      <dst id="4">5559.7689</dst>
      <dst id="1">27.3067</dst>
      <dst id="3">52.6222</dst>
      <dst id="10">67.6444</dst>
      <dst id="22">161.3778</dst>
      <dst id="7">1723.1644</dst>
      <dst id="2">214.2667</dst>
      <dst id="16">19.4222</dst>
      <dst id="20">2.6400</dst>
      <dst id="11">93.3333</dst>
      <dst id="9">1.9378</dst>
      <dst id="17">2271.8133</dst>
      <dst id="21">79.2889</dst>
      <dst id="15">0.3378</dst>
    </src>
    <src id="8">
      <dst id="12">51383.0044</dst>
      <dst id="13">1054.9689</dst>
      <dst id="19">2.2222</dst>
      <dst id="18">46.0533</dst>
      <dst id="4">1483.5467</dst>
      <dst id="1">6715.0933</dst>
      <dst id="5">1319.1200</dst>
      <dst id="3">33.2000</dst>
      <dst id="10">725.2356</dst>
      <dst id="22">7177.1733</dst>
      <dst id="7">242.9244</dst>
      <dst id="2">380.5067</dst>
      <dst id="6">26.7822</dst>
      <dst id="16">347.3156</dst>
      <dst id="14">38.5778</dst>
      <dst id="20">321.0756</dst>
      <dst id="11">5.1200</dst>
      <dst id="9">252302.1778</dst>
      <dst id="17">316797.1467</dst>
      <dst id="21">3138.2933</dst>
      <dst id="15">20.7822</dst>
    </src>
    <src id="18">
      <dst id="12">132112.5422</dst>
      <dst id="13">291.4578</dst>
      <dst id="19">13.7956</dst>
      <dst id="23">0.4978</dst>
      <dst id="8">2.0000</dst>
      <dst id="4">9873.6622</dst>
      <dst id="1">1234.8267</dst>
      <dst id="5">405.2533</dst>
      <dst id="3">311.3511</dst>
      <dst id="10">661.6444</dst>
      <dst id="22">376.8622</dst>
      <dst id="7">188.7911</dst>
      <dst id="2">38309.8311</dst>
      <dst id="16">17.6089</dst>
      <dst id="14">1.5467</dst>
      <dst id="20">1926.8178</dst>
      <dst id="9">5.0933</dst>
      <dst id="17">10470.7467</dst>
      <dst id="21">620.3644</dst>
      <dst id="15">9.6889</dst>
    </src>
    <src id="4">
      <dst id="12">10972.7911</dst>
      <dst id="19">3026.2311</dst>
      <dst id="23">140.8800</dst>
      <dst id="8">1068.5689</dst>
      <dst id="18">1770.5511</dst>
      <dst id="4">1.8311</dst>
      <dst id="1">9829.5022</dst>
      <dst id="5">1627.4044</dst>
      <dst id="3">42.0622</dst>
      <dst id="22">3004.9778</dst>
      <dst id="7">86822.0533</dst>
      <dst id="2">39783.4578</dst>
      <dst id="6">1.3511</dst>
      <dst id="16">1606.9956</dst>
      <dst id="14">1997.2267</dst>
      <dst id="20">1214.2400</dst>
      <dst id="11">137.8311</dst>
      <dst id="9">241.3689</dst>
      <dst id="17">40273.3689</dst>
      <dst id="21">5408.7467</dst>
      <dst id="15">201.3689</dst>
    </src>
    <src id="1">
      <dst id="12">21273.1111</dst>
      <dst id="13">112.3556</dst>
      <dst id="19">55.8133</dst>
      <dst id="23">65.8844</dst>
      <dst id="8">32.6222</dst>
      <dst id="18">5900.5244</dst>
      <dst id="4">2403.2889</dst>
      <dst id="1">1350.3200</dst>
      <dst id="5">213.7956</dst>
      <dst id="3">35.9111</dst>
      <dst id="10">996.1511</dst>
      <dst id="22">286.3378</dst>
      <dst id="7">9472.9600</dst>
      <dst id="2">2162.9867</dst>
      <dst id="6">5.6800</dst>
      <dst id="16">16976.8622</dst>
      <dst id="14">66.1689</dst>
      <dst id="20">30.6756</dst>
      <dst id="11">107.4044</dst>
      <dst id="9">420.6578</dst>
      <dst id="17">14760.7822</dst>
      <dst id="21">1454.4800</dst>
      <dst id="15">57.4667</dst>
    </src>
    <src id="5">
      <dst id="12">40236.4267</dst>
      <dst id="13">854.6044</dst>
      <dst id="19">24.3911</dst>
      <dst id="8">1983.9822</dst>
      <dst id="18">492.9956</dst>
      <dst id="4">1344.0978</dst>
      <dst id="1">10371.7156</dst>
      <dst id="3">18.2756</dst>
      <dst id="10">653.3778</dst>
      <dst id="22">4543.5467</dst>
      <dst id="7">79.5822</dst>
      <dst id="2">1664.6933</dst>
      <dst id="16">574.9956</dst>
      <dst id="14">91.6622</dst>
      <dst id="20">1133.8933</dst>
      <dst id="11">13.3333</dst>
      <dst id="9">86477.9111</dst>
      <dst id="17">349109.0222</dst>
      <dst id="21">230.1244</dst>
      <dst id="15">294.9778</dst>
    </src>
    <src id="3">
      <dst id="12">9496.8356</dst>
      <dst id="13">433.2622</dst>
      <dst id="19">1190.1867</dst>
      <dst id="23">40.1333</dst>
      <dst id="8">126.4978</dst>
      <dst id="18">416.2933</dst>
      <dst id="4">35703.5289</dst>
      <dst id="1">1781.3956</dst>
      <dst id="5">316.0889</dst>
      <dst id="3">13.4222</dst>
      <dst id="10">787.7600</dst>
      <dst id="22">1158.7022</dst>
      <dst id="7">688.9244</dst>
      <dst id="2">2846.1867</dst>
      <dst id="16">1393.1378</dst>
      <dst id="14">175.7333</dst>
      <dst id="20">5314.1778</dst>
      <dst id="11">102.5422</dst>
      <dst id="9">120.5156</dst>
      <dst id="17">44989.0133</dst>
      <dst id="21">798.0356</dst>
      <dst id="15">119.3600</dst>
    </src>
    <src id="10">
      <dst id="12">130816.6933</dst>
      <dst id="19">711.9378</dst>
      <dst id="23">1520.4622</dst>
      <dst id="8">153666.4889</dst>
      <dst id="18">6740.8000</dst>
      <dst id="1">701.1111</dst>
      <dst id="5">262742.4089</dst>
      <dst id="3">14116.0356</dst>
      <dst id="22">3165.8400</dst>
      <dst id="7">2209.9822</dst>
      <dst id="2">17355.0844</dst>
      <dst id="6">14736.5244</dst>
      <dst id="16">2710.1867</dst>
      <dst id="14">42887.9467</dst>
      <dst id="20">3992.8978</dst>
      <dst id="11">11568.0444</dst>
      <dst id="9">159597.5289</dst>
      <dst id="17">51255.7956</dst>
      <dst id="21">8017.1200</dst>
      <dst id="15">338.5156</dst>
    </src>
    <src id="22">
      <dst id="12">18728.4978</dst>
      <dst id="13">9135.7778</dst>
      <dst id="19">363.6356</dst>
      <dst id="23">12.3289</dst>
      <dst id="8">1615.1111</dst>
      <dst id="18">801.3067</dst>
      <dst id="4">7819.4756</dst>
      <dst id="1">400.0178</dst>
      <dst id="5">3618.6400</dst>
      <dst id="3">30.9778</dst>
      <dst id="10">1709.9022</dst>
      <dst id="7">942.9156</dst>
      <dst id="2">3182.5867</dst>
      <dst id="6">61.6711</dst>
      <dst id="14">243.7778</dst>
      <dst id="11">1871.9467</dst>
      <dst id="9">1347.2889</dst>
      <dst id="17">12176.2133</dst>
      <dst id="21">2361.4400</dst>
    </src>
    <src id="7">
      <dst id="12">14789.4222</dst>
      <dst id="13">2011.9822</dst>
      <dst id="19">1014.0889</dst>
      <dst id="23">192.5600</dst>
      <dst id="8">639.9822</dst>
      <dst id="18">871.6267</dst>
      <dst id="4">27244.7822</dst>
      <dst id="1">2836.2667</dst>
      <dst id="5">1947.9644</dst>
      <dst id="3">78.0444</dst>
      <dst id="10">1201.8844</dst>
      <dst id="22">3279.0667</dst>
      <dst id="7">511.0756</dst>
      <dst id="2">9358.1067</dst>
      <dst id="16">744.9867</dst>
      <dst id="14">1129.3333</dst>
      <dst id="20">834.0267</dst>
      <dst id="11">141.1644</dst>
      <dst id="9">190.8622</dst>
      <dst id="17">24763.6711</dst>
      <dst id="21">1652.8800</dst>
      <dst id="15">213.7244</dst>
    </src>
    <src id="2">
      <dst id="12">135124.1867</dst>
      <dst id="13">14135.6622</dst>
      <dst id="19">761.0578</dst>
      <dst id="8">221.0844</dst>
      <dst id="18">78960.6933</dst>
      <dst id="4">28895.6622</dst>
      <dst id="1">8163.0844</dst>
      <dst id="5">1580.2044</dst>
      <dst id="3">6.9956</dst>
      <dst id="10">5515.4400</dst>
      <dst id="22">1566.3733</dst>
      <dst id="7">2196.2311</dst>
      <dst id="2">525.6622</dst>
      <dst id="6">12916.6311</dst>
      <dst id="16">1703.9556</dst>
      <dst id="14">340.2667</dst>
      <dst id="20">691.6711</dst>
      <dst id="11">80.8711</dst>
      <dst id="9">502.8267</dst>
      <dst id="17">26118.1956</dst>
      <dst id="21">6340.8444</dst>
      <dst id="15">206.6311</dst>
    </src>
    <src id="6">
      <dst id="12">2018.4178</dst>
      <dst id="13">3.6889</dst>
      <dst id="19">0.7111</dst>
      <dst id="8">22.1689</dst>
      <dst id="4">0.3556</dst>
      <dst id="1">129.1556</dst>
      <dst id="10">1.2356</dst>
      <dst id="7">1.1378</dst>
      <dst id="2">2365.7244</dst>
      <dst id="16">213.3333</dst>
      <dst id="9">0.4978</dst>
      <dst id="17">13370.2044</dst>
      <dst id="21">0.7111</dst>
    </src>
    <src id="16">
      <dst id="12">7551.0667</dst>
      <dst id="13">631.8844</dst>
      <dst id="19">5600.8356</dst>
      <dst id="23">1.8133</dst>
      <dst id="8">4068.8444</dst>
      <dst id="18">26.2578</dst>
      <dst id="4">1518.0800</dst>
      <dst id="1">17980.7822</dst>
      <dst id="5">4742.2756</dst>
      <dst id="10">3724.7022</dst>
      <dst id="22">441.7067</dst>
      <dst id="7">1478.3556</dst>
      <dst id="2">2559.9556</dst>
      <dst id="6">2.2311</dst>
      <dst id="16">43.8933</dst>
      <dst id="14">0.7822</dst>
      <dst id="9">726.2133</dst>
      <dst id="17">4779.0667</dst>
      <dst id="21">21.1200</dst>
    </src>
    <src id="14">
      <dst id="12">4915.5378</dst>
      <dst id="13">87.9733</dst>
      <dst id="19">26.2756</dst>
      <dst id="23">0.4622</dst>
      <dst id="8">1.0222</dst>
      <dst id="4">2537.9733</dst>
      <dst id="1">1371.9911</dst>
      <dst id="5">13.7867</dst>
      <dst id="3">172.8000</dst>
      <dst id="10">187.0311</dst>
      <dst id="22">59.3689</dst>
      <dst id="7">63.8578</dst>
      <dst id="2">4649.3333</dst>
      <dst id="20">80.6311</dst>
      <dst id="11">0.8178</dst>
      <dst id="9">3.4578</dst>
      <dst id="17">28030.8800</dst>
      <dst id="21">159.4044</dst>
      <dst id="15">0.4800</dst>
    </src>
    <src id="20">
      <dst id="12">29847.3867</dst>
      <dst id="13">10426.9600</dst>
      <dst id="19">57.3244</dst>
      <dst id="23">13.3333</dst>
      <dst id="8">1920.0267</dst>
      <dst id="18">840.1600</dst>
      <dst id="4">2048.6756</dst>
      <dst id="1">101.0933</dst>
      <dst id="5">6803.2089</dst>
      <dst id="10">720.1067</dst>
      <dst id="22">66.6667</dst>
      <dst id="7">172.6133</dst>
      <dst id="2">743.5378</dst>
      <dst id="14">3623.8400</dst>
      <dst id="20">10.5956</dst>
      <dst id="9">8320.2933</dst>
      <dst id="17">3893.2889</dst>
      <dst id="21">703.2000</dst>
    </src>
    <src id="11">
      <dst id="12">59937.8133</dst>
      <dst id="13">1754.5600</dst>
      <dst id="19">62.0356</dst>
      <dst id="23">72.4622</dst>
      <dst id="8">1653.6000</dst>
      <dst id="18">252.9067</dst>
      <dst id="4">3732.6222</dst>
      <dst id="1">2766.8978</dst>
      <dst id="5">6520.3289</dst>
      <dst id="3">25.1022</dst>
      <dst id="10">8129.5733</dst>
      <dst id="22">2613.3956</dst>
      <dst id="7">184.6933</dst>
      <dst id="2">114112.1689</dst>
      <dst id="6">1.7600</dst>
      <dst id="16">241.4844</dst>
      <dst id="14">376.8800</dst>
      <dst id="20">129.7333</dst>
      <dst id="11">1985.9022</dst>
      <dst id="9">253.4222</dst>
      <dst id="17">536728.1333</dst>
      <dst id="21">453.4222</dst>
      <dst id="15">53.1289</dst>
    </src>
    <src id="9">
      <dst id="12">33601.0489</dst>
      <dst id="13">13350.3822</dst>
      <dst id="19">78.3556</dst>
      <dst id="23">17.8489</dst>
      <dst id="8">118731.3778</dst>
      <dst id="18">146.5778</dst>
      <dst id="4">640.9333</dst>
      <dst id="1">10403.5111</dst>
      <dst id="5">839.2533</dst>
      <dst id="3">29.0844</dst>
      <dst id="10">219.5378</dst>
      <dst id="22">2331.2444</dst>
      <dst id="7">610.9156</dst>
      <dst id="2">826.9333</dst>
      <dst id="6">0.3289</dst>
      <dst id="16">247.9289</dst>
      <dst id="14">0.4444</dst>
      <dst id="20">7358.7822</dst>
      <dst id="11">13.3333</dst>
      <dst id="9">305444.3644</dst>
      <dst id="17">282619.0933</dst>
      <dst id="21">176.5333</dst>
      <dst id="15">135.4756</dst>
    </src>
    <src id="17">
      <dst id="12">145837.4667</dst>
      <dst id="13">3636.6400</dst>
      <dst id="19">5036.5244</dst>
      <dst id="23">32.6044</dst>
      <dst id="8">1166.6667</dst>
      <dst id="18">10317.4400</dst>
      <dst id="4">128416.3733</dst>
      <dst id="1">3321.5733</dst>
      <dst id="5">218635.0844</dst>
      <dst id="3">4219.7778</dst>
      <dst id="10">5206.2400</dst>
      <dst id="22">3167.3244</dst>
      <dst id="7">1975.6444</dst>
      <dst id="2">16203.2267</dst>
      <dst id="6">10.1600</dst>
      <dst id="16">4617.0489</dst>
      <dst id="14">21880.7911</dst>
      <dst id="20">1887.2444</dst>
      <dst id="11">13182.0267</dst>
      <dst id="9">2968.9778</dst>
      <dst id="17">23391.3244</dst>
      <dst id="21">3433.4311</dst>
      <dst id="15">2011.2533</dst>
    </src>
    <src id="21">
      <dst id="12">9907.8044</dst>
      <dst id="13">999.0844</dst>
      <dst id="19">536.6400</dst>
      <dst id="23">1.3867</dst>
      <dst id="8">149.0756</dst>
      <dst id="18">3696.5333</dst>
      <dst id="4">6279.4578</dst>
      <dst id="1">1021.3600</dst>
      <dst id="5">244.9333</dst>
      <dst id="3">416.4711</dst>
      <dst id="10">1132.3911</dst>
      <dst id="22">834.0889</dst>
      <dst id="7">2260.3289</dst>
      <dst id="2">7341.7600</dst>
      <dst id="6">23.4667</dst>
      <dst id="16">302.9600</dst>
      <dst id="14">775.6178</dst>
      <dst id="20">594.0533</dst>
      <dst id="11">31.5378</dst>
      <dst id="9">5065.2178</dst>
      <dst id="17">32319.4578</dst>
      <dst id="21">3428.1956</dst>
      <dst id="15">14.9778</dst>
    </src>
    <src id="15">
      <dst id="12">2240.1333</dst>
      <dst id="13">308.1511</dst>
      <dst id="19">0.3378</dst>
      <dst id="23">0.9600</dst>
      <dst id="8">215.0400</dst>
      <dst id="18">0.3556</dst>
      <dst id="4">636.6578</dst>
      <dst id="1">90.9156</dst>
      <dst id="5">92.3556</dst>
      <dst id="10">1253.4933</dst>
      <dst id="7">154.3822</dst>
      <dst id="2">406.4089</dst>
      <dst id="6">0.5689</dst>
      <dst id="16">0.4178</dst>
      <dst id="14">0.4622</dst>
      <dst id="11">17.8044</dst>
      <dst id="9">1409.1022</dst>
      <dst id="17">683.6800</dst>
      <dst id="21">1251.8756</dst>
    </src>
  </IntraTM>
</TrafficMatrixFile>
