<?xml version="1.0" encoding="UTF-8" standalone="yes"?>
<TrafficMatrixFile xmlns:xsi="http://www.w3.org/2001/XMLSchema-instance" xsi:noNamespaceSchemaLocation="http://totem.run.montefiore.ulg.ac.be/Schema/TrafficMatrix-v1_2.xsd">
  <info>
    <title>Intradomain traffic matrix generated by geant-TM-all.pl</title>
    <date>2005-01-18T02:45:00</date>
    <duration>900</duration>
    <author>Steve Uhlig</author>
    <units>
        <unit type="bandwidth" value="kbps"/>
    </units>
  </info>
  <IntraTM ASID="20965">
    <src id="12">
      <dst id="12">316686.4444</dst>
      <dst id="13">28062.9511</dst>
      <dst id="19">4005.3867</dst>
      <dst id="23">1162.1333</dst>
      <dst id="8">2774.4800</dst>
      <dst id="18">90068.8711</dst>
      <dst id="4">61142.4000</dst>
      <dst id="1">8914.4356</dst>
      <dst id="5">10084.8889</dst>
      <dst id="3">1039.0133</dst>
      <dst id="10">2174.2578</dst>
      <dst id="22">20041.5200</dst>
      <dst id="7">4400.4978</dst>
      <dst id="2">53114.6667</dst>
      <dst id="16">7563.2622</dst>
      <dst id="14">1645.2089</dst>
      <dst id="20">17897.9911</dst>
      <dst id="11">5057.5644</dst>
      <dst id="9">6039.4667</dst>
      <dst id="17">62720.0356</dst>
      <dst id="21">6485.0756</dst>
      <dst id="15">1587.2089</dst>
    </src>
    <src id="13">
      <dst id="12">59753.3067</dst>
      <dst id="19">5879.6000</dst>
      <dst id="23">49.1289</dst>
      <dst id="8">1937.6889</dst>
      <dst id="18">3330.1956</dst>
      <dst id="1">31624.1422</dst>
      <dst id="5">12537.4222</dst>
      <dst id="3">7647.7511</dst>
      <dst id="22">22429.9200</dst>
      <dst id="7">27329.1644</dst>
      <dst id="2">85190.2933</dst>
      <dst id="16">29410.3733</dst>
      <dst id="14">1284.2044</dst>
      <dst id="20">5785.2622</dst>
      <dst id="11">20412.3378</dst>
      <dst id="9">9353.0400</dst>
      <dst id="17">73706.6044</dst>
      <dst id="21">32732.6489</dst>
      <dst id="15">893.0489</dst>
    </src>
    <src id="19">
      <dst id="12">21794.3467</dst>
      <dst id="13">436.9422</dst>
      <dst id="8">51.4578</dst>
      <dst id="18">25.2978</dst>
      <dst id="4">18902.4533</dst>
      <dst id="1">701.7422</dst>
      <dst id="5">30.6489</dst>
      <dst id="3">13.0489</dst>
      <dst id="10">229.5111</dst>
      <dst id="22">966.7200</dst>
      <dst id="7">5072.5956</dst>
      <dst id="2">410.9156</dst>
      <dst id="16">15395.4311</dst>
      <dst id="14">15.4311</dst>
      <dst id="20">28.0178</dst>
      <dst id="11">100.7022</dst>
      <dst id="9">3568.8356</dst>
      <dst id="17">148.1778</dst>
      <dst id="21">463.6622</dst>
      <dst id="15">171.1022</dst>
    </src>
    <src id="23">
      <dst id="12">2091.6267</dst>
      <dst id="13">144.4267</dst>
      <dst id="19">14.2489</dst>
      <dst id="8">2.2400</dst>
      <dst id="18">425.9556</dst>
      <dst id="1">0.4622</dst>
      <dst id="5">13.8489</dst>
      <dst id="3">348.5956</dst>
      <dst id="22">2863.5911</dst>
      <dst id="7">44.2756</dst>
      <dst id="2">137.8756</dst>
      <dst id="16">188.0978</dst>
      <dst id="14">4.3822</dst>
      <dst id="11">219.8311</dst>
      <dst id="9">107.8222</dst>
      <dst id="17">599.0044</dst>
      <dst id="21">17.6978</dst>
      <dst id="15">7.3600</dst>
    </src>
    <src id="8">
      <dst id="12">31619.6267</dst>
      <dst id="13">1127.8222</dst>
      <dst id="19">1.1289</dst>
      <dst id="23">1.1822</dst>
      <dst id="18">157.1911</dst>
      <dst id="4">5319.8756</dst>
      <dst id="1">5152.3911</dst>
      <dst id="5">2906.5333</dst>
      <dst id="10">58.5600</dst>
      <dst id="22">3056.9600</dst>
      <dst id="7">220.2222</dst>
      <dst id="2">1598.5244</dst>
      <dst id="16">823.1467</dst>
      <dst id="14">188.6222</dst>
      <dst id="20">96.0356</dst>
      <dst id="11">241.5378</dst>
      <dst id="9">166529.9289</dst>
      <dst id="17">385485.9911</dst>
      <dst id="21">47.4933</dst>
      <dst id="15">19.7689</dst>
    </src>
    <src id="18">
      <dst id="12">163562.5244</dst>
      <dst id="13">2282.7822</dst>
      <dst id="19">74.4533</dst>
      <dst id="23">8.8889</dst>
      <dst id="8">60.1067</dst>
      <dst id="4">1279.4489</dst>
      <dst id="1">850.5867</dst>
      <dst id="5">188.4889</dst>
      <dst id="3">253.5467</dst>
      <dst id="10">410.3822</dst>
      <dst id="22">82.0000</dst>
      <dst id="7">25.8578</dst>
      <dst id="2">56624.3822</dst>
      <dst id="16">92.9867</dst>
      <dst id="14">26.4178</dst>
      <dst id="20">1.6178</dst>
      <dst id="11">243.2356</dst>
      <dst id="9">185.1200</dst>
      <dst id="17">23838.2489</dst>
      <dst id="21">259.3156</dst>
      <dst id="15">4.6933</dst>
    </src>
    <src id="4">
      <dst id="12">10759.6444</dst>
      <dst id="19">3261.8400</dst>
      <dst id="8">1202.4533</dst>
      <dst id="18">4751.6622</dst>
      <dst id="4">137.7600</dst>
      <dst id="1">13772.9333</dst>
      <dst id="5">628.0444</dst>
      <dst id="3">98.3911</dst>
      <dst id="22">3535.5556</dst>
      <dst id="7">28381.2178</dst>
      <dst id="2">29480.4711</dst>
      <dst id="16">1038.3200</dst>
      <dst id="14">2070.9778</dst>
      <dst id="20">5911.0844</dst>
      <dst id="11">522.8622</dst>
      <dst id="9">1839.7511</dst>
      <dst id="17">10578.1689</dst>
      <dst id="21">7280.7289</dst>
      <dst id="15">785.8578</dst>
    </src>
    <src id="1">
      <dst id="12">15291.3689</dst>
      <dst id="13">2359.6800</dst>
      <dst id="19">18.5689</dst>
      <dst id="23">16.4978</dst>
      <dst id="8">42.1689</dst>
      <dst id="18">12022.6489</dst>
      <dst id="4">13197.8044</dst>
      <dst id="1">28838.5511</dst>
      <dst id="5">375.8489</dst>
      <dst id="3">510.1600</dst>
      <dst id="10">381.7778</dst>
      <dst id="22">4891.6533</dst>
      <dst id="7">9480.8533</dst>
      <dst id="2">21701.7244</dst>
      <dst id="16">23667.0489</dst>
      <dst id="14">72.0000</dst>
      <dst id="20">311.0489</dst>
      <dst id="11">1572.1511</dst>
      <dst id="9">1111.2533</dst>
      <dst id="17">7131.2267</dst>
      <dst id="21">6260.7556</dst>
      <dst id="15">131.5378</dst>
    </src>
    <src id="5">
      <dst id="12">24426.8089</dst>
      <dst id="13">4034.1244</dst>
      <dst id="19">90.6489</dst>
      <dst id="23">0.4622</dst>
      <dst id="8">3101.8844</dst>
      <dst id="18">634.6489</dst>
      <dst id="4">4446.5511</dst>
      <dst id="1">3375.8667</dst>
      <dst id="3">12.0178</dst>
      <dst id="10">136.4267</dst>
      <dst id="22">5701.3689</dst>
      <dst id="7">353.0044</dst>
      <dst id="2">1088.0444</dst>
      <dst id="16">685.2089</dst>
      <dst id="14">37.8667</dst>
      <dst id="20">3521.3867</dst>
      <dst id="11">4543.4400</dst>
      <dst id="9">143870.4267</dst>
      <dst id="17">373181.4667</dst>
      <dst id="21">86.5156</dst>
      <dst id="15">315.5111</dst>
    </src>
    <src id="3">
      <dst id="12">10434.3289</dst>
      <dst id="13">3704.6667</dst>
      <dst id="19">2448.8622</dst>
      <dst id="23">7306.4089</dst>
      <dst id="8">964.5867</dst>
      <dst id="18">2918.1422</dst>
      <dst id="4">36167.3689</dst>
      <dst id="1">19242.0089</dst>
      <dst id="5">216.3644</dst>
      <dst id="3">0.9600</dst>
      <dst id="10">1204.8089</dst>
      <dst id="22">9048.5867</dst>
      <dst id="7">60703.0044</dst>
      <dst id="2">3945.5022</dst>
      <dst id="16">1952.2756</dst>
      <dst id="14">100.3022</dst>
      <dst id="20">47.7422</dst>
      <dst id="11">545.5733</dst>
      <dst id="9">321.2178</dst>
      <dst id="17">14995.5644</dst>
      <dst id="21">11177.0311</dst>
      <dst id="15">27.7333</dst>
    </src>
    <src id="10">
      <dst id="12">23332.8978</dst>
      <dst id="19">1831.1911</dst>
      <dst id="8">114848.8533</dst>
      <dst id="18">1608.6667</dst>
      <dst id="1">1649.9644</dst>
      <dst id="5">195658.1511</dst>
      <dst id="3">27317.9556</dst>
      <dst id="22">2844.8178</dst>
      <dst id="7">8940.3289</dst>
      <dst id="2">9447.6978</dst>
      <dst id="16">1923.8222</dst>
      <dst id="14">29209.2356</dst>
      <dst id="20">6577.4844</dst>
      <dst id="11">153598.0889</dst>
      <dst id="9">232146.2933</dst>
      <dst id="17">26262.1778</dst>
      <dst id="21">21017.9022</dst>
      <dst id="15">231.6800</dst>
    </src>
    <src id="22">
      <dst id="12">12731.8756</dst>
      <dst id="13">10062.3467</dst>
      <dst id="19">38.6044</dst>
      <dst id="23">101.5289</dst>
      <dst id="8">528.4267</dst>
      <dst id="18">813.6889</dst>
      <dst id="4">10984.8711</dst>
      <dst id="1">452.1333</dst>
      <dst id="5">6890.5689</dst>
      <dst id="3">430.9689</dst>
      <dst id="10">1265.7778</dst>
      <dst id="7">2749.8400</dst>
      <dst id="2">3079.2000</dst>
      <dst id="14">2.6489</dst>
      <dst id="11">987.6267</dst>
      <dst id="9">2744.3911</dst>
      <dst id="17">9630.5689</dst>
      <dst id="21">5270.1867</dst>
    </src>
    <src id="7">
      <dst id="12">5290.7200</dst>
      <dst id="13">494.7822</dst>
      <dst id="19">966.7378</dst>
      <dst id="23">15.3778</dst>
      <dst id="8">143.6356</dst>
      <dst id="18">1547.8578</dst>
      <dst id="4">21806.8178</dst>
      <dst id="1">12441.7956</dst>
      <dst id="5">1574.2400</dst>
      <dst id="3">1154.9778</dst>
      <dst id="10">762.4711</dst>
      <dst id="22">2905.6089</dst>
      <dst id="7">657.2622</dst>
      <dst id="2">7281.0222</dst>
      <dst id="16">1659.9200</dst>
      <dst id="14">488.7911</dst>
      <dst id="20">1483.8311</dst>
      <dst id="11">653.2089</dst>
      <dst id="9">3213.8133</dst>
      <dst id="17">13000.5156</dst>
      <dst id="21">5899.9556</dst>
      <dst id="15">233.6711</dst>
    </src>
    <src id="2">
      <dst id="12">105415.5022</dst>
      <dst id="13">7701.7333</dst>
      <dst id="19">1154.4889</dst>
      <dst id="8">1982.8622</dst>
      <dst id="18">86686.5333</dst>
      <dst id="4">66977.4400</dst>
      <dst id="1">29948.7822</dst>
      <dst id="5">1657.6889</dst>
      <dst id="3">99.2533</dst>
      <dst id="10">6617.0578</dst>
      <dst id="22">1925.3956</dst>
      <dst id="7">9475.8933</dst>
      <dst id="2">529.3511</dst>
      <dst id="16">1314.9511</dst>
      <dst id="14">163.6622</dst>
      <dst id="20">361.9733</dst>
      <dst id="11">1490.2133</dst>
      <dst id="9">848.5422</dst>
      <dst id="17">36410.6489</dst>
      <dst id="21">9586.9333</dst>
      <dst id="15">939.8133</dst>
    </src>
    <src id="6">
      <dst id="12">132.3556</dst>
      <dst id="13">0.9422</dst>
      <dst id="19">1.0933</dst>
      <dst id="18">1.3511</dst>
      <dst id="4">51.5644</dst>
      <dst id="1">23.3333</dst>
      <dst id="5">33.9467</dst>
      <dst id="10">1.3600</dst>
      <dst id="22">18.8444</dst>
      <dst id="7">1.4222</dst>
      <dst id="2">1865.4400</dst>
      <dst id="16">113.8133</dst>
      <dst id="20">1.0667</dst>
      <dst id="11">1.1733</dst>
      <dst id="9">5.8578</dst>
      <dst id="17">4959.6000</dst>
      <dst id="21">40.2578</dst>
    </src>
    <src id="16">
      <dst id="12">3276.2400</dst>
      <dst id="13">435.6444</dst>
      <dst id="19">4260.4444</dst>
      <dst id="23">4.6578</dst>
      <dst id="8">4336.8622</dst>
      <dst id="18">80.8000</dst>
      <dst id="4">3295.8133</dst>
      <dst id="1">22802.0000</dst>
      <dst id="5">3388.1689</dst>
      <dst id="3">19.5556</dst>
      <dst id="10">376.0089</dst>
      <dst id="7">1731.6978</dst>
      <dst id="2">648.5956</dst>
      <dst id="16">51.7333</dst>
      <dst id="14">133.7067</dst>
      <dst id="11">476.6222</dst>
      <dst id="9">6016.3289</dst>
      <dst id="17">7095.4222</dst>
      <dst id="21">2688.6844</dst>
    </src>
    <src id="14">
      <dst id="12">3146.1156</dst>
      <dst id="13">65.6889</dst>
      <dst id="19">33.5911</dst>
      <dst id="23">2.8267</dst>
      <dst id="8">1.3867</dst>
      <dst id="18">0.8178</dst>
      <dst id="4">2038.3556</dst>
      <dst id="1">679.8489</dst>
      <dst id="5">13.8844</dst>
      <dst id="3">57.8133</dst>
      <dst id="10">53.2444</dst>
      <dst id="22">51.6089</dst>
      <dst id="7">35.9644</dst>
      <dst id="2">3866.6044</dst>
      <dst id="16">9.6356</dst>
      <dst id="20">19.5556</dst>
      <dst id="11">28.5867</dst>
      <dst id="9">72.0711</dst>
      <dst id="17">22997.3600</dst>
      <dst id="21">53.2444</dst>
      <dst id="15">0.8178</dst>
    </src>
    <src id="20">
      <dst id="12">3732.6578</dst>
      <dst id="13">539.5911</dst>
      <dst id="19">78.2222</dst>
      <dst id="23">0.9867</dst>
      <dst id="8">5440.3911</dst>
      <dst id="18">1.7333</dst>
      <dst id="4">10399.4222</dst>
      <dst id="1">4431.6978</dst>
      <dst id="5">1174.3022</dst>
      <dst id="3">120.8000</dst>
      <dst id="10">206.7644</dst>
      <dst id="7">59.9467</dst>
      <dst id="2">2195.6533</dst>
      <dst id="14">1544.1600</dst>
      <dst id="11">6793.3333</dst>
      <dst id="9">5569.7689</dst>
      <dst id="17">3145.8578</dst>
      <dst id="21">1201.8044</dst>
    </src>
    <src id="11">
      <dst id="12">123615.6889</dst>
      <dst id="13">1029.3244</dst>
      <dst id="19">1906.1600</dst>
      <dst id="23">171.3422</dst>
      <dst id="8">2017.0133</dst>
      <dst id="18">1465.6444</dst>
      <dst id="4">4222.4711</dst>
      <dst id="1">481.0933</dst>
      <dst id="5">2589.6711</dst>
      <dst id="3">290.1067</dst>
      <dst id="10">1234.8089</dst>
      <dst id="22">2280.2578</dst>
      <dst id="7">208.0356</dst>
      <dst id="2">135237.3333</dst>
      <dst id="16">302.4000</dst>
      <dst id="14">50.4089</dst>
      <dst id="20">1600.4711</dst>
      <dst id="11">1398.7556</dst>
      <dst id="9">1493.9111</dst>
      <dst id="17">650239.6978</dst>
      <dst id="21">1250.4444</dst>
      <dst id="15">106.1067</dst>
    </src>
    <src id="9">
      <dst id="12">47199.8578</dst>
      <dst id="13">2106.7467</dst>
      <dst id="19">1161.9733</dst>
      <dst id="23">51.5378</dst>
      <dst id="8">133960.6311</dst>
      <dst id="18">106.3733</dst>
      <dst id="4">5444.6756</dst>
      <dst id="1">9251.2000</dst>
      <dst id="5">1761.4667</dst>
      <dst id="3">90.8178</dst>
      <dst id="10">393.2978</dst>
      <dst id="22">8053.4756</dst>
      <dst id="7">10106.7733</dst>
      <dst id="2">1767.8667</dst>
      <dst id="16">911.2800</dst>
      <dst id="14">1281.4667</dst>
      <dst id="20">9030.4178</dst>
      <dst id="11">621.8222</dst>
      <dst id="9">400399.3511</dst>
      <dst id="17">600186.4178</dst>
      <dst id="21">201.8133</dst>
      <dst id="15">582.9156</dst>
    </src>
    <src id="17">
      <dst id="12">10358.0267</dst>
      <dst id="13">10876.6311</dst>
      <dst id="19">322.2844</dst>
      <dst id="23">91.1200</dst>
      <dst id="8">1014.2578</dst>
      <dst id="18">1192.1156</dst>
      <dst id="4">25854.0889</dst>
      <dst id="1">5580.7022</dst>
      <dst id="5">201497.4400</dst>
      <dst id="3">5051.6000</dst>
      <dst id="10">1794.4711</dst>
      <dst id="22">8099.8400</dst>
      <dst id="7">31308.7644</dst>
      <dst id="2">12727.0489</dst>
      <dst id="16">4924.6311</dst>
      <dst id="14">25327.7422</dst>
      <dst id="20">1112.6400</dst>
      <dst id="11">134092.1689</dst>
      <dst id="9">18287.4933</dst>
      <dst id="17">1188.9867</dst>
      <dst id="21">10496.1244</dst>
      <dst id="15">115.1733</dst>
    </src>
    <src id="21">
      <dst id="12">3155.5822</dst>
      <dst id="13">2342.9422</dst>
      <dst id="19">624.4889</dst>
      <dst id="23">4.8444</dst>
      <dst id="8">168.3644</dst>
      <dst id="18">1196.6044</dst>
      <dst id="4">79768.2933</dst>
      <dst id="1">4986.8089</dst>
      <dst id="5">478.6133</dst>
      <dst id="3">5119.0756</dst>
      <dst id="10">906.6933</dst>
      <dst id="22">4757.9022</dst>
      <dst id="7">12548.9422</dst>
      <dst id="2">12647.0756</dst>
      <dst id="16">328.4533</dst>
      <dst id="14">78.8178</dst>
      <dst id="20">268.7111</dst>
      <dst id="11">394.4711</dst>
      <dst id="9">1119.1467</dst>
      <dst id="17">30458.8000</dst>
      <dst id="21">818.9511</dst>
      <dst id="15">408.6044</dst>
    </src>
    <src id="15">
      <dst id="12">619.9733</dst>
      <dst id="13">243.8667</dst>
      <dst id="19">37.5022</dst>
      <dst id="23">372.3378</dst>
      <dst id="8">42.2756</dst>
      <dst id="18">4.8622</dst>
      <dst id="4">314.3200</dst>
      <dst id="1">118.0978</dst>
      <dst id="5">142.0533</dst>
      <dst id="10">1336.1778</dst>
      <dst id="7">337.6889</dst>
      <dst id="2">382.3022</dst>
      <dst id="16">0.4267</dst>
      <dst id="14">38.2222</dst>
      <dst id="11">138.3556</dst>
      <dst id="9">1314.3022</dst>
      <dst id="17">2265.2356</dst>
      <dst id="21">43.0222</dst>
    </src>
  </IntraTM>
</TrafficMatrixFile>
