<?xml version="1.0" encoding="UTF-8" standalone="yes"?>
<TrafficMatrixFile xmlns:xsi="http://www.w3.org/2001/XMLSchema-instance" xsi:noNamespaceSchemaLocation="http://totem.run.montefiore.ulg.ac.be/Schema/TrafficMatrix-v1_2.xsd">
  <info>
    <title>Intradomain traffic matrix generated by geant-TM-all.pl</title>
    <date>2005-02-08T09:00:00</date>
    <duration>900</duration>
    <author>Steve Uhlig</author>
    <units>
        <unit type="bandwidth" value="kbps"/>
    </units>
  </info>
  <IntraTM ASID="20965">
    <src id="12">
      <dst id="12">299664.8178</dst>
      <dst id="13">39980.3200</dst>
      <dst id="19">1049.4844</dst>
      <dst id="23">24.2578</dst>
      <dst id="8">1056.2400</dst>
      <dst id="18">67294.5244</dst>
      <dst id="4">82942.0267</dst>
      <dst id="1">10664.1156</dst>
      <dst id="5">18782.3111</dst>
      <dst id="3">639.6089</dst>
      <dst id="10">6082.8267</dst>
      <dst id="22">24463.1378</dst>
      <dst id="7">1866.6756</dst>
      <dst id="2">37792.2933</dst>
      <dst id="6">21.0844</dst>
      <dst id="16">9331.4222</dst>
      <dst id="14">408.5600</dst>
      <dst id="20">6616.4889</dst>
      <dst id="11">449.6000</dst>
      <dst id="9">8135.6533</dst>
      <dst id="17">41825.3600</dst>
      <dst id="21">5498.5956</dst>
      <dst id="15">5670.4889</dst>
    </src>
    <src id="13">
      <dst id="12">50928.3822</dst>
      <dst id="19">7284.3556</dst>
      <dst id="23">432.5689</dst>
      <dst id="8">1153.3156</dst>
      <dst id="18">5268.5156</dst>
      <dst id="1">5429.1644</dst>
      <dst id="5">6577.1289</dst>
      <dst id="3">35.9911</dst>
      <dst id="22">15071.5289</dst>
      <dst id="7">20522.3111</dst>
      <dst id="2">50323.3600</dst>
      <dst id="6">28.0622</dst>
      <dst id="16">5097.0756</dst>
      <dst id="14">2578.9333</dst>
      <dst id="20">21633.3956</dst>
      <dst id="11">387.4844</dst>
      <dst id="9">14415.1733</dst>
      <dst id="17">85422.0800</dst>
      <dst id="21">4580.1956</dst>
      <dst id="15">1942.3644</dst>
    </src>
    <src id="19">
      <dst id="12">11161.1733</dst>
      <dst id="13">351.2000</dst>
      <dst id="8">5.1556</dst>
      <dst id="18">1.0311</dst>
      <dst id="4">19089.4222</dst>
      <dst id="1">19.8578</dst>
      <dst id="5">7.0311</dst>
      <dst id="3">2.5333</dst>
      <dst id="10">31.3156</dst>
      <dst id="22">72.4267</dst>
      <dst id="7">1784.3556</dst>
      <dst id="2">28151.9822</dst>
      <dst id="6">2.9422</dst>
      <dst id="16">15650.7378</dst>
      <dst id="14">0.7467</dst>
      <dst id="20">2.3111</dst>
      <dst id="11">12.2133</dst>
      <dst id="9">761.0133</dst>
      <dst id="17">1621.7156</dst>
      <dst id="21">956.4444</dst>
      <dst id="15">2.4356</dst>
    </src>
    <src id="23">
      <dst id="12">221.2533</dst>
      <dst id="13">70.0000</dst>
      <dst id="18">0.8444</dst>
      <dst id="4">1179.2000</dst>
      <dst id="1">31.7244</dst>
      <dst id="5">13.3333</dst>
      <dst id="10">83.7867</dst>
      <dst id="22">14.1511</dst>
      <dst id="7">53.1467</dst>
      <dst id="2">21.4578</dst>
      <dst id="16">9893.3067</dst>
      <dst id="14">12.6222</dst>
      <dst id="11">238.4533</dst>
      <dst id="9">173.8311</dst>
      <dst id="17">1704.6756</dst>
      <dst id="21">14.7556</dst>
      <dst id="15">0.4978</dst>
    </src>
    <src id="8">
      <dst id="12">90564.1778</dst>
      <dst id="13">69.7244</dst>
      <dst id="19">223.3778</dst>
      <dst id="23">1.0489</dst>
      <dst id="18">7.0044</dst>
      <dst id="4">1934.4089</dst>
      <dst id="1">4462.7822</dst>
      <dst id="5">1070.5156</dst>
      <dst id="3">1.4844</dst>
      <dst id="10">40.4622</dst>
      <dst id="22">445.8489</dst>
      <dst id="7">4.2222</dst>
      <dst id="2">1061.1911</dst>
      <dst id="16">345.5200</dst>
      <dst id="14">157.6533</dst>
      <dst id="20">18.3200</dst>
      <dst id="11">14.8444</dst>
      <dst id="9">193876.6756</dst>
      <dst id="17">298655.2800</dst>
      <dst id="21">834.7822</dst>
      <dst id="15">49.4044</dst>
    </src>
    <src id="18">
      <dst id="12">169278.0711</dst>
      <dst id="13">209.9822</dst>
      <dst id="19">0.9956</dst>
      <dst id="23">1.6000</dst>
      <dst id="8">94.8356</dst>
      <dst id="4">418.9778</dst>
      <dst id="1">764.5600</dst>
      <dst id="5">237.0844</dst>
      <dst id="3">796.2489</dst>
      <dst id="10">176.4356</dst>
      <dst id="22">63.6000</dst>
      <dst id="7">52.8978</dst>
      <dst id="2">43621.9556</dst>
      <dst id="6">0.3556</dst>
      <dst id="16">107.5289</dst>
      <dst id="14">0.9956</dst>
      <dst id="20">2.9156</dst>
      <dst id="11">13.6978</dst>
      <dst id="9">92.7200</dst>
      <dst id="17">14653.1733</dst>
      <dst id="21">212.1067</dst>
      <dst id="15">14.0444</dst>
    </src>
    <src id="4">
      <dst id="12">34072.5067</dst>
      <dst id="19">10484.4889</dst>
      <dst id="23">134.0978</dst>
      <dst id="8">539.3422</dst>
      <dst id="18">2623.9644</dst>
      <dst id="4">972.8711</dst>
      <dst id="1">40716.8622</dst>
      <dst id="5">730.9511</dst>
      <dst id="3">424.8800</dst>
      <dst id="22">3670.2400</dst>
      <dst id="7">97522.3733</dst>
      <dst id="2">39152.2933</dst>
      <dst id="6">1.4844</dst>
      <dst id="16">5798.7467</dst>
      <dst id="14">9808.2400</dst>
      <dst id="20">2426.6667</dst>
      <dst id="11">135.6800</dst>
      <dst id="9">6983.5378</dst>
      <dst id="17">92039.9644</dst>
      <dst id="21">5074.7200</dst>
      <dst id="15">396.0800</dst>
    </src>
    <src id="1">
      <dst id="12">29003.0844</dst>
      <dst id="13">171.9822</dst>
      <dst id="19">129.7156</dst>
      <dst id="23">59.4133</dst>
      <dst id="8">49.5111</dst>
      <dst id="18">12503.8844</dst>
      <dst id="4">2252.3911</dst>
      <dst id="1">31438.1689</dst>
      <dst id="5">556.0622</dst>
      <dst id="3">123.4667</dst>
      <dst id="10">2862.5156</dst>
      <dst id="22">85.7511</dst>
      <dst id="7">623.9822</dst>
      <dst id="2">2422.9333</dst>
      <dst id="6">0.4978</dst>
      <dst id="16">23134.7644</dst>
      <dst id="14">198.6044</dst>
      <dst id="20">123.6533</dst>
      <dst id="11">56.3467</dst>
      <dst id="9">589.2000</dst>
      <dst id="17">3842.5867</dst>
      <dst id="21">8993.5022</dst>
      <dst id="15">80.0889</dst>
    </src>
    <src id="5">
      <dst id="12">19281.0400</dst>
      <dst id="13">646.3911</dst>
      <dst id="19">105.6978</dst>
      <dst id="23">0.4622</dst>
      <dst id="8">8518.2133</dst>
      <dst id="18">66.6400</dst>
      <dst id="4">4409.7156</dst>
      <dst id="1">3716.8800</dst>
      <dst id="3">1.5911</dst>
      <dst id="10">147.6533</dst>
      <dst id="22">2521.6978</dst>
      <dst id="7">39.7689</dst>
      <dst id="2">778.6933</dst>
      <dst id="6">0.4267</dst>
      <dst id="16">1812.9600</dst>
      <dst id="14">16.0711</dst>
      <dst id="20">1192.6489</dst>
      <dst id="11">312.3644</dst>
      <dst id="9">60742.6133</dst>
      <dst id="17">352253.7511</dst>
      <dst id="21">657.6622</dst>
      <dst id="15">66.4000</dst>
    </src>
    <src id="3">
      <dst id="12">16597.7333</dst>
      <dst id="13">239769.0222</dst>
      <dst id="19">4749.4044</dst>
      <dst id="23">2.9333</dst>
      <dst id="8">39.8933</dst>
      <dst id="18">3455.7244</dst>
      <dst id="4">35162.6311</dst>
      <dst id="1">3357.4667</dst>
      <dst id="5">164.4444</dst>
      <dst id="3">164.7467</dst>
      <dst id="10">641.8222</dst>
      <dst id="22">1145.5733</dst>
      <dst id="7">2141.2178</dst>
      <dst id="2">2031.7600</dst>
      <dst id="6">49.2622</dst>
      <dst id="16">1971.7689</dst>
      <dst id="14">52.4178</dst>
      <dst id="20">3666.1422</dst>
      <dst id="11">127.2000</dst>
      <dst id="9">66.0711</dst>
      <dst id="17">42764.4267</dst>
      <dst id="21">6099.2000</dst>
      <dst id="15">32.0889</dst>
    </src>
    <src id="10">
      <dst id="12">134821.1200</dst>
      <dst id="8">95570.1867</dst>
      <dst id="5">173774.8800</dst>
      <dst id="3">8311.7156</dst>
      <dst id="6">9695.6711</dst>
      <dst id="14">28351.6533</dst>
      <dst id="11">12234.1778</dst>
      <dst id="9">198943.1111</dst>
      <dst id="17">8081.0933</dst>
      <dst id="21">5280.9867</dst>
    </src>
    <src id="22">
      <dst id="12">10928.5067</dst>
      <dst id="13">6809.9822</dst>
      <dst id="19">1495.8578</dst>
      <dst id="23">4.1067</dst>
      <dst id="8">395.4489</dst>
      <dst id="18">280.8978</dst>
      <dst id="4">10645.7156</dst>
      <dst id="1">49.2533</dst>
      <dst id="5">4446.9422</dst>
      <dst id="3">1.1378</dst>
      <dst id="10">1574.6756</dst>
      <dst id="7">1335.7333</dst>
      <dst id="2">3600.3556</dst>
      <dst id="6">305.4933</dst>
      <dst id="14">107.9200</dst>
      <dst id="11">50.4978</dst>
      <dst id="9">2622.1689</dst>
      <dst id="17">17568.8533</dst>
      <dst id="21">590.8444</dst>
    </src>
    <src id="7">
      <dst id="12">2293.2978</dst>
      <dst id="13">164.2844</dst>
      <dst id="19">396.0533</dst>
      <dst id="23">18.1422</dst>
      <dst id="8">276.4356</dst>
      <dst id="18">1267.8578</dst>
      <dst id="4">33341.5644</dst>
      <dst id="1">17893.3067</dst>
      <dst id="5">988.7733</dst>
      <dst id="3">39.1556</dst>
      <dst id="10">187.2178</dst>
      <dst id="22">2704.1867</dst>
      <dst id="7">843.4489</dst>
      <dst id="2">6151.6711</dst>
      <dst id="6">79.4489</dst>
      <dst id="16">714.0800</dst>
      <dst id="14">81.2267</dst>
      <dst id="20">523.3422</dst>
      <dst id="11">52.0978</dst>
      <dst id="9">4117.9911</dst>
      <dst id="17">16192.4711</dst>
      <dst id="21">1267.2978</dst>
      <dst id="15">37.3511</dst>
    </src>
    <src id="2">
      <dst id="12">69786.5689</dst>
      <dst id="13">85275.3422</dst>
      <dst id="19">260.5244</dst>
      <dst id="8">300.4444</dst>
      <dst id="18">50634.5956</dst>
      <dst id="4">39642.2044</dst>
      <dst id="1">6641.2000</dst>
      <dst id="5">905.9556</dst>
      <dst id="3">22.4533</dst>
      <dst id="10">3700.8178</dst>
      <dst id="22">2590.6311</dst>
      <dst id="7">2570.8622</dst>
      <dst id="2">944.2667</dst>
      <dst id="6">9390.4711</dst>
      <dst id="16">449.2711</dst>
      <dst id="14">904.1511</dst>
      <dst id="20">160.4889</dst>
      <dst id="11">103.6178</dst>
      <dst id="9">1467.5111</dst>
      <dst id="17">24188.1778</dst>
      <dst id="21">488.0089</dst>
      <dst id="15">760.0267</dst>
    </src>
    <src id="6">
      <dst id="12">2327.6089</dst>
      <dst id="13">4.6578</dst>
      <dst id="19">1.6178</dst>
      <dst id="18">1.2000</dst>
      <dst id="4">1.8044</dst>
      <dst id="1">304.2311</dst>
      <dst id="5">0.4622</dst>
      <dst id="10">1.7067</dst>
      <dst id="22">5.8400</dst>
      <dst id="7">11.6889</dst>
      <dst id="2">3542.5689</dst>
      <dst id="16">1.0844</dst>
      <dst id="20">204.8267</dst>
      <dst id="11">0.4178</dst>
      <dst id="9">2.6222</dst>
      <dst id="17">17441.4222</dst>
      <dst id="21">5.5822</dst>
    </src>
    <src id="16">
      <dst id="12">3284.4711</dst>
      <dst id="13">346.4089</dst>
      <dst id="19">4299.0222</dst>
      <dst id="23">107.9111</dst>
      <dst id="8">3126.9333</dst>
      <dst id="18">35.1556</dst>
      <dst id="4">3666.6311</dst>
      <dst id="1">11211.8400</dst>
      <dst id="5">1417.7156</dst>
      <dst id="3">0.4267</dst>
      <dst id="10">188.0711</dst>
      <dst id="22">0.3556</dst>
      <dst id="7">5068.0356</dst>
      <dst id="2">988.2667</dst>
      <dst id="6">4.8889</dst>
      <dst id="16">16.6311</dst>
      <dst id="14">1.3600</dst>
      <dst id="9">4850.5689</dst>
      <dst id="17">5244.3911</dst>
      <dst id="21">6.2222</dst>
    </src>
    <src id="14">
      <dst id="12">2684.8444</dst>
      <dst id="13">55.2356</dst>
      <dst id="19">1.6356</dst>
      <dst id="8">6.1156</dst>
      <dst id="18">0.3556</dst>
      <dst id="4">963.6978</dst>
      <dst id="1">284.6400</dst>
      <dst id="5">0.4267</dst>
      <dst id="3">38.7467</dst>
      <dst id="10">75.2622</dst>
      <dst id="22">0.8889</dst>
      <dst id="7">30.3378</dst>
      <dst id="2">2398.4000</dst>
      <dst id="16">0.4622</dst>
      <dst id="20">0.4622</dst>
      <dst id="11">0.4622</dst>
      <dst id="9">10.3467</dst>
      <dst id="17">26953.3867</dst>
      <dst id="21">188.8978</dst>
    </src>
    <src id="20">
      <dst id="12">11790.8978</dst>
      <dst id="13">8877.0844</dst>
      <dst id="19">16.4089</dst>
      <dst id="23">0.3378</dst>
      <dst id="8">36.7378</dst>
      <dst id="18">61.6444</dst>
      <dst id="4">9006.8889</dst>
      <dst id="1">2299.8400</dst>
      <dst id="5">10065.1200</dst>
      <dst id="3">0.9956</dst>
      <dst id="10">197.4578</dst>
      <dst id="7">1475.8578</dst>
      <dst id="2">3539.1378</dst>
      <dst id="6">5.3067</dst>
      <dst id="14">14.5778</dst>
      <dst id="11">14.3467</dst>
      <dst id="9">9116.7911</dst>
      <dst id="17">6108.6044</dst>
      <dst id="21">73.2089</dst>
    </src>
    <src id="11">
      <dst id="12">142899.5467</dst>
      <dst id="13">4374.3467</dst>
      <dst id="19">505.2978</dst>
      <dst id="23">13.8044</dst>
      <dst id="8">182.6311</dst>
      <dst id="18">764.5956</dst>
      <dst id="4">2642.8178</dst>
      <dst id="1">272.5956</dst>
      <dst id="5">586.9511</dst>
      <dst id="3">136.6844</dst>
      <dst id="10">2515.6089</dst>
      <dst id="22">3392.5956</dst>
      <dst id="7">339.2089</dst>
      <dst id="2">126550.1156</dst>
      <dst id="6">3.2978</dst>
      <dst id="16">109.4400</dst>
      <dst id="14">130.3022</dst>
      <dst id="20">258.5333</dst>
      <dst id="11">25988.9244</dst>
      <dst id="9">1525.3511</dst>
      <dst id="17">820688.7644</dst>
      <dst id="21">834.7644</dst>
      <dst id="15">46.2844</dst>
    </src>
    <src id="9">
      <dst id="12">38311.5022</dst>
      <dst id="13">10567.5200</dst>
      <dst id="19">37.1200</dst>
      <dst id="23">30.9067</dst>
      <dst id="8">130444.8444</dst>
      <dst id="18">453.3689</dst>
      <dst id="4">7336.9600</dst>
      <dst id="1">10978.7911</dst>
      <dst id="5">1061.7244</dst>
      <dst id="3">0.5333</dst>
      <dst id="10">3839.6444</dst>
      <dst id="22">901.1644</dst>
      <dst id="7">298.1511</dst>
      <dst id="2">11071.0311</dst>
      <dst id="16">426.0622</dst>
      <dst id="14">31.8044</dst>
      <dst id="20">6313.8133</dst>
      <dst id="11">26.6578</dst>
      <dst id="9">501782.2489</dst>
      <dst id="17">536630.1156</dst>
      <dst id="21">119.7689</dst>
      <dst id="15">86.6578</dst>
    </src>
    <src id="17">
      <dst id="12">134218.7378</dst>
      <dst id="13">3930.8089</dst>
      <dst id="19">10874.9422</dst>
      <dst id="23">60.5244</dst>
      <dst id="8">155.3422</dst>
      <dst id="18">867.9022</dst>
      <dst id="4">26945.5378</dst>
      <dst id="1">27843.8844</dst>
      <dst id="5">156783.5911</dst>
      <dst id="3">1609.5467</dst>
      <dst id="10">4852.6933</dst>
      <dst id="22">4914.7911</dst>
      <dst id="7">6562.0000</dst>
      <dst id="2">5143.0667</dst>
      <dst id="6">127.0133</dst>
      <dst id="16">1979.7867</dst>
      <dst id="14">14707.3867</dst>
      <dst id="20">2776.7111</dst>
      <dst id="11">16727.5822</dst>
      <dst id="9">1573.6000</dst>
      <dst id="17">16570.4178</dst>
      <dst id="21">7196.1511</dst>
      <dst id="15">63.7867</dst>
    </src>
    <src id="21">
      <dst id="12">8024.2133</dst>
      <dst id="13">3600.5511</dst>
      <dst id="19">174.9333</dst>
      <dst id="23">2.3467</dst>
      <dst id="8">93.6267</dst>
      <dst id="18">2149.2533</dst>
      <dst id="4">18172.6044</dst>
      <dst id="1">1169.4578</dst>
      <dst id="5">571.7867</dst>
      <dst id="3">456.6667</dst>
      <dst id="10">435.7156</dst>
      <dst id="22">1139.4667</dst>
      <dst id="7">1127.0311</dst>
      <dst id="2">7631.0311</dst>
      <dst id="6">1.3333</dst>
      <dst id="16">173.8667</dst>
      <dst id="14">113.3156</dst>
      <dst id="20">3855.2622</dst>
      <dst id="11">36.2933</dst>
      <dst id="9">358.0978</dst>
      <dst id="17">33101.1378</dst>
      <dst id="21">2132.4267</dst>
      <dst id="15">49.9289</dst>
    </src>
    <src id="15">
      <dst id="12">3583.4578</dst>
      <dst id="13">1022.7289</dst>
      <dst id="19">1.1733</dst>
      <dst id="8">87.6978</dst>
      <dst id="18">21.7333</dst>
      <dst id="4">750.2489</dst>
      <dst id="1">42.6489</dst>
      <dst id="5">298.9511</dst>
      <dst id="10">53.0400</dst>
      <dst id="7">33.3511</dst>
      <dst id="2">312.7644</dst>
      <dst id="6">16.0444</dst>
      <dst id="14">2.5778</dst>
      <dst id="11">1.5644</dst>
      <dst id="9">5055.3867</dst>
      <dst id="17">645.7600</dst>
      <dst id="21">67.5200</dst>
    </src>
  </IntraTM>
</TrafficMatrixFile>
