<?xml version="1.0" encoding="UTF-8" standalone="yes"?>
<TrafficMatrixFile xmlns:xsi="http://www.w3.org/2001/XMLSchema-instance" xsi:noNamespaceSchemaLocation="http://totem.run.montefiore.ulg.ac.be/Schema/TrafficMatrix-v1_2.xsd">
  <info>
    <title>Intradomain traffic matrix generated by geant-TM-all.pl</title>
    <date>2005-01-14T08:45:00</date>
    <duration>900</duration>
    <author>Steve Uhlig</author>
    <units>
        <unit type="bandwidth" value="kbps"/>
    </units>
  </info>
  <IntraTM ASID="20965">
    <src id="12">
      <dst id="12">281428.3733</dst>
      <dst id="13">51188.9867</dst>
      <dst id="19">2371.9111</dst>
      <dst id="23">321.8667</dst>
      <dst id="8">6982.2311</dst>
      <dst id="18">1423.6178</dst>
      <dst id="4">104285.1378</dst>
      <dst id="1">9131.8044</dst>
      <dst id="5">1800.4622</dst>
      <dst id="3">5640.2044</dst>
      <dst id="22">16808.0000</dst>
      <dst id="7">3783.5911</dst>
      <dst id="2">65841.5911</dst>
      <dst id="16">2605.7422</dst>
      <dst id="14">5530.0267</dst>
      <dst id="20">11877.3333</dst>
      <dst id="11">973.9911</dst>
      <dst id="9">6303.9822</dst>
      <dst id="17">109101.2356</dst>
      <dst id="21">14158.3556</dst>
      <dst id="15">2202.5689</dst>
    </src>
    <src id="13">
      <dst id="12">62016.5156</dst>
      <dst id="19">13994.2756</dst>
      <dst id="23">79.8133</dst>
      <dst id="8">8306.0444</dst>
      <dst id="18">6169.5467</dst>
      <dst id="1">8899.7067</dst>
      <dst id="5">13742.8178</dst>
      <dst id="3">26759.4756</dst>
      <dst id="22">27976.1156</dst>
      <dst id="7">24276.3911</dst>
      <dst id="2">135154.4622</dst>
      <dst id="16">10117.6622</dst>
      <dst id="14">1642.6400</dst>
      <dst id="20">8590.4000</dst>
      <dst id="11">7489.8844</dst>
      <dst id="9">14518.5067</dst>
      <dst id="17">58224.6311</dst>
      <dst id="21">30456.5600</dst>
      <dst id="15">4994.5956</dst>
    </src>
    <src id="19">
      <dst id="12">19360.4089</dst>
      <dst id="13">12031.6267</dst>
      <dst id="23">0.5244</dst>
      <dst id="8">19.0756</dst>
      <dst id="18">2.1956</dst>
      <dst id="4">51653.4933</dst>
      <dst id="1">614.6044</dst>
      <dst id="5">50.7733</dst>
      <dst id="3">139.7156</dst>
      <dst id="22">3087.1733</dst>
      <dst id="7">3186.2044</dst>
      <dst id="2">4311.2000</dst>
      <dst id="16">2808.3467</dst>
      <dst id="20">9441.2622</dst>
      <dst id="11">317.8489</dst>
      <dst id="9">1717.8133</dst>
      <dst id="17">471.6978</dst>
      <dst id="21">688.8533</dst>
      <dst id="15">1120.7111</dst>
    </src>
    <src id="23">
      <dst id="12">1200.8089</dst>
      <dst id="13">21.3067</dst>
      <dst id="19">0.4711</dst>
      <dst id="8">0.3556</dst>
      <dst id="18">36.9511</dst>
      <dst id="4">371.8489</dst>
      <dst id="1">25.1200</dst>
      <dst id="5">1.6622</dst>
      <dst id="3">51.8222</dst>
      <dst id="22">384.1244</dst>
      <dst id="7">349.9556</dst>
      <dst id="2">19.5911</dst>
      <dst id="16">2701.5822</dst>
      <dst id="20">128.6311</dst>
      <dst id="11">1.4044</dst>
      <dst id="9">1870.0444</dst>
      <dst id="17">171.5022</dst>
      <dst id="21">288.5067</dst>
    </src>
    <src id="8">
      <dst id="12">287471.0222</dst>
      <dst id="13">3232.1333</dst>
      <dst id="19">51.2000</dst>
      <dst id="18">123.3156</dst>
      <dst id="4">4770.8444</dst>
      <dst id="1">851.7156</dst>
      <dst id="5">1745.8133</dst>
      <dst id="3">0.4178</dst>
      <dst id="22">1135.8489</dst>
      <dst id="7">4.5689</dst>
      <dst id="2">217.3511</dst>
      <dst id="16">467.6178</dst>
      <dst id="14">0.3556</dst>
      <dst id="20">83.8489</dst>
      <dst id="11">219.4578</dst>
      <dst id="9">122364.0800</dst>
      <dst id="17">137529.5911</dst>
      <dst id="21">346.8089</dst>
      <dst id="15">282.9333</dst>
    </src>
    <src id="18">
      <dst id="12">119061.4756</dst>
      <dst id="13">796.8267</dst>
      <dst id="19">0.6667</dst>
      <dst id="23">1.2533</dst>
      <dst id="8">228.4089</dst>
      <dst id="4">3068.4889</dst>
      <dst id="1">968.9689</dst>
      <dst id="5">688.1956</dst>
      <dst id="3">442.3911</dst>
      <dst id="22">1890.1956</dst>
      <dst id="7">75.1644</dst>
      <dst id="2">43190.1511</dst>
      <dst id="16">23.0133</dst>
      <dst id="20">142.1956</dst>
      <dst id="11">183.6889</dst>
      <dst id="9">231.7422</dst>
      <dst id="17">61010.8711</dst>
      <dst id="21">504.2311</dst>
      <dst id="15">31.5644</dst>
    </src>
    <src id="4">
      <dst id="12">14308.0000</dst>
      <dst id="19">34843.8933</dst>
      <dst id="8">4943.1467</dst>
      <dst id="18">1373.2267</dst>
      <dst id="4">9.6267</dst>
      <dst id="1">10672.5422</dst>
      <dst id="5">1988.6578</dst>
      <dst id="3">1869.4133</dst>
      <dst id="22">4519.1200</dst>
      <dst id="7">35154.3289</dst>
      <dst id="2">58887.3511</dst>
      <dst id="16">1918.0622</dst>
      <dst id="14">891.4400</dst>
      <dst id="20">381.9378</dst>
      <dst id="11">1392.1956</dst>
      <dst id="9">2018.5956</dst>
      <dst id="17">87007.2178</dst>
      <dst id="21">7516.5600</dst>
      <dst id="15">536.3200</dst>
    </src>
    <src id="1">
      <dst id="12">50045.9556</dst>
      <dst id="13">21772.6044</dst>
      <dst id="19">70.7289</dst>
      <dst id="23">17.7956</dst>
      <dst id="8">101834.9778</dst>
      <dst id="18">11378.0356</dst>
      <dst id="4">23459.1644</dst>
      <dst id="1">73846.1156</dst>
      <dst id="5">177149.2622</dst>
      <dst id="3">2381.5733</dst>
      <dst id="22">5702.6489</dst>
      <dst id="7">39897.9289</dst>
      <dst id="2">76960.2400</dst>
      <dst id="16">14001.2889</dst>
      <dst id="14">69.9022</dst>
      <dst id="20">12824.8711</dst>
      <dst id="11">168.9244</dst>
      <dst id="9">216827.9378</dst>
      <dst id="17">10890.8711</dst>
      <dst id="21">29315.0578</dst>
      <dst id="15">2118.9778</dst>
    </src>
    <src id="5">
      <dst id="12">265472.9156</dst>
      <dst id="13">2251.6800</dst>
      <dst id="19">741.5289</dst>
      <dst id="23">26.0622</dst>
      <dst id="8">1228.9244</dst>
      <dst id="18">201.0578</dst>
      <dst id="4">8575.8933</dst>
      <dst id="1">999.3422</dst>
      <dst id="3">18.7289</dst>
      <dst id="22">4201.0667</dst>
      <dst id="7">128.2400</dst>
      <dst id="2">3311.1289</dst>
      <dst id="16">799.6000</dst>
      <dst id="14">39.9822</dst>
      <dst id="20">2215.0133</dst>
      <dst id="11">413.3956</dst>
      <dst id="9">141636.8889</dst>
      <dst id="17">140279.9822</dst>
      <dst id="21">839.4489</dst>
      <dst id="15">570.6844</dst>
    </src>
    <src id="3">
      <dst id="12">21814.4089</dst>
      <dst id="13">2931.4667</dst>
      <dst id="19">4598.2667</dst>
      <dst id="23">23.6800</dst>
      <dst id="8">11.4844</dst>
      <dst id="18">89765.4756</dst>
      <dst id="4">52770.4356</dst>
      <dst id="1">7350.3378</dst>
      <dst id="5">159.2533</dst>
      <dst id="3">13853.5200</dst>
      <dst id="22">491.2622</dst>
      <dst id="7">2529.8489</dst>
      <dst id="2">19422.2400</dst>
      <dst id="16">1741.4044</dst>
      <dst id="14">24591.0489</dst>
      <dst id="20">630.6400</dst>
      <dst id="11">162962.9333</dst>
      <dst id="9">317.8844</dst>
      <dst id="17">18151.4400</dst>
      <dst id="21">19169.3333</dst>
      <dst id="15">2380.5778</dst>
    </src>
    <src id="10">
      <dst id="12">12963.6889</dst>
      <dst id="19">813.6356</dst>
      <dst id="8">900.1778</dst>
      <dst id="18">4920.2311</dst>
      <dst id="1">233.4489</dst>
      <dst id="5">630.4800</dst>
      <dst id="3">7623.6800</dst>
      <dst id="22">3049.8844</dst>
      <dst id="7">12061.4844</dst>
      <dst id="2">45422.1511</dst>
      <dst id="16">3140.3289</dst>
      <dst id="14">6574.2489</dst>
      <dst id="20">3706.5956</dst>
      <dst id="11">2496.6400</dst>
      <dst id="9">725.4044</dst>
      <dst id="17">15369.7600</dst>
      <dst id="21">4756.1511</dst>
      <dst id="15">112.9422</dst>
    </src>
    <src id="22">
      <dst id="12">7107.8311</dst>
      <dst id="13">6706.8889</dst>
      <dst id="19">468.4533</dst>
      <dst id="23">261.6622</dst>
      <dst id="8">4155.2622</dst>
      <dst id="18">509.9467</dst>
      <dst id="4">19420.7911</dst>
      <dst id="1">263.4311</dst>
      <dst id="5">9645.1289</dst>
      <dst id="3">618.8267</dst>
      <dst id="7">1076.0267</dst>
      <dst id="2">6867.3156</dst>
      <dst id="14">7.0578</dst>
      <dst id="11">2287.9911</dst>
      <dst id="9">3476.5867</dst>
      <dst id="17">8737.7067</dst>
      <dst id="21">1927.3156</dst>
    </src>
    <src id="7">
      <dst id="12">4971.9111</dst>
      <dst id="13">544.7378</dst>
      <dst id="19">1622.2311</dst>
      <dst id="23">76.1600</dst>
      <dst id="8">246.7556</dst>
      <dst id="18">724.5156</dst>
      <dst id="4">24207.8933</dst>
      <dst id="1">22738.8978</dst>
      <dst id="5">1200.7200</dst>
      <dst id="3">456.1867</dst>
      <dst id="22">8261.1644</dst>
      <dst id="7">902.8978</dst>
      <dst id="2">27070.8978</dst>
      <dst id="16">2235.2533</dst>
      <dst id="14">388.8267</dst>
      <dst id="20">705.6444</dst>
      <dst id="11">1058.8533</dst>
      <dst id="9">1186.9422</dst>
      <dst id="17">8055.0667</dst>
      <dst id="21">2902.5244</dst>
      <dst id="15">116.1689</dst>
    </src>
    <src id="2">
      <dst id="12">97895.6444</dst>
      <dst id="13">19416.2489</dst>
      <dst id="19">1930.5156</dst>
      <dst id="23">0.4978</dst>
      <dst id="8">457.8133</dst>
      <dst id="18">88484.7378</dst>
      <dst id="4">108160.2133</dst>
      <dst id="1">15226.8444</dst>
      <dst id="5">2881.4222</dst>
      <dst id="3">25.0933</dst>
      <dst id="22">2512.6044</dst>
      <dst id="7">11381.2622</dst>
      <dst id="2">604.6667</dst>
      <dst id="16">341.3600</dst>
      <dst id="14">8949.9822</dst>
      <dst id="20">13820.6667</dst>
      <dst id="11">4506.4000</dst>
      <dst id="9">3568.3644</dst>
      <dst id="17">19407.3600</dst>
      <dst id="21">55471.9289</dst>
      <dst id="15">5175.5289</dst>
    </src>
    <src id="6">
      <dst id="12">2607.8044</dst>
      <dst id="13">2.4533</dst>
      <dst id="19">2.2044</dst>
      <dst id="18">9.8756</dst>
      <dst id="4">1576.8800</dst>
      <dst id="1">0.8000</dst>
      <dst id="5">1.1378</dst>
      <dst id="22">2.8978</dst>
      <dst id="7">8.8267</dst>
      <dst id="2">1306.8622</dst>
      <dst id="16">15.8756</dst>
      <dst id="14">1.4222</dst>
      <dst id="11">1.1378</dst>
      <dst id="9">26.4356</dst>
      <dst id="17">611.5378</dst>
    </src>
    <src id="16">
      <dst id="12">1572.0889</dst>
      <dst id="13">1638.0356</dst>
      <dst id="19">2466.7556</dst>
      <dst id="23">40.4356</dst>
      <dst id="8">3916.6667</dst>
      <dst id="18">469.7689</dst>
      <dst id="4">4745.8400</dst>
      <dst id="1">12502.0000</dst>
      <dst id="5">1769.8489</dst>
      <dst id="3">15.3956</dst>
      <dst id="22">67.3956</dst>
      <dst id="7">12754.0978</dst>
      <dst id="2">1252.5156</dst>
      <dst id="16">29.7067</dst>
      <dst id="14">976.2133</dst>
      <dst id="11">297.5644</dst>
      <dst id="9">3166.1422</dst>
      <dst id="17">3475.9644</dst>
      <dst id="21">445.2000</dst>
    </src>
    <src id="14">
      <dst id="12">18165.0667</dst>
      <dst id="13">22.5778</dst>
      <dst id="19">3.7333</dst>
      <dst id="18">1.6533</dst>
      <dst id="4">2301.0311</dst>
      <dst id="1">72.8356</dst>
      <dst id="5">2.1689</dst>
      <dst id="3">33.2622</dst>
      <dst id="22">144.6311</dst>
      <dst id="7">37.2978</dst>
      <dst id="2">4049.8489</dst>
      <dst id="16">14.3556</dst>
      <dst id="20">30.4000</dst>
      <dst id="11">58.7556</dst>
      <dst id="9">81.6356</dst>
      <dst id="17">10826.4000</dst>
      <dst id="21">64.9689</dst>
      <dst id="15">0.5156</dst>
    </src>
    <src id="20">
      <dst id="12">2969.3956</dst>
      <dst id="13">1411.8133</dst>
      <dst id="19">193.9111</dst>
      <dst id="23">4.1333</dst>
      <dst id="8">132.1511</dst>
      <dst id="18">220.0978</dst>
      <dst id="4">13535.2711</dst>
      <dst id="1">2192.4356</dst>
      <dst id="5">5298.7289</dst>
      <dst id="3">169.2267</dst>
      <dst id="7">39.0578</dst>
      <dst id="2">1233.6356</dst>
      <dst id="14">2447.2889</dst>
      <dst id="11">565.3956</dst>
      <dst id="9">19779.3244</dst>
      <dst id="17">1609.6533</dst>
      <dst id="21">199.5289</dst>
    </src>
    <src id="11">
      <dst id="12">558883.3511</dst>
      <dst id="13">2230.7644</dst>
      <dst id="19">716.7022</dst>
      <dst id="23">6.6667</dst>
      <dst id="8">1202.1956</dst>
      <dst id="18">525.4756</dst>
      <dst id="4">11162.8533</dst>
      <dst id="1">744.0267</dst>
      <dst id="5">1702.6844</dst>
      <dst id="3">645.2178</dst>
      <dst id="22">2318.9778</dst>
      <dst id="7">720.7911</dst>
      <dst id="2">127187.2444</dst>
      <dst id="16">80.1778</dst>
      <dst id="14">98.2756</dst>
      <dst id="20">3390.9689</dst>
      <dst id="11">2175.0400</dst>
      <dst id="9">1875.3689</dst>
      <dst id="17">237428.2933</dst>
      <dst id="21">888.6044</dst>
      <dst id="15">376.6133</dst>
    </src>
    <src id="9">
      <dst id="12">462419.0578</dst>
      <dst id="13">1756.9067</dst>
      <dst id="19">75.8044</dst>
      <dst id="23">37.7689</dst>
      <dst id="8">144464.0178</dst>
      <dst id="18">130.3911</dst>
      <dst id="4">7536.8000</dst>
      <dst id="1">2314.2311</dst>
      <dst id="5">3093.5556</dst>
      <dst id="3">50.1067</dst>
      <dst id="22">11025.3333</dst>
      <dst id="7">1259.9378</dst>
      <dst id="2">6073.7867</dst>
      <dst id="16">304.4978</dst>
      <dst id="14">71.8222</dst>
      <dst id="20">3003.3333</dst>
      <dst id="11">1895.8933</dst>
      <dst id="9">358652.3822</dst>
      <dst id="17">228950.3467</dst>
      <dst id="21">3174.0000</dst>
      <dst id="15">4095.3778</dst>
    </src>
    <src id="17">
      <dst id="12">7555.2267</dst>
      <dst id="13">2523.7778</dst>
      <dst id="19">1169.1911</dst>
      <dst id="23">109.1556</dst>
      <dst id="8">1134.0356</dst>
      <dst id="18">3876.1689</dst>
      <dst id="4">53944.9689</dst>
      <dst id="1">821.8400</dst>
      <dst id="5">194340.0533</dst>
      <dst id="3">8934.8000</dst>
      <dst id="22">11740.5600</dst>
      <dst id="7">18324.5689</dst>
      <dst id="2">20967.0044</dst>
      <dst id="16">4663.3333</dst>
      <dst id="14">22621.2178</dst>
      <dst id="20">989.7867</dst>
      <dst id="11">168768.0356</dst>
      <dst id="9">4152.6756</dst>
      <dst id="17">1552.6400</dst>
      <dst id="21">8080.2044</dst>
      <dst id="15">101.5733</dst>
    </src>
    <src id="21">
      <dst id="12">33352.0711</dst>
      <dst id="13">556.0000</dst>
      <dst id="19">162.6044</dst>
      <dst id="23">15.1111</dst>
      <dst id="8">298.5422</dst>
      <dst id="18">1992.5422</dst>
      <dst id="4">26310.0978</dst>
      <dst id="1">3686.0178</dst>
      <dst id="5">649.4578</dst>
      <dst id="3">1188.3111</dst>
      <dst id="22">1570.1067</dst>
      <dst id="7">2526.6667</dst>
      <dst id="2">50973.2889</dst>
      <dst id="16">361.5378</dst>
      <dst id="14">82.0711</dst>
      <dst id="20">495.4756</dst>
      <dst id="11">341.7333</dst>
      <dst id="9">2594.4622</dst>
      <dst id="17">10268.8978</dst>
      <dst id="21">1322.5956</dst>
      <dst id="15">7485.9200</dst>
    </src>
    <src id="15">
      <dst id="12">4111.9556</dst>
      <dst id="13">204.4089</dst>
      <dst id="19">750.1511</dst>
      <dst id="8">42.5600</dst>
      <dst id="18">624.6489</dst>
      <dst id="4">6856.1067</dst>
      <dst id="1">397.4844</dst>
      <dst id="5">1844.0444</dst>
      <dst id="7">72.6044</dst>
      <dst id="2">223.3156</dst>
      <dst id="14">0.4267</dst>
      <dst id="11">904.8178</dst>
      <dst id="9">9540.5956</dst>
      <dst id="17">248.1600</dst>
      <dst id="21">4016.9422</dst>
    </src>
  </IntraTM>
</TrafficMatrixFile>
