<?xml version="1.0" encoding="UTF-8" standalone="yes"?>
<TrafficMatrixFile xmlns:xsi="http://www.w3.org/2001/XMLSchema-instance" xsi:noNamespaceSchemaLocation="http://totem.run.montefiore.ulg.ac.be/Schema/TrafficMatrix-v1_2.xsd">
  <info>
    <title>Intradomain traffic matrix generated by geant-TM-all.pl</title>
    <date>2005-04-23T22:30:00</date>
    <duration>900</duration>
    <author>Steve Uhlig</author>
    <units>
        <unit type="bandwidth" value="kbps"/>
    </units>
  </info>
  <IntraTM ASID="20965">
    <src id="12">
      <dst id="12">450232.0622</dst>
      <dst id="13">30169.6444</dst>
      <dst id="19">14296.0178</dst>
      <dst id="23">23141.4489</dst>
      <dst id="8">3111.1467</dst>
      <dst id="18">83283.4222</dst>
      <dst id="4">6147.1822</dst>
      <dst id="1">43855.4667</dst>
      <dst id="5">5656.4356</dst>
      <dst id="3">1823.4578</dst>
      <dst id="10">1784.8178</dst>
      <dst id="22">1624.1867</dst>
      <dst id="7">25801.5556</dst>
      <dst id="2">14292.0978</dst>
      <dst id="16">12276.6400</dst>
      <dst id="14">557.3600</dst>
      <dst id="20">5014.7822</dst>
      <dst id="11">324.1956</dst>
      <dst id="9">40876.8711</dst>
      <dst id="17">64521.9022</dst>
      <dst id="21">1276.1689</dst>
      <dst id="15">8297.2089</dst>
    </src>
    <src id="13">
      <dst id="12">32215.1733</dst>
      <dst id="13">453.7956</dst>
      <dst id="19">4222.6667</dst>
      <dst id="23">237.9467</dst>
      <dst id="8">197.8756</dst>
      <dst id="18">967.3511</dst>
      <dst id="4">1.2089</dst>
      <dst id="1">10217.6622</dst>
      <dst id="5">19797.4222</dst>
      <dst id="3">2183.6889</dst>
      <dst id="10">42.0978</dst>
      <dst id="22">1184.5511</dst>
      <dst id="7">3997.3600</dst>
      <dst id="2">9260.6044</dst>
      <dst id="16">5129.9911</dst>
      <dst id="14">151.9200</dst>
      <dst id="20">17695.8133</dst>
      <dst id="11">186.5600</dst>
      <dst id="9">6370.2311</dst>
      <dst id="17">43583.4311</dst>
      <dst id="21">12193.3778</dst>
      <dst id="15">97.6711</dst>
    </src>
    <src id="19">
      <dst id="12">35420.6133</dst>
      <dst id="13">3222.0800</dst>
      <dst id="23">341.2978</dst>
      <dst id="8">1113.9822</dst>
      <dst id="18">273.8578</dst>
      <dst id="4">881.2622</dst>
      <dst id="1">677.1911</dst>
      <dst id="5">71.6800</dst>
      <dst id="3">26.2222</dst>
      <dst id="10">148.4711</dst>
      <dst id="22">16.4978</dst>
      <dst id="7">2512.8889</dst>
      <dst id="2">2833.2000</dst>
      <dst id="6">3.3778</dst>
      <dst id="16">5196.4889</dst>
      <dst id="14">99.1644</dst>
      <dst id="20">16.6044</dst>
      <dst id="11">12.6222</dst>
      <dst id="9">112.7378</dst>
      <dst id="17">1849.7333</dst>
      <dst id="21">647.1644</dst>
      <dst id="15">7.7867</dst>
    </src>
    <src id="23">
      <dst id="12">7760.6756</dst>
      <dst id="13">984.0356</dst>
      <dst id="19">83.1289</dst>
      <dst id="18">40.0000</dst>
      <dst id="4">122.1156</dst>
      <dst id="1">139.9556</dst>
      <dst id="5">23.0222</dst>
      <dst id="3">21.2000</dst>
      <dst id="10">137.1556</dst>
      <dst id="22">55.4667</dst>
      <dst id="7">608.6844</dst>
      <dst id="2">807.2267</dst>
      <dst id="16">0.5333</dst>
      <dst id="14">0.3911</dst>
      <dst id="20">2.3822</dst>
      <dst id="11">12.9778</dst>
      <dst id="9">122.3467</dst>
      <dst id="17">1340.0089</dst>
      <dst id="21">350.5333</dst>
      <dst id="15">40.3556</dst>
    </src>
    <src id="8">
      <dst id="12">5954.0711</dst>
      <dst id="13">131.4222</dst>
      <dst id="19">35.5289</dst>
      <dst id="18">29.9556</dst>
      <dst id="4">208.8622</dst>
      <dst id="1">2360.9600</dst>
      <dst id="5">2127.3600</dst>
      <dst id="3">588.7911</dst>
      <dst id="10">168.1422</dst>
      <dst id="2">154.2400</dst>
      <dst id="16">252284.0178</dst>
      <dst id="14">0.7111</dst>
      <dst id="11">11.8311</dst>
      <dst id="9">64907.8044</dst>
      <dst id="17">19938.3822</dst>
      <dst id="21">5.8578</dst>
      <dst id="15">47.6622</dst>
    </src>
    <src id="18">
      <dst id="12">128440.2933</dst>
      <dst id="13">446.9333</dst>
      <dst id="19">132.6844</dst>
      <dst id="23">0.3556</dst>
      <dst id="8">81.5022</dst>
      <dst id="4">236.1867</dst>
      <dst id="1">10356.8267</dst>
      <dst id="5">109.1200</dst>
      <dst id="3">6000.9600</dst>
      <dst id="10">124.0444</dst>
      <dst id="22">4.3733</dst>
      <dst id="7">742.6311</dst>
      <dst id="2">4453.2267</dst>
      <dst id="16">432.8089</dst>
      <dst id="20">548.7200</dst>
      <dst id="11">13.6889</dst>
      <dst id="9">8147.1467</dst>
      <dst id="17">3937.0311</dst>
      <dst id="21">1251.7956</dst>
      <dst id="15">3.2000</dst>
    </src>
    <src id="4">
      <dst id="12">32663.6889</dst>
      <dst id="13">48.6400</dst>
      <dst id="19">14948.5511</dst>
      <dst id="23">3739.4489</dst>
      <dst id="8">2011.7956</dst>
      <dst id="18">4075.6711</dst>
      <dst id="4">3787.7422</dst>
      <dst id="1">51167.6267</dst>
      <dst id="5">13457.5200</dst>
      <dst id="3">1804.9067</dst>
      <dst id="7">69.5556</dst>
      <dst id="2">87410.8889</dst>
      <dst id="16">245637.8044</dst>
      <dst id="14">11522.8267</dst>
      <dst id="11">1047.6622</dst>
      <dst id="9">38917.6978</dst>
      <dst id="17">95350.9600</dst>
      <dst id="21">39231.1289</dst>
      <dst id="15">3325.5378</dst>
    </src>
    <src id="1">
      <dst id="12">464578.7378</dst>
      <dst id="13">26942.5600</dst>
      <dst id="19">5041.4311</dst>
      <dst id="23">251.6800</dst>
      <dst id="8">1365.1022</dst>
      <dst id="18">21543.2444</dst>
      <dst id="4">501.5378</dst>
      <dst id="1">53644.0089</dst>
      <dst id="5">7438.1778</dst>
      <dst id="3">677.0933</dst>
      <dst id="10">557.7956</dst>
      <dst id="7">21044.5156</dst>
      <dst id="2">7529.6800</dst>
      <dst id="6">0.6933</dst>
      <dst id="16">869251.7867</dst>
      <dst id="14">6422.2222</dst>
      <dst id="20">1374.5333</dst>
      <dst id="11">2931.7867</dst>
      <dst id="9">13078.7111</dst>
      <dst id="17">37255.7511</dst>
      <dst id="21">317511.8044</dst>
      <dst id="15">211.6711</dst>
    </src>
    <src id="5">
      <dst id="12">32205.6889</dst>
      <dst id="13">5172.6044</dst>
      <dst id="19">44.1778</dst>
      <dst id="8">778.4889</dst>
      <dst id="18">250.9067</dst>
      <dst id="4">1102.5600</dst>
      <dst id="1">44948.7111</dst>
      <dst id="3">661.6444</dst>
      <dst id="10">298.2311</dst>
      <dst id="2">181.3956</dst>
      <dst id="16">398422.5422</dst>
      <dst id="14">14.7378</dst>
      <dst id="11">27.8044</dst>
      <dst id="9">63622.5778</dst>
      <dst id="17">38077.8844</dst>
      <dst id="21">56.2933</dst>
      <dst id="15">4490.9600</dst>
    </src>
    <src id="3">
      <dst id="12">1452.8622</dst>
      <dst id="13">52449.2533</dst>
      <dst id="19">1237.9911</dst>
      <dst id="23">34.1422</dst>
      <dst id="8">331.8133</dst>
      <dst id="18">206.0000</dst>
      <dst id="4">1126.9422</dst>
      <dst id="1">38013.0311</dst>
      <dst id="5">231.1022</dst>
      <dst id="3">348.7111</dst>
      <dst id="10">1493.5467</dst>
      <dst id="7">52480.3556</dst>
      <dst id="2">3890.2133</dst>
      <dst id="16">37548.6044</dst>
      <dst id="14">293.3867</dst>
      <dst id="20">3552.7289</dst>
      <dst id="11">576.3378</dst>
      <dst id="9">2305.0489</dst>
      <dst id="17">62573.5022</dst>
      <dst id="21">1528.4978</dst>
      <dst id="15">18.0889</dst>
    </src>
    <src id="10">
      <dst id="12">7436.2311</dst>
      <dst id="13">43.0578</dst>
      <dst id="19">4531.6622</dst>
      <dst id="23">695.4578</dst>
      <dst id="8">705.5022</dst>
      <dst id="18">3188.9244</dst>
      <dst id="1">7087.0933</dst>
      <dst id="5">741.8844</dst>
      <dst id="3">4866.1244</dst>
      <dst id="7">1.3333</dst>
      <dst id="2">26106.7200</dst>
      <dst id="6">0.4622</dst>
      <dst id="16">64085.5911</dst>
      <dst id="14">4508.7378</dst>
      <dst id="20">3144.1689</dst>
      <dst id="11">441.5022</dst>
      <dst id="9">6531.0667</dst>
      <dst id="17">41018.7644</dst>
      <dst id="21">2222.2933</dst>
      <dst id="15">748.1156</dst>
    </src>
    <src id="22">
      <dst id="12">9106.4444</dst>
      <dst id="13">6580.3022</dst>
      <dst id="19">317.5556</dst>
      <dst id="23">4.6756</dst>
      <dst id="8">331.8844</dst>
      <dst id="18">250.3822</dst>
      <dst id="4">1451.6800</dst>
      <dst id="1">1803.5289</dst>
      <dst id="5">1517.7333</dst>
      <dst id="3">103.9022</dst>
      <dst id="10">855.9644</dst>
      <dst id="7">389.8400</dst>
      <dst id="2">1470.0178</dst>
      <dst id="16">2710.5422</dst>
      <dst id="14">34.4267</dst>
      <dst id="11">833.1289</dst>
      <dst id="9">3484.8178</dst>
      <dst id="17">14134.1067</dst>
      <dst id="21">1221.7511</dst>
    </src>
    <src id="7">
      <dst id="12">20889.7067</dst>
      <dst id="13">71519.0756</dst>
      <dst id="19">6994.3467</dst>
      <dst id="23">401.9733</dst>
      <dst id="8">4.7822</dst>
      <dst id="18">323.6444</dst>
      <dst id="4">930.4800</dst>
      <dst id="1">5457.6711</dst>
      <dst id="5">17.0400</dst>
      <dst id="3">1750.1422</dst>
      <dst id="10">331.0578</dst>
      <dst id="22">39.1467</dst>
      <dst id="7">4913.1289</dst>
      <dst id="2">9769.4133</dst>
      <dst id="16">1120.4444</dst>
      <dst id="14">72.8889</dst>
      <dst id="20">1183.8489</dst>
      <dst id="11">99.8222</dst>
      <dst id="9">1165.8489</dst>
      <dst id="17">40198.4622</dst>
      <dst id="21">3640.9511</dst>
      <dst id="15">322.2756</dst>
    </src>
    <src id="2">
      <dst id="12">154181.4311</dst>
      <dst id="13">29991.6356</dst>
      <dst id="19">1493.0756</dst>
      <dst id="23">8.1867</dst>
      <dst id="8">464.5511</dst>
      <dst id="18">61008.0978</dst>
      <dst id="4">3824.9156</dst>
      <dst id="1">35344.4533</dst>
      <dst id="5">1727.5911</dst>
      <dst id="3">2572.2756</dst>
      <dst id="10">2589.5822</dst>
      <dst id="22">350.8711</dst>
      <dst id="7">11573.0311</dst>
      <dst id="2">4151.0667</dst>
      <dst id="6">68.9156</dst>
      <dst id="16">173.3956</dst>
      <dst id="14">613.4133</dst>
      <dst id="20">648.6489</dst>
      <dst id="11">407.6089</dst>
      <dst id="9">2487.3867</dst>
      <dst id="17">57979.0311</dst>
      <dst id="21">4802.4889</dst>
      <dst id="15">105.9911</dst>
    </src>
    <src id="6">
      <dst id="12">312.9333</dst>
      <dst id="13">365.6533</dst>
      <dst id="19">12.7467</dst>
      <dst id="23">9.4400</dst>
      <dst id="8">34.4000</dst>
      <dst id="4">12.2222</dst>
      <dst id="1">1234.3733</dst>
      <dst id="5">18.2756</dst>
      <dst id="3">20.6844</dst>
      <dst id="10">1.1644</dst>
      <dst id="22">11.8222</dst>
      <dst id="7">290.5689</dst>
      <dst id="2">563.2178</dst>
      <dst id="16">88.7022</dst>
      <dst id="20">35.2978</dst>
      <dst id="11">0.3378</dst>
      <dst id="9">1600.4978</dst>
      <dst id="17">26662.8533</dst>
      <dst id="21">118.7556</dst>
      <dst id="15">58.7556</dst>
    </src>
    <src id="16">
      <dst id="12">235982.6311</dst>
      <dst id="13">971.7600</dst>
      <dst id="19">4190.3911</dst>
      <dst id="23">37.4400</dst>
      <dst id="8">133620.8978</dst>
      <dst id="18">19.6089</dst>
      <dst id="4">311.5111</dst>
      <dst id="1">31418.3200</dst>
      <dst id="5">364432.3289</dst>
      <dst id="3">9524.9867</dst>
      <dst id="10">329.1733</dst>
      <dst id="2">899.5378</dst>
      <dst id="16">35645.6000</dst>
      <dst id="14">70962.1600</dst>
      <dst id="11">32971.8400</dst>
      <dst id="9">333663.7600</dst>
      <dst id="17">10824.8533</dst>
      <dst id="21">2.2311</dst>
    </src>
    <src id="14">
      <dst id="12">504.4000</dst>
      <dst id="13">390.4178</dst>
      <dst id="19">54.1156</dst>
      <dst id="23">0.6400</dst>
      <dst id="8">0.8533</dst>
      <dst id="4">274.3467</dst>
      <dst id="1">1965.3422</dst>
      <dst id="5">0.6578</dst>
      <dst id="3">741.7600</dst>
      <dst id="10">138.8178</dst>
      <dst id="7">214.7822</dst>
      <dst id="2">256.1511</dst>
      <dst id="16">4628.0356</dst>
      <dst id="20">13.0844</dst>
      <dst id="11">30.8267</dst>
      <dst id="9">1989.9200</dst>
      <dst id="17">33382.9867</dst>
      <dst id="21">159.5822</dst>
      <dst id="15">25.6000</dst>
    </src>
    <src id="20">
      <dst id="12">3890.4356</dst>
      <dst id="13">8948.4178</dst>
      <dst id="19">91.0222</dst>
      <dst id="23">27.7422</dst>
      <dst id="8">140.7467</dst>
      <dst id="18">127.9467</dst>
      <dst id="4">1677.2178</dst>
      <dst id="1">1558.4711</dst>
      <dst id="5">393.5644</dst>
      <dst id="3">53.1111</dst>
      <dst id="10">4217.4756</dst>
      <dst id="22">13.9378</dst>
      <dst id="7">251.7511</dst>
      <dst id="2">311.9378</dst>
      <dst id="16">11213.8222</dst>
      <dst id="14">1.6978</dst>
      <dst id="20">61.3689</dst>
      <dst id="9">4139.3689</dst>
      <dst id="17">6473.5022</dst>
      <dst id="21">1204.0000</dst>
    </src>
    <src id="11">
      <dst id="12">28991.9733</dst>
      <dst id="13">4990.7022</dst>
      <dst id="19">327.3511</dst>
      <dst id="23">136.5778</dst>
      <dst id="8">2932.7822</dst>
      <dst id="18">393.2356</dst>
      <dst id="4">1288.9333</dst>
      <dst id="1">56947.5644</dst>
      <dst id="5">1643.2267</dst>
      <dst id="3">722.3644</dst>
      <dst id="10">651.6978</dst>
      <dst id="2">9047.4667</dst>
      <dst id="16">35372.9422</dst>
      <dst id="14">3848.2667</dst>
      <dst id="20">429.7511</dst>
      <dst id="11">2997.1289</dst>
      <dst id="9">67578.1067</dst>
      <dst id="17">682753.9822</dst>
      <dst id="21">943.5022</dst>
      <dst id="15">157.8489</dst>
    </src>
    <src id="9">
      <dst id="12">26761.8578</dst>
      <dst id="13">4961.3156</dst>
      <dst id="19">69.6356</dst>
      <dst id="23">123.2178</dst>
      <dst id="8">167281.3956</dst>
      <dst id="18">238.5689</dst>
      <dst id="4">905.2089</dst>
      <dst id="1">6619.6978</dst>
      <dst id="5">8473.9556</dst>
      <dst id="3">823.0844</dst>
      <dst id="10">486.8356</dst>
      <dst id="2">4460.6844</dst>
      <dst id="16">543019.3156</dst>
      <dst id="14">215.6444</dst>
      <dst id="11">41.1378</dst>
      <dst id="9">387388.4000</dst>
      <dst id="17">52731.0311</dst>
      <dst id="21">491.0400</dst>
      <dst id="15">504.1956</dst>
    </src>
    <src id="17">
      <dst id="12">166507.7867</dst>
      <dst id="13">49151.8844</dst>
      <dst id="19">9129.9822</dst>
      <dst id="23">150.0178</dst>
      <dst id="8">506.7200</dst>
      <dst id="18">2161.2978</dst>
      <dst id="4">8886.0178</dst>
      <dst id="1">38791.3333</dst>
      <dst id="5">248928.4267</dst>
      <dst id="3">9676.8000</dst>
      <dst id="10">4417.8311</dst>
      <dst id="7">11989.2444</dst>
      <dst id="2">20711.9911</dst>
      <dst id="16">64020.6667</dst>
      <dst id="14">26200.1422</dst>
      <dst id="20">1242.0800</dst>
      <dst id="11">28374.5067</dst>
      <dst id="9">22725.2178</dst>
      <dst id="17">24263.9467</dst>
      <dst id="21">15548.6222</dst>
      <dst id="15">906.9244</dst>
    </src>
    <src id="21">
      <dst id="12">5113.0311</dst>
      <dst id="13">5018.3822</dst>
      <dst id="19">867.0578</dst>
      <dst id="23">130.9511</dst>
      <dst id="8">517.0400</dst>
      <dst id="18">4969.4578</dst>
      <dst id="4">1249.6889</dst>
      <dst id="1">25405.8311</dst>
      <dst id="5">698.6311</dst>
      <dst id="3">1294.3644</dst>
      <dst id="10">367.8133</dst>
      <dst id="7">8565.5200</dst>
      <dst id="2">2435.3956</dst>
      <dst id="16">15231.4222</dst>
      <dst id="14">191.0133</dst>
      <dst id="20">543.9556</dst>
      <dst id="11">79.8578</dst>
      <dst id="9">3436.5156</dst>
      <dst id="17">27296.4178</dst>
      <dst id="21">3218.1067</dst>
      <dst id="15">38.9867</dst>
    </src>
    <src id="15">
      <dst id="12">778.3200</dst>
      <dst id="13">725.2533</dst>
      <dst id="19">1.9289</dst>
      <dst id="23">1.5644</dst>
      <dst id="8">14.7556</dst>
      <dst id="18">40.0000</dst>
      <dst id="4">477.3600</dst>
      <dst id="1">90.6578</dst>
      <dst id="5">3210.2044</dst>
      <dst id="10">382.5422</dst>
      <dst id="2">86.4978</dst>
      <dst id="16">527.5822</dst>
      <dst id="14">12.6222</dst>
      <dst id="11">46.5244</dst>
      <dst id="9">11894.0978</dst>
      <dst id="17">1245.0667</dst>
      <dst id="21">40.7822</dst>
    </src>
  </IntraTM>
</TrafficMatrixFile>
