<?xml version="1.0" encoding="UTF-8" standalone="yes"?>
<TrafficMatrixFile xmlns:xsi="http://www.w3.org/2001/XMLSchema-instance" xsi:noNamespaceSchemaLocation="http://totem.run.montefiore.ulg.ac.be/Schema/TrafficMatrix-v1_2.xsd">
  <info>
    <title>Intradomain traffic matrix generated by geant-TM-all.pl</title>
    <date>2005-03-19T23:30:00</date>
    <duration>900</duration>
    <author>Steve Uhlig</author>
    <units>
        <unit type="bandwidth" value="kbps"/>
    </units>
  </info>
  <IntraTM ASID="20965">
    <src id="12">
      <dst id="12">379258.7111</dst>
      <dst id="13">62683.1644</dst>
      <dst id="19">644.6044</dst>
      <dst id="23">16729.3956</dst>
      <dst id="8">543.2978</dst>
      <dst id="18">196181.7244</dst>
      <dst id="4">5063.1289</dst>
      <dst id="1">22466.1511</dst>
      <dst id="5">4011.8311</dst>
      <dst id="3">341.6000</dst>
      <dst id="10">7085.2089</dst>
      <dst id="22">24321.3511</dst>
      <dst id="7">4286.6400</dst>
      <dst id="2">39815.7600</dst>
      <dst id="6">24889.7689</dst>
      <dst id="16">7822.5956</dst>
      <dst id="14">1528.2222</dst>
      <dst id="20">1277.1467</dst>
      <dst id="11">267.3244</dst>
      <dst id="9">12288.8800</dst>
      <dst id="17">62756.9600</dst>
      <dst id="21">5276.9244</dst>
      <dst id="15">2098.8978</dst>
    </src>
    <src id="13">
      <dst id="12">19764.1156</dst>
      <dst id="13">274.3822</dst>
      <dst id="19">3191.1111</dst>
      <dst id="23">169.8844</dst>
      <dst id="8">160.6400</dst>
      <dst id="18">1673.9911</dst>
      <dst id="1">1686.5689</dst>
      <dst id="5">6090.4356</dst>
      <dst id="3">370.1244</dst>
      <dst id="10">1.6000</dst>
      <dst id="22">2297.2267</dst>
      <dst id="7">3569.2089</dst>
      <dst id="2">6730.8711</dst>
      <dst id="6">125.1556</dst>
      <dst id="16">2723.9378</dst>
      <dst id="14">296.5244</dst>
      <dst id="20">8367.6356</dst>
      <dst id="11">211.2444</dst>
      <dst id="9">8888.9156</dst>
      <dst id="17">38395.0044</dst>
      <dst id="21">851.4489</dst>
      <dst id="15">3091.2533</dst>
    </src>
    <src id="19">
      <dst id="12">7147.3244</dst>
      <dst id="13">985.1289</dst>
      <dst id="23">2.0978</dst>
      <dst id="8">1.8844</dst>
      <dst id="18">28.5156</dst>
      <dst id="4">109.4844</dst>
      <dst id="1">378.1600</dst>
      <dst id="5">16.7289</dst>
      <dst id="3">26.3111</dst>
      <dst id="10">313.3156</dst>
      <dst id="22">211.7956</dst>
      <dst id="7">3848.7378</dst>
      <dst id="2">422.4889</dst>
      <dst id="6">36.0444</dst>
      <dst id="16">1586.0800</dst>
      <dst id="14">29.7867</dst>
      <dst id="20">23.1556</dst>
      <dst id="9">18.0978</dst>
      <dst id="17">3002.6667</dst>
      <dst id="21">135.8133</dst>
      <dst id="15">0.8444</dst>
    </src>
    <src id="23">
      <dst id="12">7976.0711</dst>
      <dst id="13">1044.3822</dst>
      <dst id="19">16.1244</dst>
      <dst id="8">12.9778</dst>
      <dst id="18">686.8533</dst>
      <dst id="4">143.7600</dst>
      <dst id="1">66.2400</dst>
      <dst id="5">78.8711</dst>
      <dst id="3">14.2756</dst>
      <dst id="10">68.3911</dst>
      <dst id="22">273.9111</dst>
      <dst id="7">274.6667</dst>
      <dst id="2">310.3911</dst>
      <dst id="6">1.7067</dst>
      <dst id="16">19.3689</dst>
      <dst id="14">18.8978</dst>
      <dst id="20">69.1200</dst>
      <dst id="11">212.6222</dst>
      <dst id="9">86.4800</dst>
      <dst id="17">2456.7289</dst>
      <dst id="21">175.8667</dst>
      <dst id="15">206.1600</dst>
    </src>
    <src id="8">
      <dst id="12">9545.1200</dst>
      <dst id="13">1015.0311</dst>
      <dst id="19">5.6800</dst>
      <dst id="23">13.3333</dst>
      <dst id="18">56.3200</dst>
      <dst id="4">486.3911</dst>
      <dst id="1">3743.9467</dst>
      <dst id="5">7118.2667</dst>
      <dst id="10">264.7733</dst>
      <dst id="2">188.4089</dst>
      <dst id="16">302556.0267</dst>
      <dst id="14">1.9556</dst>
      <dst id="11">16.5600</dst>
      <dst id="9">107059.1022</dst>
      <dst id="17">55310.4889</dst>
      <dst id="21">6.2311</dst>
      <dst id="15">553.5111</dst>
    </src>
    <src id="18">
      <dst id="12">179615.5378</dst>
      <dst id="13">678.0533</dst>
      <dst id="19">13.6889</dst>
      <dst id="23">17.7244</dst>
      <dst id="8">17.3867</dst>
      <dst id="4">122.3733</dst>
      <dst id="1">1189.5289</dst>
      <dst id="5">168.4978</dst>
      <dst id="3">5573.8933</dst>
      <dst id="10">88.1156</dst>
      <dst id="22">254.9333</dst>
      <dst id="7">175.2622</dst>
      <dst id="2">15382.0533</dst>
      <dst id="6">0.4622</dst>
      <dst id="16">769.5911</dst>
      <dst id="14">26.2844</dst>
      <dst id="20">129.4578</dst>
      <dst id="11">1.6711</dst>
      <dst id="9">1092.3822</dst>
      <dst id="17">8512.1600</dst>
      <dst id="21">1472.8533</dst>
      <dst id="15">42.0267</dst>
    </src>
    <src id="4">
      <dst id="12">41901.8222</dst>
      <dst id="13">33.8667</dst>
      <dst id="19">5926.8622</dst>
      <dst id="23">5063.2356</dst>
      <dst id="8">2036.8178</dst>
      <dst id="18">11192.1156</dst>
      <dst id="4">61.1200</dst>
      <dst id="1">67954.6756</dst>
      <dst id="5">7185.2356</dst>
      <dst id="3">372.0356</dst>
      <dst id="7">1426.6578</dst>
      <dst id="2">84945.8222</dst>
      <dst id="6">220.5422</dst>
      <dst id="16">96397.6444</dst>
      <dst id="14">8130.0711</dst>
      <dst id="11">648.1689</dst>
      <dst id="9">41235.9111</dst>
      <dst id="17">158044.2489</dst>
      <dst id="21">14088.5778</dst>
      <dst id="15">1578.5778</dst>
    </src>
    <src id="1">
      <dst id="12">402987.6000</dst>
      <dst id="13">28175.6800</dst>
      <dst id="19">270.5422</dst>
      <dst id="23">64.3556</dst>
      <dst id="8">60.1600</dst>
      <dst id="18">15325.4489</dst>
      <dst id="4">2060.5156</dst>
      <dst id="1">902784.4533</dst>
      <dst id="5">439.0133</dst>
      <dst id="3">1317.6800</dst>
      <dst id="10">738.2044</dst>
      <dst id="7">50309.1289</dst>
      <dst id="2">30513.5378</dst>
      <dst id="6">2.7644</dst>
      <dst id="16">921198.3022</dst>
      <dst id="14">217.5200</dst>
      <dst id="20">580.1244</dst>
      <dst id="11">144.3644</dst>
      <dst id="9">3842.3289</dst>
      <dst id="17">163497.3778</dst>
      <dst id="21">606297.1467</dst>
      <dst id="15">327.8578</dst>
    </src>
    <src id="5">
      <dst id="12">10949.8578</dst>
      <dst id="13">5218.6044</dst>
      <dst id="19">1.9733</dst>
      <dst id="23">1.2800</dst>
      <dst id="8">611.4222</dst>
      <dst id="18">971.8222</dst>
      <dst id="4">193.6533</dst>
      <dst id="1">8187.1289</dst>
      <dst id="10">175.2444</dst>
      <dst id="7">13.3333</dst>
      <dst id="2">1507.3778</dst>
      <dst id="6">113.2800</dst>
      <dst id="16">332589.4311</dst>
      <dst id="14">49.9822</dst>
      <dst id="11">0.3200</dst>
      <dst id="9">58231.0044</dst>
      <dst id="17">47793.0133</dst>
      <dst id="21">52.4089</dst>
      <dst id="15">337.7511</dst>
    </src>
    <src id="3">
      <dst id="12">11986.4622</dst>
      <dst id="13">49310.7289</dst>
      <dst id="19">3759.4667</dst>
      <dst id="23">112.2311</dst>
      <dst id="8">90.9333</dst>
      <dst id="18">398.5956</dst>
      <dst id="4">1678.2578</dst>
      <dst id="1">16168.9511</dst>
      <dst id="5">949.8844</dst>
      <dst id="3">512.0533</dst>
      <dst id="10">499.9022</dst>
      <dst id="7">1802.5689</dst>
      <dst id="2">3695.6000</dst>
      <dst id="6">18.9956</dst>
      <dst id="16">5721.1556</dst>
      <dst id="14">268.2489</dst>
      <dst id="20">1157.9111</dst>
      <dst id="11">285.3778</dst>
      <dst id="9">1376.9600</dst>
      <dst id="17">52538.8978</dst>
      <dst id="21">3362.7111</dst>
      <dst id="15">19.8222</dst>
    </src>
    <src id="10">
      <dst id="12">21125.0844</dst>
      <dst id="13">71.7867</dst>
      <dst id="19">437.0311</dst>
      <dst id="23">5001.6711</dst>
      <dst id="8">487.1467</dst>
      <dst id="18">4715.9378</dst>
      <dst id="1">3107.4578</dst>
      <dst id="5">1048.0000</dst>
      <dst id="3">2389.6889</dst>
      <dst id="7">369.1644</dst>
      <dst id="2">22704.1600</dst>
      <dst id="6">74.9600</dst>
      <dst id="16">55393.2000</dst>
      <dst id="14">2848.2311</dst>
      <dst id="20">1277.5467</dst>
      <dst id="11">203.2444</dst>
      <dst id="9">6683.6089</dst>
      <dst id="17">73647.5911</dst>
      <dst id="21">8370.5156</dst>
      <dst id="15">541.3778</dst>
    </src>
    <src id="22">
      <dst id="12">13851.4400</dst>
      <dst id="13">9016.4178</dst>
      <dst id="19">3770.3467</dst>
      <dst id="23">61.7244</dst>
      <dst id="8">168.9956</dst>
      <dst id="18">574.0444</dst>
      <dst id="4">1669.2444</dst>
      <dst id="1">408.7644</dst>
      <dst id="5">1969.6089</dst>
      <dst id="3">447.2444</dst>
      <dst id="10">964.1956</dst>
      <dst id="7">1983.2178</dst>
      <dst id="2">1608.8356</dst>
      <dst id="6">194.0978</dst>
      <dst id="16">414.5244</dst>
      <dst id="14">197.3156</dst>
      <dst id="11">77.7867</dst>
      <dst id="9">7720.8533</dst>
      <dst id="17">19512.2578</dst>
      <dst id="21">432.1244</dst>
    </src>
    <src id="7">
      <dst id="12">9433.9467</dst>
      <dst id="13">12284.0889</dst>
      <dst id="19">313.2356</dst>
      <dst id="23">477.9822</dst>
      <dst id="8">35.4222</dst>
      <dst id="18">587.3333</dst>
      <dst id="4">1439.4933</dst>
      <dst id="1">13331.6267</dst>
      <dst id="5">33.4756</dst>
      <dst id="3">4660.9956</dst>
      <dst id="10">2570.6044</dst>
      <dst id="22">340.7556</dst>
      <dst id="7">844.5778</dst>
      <dst id="2">10091.3956</dst>
      <dst id="6">188.9067</dst>
      <dst id="16">1232.2222</dst>
      <dst id="14">92.6667</dst>
      <dst id="20">142.0889</dst>
      <dst id="11">105.0578</dst>
      <dst id="9">206.0089</dst>
      <dst id="17">15582.5778</dst>
      <dst id="21">3788.5067</dst>
      <dst id="15">123.4222</dst>
    </src>
    <src id="2">
      <dst id="12">119058.0978</dst>
      <dst id="13">27321.0844</dst>
      <dst id="19">4193.6267</dst>
      <dst id="23">23.0756</dst>
      <dst id="8">466.1956</dst>
      <dst id="18">119757.7689</dst>
      <dst id="4">6964.9956</dst>
      <dst id="1">17371.8311</dst>
      <dst id="5">464.2933</dst>
      <dst id="3">1570.4978</dst>
      <dst id="10">7342.3644</dst>
      <dst id="22">795.7600</dst>
      <dst id="7">7630.2133</dst>
      <dst id="2">4655.5556</dst>
      <dst id="6">23518.8000</dst>
      <dst id="16">1838.2578</dst>
      <dst id="14">4451.9911</dst>
      <dst id="20">16262.9067</dst>
      <dst id="11">241.3067</dst>
      <dst id="9">3498.3378</dst>
      <dst id="17">58385.1378</dst>
      <dst id="21">4659.6889</dst>
      <dst id="15">282.4711</dst>
    </src>
    <src id="6">
      <dst id="12">728.4800</dst>
      <dst id="13">233.5556</dst>
      <dst id="19">0.4267</dst>
      <dst id="23">0.4622</dst>
      <dst id="4">0.4622</dst>
      <dst id="1">476.1867</dst>
      <dst id="5">29.9289</dst>
      <dst id="3">32.9867</dst>
      <dst id="10">1.9911</dst>
      <dst id="22">13.9556</dst>
      <dst id="7">254.7378</dst>
      <dst id="2">3153.5733</dst>
      <dst id="16">105.4133</dst>
      <dst id="14">0.6756</dst>
      <dst id="20">1.6000</dst>
      <dst id="9">50.8444</dst>
      <dst id="17">30158.8711</dst>
      <dst id="21">31.9022</dst>
    </src>
    <src id="16">
      <dst id="12">239705.9822</dst>
      <dst id="13">1636.1867</dst>
      <dst id="19">3257.8489</dst>
      <dst id="23">54.1511</dst>
      <dst id="8">143285.4400</dst>
      <dst id="18">1173.5911</dst>
      <dst id="4">571.4933</dst>
      <dst id="1">11537.4044</dst>
      <dst id="5">280685.1111</dst>
      <dst id="3">9772.6489</dst>
      <dst id="10">952.8622</dst>
      <dst id="7">12.6222</dst>
      <dst id="2">1903.0311</dst>
      <dst id="6">20.3200</dst>
      <dst id="16">27718.4267</dst>
      <dst id="14">102392.9244</dst>
      <dst id="11">36426.7022</dst>
      <dst id="9">357404.9422</dst>
      <dst id="17">14514.5067</dst>
      <dst id="21">1.5289</dst>
    </src>
    <src id="14">
      <dst id="12">2619.4933</dst>
      <dst id="13">5355.9733</dst>
      <dst id="19">7.2178</dst>
      <dst id="23">39.5111</dst>
      <dst id="8">0.9956</dst>
      <dst id="18">1.5289</dst>
      <dst id="4">164.5156</dst>
      <dst id="1">740.5600</dst>
      <dst id="5">1.5289</dst>
      <dst id="3">931.1733</dst>
      <dst id="10">115.5022</dst>
      <dst id="7">371.9822</dst>
      <dst id="2">3091.4311</dst>
      <dst id="6">1.2089</dst>
      <dst id="16">359.3067</dst>
      <dst id="20">5.5911</dst>
      <dst id="11">40.2489</dst>
      <dst id="9">416.2756</dst>
      <dst id="17">32811.5289</dst>
      <dst id="21">839.7333</dst>
      <dst id="15">0.4267</dst>
    </src>
    <src id="20">
      <dst id="12">4946.7911</dst>
      <dst id="13">6140.0711</dst>
      <dst id="19">89.7511</dst>
      <dst id="23">1627.5911</dst>
      <dst id="8">943.9911</dst>
      <dst id="18">292.8533</dst>
      <dst id="4">288.0978</dst>
      <dst id="1">190.4000</dst>
      <dst id="5">3737.1378</dst>
      <dst id="3">2.7378</dst>
      <dst id="10">188.7111</dst>
      <dst id="22">14.4000</dst>
      <dst id="7">148.1511</dst>
      <dst id="2">3204.6044</dst>
      <dst id="6">2.0000</dst>
      <dst id="16">2582.3200</dst>
      <dst id="14">53.8044</dst>
      <dst id="20">31.5378</dst>
      <dst id="11">22.8000</dst>
      <dst id="9">6900.5333</dst>
      <dst id="17">9477.4311</dst>
      <dst id="21">797.4756</dst>
    </src>
    <src id="11">
      <dst id="12">27836.5778</dst>
      <dst id="13">4519.4400</dst>
      <dst id="19">113.0578</dst>
      <dst id="23">114.0356</dst>
      <dst id="8">1960.8711</dst>
      <dst id="18">343.6444</dst>
      <dst id="4">622.3022</dst>
      <dst id="1">4908.4000</dst>
      <dst id="5">1358.6844</dst>
      <dst id="3">3039.4133</dst>
      <dst id="10">1006.0622</dst>
      <dst id="2">70582.1422</dst>
      <dst id="6">70.0444</dst>
      <dst id="16">10397.3156</dst>
      <dst id="14">75.3600</dst>
      <dst id="20">2441.5022</dst>
      <dst id="11">2456.8000</dst>
      <dst id="9">5739.3067</dst>
      <dst id="17">761745.6622</dst>
      <dst id="21">1235.5111</dst>
      <dst id="15">116.1244</dst>
    </src>
    <src id="9">
      <dst id="12">21176.1956</dst>
      <dst id="13">16332.1067</dst>
      <dst id="19">8.1778</dst>
      <dst id="23">361.4844</dst>
      <dst id="8">145199.3067</dst>
      <dst id="18">389.0933</dst>
      <dst id="4">368.4978</dst>
      <dst id="1">4093.1111</dst>
      <dst id="5">1399.9022</dst>
      <dst id="10">199.4044</dst>
      <dst id="7">2.6844</dst>
      <dst id="2">1976.2578</dst>
      <dst id="6">3.4489</dst>
      <dst id="16">524262.8711</dst>
      <dst id="14">152.6400</dst>
      <dst id="11">33.7333</dst>
      <dst id="9">346283.7333</dst>
      <dst id="17">87111.6267</dst>
      <dst id="21">289.2444</dst>
      <dst id="15">6578.0889</dst>
    </src>
    <src id="17">
      <dst id="12">202748.5689</dst>
      <dst id="13">15116.2133</dst>
      <dst id="19">9125.8933</dst>
      <dst id="23">232.3289</dst>
      <dst id="8">948.6489</dst>
      <dst id="18">603.2711</dst>
      <dst id="4">7389.9200</dst>
      <dst id="1">11013.8489</dst>
      <dst id="5">188557.9378</dst>
      <dst id="3">31541.0844</dst>
      <dst id="10">4706.5333</dst>
      <dst id="7">9095.2267</dst>
      <dst id="2">15176.9511</dst>
      <dst id="6">296.1867</dst>
      <dst id="16">21733.2267</dst>
      <dst id="14">33242.7644</dst>
      <dst id="20">4331.4044</dst>
      <dst id="11">20174.5600</dst>
      <dst id="9">6949.9556</dst>
      <dst id="17">35149.8044</dst>
      <dst id="21">14499.9378</dst>
      <dst id="15">296.7111</dst>
    </src>
    <src id="21">
      <dst id="12">8235.5022</dst>
      <dst id="13">3292.1244</dst>
      <dst id="19">550.9867</dst>
      <dst id="23">372.7200</dst>
      <dst id="8">1218.8711</dst>
      <dst id="18">1743.6444</dst>
      <dst id="4">837.3422</dst>
      <dst id="1">13019.6533</dst>
      <dst id="5">831.7600</dst>
      <dst id="3">11249.2889</dst>
      <dst id="10">330.4267</dst>
      <dst id="7">5736.0978</dst>
      <dst id="2">6443.3067</dst>
      <dst id="6">16.0800</dst>
      <dst id="16">2709.9556</dst>
      <dst id="14">200.7822</dst>
      <dst id="20">7176.1689</dst>
      <dst id="11">154.6311</dst>
      <dst id="9">1411.9556</dst>
      <dst id="17">99888.1600</dst>
      <dst id="21">2460.5956</dst>
      <dst id="15">120.8267</dst>
    </src>
    <src id="15">
      <dst id="12">926.4889</dst>
      <dst id="13">718.0089</dst>
      <dst id="23">1.4222</dst>
      <dst id="8">2934.4356</dst>
      <dst id="18">8.3733</dst>
      <dst id="4">319.1467</dst>
      <dst id="1">298.7911</dst>
      <dst id="5">10352.8533</dst>
      <dst id="10">1069.7600</dst>
      <dst id="2">465.7156</dst>
      <dst id="16">197.0400</dst>
      <dst id="14">0.8889</dst>
      <dst id="11">4.9244</dst>
      <dst id="9">5333.1111</dst>
      <dst id="17">5577.5111</dst>
      <dst id="21">0.6222</dst>
    </src>
  </IntraTM>
</TrafficMatrixFile>
