<?xml version="1.0" encoding="UTF-8" standalone="yes"?>
<TrafficMatrixFile xmlns:xsi="http://www.w3.org/2001/XMLSchema-instance" xsi:noNamespaceSchemaLocation="http://totem.run.montefiore.ulg.ac.be/Schema/TrafficMatrix-v1_2.xsd">
  <info>
    <title>Intradomain traffic matrix generated by geant-TM-all.pl</title>
    <date>2005-01-17T17:30:00</date>
    <duration>900</duration>
    <author>Steve Uhlig</author>
    <units>
        <unit type="bandwidth" value="kbps"/>
    </units>
  </info>
  <IntraTM ASID="20965">
    <src id="12">
      <dst id="12">261809.2711</dst>
      <dst id="13">10712.1956</dst>
      <dst id="19">3557.3600</dst>
      <dst id="23">14.9067</dst>
      <dst id="8">10772.8178</dst>
      <dst id="18">52614.5156</dst>
      <dst id="4">40158.6667</dst>
      <dst id="1">8366.4178</dst>
      <dst id="5">2411.9467</dst>
      <dst id="3">771.5378</dst>
      <dst id="10">3396.4533</dst>
      <dst id="22">5107.2711</dst>
      <dst id="7">9925.0756</dst>
      <dst id="2">55931.5111</dst>
      <dst id="16">12291.4133</dst>
      <dst id="14">1885.6356</dst>
      <dst id="20">1975.5289</dst>
      <dst id="11">3404.1422</dst>
      <dst id="9">2323.9644</dst>
      <dst id="17">34072.3733</dst>
      <dst id="21">11386.2933</dst>
      <dst id="15">406.4978</dst>
    </src>
    <src id="13">
      <dst id="12">50811.3689</dst>
      <dst id="19">20343.2089</dst>
      <dst id="23">54.3111</dst>
      <dst id="8">917.0667</dst>
      <dst id="18">1971.7511</dst>
      <dst id="1">22787.8756</dst>
      <dst id="5">2492.7733</dst>
      <dst id="3">7806.6489</dst>
      <dst id="22">11504.1867</dst>
      <dst id="7">31233.6711</dst>
      <dst id="2">40173.7422</dst>
      <dst id="16">22589.5378</dst>
      <dst id="14">1628.2489</dst>
      <dst id="20">25784.9867</dst>
      <dst id="11">2983.0933</dst>
      <dst id="9">24280.8178</dst>
      <dst id="17">45693.1467</dst>
      <dst id="21">10196.5956</dst>
      <dst id="15">13226.0444</dst>
    </src>
    <src id="19">
      <dst id="12">15376.4889</dst>
      <dst id="13">1083.7956</dst>
      <dst id="23">2.1867</dst>
      <dst id="8">16.1422</dst>
      <dst id="18">101.1111</dst>
      <dst id="4">17364.7467</dst>
      <dst id="1">980.2044</dst>
      <dst id="5">26.4622</dst>
      <dst id="3">40.0000</dst>
      <dst id="10">19.3244</dst>
      <dst id="22">1518.8622</dst>
      <dst id="7">4303.7067</dst>
      <dst id="2">1106.5333</dst>
      <dst id="16">16166.9422</dst>
      <dst id="14">9.1378</dst>
      <dst id="20">14.7911</dst>
      <dst id="11">18.5778</dst>
      <dst id="9">3658.7111</dst>
      <dst id="17">91.0844</dst>
      <dst id="21">568.0889</dst>
      <dst id="15">1.4933</dst>
    </src>
    <src id="23">
      <dst id="12">218.3289</dst>
      <dst id="13">450.2400</dst>
      <dst id="19">0.9600</dst>
      <dst id="18">14.0533</dst>
      <dst id="4">16.1244</dst>
      <dst id="1">27.7867</dst>
      <dst id="3">158.8622</dst>
      <dst id="22">385.4489</dst>
      <dst id="7">52.4711</dst>
      <dst id="2">38.5333</dst>
      <dst id="16">155.0222</dst>
      <dst id="14">25.2444</dst>
      <dst id="20">0.5156</dst>
      <dst id="11">13.2444</dst>
      <dst id="9">997.5733</dst>
      <dst id="17">102.3556</dst>
      <dst id="21">96.3200</dst>
    </src>
    <src id="8">
      <dst id="12">23882.9156</dst>
      <dst id="13">3745.5200</dst>
      <dst id="19">53.7689</dst>
      <dst id="18">15.5733</dst>
      <dst id="4">1999.0400</dst>
      <dst id="1">7356.4356</dst>
      <dst id="5">1044.7378</dst>
      <dst id="3">6.8533</dst>
      <dst id="10">390.9778</dst>
      <dst id="22">1072.8089</dst>
      <dst id="7">32.0889</dst>
      <dst id="2">3587.8044</dst>
      <dst id="16">563.6889</dst>
      <dst id="20">2397.7333</dst>
      <dst id="11">119.2178</dst>
      <dst id="9">120294.3378</dst>
      <dst id="17">327770.1867</dst>
      <dst id="21">267.7867</dst>
      <dst id="15">17.7956</dst>
    </src>
    <src id="18">
      <dst id="12">159266.5244</dst>
      <dst id="13">151.3511</dst>
      <dst id="19">15.8756</dst>
      <dst id="23">16.0000</dst>
      <dst id="8">17.8489</dst>
      <dst id="4">1503.5022</dst>
      <dst id="1">526.5867</dst>
      <dst id="5">680.8978</dst>
      <dst id="3">216.0978</dst>
      <dst id="10">77.5378</dst>
      <dst id="22">1017.9200</dst>
      <dst id="7">652.3556</dst>
      <dst id="2">49025.2889</dst>
      <dst id="16">8.6311</dst>
      <dst id="14">0.3556</dst>
      <dst id="11">66.1067</dst>
      <dst id="9">136.6400</dst>
      <dst id="17">20317.2000</dst>
      <dst id="21">272.5867</dst>
      <dst id="15">4.5067</dst>
    </src>
    <src id="4">
      <dst id="12">6413.6178</dst>
      <dst id="19">4741.3333</dst>
      <dst id="8">3312.8356</dst>
      <dst id="18">2292.6044</dst>
      <dst id="4">1.2889</dst>
      <dst id="1">24179.5733</dst>
      <dst id="5">1135.5289</dst>
      <dst id="3">562.9067</dst>
      <dst id="22">3180.0267</dst>
      <dst id="7">50038.5689</dst>
      <dst id="2">21662.7733</dst>
      <dst id="16">753.2089</dst>
      <dst id="14">625.2000</dst>
      <dst id="20">6661.9378</dst>
      <dst id="11">672.0978</dst>
      <dst id="9">1428.5867</dst>
      <dst id="17">9108.4356</dst>
      <dst id="21">4748.6844</dst>
      <dst id="15">282.5511</dst>
    </src>
    <src id="1">
      <dst id="12">19156.2933</dst>
      <dst id="13">22615.3956</dst>
      <dst id="19">464.6133</dst>
      <dst id="23">27.7244</dst>
      <dst id="8">15.4578</dst>
      <dst id="18">14541.1733</dst>
      <dst id="4">26153.7689</dst>
      <dst id="1">58652.8356</dst>
      <dst id="5">189.7422</dst>
      <dst id="3">16781.6978</dst>
      <dst id="10">1507.7778</dst>
      <dst id="22">9120.2311</dst>
      <dst id="7">42419.1822</dst>
      <dst id="2">47814.8356</dst>
      <dst id="16">27265.6978</dst>
      <dst id="14">93.9644</dst>
      <dst id="20">679.7600</dst>
      <dst id="11">3713.2533</dst>
      <dst id="9">530.9156</dst>
      <dst id="17">5372.2667</dst>
      <dst id="21">4524.3911</dst>
      <dst id="15">2124.2489</dst>
    </src>
    <src id="5">
      <dst id="12">16062.0889</dst>
      <dst id="13">4510.3467</dst>
      <dst id="19">176.0800</dst>
      <dst id="23">0.3556</dst>
      <dst id="8">293.0844</dst>
      <dst id="18">174.3467</dst>
      <dst id="4">4990.7556</dst>
      <dst id="1">4291.7600</dst>
      <dst id="3">1.6356</dst>
      <dst id="10">281.7422</dst>
      <dst id="22">2986.8000</dst>
      <dst id="7">264.3911</dst>
      <dst id="2">3474.5867</dst>
      <dst id="16">1107.8578</dst>
      <dst id="14">1.2089</dst>
      <dst id="20">1743.1733</dst>
      <dst id="11">981.1911</dst>
      <dst id="9">105075.6889</dst>
      <dst id="17">294206.8089</dst>
      <dst id="21">76.0533</dst>
      <dst id="15">143.5022</dst>
    </src>
    <src id="3">
      <dst id="12">4825.0756</dst>
      <dst id="13">5653.1022</dst>
      <dst id="19">1111.7778</dst>
      <dst id="23">7838.5867</dst>
      <dst id="8">22.3644</dst>
      <dst id="18">2627.5200</dst>
      <dst id="4">42617.2533</dst>
      <dst id="1">19123.4667</dst>
      <dst id="5">480.8267</dst>
      <dst id="3">0.4622</dst>
      <dst id="10">288.0444</dst>
      <dst id="22">1002.1689</dst>
      <dst id="7">22339.5022</dst>
      <dst id="2">4607.8222</dst>
      <dst id="16">1115.3956</dst>
      <dst id="14">148.7733</dst>
      <dst id="20">593.1556</dst>
      <dst id="11">555.2178</dst>
      <dst id="9">311.4756</dst>
      <dst id="17">11527.8844</dst>
      <dst id="21">25773.9378</dst>
      <dst id="15">3369.3511</dst>
    </src>
    <src id="10">
      <dst id="12">25218.1333</dst>
      <dst id="19">170.0800</dst>
      <dst id="8">93497.7689</dst>
      <dst id="18">215.2978</dst>
      <dst id="1">1177.5289</dst>
      <dst id="5">177836.0978</dst>
      <dst id="3">15663.7778</dst>
      <dst id="22">1985.2089</dst>
      <dst id="7">80270.1067</dst>
      <dst id="2">29069.9733</dst>
      <dst id="16">478.3022</dst>
      <dst id="14">26963.9911</dst>
      <dst id="20">8262.3022</dst>
      <dst id="11">114828.3556</dst>
      <dst id="9">191544.7022</dst>
      <dst id="17">14491.6533</dst>
      <dst id="21">19171.3600</dst>
      <dst id="15">643.4133</dst>
    </src>
    <src id="22">
      <dst id="12">5347.0044</dst>
      <dst id="13">1432.8356</dst>
      <dst id="19">174.5689</dst>
      <dst id="23">5.5111</dst>
      <dst id="8">2745.5289</dst>
      <dst id="18">158.8267</dst>
      <dst id="4">12923.0756</dst>
      <dst id="1">415.9822</dst>
      <dst id="5">1538.0978</dst>
      <dst id="3">238.0978</dst>
      <dst id="10">735.1289</dst>
      <dst id="7">6598.1600</dst>
      <dst id="2">1071.2711</dst>
      <dst id="14">21.9911</dst>
      <dst id="11">1345.8311</dst>
      <dst id="9">3905.8578</dst>
      <dst id="17">3859.8578</dst>
      <dst id="21">4393.6000</dst>
    </src>
    <src id="7">
      <dst id="12">3453.1733</dst>
      <dst id="13">6585.3067</dst>
      <dst id="19">588.9956</dst>
      <dst id="23">142.4356</dst>
      <dst id="8">247.6000</dst>
      <dst id="18">224.7556</dst>
      <dst id="4">20536.6044</dst>
      <dst id="1">14649.5378</dst>
      <dst id="5">1742.9689</dst>
      <dst id="3">1840.5956</dst>
      <dst id="10">1217.4044</dst>
      <dst id="22">5934.1867</dst>
      <dst id="7">599.2533</dst>
      <dst id="2">6956.5422</dst>
      <dst id="16">915.4400</dst>
      <dst id="14">234.6222</dst>
      <dst id="20">308.5244</dst>
      <dst id="11">733.9644</dst>
      <dst id="9">1559.7956</dst>
      <dst id="17">4415.0311</dst>
      <dst id="21">5562.5867</dst>
      <dst id="15">1742.7022</dst>
    </src>
    <src id="2">
      <dst id="12">101379.9111</dst>
      <dst id="13">21136.4711</dst>
      <dst id="19">668.9067</dst>
      <dst id="23">1.6089</dst>
      <dst id="8">3487.7422</dst>
      <dst id="18">54688.7822</dst>
      <dst id="4">57144.2578</dst>
      <dst id="1">17507.1378</dst>
      <dst id="5">901.2000</dst>
      <dst id="3">32.2756</dst>
      <dst id="10">3276.1867</dst>
      <dst id="22">1604.9067</dst>
      <dst id="7">30417.1467</dst>
      <dst id="2">1325.1556</dst>
      <dst id="16">881.8133</dst>
      <dst id="14">204.3289</dst>
      <dst id="20">7233.7689</dst>
      <dst id="11">1528.2756</dst>
      <dst id="9">797.8044</dst>
      <dst id="17">5169.5467</dst>
      <dst id="21">7721.7778</dst>
      <dst id="15">59.9644</dst>
    </src>
    <src id="6">
      <dst id="12">111.5111</dst>
      <dst id="13">0.6933</dst>
      <dst id="19">29.0400</dst>
      <dst id="8">12.1867</dst>
      <dst id="4">70.3378</dst>
      <dst id="1">82.0800</dst>
      <dst id="5">8.3022</dst>
      <dst id="10">0.8800</dst>
      <dst id="22">89.8489</dst>
      <dst id="7">3.2622</dst>
      <dst id="2">1366.3111</dst>
      <dst id="20">4.3289</dst>
      <dst id="11">3.5467</dst>
      <dst id="9">11.8933</dst>
      <dst id="17">2762.1778</dst>
      <dst id="21">0.5156</dst>
      <dst id="15">0.3556</dst>
    </src>
    <src id="16">
      <dst id="12">3660.8800</dst>
      <dst id="13">252.7644</dst>
      <dst id="19">6019.9200</dst>
      <dst id="23">8.6400</dst>
      <dst id="8">2951.6889</dst>
      <dst id="18">73.2533</dst>
      <dst id="4">2838.5600</dst>
      <dst id="1">22483.3333</dst>
      <dst id="5">5735.3689</dst>
      <dst id="3">15.0044</dst>
      <dst id="10">136.9956</dst>
      <dst id="7">1831.8044</dst>
      <dst id="2">107.6978</dst>
      <dst id="16">26.5689</dst>
      <dst id="14">12.6222</dst>
      <dst id="11">79.0578</dst>
      <dst id="9">6559.8044</dst>
      <dst id="17">2229.7244</dst>
      <dst id="21">185.8667</dst>
    </src>
    <src id="14">
      <dst id="12">1601.3600</dst>
      <dst id="13">61.5556</dst>
      <dst id="19">21.6800</dst>
      <dst id="23">1.6178</dst>
      <dst id="8">1.7067</dst>
      <dst id="18">1.0933</dst>
      <dst id="4">1575.8489</dst>
      <dst id="1">443.1022</dst>
      <dst id="3">92.9778</dst>
      <dst id="10">260.0178</dst>
      <dst id="22">52.1333</dst>
      <dst id="7">145.3600</dst>
      <dst id="2">2891.0489</dst>
      <dst id="16">0.4089</dst>
      <dst id="20">1.5733</dst>
      <dst id="11">25.4667</dst>
      <dst id="9">62.8978</dst>
      <dst id="17">20726.8800</dst>
      <dst id="21">44.2222</dst>
      <dst id="15">0.9244</dst>
    </src>
    <src id="20">
      <dst id="12">7669.9378</dst>
      <dst id="13">8782.2756</dst>
      <dst id="19">2.2311</dst>
      <dst id="23">0.9600</dst>
      <dst id="8">1695.2267</dst>
      <dst id="18">14.6311</dst>
      <dst id="4">5148.6844</dst>
      <dst id="1">4424.1778</dst>
      <dst id="5">636.3289</dst>
      <dst id="3">394.6844</dst>
      <dst id="10">4418.1600</dst>
      <dst id="7">1111.9733</dst>
      <dst id="2">282.3733</dst>
      <dst id="14">1.3511</dst>
      <dst id="11">2039.4133</dst>
      <dst id="9">8392.7822</dst>
      <dst id="17">15995.5911</dst>
      <dst id="21">1242.4978</dst>
    </src>
    <src id="11">
      <dst id="12">84620.6311</dst>
      <dst id="13">1366.5689</dst>
      <dst id="19">874.5244</dst>
      <dst id="23">1.7067</dst>
      <dst id="8">45.2978</dst>
      <dst id="18">1292.4000</dst>
      <dst id="4">7122.0978</dst>
      <dst id="1">4782.1422</dst>
      <dst id="5">862.9511</dst>
      <dst id="3">609.0222</dst>
      <dst id="10">991.4667</dst>
      <dst id="22">514.5422</dst>
      <dst id="7">1955.9644</dst>
      <dst id="2">100368.8978</dst>
      <dst id="16">253.6800</dst>
      <dst id="14">74.7022</dst>
      <dst id="20">1568.4089</dst>
      <dst id="11">1085.6089</dst>
      <dst id="9">776.3644</dst>
      <dst id="17">520786.1422</dst>
      <dst id="21">282.7111</dst>
      <dst id="15">4.3644</dst>
    </src>
    <src id="9">
      <dst id="12">32554.8889</dst>
      <dst id="13">1417.0578</dst>
      <dst id="19">1109.7156</dst>
      <dst id="23">25.0667</dst>
      <dst id="8">98088.3467</dst>
      <dst id="18">59.7333</dst>
      <dst id="4">7937.2178</dst>
      <dst id="1">6828.3111</dst>
      <dst id="5">578.6489</dst>
      <dst id="3">415.3778</dst>
      <dst id="10">375.5022</dst>
      <dst id="22">2039.5200</dst>
      <dst id="7">277.0667</dst>
      <dst id="2">1584.1244</dst>
      <dst id="16">643.4311</dst>
      <dst id="14">7.9644</dst>
      <dst id="20">530.5067</dst>
      <dst id="11">278.2044</dst>
      <dst id="9">372078.3378</dst>
      <dst id="17">539892.9333</dst>
      <dst id="21">120.6489</dst>
      <dst id="15">123.2089</dst>
    </src>
    <src id="17">
      <dst id="12">7832.3289</dst>
      <dst id="13">2629.1200</dst>
      <dst id="19">53.7778</dst>
      <dst id="23">28.3022</dst>
      <dst id="8">217.3956</dst>
      <dst id="18">1560.8089</dst>
      <dst id="4">32695.9022</dst>
      <dst id="1">1703.2800</dst>
      <dst id="5">160710.9067</dst>
      <dst id="3">8907.9467</dst>
      <dst id="10">5397.1733</dst>
      <dst id="22">9918.2489</dst>
      <dst id="7">17095.7422</dst>
      <dst id="2">1997.9644</dst>
      <dst id="16">4873.3067</dst>
      <dst id="14">17374.9511</dst>
      <dst id="20">1919.6978</dst>
      <dst id="11">123344.2400</dst>
      <dst id="9">5094.2667</dst>
      <dst id="17">2547.8933</dst>
      <dst id="21">12117.8933</dst>
      <dst id="15">9.8133</dst>
    </src>
    <src id="21">
      <dst id="12">2109.8844</dst>
      <dst id="13">10137.7778</dst>
      <dst id="19">572.5333</dst>
      <dst id="23">19.4489</dst>
      <dst id="8">87.9111</dst>
      <dst id="18">596.0000</dst>
      <dst id="4">18657.3333</dst>
      <dst id="1">1946.9956</dst>
      <dst id="5">214.5956</dst>
      <dst id="3">7738.3911</dst>
      <dst id="10">1467.9911</dst>
      <dst id="22">2884.0622</dst>
      <dst id="7">21738.8533</dst>
      <dst id="2">12318.5511</dst>
      <dst id="16">1078.3733</dst>
      <dst id="14">80.8800</dst>
      <dst id="20">223.9822</dst>
      <dst id="11">821.9822</dst>
      <dst id="9">762.2133</dst>
      <dst id="17">16231.3867</dst>
      <dst id="21">1711.6889</dst>
      <dst id="15">938.4533</dst>
    </src>
    <src id="15">
      <dst id="12">258.5333</dst>
      <dst id="13">2250.6756</dst>
      <dst id="19">3.9467</dst>
      <dst id="8">12.5422</dst>
      <dst id="18">28.7822</dst>
      <dst id="4">943.0933</dst>
      <dst id="1">152.9778</dst>
      <dst id="5">288.4089</dst>
      <dst id="3">173.3333</dst>
      <dst id="10">1508.2578</dst>
      <dst id="7">2863.6800</dst>
      <dst id="2">162.6667</dst>
      <dst id="11">5.6978</dst>
      <dst id="9">220.7467</dst>
      <dst id="17">135.5644</dst>
      <dst id="21">97.3956</dst>
    </src>
  </IntraTM>
</TrafficMatrixFile>
