<?xml version="1.0" encoding="UTF-8" standalone="yes"?>
<TrafficMatrixFile xmlns:xsi="http://www.w3.org/2001/XMLSchema-instance" xsi:noNamespaceSchemaLocation="http://totem.run.montefiore.ulg.ac.be/Schema/TrafficMatrix-v1_2.xsd">
  <info>
    <title>Intradomain traffic matrix generated by geant-TM-all.pl</title>
    <date>2005-02-04T11:15:00</date>
    <duration>900</duration>
    <author>Steve Uhlig</author>
    <units>
        <unit type="bandwidth" value="kbps"/>
    </units>
  </info>
  <IntraTM ASID="20965">
    <src id="12">
      <dst id="12">290355.0667</dst>
      <dst id="13">16088.6311</dst>
      <dst id="19">5341.3333</dst>
      <dst id="23">295.3689</dst>
      <dst id="8">1531.2978</dst>
      <dst id="18">98477.0133</dst>
      <dst id="4">93039.7244</dst>
      <dst id="1">11392.5333</dst>
      <dst id="5">8350.0978</dst>
      <dst id="3">4729.9644</dst>
      <dst id="10">10898.2933</dst>
      <dst id="22">16480.7733</dst>
      <dst id="7">4865.9467</dst>
      <dst id="2">47455.7600</dst>
      <dst id="6">1.6356</dst>
      <dst id="16">14069.2889</dst>
      <dst id="14">134.7644</dst>
      <dst id="20">4793.4133</dst>
      <dst id="11">254.3556</dst>
      <dst id="9">5630.0889</dst>
      <dst id="17">54387.6000</dst>
      <dst id="21">10787.6444</dst>
      <dst id="15">562.6311</dst>
    </src>
    <src id="13">
      <dst id="12">42263.5644</dst>
      <dst id="19">6232.8356</dst>
      <dst id="23">194.4622</dst>
      <dst id="8">3510.7022</dst>
      <dst id="18">3546.2933</dst>
      <dst id="1">4890.2578</dst>
      <dst id="5">12385.0311</dst>
      <dst id="3">4699.3333</dst>
      <dst id="22">41388.9067</dst>
      <dst id="7">10595.4844</dst>
      <dst id="2">53404.5600</dst>
      <dst id="6">194.1244</dst>
      <dst id="16">4931.6000</dst>
      <dst id="14">1429.7689</dst>
      <dst id="20">17794.6933</dst>
      <dst id="11">3383.3778</dst>
      <dst id="9">20140.2756</dst>
      <dst id="17">63573.9822</dst>
      <dst id="21">11998.8622</dst>
      <dst id="15">1243.1644</dst>
    </src>
    <src id="19">
      <dst id="12">16482.5600</dst>
      <dst id="13">1532.3111</dst>
      <dst id="23">11.2000</dst>
      <dst id="8">1.3867</dst>
      <dst id="18">2.9156</dst>
      <dst id="4">21879.0844</dst>
      <dst id="1">82.9422</dst>
      <dst id="5">97.4044</dst>
      <dst id="3">664.1156</dst>
      <dst id="10">166.5600</dst>
      <dst id="22">9.9911</dst>
      <dst id="7">3332.9867</dst>
      <dst id="2">53.3422</dst>
      <dst id="6">13.3333</dst>
      <dst id="16">6843.7333</dst>
      <dst id="14">456.0800</dst>
      <dst id="20">14.3289</dst>
      <dst id="11">0.8178</dst>
      <dst id="9">154.1600</dst>
      <dst id="17">783.1644</dst>
      <dst id="21">358.2222</dst>
      <dst id="15">27.8222</dst>
    </src>
    <src id="23">
      <dst id="12">339.3956</dst>
      <dst id="13">118.2756</dst>
      <dst id="19">1.2178</dst>
      <dst id="8">44.8000</dst>
      <dst id="18">1707.9111</dst>
      <dst id="4">3914.4000</dst>
      <dst id="1">30.0533</dst>
      <dst id="5">0.5333</dst>
      <dst id="3">0.9956</dst>
      <dst id="10">690.9600</dst>
      <dst id="22">1034.7911</dst>
      <dst id="7">42.2044</dst>
      <dst id="2">1.7956</dst>
      <dst id="16">69.2622</dst>
      <dst id="14">12.6222</dst>
      <dst id="20">96.1244</dst>
      <dst id="9">158.0356</dst>
      <dst id="17">1001.9022</dst>
      <dst id="21">40.5600</dst>
    </src>
    <src id="8">
      <dst id="12">39054.5778</dst>
      <dst id="13">234.0444</dst>
      <dst id="19">0.4711</dst>
      <dst id="23">54.1689</dst>
      <dst id="18">59.5733</dst>
      <dst id="4">4569.8667</dst>
      <dst id="1">2738.5244</dst>
      <dst id="5">681.8400</dst>
      <dst id="3">145.7244</dst>
      <dst id="10">70.2933</dst>
      <dst id="22">747.7422</dst>
      <dst id="7">23.1467</dst>
      <dst id="2">1767.0844</dst>
      <dst id="16">314.4533</dst>
      <dst id="20">37.7156</dst>
      <dst id="9">192845.4489</dst>
      <dst id="17">262496.4444</dst>
      <dst id="21">3885.6089</dst>
      <dst id="15">40.7733</dst>
    </src>
    <src id="18">
      <dst id="12">202866.8711</dst>
      <dst id="13">771.1644</dst>
      <dst id="19">2.2933</dst>
      <dst id="23">57.4844</dst>
      <dst id="8">60.0178</dst>
      <dst id="4">2147.9911</dst>
      <dst id="1">623.9022</dst>
      <dst id="5">643.8222</dst>
      <dst id="3">850.1067</dst>
      <dst id="10">271.2889</dst>
      <dst id="22">308.2578</dst>
      <dst id="7">157.9289</dst>
      <dst id="2">66562.2311</dst>
      <dst id="16">109.5289</dst>
      <dst id="14">40.3556</dst>
      <dst id="20">138.4356</dst>
      <dst id="11">16.8089</dst>
      <dst id="9">160.9867</dst>
      <dst id="17">18651.3422</dst>
      <dst id="21">650.5244</dst>
      <dst id="15">13.7956</dst>
    </src>
    <src id="4">
      <dst id="12">6577.0667</dst>
      <dst id="19">4174.8267</dst>
      <dst id="23">64.8711</dst>
      <dst id="8">3619.1644</dst>
      <dst id="18">2030.0622</dst>
      <dst id="4">522.7644</dst>
      <dst id="1">3120.8178</dst>
      <dst id="5">3533.3511</dst>
      <dst id="3">8605.0400</dst>
      <dst id="22">2680.5600</dst>
      <dst id="7">81211.7333</dst>
      <dst id="2">84833.1289</dst>
      <dst id="6">0.8800</dst>
      <dst id="16">1586.4533</dst>
      <dst id="14">2172.0267</dst>
      <dst id="20">1442.0267</dst>
      <dst id="11">59.0489</dst>
      <dst id="9">1506.8356</dst>
      <dst id="17">10056.8356</dst>
      <dst id="21">4207.7956</dst>
      <dst id="15">347.4044</dst>
    </src>
    <src id="1">
      <dst id="12">16639.5911</dst>
      <dst id="13">492.3467</dst>
      <dst id="19">61.7511</dst>
      <dst id="23">5.3867</dst>
      <dst id="8">3484.6578</dst>
      <dst id="18">21103.5644</dst>
      <dst id="4">22954.7467</dst>
      <dst id="1">133.4400</dst>
      <dst id="5">691.5200</dst>
      <dst id="3">9339.6356</dst>
      <dst id="10">1117.4667</dst>
      <dst id="22">12879.3067</dst>
      <dst id="7">2774.9156</dst>
      <dst id="2">29683.9556</dst>
      <dst id="6">1.4756</dst>
      <dst id="16">11459.1200</dst>
      <dst id="14">43.6889</dst>
      <dst id="20">45.6267</dst>
      <dst id="11">378.3022</dst>
      <dst id="9">428.5244</dst>
      <dst id="17">20369.4489</dst>
      <dst id="21">1591.7333</dst>
      <dst id="15">719.9378</dst>
    </src>
    <src id="5">
      <dst id="12">39062.0978</dst>
      <dst id="13">12445.9733</dst>
      <dst id="19">31.3600</dst>
      <dst id="8">440.4356</dst>
      <dst id="18">229.1111</dst>
      <dst id="4">8090.7733</dst>
      <dst id="1">2287.5111</dst>
      <dst id="3">110.1689</dst>
      <dst id="10">1515.4578</dst>
      <dst id="22">2613.5556</dst>
      <dst id="7">81.7600</dst>
      <dst id="2">3363.1111</dst>
      <dst id="6">0.8178</dst>
      <dst id="16">894.6756</dst>
      <dst id="14">144.3644</dst>
      <dst id="20">604.9600</dst>
      <dst id="11">1.2800</dst>
      <dst id="9">67103.5644</dst>
      <dst id="17">337471.2800</dst>
      <dst id="21">287.6178</dst>
      <dst id="15">423.0133</dst>
    </src>
    <src id="3">
      <dst id="12">7649.9644</dst>
      <dst id="13">436.0267</dst>
      <dst id="19">5082.4533</dst>
      <dst id="23">4.7467</dst>
      <dst id="8">6.9689</dst>
      <dst id="18">6028.1867</dst>
      <dst id="4">57772.6667</dst>
      <dst id="1">3401.6089</dst>
      <dst id="5">467.3689</dst>
      <dst id="3">41.7511</dst>
      <dst id="10">1224.9778</dst>
      <dst id="22">7501.0311</dst>
      <dst id="7">2444.7378</dst>
      <dst id="2">8240.8800</dst>
      <dst id="6">0.3289</dst>
      <dst id="16">1103.0578</dst>
      <dst id="14">160.4178</dst>
      <dst id="20">4.6222</dst>
      <dst id="11">694.8533</dst>
      <dst id="9">407.6711</dst>
      <dst id="17">44040.2400</dst>
      <dst id="21">1474.8356</dst>
      <dst id="15">187.5911</dst>
    </src>
    <src id="10">
      <dst id="12">138403.9289</dst>
      <dst id="19">6117.5733</dst>
      <dst id="23">135.5556</dst>
      <dst id="8">77146.8889</dst>
      <dst id="18">1371.5822</dst>
      <dst id="1">147.9111</dst>
      <dst id="5">169182.0444</dst>
      <dst id="3">22175.9022</dst>
      <dst id="22">4050.6844</dst>
      <dst id="7">46630.6578</dst>
      <dst id="2">16777.7511</dst>
      <dst id="6">10281.7867</dst>
      <dst id="16">220.2044</dst>
      <dst id="14">24900.2933</dst>
      <dst id="20">771.5911</dst>
      <dst id="11">14805.9289</dst>
      <dst id="9">181007.1378</dst>
      <dst id="17">34236.7733</dst>
      <dst id="21">11350.7644</dst>
      <dst id="15">83.9911</dst>
    </src>
    <src id="22">
      <dst id="12">9234.8711</dst>
      <dst id="13">4015.0756</dst>
      <dst id="19">144.9422</dst>
      <dst id="23">475.6622</dst>
      <dst id="8">252.4533</dst>
      <dst id="18">3855.3156</dst>
      <dst id="4">19155.9911</dst>
      <dst id="1">427.6356</dst>
      <dst id="5">2808.4800</dst>
      <dst id="3">717.2889</dst>
      <dst id="10">3375.7067</dst>
      <dst id="7">1323.9822</dst>
      <dst id="2">602.2489</dst>
      <dst id="6">74.7733</dst>
      <dst id="14">176.2756</dst>
      <dst id="11">276.1689</dst>
      <dst id="9">1331.3956</dst>
      <dst id="17">8685.3422</dst>
      <dst id="21">625.8400</dst>
    </src>
    <src id="7">
      <dst id="12">6985.9822</dst>
      <dst id="13">78.8267</dst>
      <dst id="19">123.7689</dst>
      <dst id="23">23.1911</dst>
      <dst id="8">345.6444</dst>
      <dst id="18">925.3422</dst>
      <dst id="4">43170.3378</dst>
      <dst id="1">1761.5911</dst>
      <dst id="5">1827.9022</dst>
      <dst id="3">4561.8311</dst>
      <dst id="10">920.5600</dst>
      <dst id="22">4313.9111</dst>
      <dst id="7">767.9289</dst>
      <dst id="2">7340.1156</dst>
      <dst id="6">193.6356</dst>
      <dst id="16">683.9556</dst>
      <dst id="14">117.1556</dst>
      <dst id="20">11714.1422</dst>
      <dst id="11">59.2711</dst>
      <dst id="9">1861.7244</dst>
      <dst id="17">6792.5156</dst>
      <dst id="21">2327.8133</dst>
      <dst id="15">87.3956</dst>
    </src>
    <src id="2">
      <dst id="12">69186.4978</dst>
      <dst id="13">9677.7600</dst>
      <dst id="19">163.5733</dst>
      <dst id="8">456.8978</dst>
      <dst id="18">78291.3956</dst>
      <dst id="4">77364.8356</dst>
      <dst id="1">4930.6222</dst>
      <dst id="5">1205.7156</dst>
      <dst id="3">3788.6844</dst>
      <dst id="10">4071.7689</dst>
      <dst id="22">1785.7244</dst>
      <dst id="7">3795.3778</dst>
      <dst id="2">2625.8311</dst>
      <dst id="6">8372.7911</dst>
      <dst id="16">510.6311</dst>
      <dst id="14">83.8933</dst>
      <dst id="20">335.9378</dst>
      <dst id="11">256.6222</dst>
      <dst id="9">771.2089</dst>
      <dst id="17">38586.0267</dst>
      <dst id="21">2061.1556</dst>
      <dst id="15">48.1156</dst>
    </src>
    <src id="6">
      <dst id="12">1005.1289</dst>
      <dst id="13">2.6133</dst>
      <dst id="19">0.4622</dst>
      <dst id="8">0.6844</dst>
      <dst id="4">37.9733</dst>
      <dst id="1">35.8400</dst>
      <dst id="5">13.5822</dst>
      <dst id="3">15.1022</dst>
      <dst id="10">53.6711</dst>
      <dst id="22">73.1911</dst>
      <dst id="7">0.7467</dst>
      <dst id="2">2510.4178</dst>
      <dst id="16">1.0222</dst>
      <dst id="9">1.6444</dst>
      <dst id="17">9614.0533</dst>
      <dst id="21">4.4978</dst>
    </src>
    <src id="16">
      <dst id="12">2768.1956</dst>
      <dst id="13">1698.5600</dst>
      <dst id="19">4490.7644</dst>
      <dst id="23">4.1600</dst>
      <dst id="8">1369.3689</dst>
      <dst id="18">1490.3644</dst>
      <dst id="4">3346.2578</dst>
      <dst id="1">21421.5378</dst>
      <dst id="5">928.9067</dst>
      <dst id="3">1661.4222</dst>
      <dst id="10">612.4000</dst>
      <dst id="7">439.2356</dst>
      <dst id="2">116.8089</dst>
      <dst id="16">15.7156</dst>
      <dst id="11">450.7733</dst>
      <dst id="9">1357.5467</dst>
      <dst id="17">1170.1511</dst>
      <dst id="21">180.2044</dst>
    </src>
    <src id="14">
      <dst id="12">4346.9422</dst>
      <dst id="13">59.9289</dst>
      <dst id="19">39.9911</dst>
      <dst id="23">0.5244</dst>
      <dst id="8">0.4533</dst>
      <dst id="18">1.7956</dst>
      <dst id="4">1204.0444</dst>
      <dst id="1">1053.0667</dst>
      <dst id="5">15.1111</dst>
      <dst id="3">128.5867</dst>
      <dst id="10">1723.4933</dst>
      <dst id="22">181.4933</dst>
      <dst id="7">112.3644</dst>
      <dst id="2">4966.0711</dst>
      <dst id="16">0.8178</dst>
      <dst id="20">2.7911</dst>
      <dst id="11">0.7467</dst>
      <dst id="9">10.8711</dst>
      <dst id="17">33208.4444</dst>
      <dst id="21">69.7600</dst>
      <dst id="15">0.8800</dst>
    </src>
    <src id="20">
      <dst id="12">3218.1867</dst>
      <dst id="13">992.1867</dst>
      <dst id="19">1.7511</dst>
      <dst id="23">1.8489</dst>
      <dst id="8">48.7556</dst>
      <dst id="18">5.9289</dst>
      <dst id="4">10938.0533</dst>
      <dst id="1">286.9422</dst>
      <dst id="5">5064.7733</dst>
      <dst id="3">15.2622</dst>
      <dst id="10">2016.9689</dst>
      <dst id="7">252.6578</dst>
      <dst id="2">5122.3378</dst>
      <dst id="14">13.3333</dst>
      <dst id="20">0.8178</dst>
      <dst id="11">0.4267</dst>
      <dst id="9">5291.3956</dst>
      <dst id="17">1232.9778</dst>
      <dst id="21">1840.8800</dst>
    </src>
    <src id="11">
      <dst id="12">80442.2578</dst>
      <dst id="13">2257.9289</dst>
      <dst id="19">16.4178</dst>
      <dst id="8">1773.2711</dst>
      <dst id="18">1052.3733</dst>
      <dst id="4">8233.4489</dst>
      <dst id="1">553.5822</dst>
      <dst id="5">1055.4489</dst>
      <dst id="3">372.0444</dst>
      <dst id="10">4374.7644</dst>
      <dst id="22">2324.6844</dst>
      <dst id="7">631.1378</dst>
      <dst id="2">114678.4267</dst>
      <dst id="16">141.7956</dst>
      <dst id="14">24.9244</dst>
      <dst id="20">480.8711</dst>
      <dst id="11">3372.4889</dst>
      <dst id="9">2471.2178</dst>
      <dst id="17">717862.4356</dst>
      <dst id="21">171.9378</dst>
      <dst id="15">85.9289</dst>
    </src>
    <src id="9">
      <dst id="12">65409.8578</dst>
      <dst id="13">3964.2311</dst>
      <dst id="19">231.8489</dst>
      <dst id="23">514.7378</dst>
      <dst id="8">107725.4844</dst>
      <dst id="18">160.1067</dst>
      <dst id="4">10945.8844</dst>
      <dst id="1">8234.3467</dst>
      <dst id="5">1320.5067</dst>
      <dst id="3">128.8356</dst>
      <dst id="10">205.8311</dst>
      <dst id="22">1545.7600</dst>
      <dst id="7">213.6356</dst>
      <dst id="2">10024.4533</dst>
      <dst id="16">270.4178</dst>
      <dst id="14">7.2000</dst>
      <dst id="20">772.4978</dst>
      <dst id="11">39.3600</dst>
      <dst id="9">505673.0756</dst>
      <dst id="17">526826.6933</dst>
      <dst id="21">624.6400</dst>
      <dst id="15">10939.4222</dst>
    </src>
    <src id="17">
      <dst id="12">118566.0889</dst>
      <dst id="13">1339.2889</dst>
      <dst id="19">10142.3911</dst>
      <dst id="23">4.1867</dst>
      <dst id="8">132.8978</dst>
      <dst id="18">1350.0267</dst>
      <dst id="4">44201.8311</dst>
      <dst id="1">1151.7067</dst>
      <dst id="5">162198.5778</dst>
      <dst id="3">5790.1067</dst>
      <dst id="10">2987.4933</dst>
      <dst id="22">6339.2267</dst>
      <dst id="7">2588.0356</dst>
      <dst id="2">9644.8356</dst>
      <dst id="6">16.5511</dst>
      <dst id="16">3077.8667</dst>
      <dst id="14">11551.4667</dst>
      <dst id="20">1232.1600</dst>
      <dst id="11">16966.8089</dst>
      <dst id="9">3046.5156</dst>
      <dst id="17">32122.0356</dst>
      <dst id="21">10913.9644</dst>
      <dst id="15">552.4356</dst>
    </src>
    <src id="21">
      <dst id="12">8513.3067</dst>
      <dst id="13">201.3689</dst>
      <dst id="19">337.9200</dst>
      <dst id="23">14.4000</dst>
      <dst id="8">167.7244</dst>
      <dst id="18">704.1156</dst>
      <dst id="4">19136.3200</dst>
      <dst id="1">2132.9067</dst>
      <dst id="5">1566.6044</dst>
      <dst id="3">5124.2222</dst>
      <dst id="10">599.7689</dst>
      <dst id="22">2332.7200</dst>
      <dst id="7">1524.9422</dst>
      <dst id="2">6351.8578</dst>
      <dst id="6">0.4622</dst>
      <dst id="16">401.6089</dst>
      <dst id="14">73.5111</dst>
      <dst id="20">921.1289</dst>
      <dst id="11">94.0267</dst>
      <dst id="9">964.0178</dst>
      <dst id="17">34307.3067</dst>
      <dst id="21">3767.1378</dst>
      <dst id="15">114.4978</dst>
    </src>
    <src id="15">
      <dst id="12">2826.9067</dst>
      <dst id="13">199.0933</dst>
      <dst id="19">14.0267</dst>
      <dst id="23">0.3378</dst>
      <dst id="8">227.5556</dst>
      <dst id="18">32.9956</dst>
      <dst id="4">3564.6311</dst>
      <dst id="1">210.1511</dst>
      <dst id="5">934.7289</dst>
      <dst id="3">65.2000</dst>
      <dst id="10">15.9289</dst>
      <dst id="7">575.0844</dst>
      <dst id="2">106.9511</dst>
      <dst id="6">0.8444</dst>
      <dst id="16">0.3556</dst>
      <dst id="14">17.1378</dst>
      <dst id="11">890.1333</dst>
      <dst id="9">464.6489</dst>
      <dst id="17">1174.1778</dst>
      <dst id="21">72.1156</dst>
    </src>
  </IntraTM>
</TrafficMatrixFile>
