<?xml version="1.0" encoding="UTF-8" standalone="yes"?>
<TrafficMatrixFile xmlns:xsi="http://www.w3.org/2001/XMLSchema-instance" xsi:noNamespaceSchemaLocation="http://totem.run.montefiore.ulg.ac.be/Schema/TrafficMatrix-v1_2.xsd">
  <info>
    <title>Intradomain traffic matrix generated by geant-TM-all.pl</title>
    <date>2005-03-16T11:00:00</date>
    <duration>900</duration>
    <author>Steve Uhlig</author>
    <units>
        <unit type="bandwidth" value="kbps"/>
    </units>
  </info>
  <IntraTM ASID="20965">
    <src id="12">
      <dst id="12">256996.3200</dst>
      <dst id="13">14597.5289</dst>
      <dst id="19">1758.2222</dst>
      <dst id="23">1088.3733</dst>
      <dst id="8">238.0978</dst>
      <dst id="18">72179.2978</dst>
      <dst id="4">8031.1111</dst>
      <dst id="1">17395.4044</dst>
      <dst id="5">508.1067</dst>
      <dst id="3">14.4622</dst>
      <dst id="10">8053.9200</dst>
      <dst id="22">180.7556</dst>
      <dst id="7">1972.3822</dst>
      <dst id="2">27565.8311</dst>
      <dst id="6">12818.3733</dst>
      <dst id="16">818.8889</dst>
      <dst id="14">386.1244</dst>
      <dst id="20">2585.4222</dst>
      <dst id="11">667.1200</dst>
      <dst id="9">8532.4178</dst>
      <dst id="17">22672.6489</dst>
      <dst id="21">400.7200</dst>
      <dst id="15">287.3067</dst>
    </src>
    <src id="13">
      <dst id="12">37549.8578</dst>
      <dst id="13">1.1378</dst>
      <dst id="19">2699.9556</dst>
      <dst id="23">378.9333</dst>
      <dst id="8">432.6667</dst>
      <dst id="18">1012.4800</dst>
      <dst id="1">4203.1556</dst>
      <dst id="5">3620.4444</dst>
      <dst id="3">359.2800</dst>
      <dst id="22">616.0622</dst>
      <dst id="7">6986.4622</dst>
      <dst id="2">30710.4267</dst>
      <dst id="6">187.7156</dst>
      <dst id="16">2.0622</dst>
      <dst id="14">2289.2978</dst>
      <dst id="20">4698.4800</dst>
      <dst id="11">151.0489</dst>
      <dst id="9">8502.6667</dst>
      <dst id="17">46056.8711</dst>
      <dst id="21">4367.6267</dst>
      <dst id="15">783.2178</dst>
    </src>
    <src id="19">
      <dst id="12">8008.7822</dst>
      <dst id="13">282.5778</dst>
      <dst id="8">0.5333</dst>
      <dst id="18">0.4978</dst>
      <dst id="4">336.4800</dst>
      <dst id="1">91.8578</dst>
      <dst id="5">0.9244</dst>
      <dst id="3">0.8178</dst>
      <dst id="10">4197.4222</dst>
      <dst id="22">0.4178</dst>
      <dst id="7">3200.2933</dst>
      <dst id="2">414.1689</dst>
      <dst id="16">0.4622</dst>
      <dst id="14">3.3689</dst>
      <dst id="20">2.2667</dst>
      <dst id="11">0.4622</dst>
      <dst id="9">183.4311</dst>
      <dst id="17">1234.7822</dst>
      <dst id="21">157.6000</dst>
    </src>
    <src id="23">
      <dst id="12">499.4844</dst>
      <dst id="13">119.8311</dst>
      <dst id="18">165.4222</dst>
      <dst id="4">352.2667</dst>
      <dst id="1">31.6089</dst>
      <dst id="10">340.6667</dst>
      <dst id="7">18.3378</dst>
      <dst id="2">12.8800</dst>
      <dst id="9">31.6622</dst>
      <dst id="17">221.8578</dst>
      <dst id="21">2.0711</dst>
    </src>
    <src id="8">
      <dst id="12">9784.4800</dst>
      <dst id="13">132.2756</dst>
      <dst id="23">0.4622</dst>
      <dst id="18">24.7200</dst>
      <dst id="4">894.6933</dst>
      <dst id="1">2816.1867</dst>
      <dst id="5">498.5067</dst>
      <dst id="3">0.9067</dst>
      <dst id="10">1917.8844</dst>
      <dst id="7">15.3956</dst>
      <dst id="2">38.3556</dst>
      <dst id="16">93416.6667</dst>
      <dst id="14">13.3333</dst>
      <dst id="9">74497.5467</dst>
      <dst id="17">148729.2089</dst>
      <dst id="21">28.4800</dst>
      <dst id="15">0.3556</dst>
    </src>
    <src id="18">
      <dst id="12">113391.7244</dst>
      <dst id="13">108.6756</dst>
      <dst id="19">13.8044</dst>
      <dst id="23">1.3867</dst>
      <dst id="8">1.3333</dst>
      <dst id="4">296.0178</dst>
      <dst id="1">1005.7067</dst>
      <dst id="5">227.1911</dst>
      <dst id="3">1077.0933</dst>
      <dst id="10">834.4711</dst>
      <dst id="7">1060.4356</dst>
      <dst id="2">19937.8400</dst>
      <dst id="16">1227.4844</dst>
      <dst id="14">0.3556</dst>
      <dst id="20">25.5911</dst>
      <dst id="11">1.2711</dst>
      <dst id="9">1044.7200</dst>
      <dst id="17">4782.9600</dst>
      <dst id="21">154.4356</dst>
    </src>
    <src id="4">
      <dst id="12">4687.7689</dst>
      <dst id="19">567.8667</dst>
      <dst id="23">26.5333</dst>
      <dst id="8">494.7111</dst>
      <dst id="18">166.2578</dst>
      <dst id="4">17.9022</dst>
      <dst id="1">8778.7200</dst>
      <dst id="5">1539.7333</dst>
      <dst id="3">1177.0667</dst>
      <dst id="7">42367.2356</dst>
      <dst id="2">26408.5778</dst>
      <dst id="6">13.1556</dst>
      <dst id="16">1523.0756</dst>
      <dst id="14">408.3289</dst>
      <dst id="11">18.6489</dst>
      <dst id="9">3603.1378</dst>
      <dst id="17">13456.3200</dst>
      <dst id="21">1058.0711</dst>
      <dst id="15">275.2089</dst>
    </src>
    <src id="1">
      <dst id="12">1132997.0844</dst>
      <dst id="13">11903.7600</dst>
      <dst id="19">69.6533</dst>
      <dst id="23">17.9200</dst>
      <dst id="8">7.0756</dst>
      <dst id="18">12971.2622</dst>
      <dst id="4">957.0133</dst>
      <dst id="1">850500.3644</dst>
      <dst id="5">446.7200</dst>
      <dst id="3">4.5244</dst>
      <dst id="10">692.3200</dst>
      <dst id="7">302989.8933</dst>
      <dst id="2">71070.6578</dst>
      <dst id="6">0.3378</dst>
      <dst id="16">7770.4711</dst>
      <dst id="14">100.9511</dst>
      <dst id="20">134.3733</dst>
      <dst id="11">116.4711</dst>
      <dst id="9">1449.2356</dst>
      <dst id="17">122811.0044</dst>
      <dst id="21">117386.3022</dst>
      <dst id="15">7092.4356</dst>
    </src>
    <src id="5">
      <dst id="12">8701.5644</dst>
      <dst id="13">1203.5289</dst>
      <dst id="19">0.4178</dst>
      <dst id="8">185.9556</dst>
      <dst id="18">262.9956</dst>
      <dst id="4">578.8356</dst>
      <dst id="1">1614.4356</dst>
      <dst id="3">11.9111</dst>
      <dst id="10">1388.9600</dst>
      <dst id="7">14.3733</dst>
      <dst id="2">119.7422</dst>
      <dst id="6">1.6622</dst>
      <dst id="16">132500.2578</dst>
      <dst id="14">1.1289</dst>
      <dst id="11">1.1111</dst>
      <dst id="9">35332.3022</dst>
      <dst id="17">134279.7689</dst>
      <dst id="21">606.7911</dst>
      <dst id="15">0.4889</dst>
    </src>
    <src id="3">
      <dst id="12">10152.0800</dst>
      <dst id="13">1194.8533</dst>
      <dst id="19">810.2844</dst>
      <dst id="23">1.2978</dst>
      <dst id="8">6.8978</dst>
      <dst id="18">12.1778</dst>
      <dst id="4">38646.9422</dst>
      <dst id="1">6185.8222</dst>
      <dst id="5">79.6889</dst>
      <dst id="3">24.8000</dst>
      <dst id="10">1150.4356</dst>
      <dst id="7">427.3156</dst>
      <dst id="2">5792.3467</dst>
      <dst id="6">0.5244</dst>
      <dst id="16">870.5600</dst>
      <dst id="14">128.7378</dst>
      <dst id="20">38.8000</dst>
      <dst id="11">112.4889</dst>
      <dst id="9">943.2444</dst>
      <dst id="17">11868.9956</dst>
      <dst id="21">594.2311</dst>
      <dst id="15">5.3778</dst>
    </src>
    <src id="10">
      <dst id="12">11492.0089</dst>
      <dst id="19">3674.8800</dst>
      <dst id="23">165.0578</dst>
      <dst id="8">187.6000</dst>
      <dst id="18">176.7378</dst>
      <dst id="1">626.7467</dst>
      <dst id="5">787.8133</dst>
      <dst id="3">3.8933</dst>
      <dst id="7">2566.5511</dst>
      <dst id="2">7913.1556</dst>
      <dst id="16">184.7644</dst>
      <dst id="14">2909.5911</dst>
      <dst id="20">459.9200</dst>
      <dst id="11">83.2889</dst>
      <dst id="9">2376.1511</dst>
      <dst id="17">25326.6667</dst>
      <dst id="21">4243.1289</dst>
      <dst id="15">47.1200</dst>
    </src>
    <src id="22">
      <dst id="12">4819.7600</dst>
      <dst id="13">2344.5956</dst>
      <dst id="19">20.7467</dst>
      <dst id="23">16.8622</dst>
      <dst id="8">96.1244</dst>
      <dst id="18">61.6267</dst>
      <dst id="4">3417.1733</dst>
      <dst id="1">732.7289</dst>
      <dst id="5">725.0311</dst>
      <dst id="3">19.1556</dst>
      <dst id="10">3527.8578</dst>
      <dst id="7">156.8000</dst>
      <dst id="2">881.2089</dst>
      <dst id="6">503.1556</dst>
      <dst id="14">30.0622</dst>
      <dst id="11">177.0133</dst>
      <dst id="9">189.5911</dst>
      <dst id="17">2639.4489</dst>
      <dst id="21">212.3822</dst>
    </src>
    <src id="7">
      <dst id="12">9539.6711</dst>
      <dst id="13">158.2578</dst>
      <dst id="19">622.8800</dst>
      <dst id="23">44.4178</dst>
      <dst id="8">2.9067</dst>
      <dst id="18">206.9867</dst>
      <dst id="4">2276.8267</dst>
      <dst id="1">3987.0311</dst>
      <dst id="5">477.5200</dst>
      <dst id="3">20.7644</dst>
      <dst id="10">1304.3556</dst>
      <dst id="22">20.7911</dst>
      <dst id="7">681.0311</dst>
      <dst id="2">22320.3378</dst>
      <dst id="6">113.9911</dst>
      <dst id="16">3.7156</dst>
      <dst id="14">129.1111</dst>
      <dst id="20">2540.1511</dst>
      <dst id="11">55.5022</dst>
      <dst id="9">672.9956</dst>
      <dst id="17">6236.4267</dst>
      <dst id="21">464.0178</dst>
      <dst id="15">58.3467</dst>
    </src>
    <src id="2">
      <dst id="12">60891.5556</dst>
      <dst id="13">1245.2800</dst>
      <dst id="19">162.3644</dst>
      <dst id="23">0.3556</dst>
      <dst id="8">20.2756</dst>
      <dst id="18">26392.4178</dst>
      <dst id="4">19377.6711</dst>
      <dst id="1">19498.4356</dst>
      <dst id="5">355.8844</dst>
      <dst id="3">3.0044</dst>
      <dst id="10">16541.6711</dst>
      <dst id="22">24.4444</dst>
      <dst id="7">11472.9778</dst>
      <dst id="2">941.4578</dst>
      <dst id="6">8938.4267</dst>
      <dst id="16">0.9244</dst>
      <dst id="14">84.2756</dst>
      <dst id="20">36.0089</dst>
      <dst id="11">110.2400</dst>
      <dst id="9">1385.6089</dst>
      <dst id="17">14640.9511</dst>
      <dst id="21">631.4222</dst>
      <dst id="15">1.6000</dst>
    </src>
    <src id="6">
      <dst id="12">232.9778</dst>
      <dst id="13">6.1778</dst>
      <dst id="19">0.5244</dst>
      <dst id="4">7.7422</dst>
      <dst id="1">1420.6400</dst>
      <dst id="5">1.1289</dst>
      <dst id="10">32.3022</dst>
      <dst id="22">3.2000</dst>
      <dst id="7">2.0444</dst>
      <dst id="2">1139.8933</dst>
      <dst id="16">8.4533</dst>
      <dst id="11">5.4311</dst>
      <dst id="9">44.1244</dst>
      <dst id="17">10916.8800</dst>
      <dst id="21">82.0622</dst>
    </src>
    <src id="16">
      <dst id="12">101745.0756</dst>
      <dst id="13">167.6178</dst>
      <dst id="19">2979.3333</dst>
      <dst id="8">57448.6933</dst>
      <dst id="18">2.8711</dst>
      <dst id="4">1412.9689</dst>
      <dst id="1">11656.2400</dst>
      <dst id="5">139926.9244</dst>
      <dst id="3">4331.9467</dst>
      <dst id="10">1655.2356</dst>
      <dst id="7">147.2356</dst>
      <dst id="2">549.9644</dst>
      <dst id="6">46.3822</dst>
      <dst id="16">3695.6000</dst>
      <dst id="14">19250.3556</dst>
      <dst id="11">10017.7689</dst>
      <dst id="9">116755.7778</dst>
      <dst id="17">11102.0178</dst>
    </src>
    <src id="14">
      <dst id="12">2135.6978</dst>
      <dst id="13">33.6089</dst>
      <dst id="19">8.0356</dst>
      <dst id="4">328.0622</dst>
      <dst id="1">1459.3689</dst>
      <dst id="5">23.6089</dst>
      <dst id="3">181.6178</dst>
      <dst id="10">368.8089</dst>
      <dst id="7">106.3289</dst>
      <dst id="2">697.4311</dst>
      <dst id="16">70.3822</dst>
      <dst id="20">1.8311</dst>
      <dst id="11">25.9556</dst>
      <dst id="9">40.0889</dst>
      <dst id="17">19197.2800</dst>
      <dst id="21">50.6133</dst>
      <dst id="15">0.5244</dst>
    </src>
    <src id="20">
      <dst id="12">4552.1778</dst>
      <dst id="13">5698.4978</dst>
      <dst id="8">234.2756</dst>
      <dst id="18">2.9867</dst>
      <dst id="4">349.3156</dst>
      <dst id="1">32.6133</dst>
      <dst id="5">38.5600</dst>
      <dst id="10">1167.9467</dst>
      <dst id="7">80.5600</dst>
      <dst id="2">1877.0844</dst>
      <dst id="6">0.8711</dst>
      <dst id="20">47.2089</dst>
      <dst id="11">41.8133</dst>
      <dst id="9">1762.1511</dst>
      <dst id="17">1610.1067</dst>
      <dst id="21">199.2978</dst>
    </src>
    <src id="11">
      <dst id="12">26724.7644</dst>
      <dst id="13">1213.5556</dst>
      <dst id="19">37.9378</dst>
      <dst id="23">24.1778</dst>
      <dst id="8">79.1467</dst>
      <dst id="18">60.1422</dst>
      <dst id="4">1338.2222</dst>
      <dst id="1">2858.5778</dst>
      <dst id="5">1275.9733</dst>
      <dst id="3">7.3156</dst>
      <dst id="10">8787.0756</dst>
      <dst id="7">228.6133</dst>
      <dst id="2">42810.1156</dst>
      <dst id="6">10.4800</dst>
      <dst id="16">2447.0667</dst>
      <dst id="14">42.9067</dst>
      <dst id="20">70.0533</dst>
      <dst id="11">781.0844</dst>
      <dst id="9">4343.1556</dst>
      <dst id="17">548779.8933</dst>
      <dst id="21">445.4489</dst>
      <dst id="15">79.1200</dst>
    </src>
    <src id="9">
      <dst id="12">15563.3778</dst>
      <dst id="13">1461.3511</dst>
      <dst id="19">44.3022</dst>
      <dst id="8">61217.1556</dst>
      <dst id="18">8.8533</dst>
      <dst id="4">1790.4889</dst>
      <dst id="1">3674.6844</dst>
      <dst id="5">3263.4667</dst>
      <dst id="10">1871.5733</dst>
      <dst id="7">40.6222</dst>
      <dst id="2">168.8622</dst>
      <dst id="6">0.9333</dst>
      <dst id="16">188062.4356</dst>
      <dst id="14">13.3333</dst>
      <dst id="11">15.8222</dst>
      <dst id="9">214781.6444</dst>
      <dst id="17">222553.6533</dst>
      <dst id="21">44.2311</dst>
      <dst id="15">16.7911</dst>
    </src>
    <src id="17">
      <dst id="12">74278.2311</dst>
      <dst id="13">2227.5022</dst>
      <dst id="19">1378.4800</dst>
      <dst id="23">1.0667</dst>
      <dst id="8">63.1911</dst>
      <dst id="18">5038.0267</dst>
      <dst id="4">8513.6356</dst>
      <dst id="1">2766.8356</dst>
      <dst id="5">96412.7200</dst>
      <dst id="3">4555.7956</dst>
      <dst id="10">7665.0044</dst>
      <dst id="7">3411.4133</dst>
      <dst id="2">8805.6178</dst>
      <dst id="6">18.7467</dst>
      <dst id="16">3092.5244</dst>
      <dst id="14">9964.8533</dst>
      <dst id="20">16378.9422</dst>
      <dst id="11">6488.7289</dst>
      <dst id="9">6650.6400</dst>
      <dst id="17">21543.0489</dst>
      <dst id="21">730.9867</dst>
      <dst id="15">100.3378</dst>
    </src>
    <src id="21">
      <dst id="12">12235.3600</dst>
      <dst id="13">413.2356</dst>
      <dst id="19">153.5200</dst>
      <dst id="23">6.8000</dst>
      <dst id="8">177.4222</dst>
      <dst id="18">976.5689</dst>
      <dst id="4">959.1467</dst>
      <dst id="1">3208.1067</dst>
      <dst id="5">177.8311</dst>
      <dst id="3">635.5289</dst>
      <dst id="10">1383.9022</dst>
      <dst id="7">2582.0800</dst>
      <dst id="2">4913.5467</dst>
      <dst id="6">92.1156</dst>
      <dst id="16">99.0044</dst>
      <dst id="14">110.8711</dst>
      <dst id="20">100.8089</dst>
      <dst id="11">57.1022</dst>
      <dst id="9">575.8489</dst>
      <dst id="17">25515.9644</dst>
      <dst id="21">547.0933</dst>
      <dst id="15">15.1822</dst>
    </src>
    <src id="15">
      <dst id="12">145.1111</dst>
      <dst id="13">74.4711</dst>
      <dst id="19">1.2800</dst>
      <dst id="8">2.3822</dst>
      <dst id="18">2.9156</dst>
      <dst id="4">159.8311</dst>
      <dst id="1">427.2800</dst>
      <dst id="5">1.3067</dst>
      <dst id="10">408.2844</dst>
      <dst id="7">14.9333</dst>
      <dst id="2">55.8578</dst>
      <dst id="16">1.0667</dst>
      <dst id="14">13.3333</dst>
      <dst id="11">3.0667</dst>
      <dst id="9">1609.3244</dst>
      <dst id="17">2625.9200</dst>
      <dst id="21">0.7644</dst>
    </src>
  </IntraTM>
</TrafficMatrixFile>
