<?xml version="1.0" encoding="UTF-8" standalone="yes"?>
<TrafficMatrixFile xmlns:xsi="http://www.w3.org/2001/XMLSchema-instance" xsi:noNamespaceSchemaLocation="http://totem.run.montefiore.ulg.ac.be/Schema/TrafficMatrix-v1_2.xsd">
  <info>
    <title>Intradomain traffic matrix generated by geant-TM-all.pl</title>
    <date>2005-02-07T04:00:00</date>
    <duration>900</duration>
    <author>Steve Uhlig</author>
    <units>
        <unit type="bandwidth" value="kbps"/>
    </units>
  </info>
  <IntraTM ASID="20965">
    <src id="12">
      <dst id="12">344119.4756</dst>
      <dst id="13">27087.7689</dst>
      <dst id="19">5509.7778</dst>
      <dst id="23">146.7111</dst>
      <dst id="8">3608.5956</dst>
      <dst id="18">79309.3511</dst>
      <dst id="4">109757.5022</dst>
      <dst id="1">13772.9511</dst>
      <dst id="5">10009.6711</dst>
      <dst id="3">882.4978</dst>
      <dst id="10">13823.3156</dst>
      <dst id="22">20606.1244</dst>
      <dst id="7">5793.2711</dst>
      <dst id="2">50215.6178</dst>
      <dst id="6">119.3600</dst>
      <dst id="16">14301.5022</dst>
      <dst id="14">511.1556</dst>
      <dst id="20">8895.6000</dst>
      <dst id="11">316.9156</dst>
      <dst id="9">6315.7244</dst>
      <dst id="17">63588.9956</dst>
      <dst id="21">10346.5600</dst>
      <dst id="15">2003.9022</dst>
    </src>
    <src id="13">
      <dst id="12">55586.3200</dst>
      <dst id="19">13660.9511</dst>
      <dst id="23">6144.4978</dst>
      <dst id="8">8814.3467</dst>
      <dst id="18">5780.7733</dst>
      <dst id="4">0.3556</dst>
      <dst id="1">6272.7378</dst>
      <dst id="5">7599.2889</dst>
      <dst id="3">554.4622</dst>
      <dst id="22">16998.9422</dst>
      <dst id="7">19141.3867</dst>
      <dst id="2">74043.2444</dst>
      <dst id="6">1038.7556</dst>
      <dst id="16">17170.0622</dst>
      <dst id="14">2969.3689</dst>
      <dst id="20">11508.6578</dst>
      <dst id="11">1352.3556</dst>
      <dst id="9">16466.4978</dst>
      <dst id="17">98896.7289</dst>
      <dst id="21">15993.8222</dst>
      <dst id="15">1700.5244</dst>
    </src>
    <src id="19">
      <dst id="12">14474.3467</dst>
      <dst id="13">635.4933</dst>
      <dst id="23">14.6844</dst>
      <dst id="8">2.8000</dst>
      <dst id="18">5.8578</dst>
      <dst id="4">25190.3467</dst>
      <dst id="1">2764.9244</dst>
      <dst id="5">7.8222</dst>
      <dst id="3">50.5067</dst>
      <dst id="10">122.5333</dst>
      <dst id="22">157.2267</dst>
      <dst id="7">3614.1867</dst>
      <dst id="2">2244.2756</dst>
      <dst id="6">2.2844</dst>
      <dst id="16">18601.5111</dst>
      <dst id="14">14.5422</dst>
      <dst id="20">156.8267</dst>
      <dst id="11">11.6622</dst>
      <dst id="9">253.8400</dst>
      <dst id="17">7653.4133</dst>
      <dst id="21">1165.7333</dst>
      <dst id="15">0.8622</dst>
    </src>
    <src id="23">
      <dst id="12">73.5556</dst>
      <dst id="13">401.6444</dst>
      <dst id="19">12.9778</dst>
      <dst id="8">61.9556</dst>
      <dst id="18">6416.0000</dst>
      <dst id="4">2861.6444</dst>
      <dst id="1">59.2622</dst>
      <dst id="10">252.7289</dst>
      <dst id="22">1886.8533</dst>
      <dst id="7">363.8578</dst>
      <dst id="2">376.5689</dst>
      <dst id="6">1.6978</dst>
      <dst id="16">40.6578</dst>
      <dst id="20">96.1333</dst>
      <dst id="9">80.0000</dst>
      <dst id="17">709.0044</dst>
      <dst id="21">407.5378</dst>
      <dst id="15">26.6667</dst>
    </src>
    <src id="8">
      <dst id="12">49955.8578</dst>
      <dst id="13">1757.2444</dst>
      <dst id="19">2.2933</dst>
      <dst id="23">1.4933</dst>
      <dst id="18">59.6089</dst>
      <dst id="4">2593.3333</dst>
      <dst id="1">6604.9778</dst>
      <dst id="5">1698.7733</dst>
      <dst id="10">295.9289</dst>
      <dst id="22">468.9333</dst>
      <dst id="7">30.9333</dst>
      <dst id="2">60.2044</dst>
      <dst id="16">3187.1556</dst>
      <dst id="14">2.7022</dst>
      <dst id="20">182.5689</dst>
      <dst id="11">2.1333</dst>
      <dst id="9">202115.5911</dst>
      <dst id="17">322462.1156</dst>
      <dst id="21">634.3378</dst>
      <dst id="15">568.3911</dst>
    </src>
    <src id="18">
      <dst id="12">207644.8444</dst>
      <dst id="13">228.1333</dst>
      <dst id="19">109.2000</dst>
      <dst id="23">82.2667</dst>
      <dst id="8">558.6756</dst>
      <dst id="4">641.3689</dst>
      <dst id="1">732.6311</dst>
      <dst id="5">143.5467</dst>
      <dst id="3">798.6222</dst>
      <dst id="10">215.1911</dst>
      <dst id="22">619.1733</dst>
      <dst id="7">131.3244</dst>
      <dst id="2">64588.3200</dst>
      <dst id="16">155.2978</dst>
      <dst id="20">695.6000</dst>
      <dst id="11">0.5867</dst>
      <dst id="9">695.5022</dst>
      <dst id="17">10195.1200</dst>
      <dst id="21">968.6044</dst>
      <dst id="15">29.3867</dst>
    </src>
    <src id="4">
      <dst id="12">10529.7422</dst>
      <dst id="19">4950.2933</dst>
      <dst id="23">1766.5778</dst>
      <dst id="8">1444.0178</dst>
      <dst id="18">2257.2356</dst>
      <dst id="4">555.7778</dst>
      <dst id="1">50434.2400</dst>
      <dst id="5">1528.4356</dst>
      <dst id="3">4314.0356</dst>
      <dst id="22">1525.1822</dst>
      <dst id="7">90221.8400</dst>
      <dst id="2">37682.0178</dst>
      <dst id="6">0.4622</dst>
      <dst id="16">4245.3333</dst>
      <dst id="14">5247.7156</dst>
      <dst id="20">1591.0222</dst>
      <dst id="11">606.4622</dst>
      <dst id="9">2387.9289</dst>
      <dst id="17">95864.7378</dst>
      <dst id="21">11564.1333</dst>
      <dst id="15">342.2667</dst>
    </src>
    <src id="1">
      <dst id="12">14101.1378</dst>
      <dst id="13">490.7111</dst>
      <dst id="19">12700.7200</dst>
      <dst id="23">42.9956</dst>
      <dst id="8">86.0089</dst>
      <dst id="18">14107.9644</dst>
      <dst id="4">7531.0311</dst>
      <dst id="1">85443.9022</dst>
      <dst id="5">1022.5156</dst>
      <dst id="3">1566.3022</dst>
      <dst id="10">460.1689</dst>
      <dst id="22">18902.4000</dst>
      <dst id="7">3798.1511</dst>
      <dst id="2">5790.4000</dst>
      <dst id="6">13.3333</dst>
      <dst id="16">25523.8133</dst>
      <dst id="14">229.8222</dst>
      <dst id="20">5643.1378</dst>
      <dst id="11">2031.7511</dst>
      <dst id="9">1302.3911</dst>
      <dst id="17">38592.8089</dst>
      <dst id="21">19359.7422</dst>
      <dst id="15">190.6044</dst>
    </src>
    <src id="5">
      <dst id="12">41280.4178</dst>
      <dst id="13">1508.5867</dst>
      <dst id="19">368.9422</dst>
      <dst id="8">939.6800</dst>
      <dst id="18">404.2844</dst>
      <dst id="4">4000.4444</dst>
      <dst id="1">4891.0844</dst>
      <dst id="3">1.2267</dst>
      <dst id="10">614.2933</dst>
      <dst id="22">27194.4356</dst>
      <dst id="7">71.4222</dst>
      <dst id="2">590.1956</dst>
      <dst id="6">8.4978</dst>
      <dst id="16">5216.4000</dst>
      <dst id="14">48.2133</dst>
      <dst id="20">4055.9911</dst>
      <dst id="11">6.1422</dst>
      <dst id="9">114264.7289</dst>
      <dst id="17">398641.9644</dst>
      <dst id="21">313.7156</dst>
      <dst id="15">215.1111</dst>
    </src>
    <src id="3">
      <dst id="12">4017.3244</dst>
      <dst id="13">1165.3511</dst>
      <dst id="19">1170.0889</dst>
      <dst id="23">409.9644</dst>
      <dst id="8">138.8533</dst>
      <dst id="18">332.3022</dst>
      <dst id="4">44696.0978</dst>
      <dst id="1">10409.6444</dst>
      <dst id="5">2191.8756</dst>
      <dst id="3">96.7644</dst>
      <dst id="10">903.5822</dst>
      <dst id="22">844.3556</dst>
      <dst id="7">10450.2489</dst>
      <dst id="2">15567.0667</dst>
      <dst id="6">1.8933</dst>
      <dst id="16">3048.2844</dst>
      <dst id="14">244.1867</dst>
      <dst id="20">686.9067</dst>
      <dst id="11">1764.2400</dst>
      <dst id="9">1466.5067</dst>
      <dst id="17">42984.4356</dst>
      <dst id="21">25881.6978</dst>
      <dst id="15">69.1644</dst>
    </src>
    <src id="10">
      <dst id="12">216261.9378</dst>
      <dst id="19">3376.1511</dst>
      <dst id="23">1151.2444</dst>
      <dst id="8">152787.1200</dst>
      <dst id="18">4061.5733</dst>
      <dst id="1">1617.6178</dst>
      <dst id="5">289358.3022</dst>
      <dst id="3">21867.7244</dst>
      <dst id="22">3157.1111</dst>
      <dst id="7">8067.7333</dst>
      <dst id="2">12146.3911</dst>
      <dst id="6">18928.7644</dst>
      <dst id="16">4795.8933</dst>
      <dst id="14">32405.9733</dst>
      <dst id="20">656.6400</dst>
      <dst id="11">25508.6133</dst>
      <dst id="9">298334.9778</dst>
      <dst id="17">39534.6756</dst>
      <dst id="21">17228.1511</dst>
      <dst id="15">784.1778</dst>
    </src>
    <src id="22">
      <dst id="12">11465.0756</dst>
      <dst id="13">2035.4044</dst>
      <dst id="19">504.6400</dst>
      <dst id="23">564.3022</dst>
      <dst id="8">1621.1911</dst>
      <dst id="18">1217.4844</dst>
      <dst id="4">18660.6311</dst>
      <dst id="1">838.0978</dst>
      <dst id="5">4356.7911</dst>
      <dst id="3">6.4178</dst>
      <dst id="10">1563.2000</dst>
      <dst id="7">623.2178</dst>
      <dst id="2">11230.9867</dst>
      <dst id="6">1.7156</dst>
      <dst id="14">168.6933</dst>
      <dst id="11">298.0356</dst>
      <dst id="9">8513.1200</dst>
      <dst id="17">11841.8578</dst>
      <dst id="21">892.3911</dst>
    </src>
    <src id="7">
      <dst id="12">6569.8933</dst>
      <dst id="13">497.5911</dst>
      <dst id="19">637.5289</dst>
      <dst id="23">40.7289</dst>
      <dst id="8">289.5022</dst>
      <dst id="18">1845.4133</dst>
      <dst id="4">57928.0978</dst>
      <dst id="1">2790.2933</dst>
      <dst id="5">1507.9022</dst>
      <dst id="3">1590.4711</dst>
      <dst id="10">1904.4889</dst>
      <dst id="22">4115.7689</dst>
      <dst id="7">895.7867</dst>
      <dst id="2">9746.7733</dst>
      <dst id="6">1597.2533</dst>
      <dst id="16">2378.8356</dst>
      <dst id="14">1290.0089</dst>
      <dst id="20">1236.9067</dst>
      <dst id="11">21.1378</dst>
      <dst id="9">1040.5689</dst>
      <dst id="17">24556.8800</dst>
      <dst id="21">6260.4089</dst>
      <dst id="15">124.4622</dst>
    </src>
    <src id="2">
      <dst id="12">97681.4222</dst>
      <dst id="13">22646.0444</dst>
      <dst id="19">727.4578</dst>
      <dst id="23">6.1689</dst>
      <dst id="8">466.9867</dst>
      <dst id="18">67452.6133</dst>
      <dst id="4">74312.6222</dst>
      <dst id="1">12049.5733</dst>
      <dst id="5">770.4622</dst>
      <dst id="3">40.3911</dst>
      <dst id="10">10452.0267</dst>
      <dst id="22">2572.4178</dst>
      <dst id="7">5198.4533</dst>
      <dst id="2">905.6711</dst>
      <dst id="6">13404.2311</dst>
      <dst id="16">3758.7289</dst>
      <dst id="14">185.0489</dst>
      <dst id="20">1116.2578</dst>
      <dst id="11">81.5378</dst>
      <dst id="9">1354.7467</dst>
      <dst id="17">25904.0800</dst>
      <dst id="21">3718.4622</dst>
      <dst id="15">166.4089</dst>
    </src>
    <src id="6">
      <dst id="12">7822.1244</dst>
      <dst id="13">100.5156</dst>
      <dst id="19">13.0489</dst>
      <dst id="23">0.3556</dst>
      <dst id="18">0.7467</dst>
      <dst id="4">49.1378</dst>
      <dst id="1">171.5111</dst>
      <dst id="5">35.7956</dst>
      <dst id="10">0.8533</dst>
      <dst id="22">10.7378</dst>
      <dst id="7">25.9556</dst>
      <dst id="2">3604.8089</dst>
      <dst id="16">0.7644</dst>
      <dst id="20">48.9422</dst>
      <dst id="9">6.8978</dst>
      <dst id="17">14483.8222</dst>
      <dst id="21">0.9333</dst>
    </src>
    <src id="16">
      <dst id="12">5068.9156</dst>
      <dst id="13">17871.9022</dst>
      <dst id="19">3557.0222</dst>
      <dst id="23">17.3511</dst>
      <dst id="8">7970.9067</dst>
      <dst id="18">20.7022</dst>
      <dst id="4">8027.2178</dst>
      <dst id="1">16559.6711</dst>
      <dst id="5">6234.5244</dst>
      <dst id="3">16.4178</dst>
      <dst id="10">1800.2044</dst>
      <dst id="7">254.6133</dst>
      <dst id="2">1253.7956</dst>
      <dst id="6">12.9778</dst>
      <dst id="16">29.3867</dst>
      <dst id="11">3.0133</dst>
      <dst id="9">8554.1956</dst>
      <dst id="17">3779.5289</dst>
      <dst id="21">323.5733</dst>
    </src>
    <src id="14">
      <dst id="12">4565.5733</dst>
      <dst id="13">23.2444</dst>
      <dst id="19">0.9956</dst>
      <dst id="8">92.1511</dst>
      <dst id="18">26.6667</dst>
      <dst id="4">2168.3556</dst>
      <dst id="1">1583.3156</dst>
      <dst id="5">0.8178</dst>
      <dst id="3">407.4311</dst>
      <dst id="10">131.3600</dst>
      <dst id="22">28.0000</dst>
      <dst id="7">50.0000</dst>
      <dst id="2">7235.2978</dst>
      <dst id="16">26.0000</dst>
      <dst id="20">13.1200</dst>
      <dst id="11">0.4622</dst>
      <dst id="9">40.1422</dst>
      <dst id="17">31791.7956</dst>
      <dst id="21">149.0844</dst>
    </src>
    <src id="20">
      <dst id="12">15618.8089</dst>
      <dst id="13">6503.3156</dst>
      <dst id="19">838.1956</dst>
      <dst id="23">1.4222</dst>
      <dst id="8">723.4044</dst>
      <dst id="18">759.0756</dst>
      <dst id="4">11670.0711</dst>
      <dst id="1">212.2667</dst>
      <dst id="5">3999.8489</dst>
      <dst id="3">0.5333</dst>
      <dst id="10">1402.3733</dst>
      <dst id="7">457.9200</dst>
      <dst id="2">2042.8089</dst>
      <dst id="6">2.1689</dst>
      <dst id="14">1.4756</dst>
      <dst id="11">144.8889</dst>
      <dst id="9">1612.7822</dst>
      <dst id="17">17589.4578</dst>
      <dst id="21">18851.6978</dst>
    </src>
    <src id="11">
      <dst id="12">74673.8222</dst>
      <dst id="13">2783.8667</dst>
      <dst id="19">338.8267</dst>
      <dst id="23">57.7067</dst>
      <dst id="8">259.9822</dst>
      <dst id="18">264.5511</dst>
      <dst id="4">8382.5067</dst>
      <dst id="1">894.4978</dst>
      <dst id="5">2073.8044</dst>
      <dst id="3">7.4933</dst>
      <dst id="10">2650.5956</dst>
      <dst id="22">1203.3956</dst>
      <dst id="7">147.7600</dst>
      <dst id="2">120130.1244</dst>
      <dst id="6">12.6222</dst>
      <dst id="16">295.8756</dst>
      <dst id="14">89.5733</dst>
      <dst id="20">1059.4667</dst>
      <dst id="11">788.5867</dst>
      <dst id="9">2192.8978</dst>
      <dst id="17">693540.3733</dst>
      <dst id="21">1242.9511</dst>
      <dst id="15">211.9111</dst>
    </src>
    <src id="9">
      <dst id="12">85508.8356</dst>
      <dst id="13">8379.9644</dst>
      <dst id="19">3974.9333</dst>
      <dst id="23">1.1733</dst>
      <dst id="8">160262.5956</dst>
      <dst id="18">3807.6800</dst>
      <dst id="4">14233.7778</dst>
      <dst id="1">9436.8089</dst>
      <dst id="5">2327.9822</dst>
      <dst id="3">13.7956</dst>
      <dst id="10">2397.5733</dst>
      <dst id="22">10502.6933</dst>
      <dst id="7">5868.3467</dst>
      <dst id="2">4202.0533</dst>
      <dst id="6">0.3556</dst>
      <dst id="16">2184.8533</dst>
      <dst id="14">13.7156</dst>
      <dst id="20">905.4311</dst>
      <dst id="11">238.7378</dst>
      <dst id="9">542731.2000</dst>
      <dst id="17">508374.5778</dst>
      <dst id="21">605.4756</dst>
      <dst id="15">502.0178</dst>
    </src>
    <src id="17">
      <dst id="12">172287.2444</dst>
      <dst id="13">6175.7778</dst>
      <dst id="19">10921.6000</dst>
      <dst id="23">4939.2267</dst>
      <dst id="8">233.3689</dst>
      <dst id="18">1179.2711</dst>
      <dst id="4">47370.3022</dst>
      <dst id="1">8315.3511</dst>
      <dst id="5">235347.0044</dst>
      <dst id="3">3744.6311</dst>
      <dst id="10">4271.3422</dst>
      <dst id="22">8123.3778</dst>
      <dst id="7">3270.4356</dst>
      <dst id="2">19038.1244</dst>
      <dst id="6">613.3422</dst>
      <dst id="16">8857.2978</dst>
      <dst id="14">19301.7778</dst>
      <dst id="20">2661.1467</dst>
      <dst id="11">22296.5689</dst>
      <dst id="9">5168.3911</dst>
      <dst id="17">36894.3200</dst>
      <dst id="21">16187.8844</dst>
      <dst id="15">374.6933</dst>
    </src>
    <src id="21">
      <dst id="12">7707.7956</dst>
      <dst id="13">797.0400</dst>
      <dst id="19">1375.6622</dst>
      <dst id="23">17.1733</dst>
      <dst id="8">294.7378</dst>
      <dst id="18">3543.6533</dst>
      <dst id="4">30672.8622</dst>
      <dst id="1">1346.1867</dst>
      <dst id="5">773.6800</dst>
      <dst id="3">11097.6533</dst>
      <dst id="10">3947.1289</dst>
      <dst id="22">2855.8222</dst>
      <dst id="7">2193.7600</dst>
      <dst id="2">9617.8222</dst>
      <dst id="6">14.7733</dst>
      <dst id="16">399.7511</dst>
      <dst id="14">246.7200</dst>
      <dst id="20">2059.0311</dst>
      <dst id="11">409.0756</dst>
      <dst id="9">642.7111</dst>
      <dst id="17">27351.4222</dst>
      <dst id="21">4434.3911</dst>
      <dst id="15">99.8311</dst>
    </src>
    <src id="15">
      <dst id="12">5176.4089</dst>
      <dst id="13">620.5244</dst>
      <dst id="19">1.0578</dst>
      <dst id="23">0.4356</dst>
      <dst id="8">41.8222</dst>
      <dst id="18">19.8756</dst>
      <dst id="4">3572.9333</dst>
      <dst id="1">45.7778</dst>
      <dst id="5">798.8267</dst>
      <dst id="10">447.0311</dst>
      <dst id="7">21.4311</dst>
      <dst id="2">211.8222</dst>
      <dst id="16">0.3556</dst>
      <dst id="11">1224.9067</dst>
      <dst id="9">487.1644</dst>
      <dst id="17">1522.5067</dst>
      <dst id="21">56.3644</dst>
    </src>
  </IntraTM>
</TrafficMatrixFile>
