<?xml version="1.0" encoding="UTF-8" standalone="yes"?>
<TrafficMatrixFile xmlns:xsi="http://www.w3.org/2001/XMLSchema-instance" xsi:noNamespaceSchemaLocation="http://totem.run.montefiore.ulg.ac.be/Schema/TrafficMatrix-v1_2.xsd">
  <info>
    <title>Intradomain traffic matrix generated by geant-TM-all.pl</title>
    <date>2005-03-20T04:15:00</date>
    <duration>900</duration>
    <author>Steve Uhlig</author>
    <units>
        <unit type="bandwidth" value="kbps"/>
    </units>
  </info>
  <IntraTM ASID="20965">
    <src id="12">
      <dst id="12">368214.9422</dst>
      <dst id="13">43824.4800</dst>
      <dst id="19">321.8756</dst>
      <dst id="23">6464.3022</dst>
      <dst id="8">4247.1467</dst>
      <dst id="18">151383.0756</dst>
      <dst id="4">7414.7644</dst>
      <dst id="1">20909.3867</dst>
      <dst id="5">2305.5733</dst>
      <dst id="3">1298.7644</dst>
      <dst id="10">13725.1733</dst>
      <dst id="22">11353.4400</dst>
      <dst id="7">6426.7467</dst>
      <dst id="2">28910.1511</dst>
      <dst id="6">28965.1556</dst>
      <dst id="16">6118.4267</dst>
      <dst id="14">361.1644</dst>
      <dst id="20">9475.3867</dst>
      <dst id="11">401.7244</dst>
      <dst id="9">27711.2889</dst>
      <dst id="17">42557.0044</dst>
      <dst id="21">8669.3511</dst>
      <dst id="15">435.4044</dst>
    </src>
    <src id="13">
      <dst id="12">14125.6178</dst>
      <dst id="13">102.5333</dst>
      <dst id="19">1680.7111</dst>
      <dst id="23">41.3244</dst>
      <dst id="8">736.6489</dst>
      <dst id="18">534.8711</dst>
      <dst id="4">0.3556</dst>
      <dst id="1">568.4178</dst>
      <dst id="5">19230.7022</dst>
      <dst id="3">39.7422</dst>
      <dst id="10">14.8800</dst>
      <dst id="22">16145.3333</dst>
      <dst id="7">2858.4978</dst>
      <dst id="2">3881.9289</dst>
      <dst id="6">16.5067</dst>
      <dst id="16">788.3200</dst>
      <dst id="14">135.0222</dst>
      <dst id="20">1909.8844</dst>
      <dst id="11">63.9289</dst>
      <dst id="9">3170.5867</dst>
      <dst id="17">27193.9467</dst>
      <dst id="21">549.7689</dst>
      <dst id="15">63.9822</dst>
    </src>
    <src id="19">
      <dst id="12">6191.4933</dst>
      <dst id="13">962.8267</dst>
      <dst id="23">0.9600</dst>
      <dst id="8">30.3733</dst>
      <dst id="4">58.3467</dst>
      <dst id="1">192.2489</dst>
      <dst id="5">58.5867</dst>
      <dst id="3">22.6400</dst>
      <dst id="10">147.8044</dst>
      <dst id="22">90.0533</dst>
      <dst id="7">3036.7467</dst>
      <dst id="2">1998.4000</dst>
      <dst id="6">54.1956</dst>
      <dst id="16">519.2178</dst>
      <dst id="14">81.0044</dst>
      <dst id="20">128.6044</dst>
      <dst id="9">28.0178</dst>
      <dst id="17">1440.0000</dst>
      <dst id="21">172.6222</dst>
      <dst id="15">0.4267</dst>
    </src>
    <src id="23">
      <dst id="12">6122.7467</dst>
      <dst id="13">690.4978</dst>
      <dst id="19">2.1511</dst>
      <dst id="8">26.6667</dst>
      <dst id="18">596.9956</dst>
      <dst id="4">134.9511</dst>
      <dst id="1">54.2489</dst>
      <dst id="5">41.2800</dst>
      <dst id="3">1.0756</dst>
      <dst id="10">449.4222</dst>
      <dst id="22">376.9244</dst>
      <dst id="7">60.3200</dst>
      <dst id="2">1122.8711</dst>
      <dst id="6">0.3378</dst>
      <dst id="16">12.6222</dst>
      <dst id="14">1467.3156</dst>
      <dst id="20">79.6444</dst>
      <dst id="11">18.4978</dst>
      <dst id="9">72.2489</dst>
      <dst id="17">2177.7956</dst>
      <dst id="21">183.0311</dst>
      <dst id="15">0.3378</dst>
    </src>
    <src id="8">
      <dst id="12">8627.1022</dst>
      <dst id="13">2732.2844</dst>
      <dst id="19">2.8178</dst>
      <dst id="18">382.3022</dst>
      <dst id="4">152.4267</dst>
      <dst id="1">2640.6400</dst>
      <dst id="5">1160.4800</dst>
      <dst id="10">159.1200</dst>
      <dst id="7">48.5067</dst>
      <dst id="2">28.9422</dst>
      <dst id="16">287843.9289</dst>
      <dst id="11">0.6756</dst>
      <dst id="9">77081.9111</dst>
      <dst id="17">41885.4667</dst>
      <dst id="21">202.0000</dst>
      <dst id="15">13.0489</dst>
    </src>
    <src id="18">
      <dst id="12">167432.6044</dst>
      <dst id="13">333.4311</dst>
      <dst id="19">2.4533</dst>
      <dst id="23">25.2533</dst>
      <dst id="8">17.5022</dst>
      <dst id="4">90.7733</dst>
      <dst id="1">1137.3867</dst>
      <dst id="5">28.1422</dst>
      <dst id="3">4774.7822</dst>
      <dst id="10">209.1822</dst>
      <dst id="22">311.6178</dst>
      <dst id="7">95.1822</dst>
      <dst id="2">9142.4711</dst>
      <dst id="6">3.6000</dst>
      <dst id="16">1047.0756</dst>
      <dst id="14">2.6667</dst>
      <dst id="20">88.0000</dst>
      <dst id="11">4.0444</dst>
      <dst id="9">515.6356</dst>
      <dst id="17">8506.6667</dst>
      <dst id="21">1868.5067</dst>
      <dst id="15">129.2800</dst>
    </src>
    <src id="4">
      <dst id="12">30800.7556</dst>
      <dst id="13">3.3244</dst>
      <dst id="19">7542.7911</dst>
      <dst id="23">943.2889</dst>
      <dst id="8">2574.6133</dst>
      <dst id="18">4027.5733</dst>
      <dst id="4">256.9778</dst>
      <dst id="1">28181.5644</dst>
      <dst id="5">5997.6178</dst>
      <dst id="3">159.5556</dst>
      <dst id="7">99.7600</dst>
      <dst id="2">67844.8889</dst>
      <dst id="6">238.6756</dst>
      <dst id="16">71652.8889</dst>
      <dst id="14">3389.1378</dst>
      <dst id="11">448.3467</dst>
      <dst id="9">26522.3111</dst>
      <dst id="17">152129.9644</dst>
      <dst id="21">13135.3867</dst>
      <dst id="15">1846.3022</dst>
    </src>
    <src id="1">
      <dst id="12">469703.7778</dst>
      <dst id="13">3128.4356</dst>
      <dst id="19">50.4978</dst>
      <dst id="23">117.2533</dst>
      <dst id="8">52.3911</dst>
      <dst id="18">12633.5644</dst>
      <dst id="4">1102.0622</dst>
      <dst id="1">214734.5956</dst>
      <dst id="5">282.2133</dst>
      <dst id="3">98.7289</dst>
      <dst id="10">259.4311</dst>
      <dst id="7">168350.8444</dst>
      <dst id="2">23160.1867</dst>
      <dst id="6">0.5244</dst>
      <dst id="16">1066030.4622</dst>
      <dst id="14">112.5956</dst>
      <dst id="20">229.6000</dst>
      <dst id="11">1292.4178</dst>
      <dst id="9">953.4311</dst>
      <dst id="17">317489.4489</dst>
      <dst id="21">847703.1022</dst>
      <dst id="15">1286.2222</dst>
    </src>
    <src id="5">
      <dst id="12">16094.2222</dst>
      <dst id="13">3388.0000</dst>
      <dst id="19">1.4222</dst>
      <dst id="23">26.8089</dst>
      <dst id="8">391.0044</dst>
      <dst id="18">525.7956</dst>
      <dst id="4">360.1067</dst>
      <dst id="1">4127.4222</dst>
      <dst id="3">0.7644</dst>
      <dst id="10">82.9867</dst>
      <dst id="7">123.6533</dst>
      <dst id="2">5146.1689</dst>
      <dst id="6">22.6489</dst>
      <dst id="16">348799.6267</dst>
      <dst id="14">70.1689</dst>
      <dst id="11">13.6889</dst>
      <dst id="9">53465.5467</dst>
      <dst id="17">59393.4044</dst>
      <dst id="21">480.2933</dst>
      <dst id="15">89.2711</dst>
    </src>
    <src id="3">
      <dst id="12">9319.0667</dst>
      <dst id="13">28216.2933</dst>
      <dst id="19">444.4533</dst>
      <dst id="23">317.6178</dst>
      <dst id="8">54.7911</dst>
      <dst id="18">283.3867</dst>
      <dst id="4">1439.7067</dst>
      <dst id="1">4927.1111</dst>
      <dst id="5">538.6311</dst>
      <dst id="3">102.6400</dst>
      <dst id="10">507.8489</dst>
      <dst id="7">1169.4044</dst>
      <dst id="2">4910.0800</dst>
      <dst id="6">177.7422</dst>
      <dst id="16">2623.3600</dst>
      <dst id="14">243.0400</dst>
      <dst id="20">7380.0178</dst>
      <dst id="11">263.5467</dst>
      <dst id="9">814.4800</dst>
      <dst id="17">26684.3822</dst>
      <dst id="21">1903.6444</dst>
      <dst id="15">4.0800</dst>
    </src>
    <src id="10">
      <dst id="12">20941.8844</dst>
      <dst id="13">566.1156</dst>
      <dst id="19">724.7556</dst>
      <dst id="23">1315.2889</dst>
      <dst id="8">229.9644</dst>
      <dst id="18">6805.2622</dst>
      <dst id="1">2041.8933</dst>
      <dst id="5">542.0533</dst>
      <dst id="3">2082.4267</dst>
      <dst id="7">23.7333</dst>
      <dst id="2">14182.6133</dst>
      <dst id="6">11.2267</dst>
      <dst id="16">41047.2444</dst>
      <dst id="14">977.4044</dst>
      <dst id="20">769.0133</dst>
      <dst id="11">107.6000</dst>
      <dst id="9">5311.2267</dst>
      <dst id="17">74101.7867</dst>
      <dst id="21">12164.9689</dst>
      <dst id="15">113.5822</dst>
    </src>
    <src id="22">
      <dst id="12">16272.4356</dst>
      <dst id="13">8543.8489</dst>
      <dst id="19">232.2844</dst>
      <dst id="23">18.4178</dst>
      <dst id="8">637.6267</dst>
      <dst id="18">496.1244</dst>
      <dst id="4">5005.6089</dst>
      <dst id="1">335.8133</dst>
      <dst id="5">1476.4622</dst>
      <dst id="3">63.5467</dst>
      <dst id="10">1414.0267</dst>
      <dst id="7">548.4711</dst>
      <dst id="2">543.7956</dst>
      <dst id="6">94.1689</dst>
      <dst id="16">450.2489</dst>
      <dst id="14">107.9289</dst>
      <dst id="11">80.8978</dst>
      <dst id="9">3970.4800</dst>
      <dst id="17">6814.2844</dst>
      <dst id="21">1496.0800</dst>
    </src>
    <src id="7">
      <dst id="12">13463.4489</dst>
      <dst id="13">23082.3644</dst>
      <dst id="19">331.2444</dst>
      <dst id="23">571.4756</dst>
      <dst id="8">74.7911</dst>
      <dst id="18">858.4711</dst>
      <dst id="4">1673.2978</dst>
      <dst id="1">6970.1600</dst>
      <dst id="5">1374.8178</dst>
      <dst id="3">695.4933</dst>
      <dst id="10">6282.3644</dst>
      <dst id="22">1336.4444</dst>
      <dst id="7">694.8800</dst>
      <dst id="2">6773.7600</dst>
      <dst id="6">987.8933</dst>
      <dst id="16">1635.8844</dst>
      <dst id="14">101.8489</dst>
      <dst id="20">2484.4711</dst>
      <dst id="11">78.1333</dst>
      <dst id="9">233.8844</dst>
      <dst id="17">21119.9911</dst>
      <dst id="21">3748.3200</dst>
      <dst id="15">245.0756</dst>
    </src>
    <src id="2">
      <dst id="12">110803.6622</dst>
      <dst id="13">39704.3111</dst>
      <dst id="19">265.4756</dst>
      <dst id="23">9.4578</dst>
      <dst id="8">226.0178</dst>
      <dst id="18">75834.7556</dst>
      <dst id="4">7440.0533</dst>
      <dst id="1">5954.4356</dst>
      <dst id="5">2803.3422</dst>
      <dst id="3">864.9511</dst>
      <dst id="10">2964.4533</dst>
      <dst id="22">1153.1289</dst>
      <dst id="7">1743.2000</dst>
      <dst id="2">4644.4000</dst>
      <dst id="6">14551.7689</dst>
      <dst id="16">3450.1689</dst>
      <dst id="14">350.8978</dst>
      <dst id="20">14218.3644</dst>
      <dst id="11">32.7111</dst>
      <dst id="9">750.7111</dst>
      <dst id="17">56457.2267</dst>
      <dst id="21">6515.8489</dst>
      <dst id="15">34.0444</dst>
    </src>
    <src id="6">
      <dst id="12">238.2133</dst>
      <dst id="13">23.6622</dst>
      <dst id="19">1.2533</dst>
      <dst id="18">11.8933</dst>
      <dst id="4">47.0311</dst>
      <dst id="1">338.9867</dst>
      <dst id="5">37.6889</dst>
      <dst id="3">13.0400</dst>
      <dst id="10">23.7156</dst>
      <dst id="22">13.9200</dst>
      <dst id="7">76.5689</dst>
      <dst id="2">992.0711</dst>
      <dst id="16">99.9111</dst>
      <dst id="20">1.7156</dst>
      <dst id="9">40.9689</dst>
      <dst id="17">23475.3511</dst>
      <dst id="21">134.3022</dst>
    </src>
    <src id="16">
      <dst id="12">188602.6578</dst>
      <dst id="13">586.4889</dst>
      <dst id="19">3499.1556</dst>
      <dst id="23">8.9422</dst>
      <dst id="8">105112.6844</dst>
      <dst id="18">91.8933</dst>
      <dst id="4">1210.6489</dst>
      <dst id="1">7846.3111</dst>
      <dst id="5">253463.6000</dst>
      <dst id="3">8880.6400</dst>
      <dst id="10">915.9289</dst>
      <dst id="7">36.9067</dst>
      <dst id="2">313.7689</dst>
      <dst id="6">0.3556</dst>
      <dst id="16">18920.0533</dst>
      <dst id="14">44548.0089</dst>
      <dst id="11">21408.0800</dst>
      <dst id="9">204276.3911</dst>
      <dst id="17">2555.6800</dst>
      <dst id="21">26.6667</dst>
    </src>
    <src id="14">
      <dst id="12">6087.4133</dst>
      <dst id="13">2983.0222</dst>
      <dst id="19">40.8000</dst>
      <dst id="23">30.5778</dst>
      <dst id="4">292.0800</dst>
      <dst id="1">639.2089</dst>
      <dst id="5">11.6978</dst>
      <dst id="3">753.1822</dst>
      <dst id="10">103.8311</dst>
      <dst id="7">18.9778</dst>
      <dst id="2">2522.4533</dst>
      <dst id="6">1.7956</dst>
      <dst id="16">559.6533</dst>
      <dst id="20">2.9422</dst>
      <dst id="11">13.3333</dst>
      <dst id="9">255.3600</dst>
      <dst id="17">34232.4800</dst>
      <dst id="21">53.6533</dst>
      <dst id="15">1.1467</dst>
    </src>
    <src id="20">
      <dst id="12">10760.2756</dst>
      <dst id="13">3767.7867</dst>
      <dst id="19">6735.5378</dst>
      <dst id="23">2.9956</dst>
      <dst id="8">65.5111</dst>
      <dst id="18">838.5956</dst>
      <dst id="4">278.1956</dst>
      <dst id="1">4048.3467</dst>
      <dst id="5">3559.2978</dst>
      <dst id="10">1130.5689</dst>
      <dst id="7">71.4489</dst>
      <dst id="2">48.8978</dst>
      <dst id="6">0.7111</dst>
      <dst id="16">4310.6578</dst>
      <dst id="14">1.5556</dst>
      <dst id="20">45.8400</dst>
      <dst id="11">78.5867</dst>
      <dst id="9">3390.9956</dst>
      <dst id="17">20688.3911</dst>
      <dst id="21">354.7200</dst>
    </src>
    <src id="11">
      <dst id="12">36052.4178</dst>
      <dst id="13">4263.8400</dst>
      <dst id="19">259.5733</dst>
      <dst id="23">2.0711</dst>
      <dst id="8">568.5689</dst>
      <dst id="18">314.3733</dst>
      <dst id="4">785.6000</dst>
      <dst id="1">3488.9156</dst>
      <dst id="5">659.8044</dst>
      <dst id="3">348.7467</dst>
      <dst id="10">2435.8222</dst>
      <dst id="7">115.1644</dst>
      <dst id="2">63160.4800</dst>
      <dst id="6">3.0578</dst>
      <dst id="16">11696.9333</dst>
      <dst id="14">66.0978</dst>
      <dst id="20">1434.6222</dst>
      <dst id="11">1342.2489</dst>
      <dst id="9">4293.2089</dst>
      <dst id="17">703073.2178</dst>
      <dst id="21">1142.8800</dst>
      <dst id="15">24.3467</dst>
    </src>
    <src id="9">
      <dst id="12">28010.0978</dst>
      <dst id="13">6986.9778</dst>
      <dst id="19">23.1556</dst>
      <dst id="23">358.3733</dst>
      <dst id="8">78575.9289</dst>
      <dst id="18">701.6711</dst>
      <dst id="4">639.5378</dst>
      <dst id="1">9966.8800</dst>
      <dst id="5">1560.2756</dst>
      <dst id="3">0.4622</dst>
      <dst id="10">1103.6089</dst>
      <dst id="7">55.7422</dst>
      <dst id="2">3916.4622</dst>
      <dst id="6">1.5822</dst>
      <dst id="16">462632.8356</dst>
      <dst id="14">91.6178</dst>
      <dst id="11">45.2089</dst>
      <dst id="9">289576.1956</dst>
      <dst id="17">89686.6667</dst>
      <dst id="21">132.1867</dst>
      <dst id="15">202.6756</dst>
    </src>
    <src id="17">
      <dst id="12">151453.3867</dst>
      <dst id="13">19896.8800</dst>
      <dst id="19">6522.2222</dst>
      <dst id="23">369.6978</dst>
      <dst id="8">795.7689</dst>
      <dst id="18">3381.0933</dst>
      <dst id="4">8231.9022</dst>
      <dst id="1">11030.0711</dst>
      <dst id="5">180686.4089</dst>
      <dst id="3">5212.2222</dst>
      <dst id="10">5150.5867</dst>
      <dst id="7">20269.7511</dst>
      <dst id="2">5547.2444</dst>
      <dst id="6">168.2933</dst>
      <dst id="16">8851.2711</dst>
      <dst id="14">18633.3156</dst>
      <dst id="20">449.6267</dst>
      <dst id="11">12583.7689</dst>
      <dst id="9">15649.8489</dst>
      <dst id="17">25352.5778</dst>
      <dst id="21">12679.5556</dst>
      <dst id="15">97.8756</dst>
    </src>
    <src id="21">
      <dst id="12">8477.6800</dst>
      <dst id="13">4725.7156</dst>
      <dst id="19">138.7378</dst>
      <dst id="23">18.2667</dst>
      <dst id="8">556.9867</dst>
      <dst id="18">1138.8622</dst>
      <dst id="4">1778.9778</dst>
      <dst id="1">14504.5422</dst>
      <dst id="5">541.1111</dst>
      <dst id="3">1540.9689</dst>
      <dst id="10">308.3111</dst>
      <dst id="7">1638.3289</dst>
      <dst id="2">3635.5733</dst>
      <dst id="6">167.2089</dst>
      <dst id="16">4821.5911</dst>
      <dst id="14">598.1244</dst>
      <dst id="20">153.3422</dst>
      <dst id="11">67.4756</dst>
      <dst id="9">2676.7467</dst>
      <dst id="17">23683.0844</dst>
      <dst id="21">1708.8889</dst>
      <dst id="15">435.2178</dst>
    </src>
    <src id="15">
      <dst id="12">1972.7556</dst>
      <dst id="13">305.1467</dst>
      <dst id="19">1.2356</dst>
      <dst id="8">14.1511</dst>
      <dst id="18">8579.7422</dst>
      <dst id="4">45.5289</dst>
      <dst id="1">304.4089</dst>
      <dst id="5">267.4933</dst>
      <dst id="10">15.0578</dst>
      <dst id="7">15.0756</dst>
      <dst id="2">19.4311</dst>
      <dst id="16">19.9911</dst>
      <dst id="14">38.9422</dst>
      <dst id="11">0.5333</dst>
      <dst id="9">4692.1067</dst>
      <dst id="17">1440.0889</dst>
      <dst id="21">46.4356</dst>
    </src>
  </IntraTM>
</TrafficMatrixFile>
