<?xml version="1.0" encoding="UTF-8" standalone="yes"?>
<TrafficMatrixFile xmlns:xsi="http://www.w3.org/2001/XMLSchema-instance" xsi:noNamespaceSchemaLocation="http://totem.run.montefiore.ulg.ac.be/Schema/TrafficMatrix-v1_2.xsd">
  <info>
    <title>Intradomain traffic matrix generated by geant-TM-all.pl</title>
    <date>2005-04-16T03:15:00</date>
    <duration>900</duration>
    <author>Steve Uhlig</author>
    <units>
        <unit type="bandwidth" value="kbps"/>
    </units>
  </info>
  <IntraTM ASID="20965">
    <src id="12">
      <dst id="12">428584.4356</dst>
      <dst id="13">33446.8978</dst>
      <dst id="19">4452.3289</dst>
      <dst id="23">7395.4044</dst>
      <dst id="8">19785.3156</dst>
      <dst id="18">88614.5156</dst>
      <dst id="4">7232.0800</dst>
      <dst id="1">28279.6267</dst>
      <dst id="5">3920.5422</dst>
      <dst id="3">257.8489</dst>
      <dst id="10">6872.6578</dst>
      <dst id="22">5171.3867</dst>
      <dst id="7">15382.2311</dst>
      <dst id="2">22292.0711</dst>
      <dst id="16">9695.2000</dst>
      <dst id="14">680.4800</dst>
      <dst id="20">2045.7956</dst>
      <dst id="11">72.9511</dst>
      <dst id="9">26649.7778</dst>
      <dst id="17">40715.3511</dst>
      <dst id="21">8803.4844</dst>
      <dst id="15">1116.2844</dst>
    </src>
    <src id="13">
      <dst id="12">19903.9022</dst>
      <dst id="13">123.5200</dst>
      <dst id="19">2117.2089</dst>
      <dst id="23">2712.5156</dst>
      <dst id="8">1384.1689</dst>
      <dst id="18">1173.3778</dst>
      <dst id="4">2.3467</dst>
      <dst id="1">35489.0400</dst>
      <dst id="5">7176.7911</dst>
      <dst id="3">52.0178</dst>
      <dst id="10">0.7467</dst>
      <dst id="22">8998.6400</dst>
      <dst id="7">336.5689</dst>
      <dst id="2">28518.6844</dst>
      <dst id="16">475.5556</dst>
      <dst id="14">706.0533</dst>
      <dst id="20">288.3111</dst>
      <dst id="11">1178.6311</dst>
      <dst id="9">1860.5689</dst>
      <dst id="17">364003.1378</dst>
      <dst id="21">586.8267</dst>
      <dst id="15">72.1867</dst>
    </src>
    <src id="19">
      <dst id="12">39411.2356</dst>
      <dst id="13">1251.8133</dst>
      <dst id="23">39.5733</dst>
      <dst id="8">18.2756</dst>
      <dst id="18">157.2800</dst>
      <dst id="4">306.2133</dst>
      <dst id="1">16034.4533</dst>
      <dst id="5">53.1378</dst>
      <dst id="10">92.3733</dst>
      <dst id="22">28.0622</dst>
      <dst id="7">2503.7867</dst>
      <dst id="2">29189.0756</dst>
      <dst id="16">22.9156</dst>
      <dst id="14">14.4267</dst>
      <dst id="20">86.0800</dst>
      <dst id="11">14.7467</dst>
      <dst id="9">15.6178</dst>
      <dst id="17">1071.5378</dst>
      <dst id="21">1101.1822</dst>
      <dst id="15">0.9244</dst>
    </src>
    <src id="23">
      <dst id="12">7857.4667</dst>
      <dst id="13">495.2000</dst>
      <dst id="19">15.1733</dst>
      <dst id="8">40.0000</dst>
      <dst id="18">156.8978</dst>
      <dst id="4">171.6089</dst>
      <dst id="1">83.2267</dst>
      <dst id="5">2.5244</dst>
      <dst id="10">176.0000</dst>
      <dst id="22">1291.1022</dst>
      <dst id="7">54.6044</dst>
      <dst id="2">47.4578</dst>
      <dst id="16">17.9911</dst>
      <dst id="20">0.9156</dst>
      <dst id="11">57.7778</dst>
      <dst id="9">56.0978</dst>
      <dst id="17">1003.4578</dst>
      <dst id="21">1273.1822</dst>
      <dst id="15">35.2000</dst>
    </src>
    <src id="8">
      <dst id="12">16608.0800</dst>
      <dst id="13">11622.5511</dst>
      <dst id="19">225.7778</dst>
      <dst id="23">0.7111</dst>
      <dst id="18">2.8356</dst>
      <dst id="4">169.3244</dst>
      <dst id="1">2083.3778</dst>
      <dst id="5">473.9822</dst>
      <dst id="3">124.4178</dst>
      <dst id="10">53.4667</dst>
      <dst id="2">75.6711</dst>
      <dst id="16">275171.3156</dst>
      <dst id="11">90.7200</dst>
      <dst id="9">81745.3956</dst>
      <dst id="17">22446.8889</dst>
      <dst id="21">46.1244</dst>
      <dst id="15">0.4178</dst>
    </src>
    <src id="18">
      <dst id="12">136373.6533</dst>
      <dst id="13">1073.8578</dst>
      <dst id="19">3.2356</dst>
      <dst id="23">3.6978</dst>
      <dst id="8">19.7511</dst>
      <dst id="4">103.6622</dst>
      <dst id="1">13791.7778</dst>
      <dst id="5">776.4978</dst>
      <dst id="3">2753.8400</dst>
      <dst id="10">385.0489</dst>
      <dst id="22">157.6178</dst>
      <dst id="7">86.3822</dst>
      <dst id="2">2378.4356</dst>
      <dst id="16">1121.3244</dst>
      <dst id="14">16.5244</dst>
      <dst id="20">855.1733</dst>
      <dst id="11">1.2978</dst>
      <dst id="9">11774.0267</dst>
      <dst id="17">7245.8489</dst>
      <dst id="21">956.4267</dst>
      <dst id="15">3.7422</dst>
    </src>
    <src id="4">
      <dst id="12">20543.0222</dst>
      <dst id="13">10.8444</dst>
      <dst id="19">6029.3867</dst>
      <dst id="23">854.2756</dst>
      <dst id="8">996.4622</dst>
      <dst id="18">5157.2622</dst>
      <dst id="4">1963.1022</dst>
      <dst id="1">210040.8800</dst>
      <dst id="5">7581.3778</dst>
      <dst id="3">50.4622</dst>
      <dst id="22">935.1467</dst>
      <dst id="2">162210.2222</dst>
      <dst id="16">109564.3111</dst>
      <dst id="14">6421.3244</dst>
      <dst id="11">598.4800</dst>
      <dst id="9">25295.3600</dst>
      <dst id="17">76247.3067</dst>
      <dst id="21">28790.4356</dst>
      <dst id="15">1250.7378</dst>
    </src>
    <src id="1">
      <dst id="12">33033.6356</dst>
      <dst id="13">19074.8711</dst>
      <dst id="19">5988.8889</dst>
      <dst id="23">81.0667</dst>
      <dst id="8">645.3333</dst>
      <dst id="18">14451.7333</dst>
      <dst id="4">2808.5600</dst>
      <dst id="1">498693.1556</dst>
      <dst id="5">912.9778</dst>
      <dst id="3">2484.1156</dst>
      <dst id="10">1910.2311</dst>
      <dst id="22">71.1911</dst>
      <dst id="7">5330.6578</dst>
      <dst id="2">9510.7378</dst>
      <dst id="16">54081.6089</dst>
      <dst id="14">103.3511</dst>
      <dst id="20">1426.6489</dst>
      <dst id="11">107.0222</dst>
      <dst id="9">3433.7867</dst>
      <dst id="17">8540.1067</dst>
      <dst id="21">3033.5111</dst>
      <dst id="15">154.4356</dst>
    </src>
    <src id="5">
      <dst id="12">38522.1956</dst>
      <dst id="13">1411.4578</dst>
      <dst id="19">69.9022</dst>
      <dst id="23">13.3333</dst>
      <dst id="8">637.3867</dst>
      <dst id="18">270.4978</dst>
      <dst id="4">2398.1333</dst>
      <dst id="1">41408.7644</dst>
      <dst id="3">2777.8578</dst>
      <dst id="10">246.0178</dst>
      <dst id="22">144.5244</dst>
      <dst id="2">2264.3822</dst>
      <dst id="16">391442.9956</dst>
      <dst id="14">61.5111</dst>
      <dst id="11">19.5911</dst>
      <dst id="9">81693.5200</dst>
      <dst id="17">37200.9600</dst>
      <dst id="21">374.0711</dst>
      <dst id="15">37.6178</dst>
    </src>
    <src id="3">
      <dst id="12">16229.9467</dst>
      <dst id="13">53993.4133</dst>
      <dst id="19">5052.9689</dst>
      <dst id="23">10.6578</dst>
      <dst id="8">7.8844</dst>
      <dst id="18">3.2711</dst>
      <dst id="4">1082.0622</dst>
      <dst id="1">9382.5956</dst>
      <dst id="5">210.8356</dst>
      <dst id="3">192.2578</dst>
      <dst id="10">733.0400</dst>
      <dst id="22">15.0756</dst>
      <dst id="7">53036.2400</dst>
      <dst id="2">4223.6000</dst>
      <dst id="16">14945.8844</dst>
      <dst id="14">151.5378</dst>
      <dst id="20">64.3644</dst>
      <dst id="11">166.7111</dst>
      <dst id="9">1694.0978</dst>
      <dst id="17">42037.4489</dst>
      <dst id="21">1095.8133</dst>
      <dst id="15">26.1689</dst>
    </src>
    <src id="10">
      <dst id="12">7449.7422</dst>
      <dst id="13">569.6978</dst>
      <dst id="19">3538.0089</dst>
      <dst id="23">5377.6978</dst>
      <dst id="8">241.8044</dst>
      <dst id="18">1928.2044</dst>
      <dst id="1">3297.6711</dst>
      <dst id="5">884.6933</dst>
      <dst id="3">548.7111</dst>
      <dst id="22">171.2178</dst>
      <dst id="2">23362.1867</dst>
      <dst id="16">50148.1867</dst>
      <dst id="14">1742.1956</dst>
      <dst id="20">1738.0622</dst>
      <dst id="11">42.0089</dst>
      <dst id="9">2523.3867</dst>
      <dst id="17">37283.1644</dst>
      <dst id="21">7982.5333</dst>
      <dst id="15">3495.7956</dst>
    </src>
    <src id="22">
      <dst id="12">15381.4400</dst>
      <dst id="13">8091.5556</dst>
      <dst id="19">61.6356</dst>
      <dst id="23">108.9244</dst>
      <dst id="8">352.0622</dst>
      <dst id="18">356.7200</dst>
      <dst id="4">514.3289</dst>
      <dst id="1">189.5022</dst>
      <dst id="5">1616.6578</dst>
      <dst id="3">136.6489</dst>
      <dst id="10">297.2267</dst>
      <dst id="7">113.4222</dst>
      <dst id="2">3543.1378</dst>
      <dst id="16">45.2800</dst>
      <dst id="14">106.2844</dst>
      <dst id="11">28.3022</dst>
      <dst id="9">1617.5822</dst>
      <dst id="17">4543.6000</dst>
      <dst id="21">770.9244</dst>
    </src>
    <src id="7">
      <dst id="12">10086.4000</dst>
      <dst id="13">13971.4222</dst>
      <dst id="19">4583.4667</dst>
      <dst id="23">231.6800</dst>
      <dst id="8">40.7111</dst>
      <dst id="18">67.3956</dst>
      <dst id="4">923.6444</dst>
      <dst id="1">2110.4800</dst>
      <dst id="5">66.3022</dst>
      <dst id="3">257.0222</dst>
      <dst id="10">816.2933</dst>
      <dst id="22">531.3422</dst>
      <dst id="7">14.8356</dst>
      <dst id="2">19698.5422</dst>
      <dst id="16">463.7244</dst>
      <dst id="14">134.0800</dst>
      <dst id="20">226.7733</dst>
      <dst id="11">1086.2489</dst>
      <dst id="9">72.8444</dst>
      <dst id="17">2193.9556</dst>
      <dst id="21">1503.0133</dst>
      <dst id="15">16.9156</dst>
    </src>
    <src id="2">
      <dst id="12">129397.5467</dst>
      <dst id="13">16914.6044</dst>
      <dst id="19">1156.8533</dst>
      <dst id="23">19.3422</dst>
      <dst id="8">70.5511</dst>
      <dst id="18">42259.4667</dst>
      <dst id="4">3369.4044</dst>
      <dst id="1">10016.0267</dst>
      <dst id="5">686.1778</dst>
      <dst id="3">37.9022</dst>
      <dst id="10">2682.4089</dst>
      <dst id="22">1374.2044</dst>
      <dst id="7">5547.4756</dst>
      <dst id="2">3182.0000</dst>
      <dst id="6">23.9111</dst>
      <dst id="16">150.1333</dst>
      <dst id="14">895.6711</dst>
      <dst id="20">1645.3067</dst>
      <dst id="11">693.9556</dst>
      <dst id="9">1493.5911</dst>
      <dst id="17">17480.1422</dst>
      <dst id="21">8019.2089</dst>
      <dst id="15">154.9422</dst>
    </src>
    <src id="6">
      <dst id="12">197.8222</dst>
      <dst id="13">81.2711</dst>
      <dst id="19">21.9378</dst>
      <dst id="4">1.4933</dst>
      <dst id="1">865.8844</dst>
      <dst id="5">1.6356</dst>
      <dst id="3">1.3600</dst>
      <dst id="10">0.4178</dst>
      <dst id="22">11.4667</dst>
      <dst id="7">5.1022</dst>
      <dst id="2">164.4800</dst>
      <dst id="16">182.7200</dst>
      <dst id="11">10.7822</dst>
      <dst id="9">2191.2889</dst>
      <dst id="17">24647.1644</dst>
      <dst id="21">68.3644</dst>
      <dst id="15">0.3733</dst>
    </src>
    <src id="16">
      <dst id="12">142174.4178</dst>
      <dst id="13">2122.2667</dst>
      <dst id="19">5287.8044</dst>
      <dst id="23">1.7422</dst>
      <dst id="8">101828.5333</dst>
      <dst id="18">51.7244</dst>
      <dst id="4">212.4089</dst>
      <dst id="1">25202.1689</dst>
      <dst id="5">317288.3733</dst>
      <dst id="3">4070.5867</dst>
      <dst id="10">410.5422</dst>
      <dst id="22">1.3956</dst>
      <dst id="2">559.0844</dst>
      <dst id="16">21893.8756</dst>
      <dst id="14">40169.0933</dst>
      <dst id="11">14458.0889</dst>
      <dst id="9">208170.7200</dst>
      <dst id="17">4858.4800</dst>
      <dst id="21">158.1778</dst>
    </src>
    <src id="14">
      <dst id="12">766.4978</dst>
      <dst id="13">222.4889</dst>
      <dst id="19">14.8089</dst>
      <dst id="23">1.6178</dst>
      <dst id="4">375.2533</dst>
      <dst id="1">2537.6000</dst>
      <dst id="5">2.6489</dst>
      <dst id="3">669.9378</dst>
      <dst id="10">251.8222</dst>
      <dst id="7">25.2978</dst>
      <dst id="2">195.3689</dst>
      <dst id="16">4547.4133</dst>
      <dst id="20">15.1733</dst>
      <dst id="11">51.4133</dst>
      <dst id="9">1270.3733</dst>
      <dst id="17">32613.0756</dst>
      <dst id="21">146.2222</dst>
      <dst id="15">2.1422</dst>
    </src>
    <src id="20">
      <dst id="12">221.6533</dst>
      <dst id="13">2027.1467</dst>
      <dst id="19">5.1467</dst>
      <dst id="8">0.4267</dst>
      <dst id="18">170.9067</dst>
      <dst id="4">177.5822</dst>
      <dst id="1">3286.6222</dst>
      <dst id="5">5754.3733</dst>
      <dst id="10">1002.1867</dst>
      <dst id="7">31.3689</dst>
      <dst id="2">415.7956</dst>
      <dst id="16">6717.7511</dst>
      <dst id="14">14.7022</dst>
      <dst id="20">31.4578</dst>
      <dst id="11">42.8178</dst>
      <dst id="9">1050.8444</dst>
      <dst id="17">7021.0044</dst>
      <dst id="21">117.8311</dst>
    </src>
    <src id="11">
      <dst id="12">36221.4311</dst>
      <dst id="13">3860.8978</dst>
      <dst id="19">124.5244</dst>
      <dst id="23">22.6578</dst>
      <dst id="8">907.9911</dst>
      <dst id="18">2790.5156</dst>
      <dst id="4">1270.5511</dst>
      <dst id="1">37729.3778</dst>
      <dst id="5">1534.5867</dst>
      <dst id="3">1003.6267</dst>
      <dst id="10">1180.5422</dst>
      <dst id="22">160.9867</dst>
      <dst id="2">5484.6844</dst>
      <dst id="16">18249.8400</dst>
      <dst id="14">134.3733</dst>
      <dst id="20">87.2356</dst>
      <dst id="11">1619.9822</dst>
      <dst id="9">60132.5778</dst>
      <dst id="17">569245.8400</dst>
      <dst id="21">508.6489</dst>
      <dst id="15">116.4978</dst>
    </src>
    <src id="9">
      <dst id="12">25923.0667</dst>
      <dst id="13">1663.6356</dst>
      <dst id="19">12.3822</dst>
      <dst id="23">103.6089</dst>
      <dst id="8">92627.5111</dst>
      <dst id="18">40.5067</dst>
      <dst id="4">636.8711</dst>
      <dst id="1">3941.5822</dst>
      <dst id="5">1695.5378</dst>
      <dst id="3">884.1689</dst>
      <dst id="10">1625.7689</dst>
      <dst id="22">144.8444</dst>
      <dst id="2">414.3378</dst>
      <dst id="16">495407.4756</dst>
      <dst id="14">46.4978</dst>
      <dst id="11">149.3156</dst>
      <dst id="9">336003.9467</dst>
      <dst id="17">43815.8489</dst>
      <dst id="21">226.0356</dst>
      <dst id="15">1230.9778</dst>
    </src>
    <src id="17">
      <dst id="12">96121.0933</dst>
      <dst id="13">18488.8089</dst>
      <dst id="19">6770.8622</dst>
      <dst id="23">110.7022</dst>
      <dst id="8">286.4889</dst>
      <dst id="18">2102.5156</dst>
      <dst id="4">8025.3067</dst>
      <dst id="1">5639.6267</dst>
      <dst id="5">194203.7956</dst>
      <dst id="3">4084.2044</dst>
      <dst id="10">10552.9867</dst>
      <dst id="22">482.7467</dst>
      <dst id="7">13034.7200</dst>
      <dst id="2">10233.7956</dst>
      <dst id="16">91564.3644</dst>
      <dst id="14">13712.5778</dst>
      <dst id="20">3379.5644</dst>
      <dst id="11">14784.9422</dst>
      <dst id="9">12257.0133</dst>
      <dst id="17">21005.5556</dst>
      <dst id="21">3679.3333</dst>
      <dst id="15">85.7689</dst>
    </src>
    <src id="21">
      <dst id="12">866.8978</dst>
      <dst id="13">5334.4000</dst>
      <dst id="19">454.7022</dst>
      <dst id="23">54.6756</dst>
      <dst id="8">139.2889</dst>
      <dst id="18">1739.3778</dst>
      <dst id="4">1034.6311</dst>
      <dst id="1">4309.4489</dst>
      <dst id="5">915.2533</dst>
      <dst id="3">4100.5156</dst>
      <dst id="10">484.2044</dst>
      <dst id="22">110.8711</dst>
      <dst id="7">794.2667</dst>
      <dst id="2">2212.8000</dst>
      <dst id="6">0.5422</dst>
      <dst id="16">11279.1200</dst>
      <dst id="14">179.3333</dst>
      <dst id="20">290.5600</dst>
      <dst id="11">477.3689</dst>
      <dst id="9">2034.9422</dst>
      <dst id="17">25751.0133</dst>
      <dst id="21">5957.6356</dst>
      <dst id="15">256.9689</dst>
    </src>
    <src id="15">
      <dst id="12">185.6178</dst>
      <dst id="13">241.1556</dst>
      <dst id="19">30.6133</dst>
      <dst id="23">0.9244</dst>
      <dst id="18">106.0356</dst>
      <dst id="4">138.1067</dst>
      <dst id="1">60.3022</dst>
      <dst id="5">651.0489</dst>
      <dst id="10">4078.9422</dst>
      <dst id="2">39.1467</dst>
      <dst id="16">713.9200</dst>
      <dst id="11">13.3333</dst>
      <dst id="9">8264.5511</dst>
      <dst id="17">332.6400</dst>
      <dst id="21">2.6756</dst>
    </src>
  </IntraTM>
</TrafficMatrixFile>
