<?xml version="1.0" encoding="UTF-8" standalone="yes"?>
<TrafficMatrixFile xmlns:xsi="http://www.w3.org/2001/XMLSchema-instance" xsi:noNamespaceSchemaLocation="http://totem.run.montefiore.ulg.ac.be/Schema/TrafficMatrix-v1_2.xsd">
  <info>
    <title>Intradomain traffic matrix generated by geant-TM-all.pl</title>
    <date>2005-04-28T20:30:00</date>
    <duration>900</duration>
    <author>Steve Uhlig</author>
    <units>
        <unit type="bandwidth" value="kbps"/>
    </units>
  </info>
  <IntraTM ASID="20965">
    <src id="12">
      <dst id="12">545038.4444</dst>
      <dst id="13">43774.2844</dst>
      <dst id="19">2674.8622</dst>
      <dst id="23">12599.0844</dst>
      <dst id="8">2992.6756</dst>
      <dst id="18">93183.9556</dst>
      <dst id="4">4991.6978</dst>
      <dst id="1">12832.8267</dst>
      <dst id="5">2820.0800</dst>
      <dst id="3">6943.8400</dst>
      <dst id="10">8456.6489</dst>
      <dst id="22">3941.5733</dst>
      <dst id="7">10967.4489</dst>
      <dst id="2">20926.8711</dst>
      <dst id="16">28789.2356</dst>
      <dst id="14">316.7911</dst>
      <dst id="20">4638.6133</dst>
      <dst id="11">891.4222</dst>
      <dst id="9">35483.4400</dst>
      <dst id="17">78315.6622</dst>
      <dst id="21">4132.2578</dst>
      <dst id="15">1694.2578</dst>
    </src>
    <src id="13">
      <dst id="12">39974.2133</dst>
      <dst id="13">152.0444</dst>
      <dst id="19">7032.1778</dst>
      <dst id="23">1623.8311</dst>
      <dst id="8">2066.4356</dst>
      <dst id="18">623.1733</dst>
      <dst id="4">3.2356</dst>
      <dst id="1">4501.2089</dst>
      <dst id="5">2255.8756</dst>
      <dst id="3">176.2578</dst>
      <dst id="22">724.5867</dst>
      <dst id="7">1621.0044</dst>
      <dst id="2">8053.6622</dst>
      <dst id="16">1208.9867</dst>
      <dst id="14">48.9867</dst>
      <dst id="20">10238.8533</dst>
      <dst id="11">581.1111</dst>
      <dst id="9">14986.6933</dst>
      <dst id="17">18369.6356</dst>
      <dst id="21">2217.6089</dst>
      <dst id="15">2786.8356</dst>
    </src>
    <src id="19">
      <dst id="12">38672.2844</dst>
      <dst id="13">3683.3511</dst>
      <dst id="23">36.7644</dst>
      <dst id="8">24.3467</dst>
      <dst id="18">67.9467</dst>
      <dst id="4">2006.4889</dst>
      <dst id="1">349.5378</dst>
      <dst id="5">23.5733</dst>
      <dst id="3">15.6800</dst>
      <dst id="10">220.8267</dst>
      <dst id="22">19.2356</dst>
      <dst id="7">2283.8844</dst>
      <dst id="2">6686.0978</dst>
      <dst id="6">0.9422</dst>
      <dst id="16">395.4044</dst>
      <dst id="14">22.1156</dst>
      <dst id="20">115.3511</dst>
      <dst id="11">6.3556</dst>
      <dst id="9">295.3867</dst>
      <dst id="17">1892.8711</dst>
      <dst id="21">492.6133</dst>
      <dst id="15">10.3644</dst>
    </src>
    <src id="23">
      <dst id="12">5202.3200</dst>
      <dst id="13">2137.3689</dst>
      <dst id="19">1122.6756</dst>
      <dst id="8">13.3333</dst>
      <dst id="18">76.7289</dst>
      <dst id="4">1000.6667</dst>
      <dst id="1">196.5244</dst>
      <dst id="5">325.2889</dst>
      <dst id="3">79.6444</dst>
      <dst id="10">286.3467</dst>
      <dst id="22">216.8000</dst>
      <dst id="7">334.2311</dst>
      <dst id="2">227.8667</dst>
      <dst id="14">12.4444</dst>
      <dst id="20">34.7822</dst>
      <dst id="11">44.5600</dst>
      <dst id="9">1767.9733</dst>
      <dst id="17">4920.4267</dst>
      <dst id="21">1362.7467</dst>
    </src>
    <src id="8">
      <dst id="12">8524.6311</dst>
      <dst id="13">1390.3378</dst>
      <dst id="19">111.1467</dst>
      <dst id="23">0.4622</dst>
      <dst id="18">8.0622</dst>
      <dst id="4">110.3111</dst>
      <dst id="1">2911.2800</dst>
      <dst id="5">911.1733</dst>
      <dst id="3">489.9822</dst>
      <dst id="10">372.3644</dst>
      <dst id="2">5152.1333</dst>
      <dst id="16">304610.3111</dst>
      <dst id="14">0.7111</dst>
      <dst id="11">54.6667</dst>
      <dst id="9">101032.5600</dst>
      <dst id="17">31103.5822</dst>
      <dst id="21">18.4800</dst>
      <dst id="15">281.4222</dst>
    </src>
    <src id="18">
      <dst id="12">138479.8133</dst>
      <dst id="13">502.2933</dst>
      <dst id="19">49.5200</dst>
      <dst id="23">11.1644</dst>
      <dst id="8">40.0000</dst>
      <dst id="4">192.5956</dst>
      <dst id="1">1253.5733</dst>
      <dst id="5">120.6933</dst>
      <dst id="3">3493.1644</dst>
      <dst id="10">104.6311</dst>
      <dst id="22">98.7111</dst>
      <dst id="7">2961.2978</dst>
      <dst id="2">4390.1511</dst>
      <dst id="16">438.4000</dst>
      <dst id="20">59.9644</dst>
      <dst id="11">26.4178</dst>
      <dst id="9">8819.7778</dst>
      <dst id="17">3897.6178</dst>
      <dst id="21">1381.9911</dst>
      <dst id="15">1.9200</dst>
    </src>
    <src id="4">
      <dst id="12">36269.7333</dst>
      <dst id="13">160.5600</dst>
      <dst id="19">13370.6489</dst>
      <dst id="23">9593.6889</dst>
      <dst id="8">3805.2444</dst>
      <dst id="18">8587.0222</dst>
      <dst id="4">4035.9022</dst>
      <dst id="1">102292.6489</dst>
      <dst id="5">8132.4178</dst>
      <dst id="3">579.2622</dst>
      <dst id="7">28.3467</dst>
      <dst id="2">156657.9822</dst>
      <dst id="16">182469.6089</dst>
      <dst id="14">5818.1778</dst>
      <dst id="11">1336.1067</dst>
      <dst id="9">42359.1644</dst>
      <dst id="17">105764.2133</dst>
      <dst id="21">36557.9378</dst>
      <dst id="15">7756.7911</dst>
    </src>
    <src id="1">
      <dst id="12">38115.2711</dst>
      <dst id="13">14561.9022</dst>
      <dst id="19">731.7244</dst>
      <dst id="23">96.5956</dst>
      <dst id="8">195.6000</dst>
      <dst id="18">13902.8889</dst>
      <dst id="4">4967.2267</dst>
      <dst id="1">76411.4933</dst>
      <dst id="5">1341.4222</dst>
      <dst id="3">1516.8444</dst>
      <dst id="10">371.8044</dst>
      <dst id="7">4927.1644</dst>
      <dst id="2">10799.8756</dst>
      <dst id="16">49016.2311</dst>
      <dst id="14">127.2178</dst>
      <dst id="20">214.6222</dst>
      <dst id="11">110.7111</dst>
      <dst id="9">13928.8267</dst>
      <dst id="17">19139.6533</dst>
      <dst id="21">39011.9556</dst>
      <dst id="15">2540.3822</dst>
    </src>
    <src id="5">
      <dst id="12">9129.9556</dst>
      <dst id="13">2807.0044</dst>
      <dst id="19">138.7111</dst>
      <dst id="23">10.9156</dst>
      <dst id="8">12114.5333</dst>
      <dst id="18">177.4133</dst>
      <dst id="4">533.1822</dst>
      <dst id="1">6318.7822</dst>
      <dst id="3">380.1422</dst>
      <dst id="10">810.2756</dst>
      <dst id="2">225.0844</dst>
      <dst id="16">399974.8622</dst>
      <dst id="14">25.1556</dst>
      <dst id="11">39.3689</dst>
      <dst id="9">100906.2133</dst>
      <dst id="17">37324.3200</dst>
      <dst id="21">74.9333</dst>
      <dst id="15">88.6311</dst>
    </src>
    <src id="3">
      <dst id="12">3415.5289</dst>
      <dst id="13">29861.0133</dst>
      <dst id="19">1347.8222</dst>
      <dst id="23">761.6356</dst>
      <dst id="8">9.9911</dst>
      <dst id="18">223.2800</dst>
      <dst id="4">868.1689</dst>
      <dst id="1">50123.6622</dst>
      <dst id="5">1118.9867</dst>
      <dst id="3">143.0756</dst>
      <dst id="10">663.2978</dst>
      <dst id="7">48866.0356</dst>
      <dst id="2">2775.8489</dst>
      <dst id="16">15071.5556</dst>
      <dst id="14">48.3467</dst>
      <dst id="20">809.6978</dst>
      <dst id="11">559.1733</dst>
      <dst id="9">3069.2711</dst>
      <dst id="17">21591.0667</dst>
      <dst id="21">1732.1778</dst>
      <dst id="15">56.9867</dst>
    </src>
    <src id="10">
      <dst id="12">10005.1200</dst>
      <dst id="13">1342.5956</dst>
      <dst id="19">1327.3067</dst>
      <dst id="23">932.0000</dst>
      <dst id="8">812.3733</dst>
      <dst id="18">5107.9822</dst>
      <dst id="1">3029.5556</dst>
      <dst id="5">1651.2178</dst>
      <dst id="3">4178.8889</dst>
      <dst id="2">18718.4000</dst>
      <dst id="16">47922.0533</dst>
      <dst id="14">4614.5689</dst>
      <dst id="20">1987.1822</dst>
      <dst id="11">367.3511</dst>
      <dst id="9">4912.1511</dst>
      <dst id="17">53547.8667</dst>
      <dst id="21">5846.0800</dst>
      <dst id="15">1158.2844</dst>
    </src>
    <src id="22">
      <dst id="12">18780.7467</dst>
      <dst id="13">10042.1778</dst>
      <dst id="19">545.8844</dst>
      <dst id="23">44.5156</dst>
      <dst id="8">1663.0133</dst>
      <dst id="18">677.9378</dst>
      <dst id="4">1657.6889</dst>
      <dst id="1">994.3111</dst>
      <dst id="5">1611.6444</dst>
      <dst id="3">151.3067</dst>
      <dst id="10">408.0444</dst>
      <dst id="7">1592.9333</dst>
      <dst id="2">5213.8667</dst>
      <dst id="16">140.8000</dst>
      <dst id="14">81.5289</dst>
      <dst id="11">655.2711</dst>
      <dst id="9">3711.1111</dst>
      <dst id="17">11805.4667</dst>
      <dst id="21">432.7378</dst>
    </src>
    <src id="7">
      <dst id="12">26614.7289</dst>
      <dst id="13">15878.8178</dst>
      <dst id="19">2378.2400</dst>
      <dst id="23">91.4578</dst>
      <dst id="8">945.4844</dst>
      <dst id="18">463.3600</dst>
      <dst id="4">3091.4756</dst>
      <dst id="1">6938.6578</dst>
      <dst id="5">62.2667</dst>
      <dst id="3">8119.1644</dst>
      <dst id="10">1017.6711</dst>
      <dst id="22">162.2578</dst>
      <dst id="7">17.4133</dst>
      <dst id="2">9549.7867</dst>
      <dst id="16">542.7644</dst>
      <dst id="14">81.6978</dst>
      <dst id="20">562.0711</dst>
      <dst id="11">20.0178</dst>
      <dst id="9">1456.2311</dst>
      <dst id="17">6722.4622</dst>
      <dst id="21">4248.6844</dst>
      <dst id="15">33.7067</dst>
    </src>
    <src id="2">
      <dst id="12">175336.9333</dst>
      <dst id="13">26526.5600</dst>
      <dst id="19">4078.7644</dst>
      <dst id="23">32.4267</dst>
      <dst id="8">4102.8711</dst>
      <dst id="18">83849.5822</dst>
      <dst id="4">1646.1689</dst>
      <dst id="1">43841.7422</dst>
      <dst id="5">1130.2667</dst>
      <dst id="3">469.0222</dst>
      <dst id="10">3650.1600</dst>
      <dst id="22">702.5956</dst>
      <dst id="7">10114.7911</dst>
      <dst id="2">5605.1289</dst>
      <dst id="6">60.7378</dst>
      <dst id="16">388.5689</dst>
      <dst id="14">441.0756</dst>
      <dst id="20">3375.5289</dst>
      <dst id="11">895.0933</dst>
      <dst id="9">4678.4444</dst>
      <dst id="17">23281.5289</dst>
      <dst id="21">2446.7556</dst>
      <dst id="15">167.4222</dst>
    </src>
    <src id="6">
      <dst id="12">2122.5867</dst>
      <dst id="13">33.4933</dst>
      <dst id="19">80.1778</dst>
      <dst id="23">25.7956</dst>
      <dst id="8">0.3556</dst>
      <dst id="18">18.4089</dst>
      <dst id="4">0.8178</dst>
      <dst id="1">280.0711</dst>
      <dst id="5">0.5333</dst>
      <dst id="3">109.3333</dst>
      <dst id="10">1.4222</dst>
      <dst id="22">12.8533</dst>
      <dst id="7">5.6711</dst>
      <dst id="2">552.1067</dst>
      <dst id="16">63.7422</dst>
      <dst id="20">37.1111</dst>
      <dst id="11">47.0222</dst>
      <dst id="9">1803.6622</dst>
      <dst id="17">25096.6933</dst>
      <dst id="21">44.3733</dst>
      <dst id="15">25.0844</dst>
    </src>
    <src id="16">
      <dst id="12">274237.3333</dst>
      <dst id="13">1356.6133</dst>
      <dst id="19">3805.7867</dst>
      <dst id="23">5.2800</dst>
      <dst id="8">167078.2489</dst>
      <dst id="18">131.3689</dst>
      <dst id="4">734.4444</dst>
      <dst id="1">37681.1289</dst>
      <dst id="5">337876.6400</dst>
      <dst id="3">11459.3778</dst>
      <dst id="10">90.7911</dst>
      <dst id="2">1630.8889</dst>
      <dst id="16">48823.8489</dst>
      <dst id="14">75585.7511</dst>
      <dst id="11">43884.6400</dst>
      <dst id="9">357473.6089</dst>
      <dst id="17">8812.7022</dst>
      <dst id="21">13.8667</dst>
    </src>
    <src id="14">
      <dst id="12">1774.1600</dst>
      <dst id="13">506.3822</dst>
      <dst id="19">42.4711</dst>
      <dst id="8">5.0044</dst>
      <dst id="18">0.9244</dst>
      <dst id="4">145.0311</dst>
      <dst id="1">577.4489</dst>
      <dst id="5">0.7111</dst>
      <dst id="3">1467.1111</dst>
      <dst id="10">166.5778</dst>
      <dst id="7">562.8978</dst>
      <dst id="2">317.7511</dst>
      <dst id="16">6655.3422</dst>
      <dst id="11">10.0089</dst>
      <dst id="9">1227.5200</dst>
      <dst id="17">26658.8889</dst>
      <dst id="21">108.8444</dst>
      <dst id="15">1.2889</dst>
    </src>
    <src id="20">
      <dst id="12">386.3200</dst>
      <dst id="13">3136.2489</dst>
      <dst id="19">70.4444</dst>
      <dst id="23">13.0844</dst>
      <dst id="8">478.4622</dst>
      <dst id="18">1653.2356</dst>
      <dst id="4">433.3067</dst>
      <dst id="1">221.0400</dst>
      <dst id="5">235.2089</dst>
      <dst id="3">33.8667</dst>
      <dst id="10">90.4533</dst>
      <dst id="22">527.9022</dst>
      <dst id="7">3630.4267</dst>
      <dst id="2">3549.3956</dst>
      <dst id="16">17340.2400</dst>
      <dst id="20">39.3067</dst>
      <dst id="11">39.2889</dst>
      <dst id="9">1484.7289</dst>
      <dst id="17">10980.5956</dst>
      <dst id="21">623.5733</dst>
    </src>
    <src id="11">
      <dst id="12">62284.3733</dst>
      <dst id="13">9321.3600</dst>
      <dst id="19">609.6711</dst>
      <dst id="23">60.4978</dst>
      <dst id="8">1342.7022</dst>
      <dst id="18">122.8267</dst>
      <dst id="4">1094.7644</dst>
      <dst id="1">4008.8711</dst>
      <dst id="5">2280.6667</dst>
      <dst id="3">1395.7333</dst>
      <dst id="10">891.8667</dst>
      <dst id="2">5204.9956</dst>
      <dst id="16">40637.5111</dst>
      <dst id="14">46.4978</dst>
      <dst id="20">1624.3644</dst>
      <dst id="11">1753.1733</dst>
      <dst id="9">74362.7733</dst>
      <dst id="17">732622.8533</dst>
      <dst id="21">1296.8533</dst>
      <dst id="15">598.1422</dst>
    </src>
    <src id="9">
      <dst id="12">16979.2622</dst>
      <dst id="13">3043.9911</dst>
      <dst id="19">158.8711</dst>
      <dst id="23">3.3244</dst>
      <dst id="8">175313.1911</dst>
      <dst id="18">158.9778</dst>
      <dst id="4">703.3600</dst>
      <dst id="1">8036.4356</dst>
      <dst id="5">992.0444</dst>
      <dst id="3">2523.6533</dst>
      <dst id="10">457.7333</dst>
      <dst id="2">436.1867</dst>
      <dst id="16">526869.3511</dst>
      <dst id="14">6.3289</dst>
      <dst id="11">37.3956</dst>
      <dst id="9">455063.2089</dst>
      <dst id="17">56622.3911</dst>
      <dst id="21">57.5556</dst>
      <dst id="15">3135.9733</dst>
    </src>
    <src id="17">
      <dst id="12">218434.5867</dst>
      <dst id="13">27657.4756</dst>
      <dst id="19">5799.9556</dst>
      <dst id="23">1340.3111</dst>
      <dst id="8">2014.4178</dst>
      <dst id="18">3477.8400</dst>
      <dst id="4">13221.7156</dst>
      <dst id="1">4145.8222</dst>
      <dst id="5">253875.9733</dst>
      <dst id="3">14830.8000</dst>
      <dst id="10">11873.2800</dst>
      <dst id="7">25574.7911</dst>
      <dst id="2">25340.5422</dst>
      <dst id="16">88963.9111</dst>
      <dst id="14">25324.4533</dst>
      <dst id="20">1798.4356</dst>
      <dst id="11">35215.8844</dst>
      <dst id="9">28805.0044</dst>
      <dst id="17">22443.1378</dst>
      <dst id="21">3789.2356</dst>
      <dst id="15">755.5378</dst>
    </src>
    <src id="21">
      <dst id="12">5029.5733</dst>
      <dst id="13">2311.4044</dst>
      <dst id="19">172.3111</dst>
      <dst id="23">30.3733</dst>
      <dst id="8">460.6311</dst>
      <dst id="18">883.5378</dst>
      <dst id="4">2180.0267</dst>
      <dst id="1">4153.3333</dst>
      <dst id="5">1402.6933</dst>
      <dst id="3">3371.9911</dst>
      <dst id="10">287.0933</dst>
      <dst id="7">4310.0978</dst>
      <dst id="2">3701.2356</dst>
      <dst id="6">0.3556</dst>
      <dst id="16">8658.5778</dst>
      <dst id="14">107.2889</dst>
      <dst id="20">204.7289</dst>
      <dst id="11">361.6622</dst>
      <dst id="9">5053.4133</dst>
      <dst id="17">30047.6533</dst>
      <dst id="21">893.0933</dst>
      <dst id="15">141.9111</dst>
    </src>
    <src id="15">
      <dst id="12">154.8800</dst>
      <dst id="13">536.3289</dst>
      <dst id="19">68.4178</dst>
      <dst id="8">432.3822</dst>
      <dst id="18">13.7600</dst>
      <dst id="4">422.5956</dst>
      <dst id="1">662.4978</dst>
      <dst id="5">429.2178</dst>
      <dst id="3">0.4444</dst>
      <dst id="10">52.6133</dst>
      <dst id="2">17.9289</dst>
      <dst id="16">1995.1644</dst>
      <dst id="14">0.3556</dst>
      <dst id="11">13.6889</dst>
      <dst id="9">3993.7422</dst>
      <dst id="17">13425.3867</dst>
      <dst id="21">0.9067</dst>
    </src>
  </IntraTM>
</TrafficMatrixFile>
