<?xml version="1.0" encoding="UTF-8" standalone="yes"?>
<TrafficMatrixFile xmlns:xsi="http://www.w3.org/2001/XMLSchema-instance" xsi:noNamespaceSchemaLocation="http://totem.run.montefiore.ulg.ac.be/Schema/TrafficMatrix-v1_2.xsd">
  <info>
    <title>Intradomain traffic matrix generated by geant-TM-all.pl</title>
    <date>2005-04-05T10:30:00</date>
    <duration>900</duration>
    <author>Steve Uhlig</author>
    <units>
        <unit type="bandwidth" value="kbps"/>
    </units>
  </info>
  <IntraTM ASID="20965">
    <src id="12">
      <dst id="12">341056.4178</dst>
      <dst id="13">27366.0889</dst>
      <dst id="19">1873.9200</dst>
      <dst id="23">2982.4711</dst>
      <dst id="8">63.9911</dst>
      <dst id="18">58666.6222</dst>
      <dst id="4">4566.8889</dst>
      <dst id="1">27644.6133</dst>
      <dst id="5">2008.8533</dst>
      <dst id="3">367.5111</dst>
      <dst id="10">831.8044</dst>
      <dst id="22">13890.5422</dst>
      <dst id="7">5105.5733</dst>
      <dst id="2">18990.9867</dst>
      <dst id="16">7778.4622</dst>
      <dst id="14">267.0133</dst>
      <dst id="20">3337.2711</dst>
      <dst id="11">43.4756</dst>
      <dst id="9">1646.8800</dst>
      <dst id="17">41369.2711</dst>
      <dst id="21">284.1244</dst>
      <dst id="15">527.5200</dst>
    </src>
    <src id="13">
      <dst id="12">15818.1244</dst>
      <dst id="13">99.9289</dst>
      <dst id="19">1028.9422</dst>
      <dst id="23">47.4222</dst>
      <dst id="8">20.6489</dst>
      <dst id="18">201.5111</dst>
      <dst id="4">1.2800</dst>
      <dst id="1">11538.2133</dst>
      <dst id="5">325.0933</dst>
      <dst id="3">4.7467</dst>
      <dst id="22">2947.4044</dst>
      <dst id="7">41.6978</dst>
      <dst id="2">3220.8978</dst>
      <dst id="16">3160.0978</dst>
      <dst id="14">34.8622</dst>
      <dst id="20">806.4000</dst>
      <dst id="11">110.5156</dst>
      <dst id="9">45.7333</dst>
      <dst id="17">7520.5333</dst>
      <dst id="21">302.2844</dst>
      <dst id="15">4.2756</dst>
    </src>
    <src id="19">
      <dst id="12">32184.7289</dst>
      <dst id="13">482.6756</dst>
      <dst id="23">1.3867</dst>
      <dst id="8">0.9956</dst>
      <dst id="18">0.4622</dst>
      <dst id="4">51.6533</dst>
      <dst id="1">43.4756</dst>
      <dst id="5">0.5600</dst>
      <dst id="10">3.2356</dst>
      <dst id="22">4692.2756</dst>
      <dst id="7">440.3378</dst>
      <dst id="2">292.9778</dst>
      <dst id="16">134.7200</dst>
      <dst id="14">2.9600</dst>
      <dst id="20">0.9778</dst>
      <dst id="11">0.4978</dst>
      <dst id="9">1065.0044</dst>
      <dst id="17">10772.5333</dst>
      <dst id="21">30.7733</dst>
    </src>
    <src id="23">
      <dst id="12">720.0356</dst>
      <dst id="13">275.6444</dst>
      <dst id="19">93.3333</dst>
      <dst id="18">860.7733</dst>
      <dst id="4">44.9156</dst>
      <dst id="1">100.2311</dst>
      <dst id="10">28.9333</dst>
      <dst id="22">816.8089</dst>
      <dst id="7">4.4800</dst>
      <dst id="2">147.1556</dst>
      <dst id="16">31.9022</dst>
      <dst id="14">1.1644</dst>
      <dst id="11">25.7067</dst>
      <dst id="9">0.4622</dst>
      <dst id="17">2060.3022</dst>
      <dst id="21">26.2578</dst>
    </src>
    <src id="8">
      <dst id="12">7200.3911</dst>
      <dst id="13">41.9556</dst>
      <dst id="19">2.6489</dst>
      <dst id="23">0.4267</dst>
      <dst id="18">13.3333</dst>
      <dst id="4">128.0178</dst>
      <dst id="1">1196.2578</dst>
      <dst id="5">617.7067</dst>
      <dst id="3">121.6444</dst>
      <dst id="10">141.7511</dst>
      <dst id="2">10.7111</dst>
      <dst id="16">158709.0400</dst>
      <dst id="11">0.4622</dst>
      <dst id="9">43241.0844</dst>
      <dst id="17">16078.7911</dst>
      <dst id="21">1.7867</dst>
      <dst id="15">1.2356</dst>
    </src>
    <src id="18">
      <dst id="12">93670.4622</dst>
      <dst id="13">721.9822</dst>
      <dst id="19">10.0356</dst>
      <dst id="23">22.2578</dst>
      <dst id="8">0.7111</dst>
      <dst id="4">37.5556</dst>
      <dst id="1">774.8533</dst>
      <dst id="5">56.6489</dst>
      <dst id="3">1055.8578</dst>
      <dst id="10">1.4311</dst>
      <dst id="22">113.2889</dst>
      <dst id="7">2.0711</dst>
      <dst id="2">9498.5511</dst>
      <dst id="16">348.3111</dst>
      <dst id="14">0.6489</dst>
      <dst id="20">2858.1156</dst>
      <dst id="11">13.3333</dst>
      <dst id="9">136.1867</dst>
      <dst id="17">2900.8800</dst>
      <dst id="21">90.3644</dst>
      <dst id="15">0.3378</dst>
    </src>
    <src id="4">
      <dst id="12">14761.4133</dst>
      <dst id="13">5.0756</dst>
      <dst id="19">11669.6622</dst>
      <dst id="23">142.3289</dst>
      <dst id="8">1711.8222</dst>
      <dst id="18">2155.1911</dst>
      <dst id="4">1067.2622</dst>
      <dst id="1">11491.9378</dst>
      <dst id="5">3805.2622</dst>
      <dst id="3">2.9244</dst>
      <dst id="22">695.5911</dst>
      <dst id="7">39.7511</dst>
      <dst id="2">155723.8044</dst>
      <dst id="16">58819.1022</dst>
      <dst id="14">2619.3067</dst>
      <dst id="11">506.3289</dst>
      <dst id="9">19871.3156</dst>
      <dst id="17">60815.8667</dst>
      <dst id="21">2143.1378</dst>
      <dst id="15">853.6444</dst>
    </src>
    <src id="1">
      <dst id="12">822022.1956</dst>
      <dst id="13">797.6089</dst>
      <dst id="19">127.6711</dst>
      <dst id="23">87.1733</dst>
      <dst id="8">0.4622</dst>
      <dst id="18">12335.1111</dst>
      <dst id="4">3030.2311</dst>
      <dst id="1">23938.6311</dst>
      <dst id="5">249.3778</dst>
      <dst id="3">3891.1467</dst>
      <dst id="10">59.6978</dst>
      <dst id="22">55.0578</dst>
      <dst id="7">1825.9022</dst>
      <dst id="2">18460.3200</dst>
      <dst id="16">420071.7778</dst>
      <dst id="14">48.3733</dst>
      <dst id="20">219.2533</dst>
      <dst id="11">1511.0400</dst>
      <dst id="9">923.4311</dst>
      <dst id="17">339564.0622</dst>
      <dst id="21">258194.6222</dst>
      <dst id="15">7186.1511</dst>
    </src>
    <src id="5">
      <dst id="12">9432.5956</dst>
      <dst id="13">569.6267</dst>
      <dst id="19">1.0667</dst>
      <dst id="8">78.4267</dst>
      <dst id="18">42.8978</dst>
      <dst id="4">125.5467</dst>
      <dst id="1">2070.3022</dst>
      <dst id="3">281.0667</dst>
      <dst id="10">158.2578</dst>
      <dst id="22">85.2089</dst>
      <dst id="2">105.3689</dst>
      <dst id="16">250354.0267</dst>
      <dst id="14">0.3556</dst>
      <dst id="9">33828.4889</dst>
      <dst id="17">20098.9244</dst>
      <dst id="21">42.8800</dst>
      <dst id="15">87.8311</dst>
    </src>
    <src id="3">
      <dst id="12">865.4222</dst>
      <dst id="13">32208.3733</dst>
      <dst id="19">609.6444</dst>
      <dst id="23">5.2622</dst>
      <dst id="8">15.1289</dst>
      <dst id="18">160.3022</dst>
      <dst id="4">1377.7067</dst>
      <dst id="1">19777.3067</dst>
      <dst id="5">130.3200</dst>
      <dst id="3">162.9333</dst>
      <dst id="10">332.8356</dst>
      <dst id="22">99.2800</dst>
      <dst id="7">265.2711</dst>
      <dst id="2">3332.8089</dst>
      <dst id="16">6464.6578</dst>
      <dst id="14">98.9244</dst>
      <dst id="20">11.7778</dst>
      <dst id="11">175.1289</dst>
      <dst id="9">405.4578</dst>
      <dst id="17">27250.7733</dst>
      <dst id="21">8975.6800</dst>
      <dst id="15">12.6667</dst>
    </src>
    <src id="10">
      <dst id="12">7554.7289</dst>
      <dst id="13">6.9244</dst>
      <dst id="19">7654.5600</dst>
      <dst id="23">5120.7111</dst>
      <dst id="8">23.5644</dst>
      <dst id="18">182.5511</dst>
      <dst id="1">297.3067</dst>
      <dst id="5">525.4756</dst>
      <dst id="3">1.5644</dst>
      <dst id="22">46.9511</dst>
      <dst id="2">7500.1067</dst>
      <dst id="16">13079.2622</dst>
      <dst id="14">4215.8400</dst>
      <dst id="20">565.9822</dst>
      <dst id="11">7.3867</dst>
      <dst id="9">5800.7644</dst>
      <dst id="17">24278.2044</dst>
      <dst id="21">1821.7600</dst>
      <dst id="15">334.2311</dst>
    </src>
    <src id="22">
      <dst id="12">7460.7200</dst>
      <dst id="13">1309.2089</dst>
      <dst id="19">83.4400</dst>
      <dst id="23">12.7289</dst>
      <dst id="8">18.5600</dst>
      <dst id="18">262.8533</dst>
      <dst id="4">1213.8311</dst>
      <dst id="1">121.2356</dst>
      <dst id="5">843.1289</dst>
      <dst id="3">3.0222</dst>
      <dst id="10">304.6400</dst>
      <dst id="7">58.8089</dst>
      <dst id="2">595.9378</dst>
      <dst id="16">178.8622</dst>
      <dst id="14">30.7733</dst>
      <dst id="11">146.6756</dst>
      <dst id="9">249.0311</dst>
      <dst id="17">930.7556</dst>
      <dst id="21">143.2089</dst>
    </src>
    <src id="7">
      <dst id="12">9753.6622</dst>
      <dst id="13">17795.7778</dst>
      <dst id="19">92.2400</dst>
      <dst id="23">19.1822</dst>
      <dst id="8">14.4889</dst>
      <dst id="18">5.6800</dst>
      <dst id="4">378.1333</dst>
      <dst id="1">18062.0800</dst>
      <dst id="5">13.6889</dst>
      <dst id="3">627.7333</dst>
      <dst id="10">476.6311</dst>
      <dst id="22">110.4178</dst>
      <dst id="2">8575.4756</dst>
      <dst id="16">202.2044</dst>
      <dst id="14">45.2800</dst>
      <dst id="20">1.0844</dst>
      <dst id="11">536.6756</dst>
      <dst id="9">2431.5200</dst>
      <dst id="17">1797.4489</dst>
      <dst id="21">1997.4844</dst>
      <dst id="15">3.3778</dst>
    </src>
    <src id="2">
      <dst id="12">59659.6800</dst>
      <dst id="13">25682.3733</dst>
      <dst id="19">317.2978</dst>
      <dst id="23">4.8444</dst>
      <dst id="8">1.4933</dst>
      <dst id="18">17994.1244</dst>
      <dst id="4">1389.6089</dst>
      <dst id="1">55233.1556</dst>
      <dst id="5">141.6800</dst>
      <dst id="3">67.6000</dst>
      <dst id="10">1139.2800</dst>
      <dst id="22">809.6000</dst>
      <dst id="7">827.6178</dst>
      <dst id="2">1168.0800</dst>
      <dst id="6">1.2089</dst>
      <dst id="16">393.2178</dst>
      <dst id="14">359.0489</dst>
      <dst id="20">44.2844</dst>
      <dst id="11">816.1956</dst>
      <dst id="9">253.2089</dst>
      <dst id="17">20748.8000</dst>
      <dst id="21">7413.7067</dst>
      <dst id="15">58.4178</dst>
    </src>
    <src id="6">
      <dst id="12">131.4756</dst>
      <dst id="13">212.4267</dst>
      <dst id="19">1.9644</dst>
      <dst id="18">0.4978</dst>
      <dst id="4">0.4267</dst>
      <dst id="1">115.6978</dst>
      <dst id="5">7.1733</dst>
      <dst id="3">3.3956</dst>
      <dst id="22">1.7422</dst>
      <dst id="2">1334.0533</dst>
      <dst id="16">4.2844</dst>
      <dst id="20">0.4622</dst>
      <dst id="9">5.2711</dst>
      <dst id="17">15319.7867</dst>
      <dst id="15">1.1378</dst>
    </src>
    <src id="16">
      <dst id="12">80407.6356</dst>
      <dst id="13">1044.5600</dst>
      <dst id="19">3535.4044</dst>
      <dst id="23">3.6267</dst>
      <dst id="8">41452.3200</dst>
      <dst id="18">3.6444</dst>
      <dst id="4">95.5200</dst>
      <dst id="1">8428.0267</dst>
      <dst id="5">165901.0578</dst>
      <dst id="3">1658.3467</dst>
      <dst id="10">61.2356</dst>
      <dst id="2">444.8800</dst>
      <dst id="16">10092.1867</dst>
      <dst id="14">21390.0000</dst>
      <dst id="11">10388.2400</dst>
      <dst id="9">141521.8844</dst>
      <dst id="17">1692.7378</dst>
      <dst id="21">0.4622</dst>
    </src>
    <src id="14">
      <dst id="12">844.9511</dst>
      <dst id="13">761.7244</dst>
      <dst id="19">2.1244</dst>
      <dst id="23">3.9556</dst>
      <dst id="4">50.4800</dst>
      <dst id="1">90.8978</dst>
      <dst id="3">724.8089</dst>
      <dst id="10">1554.8267</dst>
      <dst id="7">13.1200</dst>
      <dst id="2">1262.9867</dst>
      <dst id="16">1190.2222</dst>
      <dst id="20">0.4622</dst>
      <dst id="11">53.1022</dst>
      <dst id="9">203.9378</dst>
      <dst id="17">22251.8667</dst>
      <dst id="21">124.4000</dst>
      <dst id="15">0.8622</dst>
    </src>
    <src id="20">
      <dst id="12">3133.1556</dst>
      <dst id="13">1591.0489</dst>
      <dst id="19">2.3378</dst>
      <dst id="8">5.2800</dst>
      <dst id="18">262.5511</dst>
      <dst id="4">91.2089</dst>
      <dst id="1">5746.0356</dst>
      <dst id="5">1853.9022</dst>
      <dst id="10">2251.5644</dst>
      <dst id="2">147.8489</dst>
      <dst id="16">4482.0800</dst>
      <dst id="14">4.7467</dst>
      <dst id="20">41.8844</dst>
      <dst id="11">14.3822</dst>
      <dst id="9">503.4222</dst>
      <dst id="17">2604.4178</dst>
      <dst id="21">44.7111</dst>
    </src>
    <src id="11">
      <dst id="12">24930.7733</dst>
      <dst id="13">2438.5422</dst>
      <dst id="19">275.9467</dst>
      <dst id="23">31.4400</dst>
      <dst id="8">102.8533</dst>
      <dst id="18">145.6711</dst>
      <dst id="4">275.6178</dst>
      <dst id="1">9406.8889</dst>
      <dst id="5">479.8578</dst>
      <dst id="3">754.9778</dst>
      <dst id="10">559.1822</dst>
      <dst id="22">149.3600</dst>
      <dst id="2">50194.8978</dst>
      <dst id="16">6967.3422</dst>
      <dst id="14">42.9689</dst>
      <dst id="20">83.6356</dst>
      <dst id="11">763.1378</dst>
      <dst id="9">2617.8133</dst>
      <dst id="17">503139.1200</dst>
      <dst id="21">433.2533</dst>
      <dst id="15">169.6356</dst>
    </src>
    <src id="9">
      <dst id="12">23353.8756</dst>
      <dst id="13">1200.0178</dst>
      <dst id="19">217.6178</dst>
      <dst id="23">53.0133</dst>
      <dst id="8">30070.8978</dst>
      <dst id="18">149.9289</dst>
      <dst id="4">123.9378</dst>
      <dst id="1">5361.3600</dst>
      <dst id="5">382.0711</dst>
      <dst id="3">454.9156</dst>
      <dst id="10">247.1733</dst>
      <dst id="22">5.9378</dst>
      <dst id="2">85.2089</dst>
      <dst id="16">405321.5289</dst>
      <dst id="14">722.3289</dst>
      <dst id="11">15.8578</dst>
      <dst id="9">202456.1600</dst>
      <dst id="17">47258.2578</dst>
      <dst id="21">0.7111</dst>
      <dst id="15">430.2489</dst>
    </src>
    <src id="17">
      <dst id="12">45307.6000</dst>
      <dst id="13">16379.1556</dst>
      <dst id="19">348.8444</dst>
      <dst id="23">3.9556</dst>
      <dst id="8">68.2311</dst>
      <dst id="18">1576.0178</dst>
      <dst id="4">3855.0489</dst>
      <dst id="1">41233.4756</dst>
      <dst id="5">87608.1689</dst>
      <dst id="3">1687.7244</dst>
      <dst id="10">2711.5022</dst>
      <dst id="22">35.0667</dst>
      <dst id="7">283.0400</dst>
      <dst id="2">6085.2711</dst>
      <dst id="16">45369.5733</dst>
      <dst id="14">9906.9778</dst>
      <dst id="20">23380.1422</dst>
      <dst id="11">7041.4667</dst>
      <dst id="9">1346.9778</dst>
      <dst id="17">11323.4311</dst>
      <dst id="21">2539.3422</dst>
      <dst id="15">27.3689</dst>
    </src>
    <src id="21">
      <dst id="12">4949.0489</dst>
      <dst id="13">1307.9022</dst>
      <dst id="19">692.9156</dst>
      <dst id="23">10.2844</dst>
      <dst id="8">150.7200</dst>
      <dst id="18">144.5778</dst>
      <dst id="4">125.0489</dst>
      <dst id="1">13513.2267</dst>
      <dst id="5">562.5689</dst>
      <dst id="3">698.2667</dst>
      <dst id="10">172.6133</dst>
      <dst id="22">31.9467</dst>
      <dst id="7">1722.2222</dst>
      <dst id="2">6024.8711</dst>
      <dst id="16">4838.7556</dst>
      <dst id="14">1237.8133</dst>
      <dst id="20">141.1200</dst>
      <dst id="11">430.3289</dst>
      <dst id="9">678.3556</dst>
      <dst id="17">19654.8711</dst>
      <dst id="21">261.6178</dst>
      <dst id="15">7.3156</dst>
    </src>
    <src id="15">
      <dst id="12">10567.3511</dst>
      <dst id="13">195.8133</dst>
      <dst id="8">0.4267</dst>
      <dst id="18">14.5956</dst>
      <dst id="4">20.7822</dst>
      <dst id="1">207.9289</dst>
      <dst id="5">437.3067</dst>
      <dst id="10">124.2133</dst>
      <dst id="2">63.9111</dst>
      <dst id="16">327.5911</dst>
      <dst id="14">15.4222</dst>
      <dst id="11">13.3333</dst>
      <dst id="9">177.8489</dst>
      <dst id="17">350.5511</dst>
    </src>
  </IntraTM>
</TrafficMatrixFile>
