<?xml version="1.0" encoding="UTF-8" standalone="yes"?>
<TrafficMatrixFile xmlns:xsi="http://www.w3.org/2001/XMLSchema-instance" xsi:noNamespaceSchemaLocation="http://totem.run.montefiore.ulg.ac.be/Schema/TrafficMatrix-v1_2.xsd">
  <info>
    <title>Intradomain traffic matrix generated by geant-TM-all.pl</title>
    <date>2005-01-04T07:45:00</date>
    <duration>900</duration>
    <author>Steve Uhlig</author>
    <units>
        <unit type="bandwidth" value="kbps"/>
    </units>
  </info>
  <IntraTM ASID="20965">
    <src id="12">
      <dst id="12">222278.7378</dst>
      <dst id="13">29834.7022</dst>
      <dst id="19">1494.3111</dst>
      <dst id="23">55.7156</dst>
      <dst id="8">1643.6089</dst>
      <dst id="18">222.1867</dst>
      <dst id="4">72716.9333</dst>
      <dst id="1">10371.9556</dst>
      <dst id="5">6166.8711</dst>
      <dst id="3">5579.0311</dst>
      <dst id="22">7463.0311</dst>
      <dst id="7">2247.5289</dst>
      <dst id="2">75743.9822</dst>
      <dst id="6">8.2400</dst>
      <dst id="16">4470.9867</dst>
      <dst id="14">222.0978</dst>
      <dst id="20">15602.7733</dst>
      <dst id="11">10459.3067</dst>
      <dst id="9">4171.6533</dst>
      <dst id="17">59778.8800</dst>
      <dst id="21">1923.6978</dst>
      <dst id="15">2304.5067</dst>
    </src>
    <src id="13">
      <dst id="12">45952.4533</dst>
      <dst id="19">8957.7156</dst>
      <dst id="23">40.4800</dst>
      <dst id="8">4464.3467</dst>
      <dst id="18">1071.2089</dst>
      <dst id="1">2444.5600</dst>
      <dst id="5">17540.1778</dst>
      <dst id="3">3321.2889</dst>
      <dst id="22">17484.1333</dst>
      <dst id="7">10928.1067</dst>
      <dst id="2">126686.9689</dst>
      <dst id="6">93.0756</dst>
      <dst id="16">8533.3778</dst>
      <dst id="14">1688.9689</dst>
      <dst id="20">14893.2889</dst>
      <dst id="11">17961.0667</dst>
      <dst id="9">20170.7733</dst>
      <dst id="17">50705.5467</dst>
      <dst id="21">14727.1111</dst>
      <dst id="15">1061.9644</dst>
    </src>
    <src id="19">
      <dst id="12">18061.0400</dst>
      <dst id="13">2087.1378</dst>
      <dst id="23">0.4622</dst>
      <dst id="8">60.0533</dst>
      <dst id="18">26.1600</dst>
      <dst id="4">20335.8667</dst>
      <dst id="1">1325.6089</dst>
      <dst id="5">0.3556</dst>
      <dst id="3">27.2622</dst>
      <dst id="22">991.6800</dst>
      <dst id="7">2870.4800</dst>
      <dst id="2">836.6844</dst>
      <dst id="6">64.1422</dst>
      <dst id="16">9666.4000</dst>
      <dst id="14">0.6667</dst>
      <dst id="20">64.1067</dst>
      <dst id="11">3.3067</dst>
      <dst id="9">279.1289</dst>
      <dst id="17">338.2222</dst>
      <dst id="21">237.8756</dst>
      <dst id="15">23.7156</dst>
    </src>
    <src id="23">
      <dst id="12">378.1422</dst>
      <dst id="13">102.0978</dst>
      <dst id="19">1.1378</dst>
      <dst id="8">13.3333</dst>
      <dst id="4">61.6622</dst>
      <dst id="1">41.7156</dst>
      <dst id="5">25.9556</dst>
      <dst id="3">132.0267</dst>
      <dst id="22">158.7378</dst>
      <dst id="7">48.6044</dst>
      <dst id="2">0.6667</dst>
      <dst id="16">54.9778</dst>
      <dst id="14">1.8400</dst>
      <dst id="11">520.0267</dst>
      <dst id="9">378.7378</dst>
      <dst id="17">2004.8889</dst>
      <dst id="21">89.5378</dst>
      <dst id="15">51.5733</dst>
    </src>
    <src id="8">
      <dst id="12">349112.8800</dst>
      <dst id="13">1264.3556</dst>
      <dst id="19">4.6933</dst>
      <dst id="18">26.2044</dst>
      <dst id="4">3531.6889</dst>
      <dst id="1">95.5378</dst>
      <dst id="5">361.0756</dst>
      <dst id="3">1.0667</dst>
      <dst id="22">901.8133</dst>
      <dst id="7">2097.9467</dst>
      <dst id="2">135839.2089</dst>
      <dst id="16">362.1244</dst>
      <dst id="20">29.2178</dst>
      <dst id="11">471.5200</dst>
      <dst id="9">1061.1111</dst>
      <dst id="17">119542.0444</dst>
      <dst id="21">315.7778</dst>
      <dst id="15">38.7644</dst>
    </src>
    <src id="18">
      <dst id="12">99400.5778</dst>
      <dst id="13">231.3867</dst>
      <dst id="19">24.4711</dst>
      <dst id="23">0.3556</dst>
      <dst id="8">132.7289</dst>
      <dst id="4">1090.6400</dst>
      <dst id="1">694.2311</dst>
      <dst id="5">511.1911</dst>
      <dst id="3">28.6578</dst>
      <dst id="22">128.6222</dst>
      <dst id="7">14.6844</dst>
      <dst id="2">26704.4000</dst>
      <dst id="16">43.3156</dst>
      <dst id="14">136.8889</dst>
      <dst id="20">1.8133</dst>
      <dst id="11">54.4889</dst>
      <dst id="9">36.4089</dst>
      <dst id="17">33805.3689</dst>
      <dst id="21">132.3289</dst>
      <dst id="15">1.6000</dst>
    </src>
    <src id="4">
      <dst id="12">15596.6311</dst>
      <dst id="19">15379.4756</dst>
      <dst id="23">1.4222</dst>
      <dst id="8">1398.9778</dst>
      <dst id="18">285.2800</dst>
      <dst id="4">4.0178</dst>
      <dst id="1">39567.1200</dst>
      <dst id="5">1294.6578</dst>
      <dst id="3">117.8756</dst>
      <dst id="22">5915.9022</dst>
      <dst id="7">129958.0267</dst>
      <dst id="2">88417.9822</dst>
      <dst id="6">20.8000</dst>
      <dst id="16">1379.4933</dst>
      <dst id="14">1893.3422</dst>
      <dst id="20">984.3022</dst>
      <dst id="11">2910.7822</dst>
      <dst id="9">2732.3822</dst>
      <dst id="17">26732.7200</dst>
      <dst id="21">3496.0622</dst>
      <dst id="15">552.6133</dst>
    </src>
    <src id="1">
      <dst id="12">12840.1422</dst>
      <dst id="13">743.0667</dst>
      <dst id="19">180.8978</dst>
      <dst id="23">7.7333</dst>
      <dst id="8">104716.0356</dst>
      <dst id="18">12289.8133</dst>
      <dst id="4">9503.8489</dst>
      <dst id="1">4807.4667</dst>
      <dst id="5">181360.0711</dst>
      <dst id="3">59.7067</dst>
      <dst id="22">4611.0044</dst>
      <dst id="7">3831.7600</dst>
      <dst id="2">1141.7778</dst>
      <dst id="6">12039.6267</dst>
      <dst id="16">14464.9956</dst>
      <dst id="14">65.0756</dst>
      <dst id="20">228.2044</dst>
      <dst id="11">282.2311</dst>
      <dst id="9">180152.1333</dst>
      <dst id="17">2471.5289</dst>
      <dst id="21">1728.6489</dst>
      <dst id="15">231.1822</dst>
    </src>
    <src id="5">
      <dst id="12">274500.2133</dst>
      <dst id="13">3985.2089</dst>
      <dst id="19">2.6222</dst>
      <dst id="8">447.5822</dst>
      <dst id="18">194.2133</dst>
      <dst id="4">3720.7822</dst>
      <dst id="1">2890.8978</dst>
      <dst id="3">16.0533</dst>
      <dst id="22">4380.7200</dst>
      <dst id="7">80.1333</dst>
      <dst id="2">107548.9867</dst>
      <dst id="6">26.4267</dst>
      <dst id="16">668.2844</dst>
      <dst id="14">13.6356</dst>
      <dst id="20">3133.2267</dst>
      <dst id="11">1297.6356</dst>
      <dst id="9">412.3911</dst>
      <dst id="17">102220.0356</dst>
      <dst id="21">199.3956</dst>
      <dst id="15">331.4044</dst>
    </src>
    <src id="3">
      <dst id="12">6763.5467</dst>
      <dst id="13">492.1511</dst>
      <dst id="19">3833.8133</dst>
      <dst id="23">5446.1778</dst>
      <dst id="8">72.3733</dst>
      <dst id="18">49274.7733</dst>
      <dst id="4">9069.2711</dst>
      <dst id="1">9948.1867</dst>
      <dst id="5">255.9556</dst>
      <dst id="3">11052.2578</dst>
      <dst id="22">1988.3200</dst>
      <dst id="7">2358.4089</dst>
      <dst id="2">4366.9956</dst>
      <dst id="6">28.1956</dst>
      <dst id="16">461.9378</dst>
      <dst id="14">30049.6000</dst>
      <dst id="20">497.3244</dst>
      <dst id="11">134942.5156</dst>
      <dst id="9">732.1333</dst>
      <dst id="17">9411.5644</dst>
      <dst id="21">8188.9333</dst>
      <dst id="15">52.4978</dst>
    </src>
    <src id="10">
      <dst id="12">15321.7244</dst>
      <dst id="19">1147.6622</dst>
      <dst id="8">550.4000</dst>
      <dst id="18">11638.3911</dst>
      <dst id="4">0.3556</dst>
      <dst id="1">2470.0356</dst>
      <dst id="5">828.9778</dst>
      <dst id="3">4230.3467</dst>
      <dst id="22">9749.4311</dst>
      <dst id="7">11310.6489</dst>
      <dst id="2">30762.5600</dst>
      <dst id="6">112.1422</dst>
      <dst id="16">1127.7956</dst>
      <dst id="14">329.8311</dst>
      <dst id="20">2546.7467</dst>
      <dst id="11">6006.4000</dst>
      <dst id="9">5692.4356</dst>
      <dst id="17">19207.7956</dst>
      <dst id="21">8802.0978</dst>
      <dst id="15">321.6444</dst>
    </src>
    <src id="22">
      <dst id="12">5848.9778</dst>
      <dst id="13">5925.5556</dst>
      <dst id="19">778.2756</dst>
      <dst id="23">13.3333</dst>
      <dst id="8">1123.7333</dst>
      <dst id="18">743.4667</dst>
      <dst id="4">23724.4622</dst>
      <dst id="1">207.0756</dst>
      <dst id="5">2420.0978</dst>
      <dst id="3">377.5378</dst>
      <dst id="7">340.8978</dst>
      <dst id="2">10663.8400</dst>
      <dst id="6">1.3600</dst>
      <dst id="16">15.5200</dst>
      <dst id="14">158.4089</dst>
      <dst id="11">1553.0756</dst>
      <dst id="9">7917.3156</dst>
      <dst id="17">11172.5956</dst>
      <dst id="21">686.7733</dst>
    </src>
    <src id="7">
      <dst id="12">4901.7956</dst>
      <dst id="13">115.3244</dst>
      <dst id="19">150.7378</dst>
      <dst id="23">64.4000</dst>
      <dst id="8">450.8978</dst>
      <dst id="18">29.0044</dst>
      <dst id="4">11266.4089</dst>
      <dst id="1">2474.8889</dst>
      <dst id="5">1483.9200</dst>
      <dst id="3">247.4400</dst>
      <dst id="22">5676.6400</dst>
      <dst id="7">644.5511</dst>
      <dst id="2">6828.4800</dst>
      <dst id="6">26.9867</dst>
      <dst id="16">383.3689</dst>
      <dst id="14">42.0000</dst>
      <dst id="20">561.9200</dst>
      <dst id="11">1812.8089</dst>
      <dst id="9">769.0222</dst>
      <dst id="17">15748.0356</dst>
      <dst id="21">996.7378</dst>
      <dst id="15">72.9689</dst>
    </src>
    <src id="2">
      <dst id="12">75611.5733</dst>
      <dst id="13">530481.7956</dst>
      <dst id="19">163.7511</dst>
      <dst id="8">389.4222</dst>
      <dst id="18">53370.0267</dst>
      <dst id="4">98781.3600</dst>
      <dst id="1">4190.2756</dst>
      <dst id="5">3090.5778</dst>
      <dst id="3">76.1067</dst>
      <dst id="22">3866.2311</dst>
      <dst id="7">2682.8444</dst>
      <dst id="2">694.8356</dst>
      <dst id="6">6947.0489</dst>
      <dst id="16">3413.9467</dst>
      <dst id="14">5390.1600</dst>
      <dst id="20">670.9689</dst>
      <dst id="11">2013.6267</dst>
      <dst id="9">6323.1822</dst>
      <dst id="17">86541.0756</dst>
      <dst id="21">1467.3333</dst>
      <dst id="15">176.3644</dst>
    </src>
    <src id="6">
      <dst id="12">9915.8756</dst>
      <dst id="13">3.4667</dst>
      <dst id="19">1.7067</dst>
      <dst id="23">1.1378</dst>
      <dst id="18">0.9778</dst>
      <dst id="4">1329.0756</dst>
      <dst id="1">1.0311</dst>
      <dst id="5">0.4178</dst>
      <dst id="22">1.3511</dst>
      <dst id="7">1.2089</dst>
      <dst id="2">2781.5378</dst>
      <dst id="16">0.8178</dst>
      <dst id="14">11.0222</dst>
      <dst id="11">0.4622</dst>
      <dst id="17">1091.4133</dst>
      <dst id="21">1.8578</dst>
    </src>
    <src id="16">
      <dst id="12">2361.0133</dst>
      <dst id="13">2025.0044</dst>
      <dst id="19">4407.7600</dst>
      <dst id="23">17.6089</dst>
      <dst id="8">3301.7778</dst>
      <dst id="18">1.7956</dst>
      <dst id="4">3912.8800</dst>
      <dst id="1">18622.9244</dst>
      <dst id="5">2575.3422</dst>
      <dst id="3">1.2444</dst>
      <dst id="7">338.9956</dst>
      <dst id="2">530.5511</dst>
      <dst id="6">33.2356</dst>
      <dst id="16">59.2089</dst>
      <dst id="14">25.8933</dst>
      <dst id="11">467.8844</dst>
      <dst id="9">3437.0578</dst>
      <dst id="17">4452.6311</dst>
      <dst id="21">2293.6622</dst>
    </src>
    <src id="14">
      <dst id="12">15619.3422</dst>
      <dst id="13">12.0622</dst>
      <dst id="19">4.4356</dst>
      <dst id="18">3.9556</dst>
      <dst id="4">1583.8933</dst>
      <dst id="1">60.9156</dst>
      <dst id="5">16.3733</dst>
      <dst id="3">61.9911</dst>
      <dst id="22">1.9200</dst>
      <dst id="7">83.0756</dst>
      <dst id="2">3592.1778</dst>
      <dst id="6">0.7111</dst>
      <dst id="16">1.3511</dst>
      <dst id="20">5.1022</dst>
      <dst id="11">33.1111</dst>
      <dst id="9">1.8044</dst>
      <dst id="17">4116.4178</dst>
      <dst id="21">72.8444</dst>
    </src>
    <src id="20">
      <dst id="12">8351.6267</dst>
      <dst id="13">10673.0756</dst>
      <dst id="19">3100.3911</dst>
      <dst id="23">12.6222</dst>
      <dst id="8">184.4356</dst>
      <dst id="18">2.6844</dst>
      <dst id="4">10178.9067</dst>
      <dst id="1">172.8356</dst>
      <dst id="5">3966.0800</dst>
      <dst id="3">306.8800</dst>
      <dst id="7">2252.9689</dst>
      <dst id="2">6748.3733</dst>
      <dst id="6">0.9156</dst>
      <dst id="14">6.7644</dst>
      <dst id="11">96.0000</dst>
      <dst id="9">17014.5867</dst>
      <dst id="17">855.9733</dst>
      <dst id="21">147.4667</dst>
    </src>
    <src id="11">
      <dst id="12">428785.1733</dst>
      <dst id="13">2564.0356</dst>
      <dst id="19">15.3778</dst>
      <dst id="23">33.0844</dst>
      <dst id="8">249.2622</dst>
      <dst id="18">62.7289</dst>
      <dst id="4">10886.0000</dst>
      <dst id="1">728.5067</dst>
      <dst id="5">847.8667</dst>
      <dst id="3">310.0711</dst>
      <dst id="22">3839.6178</dst>
      <dst id="7">818.5333</dst>
      <dst id="2">162785.1200</dst>
      <dst id="6">0.5156</dst>
      <dst id="16">535.7333</dst>
      <dst id="14">18.9956</dst>
      <dst id="20">1025.2978</dst>
      <dst id="11">858.8267</dst>
      <dst id="9">2031.2800</dst>
      <dst id="17">162341.9556</dst>
      <dst id="21">384.6844</dst>
      <dst id="15">112.9511</dst>
    </src>
    <src id="9">
      <dst id="12">386531.5644</dst>
      <dst id="13">9131.3333</dst>
      <dst id="19">10.4711</dst>
      <dst id="23">16.4267</dst>
      <dst id="8">816.5956</dst>
      <dst id="18">602.2489</dst>
      <dst id="4">7272.5244</dst>
      <dst id="1">2765.5733</dst>
      <dst id="5">3215.5022</dst>
      <dst id="3">10.4178</dst>
      <dst id="22">1881.2089</dst>
      <dst id="7">91.6622</dst>
      <dst id="2">168155.7156</dst>
      <dst id="6">2.5956</dst>
      <dst id="16">548.0533</dst>
      <dst id="14">26.8800</dst>
      <dst id="20">1907.6444</dst>
      <dst id="11">1915.4844</dst>
      <dst id="9">375.1644</dst>
      <dst id="17">161620.1244</dst>
      <dst id="21">175.0400</dst>
      <dst id="15">3211.1200</dst>
    </src>
    <src id="17">
      <dst id="12">3331.9733</dst>
      <dst id="13">5066.9778</dst>
      <dst id="19">682.9333</dst>
      <dst id="23">128.9778</dst>
      <dst id="8">126602.4267</dst>
      <dst id="18">85.1111</dst>
      <dst id="4">183436.5600</dst>
      <dst id="1">538.9067</dst>
      <dst id="5">167402.0622</dst>
      <dst id="3">3679.3244</dst>
      <dst id="22">4092.4622</dst>
      <dst id="7">1365.2978</dst>
      <dst id="2">12868.1867</dst>
      <dst id="6">18.4089</dst>
      <dst id="16">2759.3600</dst>
      <dst id="14">21713.9289</dst>
      <dst id="20">478.1956</dst>
      <dst id="11">98557.9911</dst>
      <dst id="9">172683.8489</dst>
      <dst id="17">1582.9244</dst>
      <dst id="21">4163.3067</dst>
      <dst id="15">186.2489</dst>
    </src>
    <src id="21">
      <dst id="12">21256.5333</dst>
      <dst id="13">4605.2267</dst>
      <dst id="19">176.4000</dst>
      <dst id="23">2.5333</dst>
      <dst id="8">103.3600</dst>
      <dst id="18">229.3867</dst>
      <dst id="4">10032.6222</dst>
      <dst id="1">2372.2667</dst>
      <dst id="5">219.2000</dst>
      <dst id="3">723.6711</dst>
      <dst id="22">707.1378</dst>
      <dst id="7">637.8578</dst>
      <dst id="2">10152.4800</dst>
      <dst id="16">192.8178</dst>
      <dst id="14">55.1022</dst>
      <dst id="20">149.6000</dst>
      <dst id="11">633.9556</dst>
      <dst id="9">288.1867</dst>
      <dst id="17">4509.0133</dst>
      <dst id="21">669.4933</dst>
      <dst id="15">4.2578</dst>
    </src>
    <src id="15">
      <dst id="12">8928.0711</dst>
      <dst id="13">234.7378</dst>
      <dst id="19">4.4089</dst>
      <dst id="23">30.8711</dst>
      <dst id="8">831.1556</dst>
      <dst id="18">13.7956</dst>
      <dst id="4">3681.7956</dst>
      <dst id="1">619.4578</dst>
      <dst id="5">280.6844</dst>
      <dst id="3">12.7111</dst>
      <dst id="7">3.2978</dst>
      <dst id="2">123.3244</dst>
      <dst id="16">0.3556</dst>
      <dst id="11">36.7733</dst>
      <dst id="9">429.3333</dst>
      <dst id="17">3050.9600</dst>
      <dst id="21">118.9422</dst>
    </src>
  </IntraTM>
</TrafficMatrixFile>
