<?xml version="1.0" encoding="UTF-8" standalone="yes"?>
<TrafficMatrixFile xmlns:xsi="http://www.w3.org/2001/XMLSchema-instance" xsi:noNamespaceSchemaLocation="http://totem.run.montefiore.ulg.ac.be/Schema/TrafficMatrix-v1_2.xsd">
  <info>
    <title>Intradomain traffic matrix generated by geant-TM-all.pl</title>
    <date>2005-03-12T05:30:00</date>
    <duration>900</duration>
    <author>Steve Uhlig</author>
    <units>
        <unit type="bandwidth" value="kbps"/>
    </units>
  </info>
  <IntraTM ASID="20965">
    <src id="12">
      <dst id="12">285217.9111</dst>
      <dst id="13">51045.1200</dst>
      <dst id="19">574.6400</dst>
      <dst id="23">3952.2133</dst>
      <dst id="8">609.1378</dst>
      <dst id="18">132150.1511</dst>
      <dst id="4">17906.3022</dst>
      <dst id="1">21446.8178</dst>
      <dst id="5">4075.5822</dst>
      <dst id="3">84.8533</dst>
      <dst id="10">7152.4444</dst>
      <dst id="22">3612.3200</dst>
      <dst id="7">9105.2711</dst>
      <dst id="2">52314.9600</dst>
      <dst id="6">24204.9244</dst>
      <dst id="16">469.6356</dst>
      <dst id="14">181.8756</dst>
      <dst id="20">3226.7200</dst>
      <dst id="11">242.3467</dst>
      <dst id="9">3437.5378</dst>
      <dst id="17">87594.1067</dst>
      <dst id="21">2856.9156</dst>
      <dst id="15">4471.1289</dst>
    </src>
    <src id="13">
      <dst id="12">42949.1822</dst>
      <dst id="19">3275.0222</dst>
      <dst id="23">694.2844</dst>
      <dst id="8">17551.1911</dst>
      <dst id="18">4870.6311</dst>
      <dst id="1">2241.0400</dst>
      <dst id="5">5523.4844</dst>
      <dst id="3">493.1467</dst>
      <dst id="22">8418.6756</dst>
      <dst id="7">12580.7822</dst>
      <dst id="2">37915.9556</dst>
      <dst id="6">136.2578</dst>
      <dst id="16">19.4756</dst>
      <dst id="14">1576.5778</dst>
      <dst id="20">13470.5600</dst>
      <dst id="11">256.4089</dst>
      <dst id="9">6266.6311</dst>
      <dst id="17">59141.6622</dst>
      <dst id="21">4566.6400</dst>
      <dst id="15">840.1600</dst>
    </src>
    <src id="19">
      <dst id="12">10938.4000</dst>
      <dst id="13">283.5200</dst>
      <dst id="8">15.5467</dst>
      <dst id="18">762.9422</dst>
      <dst id="4">1614.3644</dst>
      <dst id="1">153.2711</dst>
      <dst id="5">4.0444</dst>
      <dst id="3">32.7111</dst>
      <dst id="10">137.9733</dst>
      <dst id="22">80.6400</dst>
      <dst id="7">2970.8889</dst>
      <dst id="2">707.6533</dst>
      <dst id="14">456.8178</dst>
      <dst id="20">371.2089</dst>
      <dst id="11">12.4800</dst>
      <dst id="9">16.0800</dst>
      <dst id="17">798.1600</dst>
      <dst id="21">380.4267</dst>
      <dst id="15">1.0844</dst>
    </src>
    <src id="23">
      <dst id="12">9509.9556</dst>
      <dst id="13">66.1689</dst>
      <dst id="19">13.8578</dst>
      <dst id="8">42.0267</dst>
      <dst id="4">1060.2578</dst>
      <dst id="1">29.0311</dst>
      <dst id="5">282.8267</dst>
      <dst id="10">9564.4356</dst>
      <dst id="22">590.7289</dst>
      <dst id="7">438.8444</dst>
      <dst id="2">2627.8844</dst>
      <dst id="16">1102.4089</dst>
      <dst id="14">12.6222</dst>
      <dst id="20">39.2889</dst>
      <dst id="11">25.2444</dst>
      <dst id="9">79.3600</dst>
      <dst id="17">44006.7289</dst>
      <dst id="21">107.6889</dst>
    </src>
    <src id="8">
      <dst id="12">22566.3644</dst>
      <dst id="13">2267.8489</dst>
      <dst id="19">2.6578</dst>
      <dst id="23">1.0667</dst>
      <dst id="18">179.6000</dst>
      <dst id="4">681.1467</dst>
      <dst id="1">3100.9067</dst>
      <dst id="5">664.9600</dst>
      <dst id="3">50.8800</dst>
      <dst id="10">83.6889</dst>
      <dst id="7">65.9022</dst>
      <dst id="2">878.0178</dst>
      <dst id="16">135835.6889</dst>
      <dst id="11">27.0844</dst>
      <dst id="9">139867.7067</dst>
      <dst id="17">269057.8133</dst>
      <dst id="21">212.6933</dst>
      <dst id="15">22.0711</dst>
    </src>
    <src id="18">
      <dst id="12">132391.8756</dst>
      <dst id="13">299.4489</dst>
      <dst id="19">47.1289</dst>
      <dst id="23">5.2622</dst>
      <dst id="8">162.8267</dst>
      <dst id="4">200.9156</dst>
      <dst id="1">9822.3467</dst>
      <dst id="5">307.2800</dst>
      <dst id="3">320.7022</dst>
      <dst id="10">218.6222</dst>
      <dst id="22">129.3689</dst>
      <dst id="7">151.1733</dst>
      <dst id="2">26960.8622</dst>
      <dst id="16">528.3644</dst>
      <dst id="14">1.1200</dst>
      <dst id="20">337.3422</dst>
      <dst id="11">13.3333</dst>
      <dst id="9">633.7689</dst>
      <dst id="17">43292.0978</dst>
      <dst id="21">1159.5289</dst>
      <dst id="15">1.6444</dst>
    </src>
    <src id="4">
      <dst id="12">11363.8578</dst>
      <dst id="19">1767.7067</dst>
      <dst id="23">186.9956</dst>
      <dst id="8">492.2933</dst>
      <dst id="18">435.5378</dst>
      <dst id="4">1248.1422</dst>
      <dst id="1">64616.4000</dst>
      <dst id="5">2075.2800</dst>
      <dst id="3">1481.6533</dst>
      <dst id="7">163754.9511</dst>
      <dst id="2">42976.6578</dst>
      <dst id="6">179.9467</dst>
      <dst id="16">2142.7556</dst>
      <dst id="14">1226.5333</dst>
      <dst id="11">149.4222</dst>
      <dst id="9">5311.7689</dst>
      <dst id="17">21578.4533</dst>
      <dst id="21">1798.7022</dst>
      <dst id="15">7312.5244</dst>
    </src>
    <src id="1">
      <dst id="12">493991.8844</dst>
      <dst id="13">513.6800</dst>
      <dst id="19">284.6222</dst>
      <dst id="23">64.5422</dst>
      <dst id="8">16.4444</dst>
      <dst id="18">16089.7244</dst>
      <dst id="4">20547.5556</dst>
      <dst id="1">194093.8844</dst>
      <dst id="5">424.0800</dst>
      <dst id="3">351.8222</dst>
      <dst id="10">457.9644</dst>
      <dst id="7">273668.6756</dst>
      <dst id="2">150007.7689</dst>
      <dst id="6">65.1733</dst>
      <dst id="16">8205.1467</dst>
      <dst id="14">57.8667</dst>
      <dst id="20">119.9467</dst>
      <dst id="11">59.3156</dst>
      <dst id="9">2230.6489</dst>
      <dst id="17">281231.7244</dst>
      <dst id="21">576812.1067</dst>
      <dst id="15">86.4089</dst>
    </src>
    <src id="5">
      <dst id="12">13687.7689</dst>
      <dst id="13">3173.2622</dst>
      <dst id="19">81.2800</dst>
      <dst id="23">13.0844</dst>
      <dst id="8">1693.8489</dst>
      <dst id="18">449.7778</dst>
      <dst id="4">1375.9289</dst>
      <dst id="1">36254.4533</dst>
      <dst id="3">190.1511</dst>
      <dst id="10">365.6711</dst>
      <dst id="7">184.7111</dst>
      <dst id="2">1173.4578</dst>
      <dst id="6">20.0000</dst>
      <dst id="16">149064.4267</dst>
      <dst id="14">19.5200</dst>
      <dst id="11">138.2222</dst>
      <dst id="9">72313.8044</dst>
      <dst id="17">231344.4267</dst>
      <dst id="21">69.1644</dst>
      <dst id="15">81.1822</dst>
    </src>
    <src id="3">
      <dst id="12">11393.7156</dst>
      <dst id="13">4736.4000</dst>
      <dst id="19">1506.4089</dst>
      <dst id="23">1.7244</dst>
      <dst id="8">130.5244</dst>
      <dst id="18">474.7733</dst>
      <dst id="4">42757.1378</dst>
      <dst id="1">13205.7867</dst>
      <dst id="5">367.1200</dst>
      <dst id="3">5.8578</dst>
      <dst id="10">1603.7511</dst>
      <dst id="7">48747.1467</dst>
      <dst id="2">5774.9778</dst>
      <dst id="6">1.9378</dst>
      <dst id="16">2026.9867</dst>
      <dst id="14">138.0178</dst>
      <dst id="20">4347.8489</dst>
      <dst id="11">1315.1022</dst>
      <dst id="9">777.9644</dst>
      <dst id="17">29637.0133</dst>
      <dst id="21">6493.5200</dst>
      <dst id="15">43.3333</dst>
    </src>
    <src id="10">
      <dst id="12">7030.4978</dst>
      <dst id="19">1155.4933</dst>
      <dst id="23">233.8756</dst>
      <dst id="8">2214.1956</dst>
      <dst id="18">532.4178</dst>
      <dst id="4">0.3556</dst>
      <dst id="1">370.4178</dst>
      <dst id="5">476.4533</dst>
      <dst id="3">780.0267</dst>
      <dst id="10">199.2889</dst>
      <dst id="7">6511.8400</dst>
      <dst id="2">8843.9111</dst>
      <dst id="6">9.1911</dst>
      <dst id="16">2144.9333</dst>
      <dst id="14">602.0622</dst>
      <dst id="20">289.3422</dst>
      <dst id="11">10.9600</dst>
      <dst id="9">14746.4089</dst>
      <dst id="17">30789.2800</dst>
      <dst id="21">2338.1067</dst>
      <dst id="15">54.7289</dst>
    </src>
    <src id="22">
      <dst id="12">11277.4578</dst>
      <dst id="13">1209.4667</dst>
      <dst id="19">242.5333</dst>
      <dst id="23">21.6889</dst>
      <dst id="8">210.3022</dst>
      <dst id="18">245.1111</dst>
      <dst id="4">7467.8311</dst>
      <dst id="1">176.1778</dst>
      <dst id="5">1974.8000</dst>
      <dst id="3">120.9778</dst>
      <dst id="10">2189.1111</dst>
      <dst id="7">362.2667</dst>
      <dst id="2">2352.0444</dst>
      <dst id="6">0.9778</dst>
      <dst id="14">17.7689</dst>
      <dst id="11">14.0444</dst>
      <dst id="9">2744.2133</dst>
      <dst id="17">4169.3956</dst>
      <dst id="21">469.9822</dst>
    </src>
    <src id="7">
      <dst id="12">18612.3822</dst>
      <dst id="13">324.7200</dst>
      <dst id="19">3068.1422</dst>
      <dst id="23">63.6000</dst>
      <dst id="8">135.1111</dst>
      <dst id="18">784.7022</dst>
      <dst id="4">25738.2400</dst>
      <dst id="1">20287.6000</dst>
      <dst id="5">1141.8133</dst>
      <dst id="3">2194.3911</dst>
      <dst id="10">3650.6933</dst>
      <dst id="22">3070.8089</dst>
      <dst id="7">669.7956</dst>
      <dst id="2">13603.1911</dst>
      <dst id="6">13.9378</dst>
      <dst id="16">3.1289</dst>
      <dst id="14">241.9289</dst>
      <dst id="20">481.4844</dst>
      <dst id="11">895.4756</dst>
      <dst id="9">2109.4844</dst>
      <dst id="17">5118.1600</dst>
      <dst id="21">1837.2622</dst>
      <dst id="15">121.7156</dst>
    </src>
    <src id="2">
      <dst id="12">105746.1422</dst>
      <dst id="13">8625.4756</dst>
      <dst id="19">1366.4800</dst>
      <dst id="8">203.7867</dst>
      <dst id="18">67353.9467</dst>
      <dst id="4">20287.4756</dst>
      <dst id="1">26912.3200</dst>
      <dst id="5">1071.8222</dst>
      <dst id="3">3154.5333</dst>
      <dst id="10">6936.7644</dst>
      <dst id="22">436.0978</dst>
      <dst id="7">14751.0044</dst>
      <dst id="2">1701.1467</dst>
      <dst id="6">14745.3333</dst>
      <dst id="16">1.0844</dst>
      <dst id="14">289.6800</dst>
      <dst id="20">1577.8933</dst>
      <dst id="11">219.0489</dst>
      <dst id="9">337.7778</dst>
      <dst id="17">67699.5644</dst>
      <dst id="21">5266.1956</dst>
      <dst id="15">20.3733</dst>
    </src>
    <src id="6">
      <dst id="12">2716.3289</dst>
      <dst id="13">45.4933</dst>
      <dst id="19">2.6933</dst>
      <dst id="23">0.4978</dst>
      <dst id="4">89.9733</dst>
      <dst id="1">2466.3111</dst>
      <dst id="5">27.6622</dst>
      <dst id="3">0.4178</dst>
      <dst id="10">68.3378</dst>
      <dst id="7">13.1556</dst>
      <dst id="2">1834.1333</dst>
      <dst id="16">110.1244</dst>
      <dst id="20">0.4000</dst>
      <dst id="11">0.3378</dst>
      <dst id="9">55.0844</dst>
      <dst id="17">20707.3422</dst>
      <dst id="21">38.3467</dst>
    </src>
    <src id="16">
      <dst id="12">170138.4089</dst>
      <dst id="13">2077.0844</dst>
      <dst id="19">4483.0133</dst>
      <dst id="23">2.7911</dst>
      <dst id="8">139034.5067</dst>
      <dst id="18">81.8044</dst>
      <dst id="4">1610.8889</dst>
      <dst id="1">11230.3733</dst>
      <dst id="5">234558.2667</dst>
      <dst id="3">6879.6533</dst>
      <dst id="10">227.1467</dst>
      <dst id="7">101.8667</dst>
      <dst id="2">2564.0000</dst>
      <dst id="6">25.2444</dst>
      <dst id="16">1295.5556</dst>
      <dst id="14">61804.5067</dst>
      <dst id="11">19868.7022</dst>
      <dst id="9">226630.3378</dst>
      <dst id="17">25025.6178</dst>
    </src>
    <src id="14">
      <dst id="12">2894.3378</dst>
      <dst id="13">79.0933</dst>
      <dst id="19">9.7067</dst>
      <dst id="4">928.3822</dst>
      <dst id="1">4163.0844</dst>
      <dst id="5">0.9156</dst>
      <dst id="3">59.0400</dst>
      <dst id="10">134.0978</dst>
      <dst id="7">155.5111</dst>
      <dst id="2">1970.3733</dst>
      <dst id="6">12.8000</dst>
      <dst id="16">959.5111</dst>
      <dst id="20">0.8533</dst>
      <dst id="11">0.9244</dst>
      <dst id="9">234.0711</dst>
      <dst id="17">29490.8267</dst>
      <dst id="21">131.8133</dst>
      <dst id="15">0.5867</dst>
    </src>
    <src id="20">
      <dst id="12">7769.2889</dst>
      <dst id="13">6046.5600</dst>
      <dst id="19">384.0711</dst>
      <dst id="23">1.9556</dst>
      <dst id="8">1719.0667</dst>
      <dst id="18">285.5467</dst>
      <dst id="4">1384.5422</dst>
      <dst id="1">89.3244</dst>
      <dst id="5">1040.3378</dst>
      <dst id="3">40.0000</dst>
      <dst id="10">422.7111</dst>
      <dst id="7">833.5911</dst>
      <dst id="2">3006.3111</dst>
      <dst id="6">1.3867</dst>
      <dst id="14">29.1467</dst>
      <dst id="20">39.3333</dst>
      <dst id="11">0.3378</dst>
      <dst id="9">831.1911</dst>
      <dst id="17">5775.5111</dst>
      <dst id="21">41.8667</dst>
    </src>
    <src id="11">
      <dst id="12">50789.3600</dst>
      <dst id="13">2075.3422</dst>
      <dst id="19">763.5022</dst>
      <dst id="23">16.1333</dst>
      <dst id="8">545.4044</dst>
      <dst id="18">65.3867</dst>
      <dst id="4">5785.7956</dst>
      <dst id="1">49564.9689</dst>
      <dst id="5">2909.2089</dst>
      <dst id="3">42.2133</dst>
      <dst id="10">745.6533</dst>
      <dst id="7">278.0889</dst>
      <dst id="2">86747.7333</dst>
      <dst id="16">28311.9200</dst>
      <dst id="14">25.3600</dst>
      <dst id="20">276.2578</dst>
      <dst id="11">2233.9378</dst>
      <dst id="9">7745.5644</dst>
      <dst id="17">654928.0089</dst>
      <dst id="21">470.7911</dst>
      <dst id="15">93.5911</dst>
    </src>
    <src id="9">
      <dst id="12">25056.1422</dst>
      <dst id="13">1895.6800</dst>
      <dst id="19">63.0756</dst>
      <dst id="23">40.9956</dst>
      <dst id="8">147216.3644</dst>
      <dst id="18">61.8222</dst>
      <dst id="4">1226.6133</dst>
      <dst id="1">8068.3733</dst>
      <dst id="5">9696.5333</dst>
      <dst id="10">389.1556</dst>
      <dst id="7">2235.9556</dst>
      <dst id="2">2508.5778</dst>
      <dst id="6">0.5689</dst>
      <dst id="16">163286.1511</dst>
      <dst id="14">30.3200</dst>
      <dst id="11">40.9422</dst>
      <dst id="9">313424.9067</dst>
      <dst id="17">321081.7422</dst>
      <dst id="21">53.8400</dst>
      <dst id="15">13508.1689</dst>
    </src>
    <src id="17">
      <dst id="12">180458.3378</dst>
      <dst id="13">4391.5644</dst>
      <dst id="19">496.0267</dst>
      <dst id="23">269.7333</dst>
      <dst id="8">317.9911</dst>
      <dst id="18">790.2133</dst>
      <dst id="4">24429.0400</dst>
      <dst id="1">5005.8044</dst>
      <dst id="5">210702.3556</dst>
      <dst id="3">7800.5689</dst>
      <dst id="10">2572.0533</dst>
      <dst id="7">5145.4933</dst>
      <dst id="2">11289.7244</dst>
      <dst id="6">215.2889</dst>
      <dst id="16">4995.6356</dst>
      <dst id="14">25272.1067</dst>
      <dst id="20">2181.7156</dst>
      <dst id="11">17671.4311</dst>
      <dst id="9">3789.9733</dst>
      <dst id="17">21982.8622</dst>
      <dst id="21">5806.6933</dst>
      <dst id="15">138.7467</dst>
    </src>
    <src id="21">
      <dst id="12">13670.1244</dst>
      <dst id="13">949.3244</dst>
      <dst id="19">711.1022</dst>
      <dst id="23">56.1156</dst>
      <dst id="8">329.8400</dst>
      <dst id="18">5664.4622</dst>
      <dst id="4">8197.0044</dst>
      <dst id="1">16378.9511</dst>
      <dst id="5">559.3778</dst>
      <dst id="3">1456.9156</dst>
      <dst id="10">2968.4978</dst>
      <dst id="7">847.1378</dst>
      <dst id="2">5237.0400</dst>
      <dst id="6">59.8489</dst>
      <dst id="16">1228.6400</dst>
      <dst id="14">219.0933</dst>
      <dst id="20">80.1689</dst>
      <dst id="11">933.6711</dst>
      <dst id="9">1372.7200</dst>
      <dst id="17">28962.4800</dst>
      <dst id="21">3739.6978</dst>
      <dst id="15">24.2133</dst>
    </src>
    <src id="15">
      <dst id="12">653.2978</dst>
      <dst id="13">238.1689</dst>
      <dst id="19">40.5067</dst>
      <dst id="8">14.4089</dst>
      <dst id="18">1.4400</dst>
      <dst id="4">269.4311</dst>
      <dst id="1">211.6000</dst>
      <dst id="5">147.3156</dst>
      <dst id="10">41.1111</dst>
      <dst id="7">17.4756</dst>
      <dst id="2">1263.6356</dst>
      <dst id="16">1.7956</dst>
      <dst id="14">0.5333</dst>
      <dst id="9">675.6267</dst>
      <dst id="17">4506.5244</dst>
      <dst id="21">13.6889</dst>
    </src>
  </IntraTM>
</TrafficMatrixFile>
