<?xml version="1.0" encoding="UTF-8" standalone="yes"?>
<TrafficMatrixFile xmlns:xsi="http://www.w3.org/2001/XMLSchema-instance" xsi:noNamespaceSchemaLocation="http://totem.run.montefiore.ulg.ac.be/Schema/TrafficMatrix-v1_2.xsd">
  <info>
    <title>Intradomain traffic matrix generated by geant-TM-all.pl</title>
    <date>2005-01-22T00:00:00</date>
    <duration>900</duration>
    <author>Steve Uhlig</author>
    <units>
        <unit type="bandwidth" value="kbps"/>
    </units>
  </info>
  <IntraTM ASID="20965">
    <src id="12">
      <dst id="12">310737.8844</dst>
      <dst id="13">40794.8178</dst>
      <dst id="19">6488.5778</dst>
      <dst id="23">4725.2089</dst>
      <dst id="8">2300.9778</dst>
      <dst id="18">252538.3200</dst>
      <dst id="4">78897.4578</dst>
      <dst id="1">16985.7244</dst>
      <dst id="5">3300.4444</dst>
      <dst id="3">18401.6000</dst>
      <dst id="10">11111.1289</dst>
      <dst id="22">23066.3733</dst>
      <dst id="7">10589.4667</dst>
      <dst id="2">63445.4489</dst>
      <dst id="16">12275.2356</dst>
      <dst id="14">708.3733</dst>
      <dst id="20">4674.5689</dst>
      <dst id="11">8680.0267</dst>
      <dst id="9">46887.5111</dst>
      <dst id="17">78701.7067</dst>
      <dst id="21">22447.7333</dst>
      <dst id="15">3119.0667</dst>
    </src>
    <src id="13">
      <dst id="12">147118.8267</dst>
      <dst id="19">16105.5911</dst>
      <dst id="23">111.8578</dst>
      <dst id="8">10820.1244</dst>
      <dst id="18">9406.7111</dst>
      <dst id="4">4.2667</dst>
      <dst id="1">15076.6578</dst>
      <dst id="5">13064.1689</dst>
      <dst id="3">31612.5778</dst>
      <dst id="22">25621.6622</dst>
      <dst id="7">33847.2267</dst>
      <dst id="2">141131.0756</dst>
      <dst id="16">10827.4044</dst>
      <dst id="14">6079.0400</dst>
      <dst id="20">16256.8711</dst>
      <dst id="11">12699.6267</dst>
      <dst id="9">46448.6756</dst>
      <dst id="17">98942.3289</dst>
      <dst id="21">31940.5067</dst>
      <dst id="15">5668.8622</dst>
    </src>
    <src id="19">
      <dst id="12">10925.6178</dst>
      <dst id="13">5340.0978</dst>
      <dst id="23">41.1644</dst>
      <dst id="8">0.7111</dst>
      <dst id="18">1442.1600</dst>
      <dst id="4">18105.2978</dst>
      <dst id="1">1643.2444</dst>
      <dst id="5">83.3333</dst>
      <dst id="3">184.7111</dst>
      <dst id="10">286.7733</dst>
      <dst id="22">1257.0311</dst>
      <dst id="7">8444.8800</dst>
      <dst id="2">24910.9511</dst>
      <dst id="16">17154.5956</dst>
      <dst id="14">4.5689</dst>
      <dst id="20">298.4533</dst>
      <dst id="11">760.4089</dst>
      <dst id="9">1670.9778</dst>
      <dst id="17">6199.2711</dst>
      <dst id="21">2528.6844</dst>
      <dst id="15">137.8667</dst>
    </src>
    <src id="23">
      <dst id="12">1499.3689</dst>
      <dst id="13">412.1156</dst>
      <dst id="19">643.6800</dst>
      <dst id="8">516.5333</dst>
      <dst id="18">344.5422</dst>
      <dst id="4">88.3467</dst>
      <dst id="1">244.6933</dst>
      <dst id="5">1.2711</dst>
      <dst id="3">224.6489</dst>
      <dst id="22">160.4622</dst>
      <dst id="7">2205.2978</dst>
      <dst id="2">456.8267</dst>
      <dst id="16">877.7244</dst>
      <dst id="14">45.8044</dst>
      <dst id="20">386.4356</dst>
      <dst id="11">1675.1733</dst>
      <dst id="9">587.5644</dst>
      <dst id="17">1509.0133</dst>
      <dst id="21">525.2889</dst>
      <dst id="15">12.6222</dst>
    </src>
    <src id="8">
      <dst id="12">82806.1156</dst>
      <dst id="13">1627.1467</dst>
      <dst id="19">37.1111</dst>
      <dst id="23">94.2844</dst>
      <dst id="18">573.1822</dst>
      <dst id="4">4792.3733</dst>
      <dst id="1">1905.1822</dst>
      <dst id="5">4716.4089</dst>
      <dst id="3">20.5689</dst>
      <dst id="10">995.5289</dst>
      <dst id="22">1307.4844</dst>
      <dst id="7">96.7733</dst>
      <dst id="2">4891.8667</dst>
      <dst id="16">497.1111</dst>
      <dst id="14">4.6933</dst>
      <dst id="20">491.3333</dst>
      <dst id="11">1691.2267</dst>
      <dst id="9">171484.8533</dst>
      <dst id="17">322151.8489</dst>
      <dst id="21">102.7556</dst>
      <dst id="15">2.7111</dst>
    </src>
    <src id="18">
      <dst id="12">206236.6578</dst>
      <dst id="13">576.9422</dst>
      <dst id="19">303.3067</dst>
      <dst id="23">9.5022</dst>
      <dst id="8">154.9867</dst>
      <dst id="4">3169.6356</dst>
      <dst id="1">906.0800</dst>
      <dst id="5">837.8756</dst>
      <dst id="3">637.0311</dst>
      <dst id="10">159.3511</dst>
      <dst id="22">1690.4533</dst>
      <dst id="7">478.7556</dst>
      <dst id="2">73626.8089</dst>
      <dst id="16">49.9022</dst>
      <dst id="20">495.6267</dst>
      <dst id="11">305.3511</dst>
      <dst id="9">360.9689</dst>
      <dst id="17">54385.2622</dst>
      <dst id="21">4310.5600</dst>
      <dst id="15">8.7022</dst>
    </src>
    <src id="4">
      <dst id="12">16141.7600</dst>
      <dst id="19">14278.7822</dst>
      <dst id="23">12.6222</dst>
      <dst id="8">2145.6622</dst>
      <dst id="18">6258.0356</dst>
      <dst id="4">365.3689</dst>
      <dst id="1">181244.8711</dst>
      <dst id="5">3912.7556</dst>
      <dst id="3">7765.0756</dst>
      <dst id="22">6315.2622</dst>
      <dst id="7">38153.0578</dst>
      <dst id="2">68167.8133</dst>
      <dst id="16">1992.4711</dst>
      <dst id="14">28645.0844</dst>
      <dst id="20">7455.1911</dst>
      <dst id="11">3964.7289</dst>
      <dst id="9">5485.5378</dst>
      <dst id="17">51840.2489</dst>
      <dst id="21">10149.4756</dst>
      <dst id="15">563.4578</dst>
    </src>
    <src id="1">
      <dst id="12">27336.8533</dst>
      <dst id="13">14181.9022</dst>
      <dst id="19">5543.4222</dst>
      <dst id="23">167.6889</dst>
      <dst id="8">422.8089</dst>
      <dst id="18">13592.8444</dst>
      <dst id="4">18068.4356</dst>
      <dst id="1">45847.8133</dst>
      <dst id="5">814.7467</dst>
      <dst id="3">13436.5156</dst>
      <dst id="10">733.3778</dst>
      <dst id="22">4656.3200</dst>
      <dst id="7">18462.3733</dst>
      <dst id="2">77231.5467</dst>
      <dst id="16">30208.2311</dst>
      <dst id="14">235.4400</dst>
      <dst id="20">1162.2489</dst>
      <dst id="11">1778.3289</dst>
      <dst id="9">4787.3689</dst>
      <dst id="17">13479.6711</dst>
      <dst id="21">18407.8756</dst>
      <dst id="15">517.2711</dst>
    </src>
    <src id="5">
      <dst id="12">75098.2578</dst>
      <dst id="13">5656.1600</dst>
      <dst id="19">401.6267</dst>
      <dst id="23">2.0622</dst>
      <dst id="8">4215.4578</dst>
      <dst id="18">803.5911</dst>
      <dst id="4">5462.3467</dst>
      <dst id="1">3197.1200</dst>
      <dst id="3">47.6889</dst>
      <dst id="10">854.5689</dst>
      <dst id="22">2874.8267</dst>
      <dst id="7">451.6622</dst>
      <dst id="2">1473.1911</dst>
      <dst id="16">2108.8444</dst>
      <dst id="14">55.5200</dst>
      <dst id="20">8108.9867</dst>
      <dst id="11">2384.4178</dst>
      <dst id="9">89578.9689</dst>
      <dst id="17">396291.8133</dst>
      <dst id="21">366.2489</dst>
      <dst id="15">4521.1644</dst>
    </src>
    <src id="3">
      <dst id="12">9575.4933</dst>
      <dst id="13">6129.3867</dst>
      <dst id="19">1969.6089</dst>
      <dst id="23">318.0978</dst>
      <dst id="8">612.7111</dst>
      <dst id="18">1517.5467</dst>
      <dst id="4">90181.3333</dst>
      <dst id="1">63545.6000</dst>
      <dst id="5">2560.9867</dst>
      <dst id="3">17.1911</dst>
      <dst id="10">1128.9600</dst>
      <dst id="22">7183.4311</dst>
      <dst id="7">9980.5244</dst>
      <dst id="2">16382.9244</dst>
      <dst id="16">2126.0978</dst>
      <dst id="14">162.0089</dst>
      <dst id="20">652.9600</dst>
      <dst id="11">4737.9733</dst>
      <dst id="9">3475.9289</dst>
      <dst id="17">50518.5422</dst>
      <dst id="21">23064.0889</dst>
      <dst id="15">729.5378</dst>
    </src>
    <src id="10">
      <dst id="12">36533.9911</dst>
      <dst id="19">2962.2133</dst>
      <dst id="8">199366.0889</dst>
      <dst id="18">3792.1422</dst>
      <dst id="1">2745.0044</dst>
      <dst id="5">341931.1644</dst>
      <dst id="3">51327.8222</dst>
      <dst id="22">4689.3156</dst>
      <dst id="7">21031.2356</dst>
      <dst id="2">52087.3956</dst>
      <dst id="16">2022.0711</dst>
      <dst id="14">76208.7467</dst>
      <dst id="20">2066.7822</dst>
      <dst id="11">404715.7156</dst>
      <dst id="9">487358.8533</dst>
      <dst id="17">37112.5511</dst>
      <dst id="21">36445.0933</dst>
      <dst id="15">1858.1867</dst>
    </src>
    <src id="22">
      <dst id="12">13118.6667</dst>
      <dst id="13">12619.4400</dst>
      <dst id="19">347.6533</dst>
      <dst id="23">3.6000</dst>
      <dst id="8">934.5156</dst>
      <dst id="18">1382.0089</dst>
      <dst id="4">16765.7244</dst>
      <dst id="1">568.0089</dst>
      <dst id="5">6359.2356</dst>
      <dst id="3">1488.1511</dst>
      <dst id="10">1899.1289</dst>
      <dst id="7">2524.9600</dst>
      <dst id="2">4162.1067</dst>
      <dst id="14">627.7156</dst>
      <dst id="11">3212.3467</dst>
      <dst id="9">4787.2800</dst>
      <dst id="17">13350.0000</dst>
      <dst id="21">7735.3067</dst>
    </src>
    <src id="7">
      <dst id="12">7926.1867</dst>
      <dst id="13">16340.0000</dst>
      <dst id="19">5487.7333</dst>
      <dst id="23">1012.3022</dst>
      <dst id="8">806.7733</dst>
      <dst id="18">1929.7689</dst>
      <dst id="4">54030.6489</dst>
      <dst id="1">13128.6578</dst>
      <dst id="5">2532.7378</dst>
      <dst id="3">2051.1644</dst>
      <dst id="10">2687.8044</dst>
      <dst id="22">4824.1511</dst>
      <dst id="7">2.9867</dst>
      <dst id="2">16989.6622</dst>
      <dst id="16">1345.5556</dst>
      <dst id="14">342.5867</dst>
      <dst id="20">4221.4756</dst>
      <dst id="11">2967.5644</dst>
      <dst id="9">1442.0267</dst>
      <dst id="17">16668.0356</dst>
      <dst id="21">9389.1022</dst>
      <dst id="15">381.7778</dst>
    </src>
    <src id="2">
      <dst id="12">163493.4311</dst>
      <dst id="13">25703.4578</dst>
      <dst id="19">2195.2889</dst>
      <dst id="23">89.2622</dst>
      <dst id="8">1407.7778</dst>
      <dst id="18">221765.9467</dst>
      <dst id="4">146675.3333</dst>
      <dst id="1">23064.6933</dst>
      <dst id="5">2498.5511</dst>
      <dst id="3">3332.2844</dst>
      <dst id="10">8166.5156</dst>
      <dst id="22">5582.6400</dst>
      <dst id="7">22050.9511</dst>
      <dst id="2">2413.3333</dst>
      <dst id="16">731.5911</dst>
      <dst id="14">2087.7333</dst>
      <dst id="20">8329.0044</dst>
      <dst id="11">6683.8044</dst>
      <dst id="9">12146.4533</dst>
      <dst id="17">55244.5867</dst>
      <dst id="21">36780.7556</dst>
      <dst id="15">808.1422</dst>
    </src>
    <src id="6">
      <dst id="12">839.6178</dst>
      <dst id="13">36.9778</dst>
      <dst id="19">74.1778</dst>
      <dst id="23">1.4933</dst>
      <dst id="8">1.1378</dst>
      <dst id="18">13.9378</dst>
      <dst id="4">109.4578</dst>
      <dst id="1">404.4356</dst>
      <dst id="5">14.5600</dst>
      <dst id="10">26.7733</dst>
      <dst id="22">23.4844</dst>
      <dst id="7">6220.9244</dst>
      <dst id="2">3447.5644</dst>
      <dst id="16">25.7867</dst>
      <dst id="20">26.4711</dst>
      <dst id="11">29.3600</dst>
      <dst id="9">12.1778</dst>
      <dst id="17">13994.3022</dst>
      <dst id="21">150.6133</dst>
      <dst id="15">46.9422</dst>
    </src>
    <src id="16">
      <dst id="12">3986.6933</dst>
      <dst id="13">395.4844</dst>
      <dst id="19">3483.3867</dst>
      <dst id="23">52.1422</dst>
      <dst id="8">8085.4400</dst>
      <dst id="18">337.6800</dst>
      <dst id="4">4638.6311</dst>
      <dst id="1">21508.6756</dst>
      <dst id="5">6336.5156</dst>
      <dst id="3">194.9511</dst>
      <dst id="10">797.6356</dst>
      <dst id="22">2.5778</dst>
      <dst id="7">5536.5422</dst>
      <dst id="2">3980.9244</dst>
      <dst id="16">62.0444</dst>
      <dst id="14">42.7111</dst>
      <dst id="11">558.1156</dst>
      <dst id="9">13417.6178</dst>
      <dst id="17">6414.6489</dst>
      <dst id="21">2121.8044</dst>
    </src>
    <src id="14">
      <dst id="12">5037.5911</dst>
      <dst id="13">353.6444</dst>
      <dst id="19">4.3378</dst>
      <dst id="23">28.8356</dst>
      <dst id="8">44.6222</dst>
      <dst id="18">27.2711</dst>
      <dst id="4">3169.1644</dst>
      <dst id="1">850.7378</dst>
      <dst id="5">40.8356</dst>
      <dst id="3">308.9333</dst>
      <dst id="10">94.0356</dst>
      <dst id="22">41.6978</dst>
      <dst id="7">273.3244</dst>
      <dst id="2">8251.5556</dst>
      <dst id="16">1466.7644</dst>
      <dst id="20">20.5867</dst>
      <dst id="11">1631.1289</dst>
      <dst id="9">10.1600</dst>
      <dst id="17">32505.4044</dst>
      <dst id="21">144.9244</dst>
    </src>
    <src id="20">
      <dst id="12">8937.5556</dst>
      <dst id="13">6650.1511</dst>
      <dst id="19">48.1244</dst>
      <dst id="23">1511.5378</dst>
      <dst id="8">323.0044</dst>
      <dst id="18">901.3333</dst>
      <dst id="4">6433.5022</dst>
      <dst id="1">178.1422</dst>
      <dst id="5">6038.4444</dst>
      <dst id="3">1014.5244</dst>
      <dst id="10">1423.3867</dst>
      <dst id="7">917.1289</dst>
      <dst id="2">6649.8044</dst>
      <dst id="14">30.0978</dst>
      <dst id="11">4883.1378</dst>
      <dst id="9">2800.0889</dst>
      <dst id="17">4664.8711</dst>
      <dst id="21">3380.3822</dst>
    </src>
    <src id="11">
      <dst id="12">144623.2444</dst>
      <dst id="13">4284.8533</dst>
      <dst id="19">656.4978</dst>
      <dst id="23">191.2978</dst>
      <dst id="8">1610.7822</dst>
      <dst id="18">1474.8267</dst>
      <dst id="4">13565.1111</dst>
      <dst id="1">790.4000</dst>
      <dst id="5">4686.4444</dst>
      <dst id="3">2626.6489</dst>
      <dst id="10">989.9378</dst>
      <dst id="22">2406.4356</dst>
      <dst id="7">1382.6933</dst>
      <dst id="2">138754.3556</dst>
      <dst id="16">1071.9111</dst>
      <dst id="14">68.5511</dst>
      <dst id="20">4085.6533</dst>
      <dst id="11">7567.7244</dst>
      <dst id="9">1932.2222</dst>
      <dst id="17">759478.0178</dst>
      <dst id="21">1108.1689</dst>
      <dst id="15">2589.2800</dst>
    </src>
    <src id="9">
      <dst id="12">192608.7289</dst>
      <dst id="13">10579.5733</dst>
      <dst id="19">1088.5511</dst>
      <dst id="23">270.5600</dst>
      <dst id="8">210384.7378</dst>
      <dst id="18">1097.9911</dst>
      <dst id="4">9291.0933</dst>
      <dst id="1">7057.7600</dst>
      <dst id="5">10203.3333</dst>
      <dst id="3">111.1911</dst>
      <dst id="10">2564.1778</dst>
      <dst id="22">6571.6178</dst>
      <dst id="7">6249.7689</dst>
      <dst id="2">12554.1689</dst>
      <dst id="16">2328.8978</dst>
      <dst id="14">5.6978</dst>
      <dst id="20">15098.6578</dst>
      <dst id="11">1699.6978</dst>
      <dst id="9">639822.1067</dst>
      <dst id="17">551535.6356</dst>
      <dst id="21">1750.9511</dst>
      <dst id="15">370.1778</dst>
    </src>
    <src id="17">
      <dst id="12">15672.3733</dst>
      <dst id="13">21451.9111</dst>
      <dst id="19">3304.7289</dst>
      <dst id="23">506.6489</dst>
      <dst id="8">816.8356</dst>
      <dst id="18">2343.1289</dst>
      <dst id="4">55726.1956</dst>
      <dst id="1">7920.7556</dst>
      <dst id="5">246503.8578</dst>
      <dst id="3">31722.9244</dst>
      <dst id="10">5511.7689</dst>
      <dst id="22">14653.2800</dst>
      <dst id="7">8713.4756</dst>
      <dst id="2">16052.0089</dst>
      <dst id="16">6129.5022</dst>
      <dst id="14">36696.9067</dst>
      <dst id="20">3115.6444</dst>
      <dst id="11">265625.1378</dst>
      <dst id="9">8039.5467</dst>
      <dst id="17">11011.2444</dst>
      <dst id="21">36033.0311</dst>
      <dst id="15">1115.6711</dst>
    </src>
    <src id="21">
      <dst id="12">23840.5689</dst>
      <dst id="13">6115.9289</dst>
      <dst id="19">1635.6267</dst>
      <dst id="23">214.5067</dst>
      <dst id="8">1157.6711</dst>
      <dst id="18">3402.6311</dst>
      <dst id="4">41132.8089</dst>
      <dst id="1">3729.0933</dst>
      <dst id="5">936.6222</dst>
      <dst id="3">22773.6178</dst>
      <dst id="10">4988.1689</dst>
      <dst id="22">15183.5911</dst>
      <dst id="7">4868.0889</dst>
      <dst id="2">35689.8400</dst>
      <dst id="16">4396.8178</dst>
      <dst id="14">144.2844</dst>
      <dst id="20">389.0578</dst>
      <dst id="11">3200.8444</dst>
      <dst id="9">23157.8222</dst>
      <dst id="17">41811.0133</dst>
      <dst id="21">5892.1156</dst>
      <dst id="15">1828.1422</dst>
    </src>
    <src id="15">
      <dst id="12">2302.9600</dst>
      <dst id="13">1309.4311</dst>
      <dst id="19">204.6578</dst>
      <dst id="23">0.4267</dst>
      <dst id="8">20.5689</dst>
      <dst id="18">95.8044</dst>
      <dst id="4">1618.3733</dst>
      <dst id="1">358.9511</dst>
      <dst id="5">1331.8667</dst>
      <dst id="3">573.3333</dst>
      <dst id="10">1127.7156</dst>
      <dst id="7">51.6889</dst>
      <dst id="2">3783.5911</dst>
      <dst id="16">0.4089</dst>
      <dst id="14">14.8089</dst>
      <dst id="11">189.0400</dst>
      <dst id="9">1581.3956</dst>
      <dst id="17">5514.0533</dst>
      <dst id="21">198.0533</dst>
    </src>
  </IntraTM>
</TrafficMatrixFile>
