<?xml version="1.0" encoding="UTF-8" standalone="yes"?>
<TrafficMatrixFile xmlns:xsi="http://www.w3.org/2001/XMLSchema-instance" xsi:noNamespaceSchemaLocation="http://totem.run.montefiore.ulg.ac.be/Schema/TrafficMatrix-v1_2.xsd">
  <info>
    <title>Intradomain traffic matrix generated by geant-TM-all.pl</title>
    <date>2005-02-18T14:00:00</date>
    <duration>900</duration>
    <author>Steve Uhlig</author>
    <units>
        <unit type="bandwidth" value="kbps"/>
    </units>
  </info>
  <IntraTM ASID="20965">
    <src id="12">
      <dst id="12">247746.4800</dst>
      <dst id="13">12854.9244</dst>
      <dst id="19">5993.0044</dst>
      <dst id="23">183.7600</dst>
      <dst id="8">352.4622</dst>
      <dst id="18">64670.8178</dst>
      <dst id="4">21899.9200</dst>
      <dst id="1">8838.4089</dst>
      <dst id="5">1250.5778</dst>
      <dst id="3">59.1378</dst>
      <dst id="10">5222.1156</dst>
      <dst id="22">7762.0267</dst>
      <dst id="7">1089.4311</dst>
      <dst id="2">36900.4622</dst>
      <dst id="6">122.0711</dst>
      <dst id="16">9372.2756</dst>
      <dst id="14">63.2711</dst>
      <dst id="20">932.3911</dst>
      <dst id="11">94.8089</dst>
      <dst id="9">3266.3289</dst>
      <dst id="17">40003.7156</dst>
      <dst id="21">1578.3022</dst>
      <dst id="15">248.8889</dst>
    </src>
    <src id="13">
      <dst id="12">32703.1733</dst>
      <dst id="19">9181.7422</dst>
      <dst id="23">7532.1600</dst>
      <dst id="8">918.2844</dst>
      <dst id="18">2915.0044</dst>
      <dst id="1">3441.8578</dst>
      <dst id="5">4594.8444</dst>
      <dst id="3">58.5511</dst>
      <dst id="22">7363.0133</dst>
      <dst id="7">12194.7467</dst>
      <dst id="2">49165.7511</dst>
      <dst id="6">91.3067</dst>
      <dst id="16">2996.2044</dst>
      <dst id="14">2011.1378</dst>
      <dst id="20">10295.3956</dst>
      <dst id="11">213.7867</dst>
      <dst id="9">9405.1289</dst>
      <dst id="17">40668.2933</dst>
      <dst id="21">11296.2756</dst>
      <dst id="15">6656.3467</dst>
    </src>
    <src id="19">
      <dst id="12">19575.1822</dst>
      <dst id="13">181.1289</dst>
      <dst id="23">1.7600</dst>
      <dst id="8">1.5644</dst>
      <dst id="18">1497.6444</dst>
      <dst id="4">16666.2400</dst>
      <dst id="1">59.3689</dst>
      <dst id="5">6.4800</dst>
      <dst id="10">191.2267</dst>
      <dst id="22">137.0844</dst>
      <dst id="7">19011.1644</dst>
      <dst id="2">67.5022</dst>
      <dst id="16">16545.5200</dst>
      <dst id="14">2.4356</dst>
      <dst id="20">21.3244</dst>
      <dst id="11">0.8000</dst>
      <dst id="9">143.5200</dst>
      <dst id="17">4489.3422</dst>
      <dst id="21">20.7733</dst>
      <dst id="15">1.2711</dst>
    </src>
    <src id="23">
      <dst id="12">1997.7778</dst>
      <dst id="13">37.9378</dst>
      <dst id="19">0.3378</dst>
      <dst id="4">3837.4311</dst>
      <dst id="1">16.6489</dst>
      <dst id="10">103.8578</dst>
      <dst id="22">13.6889</dst>
      <dst id="7">164.4267</dst>
      <dst id="2">94.4178</dst>
      <dst id="16">17.3333</dst>
      <dst id="14">13.6711</dst>
      <dst id="20">2.0089</dst>
      <dst id="9">12.6222</dst>
      <dst id="17">2073.7422</dst>
      <dst id="21">80.5333</dst>
    </src>
    <src id="8">
      <dst id="12">8626.5511</dst>
      <dst id="13">426.1244</dst>
      <dst id="19">1.3600</dst>
      <dst id="18">26.4356</dst>
      <dst id="4">796.1244</dst>
      <dst id="1">2287.2178</dst>
      <dst id="5">2100.9511</dst>
      <dst id="10">222.2933</dst>
      <dst id="22">226.3289</dst>
      <dst id="7">16.9333</dst>
      <dst id="2">100.3200</dst>
      <dst id="16">35.0933</dst>
      <dst id="14">13.3333</dst>
      <dst id="20">631.9200</dst>
      <dst id="11">15.8578</dst>
      <dst id="9">153961.7511</dst>
      <dst id="17">295119.3600</dst>
      <dst id="21">1163.4311</dst>
      <dst id="15">2.5156</dst>
    </src>
    <src id="18">
      <dst id="12">104960.4800</dst>
      <dst id="13">1360.7644</dst>
      <dst id="19">33.5289</dst>
      <dst id="23">1.9556</dst>
      <dst id="8">1.0933</dst>
      <dst id="4">279.1289</dst>
      <dst id="1">948.1867</dst>
      <dst id="5">146.3467</dst>
      <dst id="3">213.7067</dst>
      <dst id="10">779.1200</dst>
      <dst id="22">105.0133</dst>
      <dst id="7">344.6578</dst>
      <dst id="2">25763.5556</dst>
      <dst id="16">45.3244</dst>
      <dst id="20">47.2267</dst>
      <dst id="9">59.5644</dst>
      <dst id="17">9339.2267</dst>
      <dst id="21">414.2844</dst>
      <dst id="15">59.8756</dst>
    </src>
    <src id="4">
      <dst id="12">5215.2889</dst>
      <dst id="19">3478.7289</dst>
      <dst id="23">118.4000</dst>
      <dst id="8">1617.0222</dst>
      <dst id="18">31.8667</dst>
      <dst id="4">3.4489</dst>
      <dst id="1">32674.9689</dst>
      <dst id="5">333.6978</dst>
      <dst id="3">83.7067</dst>
      <dst id="22">1275.6889</dst>
      <dst id="7">116945.8400</dst>
      <dst id="2">27447.4933</dst>
      <dst id="16">3838.5511</dst>
      <dst id="14">2406.5956</dst>
      <dst id="20">1389.7422</dst>
      <dst id="11">31.3333</dst>
      <dst id="9">541.6889</dst>
      <dst id="17">15022.8089</dst>
      <dst id="21">1275.2444</dst>
      <dst id="15">465.9111</dst>
    </src>
    <src id="1">
      <dst id="12">26495.8844</dst>
      <dst id="13">113.7422</dst>
      <dst id="19">82.6933</dst>
      <dst id="23">24.6844</dst>
      <dst id="8">17.5822</dst>
      <dst id="18">12882.2667</dst>
      <dst id="4">3918.5778</dst>
      <dst id="1">2994.4000</dst>
      <dst id="5">198.1600</dst>
      <dst id="3">51.6889</dst>
      <dst id="10">565.7600</dst>
      <dst id="22">67.1911</dst>
      <dst id="7">2843.0578</dst>
      <dst id="2">2279.5644</dst>
      <dst id="6">14.0000</dst>
      <dst id="16">30001.6800</dst>
      <dst id="14">100.0000</dst>
      <dst id="20">58.0889</dst>
      <dst id="11">64.9689</dst>
      <dst id="9">744.0267</dst>
      <dst id="17">15181.3067</dst>
      <dst id="21">2965.7067</dst>
      <dst id="15">253.5200</dst>
    </src>
    <src id="5">
      <dst id="12">11695.4756</dst>
      <dst id="13">851.1733</dst>
      <dst id="19">281.7778</dst>
      <dst id="8">468.6311</dst>
      <dst id="18">29.4222</dst>
      <dst id="4">1127.4044</dst>
      <dst id="1">1415.7422</dst>
      <dst id="3">1.6622</dst>
      <dst id="10">1626.9333</dst>
      <dst id="22">1192.9600</dst>
      <dst id="7">67.8489</dst>
      <dst id="2">229.9289</dst>
      <dst id="16">176.2222</dst>
      <dst id="14">80.0978</dst>
      <dst id="20">44.5600</dst>
      <dst id="11">13.6889</dst>
      <dst id="9">85373.3067</dst>
      <dst id="17">360172.3733</dst>
      <dst id="21">93.6178</dst>
      <dst id="15">120.3911</dst>
    </src>
    <src id="3">
      <dst id="12">8384.0800</dst>
      <dst id="13">345.2267</dst>
      <dst id="19">912.0000</dst>
      <dst id="23">5.9911</dst>
      <dst id="8">35.7156</dst>
      <dst id="18">1505.0844</dst>
      <dst id="4">46062.2133</dst>
      <dst id="1">1236.4622</dst>
      <dst id="5">283.0222</dst>
      <dst id="3">66.9511</dst>
      <dst id="10">642.6311</dst>
      <dst id="22">279.6444</dst>
      <dst id="7">1580.0622</dst>
      <dst id="2">6072.4800</dst>
      <dst id="6">100.6400</dst>
      <dst id="16">887.5200</dst>
      <dst id="14">176.6222</dst>
      <dst id="20">122.8444</dst>
      <dst id="11">88.5244</dst>
      <dst id="9">181.7422</dst>
      <dst id="17">37584.8978</dst>
      <dst id="21">997.5911</dst>
      <dst id="15">32.7467</dst>
    </src>
    <src id="10">
      <dst id="12">155193.0489</dst>
      <dst id="19">2432.1778</dst>
      <dst id="23">215.3333</dst>
      <dst id="8">75693.2178</dst>
      <dst id="18">7167.9911</dst>
      <dst id="1">7094.5867</dst>
      <dst id="5">135239.8044</dst>
      <dst id="3">12497.0844</dst>
      <dst id="22">3538.9422</dst>
      <dst id="7">5297.2622</dst>
      <dst id="2">8133.8933</dst>
      <dst id="6">8559.5911</dst>
      <dst id="16">332.6044</dst>
      <dst id="14">26642.3111</dst>
      <dst id="20">4773.7244</dst>
      <dst id="11">14143.5822</dst>
      <dst id="9">160937.5467</dst>
      <dst id="17">42490.1333</dst>
      <dst id="21">12339.8933</dst>
      <dst id="15">98.6222</dst>
    </src>
    <src id="22">
      <dst id="12">10837.4578</dst>
      <dst id="13">1686.0889</dst>
      <dst id="19">123.0844</dst>
      <dst id="23">6.5244</dst>
      <dst id="8">932.8800</dst>
      <dst id="18">191.7067</dst>
      <dst id="4">5975.6889</dst>
      <dst id="1">77.8489</dst>
      <dst id="5">1570.5333</dst>
      <dst id="3">1.9022</dst>
      <dst id="10">710.5867</dst>
      <dst id="7">1024.9956</dst>
      <dst id="2">995.0400</dst>
      <dst id="6">13.8222</dst>
      <dst id="14">26.1600</dst>
      <dst id="11">3.1556</dst>
      <dst id="9">308.9333</dst>
      <dst id="17">3037.3956</dst>
      <dst id="21">482.1244</dst>
    </src>
    <src id="7">
      <dst id="12">4683.8489</dst>
      <dst id="13">324.9511</dst>
      <dst id="19">752.8000</dst>
      <dst id="23">53.9111</dst>
      <dst id="8">201.6089</dst>
      <dst id="18">300.8622</dst>
      <dst id="4">18720.9867</dst>
      <dst id="1">7156.9511</dst>
      <dst id="5">763.1911</dst>
      <dst id="3">10.8089</dst>
      <dst id="10">572.5689</dst>
      <dst id="22">2222.8444</dst>
      <dst id="7">807.9556</dst>
      <dst id="2">6506.3644</dst>
      <dst id="6">65.2800</dst>
      <dst id="16">565.4133</dst>
      <dst id="14">1694.6044</dst>
      <dst id="20">248.0178</dst>
      <dst id="11">47.9822</dst>
      <dst id="9">521.8844</dst>
      <dst id="17">4127.2267</dst>
      <dst id="21">940.2756</dst>
      <dst id="15">151.2978</dst>
    </src>
    <src id="2">
      <dst id="12">88459.6444</dst>
      <dst id="13">2076.5600</dst>
      <dst id="19">184.2222</dst>
      <dst id="8">611.1200</dst>
      <dst id="18">42640.8800</dst>
      <dst id="4">48513.2444</dst>
      <dst id="1">5823.8933</dst>
      <dst id="5">489.9733</dst>
      <dst id="3">2.9778</dst>
      <dst id="10">3095.2267</dst>
      <dst id="22">1715.2889</dst>
      <dst id="7">2244.0889</dst>
      <dst id="2">400.6844</dst>
      <dst id="6">7114.5333</dst>
      <dst id="16">292.1067</dst>
      <dst id="14">134.1422</dst>
      <dst id="20">485.7600</dst>
      <dst id="11">93.6089</dst>
      <dst id="9">19730.3200</dst>
      <dst id="17">40403.2178</dst>
      <dst id="21">889.4311</dst>
      <dst id="15">5.6533</dst>
    </src>
    <src id="6">
      <dst id="12">68.9778</dst>
      <dst id="13">42.6578</dst>
      <dst id="19">0.7556</dst>
      <dst id="18">0.3556</dst>
      <dst id="4">40.1067</dst>
      <dst id="1">50.7644</dst>
      <dst id="5">25.0133</dst>
      <dst id="10">11.9289</dst>
      <dst id="22">2.5156</dst>
      <dst id="7">2.5778</dst>
      <dst id="2">2165.8133</dst>
      <dst id="17">8407.8933</dst>
      <dst id="21">3.7600</dst>
    </src>
    <src id="16">
      <dst id="12">7398.9689</dst>
      <dst id="13">4771.9822</dst>
      <dst id="19">3447.4933</dst>
      <dst id="23">15.9822</dst>
      <dst id="8">684.6667</dst>
      <dst id="18">1.1733</dst>
      <dst id="4">1036.1156</dst>
      <dst id="1">16582.1511</dst>
      <dst id="5">1169.6622</dst>
      <dst id="3">0.9067</dst>
      <dst id="10">311.2444</dst>
      <dst id="7">228.4089</dst>
      <dst id="2">754.9600</dst>
      <dst id="16">14.0533</dst>
      <dst id="14">28.0533</dst>
      <dst id="11">287.6089</dst>
      <dst id="9">555.3422</dst>
      <dst id="17">1608.4800</dst>
      <dst id="21">61.5111</dst>
    </src>
    <src id="14">
      <dst id="12">1216.1956</dst>
      <dst id="13">40.4800</dst>
      <dst id="19">1.3511</dst>
      <dst id="23">0.4622</dst>
      <dst id="8">0.3556</dst>
      <dst id="4">513.7333</dst>
      <dst id="1">50.4889</dst>
      <dst id="5">1.4667</dst>
      <dst id="3">155.3778</dst>
      <dst id="10">48.6844</dst>
      <dst id="22">15.9644</dst>
      <dst id="7">381.8756</dst>
      <dst id="2">3876.4444</dst>
      <dst id="16">1.2000</dst>
      <dst id="20">3.3422</dst>
      <dst id="11">1.8222</dst>
      <dst id="17">25566.3556</dst>
      <dst id="21">97.7600</dst>
      <dst id="15">0.3556</dst>
    </src>
    <src id="20">
      <dst id="12">7968.0889</dst>
      <dst id="13">26826.6489</dst>
      <dst id="19">16.9778</dst>
      <dst id="23">0.8267</dst>
      <dst id="8">86.8533</dst>
      <dst id="18">19.3422</dst>
      <dst id="4">1137.8222</dst>
      <dst id="1">49.7156</dst>
      <dst id="5">215.3067</dst>
      <dst id="3">0.4622</dst>
      <dst id="10">622.1511</dst>
      <dst id="7">178.3022</dst>
      <dst id="2">1812.8622</dst>
      <dst id="14">14.8089</dst>
      <dst id="20">17.6889</dst>
      <dst id="11">1.5200</dst>
      <dst id="9">140.3556</dst>
      <dst id="17">547.7778</dst>
      <dst id="21">99.1111</dst>
    </src>
    <src id="11">
      <dst id="12">17321.5644</dst>
      <dst id="13">646.8711</dst>
      <dst id="19">93.7956</dst>
      <dst id="23">6.8978</dst>
      <dst id="8">975.9200</dst>
      <dst id="18">331.6089</dst>
      <dst id="4">1351.8578</dst>
      <dst id="1">1850.5422</dst>
      <dst id="5">400.8444</dst>
      <dst id="3">26.8800</dst>
      <dst id="10">1231.9022</dst>
      <dst id="22">1159.9111</dst>
      <dst id="7">224.3289</dst>
      <dst id="2">113331.7067</dst>
      <dst id="6">0.3556</dst>
      <dst id="16">245.4933</dst>
      <dst id="14">53.6178</dst>
      <dst id="20">115.5378</dst>
      <dst id="11">1966.6578</dst>
      <dst id="9">573.4400</dst>
      <dst id="17">677489.9911</dst>
      <dst id="21">526.5778</dst>
      <dst id="15">127.5200</dst>
    </src>
    <src id="9">
      <dst id="12">10247.3956</dst>
      <dst id="13">500.0889</dst>
      <dst id="19">8.3733</dst>
      <dst id="23">31.7511</dst>
      <dst id="8">69003.1022</dst>
      <dst id="18">73.8044</dst>
      <dst id="4">1281.2089</dst>
      <dst id="1">3997.8578</dst>
      <dst id="5">687.7156</dst>
      <dst id="3">0.6933</dst>
      <dst id="10">321.4311</dst>
      <dst id="22">3097.3867</dst>
      <dst id="7">371.6800</dst>
      <dst id="2">1079.2978</dst>
      <dst id="6">1.8311</dst>
      <dst id="16">109.0667</dst>
      <dst id="14">18.8978</dst>
      <dst id="20">743.6978</dst>
      <dst id="11">56.0267</dst>
      <dst id="9">395160.7111</dst>
      <dst id="17">450391.0311</dst>
      <dst id="21">107.2711</dst>
      <dst id="15">97.2267</dst>
    </src>
    <src id="17">
      <dst id="12">120499.6356</dst>
      <dst id="13">19779.9733</dst>
      <dst id="19">1257.1556</dst>
      <dst id="23">9.4489</dst>
      <dst id="8">141.0667</dst>
      <dst id="18">12925.3156</dst>
      <dst id="4">21708.7111</dst>
      <dst id="1">2671.5467</dst>
      <dst id="5">118392.1333</dst>
      <dst id="3">3041.2356</dst>
      <dst id="10">7346.3556</dst>
      <dst id="22">2543.9556</dst>
      <dst id="7">15855.4222</dst>
      <dst id="2">1544.3911</dst>
      <dst id="6">10.7111</dst>
      <dst id="16">7867.1467</dst>
      <dst id="14">11858.2844</dst>
      <dst id="20">388.8089</dst>
      <dst id="11">15080.8089</dst>
      <dst id="9">4440.9689</dst>
      <dst id="17">56114.1867</dst>
      <dst id="21">2453.7333</dst>
      <dst id="15">76.9867</dst>
    </src>
    <src id="21">
      <dst id="12">5825.7867</dst>
      <dst id="13">866.3644</dst>
      <dst id="19">94.5867</dst>
      <dst id="23">1.3867</dst>
      <dst id="8">73.5644</dst>
      <dst id="18">264.2400</dst>
      <dst id="4">3061.1378</dst>
      <dst id="1">13214.2578</dst>
      <dst id="5">265.0133</dst>
      <dst id="3">595.7867</dst>
      <dst id="10">319.4844</dst>
      <dst id="22">888.5689</dst>
      <dst id="7">710.6578</dst>
      <dst id="2">6323.8756</dst>
      <dst id="6">2.1778</dst>
      <dst id="16">282.2489</dst>
      <dst id="14">77.3867</dst>
      <dst id="20">120.7111</dst>
      <dst id="11">44.4889</dst>
      <dst id="9">2914.5956</dst>
      <dst id="17">34680.5156</dst>
      <dst id="21">1542.6933</dst>
      <dst id="15">221.1289</dst>
    </src>
    <src id="15">
      <dst id="12">956.8622</dst>
      <dst id="13">390.0178</dst>
      <dst id="19">1.3244</dst>
      <dst id="23">2.0622</dst>
      <dst id="8">4.8356</dst>
      <dst id="18">17.2622</dst>
      <dst id="4">4223.2178</dst>
      <dst id="1">115.5644</dst>
      <dst id="5">109.5289</dst>
      <dst id="3">0.4267</dst>
      <dst id="10">591.5022</dst>
      <dst id="7">205.3511</dst>
      <dst id="2">20.0267</dst>
      <dst id="6">1.1467</dst>
      <dst id="14">1.0044</dst>
      <dst id="11">13.2622</dst>
      <dst id="9">329.0667</dst>
      <dst id="17">180.4267</dst>
      <dst id="21">24.1867</dst>
    </src>
  </IntraTM>
</TrafficMatrixFile>
