<?xml version="1.0" encoding="UTF-8" standalone="yes"?>
<TrafficMatrixFile xmlns:xsi="http://www.w3.org/2001/XMLSchema-instance" xsi:noNamespaceSchemaLocation="http://totem.run.montefiore.ulg.ac.be/Schema/TrafficMatrix-v1_2.xsd">
  <info>
    <title>Intradomain traffic matrix generated by geant-TM-all.pl</title>
    <date>2005-02-22T08:45:00</date>
    <duration>900</duration>
    <author>Steve Uhlig</author>
    <units>
        <unit type="bandwidth" value="kbps"/>
    </units>
  </info>
  <IntraTM ASID="20965">
    <src id="12">
      <dst id="12">206232.5689</dst>
      <dst id="13">370759.0756</dst>
      <dst id="19">7301.1289</dst>
      <dst id="23">198.1156</dst>
      <dst id="8">881.1111</dst>
      <dst id="18">36191.9822</dst>
      <dst id="4">13848.2133</dst>
      <dst id="1">10874.2044</dst>
      <dst id="5">6200.9867</dst>
      <dst id="3">85.9022</dst>
      <dst id="10">5587.9111</dst>
      <dst id="22">1558.3911</dst>
      <dst id="7">12162.7289</dst>
      <dst id="2">17980.0089</dst>
      <dst id="6">39.9022</dst>
      <dst id="16">9541.1200</dst>
      <dst id="14">208.4444</dst>
      <dst id="20">4408.4444</dst>
      <dst id="11">416.4711</dst>
      <dst id="9">20086.8711</dst>
      <dst id="17">65261.9556</dst>
      <dst id="21">973.6178</dst>
      <dst id="15">168.2844</dst>
    </src>
    <src id="13">
      <dst id="12">14230.5333</dst>
      <dst id="19">1371.2711</dst>
      <dst id="23">32.4800</dst>
      <dst id="8">394.0267</dst>
      <dst id="18">1290.5422</dst>
      <dst id="1">450.2578</dst>
      <dst id="5">1130.6222</dst>
      <dst id="3">11.0933</dst>
      <dst id="22">8936.6756</dst>
      <dst id="7">12448.3822</dst>
      <dst id="2">17165.8044</dst>
      <dst id="6">27.0311</dst>
      <dst id="16">379.1644</dst>
      <dst id="14">97.5644</dst>
      <dst id="20">10954.1422</dst>
      <dst id="11">139.1556</dst>
      <dst id="9">4376.6667</dst>
      <dst id="17">9803.2356</dst>
      <dst id="21">5719.2178</dst>
      <dst id="15">126.7556</dst>
    </src>
    <src id="19">
      <dst id="12">16370.5689</dst>
      <dst id="13">566.1156</dst>
      <dst id="8">26.2222</dst>
      <dst id="18">1.3156</dst>
      <dst id="4">12048.4000</dst>
      <dst id="1">49.4756</dst>
      <dst id="5">176.1778</dst>
      <dst id="10">88.4267</dst>
      <dst id="22">19.1467</dst>
      <dst id="7">2576.8800</dst>
      <dst id="2">1019.1467</dst>
      <dst id="6">1.2889</dst>
      <dst id="16">15223.9556</dst>
      <dst id="14">3.1289</dst>
      <dst id="20">9.5911</dst>
      <dst id="11">7.5378</dst>
      <dst id="9">878.8800</dst>
      <dst id="17">1905.7600</dst>
      <dst id="21">4447.1467</dst>
      <dst id="15">0.9867</dst>
    </src>
    <src id="23">
      <dst id="12">1188.6844</dst>
      <dst id="13">20.0889</dst>
      <dst id="19">1.0844</dst>
      <dst id="18">925.5467</dst>
      <dst id="4">1103.1467</dst>
      <dst id="1">142.5778</dst>
      <dst id="5">107.7422</dst>
      <dst id="10">989.5467</dst>
      <dst id="22">67.0222</dst>
      <dst id="7">14.1867</dst>
      <dst id="2">27.1556</dst>
      <dst id="6">0.6756</dst>
      <dst id="16">43.8667</dst>
      <dst id="14">0.6489</dst>
      <dst id="20">1.8489</dst>
      <dst id="11">0.4622</dst>
      <dst id="9">1454.0267</dst>
      <dst id="17">25926.9600</dst>
      <dst id="21">15.8044</dst>
    </src>
    <src id="8">
      <dst id="12">13709.1644</dst>
      <dst id="13">116.3556</dst>
      <dst id="19">4.7822</dst>
      <dst id="23">0.4178</dst>
      <dst id="18">687.6444</dst>
      <dst id="4">747.3422</dst>
      <dst id="1">981.9467</dst>
      <dst id="5">1277.1556</dst>
      <dst id="3">0.5600</dst>
      <dst id="10">79.5911</dst>
      <dst id="22">4445.5733</dst>
      <dst id="7">14.0533</dst>
      <dst id="2">195.6000</dst>
      <dst id="6">0.3556</dst>
      <dst id="16">71868.9511</dst>
      <dst id="14">0.8533</dst>
      <dst id="20">1050.7378</dst>
      <dst id="9">153562.8267</dst>
      <dst id="17">247796.3733</dst>
      <dst id="21">52.9156</dst>
      <dst id="15">25.5644</dst>
    </src>
    <src id="18">
      <dst id="12">101548.7467</dst>
      <dst id="13">164.1689</dst>
      <dst id="19">20.0444</dst>
      <dst id="23">34.0178</dst>
      <dst id="8">38.4533</dst>
      <dst id="4">268.4533</dst>
      <dst id="1">1088.8978</dst>
      <dst id="5">66.0711</dst>
      <dst id="3">120.5422</dst>
      <dst id="10">42.9067</dst>
      <dst id="22">72.3911</dst>
      <dst id="7">38.6400</dst>
      <dst id="2">25238.9689</dst>
      <dst id="16">127.2356</dst>
      <dst id="20">49.4133</dst>
      <dst id="11">3.3422</dst>
      <dst id="9">6235.6889</dst>
      <dst id="17">28678.7556</dst>
      <dst id="21">136.7467</dst>
      <dst id="15">17.0222</dst>
    </src>
    <src id="4">
      <dst id="12">32127.7867</dst>
      <dst id="13">2426.6400</dst>
      <dst id="19">5434.3733</dst>
      <dst id="23">656.9778</dst>
      <dst id="8">2791.0044</dst>
      <dst id="18">4367.4222</dst>
      <dst id="4">67.0044</dst>
      <dst id="1">19139.0222</dst>
      <dst id="5">2226.3644</dst>
      <dst id="3">96.8533</dst>
      <dst id="22">5688.0000</dst>
      <dst id="7">5109.2800</dst>
      <dst id="2">71919.0311</dst>
      <dst id="6">35.2089</dst>
      <dst id="16">8713.7778</dst>
      <dst id="14">3360.4622</dst>
      <dst id="20">20856.1333</dst>
      <dst id="11">1075.5378</dst>
      <dst id="9">5374.5333</dst>
      <dst id="17">51981.6356</dst>
      <dst id="21">7612.5511</dst>
      <dst id="15">692.0800</dst>
    </src>
    <src id="1">
      <dst id="12">41560.2222</dst>
      <dst id="13">638.1600</dst>
      <dst id="19">27.0667</dst>
      <dst id="23">25.3956</dst>
      <dst id="8">30.3644</dst>
      <dst id="18">12412.9156</dst>
      <dst id="4">5987.9111</dst>
      <dst id="1">4017.4844</dst>
      <dst id="5">275.0222</dst>
      <dst id="3">32.2933</dst>
      <dst id="10">2241.9022</dst>
      <dst id="22">104.0089</dst>
      <dst id="7">3682.7911</dst>
      <dst id="2">1248.9156</dst>
      <dst id="6">1.1200</dst>
      <dst id="16">25134.5156</dst>
      <dst id="14">35.2622</dst>
      <dst id="20">156.6756</dst>
      <dst id="11">79.9467</dst>
      <dst id="9">1173.4222</dst>
      <dst id="17">30425.4044</dst>
      <dst id="21">3696.9600</dst>
      <dst id="15">142.2578</dst>
    </src>
    <src id="5">
      <dst id="12">8449.5556</dst>
      <dst id="13">953.1200</dst>
      <dst id="19">68.5689</dst>
      <dst id="23">3.4489</dst>
      <dst id="8">706.6311</dst>
      <dst id="18">161.6000</dst>
      <dst id="4">927.7067</dst>
      <dst id="1">4195.5111</dst>
      <dst id="10">97.6444</dst>
      <dst id="22">1827.1822</dst>
      <dst id="7">53.2356</dst>
      <dst id="2">749.2444</dst>
      <dst id="6">3.5111</dst>
      <dst id="16">104807.6089</dst>
      <dst id="20">354.9156</dst>
      <dst id="11">5.7067</dst>
      <dst id="9">74938.9689</dst>
      <dst id="17">342363.5467</dst>
      <dst id="21">17.0578</dst>
      <dst id="15">97.5378</dst>
    </src>
    <src id="3">
      <dst id="12">13006.7111</dst>
      <dst id="13">228.8356</dst>
      <dst id="19">708.5778</dst>
      <dst id="23">10.0622</dst>
      <dst id="8">8.7911</dst>
      <dst id="18">139.8222</dst>
      <dst id="4">13841.6978</dst>
      <dst id="1">3964.0356</dst>
      <dst id="5">179.2356</dst>
      <dst id="3">2.9156</dst>
      <dst id="10">418.1511</dst>
      <dst id="22">181.2089</dst>
      <dst id="7">541.8222</dst>
      <dst id="2">2099.3778</dst>
      <dst id="16">2006.1778</dst>
      <dst id="14">238.0889</dst>
      <dst id="20">19.4400</dst>
      <dst id="11">263.1022</dst>
      <dst id="9">504.9600</dst>
      <dst id="17">11391.0844</dst>
      <dst id="21">858.5244</dst>
      <dst id="15">37.9289</dst>
    </src>
    <src id="10">
      <dst id="12">93317.6356</dst>
      <dst id="19">9985.6800</dst>
      <dst id="23">3060.2222</dst>
      <dst id="8">60156.7556</dst>
      <dst id="18">4178.6756</dst>
      <dst id="1">251.5289</dst>
      <dst id="5">119079.7067</dst>
      <dst id="3">9244.7289</dst>
      <dst id="22">3510.0178</dst>
      <dst id="7">11098.7467</dst>
      <dst id="2">19223.0578</dst>
      <dst id="6">11429.9822</dst>
      <dst id="16">1611.7600</dst>
      <dst id="14">20155.6622</dst>
      <dst id="20">525.7156</dst>
      <dst id="11">7227.6178</dst>
      <dst id="9">140890.7200</dst>
      <dst id="17">30869.4933</dst>
      <dst id="21">4734.3911</dst>
      <dst id="15">293.1289</dst>
    </src>
    <src id="22">
      <dst id="12">15235.6267</dst>
      <dst id="13">7800.3644</dst>
      <dst id="19">43.7422</dst>
      <dst id="23">211.8044</dst>
      <dst id="8">351.6000</dst>
      <dst id="18">169.9556</dst>
      <dst id="4">3922.7467</dst>
      <dst id="1">538.0978</dst>
      <dst id="5">4350.9422</dst>
      <dst id="3">9.0311</dst>
      <dst id="10">1600.1956</dst>
      <dst id="7">1078.3644</dst>
      <dst id="2">4123.5733</dst>
      <dst id="6">50.3467</dst>
      <dst id="14">211.9111</dst>
      <dst id="11">29.7778</dst>
      <dst id="9">5621.0311</dst>
      <dst id="17">3640.5333</dst>
      <dst id="21">193.9022</dst>
    </src>
    <src id="7">
      <dst id="12">4997.0311</dst>
      <dst id="13">602.3556</dst>
      <dst id="19">639.1022</dst>
      <dst id="23">6.6578</dst>
      <dst id="8">80.3911</dst>
      <dst id="18">160.1867</dst>
      <dst id="4">1516.6133</dst>
      <dst id="1">9267.1467</dst>
      <dst id="5">493.0578</dst>
      <dst id="3">113.1022</dst>
      <dst id="10">180.6044</dst>
      <dst id="22">811.2978</dst>
      <dst id="7">716.3378</dst>
      <dst id="2">8208.6044</dst>
      <dst id="6">24.7467</dst>
      <dst id="16">740.7556</dst>
      <dst id="14">62.0533</dst>
      <dst id="20">18.5511</dst>
      <dst id="11">230.8000</dst>
      <dst id="9">167.7867</dst>
      <dst id="17">2498.8533</dst>
      <dst id="21">724.5689</dst>
      <dst id="15">37.1378</dst>
    </src>
    <src id="2">
      <dst id="12">58484.5867</dst>
      <dst id="13">12947.3600</dst>
      <dst id="19">569.1911</dst>
      <dst id="23">3.5911</dst>
      <dst id="8">66.2133</dst>
      <dst id="18">27030.1689</dst>
      <dst id="4">15940.7467</dst>
      <dst id="1">2778.6133</dst>
      <dst id="5">160.4267</dst>
      <dst id="3">61.5022</dst>
      <dst id="10">8587.8222</dst>
      <dst id="22">175.9378</dst>
      <dst id="7">2405.4756</dst>
      <dst id="2">595.5644</dst>
      <dst id="6">9898.6400</dst>
      <dst id="16">1123.6622</dst>
      <dst id="14">237.8400</dst>
      <dst id="20">207.8933</dst>
      <dst id="11">230.9511</dst>
      <dst id="9">1311.0667</dst>
      <dst id="17">12235.6978</dst>
      <dst id="21">2627.4667</dst>
      <dst id="15">5.5378</dst>
    </src>
    <src id="6">
      <dst id="12">205.1822</dst>
      <dst id="13">16.5600</dst>
      <dst id="8">17.9644</dst>
      <dst id="4">40.5511</dst>
      <dst id="1">75.8578</dst>
      <dst id="22">44.7911</dst>
      <dst id="7">1.7956</dst>
      <dst id="2">3792.2667</dst>
      <dst id="16">0.3556</dst>
      <dst id="20">0.5778</dst>
      <dst id="9">287.6889</dst>
      <dst id="17">13879.0400</dst>
      <dst id="21">0.5156</dst>
    </src>
    <src id="16">
      <dst id="12">85096.8889</dst>
      <dst id="13">1916.6311</dst>
      <dst id="19">3035.2089</dst>
      <dst id="23">14.9333</dst>
      <dst id="8">63718.4711</dst>
      <dst id="18">307.0844</dst>
      <dst id="4">1003.5022</dst>
      <dst id="1">9269.9200</dst>
      <dst id="5">92633.7778</dst>
      <dst id="3">2279.4133</dst>
      <dst id="10">92.9689</dst>
      <dst id="22">47.7956</dst>
      <dst id="7">4883.2800</dst>
      <dst id="2">197.3600</dst>
      <dst id="16">24.8356</dst>
      <dst id="14">61.2089</dst>
      <dst id="11">11831.8933</dst>
      <dst id="9">114915.1289</dst>
      <dst id="17">7889.1556</dst>
      <dst id="21">1362.6933</dst>
    </src>
    <src id="14">
      <dst id="12">2490.3022</dst>
      <dst id="13">40.7467</dst>
      <dst id="19">17.6711</dst>
      <dst id="8">1.9733</dst>
      <dst id="18">1.2622</dst>
      <dst id="4">305.3600</dst>
      <dst id="1">158.7289</dst>
      <dst id="5">0.3556</dst>
      <dst id="3">36.1244</dst>
      <dst id="10">81.0756</dst>
      <dst id="22">4.2311</dst>
      <dst id="7">29.9467</dst>
      <dst id="2">1150.2578</dst>
      <dst id="16">2770.6489</dst>
      <dst id="20">0.4622</dst>
      <dst id="11">0.9244</dst>
      <dst id="9">360.7644</dst>
      <dst id="17">20917.0489</dst>
      <dst id="21">80.2667</dst>
    </src>
    <src id="20">
      <dst id="12">4750.1600</dst>
      <dst id="13">6561.6089</dst>
      <dst id="19">724.3022</dst>
      <dst id="23">33.5111</dst>
      <dst id="8">129.7956</dst>
      <dst id="18">48.1067</dst>
      <dst id="4">6144.8356</dst>
      <dst id="1">3266.6311</dst>
      <dst id="5">4155.2444</dst>
      <dst id="3">2.6667</dst>
      <dst id="10">696.3556</dst>
      <dst id="7">15.8756</dst>
      <dst id="2">2186.5867</dst>
      <dst id="20">35.1644</dst>
      <dst id="11">15.2267</dst>
      <dst id="9">5911.7333</dst>
      <dst id="17">2112.0000</dst>
      <dst id="21">147.0044</dst>
    </src>
    <src id="11">
      <dst id="12">30752.8800</dst>
      <dst id="13">5428.0267</dst>
      <dst id="19">402.4800</dst>
      <dst id="23">93.3867</dst>
      <dst id="8">1018.7733</dst>
      <dst id="18">181.5733</dst>
      <dst id="4">2535.8400</dst>
      <dst id="1">5730.1422</dst>
      <dst id="5">669.9644</dst>
      <dst id="3">101.3867</dst>
      <dst id="10">2937.6889</dst>
      <dst id="22">454.2844</dst>
      <dst id="7">412.6489</dst>
      <dst id="2">64083.1822</dst>
      <dst id="16">50048.5067</dst>
      <dst id="14">11.3333</dst>
      <dst id="20">25.8578</dst>
      <dst id="11">7837.6444</dst>
      <dst id="9">30739.6444</dst>
      <dst id="17">661160.1867</dst>
      <dst id="21">998.2222</dst>
      <dst id="15">40.1244</dst>
    </src>
    <src id="9">
      <dst id="12">24034.8622</dst>
      <dst id="13">9448.4978</dst>
      <dst id="19">612.4711</dst>
      <dst id="23">49.5289</dst>
      <dst id="8">81055.7689</dst>
      <dst id="18">70.8356</dst>
      <dst id="4">1401.1911</dst>
      <dst id="1">5164.8800</dst>
      <dst id="5">4153.8578</dst>
      <dst id="10">408.4622</dst>
      <dst id="22">2863.8756</dst>
      <dst id="7">600.7911</dst>
      <dst id="2">3825.9022</dst>
      <dst id="6">174.8444</dst>
      <dst id="16">108808.4711</dst>
      <dst id="14">111.4400</dst>
      <dst id="20">6885.3422</dst>
      <dst id="11">30.5867</dst>
      <dst id="9">354352.8000</dst>
      <dst id="17">422955.1556</dst>
      <dst id="21">1006.8267</dst>
      <dst id="15">203.4222</dst>
    </src>
    <src id="17">
      <dst id="12">82411.8311</dst>
      <dst id="13">5319.9644</dst>
      <dst id="19">770.6489</dst>
      <dst id="23">18.9600</dst>
      <dst id="8">545.0222</dst>
      <dst id="18">321.6089</dst>
      <dst id="4">19515.1111</dst>
      <dst id="1">3079.0133</dst>
      <dst id="5">81395.4578</dst>
      <dst id="3">1248.8889</dst>
      <dst id="10">860.7733</dst>
      <dst id="22">1147.5200</dst>
      <dst id="7">1134.0178</dst>
      <dst id="2">5626.4178</dst>
      <dst id="6">11.2800</dst>
      <dst id="16">1023.6978</dst>
      <dst id="14">7150.5511</dst>
      <dst id="20">2720.1067</dst>
      <dst id="11">6938.2133</dst>
      <dst id="9">1020.1067</dst>
      <dst id="17">25844.3556</dst>
      <dst id="21">2921.7244</dst>
      <dst id="15">123.1022</dst>
    </src>
    <src id="21">
      <dst id="12">6372.5244</dst>
      <dst id="13">578.9156</dst>
      <dst id="19">286.2578</dst>
      <dst id="23">3.2889</dst>
      <dst id="8">29.0222</dst>
      <dst id="18">912.6222</dst>
      <dst id="4">4076.3644</dst>
      <dst id="1">1160.9156</dst>
      <dst id="5">290.1156</dst>
      <dst id="3">527.0400</dst>
      <dst id="10">3566.7111</dst>
      <dst id="22">373.6889</dst>
      <dst id="7">734.6667</dst>
      <dst id="2">6980.0089</dst>
      <dst id="16">420.1244</dst>
      <dst id="14">111.9467</dst>
      <dst id="20">63.9111</dst>
      <dst id="11">685.6178</dst>
      <dst id="9">1331.6178</dst>
      <dst id="17">31417.9378</dst>
      <dst id="21">793.1467</dst>
      <dst id="15">129.7511</dst>
    </src>
    <src id="15">
      <dst id="12">961.1111</dst>
      <dst id="13">1484.4622</dst>
      <dst id="23">1.1378</dst>
      <dst id="8">56.1778</dst>
      <dst id="18">1.4933</dst>
      <dst id="4">131.0578</dst>
      <dst id="1">98.0978</dst>
      <dst id="5">72.0356</dst>
      <dst id="10">45.9733</dst>
      <dst id="7">213.8489</dst>
      <dst id="2">21.9911</dst>
      <dst id="16">0.4089</dst>
      <dst id="11">15.1822</dst>
      <dst id="9">291.0311</dst>
      <dst id="17">164.5067</dst>
      <dst id="21">14.1689</dst>
    </src>
  </IntraTM>
</TrafficMatrixFile>
