<?xml version="1.0" encoding="UTF-8" standalone="yes"?>
<TrafficMatrixFile xmlns:xsi="http://www.w3.org/2001/XMLSchema-instance" xsi:noNamespaceSchemaLocation="http://totem.run.montefiore.ulg.ac.be/Schema/TrafficMatrix-v1_2.xsd">
  <info>
    <title>Intradomain traffic matrix generated by geant-TM-all.pl</title>
    <date>2005-04-20T13:30:00</date>
    <duration>900</duration>
    <author>Steve Uhlig</author>
    <units>
        <unit type="bandwidth" value="kbps"/>
    </units>
  </info>
  <IntraTM ASID="20965">
    <src id="12">
      <dst id="12">271391.1200</dst>
      <dst id="13">13096.8356</dst>
      <dst id="19">6979.1733</dst>
      <dst id="23">905.6178</dst>
      <dst id="8">69.3244</dst>
      <dst id="18">27227.4311</dst>
      <dst id="4">4799.9111</dst>
      <dst id="1">18921.4400</dst>
      <dst id="5">1280.1333</dst>
      <dst id="3">208.9511</dst>
      <dst id="10">2605.8756</dst>
      <dst id="22">235.4222</dst>
      <dst id="7">188.2578</dst>
      <dst id="2">2171.7778</dst>
      <dst id="16">1093.5822</dst>
      <dst id="14">272.1244</dst>
      <dst id="20">442.8800</dst>
      <dst id="11">67.9911</dst>
      <dst id="9">17909.1911</dst>
      <dst id="17">32637.4400</dst>
      <dst id="21">741.8756</dst>
      <dst id="15">163.9111</dst>
    </src>
    <src id="13">
      <dst id="12">9954.4000</dst>
      <dst id="13">22.0178</dst>
      <dst id="19">815.7511</dst>
      <dst id="23">7.7778</dst>
      <dst id="8">94.6667</dst>
      <dst id="18">1409.9911</dst>
      <dst id="4">1.1289</dst>
      <dst id="1">22575.9911</dst>
      <dst id="5">1837.4400</dst>
      <dst id="3">18.5067</dst>
      <dst id="10">0.7467</dst>
      <dst id="22">58.4711</dst>
      <dst id="7">12.8000</dst>
      <dst id="2">3201.4489</dst>
      <dst id="16">243.3156</dst>
      <dst id="14">29.5911</dst>
      <dst id="20">4249.8222</dst>
      <dst id="11">24.2133</dst>
      <dst id="9">1263.3600</dst>
      <dst id="17">8980.8533</dst>
      <dst id="21">336.4444</dst>
      <dst id="15">4.5422</dst>
    </src>
    <src id="19">
      <dst id="12">30658.0800</dst>
      <dst id="13">788.3911</dst>
      <dst id="23">1.0311</dst>
      <dst id="18">0.7111</dst>
      <dst id="4">380.9867</dst>
      <dst id="1">19.4933</dst>
      <dst id="5">61.2978</dst>
      <dst id="3">0.9244</dst>
      <dst id="10">293.1022</dst>
      <dst id="7">834.1600</dst>
      <dst id="2">52.9244</dst>
      <dst id="16">59.4756</dst>
      <dst id="14">12.0533</dst>
      <dst id="20">0.9244</dst>
      <dst id="11">1.0667</dst>
      <dst id="9">191.7778</dst>
      <dst id="17">1133.0578</dst>
      <dst id="21">778.8711</dst>
      <dst id="15">6.2933</dst>
    </src>
    <src id="23">
      <dst id="12">1601.4044</dst>
      <dst id="13">550.2578</dst>
      <dst id="19">0.3911</dst>
      <dst id="8">1.1733</dst>
      <dst id="18">0.3556</dst>
      <dst id="4">2312.8711</dst>
      <dst id="1">80.8178</dst>
      <dst id="5">14.4000</dst>
      <dst id="10">135.7511</dst>
      <dst id="7">42.5600</dst>
      <dst id="2">130.6756</dst>
      <dst id="16">13.3333</dst>
      <dst id="20">13.8489</dst>
      <dst id="11">25.9556</dst>
      <dst id="9">149.5022</dst>
      <dst id="17">2153.4844</dst>
      <dst id="21">37.9378</dst>
    </src>
    <src id="8">
      <dst id="12">5165.5822</dst>
      <dst id="13">497.8311</dst>
      <dst id="19">1.8578</dst>
      <dst id="23">0.3556</dst>
      <dst id="18">10.1511</dst>
      <dst id="4">50.4444</dst>
      <dst id="1">1406.7733</dst>
      <dst id="5">190.8533</dst>
      <dst id="3">110.5689</dst>
      <dst id="10">87.2889</dst>
      <dst id="2">33.9556</dst>
      <dst id="16">276307.9289</dst>
      <dst id="14">0.3911</dst>
      <dst id="11">0.7467</dst>
      <dst id="9">54021.9378</dst>
      <dst id="17">17063.9111</dst>
      <dst id="15">0.4533</dst>
    </src>
    <src id="18">
      <dst id="12">81077.9378</dst>
      <dst id="13">307.6889</dst>
      <dst id="23">12.6222</dst>
      <dst id="8">51.3778</dst>
      <dst id="4">27.6622</dst>
      <dst id="1">4150.2489</dst>
      <dst id="5">1929.8489</dst>
      <dst id="3">1604.7822</dst>
      <dst id="10">33.3689</dst>
      <dst id="22">2034.1867</dst>
      <dst id="7">60.0711</dst>
      <dst id="2">6909.9911</dst>
      <dst id="16">205.3600</dst>
      <dst id="14">0.6311</dst>
      <dst id="20">0.3556</dst>
      <dst id="11">35.0489</dst>
      <dst id="9">3238.0622</dst>
      <dst id="17">4575.4044</dst>
      <dst id="21">85.9022</dst>
      <dst id="15">0.3556</dst>
    </src>
    <src id="4">
      <dst id="12">10084.5867</dst>
      <dst id="13">8.7378</dst>
      <dst id="19">3756.8800</dst>
      <dst id="23">517.6533</dst>
      <dst id="8">781.8667</dst>
      <dst id="18">4358.8444</dst>
      <dst id="4">396.8622</dst>
      <dst id="1">88748.8089</dst>
      <dst id="5">5781.5022</dst>
      <dst id="3">140.7022</dst>
      <dst id="7">1.4222</dst>
      <dst id="2">186526.0089</dst>
      <dst id="6">0.4267</dst>
      <dst id="16">38577.9111</dst>
      <dst id="14">2359.0400</dst>
      <dst id="11">108.6044</dst>
      <dst id="9">15553.8756</dst>
      <dst id="17">26828.0622</dst>
      <dst id="21">2206.4444</dst>
      <dst id="15">419.0578</dst>
    </src>
    <src id="1">
      <dst id="12">31068.0444</dst>
      <dst id="13">667.3067</dst>
      <dst id="19">25.8400</dst>
      <dst id="23">78.2844</dst>
      <dst id="8">303.9022</dst>
      <dst id="18">20051.4222</dst>
      <dst id="4">334.0444</dst>
      <dst id="1">22767.9911</dst>
      <dst id="5">80.9244</dst>
      <dst id="3">194.1511</dst>
      <dst id="10">705.8044</dst>
      <dst id="7">7200.0889</dst>
      <dst id="2">38487.8133</dst>
      <dst id="16">21916.8800</dst>
      <dst id="14">107.2800</dst>
      <dst id="20">57.3511</dst>
      <dst id="11">3088.3556</dst>
      <dst id="9">1020.1867</dst>
      <dst id="17">31132.9867</dst>
      <dst id="21">6401.8400</dst>
      <dst id="15">90.9778</dst>
    </src>
    <src id="5">
      <dst id="12">7478.4622</dst>
      <dst id="13">2307.6533</dst>
      <dst id="19">1.8044</dst>
      <dst id="23">0.3556</dst>
      <dst id="8">6.7378</dst>
      <dst id="18">117.1911</dst>
      <dst id="4">298.4533</dst>
      <dst id="1">23190.4711</dst>
      <dst id="3">290.3111</dst>
      <dst id="10">265.3778</dst>
      <dst id="2">33.8044</dst>
      <dst id="16">287876.5867</dst>
      <dst id="14">11.2889</dst>
      <dst id="11">0.3556</dst>
      <dst id="9">38010.9600</dst>
      <dst id="17">22766.3733</dst>
      <dst id="21">22.6578</dst>
      <dst id="15">4.5778</dst>
    </src>
    <src id="3">
      <dst id="12">622.6222</dst>
      <dst id="13">37352.7822</dst>
      <dst id="19">1102.8267</dst>
      <dst id="23">3.4222</dst>
      <dst id="8">17.8044</dst>
      <dst id="18">2.0978</dst>
      <dst id="4">863.6711</dst>
      <dst id="1">11228.5333</dst>
      <dst id="5">271.6178</dst>
      <dst id="3">211.5111</dst>
      <dst id="10">315.7333</dst>
      <dst id="7">200.5867</dst>
      <dst id="2">3562.2311</dst>
      <dst id="16">4939.1911</dst>
      <dst id="14">85.3333</dst>
      <dst id="20">381.6267</dst>
      <dst id="11">154.9067</dst>
      <dst id="9">1664.4889</dst>
      <dst id="17">27775.4756</dst>
      <dst id="21">449.4400</dst>
      <dst id="15">3.8578</dst>
    </src>
    <src id="10">
      <dst id="12">1037.8578</dst>
      <dst id="13">2.9867</dst>
      <dst id="19">3962.6667</dst>
      <dst id="23">263.6711</dst>
      <dst id="8">80.8089</dst>
      <dst id="18">5042.5778</dst>
      <dst id="1">733.7778</dst>
      <dst id="5">581.8311</dst>
      <dst id="3">15.0489</dst>
      <dst id="2">29649.7956</dst>
      <dst id="16">27056.2222</dst>
      <dst id="14">1250.0356</dst>
      <dst id="20">10692.6044</dst>
      <dst id="11">19.7422</dst>
      <dst id="9">1956.8800</dst>
      <dst id="17">31214.0800</dst>
      <dst id="21">1371.5022</dst>
      <dst id="15">71.5556</dst>
    </src>
    <src id="22">
      <dst id="12">4479.5200</dst>
      <dst id="13">4778.6400</dst>
      <dst id="19">7.4044</dst>
      <dst id="23">5.3333</dst>
      <dst id="8">230.2578</dst>
      <dst id="18">38.8978</dst>
      <dst id="4">890.0178</dst>
      <dst id="1">3297.6622</dst>
      <dst id="5">687.6800</dst>
      <dst id="10">2210.6400</dst>
      <dst id="7">50.1689</dst>
      <dst id="2">106.3822</dst>
      <dst id="16">92.0267</dst>
      <dst id="14">251.4400</dst>
      <dst id="11">5.9556</dst>
      <dst id="9">166.9067</dst>
      <dst id="17">938.6933</dst>
      <dst id="21">77.2533</dst>
    </src>
    <src id="7">
      <dst id="12">3822.7556</dst>
      <dst id="13">10978.9867</dst>
      <dst id="19">22.3644</dst>
      <dst id="23">33.8578</dst>
      <dst id="8">3.6000</dst>
      <dst id="18">6.3200</dst>
      <dst id="4">1016.9067</dst>
      <dst id="1">243.7867</dst>
      <dst id="5">2.7022</dst>
      <dst id="3">11.0844</dst>
      <dst id="10">707.8133</dst>
      <dst id="22">3.2622</dst>
      <dst id="7">25.3867</dst>
      <dst id="2">177.3689</dst>
      <dst id="16">26.1244</dst>
      <dst id="14">51.6800</dst>
      <dst id="20">14.6133</dst>
      <dst id="11">49.9911</dst>
      <dst id="9">24.0978</dst>
      <dst id="17">8205.2533</dst>
      <dst id="21">159.0400</dst>
      <dst id="15">1.7067</dst>
    </src>
    <src id="2">
      <dst id="12">54506.8444</dst>
      <dst id="13">22920.5422</dst>
      <dst id="19">335.5022</dst>
      <dst id="8">3.2622</dst>
      <dst id="18">17150.0267</dst>
      <dst id="4">2355.5111</dst>
      <dst id="1">33585.5822</dst>
      <dst id="5">45.8044</dst>
      <dst id="3">72.2489</dst>
      <dst id="10">2216.9600</dst>
      <dst id="22">96.1689</dst>
      <dst id="7">370.8178</dst>
      <dst id="2">1044.8622</dst>
      <dst id="16">77.4400</dst>
      <dst id="14">206.7467</dst>
      <dst id="20">16948.3644</dst>
      <dst id="11">302.0711</dst>
      <dst id="9">503.4400</dst>
      <dst id="17">5154.3111</dst>
      <dst id="21">1315.6356</dst>
      <dst id="15">21.3422</dst>
    </src>
    <src id="6">
      <dst id="12">143.0933</dst>
      <dst id="13">15.3422</dst>
      <dst id="19">5.1556</dst>
      <dst id="4">2.5778</dst>
      <dst id="1">1717.0933</dst>
      <dst id="10">43.4044</dst>
      <dst id="7">0.6756</dst>
      <dst id="2">267.9467</dst>
      <dst id="16">1.3689</dst>
      <dst id="20">0.3378</dst>
      <dst id="9">694.2044</dst>
      <dst id="17">18173.5111</dst>
    </src>
    <src id="16">
      <dst id="12">56761.7689</dst>
      <dst id="13">326.6667</dst>
      <dst id="19">5351.6178</dst>
      <dst id="23">25.2800</dst>
      <dst id="8">76962.8711</dst>
      <dst id="18">0.5333</dst>
      <dst id="4">1109.8400</dst>
      <dst id="1">36090.8978</dst>
      <dst id="5">154211.6267</dst>
      <dst id="3">1860.3556</dst>
      <dst id="10">252.7022</dst>
      <dst id="2">267.0489</dst>
      <dst id="16">9697.1022</dst>
      <dst id="14">21591.5733</dst>
      <dst id="11">7754.3822</dst>
      <dst id="9">97748.0533</dst>
      <dst id="17">996.3200</dst>
      <dst id="21">34.6756</dst>
    </src>
    <src id="14">
      <dst id="12">289.6533</dst>
      <dst id="13">76.1156</dst>
      <dst id="19">7.3156</dst>
      <dst id="8">0.4267</dst>
      <dst id="18">0.3556</dst>
      <dst id="4">57.5022</dst>
      <dst id="1">1069.1733</dst>
      <dst id="5">12.4444</dst>
      <dst id="3">513.0133</dst>
      <dst id="10">52.3644</dst>
      <dst id="7">6.7556</dst>
      <dst id="2">68.6667</dst>
      <dst id="16">788.9600</dst>
      <dst id="20">0.5333</dst>
      <dst id="11">14.4356</dst>
      <dst id="9">1806.5956</dst>
      <dst id="17">21098.3911</dst>
      <dst id="21">83.6622</dst>
    </src>
    <src id="20">
      <dst id="12">40.5422</dst>
      <dst id="13">1362.6133</dst>
      <dst id="19">14.6933</dst>
      <dst id="23">54.0889</dst>
      <dst id="8">158.8889</dst>
      <dst id="18">2.8178</dst>
      <dst id="4">817.5378</dst>
      <dst id="1">60.6044</dst>
      <dst id="5">114.7289</dst>
      <dst id="3">1.1822</dst>
      <dst id="10">761.2889</dst>
      <dst id="7">1.8133</dst>
      <dst id="2">46.7111</dst>
      <dst id="16">5449.4578</dst>
      <dst id="14">4.3378</dst>
      <dst id="20">51.4311</dst>
      <dst id="11">16.8178</dst>
      <dst id="9">289.8578</dst>
      <dst id="17">496.2667</dst>
      <dst id="21">115.4756</dst>
    </src>
    <src id="11">
      <dst id="12">23339.4578</dst>
      <dst id="13">1531.1733</dst>
      <dst id="19">111.7422</dst>
      <dst id="23">6.4000</dst>
      <dst id="8">59.8222</dst>
      <dst id="18">8.9156</dst>
      <dst id="4">585.2178</dst>
      <dst id="1">27137.5822</dst>
      <dst id="5">324.2222</dst>
      <dst id="3">824.7822</dst>
      <dst id="10">453.3067</dst>
      <dst id="2">3425.5200</dst>
      <dst id="16">5909.5289</dst>
      <dst id="14">19.2533</dst>
      <dst id="20">1100.4800</dst>
      <dst id="11">889.6622</dst>
      <dst id="9">35632.0178</dst>
      <dst id="17">390708.9867</dst>
      <dst id="21">271.6267</dst>
      <dst id="15">299.1911</dst>
    </src>
    <src id="9">
      <dst id="12">21765.6444</dst>
      <dst id="13">850.7200</dst>
      <dst id="19">38.0800</dst>
      <dst id="23">10.9067</dst>
      <dst id="8">50775.2267</dst>
      <dst id="18">13.3333</dst>
      <dst id="4">1196.2667</dst>
      <dst id="1">2823.9289</dst>
      <dst id="5">417.7067</dst>
      <dst id="3">424.1867</dst>
      <dst id="10">489.2444</dst>
      <dst id="2">91.7511</dst>
      <dst id="16">394192.9689</dst>
      <dst id="14">28.1156</dst>
      <dst id="11">22.6044</dst>
      <dst id="9">196134.8178</dst>
      <dst id="17">46046.3111</dst>
      <dst id="21">156.4267</dst>
      <dst id="15">3767.6089</dst>
    </src>
    <src id="17">
      <dst id="12">45808.5511</dst>
      <dst id="13">32675.7244</dst>
      <dst id="19">171.9289</dst>
      <dst id="23">35.4222</dst>
      <dst id="8">17.1378</dst>
      <dst id="18">611.6356</dst>
      <dst id="4">4866.8089</dst>
      <dst id="1">20238.6933</dst>
      <dst id="5">107504.4711</dst>
      <dst id="3">2185.4311</dst>
      <dst id="10">5915.3422</dst>
      <dst id="7">956.9867</dst>
      <dst id="2">1164.6222</dst>
      <dst id="16">39199.5022</dst>
      <dst id="14">6828.3911</dst>
      <dst id="20">142.4622</dst>
      <dst id="11">8101.3689</dst>
      <dst id="9">11214.8000</dst>
      <dst id="17">10077.0044</dst>
      <dst id="21">3991.8667</dst>
      <dst id="15">413.7067</dst>
    </src>
    <src id="21">
      <dst id="12">2426.2044</dst>
      <dst id="13">622.3200</dst>
      <dst id="19">225.7600</dst>
      <dst id="23">5.9556</dst>
      <dst id="8">0.4267</dst>
      <dst id="18">2014.2933</dst>
      <dst id="4">655.7333</dst>
      <dst id="1">9985.3067</dst>
      <dst id="5">306.9689</dst>
      <dst id="3">408.2667</dst>
      <dst id="10">810.8533</dst>
      <dst id="7">151.7867</dst>
      <dst id="2">319.0667</dst>
      <dst id="16">3922.4889</dst>
      <dst id="14">183.2267</dst>
      <dst id="20">61.1733</dst>
      <dst id="11">133.7600</dst>
      <dst id="9">1338.9333</dst>
      <dst id="17">11436.9956</dst>
      <dst id="21">720.1156</dst>
      <dst id="15">8.0178</dst>
    </src>
    <src id="15">
      <dst id="12">150.1600</dst>
      <dst id="13">239.9289</dst>
      <dst id="19">9.4578</dst>
      <dst id="8">20.3022</dst>
      <dst id="18">8.0533</dst>
      <dst id="4">78.5956</dst>
      <dst id="1">41.3689</dst>
      <dst id="5">55.0756</dst>
      <dst id="10">9.5111</dst>
      <dst id="2">16.2756</dst>
      <dst id="16">597.1467</dst>
      <dst id="14">0.4622</dst>
      <dst id="11">15.5111</dst>
      <dst id="9">2473.3689</dst>
      <dst id="17">3311.9467</dst>
    </src>
  </IntraTM>
</TrafficMatrixFile>
