<?xml version="1.0" encoding="UTF-8" standalone="yes"?>
<TrafficMatrixFile xmlns:xsi="http://www.w3.org/2001/XMLSchema-instance" xsi:noNamespaceSchemaLocation="http://totem.run.montefiore.ulg.ac.be/Schema/TrafficMatrix-v1_2.xsd">
  <info>
    <title>Intradomain traffic matrix generated by geant-TM-all.pl</title>
    <date>2005-04-09T02:45:00</date>
    <duration>900</duration>
    <author>Steve Uhlig</author>
    <units>
        <unit type="bandwidth" value="kbps"/>
    </units>
  </info>
  <IntraTM ASID="20965">
    <src id="12">
      <dst id="12">431788.8267</dst>
      <dst id="13">45807.6533</dst>
      <dst id="19">3958.0978</dst>
      <dst id="23">10223.1022</dst>
      <dst id="8">302.4356</dst>
      <dst id="18">96350.9067</dst>
      <dst id="4">5963.4044</dst>
      <dst id="1">29135.8489</dst>
      <dst id="5">4393.5911</dst>
      <dst id="3">402.0800</dst>
      <dst id="10">3698.8533</dst>
      <dst id="22">4308.7022</dst>
      <dst id="7">3340.6667</dst>
      <dst id="2">41766.1956</dst>
      <dst id="16">4780.2578</dst>
      <dst id="14">179.0222</dst>
      <dst id="20">1998.3822</dst>
      <dst id="11">113.1822</dst>
      <dst id="9">3788.3467</dst>
      <dst id="17">49171.7600</dst>
      <dst id="21">12890.4444</dst>
      <dst id="15">365.5822</dst>
    </src>
    <src id="13">
      <dst id="12">49630.9244</dst>
      <dst id="13">3002.1689</dst>
      <dst id="19">1919.9644</dst>
      <dst id="23">194.0533</dst>
      <dst id="8">405.4311</dst>
      <dst id="18">276.7556</dst>
      <dst id="4">3.7867</dst>
      <dst id="1">39246.6489</dst>
      <dst id="5">2391.3600</dst>
      <dst id="3">22.0711</dst>
      <dst id="22">1461.1644</dst>
      <dst id="7">518.5778</dst>
      <dst id="2">6565.7600</dst>
      <dst id="6">0.5333</dst>
      <dst id="16">965.4222</dst>
      <dst id="14">152.4711</dst>
      <dst id="20">4415.0489</dst>
      <dst id="11">1356.6311</dst>
      <dst id="9">3768.0178</dst>
      <dst id="17">15402.6489</dst>
      <dst id="21">1342.8711</dst>
      <dst id="15">252.9956</dst>
    </src>
    <src id="19">
      <dst id="12">27838.1956</dst>
      <dst id="13">4032.9956</dst>
      <dst id="23">431.3067</dst>
      <dst id="8">6.1867</dst>
      <dst id="18">15.5733</dst>
      <dst id="4">202.5867</dst>
      <dst id="1">18580.2667</dst>
      <dst id="5">174.7200</dst>
      <dst id="3">498.3289</dst>
      <dst id="10">69.1111</dst>
      <dst id="22">19.5111</dst>
      <dst id="7">3086.7467</dst>
      <dst id="2">695.9111</dst>
      <dst id="16">273.7244</dst>
      <dst id="14">26.2578</dst>
      <dst id="20">4.7111</dst>
      <dst id="11">7.1733</dst>
      <dst id="9">1.6889</dst>
      <dst id="17">1599.5911</dst>
      <dst id="21">781.5911</dst>
      <dst id="15">0.4622</dst>
    </src>
    <src id="23">
      <dst id="12">6303.1467</dst>
      <dst id="13">708.3200</dst>
      <dst id="19">49.2978</dst>
      <dst id="8">13.3333</dst>
      <dst id="18">1.2800</dst>
      <dst id="4">149.8044</dst>
      <dst id="1">171.5200</dst>
      <dst id="5">118.0267</dst>
      <dst id="3">10.8889</dst>
      <dst id="10">385.3244</dst>
      <dst id="22">172.7289</dst>
      <dst id="7">48.0000</dst>
      <dst id="2">664.9689</dst>
      <dst id="16">40.0000</dst>
      <dst id="14">13.0667</dst>
      <dst id="20">0.8533</dst>
      <dst id="11">37.8667</dst>
      <dst id="9">56.9867</dst>
      <dst id="17">1510.3022</dst>
      <dst id="21">622.5422</dst>
      <dst id="15">27.1289</dst>
    </src>
    <src id="8">
      <dst id="12">21184.4178</dst>
      <dst id="13">628.8622</dst>
      <dst id="19">261.1378</dst>
      <dst id="4">96.9244</dst>
      <dst id="1">1410.7378</dst>
      <dst id="5">805.8311</dst>
      <dst id="3">1663.9200</dst>
      <dst id="10">183.2444</dst>
      <dst id="22">65.3689</dst>
      <dst id="2">234.0356</dst>
      <dst id="16">232705.9644</dst>
      <dst id="14">72.5333</dst>
      <dst id="11">1.7511</dst>
      <dst id="9">62884.7200</dst>
      <dst id="17">17915.8844</dst>
      <dst id="21">18.1067</dst>
      <dst id="15">103.4133</dst>
    </src>
    <src id="18">
      <dst id="12">159601.3067</dst>
      <dst id="13">179.2267</dst>
      <dst id="19">7.6267</dst>
      <dst id="23">1.5822</dst>
      <dst id="8">1.5289</dst>
      <dst id="4">51.1556</dst>
      <dst id="1">3665.4667</dst>
      <dst id="5">76.2044</dst>
      <dst id="3">2225.4844</dst>
      <dst id="10">67.6622</dst>
      <dst id="22">1507.4933</dst>
      <dst id="7">65.1022</dst>
      <dst id="2">17271.4133</dst>
      <dst id="16">475.7956</dst>
      <dst id="20">3060.4978</dst>
      <dst id="11">46.2933</dst>
      <dst id="9">414.2133</dst>
      <dst id="17">5700.5333</dst>
      <dst id="21">862.3733</dst>
      <dst id="15">1.2711</dst>
    </src>
    <src id="4">
      <dst id="12">35869.8578</dst>
      <dst id="13">12.4444</dst>
      <dst id="19">6319.5111</dst>
      <dst id="23">8615.7244</dst>
      <dst id="8">2027.0578</dst>
      <dst id="18">3193.3956</dst>
      <dst id="4">2554.0978</dst>
      <dst id="1">36082.1511</dst>
      <dst id="5">4070.8356</dst>
      <dst id="3">188.6844</dst>
      <dst id="22">4278.1067</dst>
      <dst id="7">220.3822</dst>
      <dst id="2">224630.8356</dst>
      <dst id="16">110537.5556</dst>
      <dst id="14">3710.0622</dst>
      <dst id="11">188.4444</dst>
      <dst id="9">42723.7511</dst>
      <dst id="17">116899.8222</dst>
      <dst id="21">10322.4267</dst>
      <dst id="15">1764.3733</dst>
    </src>
    <src id="1">
      <dst id="12">759123.7067</dst>
      <dst id="13">33875.3689</dst>
      <dst id="19">5049.7689</dst>
      <dst id="23">150.3467</dst>
      <dst id="8">122.5778</dst>
      <dst id="18">16592.1778</dst>
      <dst id="4">1227.4489</dst>
      <dst id="1">916599.7422</dst>
      <dst id="5">352.7378</dst>
      <dst id="3">886.3556</dst>
      <dst id="10">1928.8356</dst>
      <dst id="22">56.2667</dst>
      <dst id="7">16441.3156</dst>
      <dst id="2">26797.3689</dst>
      <dst id="16">391210.6756</dst>
      <dst id="14">466.6844</dst>
      <dst id="20">1264.3378</dst>
      <dst id="11">137.8844</dst>
      <dst id="9">6964.6222</dst>
      <dst id="17">36903.1111</dst>
      <dst id="21">288323.8400</dst>
      <dst id="15">566.6756</dst>
    </src>
    <src id="5">
      <dst id="12">24976.6578</dst>
      <dst id="13">2631.2978</dst>
      <dst id="19">55.5644</dst>
      <dst id="23">24.8889</dst>
      <dst id="8">185.4400</dst>
      <dst id="18">40.1778</dst>
      <dst id="4">486.6311</dst>
      <dst id="1">4858.7022</dst>
      <dst id="3">567.4133</dst>
      <dst id="10">757.1733</dst>
      <dst id="22">397.1111</dst>
      <dst id="2">945.5467</dst>
      <dst id="16">383291.3867</dst>
      <dst id="14">36.6222</dst>
      <dst id="11">4.0089</dst>
      <dst id="9">67934.5600</dst>
      <dst id="17">29033.7511</dst>
      <dst id="21">113.7778</dst>
      <dst id="15">146.1156</dst>
    </src>
    <src id="3">
      <dst id="12">1325.6089</dst>
      <dst id="13">31612.2400</dst>
      <dst id="19">6412.1333</dst>
      <dst id="23">12.5600</dst>
      <dst id="8">35.5644</dst>
      <dst id="18">100.3200</dst>
      <dst id="4">933.4222</dst>
      <dst id="1">47187.0667</dst>
      <dst id="5">673.4844</dst>
      <dst id="3">131.1200</dst>
      <dst id="10">896.7733</dst>
      <dst id="22">20.1156</dst>
      <dst id="7">856.9956</dst>
      <dst id="2">3613.7600</dst>
      <dst id="6">2.2133</dst>
      <dst id="16">13076.2756</dst>
      <dst id="14">179.9022</dst>
      <dst id="20">1162.5600</dst>
      <dst id="11">1061.0400</dst>
      <dst id="9">915.8756</dst>
      <dst id="17">19101.8578</dst>
      <dst id="21">2528.6400</dst>
      <dst id="15">7.4667</dst>
    </src>
    <src id="10">
      <dst id="12">12797.3333</dst>
      <dst id="13">475.7689</dst>
      <dst id="19">1040.7911</dst>
      <dst id="23">4353.0844</dst>
      <dst id="8">232.6044</dst>
      <dst id="18">4270.3911</dst>
      <dst id="1">6970.7111</dst>
      <dst id="5">688.8711</dst>
      <dst id="3">1034.3200</dst>
      <dst id="22">261.6978</dst>
      <dst id="2">26922.2133</dst>
      <dst id="16">31886.3022</dst>
      <dst id="14">1910.9867</dst>
      <dst id="20">4919.0844</dst>
      <dst id="11">304.2311</dst>
      <dst id="9">5900.0889</dst>
      <dst id="17">48613.0578</dst>
      <dst id="21">6855.2089</dst>
      <dst id="15">360.8533</dst>
    </src>
    <src id="22">
      <dst id="12">12253.5378</dst>
      <dst id="13">9132.6667</dst>
      <dst id="19">1513.0756</dst>
      <dst id="23">9.5289</dst>
      <dst id="8">223.9467</dst>
      <dst id="18">107.6444</dst>
      <dst id="4">946.8356</dst>
      <dst id="1">258.4089</dst>
      <dst id="5">2488.7378</dst>
      <dst id="3">16.0889</dst>
      <dst id="10">1930.1067</dst>
      <dst id="7">84.8178</dst>
      <dst id="2">7475.6800</dst>
      <dst id="16">422.0978</dst>
      <dst id="14">16.9156</dst>
      <dst id="11">240.7733</dst>
      <dst id="9">664.7733</dst>
      <dst id="17">8413.8844</dst>
      <dst id="21">4594.5778</dst>
    </src>
    <src id="7">
      <dst id="12">23549.9289</dst>
      <dst id="13">18176.5867</dst>
      <dst id="19">297.9467</dst>
      <dst id="23">175.7600</dst>
      <dst id="8">1.8044</dst>
      <dst id="18">191.0044</dst>
      <dst id="4">1079.4756</dst>
      <dst id="1">811.4400</dst>
      <dst id="5">212.6756</dst>
      <dst id="3">473.4489</dst>
      <dst id="10">2677.9556</dst>
      <dst id="22">61.6356</dst>
      <dst id="7">38.3378</dst>
      <dst id="2">4718.1689</dst>
      <dst id="16">387.1733</dst>
      <dst id="14">142.5333</dst>
      <dst id="20">234.2844</dst>
      <dst id="11">891.2711</dst>
      <dst id="9">116.5511</dst>
      <dst id="17">5755.9911</dst>
      <dst id="21">2536.4444</dst>
      <dst id="15">14.7822</dst>
    </src>
    <src id="2">
      <dst id="12">146125.6444</dst>
      <dst id="13">30607.4044</dst>
      <dst id="19">2861.2089</dst>
      <dst id="23">6.5422</dst>
      <dst id="8">420.0178</dst>
      <dst id="18">48249.8133</dst>
      <dst id="4">4468.0267</dst>
      <dst id="1">12670.2044</dst>
      <dst id="5">14096.8711</dst>
      <dst id="3">200.7822</dst>
      <dst id="10">5364.2933</dst>
      <dst id="22">1014.0711</dst>
      <dst id="7">10238.1333</dst>
      <dst id="2">3348.6400</dst>
      <dst id="6">0.7467</dst>
      <dst id="16">243.7778</dst>
      <dst id="14">1296.6489</dst>
      <dst id="20">105.7956</dst>
      <dst id="11">2783.3600</dst>
      <dst id="9">489.7600</dst>
      <dst id="17">28824.0533</dst>
      <dst id="21">2132.4178</dst>
      <dst id="15">12.9244</dst>
    </src>
    <src id="6">
      <dst id="12">251.6800</dst>
      <dst id="13">152.8711</dst>
      <dst id="19">6.0800</dst>
      <dst id="23">58.5067</dst>
      <dst id="4">62.6222</dst>
      <dst id="1">389.4311</dst>
      <dst id="5">68.9956</dst>
      <dst id="3">26.3822</dst>
      <dst id="10">1.2978</dst>
      <dst id="22">16.3733</dst>
      <dst id="7">92.6400</dst>
      <dst id="2">1781.3778</dst>
      <dst id="16">106.2578</dst>
      <dst id="9">85.9822</dst>
      <dst id="17">23526.7467</dst>
      <dst id="21">43.9022</dst>
      <dst id="15">12.9600</dst>
    </src>
    <src id="16">
      <dst id="12">145667.0489</dst>
      <dst id="13">1452.7556</dst>
      <dst id="19">2545.8756</dst>
      <dst id="23">79.1644</dst>
      <dst id="8">96293.0667</dst>
      <dst id="18">87.3422</dst>
      <dst id="4">968.0978</dst>
      <dst id="1">9485.7778</dst>
      <dst id="5">294789.5200</dst>
      <dst id="3">4423.9822</dst>
      <dst id="10">1969.8489</dst>
      <dst id="22">0.4622</dst>
      <dst id="2">990.1956</dst>
      <dst id="16">21754.9689</dst>
      <dst id="14">54414.5156</dst>
      <dst id="11">22404.5067</dst>
      <dst id="9">230257.6622</dst>
      <dst id="17">4327.8400</dst>
      <dst id="21">505.1911</dst>
    </src>
    <src id="14">
      <dst id="12">978.4800</dst>
      <dst id="13">582.7378</dst>
      <dst id="19">17.4756</dst>
      <dst id="23">0.9244</dst>
      <dst id="8">0.7111</dst>
      <dst id="18">0.3556</dst>
      <dst id="4">496.6311</dst>
      <dst id="1">1639.2356</dst>
      <dst id="5">12.9778</dst>
      <dst id="3">836.1956</dst>
      <dst id="10">146.6933</dst>
      <dst id="7">55.9733</dst>
      <dst id="2">1637.3867</dst>
      <dst id="16">3245.8844</dst>
      <dst id="20">11.0667</dst>
      <dst id="11">229.9556</dst>
      <dst id="9">84.3378</dst>
      <dst id="17">29014.0622</dst>
      <dst id="21">150.6667</dst>
      <dst id="15">1.9111</dst>
    </src>
    <src id="20">
      <dst id="12">1582.5333</dst>
      <dst id="13">12041.1467</dst>
      <dst id="19">105.9556</dst>
      <dst id="23">14.6133</dst>
      <dst id="8">1.5289</dst>
      <dst id="18">134.4711</dst>
      <dst id="4">1056.2844</dst>
      <dst id="1">159.6444</dst>
      <dst id="5">337.4133</dst>
      <dst id="3">54.1867</dst>
      <dst id="10">277.6533</dst>
      <dst id="7">2754.9244</dst>
      <dst id="2">109.1200</dst>
      <dst id="16">5807.6889</dst>
      <dst id="14">127.4133</dst>
      <dst id="20">112.4978</dst>
      <dst id="11">0.9244</dst>
      <dst id="9">1074.1689</dst>
      <dst id="17">5918.8711</dst>
      <dst id="21">362.3200</dst>
    </src>
    <src id="11">
      <dst id="12">28121.3867</dst>
      <dst id="13">6925.9378</dst>
      <dst id="19">80.1156</dst>
      <dst id="23">16.7200</dst>
      <dst id="8">373.3867</dst>
      <dst id="18">343.0844</dst>
      <dst id="4">878.5156</dst>
      <dst id="1">2437.9733</dst>
      <dst id="5">1332.3733</dst>
      <dst id="3">827.9200</dst>
      <dst id="10">736.1156</dst>
      <dst id="22">315.3067</dst>
      <dst id="2">67321.4400</dst>
      <dst id="16">18773.1111</dst>
      <dst id="14">24.1689</dst>
      <dst id="20">6628.9156</dst>
      <dst id="11">1558.1778</dst>
      <dst id="9">3183.0578</dst>
      <dst id="17">626598.2400</dst>
      <dst id="21">769.8044</dst>
      <dst id="15">142.4800</dst>
    </src>
    <src id="9">
      <dst id="12">23289.4222</dst>
      <dst id="13">4933.6267</dst>
      <dst id="19">58.3556</dst>
      <dst id="23">11.9911</dst>
      <dst id="8">70227.0044</dst>
      <dst id="18">97.7778</dst>
      <dst id="4">410.5778</dst>
      <dst id="1">22739.4133</dst>
      <dst id="5">756.3200</dst>
      <dst id="3">606.5956</dst>
      <dst id="10">217.2889</dst>
      <dst id="22">14.2044</dst>
      <dst id="2">514.4978</dst>
      <dst id="16">443238.0356</dst>
      <dst id="14">15.3244</dst>
      <dst id="11">57.2444</dst>
      <dst id="9">282353.2267</dst>
      <dst id="17">39035.0933</dst>
      <dst id="21">31.5822</dst>
      <dst id="15">426.3556</dst>
    </src>
    <src id="17">
      <dst id="12">91774.4178</dst>
      <dst id="13">44475.9822</dst>
      <dst id="19">7895.8578</dst>
      <dst id="23">585.7333</dst>
      <dst id="8">83.5556</dst>
      <dst id="18">4901.3689</dst>
      <dst id="4">7705.7511</dst>
      <dst id="1">6224.0711</dst>
      <dst id="5">153379.0222</dst>
      <dst id="3">6069.4489</dst>
      <dst id="10">6045.2267</dst>
      <dst id="22">680.4356</dst>
      <dst id="7">15633.3689</dst>
      <dst id="2">24665.2889</dst>
      <dst id="16">67262.1333</dst>
      <dst id="14">22131.2889</dst>
      <dst id="20">1552.7289</dst>
      <dst id="11">17634.1422</dst>
      <dst id="9">14382.8889</dst>
      <dst id="17">24822.0356</dst>
      <dst id="21">6811.6356</dst>
      <dst id="15">219.2889</dst>
    </src>
    <src id="21">
      <dst id="12">2759.7511</dst>
      <dst id="13">1586.2933</dst>
      <dst id="19">496.7911</dst>
      <dst id="23">171.3600</dst>
      <dst id="8">319.7956</dst>
      <dst id="18">846.9778</dst>
      <dst id="4">670.9867</dst>
      <dst id="1">16543.2444</dst>
      <dst id="5">5769.0044</dst>
      <dst id="3">936.2578</dst>
      <dst id="10">2100.8622</dst>
      <dst id="22">67.4844</dst>
      <dst id="7">425.5111</dst>
      <dst id="2">5283.1556</dst>
      <dst id="16">4799.4044</dst>
      <dst id="14">167.7689</dst>
      <dst id="20">196.3378</dst>
      <dst id="11">676.2133</dst>
      <dst id="9">1143.6889</dst>
      <dst id="17">22661.2889</dst>
      <dst id="21">2720.1067</dst>
      <dst id="15">49.2178</dst>
    </src>
    <src id="15">
      <dst id="12">88.4444</dst>
      <dst id="13">482.3733</dst>
      <dst id="19">1.7778</dst>
      <dst id="23">13.7956</dst>
      <dst id="8">196.2578</dst>
      <dst id="18">4.8533</dst>
      <dst id="4">18.9244</dst>
      <dst id="1">124.8356</dst>
      <dst id="5">222.6756</dst>
      <dst id="10">279.8933</dst>
      <dst id="2">115.6267</dst>
      <dst id="16">1368.4089</dst>
      <dst id="11">1.5111</dst>
      <dst id="9">432.9956</dst>
      <dst id="17">444.1867</dst>
      <dst id="21">87.7689</dst>
    </src>
  </IntraTM>
</TrafficMatrixFile>
