<?xml version="1.0" encoding="UTF-8" standalone="yes"?>
<TrafficMatrixFile xmlns:xsi="http://www.w3.org/2001/XMLSchema-instance" xsi:noNamespaceSchemaLocation="http://totem.run.montefiore.ulg.ac.be/Schema/TrafficMatrix-v1_2.xsd">
  <info>
    <title>Intradomain traffic matrix generated by geant-TM-all.pl</title>
    <date>2005-03-09T01:00:00</date>
    <duration>900</duration>
    <author>Steve Uhlig</author>
    <units>
        <unit type="bandwidth" value="kbps"/>
    </units>
  </info>
  <IntraTM ASID="20965">
    <src id="12">
      <dst id="12">197157.6978</dst>
      <dst id="13">18409.6978</dst>
      <dst id="19">1778.9156</dst>
      <dst id="23">3228.7022</dst>
      <dst id="8">146.2133</dst>
      <dst id="18">57460.6222</dst>
      <dst id="4">14807.8489</dst>
      <dst id="1">22522.5067</dst>
      <dst id="5">1093.4667</dst>
      <dst id="3">59.1822</dst>
      <dst id="10">57854.0444</dst>
      <dst id="22">986.9511</dst>
      <dst id="7">6631.0222</dst>
      <dst id="2">20645.3778</dst>
      <dst id="6">5.8667</dst>
      <dst id="16">5698.0533</dst>
      <dst id="14">2036.8533</dst>
      <dst id="20">8502.4533</dst>
      <dst id="11">61.5556</dst>
      <dst id="9">2951.3244</dst>
      <dst id="17">106741.3956</dst>
      <dst id="21">977.7156</dst>
      <dst id="15">149.3689</dst>
    </src>
    <src id="13">
      <dst id="12">38157.9911</dst>
      <dst id="19">11644.9333</dst>
      <dst id="23">794.4178</dst>
      <dst id="8">2235.3600</dst>
      <dst id="18">2142.9689</dst>
      <dst id="1">5306.7911</dst>
      <dst id="5">3020.2756</dst>
      <dst id="3">171.5022</dst>
      <dst id="22">7078.4800</dst>
      <dst id="7">9167.7244</dst>
      <dst id="2">39829.7689</dst>
      <dst id="6">850.2044</dst>
      <dst id="16">5360.5778</dst>
      <dst id="14">7703.9200</dst>
      <dst id="20">11486.2489</dst>
      <dst id="11">173.4400</dst>
      <dst id="9">6638.8622</dst>
      <dst id="17">70431.1822</dst>
      <dst id="21">4954.7289</dst>
      <dst id="15">2361.6444</dst>
    </src>
    <src id="19">
      <dst id="12">14381.3244</dst>
      <dst id="13">422.3289</dst>
      <dst id="23">0.7111</dst>
      <dst id="18">189.3422</dst>
      <dst id="4">16669.4844</dst>
      <dst id="1">2551.7600</dst>
      <dst id="5">235.9556</dst>
      <dst id="3">1.0489</dst>
      <dst id="10">1232.7200</dst>
      <dst id="22">18.0800</dst>
      <dst id="7">3641.7867</dst>
      <dst id="2">521.7689</dst>
      <dst id="16">6344.2044</dst>
      <dst id="14">39.5378</dst>
      <dst id="20">0.3556</dst>
      <dst id="11">0.4978</dst>
      <dst id="9">371.1200</dst>
      <dst id="17">2074.7644</dst>
      <dst id="21">152.8089</dst>
    </src>
    <src id="23">
      <dst id="12">1270.8089</dst>
      <dst id="13">100.3022</dst>
      <dst id="19">89.6267</dst>
      <dst id="18">13.0756</dst>
      <dst id="4">109.7067</dst>
      <dst id="1">73.5467</dst>
      <dst id="5">40.0000</dst>
      <dst id="10">141.0133</dst>
      <dst id="22">29.0578</dst>
      <dst id="7">167.5822</dst>
      <dst id="2">542.5778</dst>
      <dst id="16">230.0444</dst>
      <dst id="14">1.0222</dst>
      <dst id="20">1677.9556</dst>
      <dst id="9">37.6800</dst>
      <dst id="17">24357.4222</dst>
      <dst id="21">0.3556</dst>
    </src>
    <src id="8">
      <dst id="12">18603.1467</dst>
      <dst id="13">5274.7911</dst>
      <dst id="19">0.4711</dst>
      <dst id="18">5.7511</dst>
      <dst id="4">447.2711</dst>
      <dst id="1">4792.6133</dst>
      <dst id="5">1054.0800</dst>
      <dst id="3">331.5556</dst>
      <dst id="10">2293.3689</dst>
      <dst id="22">449.1733</dst>
      <dst id="7">26.0978</dst>
      <dst id="2">301.0311</dst>
      <dst id="16">117224.5422</dst>
      <dst id="14">51.0844</dst>
      <dst id="9">133053.2978</dst>
      <dst id="17">250619.1733</dst>
      <dst id="21">17.8044</dst>
      <dst id="15">21.7156</dst>
    </src>
    <src id="18">
      <dst id="12">99792.7467</dst>
      <dst id="13">219.3244</dst>
      <dst id="19">11.2889</dst>
      <dst id="23">1.9733</dst>
      <dst id="8">282.5244</dst>
      <dst id="4">536.8978</dst>
      <dst id="1">8935.5822</dst>
      <dst id="5">113.7333</dst>
      <dst id="3">304.7644</dst>
      <dst id="10">301.3156</dst>
      <dst id="22">59.5644</dst>
      <dst id="7">101.7422</dst>
      <dst id="2">23940.1511</dst>
      <dst id="16">811.2000</dst>
      <dst id="14">1.2000</dst>
      <dst id="11">0.9956</dst>
      <dst id="9">921.2711</dst>
      <dst id="17">31189.3333</dst>
      <dst id="21">428.4356</dst>
      <dst id="15">95.0400</dst>
    </src>
    <src id="4">
      <dst id="12">13220.5422</dst>
      <dst id="19">4266.4089</dst>
      <dst id="23">111.1644</dst>
      <dst id="8">608.8622</dst>
      <dst id="18">1740.7200</dst>
      <dst id="4">1889.6711</dst>
      <dst id="1">40736.8622</dst>
      <dst id="5">914.5689</dst>
      <dst id="3">28.7289</dst>
      <dst id="22">1121.7067</dst>
      <dst id="7">108825.8044</dst>
      <dst id="2">30229.5022</dst>
      <dst id="6">51.8844</dst>
      <dst id="16">2434.3467</dst>
      <dst id="14">2676.5600</dst>
      <dst id="11">98.9600</dst>
      <dst id="9">62578.1689</dst>
      <dst id="17">18657.5644</dst>
      <dst id="21">1404.6933</dst>
      <dst id="15">335.0311</dst>
    </src>
    <src id="1">
      <dst id="12">368848.0178</dst>
      <dst id="13">1484.8622</dst>
      <dst id="19">401.7867</dst>
      <dst id="23">28.9956</dst>
      <dst id="8">93.0667</dst>
      <dst id="18">13610.2222</dst>
      <dst id="4">1547.3867</dst>
      <dst id="1">8051.6356</dst>
      <dst id="5">125.4844</dst>
      <dst id="3">36.0622</dst>
      <dst id="10">2285.6533</dst>
      <dst id="22">2312.7822</dst>
      <dst id="7">1268.6400</dst>
      <dst id="2">3695.7600</dst>
      <dst id="6">0.4622</dst>
      <dst id="16">9619.7600</dst>
      <dst id="14">118.1511</dst>
      <dst id="20">3765.8844</dst>
      <dst id="11">58.3111</dst>
      <dst id="9">535.3156</dst>
      <dst id="17">123058.2311</dst>
      <dst id="21">676924.3111</dst>
      <dst id="15">122.8533</dst>
    </src>
    <src id="5">
      <dst id="12">11473.9556</dst>
      <dst id="13">1493.6978</dst>
      <dst id="19">278.4800</dst>
      <dst id="23">0.4267</dst>
      <dst id="8">6855.1111</dst>
      <dst id="18">75.1111</dst>
      <dst id="4">509.4667</dst>
      <dst id="1">24350.0533</dst>
      <dst id="3">189.0222</dst>
      <dst id="10">965.0489</dst>
      <dst id="22">1994.4978</dst>
      <dst id="7">499.7867</dst>
      <dst id="2">158.0089</dst>
      <dst id="6">45.8844</dst>
      <dst id="16">115789.4933</dst>
      <dst id="14">13.2711</dst>
      <dst id="9">45191.7333</dst>
      <dst id="17">214549.6622</dst>
      <dst id="15">66.6489</dst>
    </src>
    <src id="3">
      <dst id="12">6370.9778</dst>
      <dst id="13">463.1378</dst>
      <dst id="19">1144.3289</dst>
      <dst id="23">54.9333</dst>
      <dst id="8">151.8667</dst>
      <dst id="18">45.8756</dst>
      <dst id="4">42017.0844</dst>
      <dst id="1">4004.0711</dst>
      <dst id="5">141.9111</dst>
      <dst id="3">1317.5111</dst>
      <dst id="10">4666.9067</dst>
      <dst id="22">69.6444</dst>
      <dst id="7">497.5200</dst>
      <dst id="2">1967.8222</dst>
      <dst id="6">12.6667</dst>
      <dst id="16">1202.8800</dst>
      <dst id="14">125.9289</dst>
      <dst id="20">240.9156</dst>
      <dst id="11">186.5956</dst>
      <dst id="9">893.3422</dst>
      <dst id="17">37901.5644</dst>
      <dst id="21">795.9644</dst>
      <dst id="15">76.6933</dst>
    </src>
    <src id="10">
      <dst id="12">16884.7733</dst>
      <dst id="19">1283.3600</dst>
      <dst id="23">8585.6267</dst>
      <dst id="8">613.6267</dst>
      <dst id="18">3679.2444</dst>
      <dst id="1">1186.1422</dst>
      <dst id="5">340.6756</dst>
      <dst id="3">100.1067</dst>
      <dst id="22">2193.5289</dst>
      <dst id="7">2322.4267</dst>
      <dst id="2">12419.1289</dst>
      <dst id="6">0.7111</dst>
      <dst id="16">2541.2711</dst>
      <dst id="14">1238.8622</dst>
      <dst id="20">5222.4800</dst>
      <dst id="11">32.8356</dst>
      <dst id="9">2555.2889</dst>
      <dst id="17">21538.4800</dst>
      <dst id="21">7793.7333</dst>
      <dst id="15">303.2622</dst>
    </src>
    <src id="22">
      <dst id="12">3425.2622</dst>
      <dst id="13">882.2222</dst>
      <dst id="19">28.5244</dst>
      <dst id="23">13.7422</dst>
      <dst id="8">212.5956</dst>
      <dst id="18">143.9289</dst>
      <dst id="4">2875.7067</dst>
      <dst id="1">795.7600</dst>
      <dst id="5">657.7067</dst>
      <dst id="3">13.3333</dst>
      <dst id="10">1231.3600</dst>
      <dst id="7">850.2222</dst>
      <dst id="2">7719.2444</dst>
      <dst id="6">14.3911</dst>
      <dst id="14">63.4667</dst>
      <dst id="11">13.5644</dst>
      <dst id="9">573.5467</dst>
      <dst id="17">2992.9244</dst>
      <dst id="21">189.0400</dst>
    </src>
    <src id="7">
      <dst id="12">7369.8133</dst>
      <dst id="13">219.6533</dst>
      <dst id="19">533.3600</dst>
      <dst id="23">23.4489</dst>
      <dst id="8">236.8800</dst>
      <dst id="18">546.1600</dst>
      <dst id="4">45771.1022</dst>
      <dst id="1">2849.0400</dst>
      <dst id="5">897.2978</dst>
      <dst id="3">275.5911</dst>
      <dst id="10">6330.2311</dst>
      <dst id="22">2018.2044</dst>
      <dst id="7">798.3467</dst>
      <dst id="2">17840.9333</dst>
      <dst id="6">13.6711</dst>
      <dst id="16">1462.4533</dst>
      <dst id="14">216.6222</dst>
      <dst id="20">155.2711</dst>
      <dst id="11">34.8622</dst>
      <dst id="9">329.1022</dst>
      <dst id="17">7137.6356</dst>
      <dst id="21">10669.3067</dst>
      <dst id="15">2.6578</dst>
    </src>
    <src id="2">
      <dst id="12">47813.6267</dst>
      <dst id="13">2858.2311</dst>
      <dst id="19">576.8356</dst>
      <dst id="23">3.5200</dst>
      <dst id="8">259.4044</dst>
      <dst id="18">40952.0267</dst>
      <dst id="4">21668.0000</dst>
      <dst id="1">11882.7200</dst>
      <dst id="5">551.7244</dst>
      <dst id="3">85.9467</dst>
      <dst id="10">13971.5556</dst>
      <dst id="22">383.7600</dst>
      <dst id="7">2518.4000</dst>
      <dst id="2">462.1511</dst>
      <dst id="6">35907.1467</dst>
      <dst id="16">114.8622</dst>
      <dst id="14">283.3156</dst>
      <dst id="20">77.2711</dst>
      <dst id="11">348.7289</dst>
      <dst id="9">1347.6978</dst>
      <dst id="17">27715.4756</dst>
      <dst id="21">1140.2400</dst>
      <dst id="15">3.4311</dst>
    </src>
    <src id="6">
      <dst id="12">1370.6933</dst>
      <dst id="13">26.6578</dst>
      <dst id="19">12.7911</dst>
      <dst id="4">15.7956</dst>
      <dst id="1">1903.2089</dst>
      <dst id="5">2.3111</dst>
      <dst id="3">21.2622</dst>
      <dst id="10">497.8044</dst>
      <dst id="22">0.4622</dst>
      <dst id="7">10.1156</dst>
      <dst id="2">1267.3511</dst>
      <dst id="16">110.7200</dst>
      <dst id="20">0.4000</dst>
      <dst id="11">0.4267</dst>
      <dst id="9">69.7244</dst>
      <dst id="17">18043.2622</dst>
      <dst id="21">12.8444</dst>
      <dst id="15">13.2622</dst>
    </src>
    <src id="16">
      <dst id="12">119453.6889</dst>
      <dst id="13">2129.1467</dst>
      <dst id="19">3028.1244</dst>
      <dst id="23">25.7511</dst>
      <dst id="8">137403.2000</dst>
      <dst id="18">17.6356</dst>
      <dst id="4">359.0489</dst>
      <dst id="1">8061.8311</dst>
      <dst id="5">231216.4622</dst>
      <dst id="3">6434.2667</dst>
      <dst id="10">1304.7467</dst>
      <dst id="7">45.4756</dst>
      <dst id="2">179.4222</dst>
      <dst id="6">26.9511</dst>
      <dst id="16">375.6089</dst>
      <dst id="14">86768.3289</dst>
      <dst id="11">15886.1778</dst>
      <dst id="9">78196.1511</dst>
      <dst id="17">14892.6400</dst>
    </src>
    <src id="14">
      <dst id="12">6441.0489</dst>
      <dst id="13">60.4889</dst>
      <dst id="19">41.7689</dst>
      <dst id="8">2459.7689</dst>
      <dst id="18">1.5467</dst>
      <dst id="4">609.7689</dst>
      <dst id="1">4816.0356</dst>
      <dst id="5">14.1511</dst>
      <dst id="3">717.4044</dst>
      <dst id="10">985.2978</dst>
      <dst id="22">3.0933</dst>
      <dst id="7">174.8711</dst>
      <dst id="2">3309.7244</dst>
      <dst id="6">0.3556</dst>
      <dst id="16">1333.0667</dst>
      <dst id="20">0.8178</dst>
      <dst id="11">19.2089</dst>
      <dst id="9">378.4711</dst>
      <dst id="17">42715.5467</dst>
      <dst id="21">145.2444</dst>
    </src>
    <src id="20">
      <dst id="12">14179.6622</dst>
      <dst id="13">2389.7422</dst>
      <dst id="19">0.6222</dst>
      <dst id="23">31.6089</dst>
      <dst id="8">144.0444</dst>
      <dst id="4">1210.6044</dst>
      <dst id="1">827.8756</dst>
      <dst id="5">221.9200</dst>
      <dst id="3">537.6444</dst>
      <dst id="10">364.0444</dst>
      <dst id="7">347.5556</dst>
      <dst id="2">1588.5600</dst>
      <dst id="6">0.9511</dst>
      <dst id="14">14.9244</dst>
      <dst id="20">56.4356</dst>
      <dst id="11">14.7556</dst>
      <dst id="9">1618.9689</dst>
      <dst id="17">18349.6800</dst>
      <dst id="21">19.2978</dst>
    </src>
    <src id="11">
      <dst id="12">37754.3467</dst>
      <dst id="13">1412.0711</dst>
      <dst id="19">152.4622</dst>
      <dst id="23">5.6178</dst>
      <dst id="8">146.2844</dst>
      <dst id="18">127.6622</dst>
      <dst id="4">4152.1600</dst>
      <dst id="1">46903.1378</dst>
      <dst id="5">651.2000</dst>
      <dst id="3">355.6356</dst>
      <dst id="10">4397.3867</dst>
      <dst id="22">685.0044</dst>
      <dst id="7">569.0667</dst>
      <dst id="2">68042.1956</dst>
      <dst id="6">1.0133</dst>
      <dst id="16">25115.7956</dst>
      <dst id="14">170.2400</dst>
      <dst id="20">121.1911</dst>
      <dst id="11">1262.2844</dst>
      <dst id="9">4340.7822</dst>
      <dst id="17">657154.0622</dst>
      <dst id="21">267.6978</dst>
      <dst id="15">44.3378</dst>
    </src>
    <src id="9">
      <dst id="12">12830.4978</dst>
      <dst id="13">3146.6489</dst>
      <dst id="19">478.2044</dst>
      <dst id="23">3.7956</dst>
      <dst id="8">94839.9644</dst>
      <dst id="18">99.7422</dst>
      <dst id="4">3664.5067</dst>
      <dst id="1">3795.0933</dst>
      <dst id="5">175.0311</dst>
      <dst id="3">332.5867</dst>
      <dst id="10">2419.2711</dst>
      <dst id="22">675.1289</dst>
      <dst id="7">29.4844</dst>
      <dst id="2">264.5778</dst>
      <dst id="16">80790.8444</dst>
      <dst id="14">14.5422</dst>
      <dst id="11">2.0267</dst>
      <dst id="9">114509.0133</dst>
      <dst id="17">186424.3022</dst>
      <dst id="21">0.4889</dst>
      <dst id="15">6.0711</dst>
    </src>
    <src id="17">
      <dst id="12">106123.0578</dst>
      <dst id="13">6896.9156</dst>
      <dst id="19">1691.4400</dst>
      <dst id="23">90.0267</dst>
      <dst id="8">185.5733</dst>
      <dst id="18">1346.5333</dst>
      <dst id="4">21851.4311</dst>
      <dst id="1">14598.6756</dst>
      <dst id="5">151325.3156</dst>
      <dst id="3">6410.7733</dst>
      <dst id="10">44637.8133</dst>
      <dst id="22">3255.3867</dst>
      <dst id="7">2442.6578</dst>
      <dst id="2">11007.5556</dst>
      <dst id="6">917.4933</dst>
      <dst id="16">3162.0089</dst>
      <dst id="14">29242.3022</dst>
      <dst id="20">12969.6267</dst>
      <dst id="11">11954.3556</dst>
      <dst id="9">3537.0044</dst>
      <dst id="17">26228.4267</dst>
      <dst id="21">2032.9156</dst>
      <dst id="15">164.7111</dst>
    </src>
    <src id="21">
      <dst id="12">3250.2667</dst>
      <dst id="13">6550.9422</dst>
      <dst id="19">272.3911</dst>
      <dst id="23">1.9200</dst>
      <dst id="8">309.5556</dst>
      <dst id="18">3145.3956</dst>
      <dst id="4">6966.4444</dst>
      <dst id="1">13064.0444</dst>
      <dst id="5">447.4133</dst>
      <dst id="3">572.3289</dst>
      <dst id="10">4852.4622</dst>
      <dst id="22">314.6400</dst>
      <dst id="7">749.2089</dst>
      <dst id="2">4182.2400</dst>
      <dst id="6">7.1467</dst>
      <dst id="16">561.9378</dst>
      <dst id="14">219.8400</dst>
      <dst id="20">29.3600</dst>
      <dst id="11">69.3689</dst>
      <dst id="9">499.0578</dst>
      <dst id="17">30480.8089</dst>
      <dst id="21">597.1467</dst>
      <dst id="15">5.4578</dst>
    </src>
    <src id="15">
      <dst id="12">43.4044</dst>
      <dst id="13">693.2800</dst>
      <dst id="19">1.2800</dst>
      <dst id="23">5.9733</dst>
      <dst id="8">44.3022</dst>
      <dst id="18">16.8000</dst>
      <dst id="4">58.3467</dst>
      <dst id="1">32.1333</dst>
      <dst id="5">247.9289</dst>
      <dst id="10">110.4444</dst>
      <dst id="7">15.3867</dst>
      <dst id="2">30.2489</dst>
      <dst id="6">0.4622</dst>
      <dst id="16">0.4267</dst>
      <dst id="14">14.2756</dst>
      <dst id="11">19.8933</dst>
      <dst id="9">162.4089</dst>
      <dst id="17">3310.0178</dst>
    </src>
  </IntraTM>
</TrafficMatrixFile>
