<?xml version="1.0" encoding="UTF-8" standalone="yes"?>
<TrafficMatrixFile xmlns:xsi="http://www.w3.org/2001/XMLSchema-instance" xsi:noNamespaceSchemaLocation="http://totem.run.montefiore.ulg.ac.be/Schema/TrafficMatrix-v1_2.xsd">
  <info>
    <title>Intradomain traffic matrix generated by geant-TM-all.pl</title>
    <date>2005-04-11T15:00:00</date>
    <duration>900</duration>
    <author>Steve Uhlig</author>
    <units>
        <unit type="bandwidth" value="kbps"/>
    </units>
  </info>
  <IntraTM ASID="20965">
    <src id="12">
      <dst id="12">264264.9511</dst>
      <dst id="13">13838.1511</dst>
      <dst id="19">4119.5022</dst>
      <dst id="23">1709.6889</dst>
      <dst id="8">73.3867</dst>
      <dst id="18">41927.9378</dst>
      <dst id="4">3180.6044</dst>
      <dst id="1">30814.2844</dst>
      <dst id="5">2095.2089</dst>
      <dst id="3">123.7600</dst>
      <dst id="10">3592.6400</dst>
      <dst id="22">7466.8000</dst>
      <dst id="7">10912.0533</dst>
      <dst id="2">3309.3778</dst>
      <dst id="16">2452.9067</dst>
      <dst id="14">745.5556</dst>
      <dst id="20">205.4222</dst>
      <dst id="11">76.5511</dst>
      <dst id="9">22912.6756</dst>
      <dst id="17">26150.1867</dst>
      <dst id="21">365.5022</dst>
      <dst id="15">4969.6889</dst>
    </src>
    <src id="13">
      <dst id="12">5315.7244</dst>
      <dst id="13">83.4578</dst>
      <dst id="19">1573.9911</dst>
      <dst id="23">8.5333</dst>
      <dst id="8">72.7644</dst>
      <dst id="18">108.0000</dst>
      <dst id="4">4.1067</dst>
      <dst id="1">36614.3289</dst>
      <dst id="5">382.4889</dst>
      <dst id="3">14.4711</dst>
      <dst id="22">1697.2622</dst>
      <dst id="7">246.0267</dst>
      <dst id="2">1041.2533</dst>
      <dst id="16">87.5378</dst>
      <dst id="14">197.1644</dst>
      <dst id="20">68.6400</dst>
      <dst id="11">764.2044</dst>
      <dst id="9">1037.2622</dst>
      <dst id="17">5773.5378</dst>
      <dst id="21">287.2178</dst>
      <dst id="15">20.8356</dst>
    </src>
    <src id="19">
      <dst id="12">31099.3689</dst>
      <dst id="13">641.4400</dst>
      <dst id="23">0.9244</dst>
      <dst id="8">0.9244</dst>
      <dst id="18">13.3333</dst>
      <dst id="4">455.1467</dst>
      <dst id="1">21444.9689</dst>
      <dst id="3">2.4089</dst>
      <dst id="10">3502.9689</dst>
      <dst id="22">16.0356</dst>
      <dst id="7">590.8889</dst>
      <dst id="2">89.1467</dst>
      <dst id="16">1965.1467</dst>
      <dst id="14">28.1600</dst>
      <dst id="20">4.1956</dst>
      <dst id="11">13.3333</dst>
      <dst id="9">168.7644</dst>
      <dst id="17">936.9867</dst>
      <dst id="21">59.4133</dst>
    </src>
    <src id="23">
      <dst id="12">1235.5111</dst>
      <dst id="13">442.5156</dst>
      <dst id="19">16.9956</dst>
      <dst id="18">16.7111</dst>
      <dst id="4">119.2267</dst>
      <dst id="1">85.7156</dst>
      <dst id="10">55.0667</dst>
      <dst id="22">200.3467</dst>
      <dst id="7">120.6756</dst>
      <dst id="2">415.9111</dst>
      <dst id="14">27.8222</dst>
      <dst id="20">13.7600</dst>
      <dst id="11">32.4178</dst>
      <dst id="9">13.4222</dst>
      <dst id="17">376.8178</dst>
      <dst id="21">58.5422</dst>
      <dst id="15">0.3378</dst>
    </src>
    <src id="8">
      <dst id="12">9316.7733</dst>
      <dst id="13">605.6356</dst>
      <dst id="19">0.4711</dst>
      <dst id="18">1.3244</dst>
      <dst id="4">98.6311</dst>
      <dst id="1">2249.6889</dst>
      <dst id="5">42.7022</dst>
      <dst id="3">148.6400</dst>
      <dst id="10">92.5511</dst>
      <dst id="22">14.4000</dst>
      <dst id="2">78.2667</dst>
      <dst id="16">189284.1422</dst>
      <dst id="11">26.6667</dst>
      <dst id="9">44807.7778</dst>
      <dst id="17">22611.9289</dst>
    </src>
    <src id="18">
      <dst id="12">96341.9911</dst>
      <dst id="13">318.4711</dst>
      <dst id="19">0.8089</dst>
      <dst id="23">2.2222</dst>
      <dst id="4">85.8756</dst>
      <dst id="1">13360.4533</dst>
      <dst id="5">107.2889</dst>
      <dst id="3">1553.6356</dst>
      <dst id="10">113.4933</dst>
      <dst id="22">92.9778</dst>
      <dst id="7">94.8444</dst>
      <dst id="2">1491.8400</dst>
      <dst id="16">335.5111</dst>
      <dst id="20">1004.8800</dst>
      <dst id="11">45.2622</dst>
      <dst id="9">6354.5511</dst>
      <dst id="17">3917.7956</dst>
      <dst id="21">343.2089</dst>
      <dst id="15">0.6400</dst>
    </src>
    <src id="4">
      <dst id="12">12303.7511</dst>
      <dst id="13">5.9200</dst>
      <dst id="19">3693.0578</dst>
      <dst id="23">127.6178</dst>
      <dst id="8">708.7644</dst>
      <dst id="18">1597.0756</dst>
      <dst id="4">756.1244</dst>
      <dst id="1">46810.0711</dst>
      <dst id="5">2415.4578</dst>
      <dst id="22">1996.2044</dst>
      <dst id="7">95.4844</dst>
      <dst id="2">148399.1467</dst>
      <dst id="16">76035.0667</dst>
      <dst id="14">4987.0222</dst>
      <dst id="11">184.1511</dst>
      <dst id="9">12901.3333</dst>
      <dst id="17">34549.7067</dst>
      <dst id="21">18778.2489</dst>
      <dst id="15">908.2222</dst>
    </src>
    <src id="1">
      <dst id="12">35214.4978</dst>
      <dst id="13">19847.6444</dst>
      <dst id="19">5083.1911</dst>
      <dst id="23">24.2400</dst>
      <dst id="8">10.0089</dst>
      <dst id="18">12106.8533</dst>
      <dst id="4">330.7289</dst>
      <dst id="1">457095.9111</dst>
      <dst id="5">152.9511</dst>
      <dst id="3">4.5067</dst>
      <dst id="10">284.4800</dst>
      <dst id="22">0.4622</dst>
      <dst id="7">209.9911</dst>
      <dst id="2">10361.4311</dst>
      <dst id="16">9896.2311</dst>
      <dst id="14">37.6889</dst>
      <dst id="20">430.2311</dst>
      <dst id="11">1136.1333</dst>
      <dst id="9">3351.0311</dst>
      <dst id="17">1777.4756</dst>
      <dst id="21">7338.9156</dst>
      <dst id="15">105.7067</dst>
    </src>
    <src id="5">
      <dst id="12">17230.3378</dst>
      <dst id="13">321.0133</dst>
      <dst id="8">531.2622</dst>
      <dst id="18">48.8889</dst>
      <dst id="4">572.8800</dst>
      <dst id="1">24702.9244</dst>
      <dst id="3">1383.5556</dst>
      <dst id="10">803.5822</dst>
      <dst id="22">62.4711</dst>
      <dst id="2">136.5067</dst>
      <dst id="16">239420.9156</dst>
      <dst id="14">46.6311</dst>
      <dst id="11">34.4622</dst>
      <dst id="9">35197.5289</dst>
      <dst id="17">23081.6356</dst>
      <dst id="21">273.4133</dst>
      <dst id="15">69.0756</dst>
    </src>
    <src id="3">
      <dst id="12">601.7956</dst>
      <dst id="13">7825.6000</dst>
      <dst id="19">667.3067</dst>
      <dst id="23">13.9022</dst>
      <dst id="8">56.7378</dst>
      <dst id="18">1868.9156</dst>
      <dst id="4">472.6489</dst>
      <dst id="1">14189.1556</dst>
      <dst id="5">20.1956</dst>
      <dst id="3">87.1911</dst>
      <dst id="10">530.9333</dst>
      <dst id="22">26.7200</dst>
      <dst id="7">481.6978</dst>
      <dst id="2">2694.1244</dst>
      <dst id="16">6209.5733</dst>
      <dst id="14">558.9956</dst>
      <dst id="20">1153.4667</dst>
      <dst id="11">735.9111</dst>
      <dst id="9">1077.2800</dst>
      <dst id="17">10610.3289</dst>
      <dst id="21">1343.4578</dst>
      <dst id="15">2.1956</dst>
    </src>
    <src id="10">
      <dst id="12">3469.7333</dst>
      <dst id="13">857.8489</dst>
      <dst id="19">616.7556</dst>
      <dst id="23">174.7556</dst>
      <dst id="8">41.4489</dst>
      <dst id="18">1607.3600</dst>
      <dst id="1">281.5733</dst>
      <dst id="5">372.9689</dst>
      <dst id="3">2143.2533</dst>
      <dst id="22">72.7911</dst>
      <dst id="7">0.6578</dst>
      <dst id="2">8282.4089</dst>
      <dst id="16">40099.1289</dst>
      <dst id="14">4000.7733</dst>
      <dst id="20">5086.1600</dst>
      <dst id="11">21.5111</dst>
      <dst id="9">6168.9333</dst>
      <dst id="17">29654.4800</dst>
      <dst id="21">6249.3511</dst>
      <dst id="15">171.4311</dst>
    </src>
    <src id="22">
      <dst id="12">5081.6356</dst>
      <dst id="13">3026.4178</dst>
      <dst id="19">33.2356</dst>
      <dst id="23">15.0133</dst>
      <dst id="8">144.6756</dst>
      <dst id="18">104.5689</dst>
      <dst id="4">764.1600</dst>
      <dst id="1">292.1867</dst>
      <dst id="5">665.7333</dst>
      <dst id="3">13.8667</dst>
      <dst id="10">99.4044</dst>
      <dst id="7">149.1644</dst>
      <dst id="2">160.0622</dst>
      <dst id="16">2029.8578</dst>
      <dst id="14">95.5200</dst>
      <dst id="11">26.6667</dst>
      <dst id="9">946.7289</dst>
      <dst id="17">3971.9111</dst>
      <dst id="21">332.8356</dst>
    </src>
    <src id="7">
      <dst id="12">9471.7867</dst>
      <dst id="13">1077.8667</dst>
      <dst id="19">63.6889</dst>
      <dst id="23">19.0667</dst>
      <dst id="8">0.9244</dst>
      <dst id="18">19.6444</dst>
      <dst id="4">804.0178</dst>
      <dst id="1">836.1689</dst>
      <dst id="5">3.3333</dst>
      <dst id="3">14.7200</dst>
      <dst id="10">546.1867</dst>
      <dst id="22">131.8044</dst>
      <dst id="7">25.0311</dst>
      <dst id="2">863.2800</dst>
      <dst id="16">90.5156</dst>
      <dst id="14">507.6178</dst>
      <dst id="20">114.9600</dst>
      <dst id="11">271.5111</dst>
      <dst id="9">51.3067</dst>
      <dst id="17">5292.2044</dst>
      <dst id="21">3218.4889</dst>
      <dst id="15">3.6000</dst>
    </src>
    <src id="2">
      <dst id="12">63247.2356</dst>
      <dst id="13">19243.3867</dst>
      <dst id="19">1021.7867</dst>
      <dst id="23">8.3289</dst>
      <dst id="8">248.6222</dst>
      <dst id="18">17223.3956</dst>
      <dst id="4">2532.9956</dst>
      <dst id="1">24130.2667</dst>
      <dst id="5">463.3867</dst>
      <dst id="3">52.3733</dst>
      <dst id="10">1681.4400</dst>
      <dst id="22">1251.6622</dst>
      <dst id="7">3582.2578</dst>
      <dst id="2">845.8044</dst>
      <dst id="6">1.1733</dst>
      <dst id="16">269.1644</dst>
      <dst id="14">702.6400</dst>
      <dst id="20">607.8400</dst>
      <dst id="11">920.3111</dst>
      <dst id="9">344.6044</dst>
      <dst id="17">8654.3289</dst>
      <dst id="21">986.2578</dst>
      <dst id="15">79.9911</dst>
    </src>
    <src id="6">
      <dst id="12">153.8311</dst>
      <dst id="13">8.0711</dst>
      <dst id="19">8.2756</dst>
      <dst id="23">0.3378</dst>
      <dst id="18">1.1556</dst>
      <dst id="4">12.8089</dst>
      <dst id="1">359.9822</dst>
      <dst id="5">0.4267</dst>
      <dst id="3">22.2311</dst>
      <dst id="22">2.1778</dst>
      <dst id="7">0.9689</dst>
      <dst id="2">93.2000</dst>
      <dst id="16">0.4622</dst>
      <dst id="9">491.3600</dst>
      <dst id="17">11245.8222</dst>
      <dst id="21">0.6844</dst>
    </src>
    <src id="16">
      <dst id="12">61420.4711</dst>
      <dst id="13">2936.1244</dst>
      <dst id="19">3100.9156</dst>
      <dst id="23">1.7067</dst>
      <dst id="8">33565.9556</dst>
      <dst id="18">534.2933</dst>
      <dst id="4">392.5867</dst>
      <dst id="1">8146.5333</dst>
      <dst id="5">140068.0978</dst>
      <dst id="3">2369.6889</dst>
      <dst id="10">466.1778</dst>
      <dst id="22">0.5333</dst>
      <dst id="2">139.6711</dst>
      <dst id="16">11229.4578</dst>
      <dst id="14">23568.0711</dst>
      <dst id="11">10521.5467</dst>
      <dst id="9">104005.4933</dst>
      <dst id="17">2667.6622</dst>
      <dst id="21">0.3911</dst>
    </src>
    <src id="14">
      <dst id="12">559.3156</dst>
      <dst id="13">422.7289</dst>
      <dst id="19">159.8933</dst>
      <dst id="23">0.9867</dst>
      <dst id="8">0.5600</dst>
      <dst id="18">0.6400</dst>
      <dst id="4">282.0000</dst>
      <dst id="1">1029.4400</dst>
      <dst id="5">10.4178</dst>
      <dst id="3">680.5689</dst>
      <dst id="10">509.7867</dst>
      <dst id="22">1.5289</dst>
      <dst id="7">112.0978</dst>
      <dst id="2">138.1067</dst>
      <dst id="16">3933.5822</dst>
      <dst id="20">0.4622</dst>
      <dst id="11">310.7556</dst>
      <dst id="9">1083.2800</dst>
      <dst id="17">17825.5289</dst>
      <dst id="21">226.3644</dst>
      <dst id="15">0.4622</dst>
    </src>
    <src id="20">
      <dst id="12">16973.8844</dst>
      <dst id="13">5901.4844</dst>
      <dst id="19">38.2311</dst>
      <dst id="23">0.4622</dst>
      <dst id="8">11.2711</dst>
      <dst id="18">37.5200</dst>
      <dst id="4">97.4400</dst>
      <dst id="1">60.8800</dst>
      <dst id="5">441.7511</dst>
      <dst id="3">41.4133</dst>
      <dst id="10">28.4711</dst>
      <dst id="22">9.6178</dst>
      <dst id="7">2993.2089</dst>
      <dst id="2">47.0311</dst>
      <dst id="16">4809.4400</dst>
      <dst id="14">0.5333</dst>
      <dst id="11">39.2889</dst>
      <dst id="9">2148.7200</dst>
      <dst id="17">18286.1956</dst>
      <dst id="21">29.2978</dst>
    </src>
    <src id="11">
      <dst id="12">14097.1378</dst>
      <dst id="13">1224.5511</dst>
      <dst id="19">56.2044</dst>
      <dst id="23">5.3244</dst>
      <dst id="8">766.8267</dst>
      <dst id="18">266.8178</dst>
      <dst id="4">255.2000</dst>
      <dst id="1">21290.4356</dst>
      <dst id="5">1204.8356</dst>
      <dst id="3">763.1556</dst>
      <dst id="10">1080.2133</dst>
      <dst id="22">113.1467</dst>
      <dst id="2">1820.1867</dst>
      <dst id="16">7586.7644</dst>
      <dst id="14">84.1067</dst>
      <dst id="20">130.0533</dst>
      <dst id="11">1577.4400</dst>
      <dst id="9">33916.4267</dst>
      <dst id="17">360507.6089</dst>
      <dst id="21">522.0444</dst>
      <dst id="15">3.5289</dst>
    </src>
    <src id="9">
      <dst id="12">13322.1156</dst>
      <dst id="13">1834.7111</dst>
      <dst id="19">25.6444</dst>
      <dst id="23">7.7867</dst>
      <dst id="8">42082.8178</dst>
      <dst id="18">15.2889</dst>
      <dst id="4">1315.2444</dst>
      <dst id="1">3990.5956</dst>
      <dst id="5">276.8533</dst>
      <dst id="3">480.0000</dst>
      <dst id="10">288.1956</dst>
      <dst id="2">128.6133</dst>
      <dst id="16">377543.6178</dst>
      <dst id="14">16.6311</dst>
      <dst id="11">33.9467</dst>
      <dst id="9">165422.1956</dst>
      <dst id="17">35809.4311</dst>
      <dst id="21">77.9289</dst>
      <dst id="15">41.5200</dst>
    </src>
    <src id="17">
      <dst id="12">38228.4000</dst>
      <dst id="13">10288.2133</dst>
      <dst id="19">1175.9467</dst>
      <dst id="23">10.8178</dst>
      <dst id="8">77.4400</dst>
      <dst id="18">8573.1556</dst>
      <dst id="4">8019.4489</dst>
      <dst id="1">2142.8267</dst>
      <dst id="5">84198.4711</dst>
      <dst id="3">8822.4978</dst>
      <dst id="10">6312.1956</dst>
      <dst id="22">267.6800</dst>
      <dst id="7">3007.1467</dst>
      <dst id="2">10969.0311</dst>
      <dst id="16">44732.7289</dst>
      <dst id="14">7554.4533</dst>
      <dst id="20">1299.7867</dst>
      <dst id="11">5867.8044</dst>
      <dst id="9">1971.4844</dst>
      <dst id="17">25498.0356</dst>
      <dst id="21">2019.7956</dst>
      <dst id="15">80.4978</dst>
    </src>
    <src id="21">
      <dst id="12">4475.7600</dst>
      <dst id="13">2146.5244</dst>
      <dst id="19">260.5333</dst>
      <dst id="23">10.1244</dst>
      <dst id="8">14.4711</dst>
      <dst id="18">2842.6933</dst>
      <dst id="4">914.1156</dst>
      <dst id="1">3825.8222</dst>
      <dst id="5">209.3956</dst>
      <dst id="3">1495.0933</dst>
      <dst id="10">404.3822</dst>
      <dst id="22">72.7289</dst>
      <dst id="7">1648.1689</dst>
      <dst id="2">2003.5289</dst>
      <dst id="16">9329.2622</dst>
      <dst id="14">537.7333</dst>
      <dst id="20">337.7511</dst>
      <dst id="11">1022.7822</dst>
      <dst id="9">1278.6133</dst>
      <dst id="17">12898.9067</dst>
      <dst id="21">1677.4400</dst>
      <dst id="15">145.6978</dst>
    </src>
    <src id="15">
      <dst id="12">164.4000</dst>
      <dst id="13">167.5111</dst>
      <dst id="19">20.8356</dst>
      <dst id="18">14.6400</dst>
      <dst id="4">94.2044</dst>
      <dst id="1">64.0533</dst>
      <dst id="5">246.7200</dst>
      <dst id="10">90.4444</dst>
      <dst id="2">21.1911</dst>
      <dst id="16">750.5778</dst>
      <dst id="14">14.2756</dst>
      <dst id="11">54.1867</dst>
      <dst id="9">511.1733</dst>
      <dst id="17">223.6089</dst>
      <dst id="21">0.3556</dst>
    </src>
  </IntraTM>
</TrafficMatrixFile>
