<?xml version="1.0" encoding="UTF-8" standalone="yes"?>
<TrafficMatrixFile xmlns:xsi="http://www.w3.org/2001/XMLSchema-instance" xsi:noNamespaceSchemaLocation="http://totem.run.montefiore.ulg.ac.be/Schema/TrafficMatrix-v1_2.xsd">
  <info>
    <title>Intradomain traffic matrix generated by geant-TM-all.pl</title>
    <date>2005-01-04T20:15:00</date>
    <duration>900</duration>
    <author>Steve Uhlig</author>
    <units>
        <unit type="bandwidth" value="kbps"/>
    </units>
  </info>
  <IntraTM ASID="20965">
    <src id="12">
      <dst id="12">230715.1822</dst>
      <dst id="13">16144.0800</dst>
      <dst id="19">1362.1689</dst>
      <dst id="23">670.1333</dst>
      <dst id="8">909.1911</dst>
      <dst id="18">568.2400</dst>
      <dst id="4">76315.3422</dst>
      <dst id="1">18279.6444</dst>
      <dst id="5">14072.4089</dst>
      <dst id="3">2833.5022</dst>
      <dst id="22">24524.9778</dst>
      <dst id="7">1925.6000</dst>
      <dst id="2">67280.5067</dst>
      <dst id="6">33.9911</dst>
      <dst id="16">9830.0800</dst>
      <dst id="14">754.8356</dst>
      <dst id="20">5639.1022</dst>
      <dst id="11">2900.8089</dst>
      <dst id="9">6368.1156</dst>
      <dst id="17">58095.2533</dst>
      <dst id="21">1759.7422</dst>
      <dst id="15">646.9600</dst>
    </src>
    <src id="13">
      <dst id="12">52959.5733</dst>
      <dst id="19">4672.0800</dst>
      <dst id="23">3004.8800</dst>
      <dst id="8">3261.3067</dst>
      <dst id="18">1802.6311</dst>
      <dst id="1">3767.6178</dst>
      <dst id="5">7000.1600</dst>
      <dst id="3">6656.1689</dst>
      <dst id="22">17938.8622</dst>
      <dst id="7">11738.4622</dst>
      <dst id="2">66232.4622</dst>
      <dst id="6">138.5244</dst>
      <dst id="16">7801.2000</dst>
      <dst id="14">10461.5289</dst>
      <dst id="20">6290.5956</dst>
      <dst id="11">14393.6267</dst>
      <dst id="9">8982.5067</dst>
      <dst id="17">53872.0356</dst>
      <dst id="21">8765.5733</dst>
      <dst id="15">11476.0000</dst>
    </src>
    <src id="19">
      <dst id="12">10936.8533</dst>
      <dst id="13">238.7467</dst>
      <dst id="23">3.5378</dst>
      <dst id="18">0.9244</dst>
      <dst id="4">17153.1289</dst>
      <dst id="1">557.5200</dst>
      <dst id="5">35.7244</dst>
      <dst id="3">1.1378</dst>
      <dst id="22">201.5289</dst>
      <dst id="7">3282.4622</dst>
      <dst id="2">177.8933</dst>
      <dst id="6">19.3600</dst>
      <dst id="16">5382.8800</dst>
      <dst id="14">2.4089</dst>
      <dst id="20">108.4178</dst>
      <dst id="11">45.2800</dst>
      <dst id="9">129.1644</dst>
      <dst id="17">4518.5956</dst>
      <dst id="21">357.5467</dst>
      <dst id="15">15.9911</dst>
    </src>
    <src id="23">
      <dst id="12">316.3556</dst>
      <dst id="13">126.0000</dst>
      <dst id="19">12.6222</dst>
      <dst id="4">114.3289</dst>
      <dst id="1">72.4978</dst>
      <dst id="5">869.8933</dst>
      <dst id="3">276.8000</dst>
      <dst id="22">182.6044</dst>
      <dst id="7">34.2044</dst>
      <dst id="2">39.7956</dst>
      <dst id="6">0.3378</dst>
      <dst id="16">31.2978</dst>
      <dst id="14">1.5378</dst>
      <dst id="20">24.2489</dst>
      <dst id="11">38.9156</dst>
      <dst id="9">957.2267</dst>
      <dst id="17">464.0800</dst>
      <dst id="21">117.5467</dst>
    </src>
    <src id="8">
      <dst id="12">283816.9778</dst>
      <dst id="13">618.7733</dst>
      <dst id="19">1.1556</dst>
      <dst id="18">3.2356</dst>
      <dst id="4">7295.0489</dst>
      <dst id="1">334.3289</dst>
      <dst id="5">919.9644</dst>
      <dst id="3">0.4267</dst>
      <dst id="22">5541.9467</dst>
      <dst id="7">18.0622</dst>
      <dst id="2">121238.1511</dst>
      <dst id="16">476.2400</dst>
      <dst id="14">1.0933</dst>
      <dst id="20">413.1022</dst>
      <dst id="11">99.3778</dst>
      <dst id="9">220.2667</dst>
      <dst id="17">102692.5333</dst>
      <dst id="21">99.9822</dst>
      <dst id="15">383.1822</dst>
    </src>
    <src id="18">
      <dst id="12">96406.1067</dst>
      <dst id="13">210.7644</dst>
      <dst id="19">14.1511</dst>
      <dst id="8">137.9378</dst>
      <dst id="4">1155.5822</dst>
      <dst id="1">1349.3333</dst>
      <dst id="5">270.4444</dst>
      <dst id="3">35.2178</dst>
      <dst id="22">99.6622</dst>
      <dst id="7">2.4978</dst>
      <dst id="2">25631.5822</dst>
      <dst id="16">7.4222</dst>
      <dst id="14">85.8133</dst>
      <dst id="20">1.8133</dst>
      <dst id="11">82.9333</dst>
      <dst id="9">18.2933</dst>
      <dst id="17">30806.4089</dst>
      <dst id="21">156.0622</dst>
      <dst id="15">3.3156</dst>
    </src>
    <src id="4">
      <dst id="12">15497.3244</dst>
      <dst id="19">14937.2622</dst>
      <dst id="23">4.5867</dst>
      <dst id="8">386.7289</dst>
      <dst id="18">676.8978</dst>
      <dst id="4">2.5333</dst>
      <dst id="1">8873.5556</dst>
      <dst id="5">3032.9156</dst>
      <dst id="3">118.9422</dst>
      <dst id="22">3640.9689</dst>
      <dst id="7">35912.0356</dst>
      <dst id="2">79603.6889</dst>
      <dst id="6">26.0978</dst>
      <dst id="16">1560.9422</dst>
      <dst id="14">5144.1511</dst>
      <dst id="20">783.5467</dst>
      <dst id="11">4099.1556</dst>
      <dst id="9">2451.7244</dst>
      <dst id="17">35554.2667</dst>
      <dst id="21">3274.1244</dst>
      <dst id="15">1287.5467</dst>
    </src>
    <src id="1">
      <dst id="12">17200.9244</dst>
      <dst id="13">454.7378</dst>
      <dst id="19">94.0356</dst>
      <dst id="23">47.9022</dst>
      <dst id="8">96538.5067</dst>
      <dst id="18">12856.4178</dst>
      <dst id="4">6749.4933</dst>
      <dst id="1">4469.4133</dst>
      <dst id="5">219444.0444</dst>
      <dst id="3">101.4222</dst>
      <dst id="22">486.9156</dst>
      <dst id="7">1829.8844</dst>
      <dst id="2">3321.9911</dst>
      <dst id="6">8564.8711</dst>
      <dst id="16">9607.0133</dst>
      <dst id="14">182.1244</dst>
      <dst id="20">637.0400</dst>
      <dst id="11">435.4844</dst>
      <dst id="9">214387.8578</dst>
      <dst id="17">8632.3467</dst>
      <dst id="21">3519.3956</dst>
      <dst id="15">119.0133</dst>
    </src>
    <src id="5">
      <dst id="12">254183.0578</dst>
      <dst id="13">817.3511</dst>
      <dst id="19">21.3333</dst>
      <dst id="23">536.8889</dst>
      <dst id="8">733.6444</dst>
      <dst id="18">995.8756</dst>
      <dst id="4">4941.4933</dst>
      <dst id="1">478.7911</dst>
      <dst id="3">38.4000</dst>
      <dst id="22">6114.8000</dst>
      <dst id="7">202.6133</dst>
      <dst id="2">122258.2044</dst>
      <dst id="16">1003.9378</dst>
      <dst id="14">53.0222</dst>
      <dst id="20">3113.3067</dst>
      <dst id="11">515.9911</dst>
      <dst id="9">513.2089</dst>
      <dst id="17">104608.1244</dst>
      <dst id="21">387.4400</dst>
      <dst id="15">5310.5511</dst>
    </src>
    <src id="3">
      <dst id="12">9043.0044</dst>
      <dst id="13">319.3156</dst>
      <dst id="19">1315.8756</dst>
      <dst id="23">9195.4311</dst>
      <dst id="8">5.1733</dst>
      <dst id="18">47674.4978</dst>
      <dst id="4">16748.0178</dst>
      <dst id="1">3193.9822</dst>
      <dst id="5">162.0178</dst>
      <dst id="3">10052.3822</dst>
      <dst id="22">733.7778</dst>
      <dst id="7">1575.0667</dst>
      <dst id="2">6580.2133</dst>
      <dst id="6">2.6667</dst>
      <dst id="16">972.7911</dst>
      <dst id="14">67727.9911</dst>
      <dst id="20">9.4667</dst>
      <dst id="11">118017.5911</dst>
      <dst id="9">151.5111</dst>
      <dst id="17">14492.9067</dst>
      <dst id="21">14579.9378</dst>
      <dst id="15">45.7333</dst>
    </src>
    <src id="10">
      <dst id="12">15594.6667</dst>
      <dst id="19">8725.7422</dst>
      <dst id="8">3619.5556</dst>
      <dst id="18">4642.3733</dst>
      <dst id="1">2272.7200</dst>
      <dst id="5">2361.5378</dst>
      <dst id="3">5936.6044</dst>
      <dst id="22">6862.7378</dst>
      <dst id="7">8178.9511</dst>
      <dst id="2">20971.1822</dst>
      <dst id="6">2.4444</dst>
      <dst id="16">1472.0089</dst>
      <dst id="14">4901.0578</dst>
      <dst id="20">2177.1289</dst>
      <dst id="11">7025.8667</dst>
      <dst id="9">5789.8578</dst>
      <dst id="17">21104.5067</dst>
      <dst id="21">9385.4311</dst>
      <dst id="15">498.0711</dst>
    </src>
    <src id="22">
      <dst id="12">10559.4133</dst>
      <dst id="13">1944.2489</dst>
      <dst id="19">92.0889</dst>
      <dst id="23">13.4667</dst>
      <dst id="8">2072.1156</dst>
      <dst id="18">238.9600</dst>
      <dst id="4">14188.6489</dst>
      <dst id="1">89.5022</dst>
      <dst id="5">5903.2978</dst>
      <dst id="3">855.6711</dst>
      <dst id="7">201.1556</dst>
      <dst id="2">3709.1556</dst>
      <dst id="6">124.9600</dst>
      <dst id="16">13.3333</dst>
      <dst id="14">184.2756</dst>
      <dst id="11">4931.0667</dst>
      <dst id="9">1798.7022</dst>
      <dst id="17">9066.6489</dst>
      <dst id="21">902.4178</dst>
    </src>
    <src id="7">
      <dst id="12">5462.2933</dst>
      <dst id="13">1853.5289</dst>
      <dst id="19">91.0578</dst>
      <dst id="23">153.7333</dst>
      <dst id="8">211.6533</dst>
      <dst id="18">166.2311</dst>
      <dst id="4">41438.2756</dst>
      <dst id="1">1595.8756</dst>
      <dst id="5">620.2489</dst>
      <dst id="3">724.5778</dst>
      <dst id="22">3379.9733</dst>
      <dst id="7">769.4222</dst>
      <dst id="2">8569.7244</dst>
      <dst id="6">15.2089</dst>
      <dst id="16">1447.5556</dst>
      <dst id="14">799.0578</dst>
      <dst id="20">445.1378</dst>
      <dst id="11">573.7689</dst>
      <dst id="9">957.7067</dst>
      <dst id="17">3557.0933</dst>
      <dst id="21">2948.9333</dst>
      <dst id="15">274.3022</dst>
    </src>
    <src id="2">
      <dst id="12">106103.0844</dst>
      <dst id="13">517509.1111</dst>
      <dst id="19">503.8044</dst>
      <dst id="23">22.3022</dst>
      <dst id="8">440.9156</dst>
      <dst id="18">38902.2933</dst>
      <dst id="4">77691.1022</dst>
      <dst id="1">4654.1067</dst>
      <dst id="5">950.8711</dst>
      <dst id="3">81.0400</dst>
      <dst id="22">1827.1733</dst>
      <dst id="7">2568.5333</dst>
      <dst id="2">702.4267</dst>
      <dst id="6">7872.7111</dst>
      <dst id="16">2668.4800</dst>
      <dst id="14">5319.0933</dst>
      <dst id="20">709.1378</dst>
      <dst id="11">4198.0356</dst>
      <dst id="9">401.1022</dst>
      <dst id="17">18526.5156</dst>
      <dst id="21">2642.8889</dst>
      <dst id="15">2368.4000</dst>
    </src>
    <src id="6">
      <dst id="12">10653.7600</dst>
      <dst id="13">8.7289</dst>
      <dst id="19">0.7911</dst>
      <dst id="23">0.3378</dst>
      <dst id="18">0.3378</dst>
      <dst id="4">1210.1778</dst>
      <dst id="1">2.8711</dst>
      <dst id="5">0.4267</dst>
      <dst id="22">51.1111</dst>
      <dst id="7">1.2000</dst>
      <dst id="2">2063.0578</dst>
      <dst id="9">0.8800</dst>
      <dst id="17">1921.1022</dst>
      <dst id="21">18.6578</dst>
    </src>
    <src id="16">
      <dst id="12">3044.2578</dst>
      <dst id="13">734.9067</dst>
      <dst id="19">5125.4756</dst>
      <dst id="23">43.9022</dst>
      <dst id="8">4451.1378</dst>
      <dst id="18">8.3200</dst>
      <dst id="4">3614.4533</dst>
      <dst id="1">22404.6133</dst>
      <dst id="5">6106.2044</dst>
      <dst id="3">3.2000</dst>
      <dst id="7">3674.0533</dst>
      <dst id="2">281.9644</dst>
      <dst id="6">1.5822</dst>
      <dst id="16">44.3911</dst>
      <dst id="14">3568.3733</dst>
      <dst id="11">65.8400</dst>
      <dst id="9">8816.6756</dst>
      <dst id="17">1916.2133</dst>
      <dst id="21">1692.6044</dst>
    </src>
    <src id="14">
      <dst id="12">26729.7689</dst>
      <dst id="13">57.1289</dst>
      <dst id="19">5.9378</dst>
      <dst id="23">0.3556</dst>
      <dst id="18">1.1556</dst>
      <dst id="4">2509.0133</dst>
      <dst id="1">229.5644</dst>
      <dst id="5">4.3378</dst>
      <dst id="3">94.6133</dst>
      <dst id="22">8.7733</dst>
      <dst id="7">91.4489</dst>
      <dst id="2">11106.0889</dst>
      <dst id="16">101.3067</dst>
      <dst id="20">2.1333</dst>
      <dst id="11">83.1911</dst>
      <dst id="9">1.8044</dst>
      <dst id="17">23034.3200</dst>
      <dst id="21">93.5911</dst>
      <dst id="15">0.3911</dst>
    </src>
    <src id="20">
      <dst id="12">5450.3644</dst>
      <dst id="13">1665.9822</dst>
      <dst id="19">22.6222</dst>
      <dst id="23">17.3956</dst>
      <dst id="8">321.5644</dst>
      <dst id="18">39.0400</dst>
      <dst id="4">4213.2533</dst>
      <dst id="1">514.5511</dst>
      <dst id="5">5153.4044</dst>
      <dst id="3">84.9511</dst>
      <dst id="7">2201.8578</dst>
      <dst id="2">719.1467</dst>
      <dst id="14">87.1111</dst>
      <dst id="11">180.7289</dst>
      <dst id="9">5080.4711</dst>
      <dst id="17">2075.5467</dst>
      <dst id="21">124.0622</dst>
    </src>
    <src id="11">
      <dst id="12">370463.0844</dst>
      <dst id="13">2203.8667</dst>
      <dst id="19">11.6000</dst>
      <dst id="23">2.8533</dst>
      <dst id="8">2337.3600</dst>
      <dst id="18">63.8400</dst>
      <dst id="4">10057.6622</dst>
      <dst id="1">483.2178</dst>
      <dst id="5">893.5022</dst>
      <dst id="3">185.1556</dst>
      <dst id="22">1357.4756</dst>
      <dst id="7">146.1778</dst>
      <dst id="2">160105.8222</dst>
      <dst id="6">0.5600</dst>
      <dst id="16">486.2222</dst>
      <dst id="14">47.5289</dst>
      <dst id="20">180.4711</dst>
      <dst id="11">2126.2044</dst>
      <dst id="9">1022.3733</dst>
      <dst id="17">150143.9022</dst>
      <dst id="21">385.0044</dst>
      <dst id="15">60.8089</dst>
    </src>
    <src id="9">
      <dst id="12">417108.0178</dst>
      <dst id="13">1990.6578</dst>
      <dst id="19">9.9822</dst>
      <dst id="23">121.6533</dst>
      <dst id="8">98.6400</dst>
      <dst id="18">56.3467</dst>
      <dst id="4">8338.7200</dst>
      <dst id="1">969.5911</dst>
      <dst id="5">718.2844</dst>
      <dst id="22">2218.5956</dst>
      <dst id="7">86.3911</dst>
      <dst id="2">170819.6000</dst>
      <dst id="6">26.3111</dst>
      <dst id="16">884.8089</dst>
      <dst id="14">14.6222</dst>
      <dst id="20">1260.8711</dst>
      <dst id="11">399.5822</dst>
      <dst id="9">195.7689</dst>
      <dst id="17">162624.4533</dst>
      <dst id="21">896.8889</dst>
      <dst id="15">644.0089</dst>
    </src>
    <src id="17">
      <dst id="12">10015.5911</dst>
      <dst id="13">4211.2622</dst>
      <dst id="19">294.6667</dst>
      <dst id="23">111.7867</dst>
      <dst id="8">114118.4444</dst>
      <dst id="18">1601.7067</dst>
      <dst id="4">27060.0444</dst>
      <dst id="1">11125.4756</dst>
      <dst id="5">196973.2622</dst>
      <dst id="3">4071.6089</dst>
      <dst id="22">11709.2800</dst>
      <dst id="7">632.4711</dst>
      <dst id="2">15067.1200</dst>
      <dst id="6">1378.4178</dst>
      <dst id="16">3383.2089</dst>
      <dst id="14">49127.9911</dst>
      <dst id="20">4039.4311</dst>
      <dst id="11">93692.7467</dst>
      <dst id="9">178785.2000</dst>
      <dst id="17">1495.2800</dst>
      <dst id="21">16426.0089</dst>
      <dst id="15">33.3778</dst>
    </src>
    <src id="21">
      <dst id="12">22360.8978</dst>
      <dst id="13">1927.5911</dst>
      <dst id="19">239.2533</dst>
      <dst id="23">4.4889</dst>
      <dst id="8">668.5689</dst>
      <dst id="18">198.9067</dst>
      <dst id="4">9513.1022</dst>
      <dst id="1">1224.4089</dst>
      <dst id="5">683.1467</dst>
      <dst id="3">738.4178</dst>
      <dst id="22">357.9111</dst>
      <dst id="7">705.3778</dst>
      <dst id="2">19887.9378</dst>
      <dst id="6">0.9244</dst>
      <dst id="16">227.9911</dst>
      <dst id="14">160.7378</dst>
      <dst id="20">88.4000</dst>
      <dst id="11">515.0667</dst>
      <dst id="9">414.8089</dst>
      <dst id="17">6263.7333</dst>
      <dst id="21">1719.2622</dst>
      <dst id="15">4.3200</dst>
    </src>
    <src id="15">
      <dst id="12">1025.0044</dst>
      <dst id="13">685.7422</dst>
      <dst id="19">29.2800</dst>
      <dst id="23">0.6400</dst>
      <dst id="8">86.9778</dst>
      <dst id="18">2.2400</dst>
      <dst id="4">630.6578</dst>
      <dst id="1">465.4489</dst>
      <dst id="5">229.5556</dst>
      <dst id="3">7.3422</dst>
      <dst id="7">16.4267</dst>
      <dst id="2">1443.5289</dst>
      <dst id="6">1.4933</dst>
      <dst id="16">0.3556</dst>
      <dst id="14">0.4267</dst>
      <dst id="11">197.3333</dst>
      <dst id="9">210.1333</dst>
      <dst id="17">225.4222</dst>
      <dst id="21">31.7511</dst>
    </src>
  </IntraTM>
</TrafficMatrixFile>
