<?xml version="1.0" encoding="UTF-8" standalone="yes"?>
<TrafficMatrixFile xmlns:xsi="http://www.w3.org/2001/XMLSchema-instance" xsi:noNamespaceSchemaLocation="http://totem.run.montefiore.ulg.ac.be/Schema/TrafficMatrix-v1_2.xsd">
  <info>
    <title>Intradomain traffic matrix generated by geant-TM-all.pl</title>
    <date>2005-02-13T07:45:00</date>
    <duration>900</duration>
    <author>Steve Uhlig</author>
    <units>
        <unit type="bandwidth" value="kbps"/>
    </units>
  </info>
  <IntraTM ASID="20965">
    <src id="12">
      <dst id="12">325285.0844</dst>
      <dst id="13">17836.6044</dst>
      <dst id="19">1133.3244</dst>
      <dst id="23">47.9378</dst>
      <dst id="8">10990.2311</dst>
      <dst id="18">124058.9067</dst>
      <dst id="4">39536.2133</dst>
      <dst id="1">8766.3556</dst>
      <dst id="5">2575.5200</dst>
      <dst id="3">30.1511</dst>
      <dst id="10">11142.9156</dst>
      <dst id="22">6317.3956</dst>
      <dst id="7">28166.7289</dst>
      <dst id="2">44244.4356</dst>
      <dst id="6">103.1022</dst>
      <dst id="16">7997.4933</dst>
      <dst id="14">49.6711</dst>
      <dst id="20">2338.5956</dst>
      <dst id="11">83.4844</dst>
      <dst id="9">4157.1378</dst>
      <dst id="17">84701.6444</dst>
      <dst id="21">3113.5911</dst>
      <dst id="15">137.9467</dst>
    </src>
    <src id="13">
      <dst id="12">54332.8267</dst>
      <dst id="19">6615.8133</dst>
      <dst id="23">1479.2000</dst>
      <dst id="8">2866.6756</dst>
      <dst id="18">3096.3556</dst>
      <dst id="4">0.3556</dst>
      <dst id="1">2313.5022</dst>
      <dst id="5">5381.1733</dst>
      <dst id="3">821.8489</dst>
      <dst id="22">14044.9156</dst>
      <dst id="7">10724.4800</dst>
      <dst id="2">64793.6622</dst>
      <dst id="6">128.4178</dst>
      <dst id="16">7488.1156</dst>
      <dst id="14">4973.6356</dst>
      <dst id="20">9144.3644</dst>
      <dst id="11">509.7156</dst>
      <dst id="9">11083.6444</dst>
      <dst id="17">100447.9022</dst>
      <dst id="21">15484.6844</dst>
      <dst id="15">4790.5067</dst>
    </src>
    <src id="19">
      <dst id="12">23178.8267</dst>
      <dst id="13">6480.6489</dst>
      <dst id="23">0.3378</dst>
      <dst id="8">70.0089</dst>
      <dst id="18">5955.6000</dst>
      <dst id="4">15378.3644</dst>
      <dst id="1">93.3600</dst>
      <dst id="5">2155.3956</dst>
      <dst id="3">7.2178</dst>
      <dst id="10">100.7111</dst>
      <dst id="22">731.3422</dst>
      <dst id="7">3531.0756</dst>
      <dst id="2">205.5467</dst>
      <dst id="6">27.2000</dst>
      <dst id="16">14573.6889</dst>
      <dst id="14">4.6756</dst>
      <dst id="20">23.9378</dst>
      <dst id="11">11.7689</dst>
      <dst id="9">3586.1956</dst>
      <dst id="17">898.4178</dst>
      <dst id="21">576.9600</dst>
      <dst id="15">6188.0622</dst>
    </src>
    <src id="23">
      <dst id="12">3869.8933</dst>
      <dst id="13">176.6400</dst>
      <dst id="18">386.7911</dst>
      <dst id="4">867.5733</dst>
      <dst id="1">40.6756</dst>
      <dst id="5">13.6889</dst>
      <dst id="3">14.5956</dst>
      <dst id="10">156.0356</dst>
      <dst id="22">49.5467</dst>
      <dst id="7">49.9289</dst>
      <dst id="2">47.7156</dst>
      <dst id="6">0.3378</dst>
      <dst id="16">657.7778</dst>
      <dst id="14">520.5333</dst>
      <dst id="20">113.9556</dst>
      <dst id="11">13.7600</dst>
      <dst id="9">1476.9422</dst>
      <dst id="17">1412.1511</dst>
      <dst id="21">833.1911</dst>
      <dst id="15">13.6711</dst>
    </src>
    <src id="8">
      <dst id="12">21922.4356</dst>
      <dst id="13">785.5733</dst>
      <dst id="19">45.9911</dst>
      <dst id="18">178.8533</dst>
      <dst id="4">664.0889</dst>
      <dst id="1">6227.2356</dst>
      <dst id="5">2591.6356</dst>
      <dst id="10">116.0622</dst>
      <dst id="22">2421.0578</dst>
      <dst id="7">23.1467</dst>
      <dst id="2">3460.7733</dst>
      <dst id="6">58.7022</dst>
      <dst id="16">852.2044</dst>
      <dst id="20">230.1244</dst>
      <dst id="11">2.4533</dst>
      <dst id="9">228687.8844</dst>
      <dst id="17">232598.4800</dst>
      <dst id="21">15.7867</dst>
      <dst id="15">68.5511</dst>
    </src>
    <src id="18">
      <dst id="12">183407.3956</dst>
      <dst id="13">660.0267</dst>
      <dst id="19">192.2489</dst>
      <dst id="23">11.4489</dst>
      <dst id="8">205.4844</dst>
      <dst id="4">486.2311</dst>
      <dst id="1">1557.7156</dst>
      <dst id="5">210.0533</dst>
      <dst id="3">1165.9022</dst>
      <dst id="10">73.0578</dst>
      <dst id="22">488.7378</dst>
      <dst id="7">279.4578</dst>
      <dst id="2">60328.7822</dst>
      <dst id="16">131.2089</dst>
      <dst id="20">169.5022</dst>
      <dst id="11">3.2356</dst>
      <dst id="9">442.1422</dst>
      <dst id="17">12238.3644</dst>
      <dst id="21">245.9467</dst>
      <dst id="15">3.6178</dst>
    </src>
    <src id="4">
      <dst id="12">6937.7778</dst>
      <dst id="19">3708.5244</dst>
      <dst id="23">103.6089</dst>
      <dst id="8">553.1556</dst>
      <dst id="18">1925.5378</dst>
      <dst id="4">4.1511</dst>
      <dst id="1">35416.0178</dst>
      <dst id="5">3459.8400</dst>
      <dst id="3">235.3600</dst>
      <dst id="22">2666.7378</dst>
      <dst id="7">3725.2267</dst>
      <dst id="2">37830.9511</dst>
      <dst id="6">9.0222</dst>
      <dst id="16">739.0489</dst>
      <dst id="14">1226.8000</dst>
      <dst id="20">1366.9422</dst>
      <dst id="11">61.9289</dst>
      <dst id="9">4110.4978</dst>
      <dst id="17">26327.5289</dst>
      <dst id="21">4021.4933</dst>
      <dst id="15">411.4222</dst>
    </src>
    <src id="1">
      <dst id="12">30709.4489</dst>
      <dst id="13">885.7422</dst>
      <dst id="19">128.8089</dst>
      <dst id="23">20.0889</dst>
      <dst id="8">28.0533</dst>
      <dst id="18">12601.5378</dst>
      <dst id="4">2879.4400</dst>
      <dst id="1">3747.6978</dst>
      <dst id="5">1582.1422</dst>
      <dst id="3">67.6178</dst>
      <dst id="10">130.8444</dst>
      <dst id="22">35.5911</dst>
      <dst id="7">1639.4222</dst>
      <dst id="2">3251.3600</dst>
      <dst id="6">1.3333</dst>
      <dst id="16">20355.2711</dst>
      <dst id="14">92.8089</dst>
      <dst id="20">40.0711</dst>
      <dst id="11">96.9689</dst>
      <dst id="9">1594.6489</dst>
      <dst id="17">10917.2267</dst>
      <dst id="21">2002.0533</dst>
      <dst id="15">139.4844</dst>
    </src>
    <src id="5">
      <dst id="12">41692.6133</dst>
      <dst id="13">8440.6489</dst>
      <dst id="19">71.0933</dst>
      <dst id="23">1.1022</dst>
      <dst id="8">678.8178</dst>
      <dst id="18">389.2533</dst>
      <dst id="4">2185.6000</dst>
      <dst id="1">6667.7244</dst>
      <dst id="3">2.2489</dst>
      <dst id="10">494.3022</dst>
      <dst id="22">3915.0311</dst>
      <dst id="7">279.7689</dst>
      <dst id="2">858.9956</dst>
      <dst id="6">210.1244</dst>
      <dst id="16">1026.6933</dst>
      <dst id="14">0.7378</dst>
      <dst id="20">1536.4444</dst>
      <dst id="11">29.5200</dst>
      <dst id="9">98965.8756</dst>
      <dst id="17">420490.6489</dst>
      <dst id="21">350.9511</dst>
      <dst id="15">56.3911</dst>
    </src>
    <src id="3">
      <dst id="12">15412.5156</dst>
      <dst id="13">532.2044</dst>
      <dst id="19">4684.8711</dst>
      <dst id="23">29.5111</dst>
      <dst id="8">409.5822</dst>
      <dst id="18">2424.7200</dst>
      <dst id="4">37453.7600</dst>
      <dst id="1">8176.0889</dst>
      <dst id="5">135.6000</dst>
      <dst id="3">2.8711</dst>
      <dst id="10">1398.6933</dst>
      <dst id="22">896.8711</dst>
      <dst id="7">513.5378</dst>
      <dst id="2">2678.6400</dst>
      <dst id="6">52.2667</dst>
      <dst id="16">1121.0844</dst>
      <dst id="14">126.8000</dst>
      <dst id="20">97.9200</dst>
      <dst id="11">259.9644</dst>
      <dst id="9">324.8711</dst>
      <dst id="17">35149.1111</dst>
      <dst id="21">956.4889</dst>
      <dst id="15">66.2133</dst>
    </src>
    <src id="10">
      <dst id="12">184718.1067</dst>
      <dst id="19">126.5511</dst>
      <dst id="23">183.4933</dst>
      <dst id="8">143191.1733</dst>
      <dst id="18">14070.6756</dst>
      <dst id="1">556.9867</dst>
      <dst id="5">247063.8133</dst>
      <dst id="3">11551.6978</dst>
      <dst id="22">2305.9111</dst>
      <dst id="7">8122.3733</dst>
      <dst id="2">31134.4178</dst>
      <dst id="6">13276.9778</dst>
      <dst id="16">971.1733</dst>
      <dst id="14">39882.8711</dst>
      <dst id="20">734.9867</dst>
      <dst id="11">17824.0356</dst>
      <dst id="9">263285.7511</dst>
      <dst id="17">56077.7689</dst>
      <dst id="21">14969.4933</dst>
      <dst id="15">603.4311</dst>
    </src>
    <src id="22">
      <dst id="12">17832.0711</dst>
      <dst id="13">2770.5333</dst>
      <dst id="19">358.7822</dst>
      <dst id="23">69.0222</dst>
      <dst id="8">1592.1956</dst>
      <dst id="18">484.8267</dst>
      <dst id="4">4318.7644</dst>
      <dst id="1">231.8844</dst>
      <dst id="5">33446.5244</dst>
      <dst id="3">146.3467</dst>
      <dst id="10">782.8178</dst>
      <dst id="7">879.5644</dst>
      <dst id="2">1034.1422</dst>
      <dst id="6">28.3289</dst>
      <dst id="14">261.4844</dst>
      <dst id="11">92.6222</dst>
      <dst id="9">19854.4622</dst>
      <dst id="17">10614.1244</dst>
      <dst id="21">999.1289</dst>
    </src>
    <src id="7">
      <dst id="12">12607.7600</dst>
      <dst id="13">446.0444</dst>
      <dst id="19">670.4711</dst>
      <dst id="23">231.9289</dst>
      <dst id="8">379.5911</dst>
      <dst id="18">728.1244</dst>
      <dst id="4">3573.8667</dst>
      <dst id="1">2814.3022</dst>
      <dst id="5">1082.1867</dst>
      <dst id="3">406.9422</dst>
      <dst id="10">245.2800</dst>
      <dst id="22">3282.5600</dst>
      <dst id="7">9.3156</dst>
      <dst id="2">4619.4311</dst>
      <dst id="16">3534.8089</dst>
      <dst id="14">216.6489</dst>
      <dst id="20">1910.9067</dst>
      <dst id="11">85.7689</dst>
      <dst id="9">512.1244</dst>
      <dst id="17">9252.5244</dst>
      <dst id="21">2147.7156</dst>
      <dst id="15">68.6400</dst>
    </src>
    <src id="2">
      <dst id="12">128344.7289</dst>
      <dst id="13">17715.6356</dst>
      <dst id="19">214.2222</dst>
      <dst id="23">0.3556</dst>
      <dst id="8">492.6044</dst>
      <dst id="18">87197.5111</dst>
      <dst id="4">28510.2133</dst>
      <dst id="1">29533.8400</dst>
      <dst id="5">275.6800</dst>
      <dst id="3">4.1600</dst>
      <dst id="10">7050.5333</dst>
      <dst id="22">1205.3156</dst>
      <dst id="7">8391.3067</dst>
      <dst id="2">1595.1556</dst>
      <dst id="6">13025.0222</dst>
      <dst id="16">2575.2889</dst>
      <dst id="14">3933.4756</dst>
      <dst id="20">761.9200</dst>
      <dst id="11">134.2133</dst>
      <dst id="9">3151.4311</dst>
      <dst id="17">59483.0844</dst>
      <dst id="21">2664.6311</dst>
      <dst id="15">127.0311</dst>
    </src>
    <src id="6">
      <dst id="12">3003.3333</dst>
      <dst id="13">7.9556</dst>
      <dst id="19">0.3556</dst>
      <dst id="8">1.9911</dst>
      <dst id="4">1.4222</dst>
      <dst id="1">108.8800</dst>
      <dst id="5">9.0400</dst>
      <dst id="3">0.4622</dst>
      <dst id="10">6.5067</dst>
      <dst id="22">4.2933</dst>
      <dst id="7">4.2578</dst>
      <dst id="2">2185.6533</dst>
      <dst id="16">35.1822</dst>
      <dst id="20">173.0044</dst>
      <dst id="9">1.0489</dst>
      <dst id="17">10702.0889</dst>
      <dst id="21">12.6222</dst>
      <dst id="15">0.3378</dst>
    </src>
    <src id="16">
      <dst id="12">5021.1556</dst>
      <dst id="13">784.9422</dst>
      <dst id="19">4150.9778</dst>
      <dst id="23">18.2311</dst>
      <dst id="8">4311.3156</dst>
      <dst id="18">1187.8222</dst>
      <dst id="4">1487.1289</dst>
      <dst id="1">10970.4889</dst>
      <dst id="5">5034.8444</dst>
      <dst id="3">0.3556</dst>
      <dst id="10">626.3022</dst>
      <dst id="22">13.3333</dst>
      <dst id="7">2584.4267</dst>
      <dst id="2">421.9467</dst>
      <dst id="6">4.8622</dst>
      <dst id="16">47.0756</dst>
      <dst id="14">843.2444</dst>
      <dst id="11">0.4622</dst>
      <dst id="9">5737.0578</dst>
      <dst id="17">1786.1778</dst>
      <dst id="21">111.3422</dst>
    </src>
    <src id="14">
      <dst id="12">3462.2044</dst>
      <dst id="13">70.0889</dst>
      <dst id="19">0.4622</dst>
      <dst id="23">15.8578</dst>
      <dst id="18">1.9378</dst>
      <dst id="4">446.9244</dst>
      <dst id="1">833.8578</dst>
      <dst id="5">0.3556</dst>
      <dst id="3">53.7867</dst>
      <dst id="10">85.4489</dst>
      <dst id="22">59.9644</dst>
      <dst id="7">154.6311</dst>
      <dst id="2">4694.7733</dst>
      <dst id="16">2.7733</dst>
      <dst id="20">11.5556</dst>
      <dst id="11">13.0844</dst>
      <dst id="9">1.2444</dst>
      <dst id="17">23558.1689</dst>
      <dst id="21">57.6889</dst>
    </src>
    <src id="20">
      <dst id="12">15609.8489</dst>
      <dst id="13">2373.9378</dst>
      <dst id="19">79.9022</dst>
      <dst id="23">240.0978</dst>
      <dst id="8">1597.3689</dst>
      <dst id="18">188.4444</dst>
      <dst id="4">924.1244</dst>
      <dst id="1">162.3111</dst>
      <dst id="5">837.2089</dst>
      <dst id="3">13.3333</dst>
      <dst id="10">262.0622</dst>
      <dst id="7">55.9556</dst>
      <dst id="2">844.2933</dst>
      <dst id="6">3.7333</dst>
      <dst id="14">1.0667</dst>
      <dst id="20">27.9378</dst>
      <dst id="11">2.2400</dst>
      <dst id="9">953.6533</dst>
      <dst id="17">2855.2978</dst>
      <dst id="21">216.9067</dst>
    </src>
    <src id="11">
      <dst id="12">43781.7244</dst>
      <dst id="13">1392.1600</dst>
      <dst id="19">443.9111</dst>
      <dst id="23">14.2578</dst>
      <dst id="8">331.1733</dst>
      <dst id="18">267.4400</dst>
      <dst id="4">1294.5422</dst>
      <dst id="1">3081.3422</dst>
      <dst id="5">942.8356</dst>
      <dst id="3">164.6400</dst>
      <dst id="10">2922.8711</dst>
      <dst id="22">2240.6756</dst>
      <dst id="7">512.0000</dst>
      <dst id="2">115269.1733</dst>
      <dst id="16">576.3111</dst>
      <dst id="14">60.7822</dst>
      <dst id="20">448.6667</dst>
      <dst id="11">3207.5378</dst>
      <dst id="9">925.5289</dst>
      <dst id="17">652786.0711</dst>
      <dst id="21">321.5911</dst>
      <dst id="15">57.1733</dst>
    </src>
    <src id="9">
      <dst id="12">45683.8044</dst>
      <dst id="13">2122.0533</dst>
      <dst id="19">596.9422</dst>
      <dst id="23">311.7689</dst>
      <dst id="8">132291.0756</dst>
      <dst id="18">809.3333</dst>
      <dst id="4">2438.9156</dst>
      <dst id="1">18293.5911</dst>
      <dst id="5">1815.9733</dst>
      <dst id="3">0.3556</dst>
      <dst id="10">348.7200</dst>
      <dst id="22">3723.5378</dst>
      <dst id="7">622.3911</dst>
      <dst id="2">815.2889</dst>
      <dst id="6">13.0400</dst>
      <dst id="16">406.9156</dst>
      <dst id="14">13.3333</dst>
      <dst id="20">2101.6711</dst>
      <dst id="11">69.1911</dst>
      <dst id="9">538834.2044</dst>
      <dst id="17">448176.4444</dst>
      <dst id="21">289.9022</dst>
      <dst id="15">959.2356</dst>
    </src>
    <src id="17">
      <dst id="12">176061.5556</dst>
      <dst id="13">8741.7333</dst>
      <dst id="19">4208.2756</dst>
      <dst id="23">57.3244</dst>
      <dst id="8">601.8133</dst>
      <dst id="18">251.8844</dst>
      <dst id="4">22318.1778</dst>
      <dst id="1">4460.1689</dst>
      <dst id="5">172758.7467</dst>
      <dst id="3">2234.7378</dst>
      <dst id="10">2923.9200</dst>
      <dst id="22">7137.8667</dst>
      <dst id="7">9044.9422</dst>
      <dst id="2">19587.8044</dst>
      <dst id="6">11.9022</dst>
      <dst id="16">3015.2089</dst>
      <dst id="14">20230.0178</dst>
      <dst id="20">8472.1511</dst>
      <dst id="11">16460.8267</dst>
      <dst id="9">16746.4444</dst>
      <dst id="17">22585.1022</dst>
      <dst id="21">9274.7111</dst>
      <dst id="15">91.5733</dst>
    </src>
    <src id="21">
      <dst id="12">13863.7244</dst>
      <dst id="13">3090.5067</dst>
      <dst id="19">1108.3289</dst>
      <dst id="23">321.1200</dst>
      <dst id="8">59.9822</dst>
      <dst id="18">360.5156</dst>
      <dst id="4">10805.1822</dst>
      <dst id="1">1636.9333</dst>
      <dst id="5">411.9911</dst>
      <dst id="3">7038.3733</dst>
      <dst id="10">571.3956</dst>
      <dst id="22">1184.2756</dst>
      <dst id="7">941.9733</dst>
      <dst id="2">9241.2800</dst>
      <dst id="6">1.8578</dst>
      <dst id="16">743.1111</dst>
      <dst id="14">62.0533</dst>
      <dst id="20">81.8933</dst>
      <dst id="11">69.0756</dst>
      <dst id="9">197.7956</dst>
      <dst id="17">36770.4800</dst>
      <dst id="21">2705.6533</dst>
      <dst id="15">283.1556</dst>
    </src>
    <src id="15">
      <dst id="12">4504.6578</dst>
      <dst id="13">299.2267</dst>
      <dst id="19">103.9111</dst>
      <dst id="23">1.1378</dst>
      <dst id="8">104.5778</dst>
      <dst id="18">128.8711</dst>
      <dst id="4">563.2000</dst>
      <dst id="1">42.7200</dst>
      <dst id="5">737.5911</dst>
      <dst id="3">1.2889</dst>
      <dst id="10">419.5556</dst>
      <dst id="7">52.3111</dst>
      <dst id="2">374.2133</dst>
      <dst id="14">0.5867</dst>
      <dst id="11">14.4978</dst>
      <dst id="9">1389.5111</dst>
      <dst id="17">474.6844</dst>
      <dst id="21">13.4489</dst>
    </src>
  </IntraTM>
</TrafficMatrixFile>
