<?xml version="1.0" encoding="UTF-8" standalone="yes"?>
<TrafficMatrixFile xmlns:xsi="http://www.w3.org/2001/XMLSchema-instance" xsi:noNamespaceSchemaLocation="http://totem.run.montefiore.ulg.ac.be/Schema/TrafficMatrix-v1_2.xsd">
  <info>
    <title>Intradomain traffic matrix generated by geant-TM-all.pl</title>
    <date>2005-03-15T16:00:00</date>
    <duration>900</duration>
    <author>Steve Uhlig</author>
    <units>
        <unit type="bandwidth" value="kbps"/>
    </units>
  </info>
  <IntraTM ASID="20965">
    <src id="12">
      <dst id="12">185390.0711</dst>
      <dst id="13">11084.2044</dst>
      <dst id="19">1669.5022</dst>
      <dst id="23">770.1867</dst>
      <dst id="8">117.3067</dst>
      <dst id="18">47859.7244</dst>
      <dst id="4">11531.5289</dst>
      <dst id="1">20099.7422</dst>
      <dst id="5">303.0844</dst>
      <dst id="3">26.5333</dst>
      <dst id="10">11274.3022</dst>
      <dst id="22">76.4889</dst>
      <dst id="7">3351.8400</dst>
      <dst id="2">15961.2178</dst>
      <dst id="6">9879.7156</dst>
      <dst id="16">853.3600</dst>
      <dst id="14">485.3333</dst>
      <dst id="20">5649.4311</dst>
      <dst id="11">15.7867</dst>
      <dst id="9">1593.9378</dst>
      <dst id="17">25554.7200</dst>
      <dst id="21">2650.2222</dst>
      <dst id="15">431.6711</dst>
    </src>
    <src id="13">
      <dst id="12">29711.3422</dst>
      <dst id="19">8407.1644</dst>
      <dst id="23">1425.8667</dst>
      <dst id="8">792.7556</dst>
      <dst id="18">1184.6044</dst>
      <dst id="1">5327.4489</dst>
      <dst id="5">3018.4178</dst>
      <dst id="3">107.1822</dst>
      <dst id="22">145.5733</dst>
      <dst id="7">6823.0133</dst>
      <dst id="2">28983.2000</dst>
      <dst id="6">90.4267</dst>
      <dst id="16">0.9244</dst>
      <dst id="14">2740.9867</dst>
      <dst id="20">5968.3022</dst>
      <dst id="11">125.7778</dst>
      <dst id="9">3904.7111</dst>
      <dst id="17">37063.1289</dst>
      <dst id="21">3393.3956</dst>
      <dst id="15">245.9911</dst>
    </src>
    <src id="19">
      <dst id="12">7607.4222</dst>
      <dst id="13">185.1200</dst>
      <dst id="8">1.0844</dst>
      <dst id="18">0.3556</dst>
      <dst id="4">362.5689</dst>
      <dst id="1">71.6178</dst>
      <dst id="3">15.2889</dst>
      <dst id="10">1880.1422</dst>
      <dst id="22">0.8356</dst>
      <dst id="7">2562.2756</dst>
      <dst id="2">107.8756</dst>
      <dst id="6">48.9600</dst>
      <dst id="16">0.4622</dst>
      <dst id="14">6.3289</dst>
      <dst id="20">2.0356</dst>
      <dst id="11">0.8800</dst>
      <dst id="9">1394.3911</dst>
      <dst id="17">790.8978</dst>
      <dst id="21">72.0267</dst>
      <dst id="15">0.9600</dst>
    </src>
    <src id="23">
      <dst id="12">1001.0133</dst>
      <dst id="13">44.8444</dst>
      <dst id="18">0.5333</dst>
      <dst id="4">152.8622</dst>
      <dst id="1">9.0578</dst>
      <dst id="10">622.0089</dst>
      <dst id="7">202.3467</dst>
      <dst id="2">3.0667</dst>
      <dst id="20">0.9333</dst>
      <dst id="9">20.0267</dst>
      <dst id="17">152.4533</dst>
      <dst id="21">55.7778</dst>
    </src>
    <src id="8">
      <dst id="12">7071.6533</dst>
      <dst id="13">537.4667</dst>
      <dst id="19">0.3556</dst>
      <dst id="23">0.3556</dst>
      <dst id="18">0.7911</dst>
      <dst id="4">227.5556</dst>
      <dst id="1">1388.9244</dst>
      <dst id="5">238.7378</dst>
      <dst id="10">4458.2578</dst>
      <dst id="7">3.2800</dst>
      <dst id="2">238.0711</dst>
      <dst id="6">26.3733</dst>
      <dst id="16">100294.0800</dst>
      <dst id="11">3.4756</dst>
      <dst id="9">73517.8400</dst>
      <dst id="17">128980.2844</dst>
      <dst id="21">48.0622</dst>
      <dst id="15">59.3244</dst>
    </src>
    <src id="18">
      <dst id="12">112505.8222</dst>
      <dst id="13">162.2044</dst>
      <dst id="19">1.3778</dst>
      <dst id="4">471.8667</dst>
      <dst id="1">1207.4311</dst>
      <dst id="5">315.5378</dst>
      <dst id="3">844.3022</dst>
      <dst id="10">532.4267</dst>
      <dst id="22">0.8800</dst>
      <dst id="7">72.9867</dst>
      <dst id="2">18320.5689</dst>
      <dst id="16">405.0489</dst>
      <dst id="20">1.3689</dst>
      <dst id="11">0.3556</dst>
      <dst id="9">536.9956</dst>
      <dst id="17">3165.9467</dst>
      <dst id="21">403.2622</dst>
      <dst id="15">2.2667</dst>
    </src>
    <src id="4">
      <dst id="12">5609.3067</dst>
      <dst id="19">552.0000</dst>
      <dst id="23">19.3156</dst>
      <dst id="8">109.2711</dst>
      <dst id="18">34.0889</dst>
      <dst id="4">241.4844</dst>
      <dst id="1">48954.1511</dst>
      <dst id="5">968.0356</dst>
      <dst id="3">6.2489</dst>
      <dst id="7">16687.8489</dst>
      <dst id="2">29706.5689</dst>
      <dst id="6">89.4578</dst>
      <dst id="16">779.4489</dst>
      <dst id="14">959.5467</dst>
      <dst id="11">55.7244</dst>
      <dst id="9">3891.1378</dst>
      <dst id="17">4904.5511</dst>
      <dst id="21">795.6533</dst>
      <dst id="15">15.7067</dst>
    </src>
    <src id="1">
      <dst id="12">1406197.9378</dst>
      <dst id="13">20222.3200</dst>
      <dst id="19">183.0133</dst>
      <dst id="23">60.8444</dst>
      <dst id="8">3.6889</dst>
      <dst id="18">17540.6844</dst>
      <dst id="4">3033.8311</dst>
      <dst id="1">320714.9956</dst>
      <dst id="5">47.2800</dst>
      <dst id="3">6.6311</dst>
      <dst id="10">1734.7022</dst>
      <dst id="7">481196.9422</dst>
      <dst id="2">4959.4844</dst>
      <dst id="6">3.2533</dst>
      <dst id="16">8488.0178</dst>
      <dst id="14">82.4889</dst>
      <dst id="20">63.6178</dst>
      <dst id="11">90.7911</dst>
      <dst id="9">1423.9733</dst>
      <dst id="17">987169.4311</dst>
      <dst id="21">334600.4711</dst>
      <dst id="15">79.8311</dst>
    </src>
    <src id="5">
      <dst id="12">6459.6000</dst>
      <dst id="13">2348.9600</dst>
      <dst id="8">130.1333</dst>
      <dst id="18">37.8044</dst>
      <dst id="4">278.9156</dst>
      <dst id="1">1551.2800</dst>
      <dst id="3">1.2356</dst>
      <dst id="10">935.8311</dst>
      <dst id="7">23.5644</dst>
      <dst id="2">93.4667</dst>
      <dst id="6">0.5600</dst>
      <dst id="16">126242.1867</dst>
      <dst id="14">0.9956</dst>
      <dst id="11">14.3644</dst>
      <dst id="9">23209.9378</dst>
      <dst id="17">123545.4756</dst>
      <dst id="21">15.1200</dst>
      <dst id="15">13.6889</dst>
    </src>
    <src id="3">
      <dst id="12">6230.8089</dst>
      <dst id="13">185.3600</dst>
      <dst id="19">950.7200</dst>
      <dst id="23">5591.7333</dst>
      <dst id="8">18.3022</dst>
      <dst id="18">85.6178</dst>
      <dst id="4">28272.1511</dst>
      <dst id="1">8105.6889</dst>
      <dst id="5">92.6222</dst>
      <dst id="3">3.2978</dst>
      <dst id="10">1238.9156</dst>
      <dst id="7">857.7156</dst>
      <dst id="2">1749.0311</dst>
      <dst id="6">0.9956</dst>
      <dst id="16">776.6933</dst>
      <dst id="14">158.0356</dst>
      <dst id="20">11.4667</dst>
      <dst id="11">98.5156</dst>
      <dst id="9">241.1822</dst>
      <dst id="17">12074.6667</dst>
      <dst id="21">1167.8933</dst>
      <dst id="15">2.8356</dst>
    </src>
    <src id="10">
      <dst id="12">7550.2489</dst>
      <dst id="19">6076.5689</dst>
      <dst id="23">156.6133</dst>
      <dst id="8">285.6800</dst>
      <dst id="18">37.8756</dst>
      <dst id="1">316.6044</dst>
      <dst id="5">214.2311</dst>
      <dst id="3">32.5156</dst>
      <dst id="7">927.0667</dst>
      <dst id="2">9767.3067</dst>
      <dst id="16">581.9378</dst>
      <dst id="14">1800.3111</dst>
      <dst id="20">144.1689</dst>
      <dst id="11">78.2667</dst>
      <dst id="9">5420.0711</dst>
      <dst id="17">23429.6889</dst>
      <dst id="21">20394.5511</dst>
      <dst id="15">31.6089</dst>
    </src>
    <src id="22">
      <dst id="12">2953.9556</dst>
      <dst id="13">1963.0133</dst>
      <dst id="19">21.5022</dst>
      <dst id="23">7.3956</dst>
      <dst id="8">110.6044</dst>
      <dst id="18">40.2133</dst>
      <dst id="4">3116.6844</dst>
      <dst id="1">80.7911</dst>
      <dst id="5">801.4667</dst>
      <dst id="3">17.2444</dst>
      <dst id="10">4672.9867</dst>
      <dst id="7">166.2400</dst>
      <dst id="2">1033.0311</dst>
      <dst id="6">0.7822</dst>
      <dst id="14">3.0933</dst>
      <dst id="11">18.0444</dst>
      <dst id="9">424.0533</dst>
      <dst id="17">2998.4889</dst>
      <dst id="21">903.1022</dst>
    </src>
    <src id="7">
      <dst id="12">4146.7467</dst>
      <dst id="13">58.6489</dst>
      <dst id="19">267.8222</dst>
      <dst id="23">3.7511</dst>
      <dst id="8">66.0444</dst>
      <dst id="18">32.1956</dst>
      <dst id="4">809.7422</dst>
      <dst id="1">5911.6000</dst>
      <dst id="5">87.5378</dst>
      <dst id="3">49.1467</dst>
      <dst id="10">850.6400</dst>
      <dst id="22">146.7200</dst>
      <dst id="7">648.4444</dst>
      <dst id="2">1979.0933</dst>
      <dst id="6">86.6756</dst>
      <dst id="16">0.9244</dst>
      <dst id="14">227.2533</dst>
      <dst id="20">200.5867</dst>
      <dst id="11">59.0578</dst>
      <dst id="9">658.8978</dst>
      <dst id="17">1926.1689</dst>
      <dst id="21">696.6578</dst>
      <dst id="15">255.3067</dst>
    </src>
    <src id="2">
      <dst id="12">42436.5689</dst>
      <dst id="13">6973.9200</dst>
      <dst id="19">795.1022</dst>
      <dst id="8">30.4622</dst>
      <dst id="18">31781.9111</dst>
      <dst id="4">15994.0444</dst>
      <dst id="1">12794.2400</dst>
      <dst id="5">328.1600</dst>
      <dst id="3">2.0622</dst>
      <dst id="10">13119.6533</dst>
      <dst id="22">17.2622</dst>
      <dst id="7">2280.7733</dst>
      <dst id="2">1385.2000</dst>
      <dst id="6">13293.2444</dst>
      <dst id="16">0.4622</dst>
      <dst id="14">202.5067</dst>
      <dst id="20">72.3467</dst>
      <dst id="11">105.9289</dst>
      <dst id="9">1847.9289</dst>
      <dst id="17">34759.7067</dst>
      <dst id="21">1206.9778</dst>
      <dst id="15">8.0800</dst>
    </src>
    <src id="6">
      <dst id="12">187.6000</dst>
      <dst id="13">2.4533</dst>
      <dst id="19">0.7111</dst>
      <dst id="18">0.8889</dst>
      <dst id="4">1.5289</dst>
      <dst id="1">1314.8267</dst>
      <dst id="10">1.1733</dst>
      <dst id="7">0.3556</dst>
      <dst id="2">848.5956</dst>
      <dst id="16">51.6533</dst>
      <dst id="20">0.4000</dst>
      <dst id="9">30.3289</dst>
      <dst id="17">10353.3867</dst>
      <dst id="21">2.0178</dst>
    </src>
    <src id="16">
      <dst id="12">79792.4267</dst>
      <dst id="13">6021.2444</dst>
      <dst id="19">3274.0356</dst>
      <dst id="23">0.8444</dst>
      <dst id="8">44306.5956</dst>
      <dst id="18">15.4933</dst>
      <dst id="4">529.0933</dst>
      <dst id="1">12074.9511</dst>
      <dst id="5">126250.8800</dst>
      <dst id="3">3664.5956</dst>
      <dst id="10">1345.8044</dst>
      <dst id="7">59.2533</dst>
      <dst id="2">59.7333</dst>
      <dst id="6">52.4800</dst>
      <dst id="16">9903.5822</dst>
      <dst id="14">57773.2889</dst>
      <dst id="11">10275.2000</dst>
      <dst id="9">116063.0400</dst>
      <dst id="17">9589.5733</dst>
    </src>
    <src id="14">
      <dst id="12">2533.3333</dst>
      <dst id="13">21.7156</dst>
      <dst id="19">6.5778</dst>
      <dst id="4">490.6844</dst>
      <dst id="1">4850.8178</dst>
      <dst id="5">1.3422</dst>
      <dst id="3">190.1867</dst>
      <dst id="10">380.4356</dst>
      <dst id="7">26.4000</dst>
      <dst id="2">4752.8356</dst>
      <dst id="16">247.4667</dst>
      <dst id="20">2.7022</dst>
      <dst id="9">256.6400</dst>
      <dst id="17">28529.0044</dst>
      <dst id="21">59.3067</dst>
      <dst id="15">3.0578</dst>
    </src>
    <src id="20">
      <dst id="12">8084.9778</dst>
      <dst id="13">1443.1822</dst>
      <dst id="23">0.3378</dst>
      <dst id="8">4.0178</dst>
      <dst id="18">1.1200</dst>
      <dst id="4">468.9067</dst>
      <dst id="1">73.6800</dst>
      <dst id="5">3169.3422</dst>
      <dst id="3">0.5333</dst>
      <dst id="10">912.3911</dst>
      <dst id="7">2904.5333</dst>
      <dst id="2">59.1022</dst>
      <dst id="14">165.1378</dst>
      <dst id="20">40.4178</dst>
      <dst id="11">0.3378</dst>
      <dst id="9">2515.8133</dst>
      <dst id="17">20543.8933</dst>
      <dst id="21">5033.6889</dst>
    </src>
    <src id="11">
      <dst id="12">20028.4711</dst>
      <dst id="13">811.8489</dst>
      <dst id="19">45.7333</dst>
      <dst id="8">80.4444</dst>
      <dst id="18">25.0667</dst>
      <dst id="4">983.4844</dst>
      <dst id="1">3557.4400</dst>
      <dst id="5">656.9867</dst>
      <dst id="3">2.1867</dst>
      <dst id="10">4123.8044</dst>
      <dst id="7">597.6178</dst>
      <dst id="2">36289.3422</dst>
      <dst id="6">50.2222</dst>
      <dst id="16">3274.9600</dst>
      <dst id="14">75.6356</dst>
      <dst id="20">3.1111</dst>
      <dst id="11">928.3644</dst>
      <dst id="9">2185.5644</dst>
      <dst id="17">479853.0489</dst>
      <dst id="21">849.0133</dst>
      <dst id="15">10.1156</dst>
    </src>
    <src id="9">
      <dst id="12">13538.9067</dst>
      <dst id="13">2253.4311</dst>
      <dst id="19">49.8222</dst>
      <dst id="23">3.0933</dst>
      <dst id="8">39427.2089</dst>
      <dst id="18">311.3067</dst>
      <dst id="4">683.2089</dst>
      <dst id="1">4242.8889</dst>
      <dst id="5">1736.9067</dst>
      <dst id="3">1.7422</dst>
      <dst id="10">3314.7200</dst>
      <dst id="7">50.3644</dst>
      <dst id="2">104.1689</dst>
      <dst id="6">26.8267</dst>
      <dst id="16">199920.4356</dst>
      <dst id="14">14.8800</dst>
      <dst id="11">16.1511</dst>
      <dst id="9">214927.1200</dst>
      <dst id="17">240252.3644</dst>
      <dst id="21">144.1778</dst>
      <dst id="15">3071.4044</dst>
    </src>
    <src id="17">
      <dst id="12">62545.6622</dst>
      <dst id="13">837.0133</dst>
      <dst id="19">318.1600</dst>
      <dst id="23">1.5467</dst>
      <dst id="8">67.6444</dst>
      <dst id="18">17.6267</dst>
      <dst id="4">7174.2311</dst>
      <dst id="1">13636.5511</dst>
      <dst id="5">83274.6044</dst>
      <dst id="3">1434.2667</dst>
      <dst id="10">4851.2622</dst>
      <dst id="7">1397.4667</dst>
      <dst id="2">11698.8711</dst>
      <dst id="6">35.9111</dst>
      <dst id="16">2701.5111</dst>
      <dst id="14">21522.9600</dst>
      <dst id="20">492.4978</dst>
      <dst id="11">7703.7333</dst>
      <dst id="9">1242.1689</dst>
      <dst id="17">7876.5422</dst>
      <dst id="21">472.8889</dst>
      <dst id="15">21.1911</dst>
    </src>
    <src id="21">
      <dst id="12">3223.7778</dst>
      <dst id="13">105.4311</dst>
      <dst id="19">152.4178</dst>
      <dst id="23">1.0667</dst>
      <dst id="8">192.4178</dst>
      <dst id="18">149.3778</dst>
      <dst id="4">1000.0267</dst>
      <dst id="1">4548.3467</dst>
      <dst id="5">337.3867</dst>
      <dst id="3">820.7022</dst>
      <dst id="10">1074.4622</dst>
      <dst id="7">522.9511</dst>
      <dst id="2">3416.6222</dst>
      <dst id="6">54.4178</dst>
      <dst id="16">130.3289</dst>
      <dst id="14">127.7689</dst>
      <dst id="20">178.1156</dst>
      <dst id="11">113.5822</dst>
      <dst id="9">909.4844</dst>
      <dst id="17">5594.4711</dst>
      <dst id="21">333.0578</dst>
      <dst id="15">3.0933</dst>
    </src>
    <src id="15">
      <dst id="12">656.4800</dst>
      <dst id="13">27.3689</dst>
      <dst id="23">1.4044</dst>
      <dst id="8">1.2178</dst>
      <dst id="18">8.4800</dst>
      <dst id="4">291.2000</dst>
      <dst id="1">273.3600</dst>
      <dst id="5">1.5289</dst>
      <dst id="10">616.9600</dst>
      <dst id="2">20.7556</dst>
      <dst id="16">11.9111</dst>
      <dst id="14">88.8178</dst>
      <dst id="9">1082.8978</dst>
      <dst id="17">182.4978</dst>
      <dst id="21">0.3556</dst>
    </src>
  </IntraTM>
</TrafficMatrixFile>
