<?xml version="1.0" encoding="UTF-8" standalone="yes"?>
<TrafficMatrixFile xmlns:xsi="http://www.w3.org/2001/XMLSchema-instance" xsi:noNamespaceSchemaLocation="http://totem.run.montefiore.ulg.ac.be/Schema/TrafficMatrix-v1_2.xsd">
  <info>
    <title>Intradomain traffic matrix generated by geant-TM-all.pl</title>
    <date>2005-02-21T17:30:00</date>
    <duration>900</duration>
    <author>Steve Uhlig</author>
    <units>
        <unit type="bandwidth" value="kbps"/>
    </units>
  </info>
  <IntraTM ASID="20965">
    <src id="12">
      <dst id="12">177404.6222</dst>
      <dst id="13">352974.2133</dst>
      <dst id="19">5152.1156</dst>
      <dst id="23">8.9956</dst>
      <dst id="8">955.6444</dst>
      <dst id="18">38047.8844</dst>
      <dst id="4">13832.9422</dst>
      <dst id="1">10491.1644</dst>
      <dst id="5">1353.9111</dst>
      <dst id="3">28340.3200</dst>
      <dst id="10">6259.4311</dst>
      <dst id="22">3283.2622</dst>
      <dst id="7">2219.1289</dst>
      <dst id="2">14102.0711</dst>
      <dst id="6">16.8622</dst>
      <dst id="16">6174.2756</dst>
      <dst id="14">159.6889</dst>
      <dst id="20">8860.2756</dst>
      <dst id="11">355.6356</dst>
      <dst id="9">10128.0444</dst>
      <dst id="17">47198.6756</dst>
      <dst id="21">767.6356</dst>
      <dst id="15">1316.1600</dst>
    </src>
    <src id="13">
      <dst id="12">10350.9867</dst>
      <dst id="19">3245.9022</dst>
      <dst id="23">17.4400</dst>
      <dst id="8">151.1556</dst>
      <dst id="18">157.0667</dst>
      <dst id="1">354.2133</dst>
      <dst id="5">621.3600</dst>
      <dst id="22">1391.2089</dst>
      <dst id="7">369.7333</dst>
      <dst id="2">3412.7556</dst>
      <dst id="6">467.5911</dst>
      <dst id="16">389.5467</dst>
      <dst id="14">100.3022</dst>
      <dst id="20">298.5511</dst>
      <dst id="11">413.4133</dst>
      <dst id="9">1075.9911</dst>
      <dst id="17">8378.5422</dst>
      <dst id="21">205.2444</dst>
      <dst id="15">17.9911</dst>
    </src>
    <src id="19">
      <dst id="12">18746.3200</dst>
      <dst id="13">5886.3911</dst>
      <dst id="23">2.9244</dst>
      <dst id="4">16561.0667</dst>
      <dst id="1">22.5689</dst>
      <dst id="5">350.2756</dst>
      <dst id="3">19.3067</dst>
      <dst id="10">102.6133</dst>
      <dst id="22">92.0000</dst>
      <dst id="7">3228.9689</dst>
      <dst id="2">1097.6356</dst>
      <dst id="6">33.4489</dst>
      <dst id="16">12169.1022</dst>
      <dst id="14">4.0622</dst>
      <dst id="20">665.4756</dst>
      <dst id="11">8.7111</dst>
      <dst id="9">188.6311</dst>
      <dst id="17">6953.0133</dst>
      <dst id="21">216.3733</dst>
      <dst id="15">0.9244</dst>
    </src>
    <src id="23">
      <dst id="12">276.2756</dst>
      <dst id="13">274.4356</dst>
      <dst id="19">1.4933</dst>
      <dst id="8">13.3333</dst>
      <dst id="18">39.6444</dst>
      <dst id="4">3965.7689</dst>
      <dst id="1">106.2044</dst>
      <dst id="5">0.6400</dst>
      <dst id="10">3.6711</dst>
      <dst id="22">133.4400</dst>
      <dst id="7">35.5378</dst>
      <dst id="2">0.4622</dst>
      <dst id="16">240.6222</dst>
      <dst id="20">0.4178</dst>
      <dst id="11">0.3556</dst>
      <dst id="9">39.2889</dst>
      <dst id="17">17679.7244</dst>
      <dst id="21">46.1867</dst>
    </src>
    <src id="8">
      <dst id="12">11890.3644</dst>
      <dst id="13">168.8356</dst>
      <dst id="19">0.4711</dst>
      <dst id="23">0.3556</dst>
      <dst id="18">15.0133</dst>
      <dst id="4">351.4489</dst>
      <dst id="1">2833.0667</dst>
      <dst id="5">480.1600</dst>
      <dst id="3">1.4933</dst>
      <dst id="10">117.5733</dst>
      <dst id="22">153.7333</dst>
      <dst id="7">58.0267</dst>
      <dst id="2">246.6667</dst>
      <dst id="6">0.3556</dst>
      <dst id="16">46061.0756</dst>
      <dst id="14">1.4756</dst>
      <dst id="20">154.9244</dst>
      <dst id="11">13.6356</dst>
      <dst id="9">135084.4267</dst>
      <dst id="17">205432.3111</dst>
      <dst id="21">9.0844</dst>
      <dst id="15">85.4844</dst>
    </src>
    <src id="18">
      <dst id="12">101108.8000</dst>
      <dst id="13">35.0578</dst>
      <dst id="19">7.1822</dst>
      <dst id="23">0.4356</dst>
      <dst id="8">1.0667</dst>
      <dst id="4">355.6267</dst>
      <dst id="1">1306.6933</dst>
      <dst id="5">498.4089</dst>
      <dst id="3">458.6133</dst>
      <dst id="10">68.6933</dst>
      <dst id="22">223.0756</dst>
      <dst id="7">312.4356</dst>
      <dst id="2">24724.5067</dst>
      <dst id="16">16.7200</dst>
      <dst id="20">72.4711</dst>
      <dst id="11">3.9733</dst>
      <dst id="9">5550.1511</dst>
      <dst id="17">29795.3600</dst>
      <dst id="21">125.0756</dst>
    </src>
    <src id="4">
      <dst id="12">24575.9822</dst>
      <dst id="13">652.5156</dst>
      <dst id="19">6527.6800</dst>
      <dst id="23">777.2800</dst>
      <dst id="8">1032.0622</dst>
      <dst id="18">703.4044</dst>
      <dst id="4">126.6844</dst>
      <dst id="1">21608.7022</dst>
      <dst id="5">1633.6000</dst>
      <dst id="3">691.3778</dst>
      <dst id="22">6372.0622</dst>
      <dst id="7">47346.4533</dst>
      <dst id="2">37688.7022</dst>
      <dst id="6">121.7333</dst>
      <dst id="16">6265.1911</dst>
      <dst id="14">16108.0800</dst>
      <dst id="20">4585.5911</dst>
      <dst id="11">296.4622</dst>
      <dst id="9">4691.6444</dst>
      <dst id="17">54589.9111</dst>
      <dst id="21">4823.6711</dst>
      <dst id="15">1255.7511</dst>
    </src>
    <src id="1">
      <dst id="12">36326.1689</dst>
      <dst id="13">154.4889</dst>
      <dst id="19">213.2444</dst>
      <dst id="23">84.0889</dst>
      <dst id="8">50.3467</dst>
      <dst id="18">12653.2622</dst>
      <dst id="4">5627.7689</dst>
      <dst id="1">4316.3911</dst>
      <dst id="5">225.6000</dst>
      <dst id="3">202.8978</dst>
      <dst id="10">1846.9600</dst>
      <dst id="22">11.8933</dst>
      <dst id="7">2928.4267</dst>
      <dst id="2">949.9200</dst>
      <dst id="6">2.6222</dst>
      <dst id="16">18790.6756</dst>
      <dst id="14">36.8622</dst>
      <dst id="20">193.9111</dst>
      <dst id="11">33.0844</dst>
      <dst id="9">936.5333</dst>
      <dst id="17">37691.6533</dst>
      <dst id="21">24036.4533</dst>
      <dst id="15">1431.8044</dst>
    </src>
    <src id="5">
      <dst id="12">12663.7422</dst>
      <dst id="13">948.9600</dst>
      <dst id="19">22.5511</dst>
      <dst id="8">237.6978</dst>
      <dst id="18">58.4889</dst>
      <dst id="4">1439.6000</dst>
      <dst id="1">4346.7022</dst>
      <dst id="3">1.6356</dst>
      <dst id="10">51.7244</dst>
      <dst id="22">2079.8400</dst>
      <dst id="7">144.9333</dst>
      <dst id="2">146.0089</dst>
      <dst id="6">2.0622</dst>
      <dst id="16">84487.7511</dst>
      <dst id="20">289.6889</dst>
      <dst id="11">24.4978</dst>
      <dst id="9">72358.8622</dst>
      <dst id="17">317925.7511</dst>
      <dst id="21">102.6044</dst>
      <dst id="15">106.2133</dst>
    </src>
    <src id="3">
      <dst id="12">11122.8444</dst>
      <dst id="13">183.2089</dst>
      <dst id="19">972.6933</dst>
      <dst id="23">4.0800</dst>
      <dst id="8">102.5689</dst>
      <dst id="18">8.4533</dst>
      <dst id="4">9830.3556</dst>
      <dst id="1">6862.7467</dst>
      <dst id="5">322.7289</dst>
      <dst id="3">0.8178</dst>
      <dst id="10">415.5378</dst>
      <dst id="22">901.2711</dst>
      <dst id="7">904.5422</dst>
      <dst id="2">1491.2622</dst>
      <dst id="6">14.9956</dst>
      <dst id="16">1497.2533</dst>
      <dst id="14">98.0444</dst>
      <dst id="20">912.0089</dst>
      <dst id="11">143.1733</dst>
      <dst id="9">527.1467</dst>
      <dst id="17">24727.9111</dst>
      <dst id="21">8425.1111</dst>
      <dst id="15">35.8044</dst>
    </src>
    <src id="10">
      <dst id="12">87184.7289</dst>
      <dst id="19">914.6222</dst>
      <dst id="23">307.7156</dst>
      <dst id="8">47263.8311</dst>
      <dst id="18">353.3156</dst>
      <dst id="1">1381.7333</dst>
      <dst id="5">120487.7067</dst>
      <dst id="3">9710.5067</dst>
      <dst id="22">4982.8356</dst>
      <dst id="7">5852.1689</dst>
      <dst id="2">7013.5022</dst>
      <dst id="6">12442.7289</dst>
      <dst id="16">422.5333</dst>
      <dst id="14">20923.2444</dst>
      <dst id="20">1843.7156</dst>
      <dst id="11">7768.3733</dst>
      <dst id="9">127418.8800</dst>
      <dst id="17">36188.1778</dst>
      <dst id="21">8174.7556</dst>
      <dst id="15">114.8267</dst>
    </src>
    <src id="22">
      <dst id="12">7108.0978</dst>
      <dst id="13">1039.9733</dst>
      <dst id="19">55.8133</dst>
      <dst id="23">6.3022</dst>
      <dst id="8">540.8978</dst>
      <dst id="18">187.5289</dst>
      <dst id="4">5091.6356</dst>
      <dst id="1">113.2711</dst>
      <dst id="5">1449.8133</dst>
      <dst id="3">182.8978</dst>
      <dst id="10">856.9333</dst>
      <dst id="7">1278.3378</dst>
      <dst id="2">817.6000</dst>
      <dst id="6">12.7289</dst>
      <dst id="14">231.3600</dst>
      <dst id="11">317.4311</dst>
      <dst id="9">1610.5333</dst>
      <dst id="17">2723.4311</dst>
      <dst id="21">523.5556</dst>
    </src>
    <src id="7">
      <dst id="12">4522.9156</dst>
      <dst id="13">1495.4844</dst>
      <dst id="19">272.3556</dst>
      <dst id="23">10.0089</dst>
      <dst id="8">244.3467</dst>
      <dst id="18">134.2578</dst>
      <dst id="4">2770.4978</dst>
      <dst id="1">7701.2800</dst>
      <dst id="5">881.8133</dst>
      <dst id="3">365.8933</dst>
      <dst id="10">368.2933</dst>
      <dst id="22">955.5289</dst>
      <dst id="7">899.4844</dst>
      <dst id="2">1106.1778</dst>
      <dst id="6">17.3156</dst>
      <dst id="16">444.7378</dst>
      <dst id="14">591.5111</dst>
      <dst id="20">155.3333</dst>
      <dst id="11">322.9067</dst>
      <dst id="9">365.9378</dst>
      <dst id="17">3523.4311</dst>
      <dst id="21">752.2667</dst>
      <dst id="15">216.5244</dst>
    </src>
    <src id="2">
      <dst id="12">55619.9467</dst>
      <dst id="13">7573.9822</dst>
      <dst id="19">258.8178</dst>
      <dst id="23">2.2044</dst>
      <dst id="8">356.3911</dst>
      <dst id="18">22158.3822</dst>
      <dst id="4">11231.6089</dst>
      <dst id="1">2206.6756</dst>
      <dst id="5">189.8133</dst>
      <dst id="3">319.8756</dst>
      <dst id="10">2540.1689</dst>
      <dst id="22">334.1778</dst>
      <dst id="7">2392.3200</dst>
      <dst id="2">1007.8311</dst>
      <dst id="6">6444.4444</dst>
      <dst id="16">1930.1956</dst>
      <dst id="14">347.3244</dst>
      <dst id="20">274.6578</dst>
      <dst id="11">142.5422</dst>
      <dst id="9">161.3422</dst>
      <dst id="17">16434.9867</dst>
      <dst id="21">583.4578</dst>
      <dst id="15">5.2800</dst>
    </src>
    <src id="6">
      <dst id="12">324.4800</dst>
      <dst id="13">20.8089</dst>
      <dst id="19">3.2889</dst>
      <dst id="8">23.8222</dst>
      <dst id="4">66.4889</dst>
      <dst id="1">124.7644</dst>
      <dst id="5">30.1156</dst>
      <dst id="10">1.2800</dst>
      <dst id="22">0.4622</dst>
      <dst id="7">14.6933</dst>
      <dst id="2">4093.9822</dst>
      <dst id="16">0.8267</dst>
      <dst id="20">13.6711</dst>
      <dst id="11">0.3556</dst>
      <dst id="9">324.6933</dst>
      <dst id="17">17656.3111</dst>
      <dst id="21">0.7111</dst>
    </src>
    <src id="16">
      <dst id="12">62403.6889</dst>
      <dst id="13">1166.5244</dst>
      <dst id="19">4814.2933</dst>
      <dst id="23">54.0444</dst>
      <dst id="8">40876.9867</dst>
      <dst id="18">169.3956</dst>
      <dst id="4">1561.6178</dst>
      <dst id="1">23601.1911</dst>
      <dst id="5">97274.2400</dst>
      <dst id="3">3930.1689</dst>
      <dst id="10">1166.8444</dst>
      <dst id="7">87.9733</dst>
      <dst id="2">101.2267</dst>
      <dst id="6">0.5511</dst>
      <dst id="16">16.3556</dst>
      <dst id="14">12.0000</dst>
      <dst id="11">9690.1067</dst>
      <dst id="9">125274.5956</dst>
      <dst id="17">6441.6711</dst>
      <dst id="21">4385.8133</dst>
    </src>
    <src id="14">
      <dst id="12">1899.1822</dst>
      <dst id="13">30.5778</dst>
      <dst id="23">0.4622</dst>
      <dst id="4">885.1733</dst>
      <dst id="1">74.2756</dst>
      <dst id="5">12.3733</dst>
      <dst id="3">28.9867</dst>
      <dst id="10">55.1644</dst>
      <dst id="22">19.0400</dst>
      <dst id="7">68.8622</dst>
      <dst id="2">1428.5689</dst>
      <dst id="16">2187.8311</dst>
      <dst id="20">0.3733</dst>
      <dst id="11">25.7067</dst>
      <dst id="9">1071.0578</dst>
      <dst id="17">26369.3956</dst>
      <dst id="21">41.9022</dst>
      <dst id="15">1.1200</dst>
    </src>
    <src id="20">
      <dst id="12">1712.3733</dst>
      <dst id="13">146.0800</dst>
      <dst id="19">22.3467</dst>
      <dst id="23">2.4889</dst>
      <dst id="8">51.6000</dst>
      <dst id="18">49.4667</dst>
      <dst id="4">1004.2756</dst>
      <dst id="1">41.7422</dst>
      <dst id="5">7461.9467</dst>
      <dst id="10">201.2711</dst>
      <dst id="7">47.6800</dst>
      <dst id="2">3191.6089</dst>
      <dst id="6">51.8578</dst>
      <dst id="14">18.6756</dst>
      <dst id="20">34.7200</dst>
      <dst id="11">1.1378</dst>
      <dst id="9">2310.6044</dst>
      <dst id="17">5543.9200</dst>
      <dst id="21">84.2489</dst>
    </src>
    <src id="11">
      <dst id="12">21951.3333</dst>
      <dst id="13">776.8711</dst>
      <dst id="19">361.8311</dst>
      <dst id="23">539.0933</dst>
      <dst id="8">1703.9822</dst>
      <dst id="18">333.9822</dst>
      <dst id="4">599.6711</dst>
      <dst id="1">1823.3689</dst>
      <dst id="5">755.0133</dst>
      <dst id="3">9.2800</dst>
      <dst id="10">2551.0044</dst>
      <dst id="22">1667.7156</dst>
      <dst id="7">380.8089</dst>
      <dst id="2">42742.0978</dst>
      <dst id="6">0.3556</dst>
      <dst id="16">68699.0667</dst>
      <dst id="14">109.5822</dst>
      <dst id="20">10.2311</dst>
      <dst id="11">1411.5289</dst>
      <dst id="9">23541.0844</dst>
      <dst id="17">465146.2667</dst>
      <dst id="21">556.8622</dst>
      <dst id="15">6.9778</dst>
    </src>
    <src id="9">
      <dst id="12">21246.0800</dst>
      <dst id="13">517.4311</dst>
      <dst id="19">98.5244</dst>
      <dst id="23">3.3333</dst>
      <dst id="8">69597.0756</dst>
      <dst id="18">14.9067</dst>
      <dst id="4">1067.3067</dst>
      <dst id="1">5767.1911</dst>
      <dst id="5">1908.3644</dst>
      <dst id="3">262.2756</dst>
      <dst id="10">693.7333</dst>
      <dst id="22">2830.6489</dst>
      <dst id="7">862.2756</dst>
      <dst id="2">976.2578</dst>
      <dst id="6">0.3556</dst>
      <dst id="16">103309.7156</dst>
      <dst id="14">42.5867</dst>
      <dst id="20">2920.1333</dst>
      <dst id="11">14.7733</dst>
      <dst id="9">342056.1956</dst>
      <dst id="17">365032.8800</dst>
      <dst id="21">184.5156</dst>
      <dst id="15">144.1511</dst>
    </src>
    <src id="17">
      <dst id="12">53464.5867</dst>
      <dst id="13">5185.3956</dst>
      <dst id="19">466.9067</dst>
      <dst id="23">37.6889</dst>
      <dst id="8">52.2311</dst>
      <dst id="18">125.5822</dst>
      <dst id="4">13550.0533</dst>
      <dst id="1">1896.9689</dst>
      <dst id="5">79889.8578</dst>
      <dst id="3">1595.8311</dst>
      <dst id="10">452.2933</dst>
      <dst id="22">1415.7244</dst>
      <dst id="7">1191.3867</dst>
      <dst id="2">6944.8889</dst>
      <dst id="6">36.1689</dst>
      <dst id="16">3108.7556</dst>
      <dst id="14">10447.9644</dst>
      <dst id="20">726.5156</dst>
      <dst id="11">8300.5867</dst>
      <dst id="9">787.5556</dst>
      <dst id="17">18847.2267</dst>
      <dst id="21">2449.8044</dst>
      <dst id="15">129.4578</dst>
    </src>
    <src id="21">
      <dst id="12">4800.3556</dst>
      <dst id="13">159.5911</dst>
      <dst id="19">484.9333</dst>
      <dst id="23">149.9556</dst>
      <dst id="8">358.7378</dst>
      <dst id="18">309.7689</dst>
      <dst id="4">1582.4622</dst>
      <dst id="1">1095.1911</dst>
      <dst id="5">452.1600</dst>
      <dst id="3">5119.5378</dst>
      <dst id="10">415.6356</dst>
      <dst id="22">559.3778</dst>
      <dst id="7">612.2933</dst>
      <dst id="2">5800.5422</dst>
      <dst id="6">5.6533</dst>
      <dst id="16">360.1511</dst>
      <dst id="14">118.6044</dst>
      <dst id="20">46.8267</dst>
      <dst id="11">315.2889</dst>
      <dst id="9">1321.7333</dst>
      <dst id="17">26947.0222</dst>
      <dst id="21">1009.5733</dst>
      <dst id="15">38.1778</dst>
    </src>
    <src id="15">
      <dst id="12">3078.0978</dst>
      <dst id="13">4.9422</dst>
      <dst id="8">61.5111</dst>
      <dst id="18">1.5911</dst>
      <dst id="4">186.0622</dst>
      <dst id="1">476.9689</dst>
      <dst id="5">3.2444</dst>
      <dst id="10">1003.8044</dst>
      <dst id="7">183.0311</dst>
      <dst id="2">36.6133</dst>
      <dst id="11">0.3556</dst>
      <dst id="9">135.1733</dst>
      <dst id="17">1553.5467</dst>
      <dst id="21">57.9200</dst>
    </src>
  </IntraTM>
</TrafficMatrixFile>
