<?xml version="1.0" encoding="UTF-8" standalone="yes"?>
<TrafficMatrixFile xmlns:xsi="http://www.w3.org/2001/XMLSchema-instance" xsi:noNamespaceSchemaLocation="http://totem.run.montefiore.ulg.ac.be/Schema/TrafficMatrix-v1_2.xsd">
  <info>
    <title>Intradomain traffic matrix generated by geant-TM-all.pl</title>
    <date>2005-03-09T04:30:00</date>
    <duration>900</duration>
    <author>Steve Uhlig</author>
    <units>
        <unit type="bandwidth" value="kbps"/>
    </units>
  </info>
  <IntraTM ASID="20965">
    <src id="12">
      <dst id="12">183473.4667</dst>
      <dst id="13">20710.3111</dst>
      <dst id="19">2079.6356</dst>
      <dst id="23">1981.4933</dst>
      <dst id="8">770.3822</dst>
      <dst id="18">58715.5733</dst>
      <dst id="4">14916.7200</dst>
      <dst id="1">21865.1289</dst>
      <dst id="5">1343.6711</dst>
      <dst id="3">51.1644</dst>
      <dst id="10">65499.9733</dst>
      <dst id="22">2619.1467</dst>
      <dst id="7">579.3778</dst>
      <dst id="2">25297.1289</dst>
      <dst id="6">17.0578</dst>
      <dst id="16">15862.3733</dst>
      <dst id="14">319.3067</dst>
      <dst id="20">3114.8622</dst>
      <dst id="11">29.1644</dst>
      <dst id="9">3528.4533</dst>
      <dst id="17">66806.3822</dst>
      <dst id="21">601.5200</dst>
      <dst id="15">233.8311</dst>
    </src>
    <src id="13">
      <dst id="12">38677.1022</dst>
      <dst id="19">6894.4000</dst>
      <dst id="23">581.8133</dst>
      <dst id="8">1720.4444</dst>
      <dst id="18">1224.4000</dst>
      <dst id="1">3164.7911</dst>
      <dst id="5">3633.2178</dst>
      <dst id="3">152.6133</dst>
      <dst id="22">9618.2844</dst>
      <dst id="7">9220.6578</dst>
      <dst id="2">34557.7511</dst>
      <dst id="6">125.5733</dst>
      <dst id="16">6072.4178</dst>
      <dst id="14">1774.0889</dst>
      <dst id="20">3373.5822</dst>
      <dst id="11">190.9511</dst>
      <dst id="9">10846.7289</dst>
      <dst id="17">61682.1867</dst>
      <dst id="21">4110.4622</dst>
      <dst id="15">384.4978</dst>
    </src>
    <src id="19">
      <dst id="12">17422.8356</dst>
      <dst id="13">284.2222</dst>
      <dst id="8">1.3333</dst>
      <dst id="18">127.6444</dst>
      <dst id="4">16692.5956</dst>
      <dst id="1">45.2889</dst>
      <dst id="5">32.2133</dst>
      <dst id="3">1.2800</dst>
      <dst id="10">1822.0267</dst>
      <dst id="22">190.7111</dst>
      <dst id="7">3027.9111</dst>
      <dst id="2">560.4000</dst>
      <dst id="6">1.3244</dst>
      <dst id="16">7777.2089</dst>
      <dst id="14">24.2844</dst>
      <dst id="20">127.9022</dst>
      <dst id="11">0.4978</dst>
      <dst id="9">64.9511</dst>
      <dst id="17">878.2667</dst>
      <dst id="21">276.3467</dst>
    </src>
    <src id="23">
      <dst id="12">1203.4667</dst>
      <dst id="13">542.2844</dst>
      <dst id="8">80.0000</dst>
      <dst id="18">29.6800</dst>
      <dst id="4">106.8444</dst>
      <dst id="1">19.7511</dst>
      <dst id="5">53.3333</dst>
      <dst id="10">118.5867</dst>
      <dst id="22">32.3733</dst>
      <dst id="7">19.0489</dst>
      <dst id="2">589.2978</dst>
      <dst id="16">1077.8667</dst>
      <dst id="20">946.6667</dst>
      <dst id="9">81.9556</dst>
      <dst id="17">23509.0578</dst>
      <dst id="21">26.9956</dst>
      <dst id="15">0.8000</dst>
    </src>
    <src id="8">
      <dst id="12">15008.4267</dst>
      <dst id="13">222.8444</dst>
      <dst id="19">2.1956</dst>
      <dst id="23">3.4133</dst>
      <dst id="18">12.4444</dst>
      <dst id="4">438.0533</dst>
      <dst id="1">4491.1022</dst>
      <dst id="5">13890.6311</dst>
      <dst id="3">451.9111</dst>
      <dst id="10">2872.5689</dst>
      <dst id="22">712.0356</dst>
      <dst id="7">270.6756</dst>
      <dst id="2">158.3733</dst>
      <dst id="16">121358.2400</dst>
      <dst id="14">13.3333</dst>
      <dst id="11">0.4267</dst>
      <dst id="9">130884.3378</dst>
      <dst id="17">258058.2933</dst>
      <dst id="21">13.3333</dst>
      <dst id="15">23.4756</dst>
    </src>
    <src id="18">
      <dst id="12">97514.8978</dst>
      <dst id="13">66.5333</dst>
      <dst id="19">2.8089</dst>
      <dst id="23">4.2756</dst>
      <dst id="8">231.1467</dst>
      <dst id="4">98.1689</dst>
      <dst id="1">8210.8267</dst>
      <dst id="5">134.5511</dst>
      <dst id="3">546.0000</dst>
      <dst id="10">174.4889</dst>
      <dst id="22">99.2800</dst>
      <dst id="7">979.8844</dst>
      <dst id="2">19401.1822</dst>
      <dst id="6">1.1200</dst>
      <dst id="16">821.5644</dst>
      <dst id="14">53.3333</dst>
      <dst id="20">3.2800</dst>
      <dst id="11">13.1200</dst>
      <dst id="9">1421.9911</dst>
      <dst id="17">32698.7289</dst>
      <dst id="21">135.3867</dst>
      <dst id="15">1.6711</dst>
    </src>
    <src id="4">
      <dst id="12">9198.4356</dst>
      <dst id="19">3778.5067</dst>
      <dst id="23">179.9644</dst>
      <dst id="8">342.3911</dst>
      <dst id="18">85.0133</dst>
      <dst id="4">35.3067</dst>
      <dst id="1">10717.3422</dst>
      <dst id="5">1581.4844</dst>
      <dst id="3">390.8889</dst>
      <dst id="22">1174.2489</dst>
      <dst id="7">181165.7956</dst>
      <dst id="2">37381.4044</dst>
      <dst id="6">15.9289</dst>
      <dst id="16">1607.0133</dst>
      <dst id="14">955.2444</dst>
      <dst id="11">88.1867</dst>
      <dst id="9">4523.8933</dst>
      <dst id="17">21846.7911</dst>
      <dst id="21">911.3156</dst>
      <dst id="15">418.4089</dst>
    </src>
    <src id="1">
      <dst id="12">217765.0400</dst>
      <dst id="13">333.9111</dst>
      <dst id="19">94.9867</dst>
      <dst id="23">57.5556</dst>
      <dst id="8">101.1733</dst>
      <dst id="18">11936.4800</dst>
      <dst id="4">1328.0000</dst>
      <dst id="1">10372.9867</dst>
      <dst id="5">191.9111</dst>
      <dst id="3">259.3956</dst>
      <dst id="10">1934.2933</dst>
      <dst id="22">188.6044</dst>
      <dst id="7">2114.1156</dst>
      <dst id="2">11604.2756</dst>
      <dst id="6">1.5556</dst>
      <dst id="16">11155.4667</dst>
      <dst id="14">287.3689</dst>
      <dst id="20">2847.6444</dst>
      <dst id="11">79.7067</dst>
      <dst id="9">499.5822</dst>
      <dst id="17">90231.5111</dst>
      <dst id="21">677833.9556</dst>
      <dst id="15">58.8889</dst>
    </src>
    <src id="5">
      <dst id="12">18824.0000</dst>
      <dst id="13">851.3067</dst>
      <dst id="19">55.4578</dst>
      <dst id="8">500.1511</dst>
      <dst id="18">17.3778</dst>
      <dst id="4">359.1378</dst>
      <dst id="1">27964.1600</dst>
      <dst id="3">269.9644</dst>
      <dst id="10">1807.1911</dst>
      <dst id="22">3995.3333</dst>
      <dst id="7">109.1556</dst>
      <dst id="2">223.2533</dst>
      <dst id="6">13.1733</dst>
      <dst id="16">121650.1867</dst>
      <dst id="14">0.5333</dst>
      <dst id="11">1.1644</dst>
      <dst id="9">47058.9067</dst>
      <dst id="17">232175.1111</dst>
      <dst id="21">13.3333</dst>
      <dst id="15">11.9022</dst>
    </src>
    <src id="3">
      <dst id="12">4811.1556</dst>
      <dst id="13">328.0978</dst>
      <dst id="19">854.4711</dst>
      <dst id="8">21.3156</dst>
      <dst id="18">18.9600</dst>
      <dst id="4">52459.1378</dst>
      <dst id="1">4245.0933</dst>
      <dst id="5">544.7289</dst>
      <dst id="3">372.7378</dst>
      <dst id="10">3848.8800</dst>
      <dst id="22">69.8933</dst>
      <dst id="7">1154.2756</dst>
      <dst id="2">2847.3333</dst>
      <dst id="6">27.6267</dst>
      <dst id="16">1295.3689</dst>
      <dst id="14">439.1911</dst>
      <dst id="20">130.1244</dst>
      <dst id="11">84.9600</dst>
      <dst id="9">245.6711</dst>
      <dst id="17">18163.6533</dst>
      <dst id="21">432.5067</dst>
      <dst id="15">2.1511</dst>
    </src>
    <src id="10">
      <dst id="12">16454.1067</dst>
      <dst id="19">738.8978</dst>
      <dst id="23">8775.1733</dst>
      <dst id="8">521.7689</dst>
      <dst id="18">152.8889</dst>
      <dst id="1">864.9244</dst>
      <dst id="5">366.3644</dst>
      <dst id="3">101.4311</dst>
      <dst id="22">2254.2133</dst>
      <dst id="7">901.8489</dst>
      <dst id="2">12249.6800</dst>
      <dst id="6">0.9244</dst>
      <dst id="16">3759.4844</dst>
      <dst id="14">1140.3467</dst>
      <dst id="20">705.4222</dst>
      <dst id="11">47.1200</dst>
      <dst id="9">2421.0578</dst>
      <dst id="17">25040.9067</dst>
      <dst id="21">4302.8267</dst>
      <dst id="15">204.1689</dst>
    </src>
    <src id="22">
      <dst id="12">6299.2711</dst>
      <dst id="13">6016.1778</dst>
      <dst id="19">8.8533</dst>
      <dst id="23">17.7689</dst>
      <dst id="8">230.7822</dst>
      <dst id="18">295.0844</dst>
      <dst id="4">3843.5022</dst>
      <dst id="1">38.3733</dst>
      <dst id="5">1032.9600</dst>
      <dst id="3">0.8533</dst>
      <dst id="10">2090.5067</dst>
      <dst id="7">135.5289</dst>
      <dst id="2">261.9022</dst>
      <dst id="6">27.3067</dst>
      <dst id="14">71.6444</dst>
      <dst id="11">81.9644</dst>
      <dst id="9">1685.7067</dst>
      <dst id="17">4007.6178</dst>
      <dst id="21">106.9689</dst>
    </src>
    <src id="7">
      <dst id="12">4295.2889</dst>
      <dst id="13">177.1289</dst>
      <dst id="19">305.7778</dst>
      <dst id="23">79.5733</dst>
      <dst id="8">427.5733</dst>
      <dst id="18">634.9156</dst>
      <dst id="4">43675.0311</dst>
      <dst id="1">4532.0889</dst>
      <dst id="5">858.0533</dst>
      <dst id="3">258.3289</dst>
      <dst id="10">5802.6133</dst>
      <dst id="22">1239.4133</dst>
      <dst id="7">887.1644</dst>
      <dst id="2">4846.7289</dst>
      <dst id="6">58.9333</dst>
      <dst id="16">840.0800</dst>
      <dst id="14">249.8933</dst>
      <dst id="20">95.2622</dst>
      <dst id="11">34.6844</dst>
      <dst id="9">554.8533</dst>
      <dst id="17">4524.6133</dst>
      <dst id="21">3035.2267</dst>
      <dst id="15">166.2222</dst>
    </src>
    <src id="2">
      <dst id="12">55218.5422</dst>
      <dst id="13">5088.4267</dst>
      <dst id="19">546.4444</dst>
      <dst id="23">23.9822</dst>
      <dst id="8">765.8933</dst>
      <dst id="18">42032.4178</dst>
      <dst id="4">22000.5244</dst>
      <dst id="1">5191.2533</dst>
      <dst id="5">574.6844</dst>
      <dst id="3">8.6756</dst>
      <dst id="10">15212.4356</dst>
      <dst id="22">2765.9556</dst>
      <dst id="7">3297.0756</dst>
      <dst id="2">549.9644</dst>
      <dst id="6">36550.8533</dst>
      <dst id="16">349.7511</dst>
      <dst id="14">283.4933</dst>
      <dst id="20">128.6844</dst>
      <dst id="11">136.7200</dst>
      <dst id="9">473.8578</dst>
      <dst id="17">28695.0044</dst>
      <dst id="21">367.1911</dst>
      <dst id="15">10.7911</dst>
    </src>
    <src id="6">
      <dst id="12">905.7778</dst>
      <dst id="13">20.6044</dst>
      <dst id="19">1.0578</dst>
      <dst id="18">10.5600</dst>
      <dst id="4">1.3333</dst>
      <dst id="1">2278.9333</dst>
      <dst id="3">70.9600</dst>
      <dst id="10">583.6267</dst>
      <dst id="22">13.1556</dst>
      <dst id="7">24.8267</dst>
      <dst id="2">1319.9733</dst>
      <dst id="16">95.8222</dst>
      <dst id="9">101.0044</dst>
      <dst id="17">20609.6800</dst>
    </src>
    <src id="16">
      <dst id="12">104719.0489</dst>
      <dst id="13">4472.5511</dst>
      <dst id="19">7131.6444</dst>
      <dst id="23">25.3867</dst>
      <dst id="8">129598.6667</dst>
      <dst id="18">118.7200</dst>
      <dst id="4">286.9600</dst>
      <dst id="1">13332.0267</dst>
      <dst id="5">220226.8356</dst>
      <dst id="3">4400.5689</dst>
      <dst id="10">1310.7200</dst>
      <dst id="7">33.2533</dst>
      <dst id="2">227.6356</dst>
      <dst id="6">6.2933</dst>
      <dst id="16">87.3689</dst>
      <dst id="14">52661.4578</dst>
      <dst id="11">11490.8533</dst>
      <dst id="9">127117.9289</dst>
      <dst id="17">16200.3733</dst>
      <dst id="21">11.9111</dst>
    </src>
    <src id="14">
      <dst id="12">2369.5467</dst>
      <dst id="13">185.6978</dst>
      <dst id="19">45.5733</dst>
      <dst id="23">0.4622</dst>
      <dst id="18">0.9244</dst>
      <dst id="4">440.2044</dst>
      <dst id="1">4125.5911</dst>
      <dst id="5">3.7956</dst>
      <dst id="3">475.1911</dst>
      <dst id="10">827.2089</dst>
      <dst id="22">0.8178</dst>
      <dst id="7">106.9867</dst>
      <dst id="2">2799.9378</dst>
      <dst id="16">1228.5067</dst>
      <dst id="20">8.2578</dst>
      <dst id="11">0.4622</dst>
      <dst id="9">349.3422</dst>
      <dst id="17">37981.2267</dst>
      <dst id="21">226.3822</dst>
    </src>
    <src id="20">
      <dst id="12">22598.5244</dst>
      <dst id="13">362.0089</dst>
      <dst id="19">162.4889</dst>
      <dst id="23">22.6844</dst>
      <dst id="8">62.4178</dst>
      <dst id="18">17.7422</dst>
      <dst id="4">4815.1111</dst>
      <dst id="1">153.5111</dst>
      <dst id="5">2237.8489</dst>
      <dst id="3">0.3556</dst>
      <dst id="10">1355.4222</dst>
      <dst id="7">122.6400</dst>
      <dst id="2">1642.9689</dst>
      <dst id="6">0.3378</dst>
      <dst id="14">1.1022</dst>
      <dst id="20">64.3733</dst>
      <dst id="9">964.0356</dst>
      <dst id="17">5880.0889</dst>
      <dst id="21">41.7600</dst>
    </src>
    <src id="11">
      <dst id="12">31988.0356</dst>
      <dst id="13">2610.5333</dst>
      <dst id="19">46.6222</dst>
      <dst id="23">0.4622</dst>
      <dst id="8">298.0800</dst>
      <dst id="18">178.2222</dst>
      <dst id="4">3738.9689</dst>
      <dst id="1">44004.4800</dst>
      <dst id="5">747.1200</dst>
      <dst id="3">643.4844</dst>
      <dst id="10">4921.4044</dst>
      <dst id="22">1963.7778</dst>
      <dst id="7">754.6489</dst>
      <dst id="2">62675.0400</dst>
      <dst id="6">2.1067</dst>
      <dst id="16">19854.5333</dst>
      <dst id="14">44.3911</dst>
      <dst id="20">240.7733</dst>
      <dst id="11">2704.5067</dst>
      <dst id="9">3819.2889</dst>
      <dst id="17">627297.4489</dst>
      <dst id="21">207.8133</dst>
      <dst id="15">271.2711</dst>
    </src>
    <src id="9">
      <dst id="12">15957.2800</dst>
      <dst id="13">894.5333</dst>
      <dst id="19">929.1378</dst>
      <dst id="23">1.1733</dst>
      <dst id="8">87478.3467</dst>
      <dst id="18">1367.0667</dst>
      <dst id="4">4654.8711</dst>
      <dst id="1">3510.4356</dst>
      <dst id="5">1103.2800</dst>
      <dst id="3">705.6533</dst>
      <dst id="10">961.8667</dst>
      <dst id="22">387.7778</dst>
      <dst id="7">8.9156</dst>
      <dst id="2">409.4133</dst>
      <dst id="6">0.3556</dst>
      <dst id="16">94550.3378</dst>
      <dst id="14">23.4311</dst>
      <dst id="11">1.6711</dst>
      <dst id="9">150398.6844</dst>
      <dst id="17">239475.0578</dst>
      <dst id="21">1.1378</dst>
      <dst id="15">3453.8667</dst>
    </src>
    <src id="17">
      <dst id="12">106376.0267</dst>
      <dst id="13">1831.3600</dst>
      <dst id="19">396.9511</dst>
      <dst id="23">7.0222</dst>
      <dst id="8">115.1022</dst>
      <dst id="18">1642.1067</dst>
      <dst id="4">19273.9556</dst>
      <dst id="1">16263.3333</dst>
      <dst id="5">153234.7289</dst>
      <dst id="3">5888.4000</dst>
      <dst id="10">42533.6978</dst>
      <dst id="22">7442.1422</dst>
      <dst id="7">790.5600</dst>
      <dst id="2">5487.2533</dst>
      <dst id="6">591.2000</dst>
      <dst id="16">4270.5511</dst>
      <dst id="14">23151.2089</dst>
      <dst id="20">1730.5244</dst>
      <dst id="11">10302.9867</dst>
      <dst id="9">2916.3911</dst>
      <dst id="17">24194.4978</dst>
      <dst id="21">376.7200</dst>
      <dst id="15">21.2889</dst>
    </src>
    <src id="21">
      <dst id="12">3687.1556</dst>
      <dst id="13">4881.6444</dst>
      <dst id="19">643.4844</dst>
      <dst id="23">0.8178</dst>
      <dst id="8">61.1200</dst>
      <dst id="18">3246.1778</dst>
      <dst id="4">1932.0800</dst>
      <dst id="1">10995.6800</dst>
      <dst id="5">246.5956</dst>
      <dst id="3">514.5600</dst>
      <dst id="10">4556.2756</dst>
      <dst id="22">905.6533</dst>
      <dst id="7">1176.7911</dst>
      <dst id="2">4240.4622</dst>
      <dst id="6">0.9244</dst>
      <dst id="16">633.5644</dst>
      <dst id="14">208.3644</dst>
      <dst id="20">202.4889</dst>
      <dst id="11">31.2267</dst>
      <dst id="9">504.3644</dst>
      <dst id="17">22953.3067</dst>
      <dst id="21">540.2844</dst>
      <dst id="15">489.0400</dst>
    </src>
    <src id="15">
      <dst id="12">1001.5378</dst>
      <dst id="13">924.8800</dst>
      <dst id="23">4.2844</dst>
      <dst id="8">29.0400</dst>
      <dst id="18">0.9956</dst>
      <dst id="4">150.9244</dst>
      <dst id="1">52.2756</dst>
      <dst id="5">115.8489</dst>
      <dst id="3">23.8222</dst>
      <dst id="10">179.9911</dst>
      <dst id="7">17.3600</dst>
      <dst id="2">667.3956</dst>
      <dst id="6">1.3511</dst>
      <dst id="9">546.9067</dst>
      <dst id="17">572.0622</dst>
    </src>
  </IntraTM>
</TrafficMatrixFile>
