<?xml version="1.0" encoding="UTF-8" standalone="yes"?>
<TrafficMatrixFile xmlns:xsi="http://www.w3.org/2001/XMLSchema-instance" xsi:noNamespaceSchemaLocation="http://totem.run.montefiore.ulg.ac.be/Schema/TrafficMatrix-v1_2.xsd">
  <info>
    <title>Intradomain traffic matrix generated by geant-TM-all.pl</title>
    <date>2005-02-10T03:15:00</date>
    <duration>900</duration>
    <author>Steve Uhlig</author>
    <units>
        <unit type="bandwidth" value="kbps"/>
    </units>
  </info>
  <IntraTM ASID="20965">
    <src id="12">
      <dst id="12">378671.7778</dst>
      <dst id="13">25721.1644</dst>
      <dst id="19">9070.8800</dst>
      <dst id="23">86.7289</dst>
      <dst id="8">2213.5111</dst>
      <dst id="18">156260.9156</dst>
      <dst id="4">127846.1689</dst>
      <dst id="1">11949.7067</dst>
      <dst id="5">5713.2711</dst>
      <dst id="3">99.9822</dst>
      <dst id="10">12901.4222</dst>
      <dst id="22">9447.4844</dst>
      <dst id="7">8137.2267</dst>
      <dst id="2">80009.1200</dst>
      <dst id="16">17289.3956</dst>
      <dst id="14">432.9778</dst>
      <dst id="20">3575.0311</dst>
      <dst id="11">151.2356</dst>
      <dst id="9">6734.1778</dst>
      <dst id="17">60166.7644</dst>
      <dst id="21">32079.8933</dst>
      <dst id="15">726.4444</dst>
    </src>
    <src id="13">
      <dst id="12">115596.4178</dst>
      <dst id="19">36376.9689</dst>
      <dst id="23">1088.5156</dst>
      <dst id="8">3447.1733</dst>
      <dst id="18">9836.1422</dst>
      <dst id="4">0.3556</dst>
      <dst id="1">9743.3689</dst>
      <dst id="5">30616.8622</dst>
      <dst id="3">1246.4533</dst>
      <dst id="22">18582.3733</dst>
      <dst id="7">17787.1911</dst>
      <dst id="2">90928.3911</dst>
      <dst id="16">12144.2133</dst>
      <dst id="14">1868.9600</dst>
      <dst id="20">25736.3556</dst>
      <dst id="11">393.2444</dst>
      <dst id="9">14038.2400</dst>
      <dst id="17">110889.3956</dst>
      <dst id="21">23806.0356</dst>
      <dst id="15">2600.5956</dst>
    </src>
    <src id="19">
      <dst id="12">37080.2667</dst>
      <dst id="13">1226.8000</dst>
      <dst id="23">117.5022</dst>
      <dst id="8">55.4667</dst>
      <dst id="18">2462.6044</dst>
      <dst id="4">17862.3378</dst>
      <dst id="1">1519.2622</dst>
      <dst id="5">14.1867</dst>
      <dst id="3">27.3156</dst>
      <dst id="10">655.6978</dst>
      <dst id="22">440.2133</dst>
      <dst id="7">17023.9200</dst>
      <dst id="2">32962.4889</dst>
      <dst id="16">9294.5333</dst>
      <dst id="14">4.2667</dst>
      <dst id="20">2113.9022</dst>
      <dst id="11">0.4978</dst>
      <dst id="9">18.0889</dst>
      <dst id="17">11860.0000</dst>
      <dst id="21">912.0711</dst>
      <dst id="15">5904.6844</dst>
    </src>
    <src id="23">
      <dst id="12">2159.1289</dst>
      <dst id="13">1623.8489</dst>
      <dst id="19">103.8578</dst>
      <dst id="8">2.1333</dst>
      <dst id="18">64.8267</dst>
      <dst id="4">7796.9956</dst>
      <dst id="1">1822.3822</dst>
      <dst id="5">132.5511</dst>
      <dst id="3">2799.7156</dst>
      <dst id="10">1389.1467</dst>
      <dst id="22">183.6978</dst>
      <dst id="7">185.9200</dst>
      <dst id="2">170.5244</dst>
      <dst id="16">70.7289</dst>
      <dst id="14">64.2400</dst>
      <dst id="20">1958.8978</dst>
      <dst id="11">1.1378</dst>
      <dst id="9">2228.9156</dst>
      <dst id="17">2555.7600</dst>
      <dst id="21">2806.4978</dst>
      <dst id="15">40.0000</dst>
    </src>
    <src id="8">
      <dst id="12">54314.0356</dst>
      <dst id="13">288.1422</dst>
      <dst id="19">34.7200</dst>
      <dst id="23">0.4622</dst>
      <dst id="18">1014.1511</dst>
      <dst id="4">4275.0222</dst>
      <dst id="1">5026.4178</dst>
      <dst id="5">1195.3689</dst>
      <dst id="3">5.0756</dst>
      <dst id="10">204.1778</dst>
      <dst id="22">1357.2267</dst>
      <dst id="7">92.2489</dst>
      <dst id="2">348.5778</dst>
      <dst id="16">378.3467</dst>
      <dst id="14">0.7467</dst>
      <dst id="20">1728.5778</dst>
      <dst id="11">56.8444</dst>
      <dst id="9">208967.2533</dst>
      <dst id="17">239016.0267</dst>
      <dst id="21">148.8089</dst>
      <dst id="15">30.0444</dst>
    </src>
    <src id="18">
      <dst id="12">185570.0267</dst>
      <dst id="13">441.5200</dst>
      <dst id="19">83.3956</dst>
      <dst id="23">2.0533</dst>
      <dst id="8">286.0622</dst>
      <dst id="4">2379.5289</dst>
      <dst id="1">385.2267</dst>
      <dst id="5">620.8622</dst>
      <dst id="3">631.5822</dst>
      <dst id="10">1576.9244</dst>
      <dst id="22">614.4356</dst>
      <dst id="7">1608.1156</dst>
      <dst id="2">55515.3511</dst>
      <dst id="16">87.4578</dst>
      <dst id="14">1.5822</dst>
      <dst id="20">272.9689</dst>
      <dst id="11">14.7200</dst>
      <dst id="9">783.9111</dst>
      <dst id="17">12077.4222</dst>
      <dst id="21">798.6133</dst>
      <dst id="15">1.4578</dst>
    </src>
    <src id="4">
      <dst id="12">16346.5689</dst>
      <dst id="19">6471.7867</dst>
      <dst id="23">791.6711</dst>
      <dst id="8">593.1556</dst>
      <dst id="18">534.9778</dst>
      <dst id="4">236.5422</dst>
      <dst id="1">57487.6178</dst>
      <dst id="5">2655.1733</dst>
      <dst id="3">220.4800</dst>
      <dst id="22">3512.5422</dst>
      <dst id="7">87703.9822</dst>
      <dst id="2">37199.7422</dst>
      <dst id="16">3004.6222</dst>
      <dst id="14">1980.8533</dst>
      <dst id="20">31170.3378</dst>
      <dst id="11">232.3022</dst>
      <dst id="9">5109.6978</dst>
      <dst id="17">33089.5733</dst>
      <dst id="21">6835.0844</dst>
      <dst id="15">758.1244</dst>
    </src>
    <src id="1">
      <dst id="12">28475.0222</dst>
      <dst id="13">4564.5511</dst>
      <dst id="19">75103.7244</dst>
      <dst id="23">79.8844</dst>
      <dst id="8">75.6711</dst>
      <dst id="18">12556.8000</dst>
      <dst id="4">29149.6800</dst>
      <dst id="1">40451.5644</dst>
      <dst id="5">420.0800</dst>
      <dst id="3">191.5911</dst>
      <dst id="10">4471.3778</dst>
      <dst id="22">7228.1333</dst>
      <dst id="7">49035.0400</dst>
      <dst id="2">14228.5600</dst>
      <dst id="16">17897.5556</dst>
      <dst id="14">51.5022</dst>
      <dst id="20">4526.3733</dst>
      <dst id="11">77.3689</dst>
      <dst id="9">1174.4444</dst>
      <dst id="17">26335.5289</dst>
      <dst id="21">11996.6489</dst>
      <dst id="15">253.8311</dst>
    </src>
    <src id="5">
      <dst id="12">75320.1333</dst>
      <dst id="13">2773.0489</dst>
      <dst id="19">264.0267</dst>
      <dst id="23">16.0000</dst>
      <dst id="8">8217.0133</dst>
      <dst id="18">459.0756</dst>
      <dst id="4">17741.3689</dst>
      <dst id="1">9770.9778</dst>
      <dst id="3">62.1511</dst>
      <dst id="10">4457.2444</dst>
      <dst id="22">6084.0622</dst>
      <dst id="7">512.8889</dst>
      <dst id="2">3277.0044</dst>
      <dst id="16">4008.4533</dst>
      <dst id="14">23.8222</dst>
      <dst id="20">5734.3556</dst>
      <dst id="11">25.5378</dst>
      <dst id="9">116909.2178</dst>
      <dst id="17">508010.5778</dst>
      <dst id="21">3765.6089</dst>
      <dst id="15">889.5733</dst>
    </src>
    <src id="3">
      <dst id="12">10979.1200</dst>
      <dst id="13">356097.9644</dst>
      <dst id="19">2226.4444</dst>
      <dst id="23">127.9378</dst>
      <dst id="8">50.1422</dst>
      <dst id="18">260.1689</dst>
      <dst id="4">19573.8311</dst>
      <dst id="1">8348.0978</dst>
      <dst id="5">440.0000</dst>
      <dst id="3">105.3156</dst>
      <dst id="10">775.2800</dst>
      <dst id="22">5316.4622</dst>
      <dst id="7">3810.3733</dst>
      <dst id="2">3781.5733</dst>
      <dst id="16">3397.6889</dst>
      <dst id="14">148.9244</dst>
      <dst id="20">758.3200</dst>
      <dst id="11">130.9867</dst>
      <dst id="9">2377.5022</dst>
      <dst id="17">21105.3422</dst>
      <dst id="21">3810.7644</dst>
      <dst id="15">15345.2800</dst>
    </src>
    <src id="10">
      <dst id="12">242925.8133</dst>
      <dst id="19">2398.9244</dst>
      <dst id="23">1566.1422</dst>
      <dst id="8">158155.8400</dst>
      <dst id="18">3470.8000</dst>
      <dst id="1">4143.7600</dst>
      <dst id="5">272756.4178</dst>
      <dst id="3">19906.6756</dst>
      <dst id="22">6024.3022</dst>
      <dst id="7">13693.7956</dst>
      <dst id="2">20533.5022</dst>
      <dst id="16">1013.0044</dst>
      <dst id="14">32796.0622</dst>
      <dst id="20">1899.4844</dst>
      <dst id="11">21074.8444</dst>
      <dst id="9">295139.2622</dst>
      <dst id="17">63412.7911</dst>
      <dst id="21">28096.7911</dst>
      <dst id="15">648.2222</dst>
    </src>
    <src id="22">
      <dst id="12">11667.1911</dst>
      <dst id="13">15047.3867</dst>
      <dst id="19">453.3156</dst>
      <dst id="23">576.8711</dst>
      <dst id="8">982.6400</dst>
      <dst id="18">7801.3956</dst>
      <dst id="4">17761.4222</dst>
      <dst id="1">809.3867</dst>
      <dst id="5">8534.4711</dst>
      <dst id="3">15.4933</dst>
      <dst id="10">1218.5156</dst>
      <dst id="7">1647.1467</dst>
      <dst id="2">1206.9689</dst>
      <dst id="14">86.9156</dst>
      <dst id="11">100.7556</dst>
      <dst id="9">5550.1422</dst>
      <dst id="17">18310.0622</dst>
      <dst id="21">1564.4889</dst>
    </src>
    <src id="7">
      <dst id="12">12834.9156</dst>
      <dst id="13">816.3467</dst>
      <dst id="19">957.3156</dst>
      <dst id="23">173.7422</dst>
      <dst id="8">545.0667</dst>
      <dst id="18">1629.3244</dst>
      <dst id="4">35943.1200</dst>
      <dst id="1">28958.4178</dst>
      <dst id="5">2467.9289</dst>
      <dst id="3">14057.5467</dst>
      <dst id="10">257.2267</dst>
      <dst id="22">5178.8533</dst>
      <dst id="7">661.7244</dst>
      <dst id="2">12167.4222</dst>
      <dst id="16">779.4044</dst>
      <dst id="14">601.1289</dst>
      <dst id="20">8165.1289</dst>
      <dst id="11">100.4978</dst>
      <dst id="9">10880.1067</dst>
      <dst id="17">17529.3156</dst>
      <dst id="21">11993.1111</dst>
      <dst id="15">919.6622</dst>
    </src>
    <src id="2">
      <dst id="12">130274.9778</dst>
      <dst id="13">514779.1733</dst>
      <dst id="19">1099.4933</dst>
      <dst id="23">13.5467</dst>
      <dst id="8">581.3511</dst>
      <dst id="18">109780.8089</dst>
      <dst id="4">75456.1511</dst>
      <dst id="1">12645.8844</dst>
      <dst id="5">1595.1556</dst>
      <dst id="3">604.5867</dst>
      <dst id="10">12149.6533</dst>
      <dst id="22">1232.4178</dst>
      <dst id="7">4608.7556</dst>
      <dst id="2">1396.1689</dst>
      <dst id="16">1789.6000</dst>
      <dst id="14">348.7556</dst>
      <dst id="20">11078.4444</dst>
      <dst id="11">2767.6889</dst>
      <dst id="9">4322.7556</dst>
      <dst id="17">34923.5644</dst>
      <dst id="21">6279.9467</dst>
      <dst id="15">297.1289</dst>
    </src>
    <src id="6">
      <dst id="12">6039.6800</dst>
      <dst id="13">6.3111</dst>
      <dst id="19">219.6978</dst>
      <dst id="23">23.3600</dst>
      <dst id="8">1.3689</dst>
      <dst id="4">50.2311</dst>
      <dst id="1">273.1022</dst>
      <dst id="5">10.4889</dst>
      <dst id="10">29366.8533</dst>
      <dst id="22">335.6711</dst>
      <dst id="7">236.5867</dst>
      <dst id="2">3348.7733</dst>
      <dst id="16">0.2844</dst>
      <dst id="9">3.2000</dst>
      <dst id="17">12636.5867</dst>
      <dst id="21">142.5600</dst>
    </src>
    <src id="16">
      <dst id="12">2413.0489</dst>
      <dst id="13">630.9778</dst>
      <dst id="19">3411.4756</dst>
      <dst id="23">17.1378</dst>
      <dst id="8">4891.3600</dst>
      <dst id="18">136.6044</dst>
      <dst id="4">6211.5644</dst>
      <dst id="1">19840.8711</dst>
      <dst id="5">7879.2622</dst>
      <dst id="3">1052.3200</dst>
      <dst id="10">373.2356</dst>
      <dst id="7">461.9733</dst>
      <dst id="2">4017.5467</dst>
      <dst id="16">39.0844</dst>
      <dst id="14">0.3556</dst>
      <dst id="11">250.2044</dst>
      <dst id="9">7301.0844</dst>
      <dst id="17">5779.4311</dst>
      <dst id="21">895.9644</dst>
    </src>
    <src id="14">
      <dst id="12">3722.9956</dst>
      <dst id="13">32.0267</dst>
      <dst id="19">1.8844</dst>
      <dst id="8">2.1511</dst>
      <dst id="18">39.6622</dst>
      <dst id="4">2227.2267</dst>
      <dst id="1">1333.0222</dst>
      <dst id="5">14.9778</dst>
      <dst id="3">119.9200</dst>
      <dst id="10">611.5022</dst>
      <dst id="22">54.7556</dst>
      <dst id="7">42.5511</dst>
      <dst id="2">4315.8933</dst>
      <dst id="16">1.7422</dst>
      <dst id="20">65.2889</dst>
      <dst id="11">13.8044</dst>
      <dst id="9">27.5289</dst>
      <dst id="17">31246.5956</dst>
      <dst id="21">82.0889</dst>
      <dst id="15">1.7689</dst>
    </src>
    <src id="20">
      <dst id="12">18184.2667</dst>
      <dst id="13">2948.9600</dst>
      <dst id="19">266.8444</dst>
      <dst id="23">15.8222</dst>
      <dst id="8">994.3733</dst>
      <dst id="18">10709.5733</dst>
      <dst id="4">23512.5156</dst>
      <dst id="1">381.5556</dst>
      <dst id="5">1650.9067</dst>
      <dst id="3">798.3644</dst>
      <dst id="10">98.0000</dst>
      <dst id="7">451.0044</dst>
      <dst id="2">1758.3467</dst>
      <dst id="14">25.4489</dst>
      <dst id="11">85.8844</dst>
      <dst id="9">3017.8933</dst>
      <dst id="17">29104.3022</dst>
      <dst id="21">5614.4978</dst>
    </src>
    <src id="11">
      <dst id="12">76416.4178</dst>
      <dst id="13">3433.1556</dst>
      <dst id="19">39.6267</dst>
      <dst id="23">3.7422</dst>
      <dst id="8">566.1422</dst>
      <dst id="18">1440.7467</dst>
      <dst id="4">12789.4489</dst>
      <dst id="1">361.4667</dst>
      <dst id="5">3331.2622</dst>
      <dst id="3">19.4844</dst>
      <dst id="10">2797.9111</dst>
      <dst id="22">2508.2489</dst>
      <dst id="7">5890.3822</dst>
      <dst id="2">138434.7911</dst>
      <dst id="16">126.1689</dst>
      <dst id="14">227.5556</dst>
      <dst id="20">1789.6889</dst>
      <dst id="11">1770.7378</dst>
      <dst id="9">1832.6222</dst>
      <dst id="17">650186.0889</dst>
      <dst id="21">1224.1956</dst>
      <dst id="15">385.6889</dst>
    </src>
    <src id="9">
      <dst id="12">85056.3556</dst>
      <dst id="13">5647.0489</dst>
      <dst id="19">126.8089</dst>
      <dst id="23">306.1778</dst>
      <dst id="8">4812.4978</dst>
      <dst id="18">814.5600</dst>
      <dst id="4">7303.4933</dst>
      <dst id="1">20071.7867</dst>
      <dst id="5">5140.3733</dst>
      <dst id="3">49.9556</dst>
      <dst id="10">810.9867</dst>
      <dst id="22">2088.3644</dst>
      <dst id="7">931.3778</dst>
      <dst id="2">2103.7867</dst>
      <dst id="16">1517.5822</dst>
      <dst id="14">327.8578</dst>
      <dst id="20">6866.5600</dst>
      <dst id="11">189.5200</dst>
      <dst id="9">318957.8044</dst>
      <dst id="17">419552.5422</dst>
      <dst id="21">753.8489</dst>
      <dst id="15">857.5200</dst>
    </src>
    <src id="17">
      <dst id="12">186769.4133</dst>
      <dst id="13">7753.5111</dst>
      <dst id="19">19463.1289</dst>
      <dst id="23">1764.0800</dst>
      <dst id="8">164398.7467</dst>
      <dst id="18">2052.2044</dst>
      <dst id="4">87767.7511</dst>
      <dst id="1">9685.3156</dst>
      <dst id="5">246025.3156</dst>
      <dst id="3">3933.7067</dst>
      <dst id="10">6262.6933</dst>
      <dst id="22">12069.2978</dst>
      <dst id="7">17299.9467</dst>
      <dst id="2">21963.1733</dst>
      <dst id="16">11632.5156</dst>
      <dst id="14">26862.6578</dst>
      <dst id="20">1743.5111</dst>
      <dst id="11">19327.7156</dst>
      <dst id="9">222767.4578</dst>
      <dst id="17">45818.7556</dst>
      <dst id="21">20209.3778</dst>
      <dst id="15">930.1778</dst>
    </src>
    <src id="21">
      <dst id="12">15856.3644</dst>
      <dst id="13">915.2889</dst>
      <dst id="19">1133.7244</dst>
      <dst id="23">173.4044</dst>
      <dst id="8">369.8311</dst>
      <dst id="18">6338.6578</dst>
      <dst id="4">28828.6844</dst>
      <dst id="1">4810.5600</dst>
      <dst id="5">835.3600</dst>
      <dst id="3">7848.6311</dst>
      <dst id="10">2022.6311</dst>
      <dst id="22">1911.6178</dst>
      <dst id="7">7990.1778</dst>
      <dst id="2">8732.0178</dst>
      <dst id="16">1270.9956</dst>
      <dst id="14">180.8800</dst>
      <dst id="20">705.9111</dst>
      <dst id="11">164.0267</dst>
      <dst id="9">3090.0800</dst>
      <dst id="17">37389.4044</dst>
      <dst id="21">5104.5956</dst>
      <dst id="15">174.5067</dst>
    </src>
    <src id="15">
      <dst id="12">1122.6844</dst>
      <dst id="13">3286.5067</dst>
      <dst id="19">581.3156</dst>
      <dst id="23">0.8000</dst>
      <dst id="8">80.9956</dst>
      <dst id="18">40.6044</dst>
      <dst id="4">1797.7511</dst>
      <dst id="1">193.2267</dst>
      <dst id="5">916.8178</dst>
      <dst id="10">267.4311</dst>
      <dst id="7">29.2533</dst>
      <dst id="2">99.7689</dst>
      <dst id="14">13.4044</dst>
      <dst id="11">14.4711</dst>
      <dst id="9">1218.1422</dst>
      <dst id="17">3853.5200</dst>
      <dst id="21">253.8667</dst>
    </src>
  </IntraTM>
</TrafficMatrixFile>
