<?xml version="1.0" encoding="UTF-8" standalone="yes"?>
<TrafficMatrixFile xmlns:xsi="http://www.w3.org/2001/XMLSchema-instance" xsi:noNamespaceSchemaLocation="http://totem.run.montefiore.ulg.ac.be/Schema/TrafficMatrix-v1_2.xsd">
  <info>
    <title>Intradomain traffic matrix generated by geant-TM-all.pl</title>
    <date>2005-01-29T23:30:00</date>
    <duration>900</duration>
    <author>Steve Uhlig</author>
    <units>
        <unit type="bandwidth" value="kbps"/>
    </units>
  </info>
  <IntraTM ASID="20965">
    <src id="12">
      <dst id="12">397608.1778</dst>
      <dst id="13">30582.2044</dst>
      <dst id="19">5070.7289</dst>
      <dst id="23">1952.5244</dst>
      <dst id="8">11283.4667</dst>
      <dst id="18">286705.9644</dst>
      <dst id="4">71447.4667</dst>
      <dst id="1">20470.8089</dst>
      <dst id="5">4456.4444</dst>
      <dst id="3">3209.0489</dst>
      <dst id="10">7155.4489</dst>
      <dst id="22">23928.7200</dst>
      <dst id="7">21125.6089</dst>
      <dst id="2">80859.9733</dst>
      <dst id="16">12178.5067</dst>
      <dst id="14">2651.1022</dst>
      <dst id="20">8041.4933</dst>
      <dst id="11">153.4133</dst>
      <dst id="9">10181.9644</dst>
      <dst id="17">81459.6267</dst>
      <dst id="21">16040.5600</dst>
      <dst id="15">1667.6267</dst>
    </src>
    <src id="13">
      <dst id="12">90677.1467</dst>
      <dst id="19">21495.5644</dst>
      <dst id="23">4645.4489</dst>
      <dst id="8">9350.4267</dst>
      <dst id="18">13184.4444</dst>
      <dst id="1">15396.3378</dst>
      <dst id="5">8271.4489</dst>
      <dst id="3">6443.9911</dst>
      <dst id="22">21560.6844</dst>
      <dst id="7">37117.6089</dst>
      <dst id="2">115847.4400</dst>
      <dst id="16">15176.2844</dst>
      <dst id="14">4913.5644</dst>
      <dst id="20">28064.0267</dst>
      <dst id="11">868.9422</dst>
      <dst id="9">46418.7289</dst>
      <dst id="17">135527.3156</dst>
      <dst id="21">35436.1689</dst>
      <dst id="15">5806.8089</dst>
    </src>
    <src id="19">
      <dst id="12">21908.2133</dst>
      <dst id="13">2061.9911</dst>
      <dst id="23">41.7867</dst>
      <dst id="8">33.9822</dst>
      <dst id="18">1224.9689</dst>
      <dst id="4">22402.8889</dst>
      <dst id="1">7300.9956</dst>
      <dst id="5">62.7733</dst>
      <dst id="3">233.7689</dst>
      <dst id="10">5162.8800</dst>
      <dst id="22">1045.7778</dst>
      <dst id="7">14490.3200</dst>
      <dst id="2">2608.3022</dst>
      <dst id="16">13704.3289</dst>
      <dst id="14">6.8356</dst>
      <dst id="20">1681.6622</dst>
      <dst id="11">20.1156</dst>
      <dst id="9">396.1600</dst>
      <dst id="17">1956.8089</dst>
      <dst id="21">454.0178</dst>
      <dst id="15">1107.1911</dst>
    </src>
    <src id="23">
      <dst id="12">3834.3644</dst>
      <dst id="13">211.5467</dst>
      <dst id="19">106.0622</dst>
      <dst id="8">16.6311</dst>
      <dst id="18">39.9378</dst>
      <dst id="4">2334.7200</dst>
      <dst id="1">120.4444</dst>
      <dst id="5">27.1822</dst>
      <dst id="3">16.3200</dst>
      <dst id="10">454.3022</dst>
      <dst id="22">230.5067</dst>
      <dst id="7">582.7111</dst>
      <dst id="2">46.6133</dst>
      <dst id="16">883.5733</dst>
      <dst id="14">13.2356</dst>
      <dst id="20">467.4222</dst>
      <dst id="11">27.0933</dst>
      <dst id="9">1162.0533</dst>
      <dst id="17">5041.2978</dst>
      <dst id="21">563.5911</dst>
    </src>
    <src id="8">
      <dst id="12">51624.4889</dst>
      <dst id="13">862.7111</dst>
      <dst id="19">94.7200</dst>
      <dst id="18">143.2800</dst>
      <dst id="4">3866.2044</dst>
      <dst id="1">3390.4889</dst>
      <dst id="5">2660.9867</dst>
      <dst id="3">126.7911</dst>
      <dst id="10">681.2978</dst>
      <dst id="22">4941.9556</dst>
      <dst id="7">289.0578</dst>
      <dst id="2">6285.8578</dst>
      <dst id="16">658.9867</dst>
      <dst id="14">26.6133</dst>
      <dst id="20">2069.6444</dst>
      <dst id="11">29.6622</dst>
      <dst id="9">259136.6133</dst>
      <dst id="17">375855.0667</dst>
      <dst id="21">747.2533</dst>
      <dst id="15">312.3733</dst>
    </src>
    <src id="18">
      <dst id="12">206119.8756</dst>
      <dst id="13">1113.2800</dst>
      <dst id="19">433.1289</dst>
      <dst id="23">7.0578</dst>
      <dst id="8">367.9822</dst>
      <dst id="4">2701.1733</dst>
      <dst id="1">1116.1778</dst>
      <dst id="5">766.8889</dst>
      <dst id="3">649.4844</dst>
      <dst id="10">624.9422</dst>
      <dst id="22">428.2667</dst>
      <dst id="7">421.9733</dst>
      <dst id="2">60526.4444</dst>
      <dst id="16">47.6000</dst>
      <dst id="14">123.5289</dst>
      <dst id="20">205.9022</dst>
      <dst id="11">16.6400</dst>
      <dst id="9">1596.0889</dst>
      <dst id="17">19156.8089</dst>
      <dst id="21">1204.3200</dst>
      <dst id="15">7.3511</dst>
    </src>
    <src id="4">
      <dst id="12">17918.8711</dst>
      <dst id="19">11073.9644</dst>
      <dst id="23">2046.0178</dst>
      <dst id="8">4011.0756</dst>
      <dst id="18">3652.7111</dst>
      <dst id="4">1.1467</dst>
      <dst id="1">3352.2222</dst>
      <dst id="5">2243.4578</dst>
      <dst id="3">11246.8178</dst>
      <dst id="22">3703.6178</dst>
      <dst id="7">26749.2089</dst>
      <dst id="2">49417.8489</dst>
      <dst id="16">1907.8844</dst>
      <dst id="14">2105.2267</dst>
      <dst id="20">2883.9111</dst>
      <dst id="11">174.3022</dst>
      <dst id="9">6448.5956</dst>
      <dst id="17">92607.3244</dst>
      <dst id="21">9386.3556</dst>
      <dst id="15">756.3822</dst>
    </src>
    <src id="1">
      <dst id="12">30491.5200</dst>
      <dst id="13">10713.6000</dst>
      <dst id="19">4212.2756</dst>
      <dst id="23">948.5156</dst>
      <dst id="8">1983.6711</dst>
      <dst id="18">12767.8578</dst>
      <dst id="4">9000.7822</dst>
      <dst id="1">92.8889</dst>
      <dst id="5">581.8756</dst>
      <dst id="3">17090.3556</dst>
      <dst id="10">1950.3200</dst>
      <dst id="22">4840.1956</dst>
      <dst id="7">162038.0178</dst>
      <dst id="2">79311.1022</dst>
      <dst id="16">22899.6711</dst>
      <dst id="14">111.7689</dst>
      <dst id="20">1244.1867</dst>
      <dst id="11">140.2756</dst>
      <dst id="9">4032.7111</dst>
      <dst id="17">54940.0711</dst>
      <dst id="21">11462.1244</dst>
      <dst id="15">1718.4533</dst>
    </src>
    <src id="5">
      <dst id="12">61312.0800</dst>
      <dst id="13">3267.5467</dst>
      <dst id="19">310.7022</dst>
      <dst id="23">0.8978</dst>
      <dst id="8">12273.1822</dst>
      <dst id="18">1397.0311</dst>
      <dst id="4">6523.8044</dst>
      <dst id="1">3958.0889</dst>
      <dst id="3">1015.3067</dst>
      <dst id="10">351.5378</dst>
      <dst id="22">8794.0356</dst>
      <dst id="7">911.9289</dst>
      <dst id="2">4436.9600</dst>
      <dst id="16">2662.1956</dst>
      <dst id="14">7.6356</dst>
      <dst id="20">302.9600</dst>
      <dst id="11">442.0800</dst>
      <dst id="9">95403.2711</dst>
      <dst id="17">481705.3867</dst>
      <dst id="21">1228.4711</dst>
      <dst id="15">114.1511</dst>
    </src>
    <src id="3">
      <dst id="12">6163.6178</dst>
      <dst id="13">19837.7511</dst>
      <dst id="19">1352.7200</dst>
      <dst id="23">57.4933</dst>
      <dst id="8">59.3422</dst>
      <dst id="18">868.9956</dst>
      <dst id="4">45943.1822</dst>
      <dst id="1">15277.1378</dst>
      <dst id="5">2127.8311</dst>
      <dst id="3">193.9200</dst>
      <dst id="10">492.5244</dst>
      <dst id="22">1854.3644</dst>
      <dst id="7">3650.6756</dst>
      <dst id="2">4431.2089</dst>
      <dst id="16">8706.2489</dst>
      <dst id="14">364.0356</dst>
      <dst id="20">730.2667</dst>
      <dst id="11">793.0933</dst>
      <dst id="9">641.8222</dst>
      <dst id="17">46281.2889</dst>
      <dst id="21">7304.2311</dst>
      <dst id="15">1162.1956</dst>
    </src>
    <src id="10">
      <dst id="12">345031.0489</dst>
      <dst id="19">8411.3778</dst>
      <dst id="23">6033.3156</dst>
      <dst id="8">222377.6178</dst>
      <dst id="18">3393.4222</dst>
      <dst id="1">3273.8222</dst>
      <dst id="5">285703.9200</dst>
      <dst id="3">24917.6178</dst>
      <dst id="22">10922.8444</dst>
      <dst id="7">28724.6756</dst>
      <dst id="2">25282.3200</dst>
      <dst id="16">1916.4889</dst>
      <dst id="14">68955.6444</dst>
      <dst id="20">2279.5467</dst>
      <dst id="11">39373.0400</dst>
      <dst id="9">441978.3556</dst>
      <dst id="17">72303.7867</dst>
      <dst id="21">22192.4800</dst>
      <dst id="15">828.4533</dst>
    </src>
    <src id="22">
      <dst id="12">19601.0489</dst>
      <dst id="13">4508.9244</dst>
      <dst id="19">456.8089</dst>
      <dst id="23">943.7867</dst>
      <dst id="8">1960.2133</dst>
      <dst id="18">1102.2667</dst>
      <dst id="4">15561.3333</dst>
      <dst id="1">531.1644</dst>
      <dst id="5">5242.5689</dst>
      <dst id="3">416.3111</dst>
      <dst id="10">1169.2711</dst>
      <dst id="7">2411.9111</dst>
      <dst id="2">5657.7689</dst>
      <dst id="14">90.0533</dst>
      <dst id="11">312.5867</dst>
      <dst id="9">5627.5200</dst>
      <dst id="17">11208.5600</dst>
      <dst id="21">1029.2711</dst>
    </src>
    <src id="7">
      <dst id="12">9619.5022</dst>
      <dst id="13">1320.7022</dst>
      <dst id="19">3576.6222</dst>
      <dst id="23">911.2978</dst>
      <dst id="8">666.9244</dst>
      <dst id="18">1239.0489</dst>
      <dst id="4">22892.6933</dst>
      <dst id="1">23600.3911</dst>
      <dst id="5">1498.9333</dst>
      <dst id="3">29336.1244</dst>
      <dst id="10">448.3111</dst>
      <dst id="22">3156.7556</dst>
      <dst id="7">5.9733</dst>
      <dst id="2">19009.6089</dst>
      <dst id="16">1774.2489</dst>
      <dst id="14">148.8800</dst>
      <dst id="20">3763.3600</dst>
      <dst id="11">158.7289</dst>
      <dst id="9">9878.2133</dst>
      <dst id="17">15690.4978</dst>
      <dst id="21">8011.4400</dst>
      <dst id="15">1096.0800</dst>
    </src>
    <src id="2">
      <dst id="12">186102.0889</dst>
      <dst id="13">11915.4311</dst>
      <dst id="19">1817.2889</dst>
      <dst id="23">66.6667</dst>
      <dst id="8">743.2356</dst>
      <dst id="18">190266.4444</dst>
      <dst id="4">87047.3689</dst>
      <dst id="1">60380.7467</dst>
      <dst id="5">1384.5156</dst>
      <dst id="3">1404.9422</dst>
      <dst id="10">7062.5778</dst>
      <dst id="22">2342.5600</dst>
      <dst id="7">32199.5556</dst>
      <dst id="2">2293.4578</dst>
      <dst id="16">1640.2311</dst>
      <dst id="14">1435.5644</dst>
      <dst id="20">5525.5911</dst>
      <dst id="11">1589.1378</dst>
      <dst id="9">3469.4133</dst>
      <dst id="17">30000.5600</dst>
      <dst id="21">4776.0267</dst>
      <dst id="15">680.1778</dst>
    </src>
    <src id="6">
      <dst id="12">6239.3956</dst>
      <dst id="13">86.9422</dst>
      <dst id="19">54.2844</dst>
      <dst id="23">12.6044</dst>
      <dst id="18">41.5644</dst>
      <dst id="4">64.1600</dst>
      <dst id="1">212.0533</dst>
      <dst id="5">1.7778</dst>
      <dst id="3">45.8667</dst>
      <dst id="10">36.4444</dst>
      <dst id="22">11.5733</dst>
      <dst id="7">316.9156</dst>
      <dst id="2">3818.6756</dst>
      <dst id="16">99.2978</dst>
      <dst id="14">3.7244</dst>
      <dst id="20">54.1156</dst>
      <dst id="11">2.8711</dst>
      <dst id="9">141.1289</dst>
      <dst id="17">17801.9644</dst>
      <dst id="21">320.6489</dst>
      <dst id="15">12.9778</dst>
    </src>
    <src id="16">
      <dst id="12">5440.8533</dst>
      <dst id="13">929.2622</dst>
      <dst id="19">4800.7822</dst>
      <dst id="23">51.4400</dst>
      <dst id="8">6947.3511</dst>
      <dst id="18">258.1778</dst>
      <dst id="4">4998.5333</dst>
      <dst id="1">25734.0889</dst>
      <dst id="5">7497.9911</dst>
      <dst id="3">688.9333</dst>
      <dst id="10">644.7022</dst>
      <dst id="7">764.8889</dst>
      <dst id="2">3685.5200</dst>
      <dst id="16">70.5244</dst>
      <dst id="14">711.1289</dst>
      <dst id="11">1.0489</dst>
      <dst id="9">13845.3867</dst>
      <dst id="17">22272.7111</dst>
      <dst id="21">893.3956</dst>
    </src>
    <src id="14">
      <dst id="12">3312.3378</dst>
      <dst id="13">197.5111</dst>
      <dst id="19">148.8444</dst>
      <dst id="8">14.3644</dst>
      <dst id="18">97.3511</dst>
      <dst id="4">2866.5600</dst>
      <dst id="1">1043.1556</dst>
      <dst id="5">45.4222</dst>
      <dst id="3">244.0178</dst>
      <dst id="10">43.3156</dst>
      <dst id="22">34.6933</dst>
      <dst id="7">434.0800</dst>
      <dst id="2">6169.1556</dst>
      <dst id="16">14.9689</dst>
      <dst id="11">15.4933</dst>
      <dst id="9">726.3733</dst>
      <dst id="17">37170.5333</dst>
      <dst id="21">486.0178</dst>
      <dst id="15">134.9956</dst>
    </src>
    <src id="20">
      <dst id="12">9376.7644</dst>
      <dst id="13">1223.1022</dst>
      <dst id="19">313.9022</dst>
      <dst id="23">5.9378</dst>
      <dst id="8">3367.8133</dst>
      <dst id="18">1182.0000</dst>
      <dst id="4">6326.5689</dst>
      <dst id="1">862.5244</dst>
      <dst id="5">4300.5689</dst>
      <dst id="3">117.8400</dst>
      <dst id="10">463.0756</dst>
      <dst id="7">6875.8667</dst>
      <dst id="2">9821.2000</dst>
      <dst id="14">2.0622</dst>
      <dst id="11">0.3556</dst>
      <dst id="9">1852.3556</dst>
      <dst id="17">10536.3378</dst>
      <dst id="21">1476.7822</dst>
    </src>
    <src id="11">
      <dst id="12">59680.6044</dst>
      <dst id="13">4070.1422</dst>
      <dst id="19">1019.2800</dst>
      <dst id="23">83.1822</dst>
      <dst id="8">741.7511</dst>
      <dst id="18">1023.1200</dst>
      <dst id="4">8365.5111</dst>
      <dst id="1">517.0044</dst>
      <dst id="5">2040.1689</dst>
      <dst id="3">429.5911</dst>
      <dst id="10">1225.1644</dst>
      <dst id="22">4028.3111</dst>
      <dst id="7">695.2711</dst>
      <dst id="2">147159.5644</dst>
      <dst id="16">356.1778</dst>
      <dst id="14">133.5556</dst>
      <dst id="20">252.8533</dst>
      <dst id="11">7151.0489</dst>
      <dst id="9">8413.5733</dst>
      <dst id="17">820125.9111</dst>
      <dst id="21">666.0978</dst>
      <dst id="15">516.9867</dst>
    </src>
    <src id="9">
      <dst id="12">57579.9644</dst>
      <dst id="13">5146.0711</dst>
      <dst id="19">448.2756</dst>
      <dst id="23">53.5022</dst>
      <dst id="8">242330.8711</dst>
      <dst id="18">369.7333</dst>
      <dst id="4">7304.8533</dst>
      <dst id="1">7525.6533</dst>
      <dst id="5">1538.9244</dst>
      <dst id="3">250.7644</dst>
      <dst id="10">1061.2711</dst>
      <dst id="22">6127.7956</dst>
      <dst id="7">1251.9022</dst>
      <dst id="2">24413.9733</dst>
      <dst id="16">5033.6267</dst>
      <dst id="14">18.1689</dst>
      <dst id="20">6047.0044</dst>
      <dst id="11">535.6444</dst>
      <dst id="9">653690.8711</dst>
      <dst id="17">574871.4044</dst>
      <dst id="21">682.7556</dst>
      <dst id="15">2650.0444</dst>
    </src>
    <src id="17">
      <dst id="12">233676.6756</dst>
      <dst id="13">26273.8489</dst>
      <dst id="19">4615.5911</dst>
      <dst id="23">577.2089</dst>
      <dst id="8">1144.3911</dst>
      <dst id="18">1174.1511</dst>
      <dst id="4">52732.5511</dst>
      <dst id="1">10767.4133</dst>
      <dst id="5">257105.4844</dst>
      <dst id="3">9525.3333</dst>
      <dst id="10">5907.8578</dst>
      <dst id="22">18051.7156</dst>
      <dst id="7">27947.9556</dst>
      <dst id="2">38966.8800</dst>
      <dst id="16">12144.2222</dst>
      <dst id="14">44138.2400</dst>
      <dst id="20">1494.7022</dst>
      <dst id="11">49359.2178</dst>
      <dst id="9">3247.5911</dst>
      <dst id="17">32635.9200</dst>
      <dst id="21">22348.2311</dst>
      <dst id="15">316.7289</dst>
    </src>
    <src id="21">
      <dst id="12">9871.2267</dst>
      <dst id="13">9551.0756</dst>
      <dst id="19">575.6622</dst>
      <dst id="23">1352.3733</dst>
      <dst id="8">899.9289</dst>
      <dst id="18">2447.8667</dst>
      <dst id="4">26123.3244</dst>
      <dst id="1">5266.2133</dst>
      <dst id="5">1000.5511</dst>
      <dst id="3">1140.8267</dst>
      <dst id="10">3168.5867</dst>
      <dst id="22">4324.0711</dst>
      <dst id="7">4817.1556</dst>
      <dst id="2">20751.8044</dst>
      <dst id="16">991.1822</dst>
      <dst id="14">272.5867</dst>
      <dst id="20">2982.1422</dst>
      <dst id="11">177.5467</dst>
      <dst id="9">1707.5289</dst>
      <dst id="17">35273.3156</dst>
      <dst id="21">4921.7333</dst>
      <dst id="15">282.8089</dst>
    </src>
    <src id="15">
      <dst id="12">1286.7289</dst>
      <dst id="13">2425.6178</dst>
      <dst id="19">41.9644</dst>
      <dst id="23">1.3867</dst>
      <dst id="8">118.9244</dst>
      <dst id="18">167.3600</dst>
      <dst id="4">1096.3556</dst>
      <dst id="1">620.3644</dst>
      <dst id="5">210.3289</dst>
      <dst id="3">11105.4222</dst>
      <dst id="10">22.0711</dst>
      <dst id="7">54.3644</dst>
      <dst id="2">1348.5956</dst>
      <dst id="14">90.1867</dst>
      <dst id="11">13.3333</dst>
      <dst id="9">2049.6000</dst>
      <dst id="17">3508.3111</dst>
      <dst id="21">746.0889</dst>
    </src>
  </IntraTM>
</TrafficMatrixFile>
