<?xml version="1.0" encoding="UTF-8" standalone="yes"?>
<TrafficMatrixFile xmlns:xsi="http://www.w3.org/2001/XMLSchema-instance" xsi:noNamespaceSchemaLocation="http://totem.run.montefiore.ulg.ac.be/Schema/TrafficMatrix-v1_2.xsd">
  <info>
    <title>Intradomain traffic matrix generated by geant-TM-all.pl</title>
    <date>2005-03-27T12:15:00</date>
    <duration>900</duration>
    <author>Steve Uhlig</author>
    <units>
        <unit type="bandwidth" value="kbps"/>
    </units>
  </info>
  <IntraTM ASID="20965">
    <src id="12">
      <dst id="12">282229.8578</dst>
      <dst id="13">17164.0533</dst>
      <dst id="19">5627.5911</dst>
      <dst id="23">1891.6800</dst>
      <dst id="8">138.5511</dst>
      <dst id="18">61940.4267</dst>
      <dst id="4">5712.3111</dst>
      <dst id="1">28273.2089</dst>
      <dst id="5">640.2667</dst>
      <dst id="3">642.8889</dst>
      <dst id="10">1991.9644</dst>
      <dst id="22">4111.5111</dst>
      <dst id="7">5567.1733</dst>
      <dst id="2">22796.3556</dst>
      <dst id="6">9790.9511</dst>
      <dst id="16">5016.8533</dst>
      <dst id="14">319.6622</dst>
      <dst id="20">4102.4178</dst>
      <dst id="11">15.4133</dst>
      <dst id="9">1756.7378</dst>
      <dst id="17">31613.0756</dst>
      <dst id="21">525.9022</dst>
      <dst id="15">61.6889</dst>
    </src>
    <src id="13">
      <dst id="12">2696.3911</dst>
      <dst id="13">128.1778</dst>
      <dst id="19">1449.0222</dst>
      <dst id="23">18.4533</dst>
      <dst id="8">651.5911</dst>
      <dst id="18">943.6356</dst>
      <dst id="4">0.7111</dst>
      <dst id="1">504.4978</dst>
      <dst id="5">701.3422</dst>
      <dst id="3">132.1156</dst>
      <dst id="10">20.2844</dst>
      <dst id="22">1725.7067</dst>
      <dst id="7">558.9778</dst>
      <dst id="2">6926.9511</dst>
      <dst id="6">2.5511</dst>
      <dst id="16">2839.7867</dst>
      <dst id="14">54.8711</dst>
      <dst id="20">1812.4978</dst>
      <dst id="11">884.0533</dst>
      <dst id="9">868.9333</dst>
      <dst id="17">11110.8089</dst>
      <dst id="21">215.1556</dst>
      <dst id="15">106.3467</dst>
    </src>
    <src id="19">
      <dst id="12">25268.2222</dst>
      <dst id="13">1498.0711</dst>
      <dst id="23">2.2044</dst>
      <dst id="8">0.3911</dst>
      <dst id="18">0.4978</dst>
      <dst id="4">335.5556</dst>
      <dst id="1">166.9778</dst>
      <dst id="5">53.6889</dst>
      <dst id="3">0.4622</dst>
      <dst id="10">123.2800</dst>
      <dst id="22">5.2800</dst>
      <dst id="7">2866.9867</dst>
      <dst id="2">151.0133</dst>
      <dst id="6">0.3289</dst>
      <dst id="16">843.9911</dst>
      <dst id="14">16.4356</dst>
      <dst id="20">2.0178</dst>
      <dst id="11">14.2222</dst>
      <dst id="9">14.6133</dst>
      <dst id="17">525.8756</dst>
      <dst id="21">283.5733</dst>
      <dst id="15">1.2800</dst>
    </src>
    <src id="23">
      <dst id="12">770.1244</dst>
      <dst id="13">314.8889</dst>
      <dst id="19">13.7600</dst>
      <dst id="8">0.4622</dst>
      <dst id="18">5456.1867</dst>
      <dst id="4">80.9956</dst>
      <dst id="1">168.5778</dst>
      <dst id="5">2815.5022</dst>
      <dst id="10">30.2933</dst>
      <dst id="22">1932.4889</dst>
      <dst id="7">2958.1244</dst>
      <dst id="2">1.1911</dst>
      <dst id="16">13.3333</dst>
      <dst id="14">25.2444</dst>
      <dst id="20">23.4400</dst>
      <dst id="11">119.2889</dst>
      <dst id="9">0.4622</dst>
      <dst id="17">11514.7556</dst>
      <dst id="21">56.2400</dst>
    </src>
    <src id="8">
      <dst id="12">5561.2889</dst>
      <dst id="13">326.4889</dst>
      <dst id="19">27.1378</dst>
      <dst id="23">0.7733</dst>
      <dst id="18">1.4844</dst>
      <dst id="4">130.4978</dst>
      <dst id="1">2162.6222</dst>
      <dst id="5">193.3778</dst>
      <dst id="10">95.2622</dst>
      <dst id="22">1.0222</dst>
      <dst id="7">13.8578</dst>
      <dst id="2">63.9289</dst>
      <dst id="16">217840.4800</dst>
      <dst id="9">44113.2000</dst>
      <dst id="17">27298.8533</dst>
      <dst id="21">3.2178</dst>
      <dst id="15">4.8089</dst>
    </src>
    <src id="18">
      <dst id="12">119514.0533</dst>
      <dst id="13">334.2933</dst>
      <dst id="19">0.4711</dst>
      <dst id="23">81.5289</dst>
      <dst id="4">643.3511</dst>
      <dst id="1">1083.1022</dst>
      <dst id="5">155.2178</dst>
      <dst id="3">2045.5644</dst>
      <dst id="10">14.9956</dst>
      <dst id="22">210.7289</dst>
      <dst id="7">99.1467</dst>
      <dst id="2">7442.9511</dst>
      <dst id="16">770.2311</dst>
      <dst id="14">0.6489</dst>
      <dst id="20">21.8489</dst>
      <dst id="9">441.8222</dst>
      <dst id="17">5355.2622</dst>
      <dst id="21">261.1111</dst>
      <dst id="15">2.6844</dst>
    </src>
    <src id="4">
      <dst id="12">21689.4044</dst>
      <dst id="13">14.2933</dst>
      <dst id="19">5417.5111</dst>
      <dst id="23">124.6667</dst>
      <dst id="8">545.7867</dst>
      <dst id="18">2086.5422</dst>
      <dst id="4">493.1556</dst>
      <dst id="1">154981.9022</dst>
      <dst id="5">3106.9244</dst>
      <dst id="3">274.1422</dst>
      <dst id="22">2577.3956</dst>
      <dst id="7">445.4489</dst>
      <dst id="2">176051.2444</dst>
      <dst id="6">59.0400</dst>
      <dst id="16">98747.0756</dst>
      <dst id="14">2796.8711</dst>
      <dst id="11">275.4133</dst>
      <dst id="9">18476.7733</dst>
      <dst id="17">52112.2933</dst>
      <dst id="21">7120.4178</dst>
      <dst id="15">371.0756</dst>
    </src>
    <src id="1">
      <dst id="12">451116.3822</dst>
      <dst id="13">1444.3200</dst>
      <dst id="19">84.8178</dst>
      <dst id="23">43.3867</dst>
      <dst id="8">0.9244</dst>
      <dst id="18">12638.6400</dst>
      <dst id="4">1098.3911</dst>
      <dst id="1">129226.8089</dst>
      <dst id="5">233.7778</dst>
      <dst id="3">17.0756</dst>
      <dst id="10">276.2222</dst>
      <dst id="7">3011.1911</dst>
      <dst id="2">12031.6356</dst>
      <dst id="6">29.1733</dst>
      <dst id="16">909036.2844</dst>
      <dst id="14">92.1689</dst>
      <dst id="20">137.1200</dst>
      <dst id="11">42.2133</dst>
      <dst id="9">7315.7156</dst>
      <dst id="17">3753.9378</dst>
      <dst id="21">17492.0000</dst>
      <dst id="15">124.0267</dst>
    </src>
    <src id="5">
      <dst id="12">4428.5156</dst>
      <dst id="13">510.2311</dst>
      <dst id="19">6.9067</dst>
      <dst id="23">70.6489</dst>
      <dst id="8">97.8489</dst>
      <dst id="18">118.8622</dst>
      <dst id="4">229.7333</dst>
      <dst id="1">2916.5422</dst>
      <dst id="10">56.5600</dst>
      <dst id="22">24.3911</dst>
      <dst id="7">30.6844</dst>
      <dst id="2">178.9867</dst>
      <dst id="6">1.6978</dst>
      <dst id="16">292829.6000</dst>
      <dst id="14">0.8622</dst>
      <dst id="9">34924.4800</dst>
      <dst id="17">30729.3600</dst>
      <dst id="21">245.8756</dst>
      <dst id="15">38.8622</dst>
    </src>
    <src id="3">
      <dst id="12">4049.9111</dst>
      <dst id="13">36254.5156</dst>
      <dst id="19">1197.6622</dst>
      <dst id="23">14.0622</dst>
      <dst id="8">57.2000</dst>
      <dst id="18">40.2311</dst>
      <dst id="4">910.3378</dst>
      <dst id="1">25104.0889</dst>
      <dst id="5">159.6800</dst>
      <dst id="3">129.7244</dst>
      <dst id="10">893.8222</dst>
      <dst id="7">702.1511</dst>
      <dst id="2">2899.1111</dst>
      <dst id="6">2.7911</dst>
      <dst id="16">12633.7156</dst>
      <dst id="14">92.2133</dst>
      <dst id="20">551.1556</dst>
      <dst id="11">1419.0222</dst>
      <dst id="9">368.0622</dst>
      <dst id="17">33437.2622</dst>
      <dst id="21">15589.6356</dst>
      <dst id="15">5.7511</dst>
    </src>
    <src id="10">
      <dst id="12">3317.9911</dst>
      <dst id="13">1.4933</dst>
      <dst id="19">590.7467</dst>
      <dst id="23">2522.7200</dst>
      <dst id="8">110.4800</dst>
      <dst id="18">467.9822</dst>
      <dst id="1">1572.9422</dst>
      <dst id="5">462.0178</dst>
      <dst id="3">26.5778</dst>
      <dst id="22">8.7822</dst>
      <dst id="7">23.1467</dst>
      <dst id="2">9902.3556</dst>
      <dst id="6">37.8667</dst>
      <dst id="16">22873.7422</dst>
      <dst id="14">3898.7378</dst>
      <dst id="20">4674.1156</dst>
      <dst id="11">3.6444</dst>
      <dst id="9">3918.5867</dst>
      <dst id="17">19168.1333</dst>
      <dst id="21">8750.0444</dst>
      <dst id="15">18.3111</dst>
    </src>
    <src id="22">
      <dst id="12">8467.3600</dst>
      <dst id="13">4989.1289</dst>
      <dst id="19">6.5511</dst>
      <dst id="23">54.9333</dst>
      <dst id="8">208.4533</dst>
      <dst id="18">257.2978</dst>
      <dst id="4">2506.2311</dst>
      <dst id="1">183.7956</dst>
      <dst id="5">1232.8178</dst>
      <dst id="3">0.3556</dst>
      <dst id="10">1027.1556</dst>
      <dst id="7">376.3644</dst>
      <dst id="2">603.0044</dst>
      <dst id="6">26.9867</dst>
      <dst id="16">87.4133</dst>
      <dst id="14">86.9689</dst>
      <dst id="11">1.4844</dst>
      <dst id="9">946.3467</dst>
      <dst id="17">3295.1556</dst>
      <dst id="21">468.5067</dst>
    </src>
    <src id="7">
      <dst id="12">6470.7200</dst>
      <dst id="13">16178.4889</dst>
      <dst id="19">520.7911</dst>
      <dst id="23">89.4311</dst>
      <dst id="8">337.2978</dst>
      <dst id="18">148.2133</dst>
      <dst id="4">2334.7467</dst>
      <dst id="1">3586.3822</dst>
      <dst id="5">1226.9956</dst>
      <dst id="3">198.2844</dst>
      <dst id="10">326.3556</dst>
      <dst id="22">7269.0044</dst>
      <dst id="7">19.6267</dst>
      <dst id="2">3856.4889</dst>
      <dst id="6">145.3867</dst>
      <dst id="16">768.6578</dst>
      <dst id="14">480.6222</dst>
      <dst id="20">886.5867</dst>
      <dst id="11">2960.6844</dst>
      <dst id="9">795.7511</dst>
      <dst id="17">4585.9644</dst>
      <dst id="21">915.6356</dst>
      <dst id="15">227.9200</dst>
    </src>
    <src id="2">
      <dst id="12">92570.9511</dst>
      <dst id="13">21447.6622</dst>
      <dst id="19">804.1244</dst>
      <dst id="8">30.6311</dst>
      <dst id="18">31005.0311</dst>
      <dst id="4">8787.8933</dst>
      <dst id="1">17717.0222</dst>
      <dst id="5">949.9556</dst>
      <dst id="3">27.8667</dst>
      <dst id="10">10095.3689</dst>
      <dst id="22">1959.3867</dst>
      <dst id="7">4512.4978</dst>
      <dst id="2">3275.8489</dst>
      <dst id="6">9227.7422</dst>
      <dst id="16">268.2044</dst>
      <dst id="14">137.6711</dst>
      <dst id="20">196.2133</dst>
      <dst id="11">3454.0444</dst>
      <dst id="9">338.6578</dst>
      <dst id="17">24208.5333</dst>
      <dst id="21">3311.3689</dst>
      <dst id="15">247.2622</dst>
    </src>
    <src id="6">
      <dst id="12">44.6844</dst>
      <dst id="13">1.4133</dst>
      <dst id="19">0.9067</dst>
      <dst id="23">0.3378</dst>
      <dst id="4">6.4800</dst>
      <dst id="1">185.1111</dst>
      <dst id="3">14.0267</dst>
      <dst id="10">0.4267</dst>
      <dst id="22">3.3067</dst>
      <dst id="7">8.4800</dst>
      <dst id="2">474.9956</dst>
      <dst id="16">27.6267</dst>
      <dst id="20">1.0667</dst>
      <dst id="11">0.3556</dst>
      <dst id="9">1.2800</dst>
      <dst id="17">12223.8489</dst>
      <dst id="21">27.8667</dst>
      <dst id="15">1.5644</dst>
    </src>
    <src id="16">
      <dst id="12">103913.9467</dst>
      <dst id="13">896.9067</dst>
      <dst id="19">3177.6178</dst>
      <dst id="23">25.1822</dst>
      <dst id="8">39885.1556</dst>
      <dst id="18">398.6844</dst>
      <dst id="4">235.1733</dst>
      <dst id="1">12464.1689</dst>
      <dst id="5">163962.3911</dst>
      <dst id="3">6180.8711</dst>
      <dst id="10">992.0444</dst>
      <dst id="7">26.1244</dst>
      <dst id="2">375.3689</dst>
      <dst id="6">0.4622</dst>
      <dst id="16">12339.2444</dst>
      <dst id="14">22294.6756</dst>
      <dst id="11">15424.5422</dst>
      <dst id="9">122348.1156</dst>
      <dst id="17">821.6622</dst>
    </src>
    <src id="14">
      <dst id="12">315.1289</dst>
      <dst id="13">367.1378</dst>
      <dst id="19">2.8800</dst>
      <dst id="23">3.2178</dst>
      <dst id="18">0.4622</dst>
      <dst id="4">546.1511</dst>
      <dst id="1">368.6133</dst>
      <dst id="3">501.6000</dst>
      <dst id="10">57.3422</dst>
      <dst id="7">86.8711</dst>
      <dst id="2">509.5200</dst>
      <dst id="6">0.6400</dst>
      <dst id="16">1690.2578</dst>
      <dst id="11">43.0400</dst>
      <dst id="9">336.6489</dst>
      <dst id="17">19516.3289</dst>
      <dst id="21">44.1867</dst>
    </src>
    <src id="20">
      <dst id="12">3702.2578</dst>
      <dst id="13">407.7244</dst>
      <dst id="19">0.8533</dst>
      <dst id="8">28.9067</dst>
      <dst id="18">3.7600</dst>
      <dst id="4">580.8178</dst>
      <dst id="1">60.0444</dst>
      <dst id="5">200.0089</dst>
      <dst id="3">6.1778</dst>
      <dst id="10">93.2267</dst>
      <dst id="22">347.2000</dst>
      <dst id="7">78.9600</dst>
      <dst id="2">153.9022</dst>
      <dst id="16">4584.3289</dst>
      <dst id="11">4.3022</dst>
      <dst id="9">1611.4222</dst>
      <dst id="17">3461.0133</dst>
      <dst id="21">82.0800</dst>
    </src>
    <src id="11">
      <dst id="12">17429.5733</dst>
      <dst id="13">2480.1511</dst>
      <dst id="19">817.8044</dst>
      <dst id="23">8.1067</dst>
      <dst id="8">79.0844</dst>
      <dst id="18">371.6711</dst>
      <dst id="4">1026.0622</dst>
      <dst id="1">6782.8533</dst>
      <dst id="5">775.1022</dst>
      <dst id="3">1000.7733</dst>
      <dst id="10">847.6622</dst>
      <dst id="22">652.8178</dst>
      <dst id="7">704.8800</dst>
      <dst id="2">54878.9689</dst>
      <dst id="6">0.7644</dst>
      <dst id="16">11141.6000</dst>
      <dst id="14">84.6578</dst>
      <dst id="20">101.2267</dst>
      <dst id="11">1979.2356</dst>
      <dst id="9">5840.4267</dst>
      <dst id="17">591361.4844</dst>
      <dst id="21">426.5600</dst>
      <dst id="15">241.6978</dst>
    </src>
    <src id="9">
      <dst id="12">15824.5244</dst>
      <dst id="13">2593.3600</dst>
      <dst id="19">85.6000</dst>
      <dst id="23">0.3378</dst>
      <dst id="8">50819.3867</dst>
      <dst id="18">130.3556</dst>
      <dst id="4">992.6311</dst>
      <dst id="1">5924.1156</dst>
      <dst id="5">584.2578</dst>
      <dst id="10">1235.9289</dst>
      <dst id="22">7.4667</dst>
      <dst id="7">1015.4933</dst>
      <dst id="2">230.7822</dst>
      <dst id="6">12.5511</dst>
      <dst id="16">498104.6133</dst>
      <dst id="14">19.0667</dst>
      <dst id="11">59.9467</dst>
      <dst id="9">186791.3156</dst>
      <dst id="17">61655.4756</dst>
      <dst id="21">214.3822</dst>
      <dst id="15">50.5244</dst>
    </src>
    <src id="17">
      <dst id="12">73568.3467</dst>
      <dst id="13">61729.1200</dst>
      <dst id="19">219.4133</dst>
      <dst id="23">197.5822</dst>
      <dst id="8">109.9378</dst>
      <dst id="18">140.2756</dst>
      <dst id="4">10069.4756</dst>
      <dst id="1">9897.6089</dst>
      <dst id="5">87331.0133</dst>
      <dst id="3">3295.3244</dst>
      <dst id="10">4859.2800</dst>
      <dst id="22">8.5156</dst>
      <dst id="7">29816.4533</dst>
      <dst id="2">44117.3333</dst>
      <dst id="6">47.2178</dst>
      <dst id="16">46056.2044</dst>
      <dst id="14">9072.2844</dst>
      <dst id="20">19581.2889</dst>
      <dst id="11">12931.8933</dst>
      <dst id="9">24126.4000</dst>
      <dst id="17">21672.6222</dst>
      <dst id="21">3456.3733</dst>
      <dst id="15">28.1956</dst>
    </src>
    <src id="21">
      <dst id="12">1348.4444</dst>
      <dst id="13">3135.9111</dst>
      <dst id="19">52.0533</dst>
      <dst id="23">6.8267</dst>
      <dst id="8">131.4311</dst>
      <dst id="18">3747.9111</dst>
      <dst id="4">250.0267</dst>
      <dst id="1">8787.3156</dst>
      <dst id="5">445.6533</dst>
      <dst id="3">6301.9733</dst>
      <dst id="10">573.1378</dst>
      <dst id="22">2.6222</dst>
      <dst id="7">1212.8267</dst>
      <dst id="2">3254.3289</dst>
      <dst id="6">48.2933</dst>
      <dst id="16">4887.7600</dst>
      <dst id="14">171.4489</dst>
      <dst id="20">424.1333</dst>
      <dst id="11">942.9778</dst>
      <dst id="9">1113.1200</dst>
      <dst id="17">343458.5867</dst>
      <dst id="21">915.5911</dst>
      <dst id="15">85.7689</dst>
    </src>
    <src id="15">
      <dst id="12">299.1556</dst>
      <dst id="13">429.3422</dst>
      <dst id="19">48.1778</dst>
      <dst id="23">0.4267</dst>
      <dst id="8">1.0667</dst>
      <dst id="18">160.0000</dst>
      <dst id="4">127.3778</dst>
      <dst id="1">240.6578</dst>
      <dst id="5">19.2267</dst>
      <dst id="10">49.2622</dst>
      <dst id="7">7.9111</dst>
      <dst id="2">4266.1689</dst>
      <dst id="6">0.4622</dst>
      <dst id="16">459.6711</dst>
      <dst id="14">14.2578</dst>
      <dst id="11">1.0489</dst>
      <dst id="9">398.7556</dst>
      <dst id="17">249.9200</dst>
      <dst id="21">92.1156</dst>
    </src>
  </IntraTM>
</TrafficMatrixFile>
