<?xml version="1.0" encoding="UTF-8" standalone="yes"?>
<TrafficMatrixFile xmlns:xsi="http://www.w3.org/2001/XMLSchema-instance" xsi:noNamespaceSchemaLocation="http://totem.run.montefiore.ulg.ac.be/Schema/TrafficMatrix-v1_2.xsd">
  <info>
    <title>Intradomain traffic matrix generated by geant-TM-all.pl</title>
    <date>2005-03-20T04:00:00</date>
    <duration>900</duration>
    <author>Steve Uhlig</author>
    <units>
        <unit type="bandwidth" value="kbps"/>
    </units>
  </info>
  <IntraTM ASID="20965">
    <src id="12">
      <dst id="12">346993.6978</dst>
      <dst id="13">44996.6756</dst>
      <dst id="19">592.8356</dst>
      <dst id="23">7470.0533</dst>
      <dst id="8">7984.7467</dst>
      <dst id="18">152446.2222</dst>
      <dst id="4">7681.2533</dst>
      <dst id="1">21815.4133</dst>
      <dst id="5">2120.5333</dst>
      <dst id="3">184.3822</dst>
      <dst id="10">15614.1422</dst>
      <dst id="22">14126.4711</dst>
      <dst id="7">10343.8133</dst>
      <dst id="2">24484.7911</dst>
      <dst id="6">30040.0711</dst>
      <dst id="16">7750.7200</dst>
      <dst id="14">236.4622</dst>
      <dst id="20">10026.1689</dst>
      <dst id="11">391.5378</dst>
      <dst id="9">6043.6978</dst>
      <dst id="17">41546.8800</dst>
      <dst id="21">12579.0933</dst>
      <dst id="15">582.3022</dst>
    </src>
    <src id="13">
      <dst id="12">17819.4667</dst>
      <dst id="13">191.7778</dst>
      <dst id="19">4739.2889</dst>
      <dst id="23">58.1956</dst>
      <dst id="8">1066.2667</dst>
      <dst id="18">504.5956</dst>
      <dst id="4">2.6667</dst>
      <dst id="1">511.1556</dst>
      <dst id="5">24516.1067</dst>
      <dst id="3">73.5911</dst>
      <dst id="10">4.1956</dst>
      <dst id="22">6372.0000</dst>
      <dst id="7">3337.2800</dst>
      <dst id="2">2608.6044</dst>
      <dst id="6">4.7467</dst>
      <dst id="16">754.7733</dst>
      <dst id="14">1787.6533</dst>
      <dst id="20">5688.1600</dst>
      <dst id="11">34.8000</dst>
      <dst id="9">2638.7289</dst>
      <dst id="17">24616.4889</dst>
      <dst id="21">708.5156</dst>
      <dst id="15">397.3244</dst>
    </src>
    <src id="19">
      <dst id="12">6990.6667</dst>
      <dst id="13">710.6756</dst>
      <dst id="23">13.7956</dst>
      <dst id="8">0.3556</dst>
      <dst id="4">130.8444</dst>
      <dst id="1">372.5422</dst>
      <dst id="5">33.4133</dst>
      <dst id="3">1.6356</dst>
      <dst id="10">140.7378</dst>
      <dst id="22">114.3378</dst>
      <dst id="7">3586.2756</dst>
      <dst id="2">2438.0711</dst>
      <dst id="6">63.5911</dst>
      <dst id="16">1220.4889</dst>
      <dst id="14">20.5867</dst>
      <dst id="20">134.4622</dst>
      <dst id="11">13.1556</dst>
      <dst id="9">49.1644</dst>
      <dst id="17">1880.3644</dst>
      <dst id="21">138.9511</dst>
    </src>
    <src id="23">
      <dst id="12">9730.6756</dst>
      <dst id="13">774.6222</dst>
      <dst id="19">2.5156</dst>
      <dst id="18">579.5556</dst>
      <dst id="4">568.1422</dst>
      <dst id="1">28.6222</dst>
      <dst id="5">1.4133</dst>
      <dst id="3">13.4133</dst>
      <dst id="10">215.1556</dst>
      <dst id="22">385.8844</dst>
      <dst id="7">75.5822</dst>
      <dst id="2">535.4222</dst>
      <dst id="16">17.1822</dst>
      <dst id="14">1545.9556</dst>
      <dst id="20">1034.2044</dst>
      <dst id="11">9.7333</dst>
      <dst id="9">21.6889</dst>
      <dst id="17">2388.8800</dst>
      <dst id="21">826.4533</dst>
    </src>
    <src id="8">
      <dst id="12">9472.3822</dst>
      <dst id="13">2417.9911</dst>
      <dst id="19">3.0844</dst>
      <dst id="18">48.8622</dst>
      <dst id="4">13.1200</dst>
      <dst id="1">3295.4756</dst>
      <dst id="5">14371.4311</dst>
      <dst id="10">74.5956</dst>
      <dst id="7">25.0400</dst>
      <dst id="2">36.0889</dst>
      <dst id="16">298615.9022</dst>
      <dst id="14">0.7644</dst>
      <dst id="11">2.4356</dst>
      <dst id="9">77996.3822</dst>
      <dst id="17">38574.4089</dst>
      <dst id="21">97.5378</dst>
      <dst id="15">98.1156</dst>
    </src>
    <src id="18">
      <dst id="12">169121.0933</dst>
      <dst id="13">479.2711</dst>
      <dst id="19">1.7067</dst>
      <dst id="23">23.7867</dst>
      <dst id="8">61.2000</dst>
      <dst id="4">155.7422</dst>
      <dst id="1">1672.5600</dst>
      <dst id="5">40.3022</dst>
      <dst id="3">4179.2711</dst>
      <dst id="10">76.9422</dst>
      <dst id="22">213.1022</dst>
      <dst id="7">15.6800</dst>
      <dst id="2">10511.4044</dst>
      <dst id="6">3.1822</dst>
      <dst id="16">1383.5822</dst>
      <dst id="14">12.9778</dst>
      <dst id="20">43.1644</dst>
      <dst id="11">13.2622</dst>
      <dst id="9">437.2889</dst>
      <dst id="17">7866.5333</dst>
      <dst id="21">1400.0178</dst>
      <dst id="15">49.5556</dst>
    </src>
    <src id="4">
      <dst id="12">31228.8800</dst>
      <dst id="13">0.7467</dst>
      <dst id="19">6634.6844</dst>
      <dst id="23">3050.1422</dst>
      <dst id="8">2236.8889</dst>
      <dst id="18">3341.8400</dst>
      <dst id="4">316.3022</dst>
      <dst id="1">34388.0444</dst>
      <dst id="5">3971.6978</dst>
      <dst id="3">40.6311</dst>
      <dst id="7">155.2089</dst>
      <dst id="2">82255.3422</dst>
      <dst id="6">347.3867</dst>
      <dst id="16">71730.4533</dst>
      <dst id="14">5686.6844</dst>
      <dst id="11">241.3244</dst>
      <dst id="9">31030.5600</dst>
      <dst id="17">72389.9378</dst>
      <dst id="21">17224.6489</dst>
      <dst id="15">2039.9911</dst>
    </src>
    <src id="1">
      <dst id="12">471535.8489</dst>
      <dst id="13">8225.9644</dst>
      <dst id="19">52.0711</dst>
      <dst id="23">22.5778</dst>
      <dst id="8">263.6444</dst>
      <dst id="18">14875.2978</dst>
      <dst id="4">3175.5022</dst>
      <dst id="1">227053.2711</dst>
      <dst id="5">734.0089</dst>
      <dst id="3">239.2444</dst>
      <dst id="10">262.7200</dst>
      <dst id="7">172488.3378</dst>
      <dst id="2">23185.1467</dst>
      <dst id="6">20.8089</dst>
      <dst id="16">1057435.5556</dst>
      <dst id="14">171.7778</dst>
      <dst id="20">1622.5778</dst>
      <dst id="11">1129.5378</dst>
      <dst id="9">3514.5067</dst>
      <dst id="17">226068.0000</dst>
      <dst id="21">837311.7067</dst>
      <dst id="15">1140.4089</dst>
    </src>
    <src id="5">
      <dst id="12">10623.2089</dst>
      <dst id="13">3191.4756</dst>
      <dst id="19">6.9689</dst>
      <dst id="23">53.9022</dst>
      <dst id="8">616.3111</dst>
      <dst id="18">408.9333</dst>
      <dst id="4">275.0044</dst>
      <dst id="1">4098.3822</dst>
      <dst id="3">1.1556</dst>
      <dst id="10">217.2444</dst>
      <dst id="7">221.7156</dst>
      <dst id="2">737.8844</dst>
      <dst id="6">60.6756</dst>
      <dst id="16">345915.7600</dst>
      <dst id="14">12.0533</dst>
      <dst id="11">0.3556</dst>
      <dst id="9">49932.1333</dst>
      <dst id="17">58284.6311</dst>
      <dst id="21">751.8044</dst>
      <dst id="15">136.2133</dst>
    </src>
    <src id="3">
      <dst id="12">13636.4711</dst>
      <dst id="13">4635.2800</dst>
      <dst id="19">1274.7378</dst>
      <dst id="23">42.5067</dst>
      <dst id="8">56.9867</dst>
      <dst id="18">186.3111</dst>
      <dst id="4">834.2578</dst>
      <dst id="1">13446.7822</dst>
      <dst id="5">393.5733</dst>
      <dst id="3">156.5422</dst>
      <dst id="10">726.6044</dst>
      <dst id="7">1857.6800</dst>
      <dst id="2">5373.6444</dst>
      <dst id="6">40.8800</dst>
      <dst id="16">3586.8000</dst>
      <dst id="14">148.7822</dst>
      <dst id="20">443.0222</dst>
      <dst id="11">184.3822</dst>
      <dst id="9">540.4267</dst>
      <dst id="17">26841.9289</dst>
      <dst id="21">1914.7733</dst>
      <dst id="15">44.8978</dst>
    </src>
    <src id="10">
      <dst id="12">13431.7689</dst>
      <dst id="13">466.8978</dst>
      <dst id="19">1277.6978</dst>
      <dst id="23">190.5689</dst>
      <dst id="8">78.3378</dst>
      <dst id="18">7746.3733</dst>
      <dst id="1">1774.1333</dst>
      <dst id="5">614.2578</dst>
      <dst id="3">2083.4133</dst>
      <dst id="7">105.1200</dst>
      <dst id="2">14300.2133</dst>
      <dst id="6">2.6844</dst>
      <dst id="16">42167.8756</dst>
      <dst id="14">769.0044</dst>
      <dst id="20">407.9111</dst>
      <dst id="11">15.1200</dst>
      <dst id="9">5084.1778</dst>
      <dst id="17">73265.4222</dst>
      <dst id="21">12001.3156</dst>
      <dst id="15">912.3467</dst>
    </src>
    <src id="22">
      <dst id="12">15466.6133</dst>
      <dst id="13">9358.1511</dst>
      <dst id="19">249.9644</dst>
      <dst id="23">76.0089</dst>
      <dst id="8">538.0533</dst>
      <dst id="18">243.4844</dst>
      <dst id="4">4509.7244</dst>
      <dst id="1">426.7378</dst>
      <dst id="5">1432.9689</dst>
      <dst id="3">144.2756</dst>
      <dst id="10">709.5467</dst>
      <dst id="7">688.3556</dst>
      <dst id="2">3804.6756</dst>
      <dst id="6">63.5467</dst>
      <dst id="16">393.1644</dst>
      <dst id="14">75.5467</dst>
      <dst id="11">58.9156</dst>
      <dst id="9">4292.5956</dst>
      <dst id="17">6822.9956</dst>
      <dst id="21">1645.9822</dst>
    </src>
    <src id="7">
      <dst id="12">25810.1956</dst>
      <dst id="13">10157.5556</dst>
      <dst id="19">312.0533</dst>
      <dst id="23">622.3200</dst>
      <dst id="8">128.8089</dst>
      <dst id="18">444.6222</dst>
      <dst id="4">662.3022</dst>
      <dst id="1">10151.7333</dst>
      <dst id="5">1285.2711</dst>
      <dst id="3">6273.5378</dst>
      <dst id="10">622.5956</dst>
      <dst id="22">2840.8889</dst>
      <dst id="7">868.2844</dst>
      <dst id="2">4405.0756</dst>
      <dst id="6">872.2311</dst>
      <dst id="16">744.0178</dst>
      <dst id="14">242.5156</dst>
      <dst id="20">670.9333</dst>
      <dst id="11">83.4044</dst>
      <dst id="9">218.4533</dst>
      <dst id="17">15423.6089</dst>
      <dst id="21">2852.6133</dst>
      <dst id="15">241.4933</dst>
    </src>
    <src id="2">
      <dst id="12">104476.6667</dst>
      <dst id="13">25078.8622</dst>
      <dst id="19">124.7822</dst>
      <dst id="23">9.1733</dst>
      <dst id="8">154.8711</dst>
      <dst id="18">76333.3333</dst>
      <dst id="4">7392.1778</dst>
      <dst id="1">6436.9156</dst>
      <dst id="5">723.9022</dst>
      <dst id="3">951.8578</dst>
      <dst id="10">2859.8667</dst>
      <dst id="22">1359.8844</dst>
      <dst id="7">2507.7422</dst>
      <dst id="2">4293.9111</dst>
      <dst id="6">15184.4978</dst>
      <dst id="16">3551.2533</dst>
      <dst id="14">201.4578</dst>
      <dst id="20">11136.3200</dst>
      <dst id="11">135.6178</dst>
      <dst id="9">550.0356</dst>
      <dst id="17">51356.2756</dst>
      <dst id="21">6574.8178</dst>
      <dst id="15">18.4000</dst>
    </src>
    <src id="6">
      <dst id="12">513.0578</dst>
      <dst id="13">21.5822</dst>
      <dst id="19">2.2933</dst>
      <dst id="23">1.1378</dst>
      <dst id="18">15.1289</dst>
      <dst id="4">38.8444</dst>
      <dst id="1">280.6489</dst>
      <dst id="5">2.1067</dst>
      <dst id="3">3.2978</dst>
      <dst id="10">0.6578</dst>
      <dst id="22">2.1778</dst>
      <dst id="7">118.2844</dst>
      <dst id="2">1244.2400</dst>
      <dst id="16">32.9956</dst>
      <dst id="20">2.6667</dst>
      <dst id="9">74.1778</dst>
      <dst id="17">23383.1467</dst>
      <dst id="21">27.0756</dst>
    </src>
    <src id="16">
      <dst id="12">173527.1644</dst>
      <dst id="13">1247.8756</dst>
      <dst id="19">2561.4489</dst>
      <dst id="23">15.0756</dst>
      <dst id="8">107429.8222</dst>
      <dst id="18">65.7956</dst>
      <dst id="4">1286.1778</dst>
      <dst id="1">8254.2133</dst>
      <dst id="5">243101.5911</dst>
      <dst id="3">7609.7956</dst>
      <dst id="10">1102.0000</dst>
      <dst id="7">30.9956</dst>
      <dst id="2">530.5689</dst>
      <dst id="6">10.9511</dst>
      <dst id="16">19790.7467</dst>
      <dst id="14">44878.2933</dst>
      <dst id="11">19939.7778</dst>
      <dst id="9">235653.6089</dst>
      <dst id="17">3058.6400</dst>
      <dst id="21">5.1200</dst>
    </src>
    <src id="14">
      <dst id="12">6032.0978</dst>
      <dst id="13">2890.9956</dst>
      <dst id="19">26.4267</dst>
      <dst id="23">19.5200</dst>
      <dst id="18">0.4622</dst>
      <dst id="4">316.3644</dst>
      <dst id="1">439.1733</dst>
      <dst id="3">591.0222</dst>
      <dst id="10">105.6800</dst>
      <dst id="7">82.3289</dst>
      <dst id="2">2821.7333</dst>
      <dst id="16">125.9378</dst>
      <dst id="20">0.5867</dst>
      <dst id="11">1.3867</dst>
      <dst id="9">339.1200</dst>
      <dst id="17">34159.4222</dst>
      <dst id="21">76.6489</dst>
      <dst id="15">1.3867</dst>
    </src>
    <src id="20">
      <dst id="12">7748.2044</dst>
      <dst id="13">13792.1956</dst>
      <dst id="19">5804.3733</dst>
      <dst id="23">19.8222</dst>
      <dst id="8">54.3289</dst>
      <dst id="18">93.0400</dst>
      <dst id="4">499.5022</dst>
      <dst id="1">3722.4711</dst>
      <dst id="5">591.2089</dst>
      <dst id="3">0.9956</dst>
      <dst id="10">1006.7200</dst>
      <dst id="7">31.4667</dst>
      <dst id="2">164.9156</dst>
      <dst id="6">21.6889</dst>
      <dst id="16">3540.7556</dst>
      <dst id="14">12.4444</dst>
      <dst id="20">43.7333</dst>
      <dst id="11">0.4622</dst>
      <dst id="9">1061.1378</dst>
      <dst id="17">21069.9644</dst>
      <dst id="21">213.0578</dst>
    </src>
    <src id="11">
      <dst id="12">36005.8844</dst>
      <dst id="13">4287.8489</dst>
      <dst id="19">248.0889</dst>
      <dst id="23">30.0178</dst>
      <dst id="8">599.3511</dst>
      <dst id="18">314.2933</dst>
      <dst id="4">620.4622</dst>
      <dst id="1">4068.5600</dst>
      <dst id="5">807.0311</dst>
      <dst id="3">357.2356</dst>
      <dst id="10">2045.3422</dst>
      <dst id="7">59.2711</dst>
      <dst id="2">62552.2222</dst>
      <dst id="6">1.4044</dst>
      <dst id="16">9661.7156</dst>
      <dst id="14">27.7778</dst>
      <dst id="20">964.3022</dst>
      <dst id="11">1009.1911</dst>
      <dst id="9">4842.0978</dst>
      <dst id="17">704071.1644</dst>
      <dst id="21">921.1289</dst>
      <dst id="15">167.2000</dst>
    </src>
    <src id="9">
      <dst id="12">26261.4844</dst>
      <dst id="13">7443.1289</dst>
      <dst id="19">94.4444</dst>
      <dst id="23">467.0933</dst>
      <dst id="8">82345.1822</dst>
      <dst id="18">541.0756</dst>
      <dst id="4">618.7556</dst>
      <dst id="1">3876.4533</dst>
      <dst id="5">301.0044</dst>
      <dst id="10">821.1111</dst>
      <dst id="7">61.9467</dst>
      <dst id="2">4108.5244</dst>
      <dst id="6">2.7289</dst>
      <dst id="16">478497.1733</dst>
      <dst id="14">0.3556</dst>
      <dst id="11">26.6667</dst>
      <dst id="9">240469.8756</dst>
      <dst id="17">93822.8356</dst>
      <dst id="21">134.1422</dst>
      <dst id="15">270.6311</dst>
    </src>
    <src id="17">
      <dst id="12">154454.7200</dst>
      <dst id="13">17849.3689</dst>
      <dst id="19">6715.3156</dst>
      <dst id="23">122.3022</dst>
      <dst id="8">485.2889</dst>
      <dst id="18">2437.0489</dst>
      <dst id="4">8159.4311</dst>
      <dst id="1">5625.6800</dst>
      <dst id="5">175393.2711</dst>
      <dst id="3">5886.5244</dst>
      <dst id="10">3695.1911</dst>
      <dst id="7">22905.0222</dst>
      <dst id="2">5223.2800</dst>
      <dst id="6">475.5822</dst>
      <dst id="16">14492.5244</dst>
      <dst id="14">19233.8133</dst>
      <dst id="20">1069.2089</dst>
      <dst id="11">13384.6844</dst>
      <dst id="9">8528.8178</dst>
      <dst id="17">25088.1067</dst>
      <dst id="21">12795.7244</dst>
      <dst id="15">96.9689</dst>
    </src>
    <src id="21">
      <dst id="12">33270.5778</dst>
      <dst id="13">2431.2533</dst>
      <dst id="19">116.2133</dst>
      <dst id="23">13.7689</dst>
      <dst id="8">420.8622</dst>
      <dst id="18">1073.5733</dst>
      <dst id="4">2158.1244</dst>
      <dst id="1">13864.8889</dst>
      <dst id="5">409.4133</dst>
      <dst id="3">1142.1867</dst>
      <dst id="10">263.9200</dst>
      <dst id="7">3532.5600</dst>
      <dst id="2">2886.2489</dst>
      <dst id="6">180.2844</dst>
      <dst id="16">1312.3022</dst>
      <dst id="14">176.8178</dst>
      <dst id="20">86.6311</dst>
      <dst id="11">100.0800</dst>
      <dst id="9">2809.1378</dst>
      <dst id="17">101974.9778</dst>
      <dst id="21">4673.3867</dst>
      <dst id="15">527.0311</dst>
    </src>
    <src id="15">
      <dst id="12">1015.1556</dst>
      <dst id="13">292.7111</dst>
      <dst id="23">13.3333</dst>
      <dst id="8">1.0667</dst>
      <dst id="18">2193.0578</dst>
      <dst id="4">140.8000</dst>
      <dst id="1">308.3556</dst>
      <dst id="5">374.0444</dst>
      <dst id="10">71.9289</dst>
      <dst id="7">31.9111</dst>
      <dst id="2">537.9733</dst>
      <dst id="16">79.8133</dst>
      <dst id="11">1.1378</dst>
      <dst id="9">985.1022</dst>
      <dst id="17">2449.5200</dst>
      <dst id="21">2.3822</dst>
    </src>
  </IntraTM>
</TrafficMatrixFile>
