<?xml version="1.0" encoding="UTF-8" standalone="yes"?>
<TrafficMatrixFile xmlns:xsi="http://www.w3.org/2001/XMLSchema-instance" xsi:noNamespaceSchemaLocation="http://totem.run.montefiore.ulg.ac.be/Schema/TrafficMatrix-v1_2.xsd">
  <info>
    <title>Intradomain traffic matrix generated by geant-TM-all.pl</title>
    <date>2005-01-31T16:00:00</date>
    <duration>900</duration>
    <author>Steve Uhlig</author>
    <units>
        <unit type="bandwidth" value="kbps"/>
    </units>
  </info>
  <IntraTM ASID="20965">
    <src id="12">
      <dst id="12">245307.4844</dst>
      <dst id="13">30378.6933</dst>
      <dst id="19">4343.2356</dst>
      <dst id="23">5057.9733</dst>
      <dst id="8">616.9067</dst>
      <dst id="18">56488.9333</dst>
      <dst id="4">46190.4711</dst>
      <dst id="1">8975.2267</dst>
      <dst id="5">3544.2400</dst>
      <dst id="3">6533.3244</dst>
      <dst id="10">7239.8844</dst>
      <dst id="22">23933.6533</dst>
      <dst id="7">5788.2844</dst>
      <dst id="2">48247.1733</dst>
      <dst id="16">4671.5378</dst>
      <dst id="14">186.5867</dst>
      <dst id="20">1292.5244</dst>
      <dst id="11">67.2089</dst>
      <dst id="9">2854.7822</dst>
      <dst id="17">32613.4044</dst>
      <dst id="21">807.1556</dst>
      <dst id="15">627.3244</dst>
    </src>
    <src id="13">
      <dst id="12">27275.0578</dst>
      <dst id="19">3106.3289</dst>
      <dst id="23">112.2133</dst>
      <dst id="8">2259.6444</dst>
      <dst id="18">955.6800</dst>
      <dst id="1">5512.6844</dst>
      <dst id="5">6854.4089</dst>
      <dst id="3">9222.5156</dst>
      <dst id="22">24553.3511</dst>
      <dst id="7">6100.9689</dst>
      <dst id="2">39475.6800</dst>
      <dst id="16">3122.3644</dst>
      <dst id="14">773.9556</dst>
      <dst id="20">8099.5467</dst>
      <dst id="11">344.9244</dst>
      <dst id="9">28747.1111</dst>
      <dst id="17">43654.5333</dst>
      <dst id="21">6566.9956</dst>
      <dst id="15">531.1556</dst>
    </src>
    <src id="19">
      <dst id="12">10343.0489</dst>
      <dst id="13">187.5200</dst>
      <dst id="23">1.3511</dst>
      <dst id="8">1.4400</dst>
      <dst id="18">0.4622</dst>
      <dst id="4">18920.1867</dst>
      <dst id="1">18.9778</dst>
      <dst id="5">201.0667</dst>
      <dst id="3">421.5022</dst>
      <dst id="10">74.0711</dst>
      <dst id="22">161.3689</dst>
      <dst id="7">3274.8533</dst>
      <dst id="2">193.2711</dst>
      <dst id="16">11279.9644</dst>
      <dst id="14">7.1289</dst>
      <dst id="20">2.5689</dst>
      <dst id="11">0.4622</dst>
      <dst id="9">2171.0933</dst>
      <dst id="17">3760.6933</dst>
      <dst id="21">148.0000</dst>
    </src>
    <src id="23">
      <dst id="12">1232.2222</dst>
      <dst id="13">40.9778</dst>
      <dst id="19">0.9956</dst>
      <dst id="18">1107.5911</dst>
      <dst id="4">6009.6978</dst>
      <dst id="1">36.8978</dst>
      <dst id="5">12.6222</dst>
      <dst id="3">30.4711</dst>
      <dst id="10">81.2978</dst>
      <dst id="22">63.8222</dst>
      <dst id="7">21.5822</dst>
      <dst id="2">2.5244</dst>
      <dst id="16">2706.0978</dst>
      <dst id="14">1.1556</dst>
      <dst id="20">1507.1289</dst>
      <dst id="9">0.8533</dst>
      <dst id="17">720.7200</dst>
      <dst id="21">25.6178</dst>
    </src>
    <src id="8">
      <dst id="12">37249.6622</dst>
      <dst id="13">56.8978</dst>
      <dst id="19">1.9822</dst>
      <dst id="18">254.2489</dst>
      <dst id="4">2814.4889</dst>
      <dst id="1">2779.8311</dst>
      <dst id="5">570.6400</dst>
      <dst id="3">68.4444</dst>
      <dst id="10">41.8133</dst>
      <dst id="22">3394.6578</dst>
      <dst id="7">71.0222</dst>
      <dst id="2">740.8622</dst>
      <dst id="16">217.7689</dst>
      <dst id="14">1.4578</dst>
      <dst id="20">78.0089</dst>
      <dst id="11">14.1600</dst>
      <dst id="9">140341.3778</dst>
      <dst id="17">238116.4089</dst>
      <dst id="21">966.7111</dst>
      <dst id="15">35.7244</dst>
    </src>
    <src id="18">
      <dst id="12">147616.3200</dst>
      <dst id="13">141.6000</dst>
      <dst id="19">0.8978</dst>
      <dst id="23">51.5556</dst>
      <dst id="8">5.6444</dst>
      <dst id="4">1167.6800</dst>
      <dst id="1">551.8133</dst>
      <dst id="5">139.5467</dst>
      <dst id="3">454.7378</dst>
      <dst id="10">81.9822</dst>
      <dst id="22">111.4578</dst>
      <dst id="7">47.4844</dst>
      <dst id="2">36367.0489</dst>
      <dst id="16">5.6356</dst>
      <dst id="20">60.4800</dst>
      <dst id="11">17.6000</dst>
      <dst id="9">85.7333</dst>
      <dst id="17">15050.5956</dst>
      <dst id="21">1450.5778</dst>
      <dst id="15">32.2489</dst>
    </src>
    <src id="4">
      <dst id="12">8194.2311</dst>
      <dst id="19">3843.5200</dst>
      <dst id="23">126.4089</dst>
      <dst id="8">3416.2933</dst>
      <dst id="18">2548.4622</dst>
      <dst id="4">26.5600</dst>
      <dst id="1">647.1822</dst>
      <dst id="5">827.2978</dst>
      <dst id="3">61800.6578</dst>
      <dst id="22">1245.9378</dst>
      <dst id="7">30851.4844</dst>
      <dst id="2">29099.0844</dst>
      <dst id="16">1139.8044</dst>
      <dst id="14">1006.3644</dst>
      <dst id="20">3715.6889</dst>
      <dst id="11">37.5556</dst>
      <dst id="9">1699.3778</dst>
      <dst id="17">52343.8489</dst>
      <dst id="21">4130.5778</dst>
      <dst id="15">2008.5689</dst>
    </src>
    <src id="1">
      <dst id="12">11714.8889</dst>
      <dst id="13">114.6400</dst>
      <dst id="19">63.7778</dst>
      <dst id="23">76.0889</dst>
      <dst id="8">0.4622</dst>
      <dst id="18">12523.5022</dst>
      <dst id="4">6578.5778</dst>
      <dst id="1">71.7067</dst>
      <dst id="5">379.8311</dst>
      <dst id="3">6070.3200</dst>
      <dst id="10">448.4978</dst>
      <dst id="22">312.4444</dst>
      <dst id="7">1782.9778</dst>
      <dst id="2">12473.7333</dst>
      <dst id="16">17116.4089</dst>
      <dst id="14">61.5911</dst>
      <dst id="20">77.3067</dst>
      <dst id="11">52.1333</dst>
      <dst id="9">718.9333</dst>
      <dst id="17">9005.5467</dst>
      <dst id="21">2853.5556</dst>
      <dst id="15">92.0267</dst>
    </src>
    <src id="5">
      <dst id="12">28710.4533</dst>
      <dst id="13">2126.3911</dst>
      <dst id="19">56.2489</dst>
      <dst id="23">0.4622</dst>
      <dst id="8">2522.0178</dst>
      <dst id="18">135.6889</dst>
      <dst id="4">2576.8889</dst>
      <dst id="1">1791.1911</dst>
      <dst id="3">84.9333</dst>
      <dst id="10">923.2444</dst>
      <dst id="22">13396.8711</dst>
      <dst id="7">120.9067</dst>
      <dst id="2">590.2667</dst>
      <dst id="16">300.5244</dst>
      <dst id="14">19.6267</dst>
      <dst id="20">3351.5733</dst>
      <dst id="11">4.0978</dst>
      <dst id="9">51281.3067</dst>
      <dst id="17">301429.6622</dst>
      <dst id="21">38.7467</dst>
      <dst id="15">130.1689</dst>
    </src>
    <src id="3">
      <dst id="12">16354.1600</dst>
      <dst id="13">896.0000</dst>
      <dst id="19">1159.1644</dst>
      <dst id="23">152.4000</dst>
      <dst id="8">3778.1422</dst>
      <dst id="18">965.7956</dst>
      <dst id="4">47020.2578</dst>
      <dst id="1">22092.4444</dst>
      <dst id="5">514.2222</dst>
      <dst id="3">23.8667</dst>
      <dst id="10">2720.4800</dst>
      <dst id="22">379.8222</dst>
      <dst id="7">4639.5911</dst>
      <dst id="2">3764.3200</dst>
      <dst id="16">1641.9200</dst>
      <dst id="14">220.6311</dst>
      <dst id="20">132.4089</dst>
      <dst id="11">170.8000</dst>
      <dst id="9">113.1556</dst>
      <dst id="17">69409.6800</dst>
      <dst id="21">1869.7067</dst>
      <dst id="15">16.8978</dst>
    </src>
    <src id="10">
      <dst id="12">140809.7244</dst>
      <dst id="19">918.5244</dst>
      <dst id="23">1112.5867</dst>
      <dst id="8">63136.7911</dst>
      <dst id="18">1183.3956</dst>
      <dst id="1">1007.0578</dst>
      <dst id="5">138139.5911</dst>
      <dst id="3">15761.5911</dst>
      <dst id="22">2082.3467</dst>
      <dst id="7">54474.1867</dst>
      <dst id="2">23280.3556</dst>
      <dst id="16">290.6489</dst>
      <dst id="14">23928.1067</dst>
      <dst id="20">602.5067</dst>
      <dst id="11">11709.4400</dst>
      <dst id="9">160056.3733</dst>
      <dst id="17">23682.4889</dst>
      <dst id="21">11236.8622</dst>
      <dst id="15">21.1911</dst>
    </src>
    <src id="22">
      <dst id="12">18177.6267</dst>
      <dst id="13">4095.0756</dst>
      <dst id="19">697.6622</dst>
      <dst id="23">1.1022</dst>
      <dst id="8">379.7689</dst>
      <dst id="18">428.2756</dst>
      <dst id="4">10570.6044</dst>
      <dst id="1">180.2044</dst>
      <dst id="5">1578.4089</dst>
      <dst id="3">2974.0356</dst>
      <dst id="10">621.5200</dst>
      <dst id="7">1153.2444</dst>
      <dst id="2">1522.5067</dst>
      <dst id="16">0.5333</dst>
      <dst id="14">43.9378</dst>
      <dst id="11">17.7067</dst>
      <dst id="9">5087.2089</dst>
      <dst id="17">4612.7556</dst>
      <dst id="21">516.5867</dst>
    </src>
    <src id="7">
      <dst id="12">3073.1022</dst>
      <dst id="13">156.4178</dst>
      <dst id="19">1010.8178</dst>
      <dst id="23">39.4489</dst>
      <dst id="8">226.8800</dst>
      <dst id="18">292.3378</dst>
      <dst id="4">57983.5822</dst>
      <dst id="1">19799.3511</dst>
      <dst id="5">1375.3422</dst>
      <dst id="3">931.5289</dst>
      <dst id="10">362.0800</dst>
      <dst id="22">3798.0978</dst>
      <dst id="7">6.2844</dst>
      <dst id="2">3604.5511</dst>
      <dst id="16">695.6356</dst>
      <dst id="14">465.2178</dst>
      <dst id="20">1215.6800</dst>
      <dst id="11">16.6756</dst>
      <dst id="9">4127.8222</dst>
      <dst id="17">3650.4533</dst>
      <dst id="21">1063.9556</dst>
      <dst id="15">62.3022</dst>
    </src>
    <src id="2">
      <dst id="12">73732.8622</dst>
      <dst id="13">5559.5911</dst>
      <dst id="19">4970.3467</dst>
      <dst id="8">1473.3511</dst>
      <dst id="18">32786.0267</dst>
      <dst id="4">57795.8756</dst>
      <dst id="1">26537.0578</dst>
      <dst id="5">696.6489</dst>
      <dst id="3">854.9956</dst>
      <dst id="10">3622.7378</dst>
      <dst id="22">15584.9333</dst>
      <dst id="7">2636.6933</dst>
      <dst id="2">292.6578</dst>
      <dst id="16">156.9600</dst>
      <dst id="14">122.7111</dst>
      <dst id="20">337.8400</dst>
      <dst id="11">78.4622</dst>
      <dst id="9">432.9867</dst>
      <dst id="17">8163.1644</dst>
      <dst id="21">22668.3644</dst>
      <dst id="15">84.2578</dst>
    </src>
    <src id="6">
      <dst id="12">1694.6756</dst>
      <dst id="13">4.3022</dst>
      <dst id="19">14.4178</dst>
      <dst id="4">16.7467</dst>
      <dst id="1">43.5378</dst>
      <dst id="5">16.5067</dst>
      <dst id="3">0.6578</dst>
      <dst id="22">12.3467</dst>
      <dst id="7">13.6711</dst>
      <dst id="2">2204.5600</dst>
      <dst id="9">17.0578</dst>
      <dst id="17">9293.5200</dst>
      <dst id="21">0.5600</dst>
      <dst id="15">0.3200</dst>
    </src>
    <src id="16">
      <dst id="12">2159.1556</dst>
      <dst id="13">130.7556</dst>
      <dst id="19">3891.8044</dst>
      <dst id="23">56.6400</dst>
      <dst id="8">3798.7644</dst>
      <dst id="18">5.8311</dst>
      <dst id="4">2973.2178</dst>
      <dst id="1">14991.7867</dst>
      <dst id="5">2230.2400</dst>
      <dst id="3">248.2311</dst>
      <dst id="10">87.8400</dst>
      <dst id="7">666.3467</dst>
      <dst id="2">211.9378</dst>
      <dst id="16">26.1600</dst>
      <dst id="14">0.7822</dst>
      <dst id="11">13.2978</dst>
      <dst id="9">5201.4756</dst>
      <dst id="17">1711.1911</dst>
      <dst id="21">45.5378</dst>
    </src>
    <src id="14">
      <dst id="12">3787.3244</dst>
      <dst id="13">4.0622</dst>
      <dst id="19">9.6622</dst>
      <dst id="8">0.3556</dst>
      <dst id="18">1.6178</dst>
      <dst id="4">1136.1867</dst>
      <dst id="1">514.5778</dst>
      <dst id="5">3.2444</dst>
      <dst id="3">101.0311</dst>
      <dst id="10">22.6933</dst>
      <dst id="22">0.7467</dst>
      <dst id="7">214.4711</dst>
      <dst id="2">6236.9600</dst>
      <dst id="16">11.6978</dst>
      <dst id="11">14.7556</dst>
      <dst id="9">1.0844</dst>
      <dst id="17">33030.8089</dst>
      <dst id="21">63.5111</dst>
      <dst id="15">24.6400</dst>
    </src>
    <src id="20">
      <dst id="12">9452.2489</dst>
      <dst id="13">17230.6756</dst>
      <dst id="19">20.1600</dst>
      <dst id="23">19.1822</dst>
      <dst id="8">4168.5333</dst>
      <dst id="18">24.2133</dst>
      <dst id="4">4563.4489</dst>
      <dst id="1">27.5022</dst>
      <dst id="5">13945.1911</dst>
      <dst id="3">7930.2044</dst>
      <dst id="10">222.3378</dst>
      <dst id="7">1116.8800</dst>
      <dst id="2">1867.8756</dst>
      <dst id="20">2.4533</dst>
      <dst id="9">22192.3378</dst>
      <dst id="17">3823.3600</dst>
      <dst id="21">3091.4578</dst>
    </src>
    <src id="11">
      <dst id="12">60807.7422</dst>
      <dst id="13">2813.5644</dst>
      <dst id="19">55.3067</dst>
      <dst id="23">26.9511</dst>
      <dst id="8">395.7956</dst>
      <dst id="18">166.7467</dst>
      <dst id="4">6580.8356</dst>
      <dst id="1">879.6000</dst>
      <dst id="5">1032.0444</dst>
      <dst id="3">4115.7511</dst>
      <dst id="10">603.9733</dst>
      <dst id="22">752.7289</dst>
      <dst id="7">470.0711</dst>
      <dst id="2">100311.3333</dst>
      <dst id="16">141.0489</dst>
      <dst id="14">38.6578</dst>
      <dst id="20">484.8800</dst>
      <dst id="11">951.8933</dst>
      <dst id="9">1057.0400</dst>
      <dst id="17">648073.4578</dst>
      <dst id="21">265.0667</dst>
      <dst id="15">96.3022</dst>
    </src>
    <src id="9">
      <dst id="12">57157.1467</dst>
      <dst id="13">7416.1956</dst>
      <dst id="19">75.9022</dst>
      <dst id="23">1.4933</dst>
      <dst id="8">83251.4844</dst>
      <dst id="18">42.3022</dst>
      <dst id="4">15722.1244</dst>
      <dst id="1">8320.3822</dst>
      <dst id="5">5101.3244</dst>
      <dst id="3">116.5244</dst>
      <dst id="10">729.0667</dst>
      <dst id="22">18161.0133</dst>
      <dst id="7">233.4578</dst>
      <dst id="2">265.8311</dst>
      <dst id="16">277.6800</dst>
      <dst id="14">0.4622</dst>
      <dst id="20">1657.5822</dst>
      <dst id="11">27.6000</dst>
      <dst id="9">400191.2622</dst>
      <dst id="17">461203.4667</dst>
      <dst id="21">402.1156</dst>
      <dst id="15">3363.1111</dst>
    </src>
    <src id="17">
      <dst id="12">93463.7600</dst>
      <dst id="13">728.3911</dst>
      <dst id="19">2204.4711</dst>
      <dst id="23">20.1600</dst>
      <dst id="8">64.0444</dst>
      <dst id="18">228.1600</dst>
      <dst id="4">28145.3333</dst>
      <dst id="1">905.8311</dst>
      <dst id="5">141354.7022</dst>
      <dst id="3">4290.0978</dst>
      <dst id="10">574.1511</dst>
      <dst id="22">1900.2578</dst>
      <dst id="7">1131.0400</dst>
      <dst id="2">4546.1244</dst>
      <dst id="16">4470.9867</dst>
      <dst id="14">15369.8133</dst>
      <dst id="20">216.7822</dst>
      <dst id="11">15456.3911</dst>
      <dst id="9">767.0044</dst>
      <dst id="17">18330.7733</dst>
      <dst id="21">9185.4489</dst>
      <dst id="15">20.4356</dst>
    </src>
    <src id="21">
      <dst id="12">5615.0311</dst>
      <dst id="13">82.1333</dst>
      <dst id="19">119.1733</dst>
      <dst id="23">1.2711</dst>
      <dst id="8">21.0400</dst>
      <dst id="18">2025.0667</dst>
      <dst id="4">10319.6444</dst>
      <dst id="1">1312.5689</dst>
      <dst id="5">567.0489</dst>
      <dst id="3">379.1111</dst>
      <dst id="10">309.3156</dst>
      <dst id="22">403.6178</dst>
      <dst id="7">820.7200</dst>
      <dst id="2">7583.6533</dst>
      <dst id="16">49.5378</dst>
      <dst id="14">59.5111</dst>
      <dst id="20">115.4933</dst>
      <dst id="11">14.7200</dst>
      <dst id="9">990.2578</dst>
      <dst id="17">14914.8889</dst>
      <dst id="21">1431.1378</dst>
      <dst id="15">131.3778</dst>
    </src>
    <src id="15">
      <dst id="12">4405.1378</dst>
      <dst id="13">89.3422</dst>
      <dst id="19">0.5244</dst>
      <dst id="8">30.1956</dst>
      <dst id="18">46.9511</dst>
      <dst id="4">938.9956</dst>
      <dst id="1">67.2800</dst>
      <dst id="5">8925.9644</dst>
      <dst id="3">29.9378</dst>
      <dst id="10">8.8533</dst>
      <dst id="7">9.3689</dst>
      <dst id="2">72.6578</dst>
      <dst id="14">0.3556</dst>
      <dst id="11">23.5289</dst>
      <dst id="9">6032.1067</dst>
      <dst id="17">152.4533</dst>
      <dst id="21">98.3111</dst>
    </src>
  </IntraTM>
</TrafficMatrixFile>
