<?xml version="1.0" encoding="UTF-8" standalone="yes"?>
<TrafficMatrixFile xmlns:xsi="http://www.w3.org/2001/XMLSchema-instance" xsi:noNamespaceSchemaLocation="http://totem.run.montefiore.ulg.ac.be/Schema/TrafficMatrix-v1_2.xsd">
  <info>
    <title>Intradomain traffic matrix generated by geant-TM-all.pl</title>
    <date>2005-03-05T20:45:00</date>
    <duration>900</duration>
    <author>Steve Uhlig</author>
    <units>
        <unit type="bandwidth" value="kbps"/>
    </units>
  </info>
  <IntraTM ASID="20965">
    <src id="12">
      <dst id="12">280036.3733</dst>
      <dst id="13">62228.0000</dst>
      <dst id="19">5989.4044</dst>
      <dst id="23">13025.9289</dst>
      <dst id="8">2722.5511</dst>
      <dst id="18">176870.0978</dst>
      <dst id="4">20109.7067</dst>
      <dst id="1">19797.2622</dst>
      <dst id="5">991.6800</dst>
      <dst id="3">3443.1289</dst>
      <dst id="10">991.5911</dst>
      <dst id="22">3171.3244</dst>
      <dst id="7">12614.7556</dst>
      <dst id="2">27079.5556</dst>
      <dst id="6">18.2489</dst>
      <dst id="16">21632.3200</dst>
      <dst id="14">4443.8489</dst>
      <dst id="20">13511.7333</dst>
      <dst id="11">263.2444</dst>
      <dst id="9">7898.6222</dst>
      <dst id="17">137829.4578</dst>
      <dst id="21">14368.0356</dst>
      <dst id="15">2757.2800</dst>
    </src>
    <src id="13">
      <dst id="12">56883.7333</dst>
      <dst id="19">8095.9022</dst>
      <dst id="23">2768.2400</dst>
      <dst id="8">4370.1956</dst>
      <dst id="18">4492.5956</dst>
      <dst id="1">12421.9556</dst>
      <dst id="5">9365.7067</dst>
      <dst id="3">4816.3644</dst>
      <dst id="22">17250.7822</dst>
      <dst id="7">29428.2844</dst>
      <dst id="2">55268.8000</dst>
      <dst id="6">104.6222</dst>
      <dst id="16">17142.2044</dst>
      <dst id="14">2649.8489</dst>
      <dst id="20">13692.4800</dst>
      <dst id="11">880.5333</dst>
      <dst id="9">10315.0489</dst>
      <dst id="17">147991.9378</dst>
      <dst id="21">14068.9689</dst>
      <dst id="15">5025.7156</dst>
    </src>
    <src id="19">
      <dst id="12">22673.5378</dst>
      <dst id="13">1304.7289</dst>
      <dst id="23">82.6667</dst>
      <dst id="8">12.3733</dst>
      <dst id="18">28.3911</dst>
      <dst id="4">15391.6444</dst>
      <dst id="1">1528.7200</dst>
      <dst id="5">41.8311</dst>
      <dst id="3">3766.9422</dst>
      <dst id="10">31.5822</dst>
      <dst id="22">295.7333</dst>
      <dst id="7">4806.5867</dst>
      <dst id="2">19524.0267</dst>
      <dst id="6">912.4800</dst>
      <dst id="16">9894.0000</dst>
      <dst id="14">233.6267</dst>
      <dst id="20">14.0978</dst>
      <dst id="11">9.4222</dst>
      <dst id="9">796.0356</dst>
      <dst id="17">5832.0000</dst>
      <dst id="21">402.9867</dst>
      <dst id="15">15.4133</dst>
    </src>
    <src id="23">
      <dst id="12">3254.9956</dst>
      <dst id="13">47.9200</dst>
      <dst id="19">155.2800</dst>
      <dst id="8">214.1867</dst>
      <dst id="18">495.3067</dst>
      <dst id="4">4764.9956</dst>
      <dst id="1">74.3200</dst>
      <dst id="5">5.2267</dst>
      <dst id="10">118.4089</dst>
      <dst id="22">237.5911</dst>
      <dst id="7">250.9511</dst>
      <dst id="2">171.9467</dst>
      <dst id="6">5.0489</dst>
      <dst id="16">457.2089</dst>
      <dst id="14">10.6578</dst>
      <dst id="20">28.2222</dst>
      <dst id="11">52.9867</dst>
      <dst id="9">1460.7111</dst>
      <dst id="17">49536.1778</dst>
      <dst id="21">316.2133</dst>
      <dst id="15">67.7333</dst>
    </src>
    <src id="8">
      <dst id="12">36003.4489</dst>
      <dst id="13">1727.5733</dst>
      <dst id="19">109.1378</dst>
      <dst id="23">2.4889</dst>
      <dst id="18">856.7644</dst>
      <dst id="4">1575.9378</dst>
      <dst id="1">6859.7956</dst>
      <dst id="5">2703.6889</dst>
      <dst id="3">49.8311</dst>
      <dst id="10">72.3289</dst>
      <dst id="22">1743.6356</dst>
      <dst id="7">151.6711</dst>
      <dst id="2">433.9822</dst>
      <dst id="16">128209.6978</dst>
      <dst id="14">0.4622</dst>
      <dst id="11">74.7289</dst>
      <dst id="9">185113.8667</dst>
      <dst id="17">349014.0000</dst>
      <dst id="15">1334.1511</dst>
    </src>
    <src id="18">
      <dst id="12">106505.5111</dst>
      <dst id="13">293.3422</dst>
      <dst id="19">32.6667</dst>
      <dst id="23">38.2311</dst>
      <dst id="8">485.7778</dst>
      <dst id="4">361.6800</dst>
      <dst id="1">10729.8844</dst>
      <dst id="5">252.0711</dst>
      <dst id="3">670.8622</dst>
      <dst id="10">177.1378</dst>
      <dst id="22">211.0133</dst>
      <dst id="7">103.5556</dst>
      <dst id="2">17468.8356</dst>
      <dst id="6">0.4622</dst>
      <dst id="16">14251.3067</dst>
      <dst id="14">13.7956</dst>
      <dst id="20">26.0444</dst>
      <dst id="11">20.5867</dst>
      <dst id="9">1371.7333</dst>
      <dst id="17">41338.3822</dst>
      <dst id="21">796.7022</dst>
      <dst id="15">120.7022</dst>
    </src>
    <src id="4">
      <dst id="12">21455.0400</dst>
      <dst id="19">6672.9956</dst>
      <dst id="23">1870.0000</dst>
      <dst id="8">3781.5822</dst>
      <dst id="18">1546.9244</dst>
      <dst id="4">2.3733</dst>
      <dst id="1">108609.8311</dst>
      <dst id="5">1263.9644</dst>
      <dst id="3">868.7111</dst>
      <dst id="22">8409.9200</dst>
      <dst id="7">265040.7111</dst>
      <dst id="2">54679.5200</dst>
      <dst id="6">6484.5867</dst>
      <dst id="16">3888.2133</dst>
      <dst id="14">1324.9067</dst>
      <dst id="11">221.8667</dst>
      <dst id="9">4664.3733</dst>
      <dst id="17">33060.8533</dst>
      <dst id="21">4174.0444</dst>
      <dst id="15">856.4800</dst>
    </src>
    <src id="1">
      <dst id="12">30187.7689</dst>
      <dst id="13">14806.4622</dst>
      <dst id="19">410.4178</dst>
      <dst id="23">1453.7333</dst>
      <dst id="8">508.5867</dst>
      <dst id="18">13600.7022</dst>
      <dst id="4">4094.1422</dst>
      <dst id="1">322053.0667</dst>
      <dst id="5">144.4800</dst>
      <dst id="3">2601.0489</dst>
      <dst id="10">285.0667</dst>
      <dst id="22">4085.6711</dst>
      <dst id="7">182106.9689</dst>
      <dst id="2">5928.8711</dst>
      <dst id="6">96.1067</dst>
      <dst id="16">15967.8133</dst>
      <dst id="14">116.6489</dst>
      <dst id="20">3282.6756</dst>
      <dst id="11">249.7689</dst>
      <dst id="9">1874.6489</dst>
      <dst id="17">185261.8133</dst>
      <dst id="21">141295.3778</dst>
      <dst id="15">146.1511</dst>
    </src>
    <src id="5">
      <dst id="12">35956.8800</dst>
      <dst id="13">1192.0978</dst>
      <dst id="19">33.4844</dst>
      <dst id="23">40.3556</dst>
      <dst id="8">18169.4667</dst>
      <dst id="18">1828.9867</dst>
      <dst id="4">630.8444</dst>
      <dst id="1">33333.7689</dst>
      <dst id="3">106.2844</dst>
      <dst id="10">294.4622</dst>
      <dst id="22">11037.1200</dst>
      <dst id="7">212.1067</dst>
      <dst id="2">546.0444</dst>
      <dst id="6">46.9422</dst>
      <dst id="16">128893.5111</dst>
      <dst id="14">41.1733</dst>
      <dst id="11">2.9156</dst>
      <dst id="9">75846.2756</dst>
      <dst id="17">267581.6267</dst>
      <dst id="21">2.1333</dst>
      <dst id="15">830.5067</dst>
    </src>
    <src id="3">
      <dst id="12">51793.7422</dst>
      <dst id="13">2153.4044</dst>
      <dst id="19">1216.4000</dst>
      <dst id="23">50.9956</dst>
      <dst id="8">518.0000</dst>
      <dst id="18">371.4844</dst>
      <dst id="4">9312.6933</dst>
      <dst id="1">5655.1467</dst>
      <dst id="5">495.4667</dst>
      <dst id="3">39.8044</dst>
      <dst id="10">455.1022</dst>
      <dst id="22">908.7111</dst>
      <dst id="7">2001.0044</dst>
      <dst id="2">6108.3644</dst>
      <dst id="6">39.4222</dst>
      <dst id="16">5515.7600</dst>
      <dst id="14">203.4667</dst>
      <dst id="20">480.2933</dst>
      <dst id="11">159.1911</dst>
      <dst id="9">702.9778</dst>
      <dst id="17">58485.2533</dst>
      <dst id="21">1896.8444</dst>
      <dst id="15">233.7333</dst>
    </src>
    <src id="10">
      <dst id="12">24543.6000</dst>
      <dst id="19">4735.0933</dst>
      <dst id="23">881.2356</dst>
      <dst id="8">607.5911</dst>
      <dst id="18">7381.3422</dst>
      <dst id="1">1582.9867</dst>
      <dst id="5">1024.6844</dst>
      <dst id="3">1642.4711</dst>
      <dst id="22">4571.3422</dst>
      <dst id="7">12739.7778</dst>
      <dst id="2">32985.0222</dst>
      <dst id="6">114.1956</dst>
      <dst id="16">9747.3333</dst>
      <dst id="14">2851.8578</dst>
      <dst id="20">1041.8844</dst>
      <dst id="11">214.3733</dst>
      <dst id="9">3836.1511</dst>
      <dst id="17">63968.9244</dst>
      <dst id="21">9838.9867</dst>
      <dst id="15">524.2844</dst>
    </src>
    <src id="22">
      <dst id="12">13730.0978</dst>
      <dst id="13">2043.7422</dst>
      <dst id="19">1348.7644</dst>
      <dst id="23">68.0089</dst>
      <dst id="8">509.7511</dst>
      <dst id="18">725.8756</dst>
      <dst id="4">3284.5778</dst>
      <dst id="1">508.8711</dst>
      <dst id="5">1374.3733</dst>
      <dst id="3">180.5067</dst>
      <dst id="10">789.6622</dst>
      <dst id="7">1771.5200</dst>
      <dst id="2">5631.8222</dst>
      <dst id="6">85.1378</dst>
      <dst id="14">35.6533</dst>
      <dst id="11">53.4578</dst>
      <dst id="9">861.6889</dst>
      <dst id="17">10592.0978</dst>
      <dst id="21">558.4267</dst>
    </src>
    <src id="7">
      <dst id="12">13908.6667</dst>
      <dst id="13">1540.9956</dst>
      <dst id="19">4399.9467</dst>
      <dst id="23">547.9200</dst>
      <dst id="8">486.3556</dst>
      <dst id="18">971.1911</dst>
      <dst id="4">9630.7733</dst>
      <dst id="1">20318.9689</dst>
      <dst id="5">1194.0444</dst>
      <dst id="3">2147.0667</dst>
      <dst id="10">3546.6044</dst>
      <dst id="22">2163.5467</dst>
      <dst id="7">894.5333</dst>
      <dst id="2">12595.7600</dst>
      <dst id="6">79.2889</dst>
      <dst id="16">17368.9956</dst>
      <dst id="14">270.9422</dst>
      <dst id="20">8143.7067</dst>
      <dst id="11">735.1200</dst>
      <dst id="9">898.0800</dst>
      <dst id="17">27217.6533</dst>
      <dst id="21">3164.9778</dst>
      <dst id="15">571.3956</dst>
    </src>
    <src id="2">
      <dst id="12">110414.2667</dst>
      <dst id="13">11362.5689</dst>
      <dst id="19">1274.4267</dst>
      <dst id="23">2.7733</dst>
      <dst id="8">373.1467</dst>
      <dst id="18">121521.1911</dst>
      <dst id="4">32326.3200</dst>
      <dst id="1">24359.5467</dst>
      <dst id="5">581.7244</dst>
      <dst id="3">1052.1333</dst>
      <dst id="10">982.3378</dst>
      <dst id="22">2561.8667</dst>
      <dst id="7">11149.3156</dst>
      <dst id="2">1320.5156</dst>
      <dst id="6">59860.0711</dst>
      <dst id="16">1794.0622</dst>
      <dst id="14">312.7022</dst>
      <dst id="20">616.6933</dst>
      <dst id="11">401.0756</dst>
      <dst id="9">997.0222</dst>
      <dst id="17">62938.8533</dst>
      <dst id="21">4492.2400</dst>
      <dst id="15">73.3333</dst>
    </src>
    <src id="6">
      <dst id="12">3642.7556</dst>
      <dst id="13">16.8800</dst>
      <dst id="19">53.1200</dst>
      <dst id="23">11.4667</dst>
      <dst id="8">4.2222</dst>
      <dst id="18">34.4000</dst>
      <dst id="4">139.5289</dst>
      <dst id="1">1594.5422</dst>
      <dst id="5">63.9111</dst>
      <dst id="3">0.3556</dst>
      <dst id="10">1.7244</dst>
      <dst id="22">20.9244</dst>
      <dst id="7">308.7911</dst>
      <dst id="2">2258.6667</dst>
      <dst id="16">2802.0711</dst>
      <dst id="14">1.9467</dst>
      <dst id="20">173.7511</dst>
      <dst id="11">12.2844</dst>
      <dst id="9">114.5778</dst>
      <dst id="17">26268.9689</dst>
      <dst id="21">113.0667</dst>
    </src>
    <src id="16">
      <dst id="12">307310.0711</dst>
      <dst id="13">1611.8667</dst>
      <dst id="19">4307.5200</dst>
      <dst id="23">50.2044</dst>
      <dst id="8">258243.5022</dst>
      <dst id="18">499.0844</dst>
      <dst id="4">1063.6178</dst>
      <dst id="1">17993.6978</dst>
      <dst id="5">310375.6356</dst>
      <dst id="3">22357.5022</dst>
      <dst id="10">127.7867</dst>
      <dst id="22">58.7289</dst>
      <dst id="7">2492.0622</dst>
      <dst id="2">766.5511</dst>
      <dst id="6">0.8178</dst>
      <dst id="16">51.9289</dst>
      <dst id="14">90782.1244</dst>
      <dst id="11">45189.2444</dst>
      <dst id="9">384353.3067</dst>
      <dst id="17">49152.3467</dst>
      <dst id="21">2819.8044</dst>
    </src>
    <src id="14">
      <dst id="12">4769.9200</dst>
      <dst id="13">132.5511</dst>
      <dst id="19">31.5378</dst>
      <dst id="23">1.2089</dst>
      <dst id="8">0.3644</dst>
      <dst id="18">26.9422</dst>
      <dst id="4">487.0578</dst>
      <dst id="1">1305.5733</dst>
      <dst id="5">32.7556</dst>
      <dst id="3">241.2444</dst>
      <dst id="10">193.4578</dst>
      <dst id="22">3.0044</dst>
      <dst id="7">158.5511</dst>
      <dst id="2">2084.7556</dst>
      <dst id="16">5374.8533</dst>
      <dst id="20">78.9333</dst>
      <dst id="11">1.3956</dst>
      <dst id="9">409.6356</dst>
      <dst id="17">32546.2133</dst>
      <dst id="21">148.1244</dst>
      <dst id="15">80.6133</dst>
    </src>
    <src id="20">
      <dst id="12">7356.3822</dst>
      <dst id="13">1190.8800</dst>
      <dst id="19">525.8044</dst>
      <dst id="23">7.3156</dst>
      <dst id="8">64.7378</dst>
      <dst id="18">84.8978</dst>
      <dst id="4">2437.0933</dst>
      <dst id="1">165.2000</dst>
      <dst id="5">2084.0000</dst>
      <dst id="3">1749.7067</dst>
      <dst id="10">502.3200</dst>
      <dst id="7">20953.3333</dst>
      <dst id="2">3361.6622</dst>
      <dst id="6">4.5511</dst>
      <dst id="14">28.4622</dst>
      <dst id="20">51.6533</dst>
      <dst id="11">0.3644</dst>
      <dst id="9">1626.6933</dst>
      <dst id="17">15714.5956</dst>
      <dst id="21">392.6578</dst>
    </src>
    <src id="11">
      <dst id="12">53539.8400</dst>
      <dst id="13">3078.2133</dst>
      <dst id="19">107.9467</dst>
      <dst id="23">86.2756</dst>
      <dst id="8">1932.3556</dst>
      <dst id="18">480.9956</dst>
      <dst id="4">2751.8222</dst>
      <dst id="1">51628.7733</dst>
      <dst id="5">766.3111</dst>
      <dst id="3">330.4978</dst>
      <dst id="10">4257.2978</dst>
      <dst id="22">2185.4044</dst>
      <dst id="7">509.6089</dst>
      <dst id="2">75690.0000</dst>
      <dst id="6">22.4089</dst>
      <dst id="16">107764.7467</dst>
      <dst id="14">135.5911</dst>
      <dst id="20">1483.6800</dst>
      <dst id="11">7651.4133</dst>
      <dst id="9">7857.1733</dst>
      <dst id="17">621211.4933</dst>
      <dst id="21">360.4711</dst>
      <dst id="15">450.7200</dst>
    </src>
    <src id="9">
      <dst id="12">46335.6978</dst>
      <dst id="13">2182.9156</dst>
      <dst id="19">85.7067</dst>
      <dst id="23">28.7289</dst>
      <dst id="8">178183.1022</dst>
      <dst id="18">121.7867</dst>
      <dst id="4">5325.3156</dst>
      <dst id="1">10823.2267</dst>
      <dst id="5">1397.5467</dst>
      <dst id="3">311.3244</dst>
      <dst id="10">393.6356</dst>
      <dst id="22">5271.2711</dst>
      <dst id="7">599.2889</dst>
      <dst id="2">2808.6578</dst>
      <dst id="6">5.4222</dst>
      <dst id="16">136139.9111</dst>
      <dst id="14">75.9556</dst>
      <dst id="11">59.3156</dst>
      <dst id="9">326373.8667</dst>
      <dst id="17">376974.7200</dst>
      <dst id="21">24.1600</dst>
      <dst id="15">861.0133</dst>
    </src>
    <src id="17">
      <dst id="12">229894.5244</dst>
      <dst id="13">16506.6756</dst>
      <dst id="19">1857.8400</dst>
      <dst id="23">532.4444</dst>
      <dst id="8">2455.2178</dst>
      <dst id="18">1171.4400</dst>
      <dst id="4">25628.1689</dst>
      <dst id="1">9254.0978</dst>
      <dst id="5">185235.8133</dst>
      <dst id="3">11319.1644</dst>
      <dst id="10">2040.6667</dst>
      <dst id="22">21418.3911</dst>
      <dst id="7">16909.2533</dst>
      <dst id="2">18623.6444</dst>
      <dst id="6">390.8622</dst>
      <dst id="16">16141.1200</dst>
      <dst id="14">34595.1289</dst>
      <dst id="20">6067.2444</dst>
      <dst id="11">29869.5022</dst>
      <dst id="9">7123.6533</dst>
      <dst id="17">39150.1600</dst>
      <dst id="21">17880.9956</dst>
      <dst id="15">4271.6889</dst>
    </src>
    <src id="21">
      <dst id="12">10169.0400</dst>
      <dst id="13">4477.3333</dst>
      <dst id="19">874.3022</dst>
      <dst id="23">53.2000</dst>
      <dst id="8">419.5289</dst>
      <dst id="18">1776.8089</dst>
      <dst id="4">2498.1867</dst>
      <dst id="1">4560.1600</dst>
      <dst id="5">816.9600</dst>
      <dst id="3">2664.4889</dst>
      <dst id="10">681.2267</dst>
      <dst id="22">5941.9111</dst>
      <dst id="7">1845.7156</dst>
      <dst id="2">5668.3644</dst>
      <dst id="6">145.3422</dst>
      <dst id="16">2275.6356</dst>
      <dst id="14">385.4578</dst>
      <dst id="20">3236.1067</dst>
      <dst id="11">102.1867</dst>
      <dst id="9">698.3022</dst>
      <dst id="17">33468.8000</dst>
      <dst id="21">2960.9600</dst>
      <dst id="15">134.1689</dst>
    </src>
    <src id="15">
      <dst id="12">1389.5822</dst>
      <dst id="13">39.7778</dst>
      <dst id="19">1.2089</dst>
      <dst id="23">6.3022</dst>
      <dst id="8">3300.1956</dst>
      <dst id="18">665.3778</dst>
      <dst id="4">2666.0444</dst>
      <dst id="1">126.5067</dst>
      <dst id="5">310.4444</dst>
      <dst id="3">3993.0667</dst>
      <dst id="10">36.1067</dst>
      <dst id="7">2369.5467</dst>
      <dst id="2">79.6978</dst>
      <dst id="16">1.0667</dst>
      <dst id="14">1741.8400</dst>
      <dst id="11">16.4889</dst>
      <dst id="9">892.7644</dst>
      <dst id="17">5167.6622</dst>
    </src>
  </IntraTM>
</TrafficMatrixFile>
