<?xml version="1.0" encoding="UTF-8" standalone="yes"?>
<TrafficMatrixFile xmlns:xsi="http://www.w3.org/2001/XMLSchema-instance" xsi:noNamespaceSchemaLocation="http://totem.run.montefiore.ulg.ac.be/Schema/TrafficMatrix-v1_2.xsd">
  <info>
    <title>Intradomain traffic matrix generated by geant-TM-all.pl</title>
    <date>2005-04-02T22:30:00</date>
    <duration>900</duration>
    <author>Steve Uhlig</author>
    <units>
        <unit type="bandwidth" value="kbps"/>
    </units>
  </info>
  <IntraTM ASID="20965">
    <src id="12">
      <dst id="12">494157.2889</dst>
      <dst id="13">35690.7378</dst>
      <dst id="19">6003.1022</dst>
      <dst id="23">17347.1733</dst>
      <dst id="8">348.6222</dst>
      <dst id="18">100151.4933</dst>
      <dst id="4">7259.5911</dst>
      <dst id="1">29062.2844</dst>
      <dst id="5">3078.2667</dst>
      <dst id="3">1228.0356</dst>
      <dst id="10">1068.9244</dst>
      <dst id="22">7836.2489</dst>
      <dst id="7">6133.7956</dst>
      <dst id="2">45065.0489</dst>
      <dst id="16">13055.7156</dst>
      <dst id="14">460.7644</dst>
      <dst id="20">8115.3956</dst>
      <dst id="11">1163.5289</dst>
      <dst id="9">4786.6311</dst>
      <dst id="17">67251.8400</dst>
      <dst id="21">5706.6844</dst>
      <dst id="15">642.9600</dst>
    </src>
    <src id="13">
      <dst id="12">12036.0889</dst>
      <dst id="13">142.8800</dst>
      <dst id="19">3056.0267</dst>
      <dst id="23">116.4000</dst>
      <dst id="8">12764.3733</dst>
      <dst id="18">1097.7333</dst>
      <dst id="4">1.6000</dst>
      <dst id="1">11430.2933</dst>
      <dst id="5">2639.0933</dst>
      <dst id="3">1413.5644</dst>
      <dst id="22">6665.0756</dst>
      <dst id="7">1007.8844</dst>
      <dst id="2">13499.0489</dst>
      <dst id="16">1162.7822</dst>
      <dst id="14">167.4400</dst>
      <dst id="20">1520.4978</dst>
      <dst id="11">2478.7289</dst>
      <dst id="9">8745.9289</dst>
      <dst id="17">50194.7644</dst>
      <dst id="21">1764.1067</dst>
      <dst id="15">122.5156</dst>
    </src>
    <src id="19">
      <dst id="12">23149.3956</dst>
      <dst id="13">13473.5911</dst>
      <dst id="23">89.3244</dst>
      <dst id="8">1251.7956</dst>
      <dst id="18">50.8800</dst>
      <dst id="4">613.8756</dst>
      <dst id="1">283.1467</dst>
      <dst id="5">212.6222</dst>
      <dst id="3">32.1511</dst>
      <dst id="10">151.4133</dst>
      <dst id="22">518.6844</dst>
      <dst id="7">2450.1244</dst>
      <dst id="2">769.1200</dst>
      <dst id="16">2264.5067</dst>
      <dst id="14">51.0844</dst>
      <dst id="20">340.9600</dst>
      <dst id="11">62.0800</dst>
      <dst id="9">185.9289</dst>
      <dst id="17">3045.5556</dst>
      <dst id="21">179.1911</dst>
      <dst id="15">10.7822</dst>
    </src>
    <src id="23">
      <dst id="12">3130.3556</dst>
      <dst id="13">1267.2267</dst>
      <dst id="19">0.3556</dst>
      <dst id="18">30.5956</dst>
      <dst id="4">315.7778</dst>
      <dst id="1">77.7956</dst>
      <dst id="5">0.8178</dst>
      <dst id="10">107.8222</dst>
      <dst id="22">900.2044</dst>
      <dst id="7">275.1200</dst>
      <dst id="2">54.0533</dst>
      <dst id="16">76.7467</dst>
      <dst id="14">14.2756</dst>
      <dst id="20">94.1511</dst>
      <dst id="11">60.2222</dst>
      <dst id="9">2070.6133</dst>
      <dst id="17">2564.9956</dst>
      <dst id="21">3521.0844</dst>
      <dst id="15">3.0222</dst>
    </src>
    <src id="8">
      <dst id="12">7192.9867</dst>
      <dst id="13">1404.6400</dst>
      <dst id="19">678.7289</dst>
      <dst id="18">0.7644</dst>
      <dst id="4">18.6933</dst>
      <dst id="1">1593.4044</dst>
      <dst id="5">2329.5022</dst>
      <dst id="3">80.0000</dst>
      <dst id="10">560.9600</dst>
      <dst id="22">1078.9156</dst>
      <dst id="2">13.7244</dst>
      <dst id="16">152887.1378</dst>
      <dst id="9">56437.1644</dst>
      <dst id="17">15924.6311</dst>
      <dst id="21">20.0444</dst>
      <dst id="15">16.1067</dst>
    </src>
    <src id="18">
      <dst id="12">201789.2889</dst>
      <dst id="13">470.3200</dst>
      <dst id="19">64.1333</dst>
      <dst id="23">2.3467</dst>
      <dst id="4">32.2844</dst>
      <dst id="1">1307.8933</dst>
      <dst id="5">1001.2178</dst>
      <dst id="3">3167.4222</dst>
      <dst id="10">45.2533</dst>
      <dst id="22">109.4133</dst>
      <dst id="7">64.4444</dst>
      <dst id="2">16369.0489</dst>
      <dst id="16">669.7067</dst>
      <dst id="14">0.4622</dst>
      <dst id="20">9369.3156</dst>
      <dst id="11">2.1156</dst>
      <dst id="9">745.4311</dst>
      <dst id="17">7275.4844</dst>
      <dst id="21">510.3289</dst>
      <dst id="15">0.4622</dst>
    </src>
    <src id="4">
      <dst id="12">17073.5556</dst>
      <dst id="13">382.5156</dst>
      <dst id="19">14793.5378</dst>
      <dst id="23">2370.5511</dst>
      <dst id="8">1070.3644</dst>
      <dst id="18">1751.0222</dst>
      <dst id="4">2879.4044</dst>
      <dst id="1">33647.1911</dst>
      <dst id="5">5653.5822</dst>
      <dst id="3">1477.4311</dst>
      <dst id="22">2716.9600</dst>
      <dst id="7">4352.5422</dst>
      <dst id="2">89000.8711</dst>
      <dst id="16">143937.1911</dst>
      <dst id="14">6124.4978</dst>
      <dst id="11">624.6667</dst>
      <dst id="9">31809.5200</dst>
      <dst id="17">126143.6711</dst>
      <dst id="21">22476.8000</dst>
      <dst id="15">1184.4889</dst>
    </src>
    <src id="1">
      <dst id="12">425263.7867</dst>
      <dst id="13">6551.0133</dst>
      <dst id="19">1102.2311</dst>
      <dst id="23">76.9956</dst>
      <dst id="8">73.8222</dst>
      <dst id="18">13675.1556</dst>
      <dst id="4">2420.7733</dst>
      <dst id="1">31528.8444</dst>
      <dst id="5">150.7822</dst>
      <dst id="3">2456.4178</dst>
      <dst id="10">796.1156</dst>
      <dst id="22">130.2133</dst>
      <dst id="7">4996.3644</dst>
      <dst id="2">46490.5422</dst>
      <dst id="16">841453.7067</dst>
      <dst id="14">174.5867</dst>
      <dst id="20">1340.7200</dst>
      <dst id="11">1140.6311</dst>
      <dst id="9">4402.0000</dst>
      <dst id="17">618203.6711</dst>
      <dst id="21">7227.6267</dst>
      <dst id="15">107.4489</dst>
    </src>
    <src id="5">
      <dst id="12">17841.6889</dst>
      <dst id="13">1366.9956</dst>
      <dst id="19">792.4356</dst>
      <dst id="23">0.9422</dst>
      <dst id="8">613.2444</dst>
      <dst id="18">72.9333</dst>
      <dst id="4">373.4756</dst>
      <dst id="1">2456.6578</dst>
      <dst id="10">354.2667</dst>
      <dst id="22">127.7778</dst>
      <dst id="2">466.9689</dst>
      <dst id="16">332658.6311</dst>
      <dst id="14">48.6311</dst>
      <dst id="11">19.8578</dst>
      <dst id="9">63824.2222</dst>
      <dst id="17">32540.4533</dst>
      <dst id="21">74.7378</dst>
      <dst id="15">38.7733</dst>
    </src>
    <src id="3">
      <dst id="12">3607.5644</dst>
      <dst id="13">22699.3600</dst>
      <dst id="19">1204.8356</dst>
      <dst id="23">97.2089</dst>
      <dst id="8">145.9467</dst>
      <dst id="18">206.8267</dst>
      <dst id="4">794.6578</dst>
      <dst id="1">13176.4356</dst>
      <dst id="5">375.1022</dst>
      <dst id="3">678.9867</dst>
      <dst id="10">446.5333</dst>
      <dst id="22">18.6133</dst>
      <dst id="7">1161.3511</dst>
      <dst id="2">3899.2800</dst>
      <dst id="16">63785.5467</dst>
      <dst id="14">132.4000</dst>
      <dst id="20">389.2444</dst>
      <dst id="11">206.9956</dst>
      <dst id="9">1364.7289</dst>
      <dst id="17">39706.5511</dst>
      <dst id="21">2507.1644</dst>
      <dst id="15">51.2711</dst>
    </src>
    <src id="10">
      <dst id="12">16019.9644</dst>
      <dst id="13">122.1956</dst>
      <dst id="19">7842.5333</dst>
      <dst id="23">1252.1600</dst>
      <dst id="8">362.8800</dst>
      <dst id="18">352.5511</dst>
      <dst id="1">7417.6978</dst>
      <dst id="5">982.2311</dst>
      <dst id="3">425.6267</dst>
      <dst id="22">203.9289</dst>
      <dst id="7">472.2756</dst>
      <dst id="2">20594.2933</dst>
      <dst id="16">83176.3022</dst>
      <dst id="14">2164.5067</dst>
      <dst id="20">2074.4178</dst>
      <dst id="11">46.1867</dst>
      <dst id="9">13976.3822</dst>
      <dst id="17">63643.9911</dst>
      <dst id="21">5485.3956</dst>
      <dst id="15">261.1289</dst>
    </src>
    <src id="22">
      <dst id="12">14690.1511</dst>
      <dst id="13">9981.7422</dst>
      <dst id="19">225.9733</dst>
      <dst id="23">121.4133</dst>
      <dst id="8">369.0756</dst>
      <dst id="18">26.5244</dst>
      <dst id="4">1427.5022</dst>
      <dst id="1">1248.5867</dst>
      <dst id="5">1466.7822</dst>
      <dst id="3">14.3378</dst>
      <dst id="10">654.0978</dst>
      <dst id="7">83.3778</dst>
      <dst id="2">2732.8089</dst>
      <dst id="16">2296.0622</dst>
      <dst id="14">129.6800</dst>
      <dst id="11">329.2178</dst>
      <dst id="9">2986.6311</dst>
      <dst id="17">12121.8044</dst>
      <dst id="21">285.9467</dst>
    </src>
    <src id="7">
      <dst id="12">23473.3956</dst>
      <dst id="13">78631.3244</dst>
      <dst id="19">2058.4356</dst>
      <dst id="23">206.5956</dst>
      <dst id="8">4.7644</dst>
      <dst id="18">177.0756</dst>
      <dst id="4">1106.9956</dst>
      <dst id="1">10289.6089</dst>
      <dst id="5">19.5289</dst>
      <dst id="3">508.7733</dst>
      <dst id="10">425.0222</dst>
      <dst id="22">827.5022</dst>
      <dst id="7">35.0400</dst>
      <dst id="2">6689.8311</dst>
      <dst id="16">1520.3111</dst>
      <dst id="14">2412.9422</dst>
      <dst id="20">1140.0622</dst>
      <dst id="11">202.3467</dst>
      <dst id="9">1117.4044</dst>
      <dst id="17">26279.9200</dst>
      <dst id="21">7877.9911</dst>
      <dst id="15">34.1067</dst>
    </src>
    <src id="2">
      <dst id="12">138686.0711</dst>
      <dst id="13">40692.5067</dst>
      <dst id="19">2517.1378</dst>
      <dst id="23">7.1111</dst>
      <dst id="8">99.6444</dst>
      <dst id="18">42459.9556</dst>
      <dst id="4">4254.7911</dst>
      <dst id="1">21569.0222</dst>
      <dst id="5">859.6800</dst>
      <dst id="3">330.0711</dst>
      <dst id="10">2652.2044</dst>
      <dst id="22">1369.6533</dst>
      <dst id="7">8982.4267</dst>
      <dst id="2">3746.0444</dst>
      <dst id="6">12.5778</dst>
      <dst id="16">2528.9511</dst>
      <dst id="14">627.4844</dst>
      <dst id="20">527.6800</dst>
      <dst id="11">347.6889</dst>
      <dst id="9">4912.1333</dst>
      <dst id="17">66542.2400</dst>
      <dst id="21">14725.0133</dst>
      <dst id="15">885.5556</dst>
    </src>
    <src id="6">
      <dst id="12">553.8222</dst>
      <dst id="13">162.4444</dst>
      <dst id="19">152.9778</dst>
      <dst id="18">4.0356</dst>
      <dst id="4">2.4356</dst>
      <dst id="1">630.2311</dst>
      <dst id="5">79.9200</dst>
      <dst id="3">18.0978</dst>
      <dst id="10">0.3556</dst>
      <dst id="22">72.8978</dst>
      <dst id="7">174.3467</dst>
      <dst id="2">2048.9511</dst>
      <dst id="16">74.4178</dst>
      <dst id="20">1.5111</dst>
      <dst id="9">83.5822</dst>
      <dst id="17">29257.4578</dst>
      <dst id="21">15.9911</dst>
      <dst id="15">4.0000</dst>
    </src>
    <src id="16">
      <dst id="12">183086.8533</dst>
      <dst id="13">1017.1289</dst>
      <dst id="19">147.6800</dst>
      <dst id="23">15.0756</dst>
      <dst id="8">91289.5289</dst>
      <dst id="18">14.5689</dst>
      <dst id="4">571.2711</dst>
      <dst id="1">861.8400</dst>
      <dst id="5">313037.7244</dst>
      <dst id="3">9027.2000</dst>
      <dst id="10">596.5422</dst>
      <dst id="7">40.5156</dst>
      <dst id="2">984.5156</dst>
      <dst id="16">32629.1289</dst>
      <dst id="14">78490.0978</dst>
      <dst id="11">30711.6356</dst>
      <dst id="9">322173.2978</dst>
      <dst id="17">5137.5467</dst>
      <dst id="21">11.1289</dst>
    </src>
    <src id="14">
      <dst id="12">536.5511</dst>
      <dst id="13">486.7733</dst>
      <dst id="19">8.7822</dst>
      <dst id="23">2.3822</dst>
      <dst id="8">1.0222</dst>
      <dst id="18">14.3644</dst>
      <dst id="4">323.0933</dst>
      <dst id="1">368.1244</dst>
      <dst id="5">81.2178</dst>
      <dst id="3">928.9244</dst>
      <dst id="10">240.2133</dst>
      <dst id="7">125.0933</dst>
      <dst id="2">2216.7556</dst>
      <dst id="16">5521.8489</dst>
      <dst id="20">11.7511</dst>
      <dst id="11">13.7689</dst>
      <dst id="9">218.6044</dst>
      <dst id="17">37537.2267</dst>
      <dst id="21">248.5333</dst>
      <dst id="15">0.5244</dst>
    </src>
    <src id="20">
      <dst id="12">165.8044</dst>
      <dst id="13">9450.9600</dst>
      <dst id="19">501.2356</dst>
      <dst id="23">6.9067</dst>
      <dst id="8">1.7511</dst>
      <dst id="18">322.9956</dst>
      <dst id="4">135.0933</dst>
      <dst id="1">155.0578</dst>
      <dst id="5">723.1289</dst>
      <dst id="3">1.0311</dst>
      <dst id="10">73.9556</dst>
      <dst id="7">732.4000</dst>
      <dst id="2">1880.8089</dst>
      <dst id="16">9764.7911</dst>
      <dst id="14">29.1911</dst>
      <dst id="20">61.4489</dst>
      <dst id="9">2982.6311</dst>
      <dst id="17">6875.8400</dst>
      <dst id="21">214.4444</dst>
    </src>
    <src id="11">
      <dst id="12">24889.0133</dst>
      <dst id="13">3965.3244</dst>
      <dst id="19">114.2667</dst>
      <dst id="23">21.7867</dst>
      <dst id="8">48.5156</dst>
      <dst id="18">426.5956</dst>
      <dst id="4">1576.4889</dst>
      <dst id="1">3507.6444</dst>
      <dst id="5">1275.0667</dst>
      <dst id="3">1880.8978</dst>
      <dst id="10">901.6267</dst>
      <dst id="22">53.5378</dst>
      <dst id="7">107.2622</dst>
      <dst id="2">73047.9022</dst>
      <dst id="16">21317.8133</dst>
      <dst id="14">20.7022</dst>
      <dst id="20">597.0933</dst>
      <dst id="11">2135.7244</dst>
      <dst id="9">7641.0311</dst>
      <dst id="17">756116.2489</dst>
      <dst id="21">916.3467</dst>
      <dst id="15">24.1422</dst>
    </src>
    <src id="9">
      <dst id="12">28440.2222</dst>
      <dst id="13">8282.7556</dst>
      <dst id="19">2159.3067</dst>
      <dst id="23">73.9556</dst>
      <dst id="8">51608.6844</dst>
      <dst id="18">95.7956</dst>
      <dst id="4">1172.6222</dst>
      <dst id="1">7034.3733</dst>
      <dst id="5">6546.7200</dst>
      <dst id="3">0.7822</dst>
      <dst id="10">652.9422</dst>
      <dst id="22">14.6489</dst>
      <dst id="7">229.1022</dst>
      <dst id="2">440.5600</dst>
      <dst id="16">462374.3556</dst>
      <dst id="14">64.9422</dst>
      <dst id="11">58.3289</dst>
      <dst id="9">333027.8756</dst>
      <dst id="17">46069.1911</dst>
      <dst id="21">15.8400</dst>
      <dst id="15">125.7244</dst>
    </src>
    <src id="17">
      <dst id="12">87709.9378</dst>
      <dst id="13">35022.0800</dst>
      <dst id="19">6076.1956</dst>
      <dst id="23">138.1778</dst>
      <dst id="8">9600.4444</dst>
      <dst id="18">481.7600</dst>
      <dst id="4">5556.4978</dst>
      <dst id="1">24585.0489</dst>
      <dst id="5">162340.1511</dst>
      <dst id="3">12784.0000</dst>
      <dst id="10">2948.4089</dst>
      <dst id="22">878.4622</dst>
      <dst id="7">19284.5956</dst>
      <dst id="2">12665.0044</dst>
      <dst id="16">105245.1022</dst>
      <dst id="14">27259.6622</dst>
      <dst id="20">1205.4133</dst>
      <dst id="11">15959.9289</dst>
      <dst id="9">16773.1733</dst>
      <dst id="17">19782.9778</dst>
      <dst id="21">10299.2178</dst>
      <dst id="15">1425.8933</dst>
    </src>
    <src id="21">
      <dst id="12">1378.0356</dst>
      <dst id="13">22442.8711</dst>
      <dst id="19">352.4089</dst>
      <dst id="23">144.6133</dst>
      <dst id="8">30.2933</dst>
      <dst id="18">736.3644</dst>
      <dst id="4">692.2489</dst>
      <dst id="1">3764.2044</dst>
      <dst id="5">520.6311</dst>
      <dst id="3">3196.5511</dst>
      <dst id="10">524.8356</dst>
      <dst id="22">130.3111</dst>
      <dst id="7">941.7244</dst>
      <dst id="2">7112.0800</dst>
      <dst id="16">9128.0711</dst>
      <dst id="14">202.3378</dst>
      <dst id="20">1043.1022</dst>
      <dst id="11">948.2400</dst>
      <dst id="9">1316.0178</dst>
      <dst id="17">23411.3689</dst>
      <dst id="21">2432.4800</dst>
      <dst id="15">79.1911</dst>
    </src>
    <src id="15">
      <dst id="12">94.0089</dst>
      <dst id="13">695.0933</dst>
      <dst id="19">440.6222</dst>
      <dst id="23">14.1867</dst>
      <dst id="8">16.4444</dst>
      <dst id="18">15.2356</dst>
      <dst id="4">65.8222</dst>
      <dst id="1">319.0044</dst>
      <dst id="5">436.6756</dst>
      <dst id="10">43.2711</dst>
      <dst id="7">0.4800</dst>
      <dst id="2">36.6578</dst>
      <dst id="16">876.5422</dst>
      <dst id="14">26.6667</dst>
      <dst id="11">12.6222</dst>
      <dst id="9">813.2889</dst>
      <dst id="17">451.1556</dst>
      <dst id="21">34.2311</dst>
    </src>
  </IntraTM>
</TrafficMatrixFile>
