<?xml version="1.0" encoding="UTF-8" standalone="yes"?>
<TrafficMatrixFile xmlns:xsi="http://www.w3.org/2001/XMLSchema-instance" xsi:noNamespaceSchemaLocation="http://totem.run.montefiore.ulg.ac.be/Schema/TrafficMatrix-v1_2.xsd">
  <info>
    <title>Intradomain traffic matrix generated by geant-TM-all.pl</title>
    <date>2005-01-17T00:00:00</date>
    <duration>900</duration>
    <author>Steve Uhlig</author>
    <units>
        <unit type="bandwidth" value="kbps"/>
    </units>
  </info>
  <IntraTM ASID="20965">
    <src id="12">
      <dst id="12">350034.3911</dst>
      <dst id="13">41978.9689</dst>
      <dst id="19">7950.9600</dst>
      <dst id="23">2320.1067</dst>
      <dst id="8">3778.5067</dst>
      <dst id="18">235764.7644</dst>
      <dst id="4">77241.7600</dst>
      <dst id="1">12684.8444</dst>
      <dst id="5">3160.3111</dst>
      <dst id="3">28037.5378</dst>
      <dst id="10">11743.5111</dst>
      <dst id="22">13327.3778</dst>
      <dst id="7">14377.7778</dst>
      <dst id="2">70913.7956</dst>
      <dst id="16">11885.1644</dst>
      <dst id="14">833.5378</dst>
      <dst id="20">12071.6533</dst>
      <dst id="11">8005.2444</dst>
      <dst id="9">5342.1422</dst>
      <dst id="17">70869.5111</dst>
      <dst id="21">17890.2756</dst>
      <dst id="15">1686.3556</dst>
    </src>
    <src id="13">
      <dst id="12">67160.1333</dst>
      <dst id="19">15469.5022</dst>
      <dst id="23">259.7867</dst>
      <dst id="8">4475.5378</dst>
      <dst id="18">12482.9511</dst>
      <dst id="4">402.2756</dst>
      <dst id="1">17803.4400</dst>
      <dst id="5">6818.1867</dst>
      <dst id="3">34702.0622</dst>
      <dst id="22">23320.0711</dst>
      <dst id="7">50872.3822</dst>
      <dst id="2">153222.6222</dst>
      <dst id="16">15762.4622</dst>
      <dst id="14">1791.2622</dst>
      <dst id="20">28909.0311</dst>
      <dst id="11">15164.1333</dst>
      <dst id="9">34110.0889</dst>
      <dst id="17">124832.8622</dst>
      <dst id="21">22100.4889</dst>
      <dst id="15">2534.5156</dst>
    </src>
    <src id="19">
      <dst id="12">15963.2622</dst>
      <dst id="13">3222.9422</dst>
      <dst id="23">710.7733</dst>
      <dst id="8">3.3333</dst>
      <dst id="18">114.8444</dst>
      <dst id="4">24803.6089</dst>
      <dst id="1">3090.0533</dst>
      <dst id="5">130.3644</dst>
      <dst id="3">123.8844</dst>
      <dst id="10">660.6844</dst>
      <dst id="22">1172.3822</dst>
      <dst id="7">3309.2089</dst>
      <dst id="2">2946.2133</dst>
      <dst id="16">14742.8800</dst>
      <dst id="20">3511.7867</dst>
      <dst id="11">165.1911</dst>
      <dst id="9">6086.7289</dst>
      <dst id="17">1817.5911</dst>
      <dst id="21">446.5156</dst>
      <dst id="15">1.1911</dst>
    </src>
    <src id="23">
      <dst id="12">399.0578</dst>
      <dst id="13">798.0444</dst>
      <dst id="19">78.4622</dst>
      <dst id="8">0.3556</dst>
      <dst id="18">16.8356</dst>
      <dst id="4">74.6044</dst>
      <dst id="1">118.5333</dst>
      <dst id="5">29.6889</dst>
      <dst id="3">641.4133</dst>
      <dst id="22">522.5244</dst>
      <dst id="7">810.3644</dst>
      <dst id="2">139.6622</dst>
      <dst id="16">314.6133</dst>
      <dst id="14">0.8178</dst>
      <dst id="20">231.7156</dst>
      <dst id="11">252.8267</dst>
      <dst id="9">492.9689</dst>
      <dst id="17">2250.9600</dst>
      <dst id="21">2281.5378</dst>
      <dst id="15">80.0000</dst>
    </src>
    <src id="8">
      <dst id="12">36222.3911</dst>
      <dst id="13">1273.0667</dst>
      <dst id="19">1.2800</dst>
      <dst id="18">73.3511</dst>
      <dst id="4">7546.0889</dst>
      <dst id="1">3780.5422</dst>
      <dst id="5">5057.2800</dst>
      <dst id="3">48.3556</dst>
      <dst id="10">391.7778</dst>
      <dst id="22">1438.6133</dst>
      <dst id="7">415.3511</dst>
      <dst id="2">2297.8578</dst>
      <dst id="16">445.6533</dst>
      <dst id="14">0.5422</dst>
      <dst id="20">753.1022</dst>
      <dst id="11">225.8133</dst>
      <dst id="9">156534.2756</dst>
      <dst id="17">442182.0267</dst>
      <dst id="21">42.2311</dst>
      <dst id="15">4307.7600</dst>
    </src>
    <src id="18">
      <dst id="12">211316.6756</dst>
      <dst id="13">862.0800</dst>
      <dst id="19">55.8044</dst>
      <dst id="23">14.4000</dst>
      <dst id="8">102.1778</dst>
      <dst id="4">2833.3244</dst>
      <dst id="1">3290.7111</dst>
      <dst id="5">769.5022</dst>
      <dst id="3">566.4178</dst>
      <dst id="10">569.0578</dst>
      <dst id="22">970.4622</dst>
      <dst id="7">346.7378</dst>
      <dst id="2">75506.9778</dst>
      <dst id="16">104.9778</dst>
      <dst id="14">25.4578</dst>
      <dst id="20">162.2578</dst>
      <dst id="11">307.9378</dst>
      <dst id="9">842.1511</dst>
      <dst id="17">32715.6978</dst>
      <dst id="21">2713.0756</dst>
      <dst id="15">77.4133</dst>
    </src>
    <src id="4">
      <dst id="12">19218.9422</dst>
      <dst id="19">19762.0711</dst>
      <dst id="8">3847.9200</dst>
      <dst id="18">3192.0533</dst>
      <dst id="4">509.4578</dst>
      <dst id="1">40175.7867</dst>
      <dst id="5">2003.6267</dst>
      <dst id="3">1458.7822</dst>
      <dst id="22">4812.9333</dst>
      <dst id="7">87706.2667</dst>
      <dst id="2">64170.4800</dst>
      <dst id="16">3530.4178</dst>
      <dst id="14">12339.4578</dst>
      <dst id="20">1859.7689</dst>
      <dst id="11">3588.6756</dst>
      <dst id="9">4926.0622</dst>
      <dst id="17">29500.0089</dst>
      <dst id="21">6120.1067</dst>
      <dst id="15">509.3600</dst>
    </src>
    <src id="1">
      <dst id="12">30708.5778</dst>
      <dst id="13">17471.6978</dst>
      <dst id="19">5283.4489</dst>
      <dst id="23">167.3067</dst>
      <dst id="8">316.3733</dst>
      <dst id="18">15181.2178</dst>
      <dst id="4">14027.9467</dst>
      <dst id="1">60276.4178</dst>
      <dst id="5">509.8311</dst>
      <dst id="3">25097.9644</dst>
      <dst id="10">1234.3556</dst>
      <dst id="22">26265.3600</dst>
      <dst id="7">84770.3911</dst>
      <dst id="2">24517.5733</dst>
      <dst id="16">24909.7778</dst>
      <dst id="14">290.6844</dst>
      <dst id="20">3007.8044</dst>
      <dst id="11">2899.4667</dst>
      <dst id="9">2255.7600</dst>
      <dst id="17">18870.5067</dst>
      <dst id="21">12428.2844</dst>
      <dst id="15">457.5022</dst>
    </src>
    <src id="5">
      <dst id="12">30820.6222</dst>
      <dst id="13">5067.6622</dst>
      <dst id="19">7667.4756</dst>
      <dst id="23">194.8000</dst>
      <dst id="8">3101.4933</dst>
      <dst id="18">1776.3644</dst>
      <dst id="4">8664.8267</dst>
      <dst id="1">4009.2000</dst>
      <dst id="3">432.2222</dst>
      <dst id="10">1741.7422</dst>
      <dst id="22">12973.5289</dst>
      <dst id="7">150.3733</dst>
      <dst id="2">5186.9422</dst>
      <dst id="16">957.1378</dst>
      <dst id="20">3541.1200</dst>
      <dst id="11">1251.7067</dst>
      <dst id="9">124903.5289</dst>
      <dst id="17">340191.1733</dst>
      <dst id="21">1899.6800</dst>
      <dst id="15">2659.6444</dst>
    </src>
    <src id="3">
      <dst id="12">17075.7778</dst>
      <dst id="13">2685.0844</dst>
      <dst id="19">1146.4089</dst>
      <dst id="23">314.3644</dst>
      <dst id="8">142.6400</dst>
      <dst id="18">2947.9556</dst>
      <dst id="4">37760.1422</dst>
      <dst id="1">54157.4311</dst>
      <dst id="5">2465.7956</dst>
      <dst id="3">13.2533</dst>
      <dst id="10">1736.2222</dst>
      <dst id="22">8096.3022</dst>
      <dst id="7">95435.3422</dst>
      <dst id="2">17751.9200</dst>
      <dst id="16">1318.9600</dst>
      <dst id="14">334.1956</dst>
      <dst id="20">1351.3244</dst>
      <dst id="11">1990.0889</dst>
      <dst id="9">1314.2044</dst>
      <dst id="17">18256.6489</dst>
      <dst id="21">33766.3022</dst>
      <dst id="15">273.8400</dst>
    </src>
    <src id="10">
      <dst id="12">46022.1333</dst>
      <dst id="19">3572.1156</dst>
      <dst id="8">179853.3156</dst>
      <dst id="18">7630.1067</dst>
      <dst id="4">2397.2711</dst>
      <dst id="1">2922.5156</dst>
      <dst id="5">261070.2222</dst>
      <dst id="3">38259.4400</dst>
      <dst id="22">3335.7333</dst>
      <dst id="7">21443.4311</dst>
      <dst id="2">61694.3556</dst>
      <dst id="16">3007.5911</dst>
      <dst id="14">40183.3511</dst>
      <dst id="20">6186.6844</dst>
      <dst id="11">279346.1156</dst>
      <dst id="9">372811.7867</dst>
      <dst id="17">43499.9289</dst>
      <dst id="21">24105.0222</dst>
      <dst id="15">5079.6444</dst>
    </src>
    <src id="22">
      <dst id="12">16217.4222</dst>
      <dst id="13">6818.7200</dst>
      <dst id="19">176.1244</dst>
      <dst id="23">851.3867</dst>
      <dst id="8">1751.8844</dst>
      <dst id="18">774.9956</dst>
      <dst id="4">14577.9022</dst>
      <dst id="1">1351.2089</dst>
      <dst id="5">5673.3422</dst>
      <dst id="3">976.4533</dst>
      <dst id="10">1059.0489</dst>
      <dst id="7">5096.8178</dst>
      <dst id="2">4066.3911</dst>
      <dst id="16">13.3333</dst>
      <dst id="14">138.9244</dst>
      <dst id="11">4286.8889</dst>
      <dst id="9">3166.5867</dst>
      <dst id="17">16627.8044</dst>
      <dst id="21">1983.5022</dst>
    </src>
    <src id="7">
      <dst id="12">13016.9867</dst>
      <dst id="13">3838.2578</dst>
      <dst id="19">3360.7111</dst>
      <dst id="23">760.4356</dst>
      <dst id="8">480.0444</dst>
      <dst id="18">1643.9911</dst>
      <dst id="4">27021.4222</dst>
      <dst id="1">18474.2044</dst>
      <dst id="5">1735.9289</dst>
      <dst id="3">2293.7422</dst>
      <dst id="10">1816.7911</dst>
      <dst id="22">5003.4044</dst>
      <dst id="7">862.8800</dst>
      <dst id="2">14227.6356</dst>
      <dst id="16">1610.5067</dst>
      <dst id="14">151.4756</dst>
      <dst id="20">10575.6178</dst>
      <dst id="11">1167.0133</dst>
      <dst id="9">2343.5200</dst>
      <dst id="17">23809.8400</dst>
      <dst id="21">11658.8089</dst>
      <dst id="15">336.7111</dst>
    </src>
    <src id="2">
      <dst id="12">149096.5422</dst>
      <dst id="13">25315.2889</dst>
      <dst id="19">1780.0178</dst>
      <dst id="23">149.0756</dst>
      <dst id="8">5385.9733</dst>
      <dst id="18">201922.3467</dst>
      <dst id="4">96382.8356</dst>
      <dst id="1">31831.3600</dst>
      <dst id="5">1172.8267</dst>
      <dst id="3">307.3778</dst>
      <dst id="10">11230.4356</dst>
      <dst id="22">2285.9733</dst>
      <dst id="7">16474.4356</dst>
      <dst id="2">882.6578</dst>
      <dst id="16">1026.9333</dst>
      <dst id="14">211.1644</dst>
      <dst id="20">1621.6089</dst>
      <dst id="11">10200.4533</dst>
      <dst id="9">4230.7467</dst>
      <dst id="17">31404.1333</dst>
      <dst id="21">10037.4133</dst>
      <dst id="15">4226.5778</dst>
    </src>
    <src id="6">
      <dst id="12">400.5333</dst>
      <dst id="13">90.9689</dst>
      <dst id="19">176.4444</dst>
      <dst id="23">1.3867</dst>
      <dst id="8">35.9467</dst>
      <dst id="18">8.0178</dst>
      <dst id="4">80.8800</dst>
      <dst id="1">207.0222</dst>
      <dst id="5">2.5511</dst>
      <dst id="3">11.9200</dst>
      <dst id="10">24.6311</dst>
      <dst id="22">111.0044</dst>
      <dst id="7">296.4000</dst>
      <dst id="2">2028.2489</dst>
      <dst id="16">70.0711</dst>
      <dst id="20">2.3467</dst>
      <dst id="11">33.3600</dst>
      <dst id="9">15.2800</dst>
      <dst id="17">5624.9689</dst>
      <dst id="21">13.4667</dst>
      <dst id="15">24.8444</dst>
    </src>
    <src id="16">
      <dst id="12">4414.8356</dst>
      <dst id="13">681.2711</dst>
      <dst id="19">4329.1111</dst>
      <dst id="23">626.9956</dst>
      <dst id="8">5497.7422</dst>
      <dst id="18">245.5467</dst>
      <dst id="4">4739.7422</dst>
      <dst id="1">26043.5111</dst>
      <dst id="5">4823.0933</dst>
      <dst id="3">35.2000</dst>
      <dst id="10">227.4578</dst>
      <dst id="7">3476.4889</dst>
      <dst id="2">2041.4400</dst>
      <dst id="16">38.4444</dst>
      <dst id="14">31.1111</dst>
      <dst id="11">1298.7911</dst>
      <dst id="9">9764.8089</dst>
      <dst id="17">12142.0000</dst>
      <dst id="21">628.9422</dst>
    </src>
    <src id="14">
      <dst id="12">3929.9733</dst>
      <dst id="13">152.0800</dst>
      <dst id="19">14.8622</dst>
      <dst id="23">40.0000</dst>
      <dst id="8">0.3644</dst>
      <dst id="18">34.1422</dst>
      <dst id="4">3326.1867</dst>
      <dst id="1">1223.2711</dst>
      <dst id="5">0.7111</dst>
      <dst id="3">602.6311</dst>
      <dst id="10">82.9422</dst>
      <dst id="22">66.2400</dst>
      <dst id="7">79.2889</dst>
      <dst id="2">5144.3644</dst>
      <dst id="20">1.3778</dst>
      <dst id="11">113.6267</dst>
      <dst id="9">110.8178</dst>
      <dst id="17">30921.0133</dst>
      <dst id="21">118.2311</dst>
      <dst id="15">0.9244</dst>
    </src>
    <src id="20">
      <dst id="12">11221.9822</dst>
      <dst id="13">6022.1600</dst>
      <dst id="19">7580.2756</dst>
      <dst id="23">126.4711</dst>
      <dst id="8">1273.3956</dst>
      <dst id="18">476.7200</dst>
      <dst id="4">13586.1422</dst>
      <dst id="1">9670.1244</dst>
      <dst id="5">1498.3200</dst>
      <dst id="3">1712.3644</dst>
      <dst id="10">3077.6178</dst>
      <dst id="7">1934.1600</dst>
      <dst id="2">3787.5200</dst>
      <dst id="14">0.3556</dst>
      <dst id="11">1753.7156</dst>
      <dst id="9">2790.6044</dst>
      <dst id="17">6979.1911</dst>
      <dst id="21">1382.2222</dst>
    </src>
    <src id="11">
      <dst id="12">135744.4000</dst>
      <dst id="13">4940.0089</dst>
      <dst id="19">1926.8711</dst>
      <dst id="23">667.2444</dst>
      <dst id="8">1094.9244</dst>
      <dst id="18">1255.8578</dst>
      <dst id="4">4791.8400</dst>
      <dst id="1">1541.2356</dst>
      <dst id="5">3582.2667</dst>
      <dst id="3">1525.4044</dst>
      <dst id="10">2000.8978</dst>
      <dst id="22">2891.4578</dst>
      <dst id="7">4055.9556</dst>
      <dst id="2">105657.3067</dst>
      <dst id="16">1337.8489</dst>
      <dst id="14">34.5867</dst>
      <dst id="20">3101.6089</dst>
      <dst id="11">8988.0800</dst>
      <dst id="9">2107.0933</dst>
      <dst id="17">620216.6578</dst>
      <dst id="21">658.9511</dst>
      <dst id="15">406.6044</dst>
    </src>
    <src id="9">
      <dst id="12">37472.1156</dst>
      <dst id="13">3788.4889</dst>
      <dst id="19">406.2133</dst>
      <dst id="23">47.3867</dst>
      <dst id="8">206803.1022</dst>
      <dst id="18">213.9467</dst>
      <dst id="4">12564.3022</dst>
      <dst id="1">9756.0444</dst>
      <dst id="5">2594.8889</dst>
      <dst id="3">387.0578</dst>
      <dst id="10">1119.2000</dst>
      <dst id="22">1738.3022</dst>
      <dst id="7">1559.8489</dst>
      <dst id="2">5623.7244</dst>
      <dst id="16">1329.4933</dst>
      <dst id="14">20.1689</dst>
      <dst id="20">1334.9244</dst>
      <dst id="11">1315.3333</dst>
      <dst id="9">525383.6000</dst>
      <dst id="17">603970.4800</dst>
      <dst id="21">843.5200</dst>
      <dst id="15">1392.6400</dst>
    </src>
    <src id="17">
      <dst id="12">18615.6444</dst>
      <dst id="13">27740.7733</dst>
      <dst id="19">3630.1956</dst>
      <dst id="23">252.8000</dst>
      <dst id="8">13150.1600</dst>
      <dst id="18">1934.7289</dst>
      <dst id="4">63822.8711</dst>
      <dst id="1">14715.9200</dst>
      <dst id="5">233772.4356</dst>
      <dst id="3">20525.7511</dst>
      <dst id="10">3838.1956</dst>
      <dst id="22">9265.4133</dst>
      <dst id="7">9466.9511</dst>
      <dst id="2">30516.2133</dst>
      <dst id="16">7831.5111</dst>
      <dst id="14">33381.0222</dst>
      <dst id="20">1013.7867</dst>
      <dst id="11">252114.8178</dst>
      <dst id="9">10533.9289</dst>
      <dst id="17">4274.7911</dst>
      <dst id="21">8837.1111</dst>
      <dst id="15">156.2133</dst>
    </src>
    <src id="21">
      <dst id="12">7961.4044</dst>
      <dst id="13">2122.2933</dst>
      <dst id="19">1625.2089</dst>
      <dst id="23">136.0800</dst>
      <dst id="8">836.7378</dst>
      <dst id="18">3555.3600</dst>
      <dst id="4">45199.1644</dst>
      <dst id="1">18479.9644</dst>
      <dst id="5">868.3556</dst>
      <dst id="3">18695.2267</dst>
      <dst id="10">2257.9556</dst>
      <dst id="22">10151.3689</dst>
      <dst id="7">9352.1067</dst>
      <dst id="2">20982.5956</dst>
      <dst id="16">1418.5778</dst>
      <dst id="14">108.1867</dst>
      <dst id="20">440.2400</dst>
      <dst id="11">1251.9022</dst>
      <dst id="9">1028.7822</dst>
      <dst id="17">26682.3822</dst>
      <dst id="21">3403.4756</dst>
      <dst id="15">665.2533</dst>
    </src>
    <src id="15">
      <dst id="12">467.3511</dst>
      <dst id="13">294.6489</dst>
      <dst id="19">14.9600</dst>
      <dst id="23">44.8889</dst>
      <dst id="8">1468.9067</dst>
      <dst id="18">90.5867</dst>
      <dst id="4">2310.2044</dst>
      <dst id="1">3164.2400</dst>
      <dst id="5">390.5333</dst>
      <dst id="3">11.2978</dst>
      <dst id="10">579.5022</dst>
      <dst id="7">132.5600</dst>
      <dst id="2">759.5644</dst>
      <dst id="14">0.4267</dst>
      <dst id="11">990.0978</dst>
      <dst id="9">805.5644</dst>
      <dst id="17">1898.9778</dst>
      <dst id="21">3343.4311</dst>
    </src>
  </IntraTM>
</TrafficMatrixFile>
