<?xml version="1.0" encoding="UTF-8" standalone="yes"?>
<TrafficMatrixFile xmlns:xsi="http://www.w3.org/2001/XMLSchema-instance" xsi:noNamespaceSchemaLocation="http://totem.run.montefiore.ulg.ac.be/Schema/TrafficMatrix-v1_2.xsd">
  <info>
    <title>Intradomain traffic matrix generated by geant-TM-all.pl</title>
    <date>2005-02-10T18:30:00</date>
    <duration>900</duration>
    <author>Steve Uhlig</author>
    <units>
        <unit type="bandwidth" value="kbps"/>
    </units>
  </info>
  <IntraTM ASID="20965">
    <src id="12">
      <dst id="12">358294.4000</dst>
      <dst id="13">22368.7911</dst>
      <dst id="19">10767.0667</dst>
      <dst id="23">202.9244</dst>
      <dst id="8">1812.9956</dst>
      <dst id="18">183200.9067</dst>
      <dst id="4">70529.6089</dst>
      <dst id="1">19114.3022</dst>
      <dst id="5">4600.2578</dst>
      <dst id="3">4993.9289</dst>
      <dst id="10">15602.4178</dst>
      <dst id="22">13991.8222</dst>
      <dst id="7">26744.6044</dst>
      <dst id="2">61823.0933</dst>
      <dst id="16">12864.8178</dst>
      <dst id="14">1020.3467</dst>
      <dst id="20">14065.8133</dst>
      <dst id="11">1021.1822</dst>
      <dst id="9">15072.0889</dst>
      <dst id="17">129919.2622</dst>
      <dst id="21">5804.0089</dst>
      <dst id="15">6211.9644</dst>
    </src>
    <src id="13">
      <dst id="12">94854.0800</dst>
      <dst id="19">22619.8044</dst>
      <dst id="23">1900.4800</dst>
      <dst id="8">7561.9733</dst>
      <dst id="18">4833.8933</dst>
      <dst id="1">9279.9111</dst>
      <dst id="5">10997.5022</dst>
      <dst id="3">2678.0800</dst>
      <dst id="22">15448.4444</dst>
      <dst id="7">37663.5289</dst>
      <dst id="2">70151.8133</dst>
      <dst id="16">18265.0844</dst>
      <dst id="14">8830.0444</dst>
      <dst id="20">38113.4222</dst>
      <dst id="11">510.3022</dst>
      <dst id="9">29258.0356</dst>
      <dst id="17">153314.4089</dst>
      <dst id="21">20453.7867</dst>
      <dst id="15">18942.5244</dst>
    </src>
    <src id="19">
      <dst id="12">34797.5200</dst>
      <dst id="13">24343.9822</dst>
      <dst id="23">3.2444</dst>
      <dst id="8">1.9822</dst>
      <dst id="18">4853.6711</dst>
      <dst id="4">16716.0889</dst>
      <dst id="1">5657.3956</dst>
      <dst id="5">4216.1867</dst>
      <dst id="3">131.6267</dst>
      <dst id="10">554.0089</dst>
      <dst id="22">2546.9244</dst>
      <dst id="7">27441.9822</dst>
      <dst id="2">1865.8933</dst>
      <dst id="16">13101.4933</dst>
      <dst id="14">40.1333</dst>
      <dst id="20">543.8133</dst>
      <dst id="11">280.0000</dst>
      <dst id="9">2361.6978</dst>
      <dst id="17">13042.6489</dst>
      <dst id="21">5222.9511</dst>
      <dst id="15">0.3556</dst>
    </src>
    <src id="23">
      <dst id="12">5830.5867</dst>
      <dst id="13">767.9911</dst>
      <dst id="19">133.3333</dst>
      <dst id="8">133.6889</dst>
      <dst id="18">1643.3511</dst>
      <dst id="4">5582.0800</dst>
      <dst id="1">59.1289</dst>
      <dst id="5">513.8933</dst>
      <dst id="3">3716.4444</dst>
      <dst id="10">79.7778</dst>
      <dst id="22">102.6667</dst>
      <dst id="7">11864.5867</dst>
      <dst id="2">1003.8133</dst>
      <dst id="16">215.3956</dst>
      <dst id="14">1.5378</dst>
      <dst id="20">373.9911</dst>
      <dst id="11">25.2444</dst>
      <dst id="9">323.7956</dst>
      <dst id="17">9334.8622</dst>
      <dst id="21">2611.0489</dst>
      <dst id="15">2841.4222</dst>
    </src>
    <src id="8">
      <dst id="12">29612.4711</dst>
      <dst id="13">768.1600</dst>
      <dst id="19">11.4133</dst>
      <dst id="23">5.1289</dst>
      <dst id="18">170.3911</dst>
      <dst id="4">2953.1111</dst>
      <dst id="1">6529.1911</dst>
      <dst id="5">9381.9111</dst>
      <dst id="3">11.0667</dst>
      <dst id="10">313.2356</dst>
      <dst id="22">1498.6133</dst>
      <dst id="7">223.7333</dst>
      <dst id="2">518.3378</dst>
      <dst id="16">3919.0667</dst>
      <dst id="14">12.6222</dst>
      <dst id="20">882.0800</dst>
      <dst id="11">138.3467</dst>
      <dst id="9">222601.7511</dst>
      <dst id="17">359159.4311</dst>
      <dst id="21">3225.5911</dst>
      <dst id="15">1439.5556</dst>
    </src>
    <src id="18">
      <dst id="12">181629.0489</dst>
      <dst id="13">239.9378</dst>
      <dst id="19">926.2667</dst>
      <dst id="23">26.1333</dst>
      <dst id="8">88.8000</dst>
      <dst id="4">2122.7378</dst>
      <dst id="1">999.1200</dst>
      <dst id="5">512.0267</dst>
      <dst id="3">1024.1956</dst>
      <dst id="10">64.8267</dst>
      <dst id="22">564.0267</dst>
      <dst id="7">473.0400</dst>
      <dst id="2">52514.6133</dst>
      <dst id="16">358.4711</dst>
      <dst id="14">13.7600</dst>
      <dst id="20">160.4356</dst>
      <dst id="11">11.6711</dst>
      <dst id="9">166.2844</dst>
      <dst id="17">19486.9156</dst>
      <dst id="21">693.0489</dst>
      <dst id="15">36.7378</dst>
    </src>
    <src id="4">
      <dst id="12">11826.3289</dst>
      <dst id="19">2263.6622</dst>
      <dst id="23">123.3156</dst>
      <dst id="8">799.9556</dst>
      <dst id="18">221.6089</dst>
      <dst id="4">2.1422</dst>
      <dst id="1">8410.0356</dst>
      <dst id="5">514.0889</dst>
      <dst id="3">394.6222</dst>
      <dst id="22">1185.3156</dst>
      <dst id="7">62578.7911</dst>
      <dst id="2">34134.7556</dst>
      <dst id="16">3677.0311</dst>
      <dst id="14">2010.7733</dst>
      <dst id="20">19801.6000</dst>
      <dst id="11">697.5022</dst>
      <dst id="9">1417.5111</dst>
      <dst id="17">25402.3289</dst>
      <dst id="21">3317.5467</dst>
      <dst id="15">635.7067</dst>
    </src>
    <src id="1">
      <dst id="12">24554.3022</dst>
      <dst id="13">2052.9067</dst>
      <dst id="19">2121.7067</dst>
      <dst id="23">116.6844</dst>
      <dst id="8">734.2489</dst>
      <dst id="18">15390.4089</dst>
      <dst id="4">7220.8000</dst>
      <dst id="1">65688.4978</dst>
      <dst id="5">1294.0178</dst>
      <dst id="3">13888.9244</dst>
      <dst id="10">151.5467</dst>
      <dst id="22">4073.1111</dst>
      <dst id="7">14106.7289</dst>
      <dst id="2">8767.3156</dst>
      <dst id="16">20515.4844</dst>
      <dst id="14">148.5333</dst>
      <dst id="20">435.5200</dst>
      <dst id="11">53.8667</dst>
      <dst id="9">11424.2844</dst>
      <dst id="17">21137.3778</dst>
      <dst id="21">8443.5467</dst>
      <dst id="15">232.2222</dst>
    </src>
    <src id="5">
      <dst id="12">36173.1467</dst>
      <dst id="13">4297.0667</dst>
      <dst id="19">6706.6667</dst>
      <dst id="23">27.9644</dst>
      <dst id="8">10679.9200</dst>
      <dst id="18">429.9289</dst>
      <dst id="4">10130.6222</dst>
      <dst id="1">10391.9022</dst>
      <dst id="3">2.6400</dst>
      <dst id="10">482.5600</dst>
      <dst id="22">25994.5867</dst>
      <dst id="7">445.4044</dst>
      <dst id="2">908.4889</dst>
      <dst id="16">1618.5867</dst>
      <dst id="14">19.0578</dst>
      <dst id="20">17090.2311</dst>
      <dst id="11">5.5556</dst>
      <dst id="9">86583.2622</dst>
      <dst id="17">537613.8756</dst>
      <dst id="21">1562.1067</dst>
      <dst id="15">89.0844</dst>
    </src>
    <src id="3">
      <dst id="12">11915.5911</dst>
      <dst id="13">5497.6444</dst>
      <dst id="19">2229.0756</dst>
      <dst id="23">284.2844</dst>
      <dst id="8">59.2444</dst>
      <dst id="18">196.6489</dst>
      <dst id="4">15994.0889</dst>
      <dst id="1">8202.2133</dst>
      <dst id="5">7645.6533</dst>
      <dst id="3">522.3467</dst>
      <dst id="10">815.6178</dst>
      <dst id="22">661.4667</dst>
      <dst id="7">2450.7289</dst>
      <dst id="2">9680.1600</dst>
      <dst id="16">2847.9200</dst>
      <dst id="14">202.2578</dst>
      <dst id="20">310.4622</dst>
      <dst id="11">140.3111</dst>
      <dst id="9">1374.5067</dst>
      <dst id="17">37735.2800</dst>
      <dst id="21">2725.8133</dst>
      <dst id="15">96.8444</dst>
    </src>
    <src id="10">
      <dst id="12">153768.9867</dst>
      <dst id="19">490.6933</dst>
      <dst id="23">415.5556</dst>
      <dst id="8">80321.1467</dst>
      <dst id="18">1528.1778</dst>
      <dst id="1">950.1689</dst>
      <dst id="5">127268.6489</dst>
      <dst id="3">10493.5911</dst>
      <dst id="22">2286.4800</dst>
      <dst id="7">45171.0400</dst>
      <dst id="2">12564.8356</dst>
      <dst id="16">1654.3022</dst>
      <dst id="14">35427.5378</dst>
      <dst id="20">3786.8800</dst>
      <dst id="11">18806.5511</dst>
      <dst id="9">211811.1289</dst>
      <dst id="17">34635.2800</dst>
      <dst id="21">4557.7867</dst>
      <dst id="15">116.0711</dst>
    </src>
    <src id="22">
      <dst id="12">12058.9422</dst>
      <dst id="13">5155.6178</dst>
      <dst id="19">405.4578</dst>
      <dst id="23">460.2133</dst>
      <dst id="8">2189.1822</dst>
      <dst id="18">402.3467</dst>
      <dst id="4">11366.9067</dst>
      <dst id="1">295.1556</dst>
      <dst id="5">6783.3156</dst>
      <dst id="3">12.0178</dst>
      <dst id="10">829.4311</dst>
      <dst id="7">2584.6578</dst>
      <dst id="2">2701.3511</dst>
      <dst id="14">178.3911</dst>
      <dst id="11">371.2711</dst>
      <dst id="9">7107.3867</dst>
      <dst id="17">12910.1511</dst>
      <dst id="21">8841.3600</dst>
    </src>
    <src id="7">
      <dst id="12">20051.0311</dst>
      <dst id="13">655.0044</dst>
      <dst id="19">2307.3511</dst>
      <dst id="23">318.5956</dst>
      <dst id="8">365.7244</dst>
      <dst id="18">926.7289</dst>
      <dst id="4">30800.2667</dst>
      <dst id="1">24358.9778</dst>
      <dst id="5">1436.4978</dst>
      <dst id="3">15236.4889</dst>
      <dst id="10">1649.3778</dst>
      <dst id="22">3659.3156</dst>
      <dst id="7">12.8178</dst>
      <dst id="2">9894.4978</dst>
      <dst id="16">2578.4178</dst>
      <dst id="14">1856.9156</dst>
      <dst id="20">3057.4489</dst>
      <dst id="11">3939.3689</dst>
      <dst id="9">1585.2533</dst>
      <dst id="17">28091.6356</dst>
      <dst id="21">11560.9956</dst>
      <dst id="15">297.2978</dst>
    </src>
    <src id="2">
      <dst id="12">144326.7467</dst>
      <dst id="13">24615.0489</dst>
      <dst id="19">2008.4978</dst>
      <dst id="23">48.4622</dst>
      <dst id="8">1191.1111</dst>
      <dst id="18">126949.8667</dst>
      <dst id="4">58984.6222</dst>
      <dst id="1">13017.1289</dst>
      <dst id="5">773.1822</dst>
      <dst id="3">721.1022</dst>
      <dst id="10">7068.4178</dst>
      <dst id="22">2034.7822</dst>
      <dst id="7">14444.3378</dst>
      <dst id="2">1645.6711</dst>
      <dst id="16">2053.6800</dst>
      <dst id="14">688.3111</dst>
      <dst id="20">2233.4844</dst>
      <dst id="11">1014.3378</dst>
      <dst id="9">1804.6578</dst>
      <dst id="17">59850.5956</dst>
      <dst id="21">4335.7689</dst>
      <dst id="15">714.6222</dst>
    </src>
    <src id="6">
      <dst id="12">2594.9778</dst>
      <dst id="13">301.2000</dst>
      <dst id="19">1057.8578</dst>
      <dst id="23">10.7644</dst>
      <dst id="8">62.6844</dst>
      <dst id="18">1.9467</dst>
      <dst id="4">223.9733</dst>
      <dst id="1">1678.7022</dst>
      <dst id="5">0.3556</dst>
      <dst id="3">12.9778</dst>
      <dst id="10">3744.9956</dst>
      <dst id="22">57.7867</dst>
      <dst id="7">327.6356</dst>
      <dst id="2">3149.0311</dst>
      <dst id="16">24.6489</dst>
      <dst id="20">2.8889</dst>
      <dst id="11">23.8578</dst>
      <dst id="9">321.5911</dst>
      <dst id="17">15962.3200</dst>
      <dst id="21">165.3511</dst>
      <dst id="15">1.8578</dst>
    </src>
    <src id="16">
      <dst id="12">4800.4533</dst>
      <dst id="13">15450.9511</dst>
      <dst id="19">5268.8622</dst>
      <dst id="23">543.2622</dst>
      <dst id="8">9254.6667</dst>
      <dst id="18">571.2000</dst>
      <dst id="4">5382.8800</dst>
      <dst id="1">27283.5467</dst>
      <dst id="5">8931.5111</dst>
      <dst id="3">903.8044</dst>
      <dst id="10">1738.6578</dst>
      <dst id="7">3423.1378</dst>
      <dst id="2">821.1378</dst>
      <dst id="16">70.5956</dst>
      <dst id="14">247.8044</dst>
      <dst id="11">1.9200</dst>
      <dst id="9">14372.3467</dst>
      <dst id="17">11299.1556</dst>
      <dst id="21">776.2756</dst>
    </src>
    <src id="14">
      <dst id="12">780.5600</dst>
      <dst id="13">211.2978</dst>
      <dst id="19">31.8400</dst>
      <dst id="23">1.2800</dst>
      <dst id="8">0.3556</dst>
      <dst id="4">604.5422</dst>
      <dst id="1">729.4044</dst>
      <dst id="5">41.8311</dst>
      <dst id="3">222.5067</dst>
      <dst id="10">15.3956</dst>
      <dst id="22">21.6533</dst>
      <dst id="7">115.9911</dst>
      <dst id="2">2373.8844</dst>
      <dst id="16">13.3333</dst>
      <dst id="20">28.0089</dst>
      <dst id="11">50.2756</dst>
      <dst id="9">51.7156</dst>
      <dst id="17">14801.2444</dst>
      <dst id="21">43.3689</dst>
      <dst id="15">0.3911</dst>
    </src>
    <src id="20">
      <dst id="12">14110.0089</dst>
      <dst id="13">114489.1378</dst>
      <dst id="19">45.8489</dst>
      <dst id="23">7.8844</dst>
      <dst id="8">4540.3467</dst>
      <dst id="18">1142.4800</dst>
      <dst id="4">19442.5511</dst>
      <dst id="1">1136.3111</dst>
      <dst id="5">14675.2000</dst>
      <dst id="3">53.6889</dst>
      <dst id="10">635.7689</dst>
      <dst id="7">1583.4133</dst>
      <dst id="2">6224.8089</dst>
      <dst id="14">1.6356</dst>
      <dst id="11">72.4711</dst>
      <dst id="9">7886.2044</dst>
      <dst id="17">19307.1378</dst>
      <dst id="21">9353.5733</dst>
    </src>
    <src id="11">
      <dst id="12">51090.0978</dst>
      <dst id="13">5137.9200</dst>
      <dst id="19">860.9511</dst>
      <dst id="23">2.6044</dst>
      <dst id="8">2481.4489</dst>
      <dst id="18">561.6000</dst>
      <dst id="4">9397.9733</dst>
      <dst id="1">344.2311</dst>
      <dst id="5">1909.2000</dst>
      <dst id="3">9.2356</dst>
      <dst id="10">3848.3467</dst>
      <dst id="22">2533.3067</dst>
      <dst id="7">11435.6711</dst>
      <dst id="2">125774.7733</dst>
      <dst id="16">1012.4711</dst>
      <dst id="14">2652.5867</dst>
      <dst id="20">1645.2711</dst>
      <dst id="11">13692.5689</dst>
      <dst id="9">8545.4756</dst>
      <dst id="17">822821.2267</dst>
      <dst id="21">878.2667</dst>
      <dst id="15">1100.7467</dst>
    </src>
    <src id="9">
      <dst id="12">49875.7422</dst>
      <dst id="13">6487.4044</dst>
      <dst id="19">1819.2000</dst>
      <dst id="23">52.8444</dst>
      <dst id="8">163300.0622</dst>
      <dst id="18">792.5067</dst>
      <dst id="4">10714.9867</dst>
      <dst id="1">20361.3956</dst>
      <dst id="5">2690.8267</dst>
      <dst id="3">2091.0667</dst>
      <dst id="10">826.3822</dst>
      <dst id="22">8479.9378</dst>
      <dst id="7">3798.5689</dst>
      <dst id="2">2098.1778</dst>
      <dst id="16">923.4756</dst>
      <dst id="14">68.6044</dst>
      <dst id="20">1245.1644</dst>
      <dst id="11">197.7956</dst>
      <dst id="9">659412.4622</dst>
      <dst id="17">523819.2978</dst>
      <dst id="21">673.0489</dst>
      <dst id="15">1044.2756</dst>
    </src>
    <src id="17">
      <dst id="12">262847.5822</dst>
      <dst id="13">13086.4711</dst>
      <dst id="19">6346.9422</dst>
      <dst id="23">6457.7867</dst>
      <dst id="8">3661.3244</dst>
      <dst id="18">623.1022</dst>
      <dst id="4">50185.3867</dst>
      <dst id="1">18306.3111</dst>
      <dst id="5">270031.5111</dst>
      <dst id="3">10895.1289</dst>
      <dst id="10">7405.3956</dst>
      <dst id="22">9594.9511</dst>
      <dst id="7">14854.9956</dst>
      <dst id="2">19034.4711</dst>
      <dst id="16">32599.8933</dst>
      <dst id="14">42309.9556</dst>
      <dst id="20">4202.3111</dst>
      <dst id="11">45206.6044</dst>
      <dst id="9">10423.6711</dst>
      <dst id="17">42924.8889</dst>
      <dst id="21">13572.7644</dst>
      <dst id="15">620.4444</dst>
    </src>
    <src id="21">
      <dst id="12">14526.6222</dst>
      <dst id="13">5112.0622</dst>
      <dst id="19">1479.7867</dst>
      <dst id="23">67.9556</dst>
      <dst id="8">398.2667</dst>
      <dst id="18">2540.3111</dst>
      <dst id="4">20943.9911</dst>
      <dst id="1">2750.2133</dst>
      <dst id="5">760.4800</dst>
      <dst id="3">12237.5378</dst>
      <dst id="10">1172.7467</dst>
      <dst id="22">3186.3467</dst>
      <dst id="7">4070.9067</dst>
      <dst id="2">8745.5111</dst>
      <dst id="16">732.9511</dst>
      <dst id="14">181.0489</dst>
      <dst id="20">1733.4756</dst>
      <dst id="11">620.5600</dst>
      <dst id="9">2554.9333</dst>
      <dst id="17">31321.4578</dst>
      <dst id="21">4190.4444</dst>
      <dst id="15">1202.7022</dst>
    </src>
    <src id="15">
      <dst id="12">770.2578</dst>
      <dst id="13">970.3822</dst>
      <dst id="19">0.4267</dst>
      <dst id="23">38.3289</dst>
      <dst id="8">309.5378</dst>
      <dst id="18">30.1689</dst>
      <dst id="4">2276.9689</dst>
      <dst id="1">304.0711</dst>
      <dst id="5">439.3867</dst>
      <dst id="3">4.3289</dst>
      <dst id="10">285.0133</dst>
      <dst id="7">155.2444</dst>
      <dst id="2">705.2622</dst>
      <dst id="16">0.8889</dst>
      <dst id="14">0.3822</dst>
      <dst id="11">47.3956</dst>
      <dst id="9">1869.8311</dst>
      <dst id="17">3939.0222</dst>
      <dst id="21">361.9644</dst>
    </src>
  </IntraTM>
</TrafficMatrixFile>
