<?xml version="1.0" encoding="UTF-8" standalone="yes"?>
<TrafficMatrixFile xmlns:xsi="http://www.w3.org/2001/XMLSchema-instance" xsi:noNamespaceSchemaLocation="http://totem.run.montefiore.ulg.ac.be/Schema/TrafficMatrix-v1_2.xsd">
  <info>
    <title>Intradomain traffic matrix generated by geant-TM-all.pl</title>
    <date>2005-02-10T06:30:00</date>
    <duration>900</duration>
    <author>Steve Uhlig</author>
    <units>
        <unit type="bandwidth" value="kbps"/>
    </units>
  </info>
  <IntraTM ASID="20965">
    <src id="12">
      <dst id="12">380994.2844</dst>
      <dst id="13">33500.0444</dst>
      <dst id="19">3501.4667</dst>
      <dst id="23">106.4089</dst>
      <dst id="8">2584.6133</dst>
      <dst id="18">112654.4711</dst>
      <dst id="4">109198.7911</dst>
      <dst id="1">10013.6444</dst>
      <dst id="5">3535.0222</dst>
      <dst id="3">51.2356</dst>
      <dst id="10">8848.1778</dst>
      <dst id="22">17408.8978</dst>
      <dst id="7">17444.3556</dst>
      <dst id="2">70692.0356</dst>
      <dst id="16">10370.5333</dst>
      <dst id="14">189.5289</dst>
      <dst id="20">3283.3067</dst>
      <dst id="11">46.1067</dst>
      <dst id="9">3429.5111</dst>
      <dst id="17">44493.3956</dst>
      <dst id="21">6669.1022</dst>
      <dst id="15">537.6889</dst>
    </src>
    <src id="13">
      <dst id="12">89793.9467</dst>
      <dst id="19">23297.9822</dst>
      <dst id="23">591.6711</dst>
      <dst id="8">3505.5289</dst>
      <dst id="18">7292.0978</dst>
      <dst id="1">20529.5378</dst>
      <dst id="5">36430.5333</dst>
      <dst id="3">1347.6178</dst>
      <dst id="22">11804.5511</dst>
      <dst id="7">10317.9378</dst>
      <dst id="2">87984.3467</dst>
      <dst id="16">13058.6311</dst>
      <dst id="14">2550.6578</dst>
      <dst id="20">36514.0800</dst>
      <dst id="11">171.8489</dst>
      <dst id="9">14870.9333</dst>
      <dst id="17">86646.5244</dst>
      <dst id="21">12113.1467</dst>
      <dst id="15">2589.2089</dst>
    </src>
    <src id="19">
      <dst id="12">16265.5911</dst>
      <dst id="13">1617.8400</dst>
      <dst id="23">0.4622</dst>
      <dst id="8">1.5467</dst>
      <dst id="18">29.8222</dst>
      <dst id="4">29727.9289</dst>
      <dst id="1">98.2489</dst>
      <dst id="5">236.1067</dst>
      <dst id="3">1.4667</dst>
      <dst id="10">173.1822</dst>
      <dst id="22">2143.5289</dst>
      <dst id="7">4601.6889</dst>
      <dst id="2">410.6222</dst>
      <dst id="16">15110.5778</dst>
      <dst id="14">1.4578</dst>
      <dst id="20">2.5867</dst>
      <dst id="11">13.7956</dst>
      <dst id="9">156.4978</dst>
      <dst id="17">15303.8844</dst>
      <dst id="21">424.2133</dst>
    </src>
    <src id="23">
      <dst id="12">2236.0978</dst>
      <dst id="13">1578.1689</dst>
      <dst id="19">14.3644</dst>
      <dst id="8">2.7911</dst>
      <dst id="18">55.3511</dst>
      <dst id="4">11244.3111</dst>
      <dst id="1">14.6489</dst>
      <dst id="5">0.3556</dst>
      <dst id="10">88.5156</dst>
      <dst id="22">7.5200</dst>
      <dst id="7">86.4178</dst>
      <dst id="2">190.3733</dst>
      <dst id="16">62.7200</dst>
      <dst id="14">0.4622</dst>
      <dst id="20">42.5867</dst>
      <dst id="11">0.5600</dst>
      <dst id="9">125.9733</dst>
      <dst id="17">836.7200</dst>
      <dst id="21">1620.4800</dst>
      <dst id="15">80.8533</dst>
    </src>
    <src id="8">
      <dst id="12">33546.7111</dst>
      <dst id="13">539.0844</dst>
      <dst id="19">7.4489</dst>
      <dst id="23">1.4222</dst>
      <dst id="18">100.4889</dst>
      <dst id="4">3245.3600</dst>
      <dst id="1">5113.4311</dst>
      <dst id="5">2587.3867</dst>
      <dst id="3">0.3556</dst>
      <dst id="10">408.3200</dst>
      <dst id="22">3417.1289</dst>
      <dst id="7">68.0800</dst>
      <dst id="2">330.2489</dst>
      <dst id="16">743.4044</dst>
      <dst id="14">1.3867</dst>
      <dst id="20">3707.6178</dst>
      <dst id="11">56.7467</dst>
      <dst id="9">232520.7822</dst>
      <dst id="17">342830.2489</dst>
      <dst id="21">91.7067</dst>
      <dst id="15">27.5289</dst>
    </src>
    <src id="18">
      <dst id="12">197077.6267</dst>
      <dst id="13">1394.5778</dst>
      <dst id="23">2.5689</dst>
      <dst id="8">83.9644</dst>
      <dst id="4">2139.5111</dst>
      <dst id="1">599.0844</dst>
      <dst id="5">357.1378</dst>
      <dst id="3">1076.9867</dst>
      <dst id="10">146.3467</dst>
      <dst id="22">616.0978</dst>
      <dst id="7">66.9244</dst>
      <dst id="2">59741.8400</dst>
      <dst id="16">32.0800</dst>
      <dst id="14">22.6667</dst>
      <dst id="20">195.8489</dst>
      <dst id="11">0.9689</dst>
      <dst id="9">254.0444</dst>
      <dst id="17">16918.1067</dst>
      <dst id="21">1126.7733</dst>
      <dst id="15">1293.3333</dst>
    </src>
    <src id="4">
      <dst id="12">9878.1244</dst>
      <dst id="19">5771.9556</dst>
      <dst id="23">127.1556</dst>
      <dst id="8">636.7111</dst>
      <dst id="18">1110.8089</dst>
      <dst id="4">98.5778</dst>
      <dst id="1">44615.2178</dst>
      <dst id="5">3536.9422</dst>
      <dst id="3">72.1067</dst>
      <dst id="22">3214.7467</dst>
      <dst id="7">77405.6889</dst>
      <dst id="2">51719.7689</dst>
      <dst id="16">2390.5333</dst>
      <dst id="14">736.0622</dst>
      <dst id="20">1647.5200</dst>
      <dst id="11">167.6889</dst>
      <dst id="9">2747.1289</dst>
      <dst id="17">26681.6267</dst>
      <dst id="21">2854.2756</dst>
      <dst id="15">164.6756</dst>
    </src>
    <src id="1">
      <dst id="12">28386.6578</dst>
      <dst id="13">951.1556</dst>
      <dst id="19">1075.2889</dst>
      <dst id="23">33.1200</dst>
      <dst id="8">58.4000</dst>
      <dst id="18">12399.1644</dst>
      <dst id="4">9760.8000</dst>
      <dst id="1">17728.5511</dst>
      <dst id="5">797.0844</dst>
      <dst id="3">570.4889</dst>
      <dst id="10">2318.3111</dst>
      <dst id="22">10737.4756</dst>
      <dst id="7">43352.9067</dst>
      <dst id="2">15155.5467</dst>
      <dst id="16">25684.7467</dst>
      <dst id="14">694.2844</dst>
      <dst id="20">378.8089</dst>
      <dst id="11">98.4800</dst>
      <dst id="9">1186.6933</dst>
      <dst id="17">22110.5689</dst>
      <dst id="21">3401.3867</dst>
      <dst id="15">138.4533</dst>
    </src>
    <src id="5">
      <dst id="12">39129.9200</dst>
      <dst id="13">3545.1911</dst>
      <dst id="19">327.5556</dst>
      <dst id="23">23.1556</dst>
      <dst id="8">1093.9822</dst>
      <dst id="18">507.3956</dst>
      <dst id="4">9420.0889</dst>
      <dst id="1">6116.3467</dst>
      <dst id="3">6.4356</dst>
      <dst id="10">260.4800</dst>
      <dst id="22">7938.7022</dst>
      <dst id="7">150.0089</dst>
      <dst id="2">865.5556</dst>
      <dst id="16">1131.2800</dst>
      <dst id="14">0.6222</dst>
      <dst id="20">1095.6356</dst>
      <dst id="11">67.0222</dst>
      <dst id="9">99869.0311</dst>
      <dst id="17">546791.4933</dst>
      <dst id="21">255.4400</dst>
      <dst id="15">123.0311</dst>
    </src>
    <src id="3">
      <dst id="12">6656.3556</dst>
      <dst id="13">1350.8622</dst>
      <dst id="19">1972.3911</dst>
      <dst id="23">18.1689</dst>
      <dst id="8">111.7689</dst>
      <dst id="18">52.1778</dst>
      <dst id="4">21038.8622</dst>
      <dst id="1">5784.8889</dst>
      <dst id="5">523.7689</dst>
      <dst id="3">129.7244</dst>
      <dst id="10">1188.1511</dst>
      <dst id="22">1716.4711</dst>
      <dst id="7">524.7111</dst>
      <dst id="2">2612.2311</dst>
      <dst id="16">1354.7733</dst>
      <dst id="14">82.2756</dst>
      <dst id="20">705.7689</dst>
      <dst id="11">62.0178</dst>
      <dst id="9">642.9333</dst>
      <dst id="17">76342.0889</dst>
      <dst id="21">3551.9911</dst>
      <dst id="15">47.4578</dst>
    </src>
    <src id="10">
      <dst id="12">207367.5378</dst>
      <dst id="19">2111.2089</dst>
      <dst id="23">73.3511</dst>
      <dst id="8">135219.5467</dst>
      <dst id="18">3650.3022</dst>
      <dst id="1">1220.0178</dst>
      <dst id="5">271021.1200</dst>
      <dst id="3">13267.9822</dst>
      <dst id="22">5493.3778</dst>
      <dst id="7">4428.0889</dst>
      <dst id="2">28003.6711</dst>
      <dst id="16">1211.0311</dst>
      <dst id="14">40049.3600</dst>
      <dst id="20">2100.5422</dst>
      <dst id="11">17677.7333</dst>
      <dst id="9">278813.7600</dst>
      <dst id="17">41650.7289</dst>
      <dst id="21">11762.5244</dst>
      <dst id="15">541.0222</dst>
    </src>
    <src id="22">
      <dst id="12">6016.4356</dst>
      <dst id="13">4231.4044</dst>
      <dst id="19">593.8933</dst>
      <dst id="23">251.8756</dst>
      <dst id="8">393.9911</dst>
      <dst id="18">1099.1378</dst>
      <dst id="4">11621.2978</dst>
      <dst id="1">224.0089</dst>
      <dst id="5">3172.7111</dst>
      <dst id="3">16.5067</dst>
      <dst id="10">888.8800</dst>
      <dst id="7">700.2578</dst>
      <dst id="2">4771.7067</dst>
      <dst id="14">157.6178</dst>
      <dst id="11">19.9022</dst>
      <dst id="9">4413.1289</dst>
      <dst id="17">8906.3200</dst>
      <dst id="21">1541.4756</dst>
    </src>
    <src id="7">
      <dst id="12">13650.8444</dst>
      <dst id="13">243.9822</dst>
      <dst id="19">628.6311</dst>
      <dst id="23">1045.1200</dst>
      <dst id="8">348.6933</dst>
      <dst id="18">523.3867</dst>
      <dst id="4">64412.6311</dst>
      <dst id="1">4267.0311</dst>
      <dst id="5">1716.3111</dst>
      <dst id="3">335.0489</dst>
      <dst id="10">948.6756</dst>
      <dst id="22">3290.7822</dst>
      <dst id="7">2386.8089</dst>
      <dst id="2">8655.2978</dst>
      <dst id="16">453.4311</dst>
      <dst id="14">75.5911</dst>
      <dst id="20">12357.1556</dst>
      <dst id="11">81.2267</dst>
      <dst id="9">2126.3289</dst>
      <dst id="17">9514.9689</dst>
      <dst id="21">4723.1200</dst>
      <dst id="15">456.3378</dst>
    </src>
    <src id="2">
      <dst id="12">110884.2667</dst>
      <dst id="13">7524.4711</dst>
      <dst id="19">408.1156</dst>
      <dst id="23">41.4578</dst>
      <dst id="8">266.7378</dst>
      <dst id="18">77647.6800</dst>
      <dst id="4">78816.9689</dst>
      <dst id="1">1769.2533</dst>
      <dst id="5">950.4089</dst>
      <dst id="3">9.1644</dst>
      <dst id="10">4692.0622</dst>
      <dst id="22">928.2667</dst>
      <dst id="7">3154.3822</dst>
      <dst id="2">4278.3289</dst>
      <dst id="16">1004.2222</dst>
      <dst id="14">350.1333</dst>
      <dst id="20">12297.8489</dst>
      <dst id="11">383.5822</dst>
      <dst id="9">1426.7467</dst>
      <dst id="17">47189.6889</dst>
      <dst id="21">1887.8756</dst>
      <dst id="15">125.0844</dst>
    </src>
    <src id="6">
      <dst id="12">4310.8622</dst>
      <dst id="13">60.5600</dst>
      <dst id="19">23.1822</dst>
      <dst id="23">0.9244</dst>
      <dst id="8">1.0667</dst>
      <dst id="4">166.5600</dst>
      <dst id="1">74.1778</dst>
      <dst id="5">30.5244</dst>
      <dst id="10">1.7067</dst>
      <dst id="22">16.6133</dst>
      <dst id="7">17.1022</dst>
      <dst id="2">2864.3911</dst>
      <dst id="16">28.1156</dst>
      <dst id="9">35.4311</dst>
      <dst id="17">13547.1822</dst>
      <dst id="21">50.4444</dst>
      <dst id="15">1.1378</dst>
    </src>
    <src id="16">
      <dst id="12">5180.7644</dst>
      <dst id="13">4104.2400</dst>
      <dst id="19">4836.3556</dst>
      <dst id="23">10.2311</dst>
      <dst id="8">4103.0578</dst>
      <dst id="18">94.9333</dst>
      <dst id="4">4317.3956</dst>
      <dst id="1">21382.8089</dst>
      <dst id="5">6612.3200</dst>
      <dst id="3">0.3556</dst>
      <dst id="10">685.6178</dst>
      <dst id="7">403.4222</dst>
      <dst id="2">1690.7200</dst>
      <dst id="16">44.4533</dst>
      <dst id="14">0.3556</dst>
      <dst id="11">493.6889</dst>
      <dst id="9">9191.1289</dst>
      <dst id="17">6760.9333</dst>
      <dst id="21">541.8844</dst>
    </src>
    <src id="14">
      <dst id="12">1610.9600</dst>
      <dst id="13">144.4267</dst>
      <dst id="19">13.4400</dst>
      <dst id="8">0.7111</dst>
      <dst id="18">0.7111</dst>
      <dst id="4">1403.5822</dst>
      <dst id="1">1033.9556</dst>
      <dst id="5">0.7111</dst>
      <dst id="3">184.7467</dst>
      <dst id="10">162.1067</dst>
      <dst id="22">26.1333</dst>
      <dst id="7">33.8756</dst>
      <dst id="2">4241.5111</dst>
      <dst id="16">1.7067</dst>
      <dst id="20">45.7511</dst>
      <dst id="11">1.0311</dst>
      <dst id="9">1.6978</dst>
      <dst id="17">25224.0978</dst>
      <dst id="21">86.9244</dst>
      <dst id="15">0.8889</dst>
    </src>
    <src id="20">
      <dst id="12">5848.3911</dst>
      <dst id="13">4017.7600</dst>
      <dst id="19">1.7600</dst>
      <dst id="23">25.9911</dst>
      <dst id="8">744.9067</dst>
      <dst id="18">556.0178</dst>
      <dst id="4">21358.5511</dst>
      <dst id="1">653.8844</dst>
      <dst id="5">8955.4756</dst>
      <dst id="10">1099.3956</dst>
      <dst id="7">945.0044</dst>
      <dst id="2">4369.3067</dst>
      <dst id="14">33.9733</dst>
      <dst id="11">1.1200</dst>
      <dst id="9">3317.6800</dst>
      <dst id="17">23528.0711</dst>
      <dst id="21">1782.2756</dst>
    </src>
    <src id="11">
      <dst id="12">50279.5911</dst>
      <dst id="13">4044.5333</dst>
      <dst id="19">1567.5111</dst>
      <dst id="23">2.7733</dst>
      <dst id="8">1503.0756</dst>
      <dst id="18">3507.0489</dst>
      <dst id="4">8560.0533</dst>
      <dst id="1">353.1289</dst>
      <dst id="5">2949.7067</dst>
      <dst id="3">42.3289</dst>
      <dst id="10">5714.3022</dst>
      <dst id="22">1748.6844</dst>
      <dst id="7">203.2356</dst>
      <dst id="2">142506.4356</dst>
      <dst id="16">939.0222</dst>
      <dst id="14">80.3378</dst>
      <dst id="20">812.4711</dst>
      <dst id="11">3668.2400</dst>
      <dst id="9">4845.4400</dst>
      <dst id="17">842977.3156</dst>
      <dst id="21">772.5600</dst>
      <dst id="15">18.7022</dst>
    </src>
    <src id="9">
      <dst id="12">46552.9422</dst>
      <dst id="13">7151.1289</dst>
      <dst id="19">127.7956</dst>
      <dst id="23">117.6711</dst>
      <dst id="8">108354.1867</dst>
      <dst id="18">27.8044</dst>
      <dst id="4">11845.7867</dst>
      <dst id="1">16207.9644</dst>
      <dst id="5">822.5511</dst>
      <dst id="3">0.4356</dst>
      <dst id="10">3163.3778</dst>
      <dst id="22">22436.1867</dst>
      <dst id="7">2178.6933</dst>
      <dst id="2">939.3067</dst>
      <dst id="16">1457.3156</dst>
      <dst id="14">45.2889</dst>
      <dst id="20">5877.2356</dst>
      <dst id="11">15.8578</dst>
      <dst id="9">508759.5733</dst>
      <dst id="17">454483.6356</dst>
      <dst id="21">135.8756</dst>
      <dst id="15">1475.6622</dst>
    </src>
    <src id="17">
      <dst id="12">155921.8311</dst>
      <dst id="13">7927.7156</dst>
      <dst id="19">9038.7200</dst>
      <dst id="23">392.0000</dst>
      <dst id="8">1725.1733</dst>
      <dst id="18">484.5511</dst>
      <dst id="4">59812.0978</dst>
      <dst id="1">1621.9467</dst>
      <dst id="5">229785.0489</dst>
      <dst id="3">2216.3022</dst>
      <dst id="10">5783.6000</dst>
      <dst id="22">4549.5644</dst>
      <dst id="7">4868.3911</dst>
      <dst id="2">36378.2044</dst>
      <dst id="16">7450.5689</dst>
      <dst id="14">28247.4400</dst>
      <dst id="20">3884.6044</dst>
      <dst id="11">16853.0578</dst>
      <dst id="9">4759.5289</dst>
      <dst id="17">21651.8489</dst>
      <dst id="21">3467.2356</dst>
      <dst id="15">392.4978</dst>
    </src>
    <src id="21">
      <dst id="12">6847.8756</dst>
      <dst id="13">888.3111</dst>
      <dst id="19">438.6933</dst>
      <dst id="23">4.1244</dst>
      <dst id="8">286.4711</dst>
      <dst id="18">3624.3289</dst>
      <dst id="4">34180.5511</dst>
      <dst id="1">694.8356</dst>
      <dst id="5">597.8933</dst>
      <dst id="3">1171.1022</dst>
      <dst id="10">1878.9422</dst>
      <dst id="22">1560.0711</dst>
      <dst id="7">7018.0622</dst>
      <dst id="2">3203.9289</dst>
      <dst id="16">970.9511</dst>
      <dst id="14">5646.3733</dst>
      <dst id="20">266.9422</dst>
      <dst id="11">66.7822</dst>
      <dst id="9">1333.7422</dst>
      <dst id="17">8518.2222</dst>
      <dst id="21">4164.7378</dst>
      <dst id="15">118.9333</dst>
    </src>
    <src id="15">
      <dst id="12">1162.3911</dst>
      <dst id="13">962.2489</dst>
      <dst id="19">1.9378</dst>
      <dst id="23">4.6400</dst>
      <dst id="8">95.9556</dst>
      <dst id="18">36.5867</dst>
      <dst id="4">1511.6622</dst>
      <dst id="1">47.9200</dst>
      <dst id="5">543.1733</dst>
      <dst id="10">258.6578</dst>
      <dst id="7">11.8667</dst>
      <dst id="2">104.1956</dst>
      <dst id="14">12.6222</dst>
      <dst id="11">0.4622</dst>
      <dst id="9">20969.7333</dst>
      <dst id="17">779.6178</dst>
      <dst id="21">112.0978</dst>
    </src>
  </IntraTM>
</TrafficMatrixFile>
