<?xml version="1.0" encoding="UTF-8" standalone="yes"?>
<TrafficMatrixFile xmlns:xsi="http://www.w3.org/2001/XMLSchema-instance" xsi:noNamespaceSchemaLocation="http://totem.run.montefiore.ulg.ac.be/Schema/TrafficMatrix-v1_2.xsd">
  <info>
    <title>Intradomain traffic matrix generated by geant-TM-all.pl</title>
    <date>2005-02-03T15:15:00</date>
    <duration>900</duration>
    <author>Steve Uhlig</author>
    <units>
        <unit type="bandwidth" value="kbps"/>
    </units>
  </info>
  <IntraTM ASID="20965">
    <src id="12">
      <dst id="12">273769.7956</dst>
      <dst id="13">20533.5378</dst>
      <dst id="19">5249.1911</dst>
      <dst id="23">16674.5600</dst>
      <dst id="8">823.5467</dst>
      <dst id="18">72890.5778</dst>
      <dst id="4">109656.1778</dst>
      <dst id="1">20470.8533</dst>
      <dst id="5">2616.7733</dst>
      <dst id="3">2545.4756</dst>
      <dst id="10">6933.9200</dst>
      <dst id="22">42497.1556</dst>
      <dst id="7">3861.2178</dst>
      <dst id="2">44883.6622</dst>
      <dst id="6">2901.0667</dst>
      <dst id="16">8574.7822</dst>
      <dst id="14">137.3156</dst>
      <dst id="20">40945.2711</dst>
      <dst id="11">31.1022</dst>
      <dst id="9">5784.1778</dst>
      <dst id="17">46770.7911</dst>
      <dst id="21">1560.4622</dst>
      <dst id="15">176.4356</dst>
    </src>
    <src id="13">
      <dst id="12">44695.2889</dst>
      <dst id="19">5703.1822</dst>
      <dst id="23">264.2133</dst>
      <dst id="8">1954.6756</dst>
      <dst id="18">3932.6667</dst>
      <dst id="1">1859.0844</dst>
      <dst id="5">4466.7022</dst>
      <dst id="3">3001.6178</dst>
      <dst id="22">22999.5644</dst>
      <dst id="7">6568.9244</dst>
      <dst id="2">65524.8000</dst>
      <dst id="6">19.3600</dst>
      <dst id="16">6550.4533</dst>
      <dst id="14">1898.3556</dst>
      <dst id="20">13639.4667</dst>
      <dst id="11">190.8000</dst>
      <dst id="9">32486.9511</dst>
      <dst id="17">277821.0933</dst>
      <dst id="21">7545.9022</dst>
      <dst id="15">2879.3600</dst>
    </src>
    <src id="19">
      <dst id="12">18773.8133</dst>
      <dst id="13">317.8133</dst>
      <dst id="23">0.5244</dst>
      <dst id="8">0.9956</dst>
      <dst id="18">15.1822</dst>
      <dst id="4">20979.9200</dst>
      <dst id="1">15.9378</dst>
      <dst id="5">34.4178</dst>
      <dst id="3">126.1956</dst>
      <dst id="10">120.0711</dst>
      <dst id="22">32.9778</dst>
      <dst id="7">4670.1244</dst>
      <dst id="2">349.1467</dst>
      <dst id="6">191.1111</dst>
      <dst id="16">11443.7956</dst>
      <dst id="14">33.0667</dst>
      <dst id="20">294.4800</dst>
      <dst id="11">0.4622</dst>
      <dst id="9">20.7111</dst>
      <dst id="17">1035.6444</dst>
      <dst id="21">242.8178</dst>
      <dst id="15">1.0667</dst>
    </src>
    <src id="23">
      <dst id="12">504.0711</dst>
      <dst id="13">21.1467</dst>
      <dst id="19">0.4711</dst>
      <dst id="18">3133.2267</dst>
      <dst id="4">8287.7422</dst>
      <dst id="1">31.4578</dst>
      <dst id="3">27.3511</dst>
      <dst id="10">333.3511</dst>
      <dst id="22">454.4978</dst>
      <dst id="7">1017.0756</dst>
      <dst id="2">260.2133</dst>
      <dst id="16">173.1022</dst>
      <dst id="14">28.2578</dst>
      <dst id="9">14.4178</dst>
      <dst id="17">724.0889</dst>
      <dst id="21">1318.2044</dst>
    </src>
    <src id="8">
      <dst id="12">24634.1778</dst>
      <dst id="13">814.0533</dst>
      <dst id="19">2.8978</dst>
      <dst id="23">0.4622</dst>
      <dst id="18">26.6222</dst>
      <dst id="4">2559.8222</dst>
      <dst id="1">4837.3867</dst>
      <dst id="5">443.6178</dst>
      <dst id="3">72.4622</dst>
      <dst id="10">137.8222</dst>
      <dst id="22">764.0178</dst>
      <dst id="7">47.2444</dst>
      <dst id="2">167.4044</dst>
      <dst id="6">13.6178</dst>
      <dst id="16">356.2133</dst>
      <dst id="20">225.6711</dst>
      <dst id="9">139077.6711</dst>
      <dst id="17">198242.9600</dst>
      <dst id="21">68.0711</dst>
      <dst id="15">126.3822</dst>
    </src>
    <src id="18">
      <dst id="12">149853.6444</dst>
      <dst id="13">467.8489</dst>
      <dst id="19">26.9867</dst>
      <dst id="23">83.6444</dst>
      <dst id="8">34.1422</dst>
      <dst id="4">1073.2711</dst>
      <dst id="1">640.4533</dst>
      <dst id="5">330.9156</dst>
      <dst id="3">740.6222</dst>
      <dst id="10">65.8311</dst>
      <dst id="22">1400.5244</dst>
      <dst id="7">69.1911</dst>
      <dst id="2">41819.3422</dst>
      <dst id="16">88.0800</dst>
      <dst id="14">14.9422</dst>
      <dst id="20">16.5511</dst>
      <dst id="11">0.5511</dst>
      <dst id="9">288.2667</dst>
      <dst id="17">14667.5556</dst>
      <dst id="21">200.0089</dst>
      <dst id="15">51.1289</dst>
    </src>
    <src id="4">
      <dst id="12">6936.6756</dst>
      <dst id="19">4009.3422</dst>
      <dst id="23">92.5156</dst>
      <dst id="8">1324.2667</dst>
      <dst id="18">337.0489</dst>
      <dst id="4">1074.7022</dst>
      <dst id="1">1145.6356</dst>
      <dst id="5">1160.2133</dst>
      <dst id="3">7183.6533</dst>
      <dst id="22">2267.4489</dst>
      <dst id="7">13672.0000</dst>
      <dst id="2">32997.8756</dst>
      <dst id="16">1296.7556</dst>
      <dst id="14">695.3333</dst>
      <dst id="20">1763.1733</dst>
      <dst id="11">53.3778</dst>
      <dst id="9">1226.1956</dst>
      <dst id="17">13557.2978</dst>
      <dst id="21">4141.2267</dst>
      <dst id="15">235.1467</dst>
    </src>
    <src id="1">
      <dst id="12">22175.1289</dst>
      <dst id="13">180.4178</dst>
      <dst id="19">37.4667</dst>
      <dst id="23">47.5911</dst>
      <dst id="8">29.3956</dst>
      <dst id="18">11239.4489</dst>
      <dst id="4">23083.0133</dst>
      <dst id="1">7.7244</dst>
      <dst id="5">143.6533</dst>
      <dst id="3">54991.7778</dst>
      <dst id="10">77.8489</dst>
      <dst id="22">8096.5867</dst>
      <dst id="7">35938.6133</dst>
      <dst id="2">2251.3956</dst>
      <dst id="6">2.2667</dst>
      <dst id="16">22084.1511</dst>
      <dst id="14">134.1689</dst>
      <dst id="20">37.0667</dst>
      <dst id="11">100.1511</dst>
      <dst id="9">1111.6711</dst>
      <dst id="17">2743.8667</dst>
      <dst id="21">812.7556</dst>
      <dst id="15">195.9111</dst>
    </src>
    <src id="5">
      <dst id="12">28164.4356</dst>
      <dst id="13">984.8978</dst>
      <dst id="19">19.2356</dst>
      <dst id="23">2.2844</dst>
      <dst id="8">311.7689</dst>
      <dst id="18">202.2578</dst>
      <dst id="4">7505.5200</dst>
      <dst id="1">3907.4844</dst>
      <dst id="3">218.6133</dst>
      <dst id="10">650.9689</dst>
      <dst id="22">3341.1022</dst>
      <dst id="7">89.1733</dst>
      <dst id="2">450.3467</dst>
      <dst id="6">8.1778</dst>
      <dst id="16">487.5644</dst>
      <dst id="14">1.5289</dst>
      <dst id="20">2515.9644</dst>
      <dst id="11">2.7111</dst>
      <dst id="9">56756.8800</dst>
      <dst id="17">345319.7867</dst>
      <dst id="21">444.1244</dst>
      <dst id="15">259.7511</dst>
    </src>
    <src id="3">
      <dst id="12">4111.0044</dst>
      <dst id="13">385.5111</dst>
      <dst id="19">1496.9422</dst>
      <dst id="23">4.0267</dst>
      <dst id="8">70.3111</dst>
      <dst id="18">1500.6311</dst>
      <dst id="4">26037.2800</dst>
      <dst id="1">7652.8622</dst>
      <dst id="5">282.7733</dst>
      <dst id="3">49.8756</dst>
      <dst id="10">345.7244</dst>
      <dst id="22">457.1200</dst>
      <dst id="7">381.8489</dst>
      <dst id="2">2770.7378</dst>
      <dst id="6">149.6089</dst>
      <dst id="16">2007.3689</dst>
      <dst id="14">56.9156</dst>
      <dst id="20">14.3911</dst>
      <dst id="11">81.3867</dst>
      <dst id="9">210.5067</dst>
      <dst id="17">36656.6933</dst>
      <dst id="21">964.8444</dst>
      <dst id="15">6.0711</dst>
    </src>
    <src id="10">
      <dst id="12">155535.0933</dst>
      <dst id="19">4641.2267</dst>
      <dst id="23">548.0267</dst>
      <dst id="8">84137.6889</dst>
      <dst id="18">732.0533</dst>
      <dst id="1">6568.5956</dst>
      <dst id="5">184038.9778</dst>
      <dst id="3">17503.4844</dst>
      <dst id="22">3423.2089</dst>
      <dst id="7">61531.8044</dst>
      <dst id="2">30793.7600</dst>
      <dst id="6">27022.3289</dst>
      <dst id="16">1370.2756</dst>
      <dst id="14">50810.2756</dst>
      <dst id="20">1481.3689</dst>
      <dst id="11">25140.9867</dst>
      <dst id="9">231689.6000</dst>
      <dst id="17">36781.3600</dst>
      <dst id="21">12722.2756</dst>
      <dst id="15">572.5778</dst>
    </src>
    <src id="22">
      <dst id="12">29220.3911</dst>
      <dst id="13">2024.2844</dst>
      <dst id="19">40.0622</dst>
      <dst id="23">2.4889</dst>
      <dst id="8">1197.8667</dst>
      <dst id="18">396.6489</dst>
      <dst id="4">12867.6800</dst>
      <dst id="1">2282.2844</dst>
      <dst id="5">2878.7556</dst>
      <dst id="3">464.5244</dst>
      <dst id="10">957.3867</dst>
      <dst id="7">355.5467</dst>
      <dst id="2">2065.3956</dst>
      <dst id="6">0.3556</dst>
      <dst id="14">199.5733</dst>
      <dst id="11">78.9156</dst>
      <dst id="9">2448.9067</dst>
      <dst id="17">4464.5067</dst>
      <dst id="21">584.8978</dst>
    </src>
    <src id="7">
      <dst id="12">4488.5422</dst>
      <dst id="13">40.5956</dst>
      <dst id="19">832.4978</dst>
      <dst id="23">69.2000</dst>
      <dst id="8">125.9467</dst>
      <dst id="18">242.6756</dst>
      <dst id="4">11229.0400</dst>
      <dst id="1">6089.3333</dst>
      <dst id="5">1479.8133</dst>
      <dst id="3">1644.3822</dst>
      <dst id="10">343.5200</dst>
      <dst id="22">1968.3556</dst>
      <dst id="7">699.1289</dst>
      <dst id="2">8843.3956</dst>
      <dst id="6">615.5200</dst>
      <dst id="16">1081.5644</dst>
      <dst id="14">249.0844</dst>
      <dst id="20">799.1556</dst>
      <dst id="11">87.6000</dst>
      <dst id="9">778.7022</dst>
      <dst id="17">6642.5867</dst>
      <dst id="21">1963.8844</dst>
      <dst id="15">220.3556</dst>
    </src>
    <src id="2">
      <dst id="12">113464.8178</dst>
      <dst id="13">10736.4622</dst>
      <dst id="19">189.6533</dst>
      <dst id="8">194.6667</dst>
      <dst id="18">39360.8444</dst>
      <dst id="4">66296.3467</dst>
      <dst id="1">9649.0044</dst>
      <dst id="5">875.1556</dst>
      <dst id="3">860.3911</dst>
      <dst id="10">10003.5289</dst>
      <dst id="22">594.7200</dst>
      <dst id="7">3224.3378</dst>
      <dst id="2">1005.2000</dst>
      <dst id="6">11360.6667</dst>
      <dst id="16">496.3378</dst>
      <dst id="14">276.7556</dst>
      <dst id="20">10447.4844</dst>
      <dst id="11">130.0800</dst>
      <dst id="9">2748.6844</dst>
      <dst id="17">21260.5422</dst>
      <dst id="21">759.5911</dst>
      <dst id="15">150.6667</dst>
    </src>
    <src id="6">
      <dst id="12">1552.8089</dst>
      <dst id="13">15.3600</dst>
      <dst id="19">42.0000</dst>
      <dst id="8">26.0000</dst>
      <dst id="4">17.6000</dst>
      <dst id="1">83.5822</dst>
      <dst id="5">0.5600</dst>
      <dst id="3">4.0444</dst>
      <dst id="10">0.4267</dst>
      <dst id="22">11.8667</dst>
      <dst id="7">114.3733</dst>
      <dst id="2">3533.8133</dst>
      <dst id="16">14.1867</dst>
      <dst id="14">0.3556</dst>
      <dst id="20">0.3378</dst>
      <dst id="11">11.4667</dst>
      <dst id="9">1.8044</dst>
      <dst id="17">12084.9867</dst>
      <dst id="21">2.0356</dst>
      <dst id="15">0.3378</dst>
    </src>
    <src id="16">
      <dst id="12">2206.9422</dst>
      <dst id="13">335.7778</dst>
      <dst id="19">4767.7244</dst>
      <dst id="23">21.0133</dst>
      <dst id="8">2616.8444</dst>
      <dst id="18">34.3822</dst>
      <dst id="4">7087.1200</dst>
      <dst id="1">22898.0178</dst>
      <dst id="5">4977.0578</dst>
      <dst id="3">4414.0800</dst>
      <dst id="10">478.4978</dst>
      <dst id="7">1275.1378</dst>
      <dst id="2">1279.2267</dst>
      <dst id="6">56.2400</dst>
      <dst id="16">22.0000</dst>
      <dst id="14">80.8711</dst>
      <dst id="11">9.5822</dst>
      <dst id="9">9765.3067</dst>
      <dst id="17">14961.1022</dst>
      <dst id="21">1254.0889</dst>
    </src>
    <src id="14">
      <dst id="12">2652.4622</dst>
      <dst id="13">10.7378</dst>
      <dst id="19">13.4489</dst>
      <dst id="23">0.8178</dst>
      <dst id="8">13.6178</dst>
      <dst id="4">1836.1600</dst>
      <dst id="1">937.3244</dst>
      <dst id="5">63.7511</dst>
      <dst id="3">123.5111</dst>
      <dst id="10">46.7911</dst>
      <dst id="22">85.4222</dst>
      <dst id="7">80.7289</dst>
      <dst id="2">4477.8400</dst>
      <dst id="6">29.0133</dst>
      <dst id="16">2.3200</dst>
      <dst id="20">14.4267</dst>
      <dst id="11">18.2489</dst>
      <dst id="9">188.5689</dst>
      <dst id="17">30368.0356</dst>
      <dst id="21">42.8356</dst>
    </src>
    <src id="20">
      <dst id="12">5452.4267</dst>
      <dst id="13">1005.9200</dst>
      <dst id="19">4.6400</dst>
      <dst id="23">2.9956</dst>
      <dst id="8">1392.3378</dst>
      <dst id="18">116.4978</dst>
      <dst id="4">3536.9422</dst>
      <dst id="1">54.0533</dst>
      <dst id="5">1082.0533</dst>
      <dst id="3">164.3289</dst>
      <dst id="10">208.9600</dst>
      <dst id="7">184.9422</dst>
      <dst id="2">1771.8044</dst>
      <dst id="14">0.9244</dst>
      <dst id="9">9257.8133</dst>
      <dst id="17">11717.9022</dst>
      <dst id="21">10239.9022</dst>
    </src>
    <src id="11">
      <dst id="12">54954.9422</dst>
      <dst id="13">1253.2356</dst>
      <dst id="19">45.4044</dst>
      <dst id="23">14.5778</dst>
      <dst id="8">440.8978</dst>
      <dst id="18">89.1556</dst>
      <dst id="4">8661.0311</dst>
      <dst id="1">2671.4756</dst>
      <dst id="5">892.9778</dst>
      <dst id="3">293.8311</dst>
      <dst id="10">5124.0978</dst>
      <dst id="22">992.7911</dst>
      <dst id="7">233.6178</dst>
      <dst id="2">84223.1733</dst>
      <dst id="6">16.7289</dst>
      <dst id="16">197.0489</dst>
      <dst id="14">740.7556</dst>
      <dst id="20">538.5244</dst>
      <dst id="11">2845.9733</dst>
      <dst id="9">1466.6756</dst>
      <dst id="17">487465.9022</dst>
      <dst id="21">263.9556</dst>
      <dst id="15">103.4133</dst>
    </src>
    <src id="9">
      <dst id="12">56837.8222</dst>
      <dst id="13">2710.2133</dst>
      <dst id="19">1645.4133</dst>
      <dst id="23">9.2444</dst>
      <dst id="8">74825.5111</dst>
      <dst id="18">81.4222</dst>
      <dst id="4">11452.1867</dst>
      <dst id="1">9534.8711</dst>
      <dst id="5">1044.2222</dst>
      <dst id="3">211.4844</dst>
      <dst id="10">622.2044</dst>
      <dst id="22">13068.5067</dst>
      <dst id="7">128.9067</dst>
      <dst id="2">430.9511</dst>
      <dst id="6">3.5111</dst>
      <dst id="16">664.8444</dst>
      <dst id="14">1.2978</dst>
      <dst id="20">1577.8044</dst>
      <dst id="11">27.5911</dst>
      <dst id="9">497491.4844</dst>
      <dst id="17">477801.1289</dst>
      <dst id="21">245.9822</dst>
      <dst id="15">5057.6089</dst>
    </src>
    <src id="17">
      <dst id="12">97490.1600</dst>
      <dst id="13">4733.3778</dst>
      <dst id="19">6409.8222</dst>
      <dst id="23">0.5333</dst>
      <dst id="8">73.8933</dst>
      <dst id="18">773.0667</dst>
      <dst id="4">138915.2089</dst>
      <dst id="1">813.1378</dst>
      <dst id="5">153406.7111</dst>
      <dst id="3">4432.9956</dst>
      <dst id="10">2871.5556</dst>
      <dst id="22">1808.3289</dst>
      <dst id="7">4622.2311</dst>
      <dst id="2">19015.0933</dst>
      <dst id="6">30.4800</dst>
      <dst id="16">5635.3422</dst>
      <dst id="14">22644.5333</dst>
      <dst id="20">354.3556</dst>
      <dst id="11">18608.4889</dst>
      <dst id="9">3603.8489</dst>
      <dst id="17">18325.2800</dst>
      <dst id="21">13188.7111</dst>
      <dst id="15">2880.3467</dst>
    </src>
    <src id="21">
      <dst id="12">11323.2978</dst>
      <dst id="13">2474.2311</dst>
      <dst id="19">64.4889</dst>
      <dst id="23">9.1022</dst>
      <dst id="8">413.4578</dst>
      <dst id="18">1759.8844</dst>
      <dst id="4">10067.0933</dst>
      <dst id="1">3207.6267</dst>
      <dst id="5">421.0222</dst>
      <dst id="3">636.6578</dst>
      <dst id="10">2917.8667</dst>
      <dst id="22">720.7556</dst>
      <dst id="7">331.5733</dst>
      <dst id="2">6533.2533</dst>
      <dst id="6">19.6622</dst>
      <dst id="16">174.0178</dst>
      <dst id="14">213.7244</dst>
      <dst id="20">426.9600</dst>
      <dst id="11">78.1511</dst>
      <dst id="9">573.7867</dst>
      <dst id="17">27819.6444</dst>
      <dst id="21">1793.3333</dst>
      <dst id="15">22.8089</dst>
    </src>
    <src id="15">
      <dst id="12">2062.7911</dst>
      <dst id="13">215.9822</dst>
      <dst id="19">13.3156</dst>
      <dst id="8">108.6133</dst>
      <dst id="18">0.7289</dst>
      <dst id="4">509.4756</dst>
      <dst id="1">75.5556</dst>
      <dst id="5">335.8667</dst>
      <dst id="3">89.2178</dst>
      <dst id="10">31.5822</dst>
      <dst id="7">9.7333</dst>
      <dst id="2">99.6889</dst>
      <dst id="14">13.7956</dst>
      <dst id="11">15.0489</dst>
      <dst id="9">905.8667</dst>
      <dst id="17">352.4533</dst>
      <dst id="21">81.5556</dst>
    </src>
  </IntraTM>
</TrafficMatrixFile>
