<?xml version="1.0" encoding="UTF-8" standalone="yes"?>
<TrafficMatrixFile xmlns:xsi="http://www.w3.org/2001/XMLSchema-instance" xsi:noNamespaceSchemaLocation="http://totem.run.montefiore.ulg.ac.be/Schema/TrafficMatrix-v1_2.xsd">
  <info>
    <title>Intradomain traffic matrix generated by geant-TM-all.pl</title>
    <date>2005-01-14T07:15:00</date>
    <duration>900</duration>
    <author>Steve Uhlig</author>
    <units>
        <unit type="bandwidth" value="kbps"/>
    </units>
  </info>
  <IntraTM ASID="20965">
    <src id="12">
      <dst id="12">303869.4044</dst>
      <dst id="13">41496.5511</dst>
      <dst id="19">4612.1422</dst>
      <dst id="23">3175.4311</dst>
      <dst id="8">788.6044</dst>
      <dst id="18">909.6000</dst>
      <dst id="4">111382.1867</dst>
      <dst id="1">8131.5733</dst>
      <dst id="5">3215.6711</dst>
      <dst id="3">6840.3200</dst>
      <dst id="22">26185.2267</dst>
      <dst id="7">1795.0044</dst>
      <dst id="2">65296.5156</dst>
      <dst id="16">1696.6756</dst>
      <dst id="14">958.2400</dst>
      <dst id="20">7587.8578</dst>
      <dst id="11">2007.0133</dst>
      <dst id="9">8305.4933</dst>
      <dst id="17">131500.5511</dst>
      <dst id="21">13177.0844</dst>
      <dst id="15">4513.1822</dst>
    </src>
    <src id="13">
      <dst id="12">66244.0533</dst>
      <dst id="19">19027.4578</dst>
      <dst id="23">198.4356</dst>
      <dst id="8">2208.0267</dst>
      <dst id="18">7284.2489</dst>
      <dst id="1">7602.0711</dst>
      <dst id="5">7315.9467</dst>
      <dst id="3">12557.7333</dst>
      <dst id="22">18709.6000</dst>
      <dst id="7">16633.8756</dst>
      <dst id="2">116058.8178</dst>
      <dst id="16">8545.6000</dst>
      <dst id="14">1510.3644</dst>
      <dst id="20">43340.3644</dst>
      <dst id="11">6119.6000</dst>
      <dst id="9">21815.6356</dst>
      <dst id="17">58053.9111</dst>
      <dst id="21">49231.4756</dst>
      <dst id="15">5060.8711</dst>
    </src>
    <src id="19">
      <dst id="12">17044.8622</dst>
      <dst id="13">1807.2622</dst>
      <dst id="8">1.8489</dst>
      <dst id="18">562.7822</dst>
      <dst id="4">53866.9956</dst>
      <dst id="1">404.2044</dst>
      <dst id="5">67.0311</dst>
      <dst id="3">5414.9333</dst>
      <dst id="22">59.8756</dst>
      <dst id="7">3145.9022</dst>
      <dst id="2">2103.4667</dst>
      <dst id="16">5499.0756</dst>
      <dst id="14">0.7111</dst>
      <dst id="20">71.5911</dst>
      <dst id="11">403.6089</dst>
      <dst id="9">1545.7778</dst>
      <dst id="17">269.4311</dst>
      <dst id="21">925.3511</dst>
      <dst id="15">1.6978</dst>
    </src>
    <src id="23">
      <dst id="12">609.6089</dst>
      <dst id="13">495.1378</dst>
      <dst id="19">0.4711</dst>
      <dst id="18">26.8533</dst>
      <dst id="4">89.8844</dst>
      <dst id="1">15.6356</dst>
      <dst id="5">36.4089</dst>
      <dst id="3">91.7333</dst>
      <dst id="22">199.6978</dst>
      <dst id="7">139.9022</dst>
      <dst id="2">62.5333</dst>
      <dst id="16">2357.8756</dst>
      <dst id="14">1.3067</dst>
      <dst id="20">57.8311</dst>
      <dst id="11">4906.6311</dst>
      <dst id="9">813.0667</dst>
      <dst id="17">513.3422</dst>
      <dst id="21">357.3422</dst>
    </src>
    <src id="8">
      <dst id="12">329090.5422</dst>
      <dst id="13">1088.4178</dst>
      <dst id="19">49.4222</dst>
      <dst id="23">17.0044</dst>
      <dst id="18">125.1467</dst>
      <dst id="4">4924.2933</dst>
      <dst id="1">531.5467</dst>
      <dst id="5">3718.8267</dst>
      <dst id="3">1.4667</dst>
      <dst id="22">551.1289</dst>
      <dst id="7">8.8000</dst>
      <dst id="2">477.8756</dst>
      <dst id="16">667.7956</dst>
      <dst id="20">1090.6133</dst>
      <dst id="11">520.6578</dst>
      <dst id="9">167361.7244</dst>
      <dst id="17">165974.3111</dst>
      <dst id="21">635.1556</dst>
      <dst id="15">122.1689</dst>
    </src>
    <src id="18">
      <dst id="12">127506.8178</dst>
      <dst id="13">316.7289</dst>
      <dst id="19">102.4889</dst>
      <dst id="23">0.3556</dst>
      <dst id="8">76.8444</dst>
      <dst id="4">2918.6578</dst>
      <dst id="1">781.7689</dst>
      <dst id="5">420.9333</dst>
      <dst id="3">417.0933</dst>
      <dst id="22">448.8889</dst>
      <dst id="7">158.0178</dst>
      <dst id="2">48013.9200</dst>
      <dst id="16">16.0711</dst>
      <dst id="20">377.7422</dst>
      <dst id="11">78.2489</dst>
      <dst id="9">181.7244</dst>
      <dst id="17">67835.2800</dst>
      <dst id="21">651.3689</dst>
      <dst id="15">124.4533</dst>
    </src>
    <src id="4">
      <dst id="12">16161.4667</dst>
      <dst id="19">34512.9422</dst>
      <dst id="23">3.3422</dst>
      <dst id="8">4707.3244</dst>
      <dst id="18">2067.6978</dst>
      <dst id="4">91.3422</dst>
      <dst id="1">9239.1111</dst>
      <dst id="5">2250.9867</dst>
      <dst id="3">2055.6356</dst>
      <dst id="22">5959.0756</dst>
      <dst id="7">35483.7867</dst>
      <dst id="2">52604.9600</dst>
      <dst id="16">1897.1911</dst>
      <dst id="14">3214.7022</dst>
      <dst id="20">1484.1333</dst>
      <dst id="11">1866.6222</dst>
      <dst id="9">1781.6889</dst>
      <dst id="17">51441.7689</dst>
      <dst id="21">8024.5511</dst>
      <dst id="15">449.7067</dst>
    </src>
    <src id="1">
      <dst id="12">52067.6267</dst>
      <dst id="13">22725.0400</dst>
      <dst id="19">48.1511</dst>
      <dst id="23">71.7156</dst>
      <dst id="8">140872.6756</dst>
      <dst id="18">13383.8844</dst>
      <dst id="4">29810.0533</dst>
      <dst id="1">29733.9378</dst>
      <dst id="5">233631.7600</dst>
      <dst id="3">875.4667</dst>
      <dst id="22">4290.1333</dst>
      <dst id="7">49010.0711</dst>
      <dst id="2">36932.1867</dst>
      <dst id="16">6443.9200</dst>
      <dst id="14">27.1822</dst>
      <dst id="20">5913.0133</dst>
      <dst id="11">6488.4356</dst>
      <dst id="9">233163.7067</dst>
      <dst id="17">25607.9911</dst>
      <dst id="21">49750.0089</dst>
      <dst id="15">1890.9600</dst>
    </src>
    <src id="5">
      <dst id="12">305166.4000</dst>
      <dst id="13">2943.0133</dst>
      <dst id="19">1024.7911</dst>
      <dst id="23">0.4356</dst>
      <dst id="8">8890.6933</dst>
      <dst id="18">305.0667</dst>
      <dst id="4">9897.7156</dst>
      <dst id="1">687.0133</dst>
      <dst id="3">14.1067</dst>
      <dst id="22">6950.2133</dst>
      <dst id="7">207.8133</dst>
      <dst id="2">1984.9778</dst>
      <dst id="16">956.6667</dst>
      <dst id="20">1592.2667</dst>
      <dst id="11">446.0444</dst>
      <dst id="9">185676.5778</dst>
      <dst id="17">171679.8578</dst>
      <dst id="21">762.5600</dst>
      <dst id="15">766.3911</dst>
    </src>
    <src id="3">
      <dst id="12">21000.5778</dst>
      <dst id="13">16922.2844</dst>
      <dst id="19">1594.3467</dst>
      <dst id="23">19.6267</dst>
      <dst id="8">67.2089</dst>
      <dst id="18">119149.4133</dst>
      <dst id="4">23137.5822</dst>
      <dst id="1">12580.2933</dst>
      <dst id="5">605.5111</dst>
      <dst id="3">13703.5556</dst>
      <dst id="22">428.2844</dst>
      <dst id="7">5861.2444</dst>
      <dst id="2">17872.0889</dst>
      <dst id="16">1714.2844</dst>
      <dst id="14">33682.1689</dst>
      <dst id="20">508.0356</dst>
      <dst id="11">173181.0489</dst>
      <dst id="9">1336.5067</dst>
      <dst id="17">31046.0444</dst>
      <dst id="21">14729.7956</dst>
      <dst id="15">1142.5422</dst>
    </src>
    <src id="10">
      <dst id="12">10261.4489</dst>
      <dst id="19">839.6889</dst>
      <dst id="8">757.0844</dst>
      <dst id="18">11878.4800</dst>
      <dst id="1">618.4800</dst>
      <dst id="5">467.5644</dst>
      <dst id="3">3341.0667</dst>
      <dst id="22">3862.4000</dst>
      <dst id="7">14514.5867</dst>
      <dst id="2">45214.5156</dst>
      <dst id="16">509.4756</dst>
      <dst id="14">3797.0933</dst>
      <dst id="20">3973.1644</dst>
      <dst id="11">1961.3511</dst>
      <dst id="9">1451.0933</dst>
      <dst id="17">31821.2622</dst>
      <dst id="21">5184.2222</dst>
      <dst id="15">261.9022</dst>
    </src>
    <src id="22">
      <dst id="12">17397.9644</dst>
      <dst id="13">3455.6178</dst>
      <dst id="19">138.9511</dst>
      <dst id="23">39.7956</dst>
      <dst id="8">1345.2533</dst>
      <dst id="18">442.6133</dst>
      <dst id="4">23415.7600</dst>
      <dst id="1">1805.9556</dst>
      <dst id="5">3908.4800</dst>
      <dst id="3">438.7200</dst>
      <dst id="7">1144.3111</dst>
      <dst id="2">5346.2311</dst>
      <dst id="14">47.2889</dst>
      <dst id="11">3210.0978</dst>
      <dst id="9">8166.2311</dst>
      <dst id="17">13490.1156</dst>
      <dst id="21">2062.9067</dst>
    </src>
    <src id="7">
      <dst id="12">8183.0044</dst>
      <dst id="13">427.3511</dst>
      <dst id="19">791.2000</dst>
      <dst id="23">78.5689</dst>
      <dst id="8">322.1600</dst>
      <dst id="18">1963.9200</dst>
      <dst id="4">21706.0889</dst>
      <dst id="1">22058.5778</dst>
      <dst id="5">1474.3822</dst>
      <dst id="3">422.8356</dst>
      <dst id="22">6159.5733</dst>
      <dst id="7">683.0578</dst>
      <dst id="2">26741.6267</dst>
      <dst id="16">1407.6178</dst>
      <dst id="14">485.9111</dst>
      <dst id="20">1014.7200</dst>
      <dst id="11">1139.5111</dst>
      <dst id="9">3924.3733</dst>
      <dst id="17">7969.5200</dst>
      <dst id="21">12554.5244</dst>
      <dst id="15">453.8400</dst>
    </src>
    <src id="2">
      <dst id="12">125319.5289</dst>
      <dst id="13">38270.4089</dst>
      <dst id="19">1085.7956</dst>
      <dst id="8">208.3733</dst>
      <dst id="18">98544.0889</dst>
      <dst id="4">133841.5911</dst>
      <dst id="1">18526.2311</dst>
      <dst id="5">2312.6133</dst>
      <dst id="3">43.1378</dst>
      <dst id="22">5991.6800</dst>
      <dst id="7">11262.9689</dst>
      <dst id="2">923.5644</dst>
      <dst id="16">2148.1244</dst>
      <dst id="14">6869.3156</dst>
      <dst id="20">1738.5333</dst>
      <dst id="11">4257.2000</dst>
      <dst id="9">3269.0044</dst>
      <dst id="17">8663.4400</dst>
      <dst id="21">43628.6044</dst>
      <dst id="15">881.8133</dst>
    </src>
    <src id="6">
      <dst id="12">2981.9733</dst>
      <dst id="13">6.1867</dst>
      <dst id="19">2.9689</dst>
      <dst id="4">1592.1156</dst>
      <dst id="1">2.1156</dst>
      <dst id="5">18.6489</dst>
      <dst id="3">0.5067</dst>
      <dst id="22">35.0311</dst>
      <dst id="7">27.1289</dst>
      <dst id="2">1977.2889</dst>
      <dst id="16">2.8356</dst>
      <dst id="20">0.3556</dst>
      <dst id="11">1.4756</dst>
      <dst id="9">0.4978</dst>
      <dst id="17">1321.0311</dst>
      <dst id="15">0.8533</dst>
    </src>
    <src id="16">
      <dst id="12">1785.9733</dst>
      <dst id="13">1473.5556</dst>
      <dst id="19">3602.1156</dst>
      <dst id="23">61.9022</dst>
      <dst id="8">5260.9333</dst>
      <dst id="18">393.6178</dst>
      <dst id="4">6099.0044</dst>
      <dst id="1">10470.7822</dst>
      <dst id="5">2129.1111</dst>
      <dst id="3">95.5644</dst>
      <dst id="22">13.3333</dst>
      <dst id="7">1992.6933</dst>
      <dst id="2">5955.8489</dst>
      <dst id="16">43.0578</dst>
      <dst id="14">722.4089</dst>
      <dst id="11">263.8133</dst>
      <dst id="9">6512.9600</dst>
      <dst id="17">5388.3911</dst>
      <dst id="21">1962.1600</dst>
    </src>
    <src id="14">
      <dst id="12">20327.2533</dst>
      <dst id="13">38.3467</dst>
      <dst id="19">32.7911</dst>
      <dst id="4">2262.9600</dst>
      <dst id="1">33.1111</dst>
      <dst id="5">1.0756</dst>
      <dst id="3">49.4933</dst>
      <dst id="22">115.6000</dst>
      <dst id="7">51.0578</dst>
      <dst id="2">4318.1689</dst>
      <dst id="16">25.4844</dst>
      <dst id="20">0.5778</dst>
      <dst id="11">43.1644</dst>
      <dst id="9">17.3511</dst>
      <dst id="17">9013.0844</dst>
      <dst id="21">138.5422</dst>
      <dst id="15">1.6178</dst>
    </src>
    <src id="20">
      <dst id="12">7331.5822</dst>
      <dst id="13">9039.6178</dst>
      <dst id="19">170.1422</dst>
      <dst id="23">6.4178</dst>
      <dst id="8">161.8222</dst>
      <dst id="18">857.6622</dst>
      <dst id="4">10937.8400</dst>
      <dst id="1">236.4356</dst>
      <dst id="5">3216.3467</dst>
      <dst id="3">177.0667</dst>
      <dst id="22">13.3333</dst>
      <dst id="7">48.4533</dst>
      <dst id="2">5318.4000</dst>
      <dst id="16">0.3556</dst>
      <dst id="14">0.7644</dst>
      <dst id="11">5043.4044</dst>
      <dst id="9">2136.5600</dst>
      <dst id="17">5624.3289</dst>
      <dst id="21">449.0578</dst>
    </src>
    <src id="11">
      <dst id="12">556587.4933</dst>
      <dst id="13">1809.9556</dst>
      <dst id="19">560.4711</dst>
      <dst id="23">123.7244</dst>
      <dst id="8">631.5022</dst>
      <dst id="18">692.9867</dst>
      <dst id="4">10401.6533</dst>
      <dst id="1">515.9644</dst>
      <dst id="5">1652.8889</dst>
      <dst id="3">687.9022</dst>
      <dst id="22">2059.5556</dst>
      <dst id="7">1078.4089</dst>
      <dst id="2">147244.9333</dst>
      <dst id="16">386.1067</dst>
      <dst id="14">174.3733</dst>
      <dst id="20">1036.1422</dst>
      <dst id="11">4162.4444</dst>
      <dst id="9">2887.8578</dst>
      <dst id="17">244198.3556</dst>
      <dst id="21">6546.7289</dst>
      <dst id="15">149.8489</dst>
    </src>
    <src id="9">
      <dst id="12">471920.8178</dst>
      <dst id="13">1833.4933</dst>
      <dst id="19">13399.1644</dst>
      <dst id="23">19.8400</dst>
      <dst id="8">166196.1778</dst>
      <dst id="18">84.2756</dst>
      <dst id="4">9272.7556</dst>
      <dst id="1">3097.8756</dst>
      <dst id="5">2579.6889</dst>
      <dst id="3">117.1733</dst>
      <dst id="22">8713.2356</dst>
      <dst id="7">3849.0400</dst>
      <dst id="2">2546.9600</dst>
      <dst id="16">519.2800</dst>
      <dst id="14">13.9822</dst>
      <dst id="20">4665.0222</dst>
      <dst id="11">1772.9778</dst>
      <dst id="9">430416.4089</dst>
      <dst id="17">237406.2400</dst>
      <dst id="21">3200.4356</dst>
      <dst id="15">643.9556</dst>
    </src>
    <src id="17">
      <dst id="12">14321.3156</dst>
      <dst id="13">4182.3200</dst>
      <dst id="19">3727.6089</dst>
      <dst id="23">408.9956</dst>
      <dst id="8">937.7333</dst>
      <dst id="18">2635.5644</dst>
      <dst id="4">63881.3778</dst>
      <dst id="1">860.3378</dst>
      <dst id="5">222421.2533</dst>
      <dst id="3">8425.2089</dst>
      <dst id="22">8974.5244</dst>
      <dst id="7">15218.5867</dst>
      <dst id="2">19362.3200</dst>
      <dst id="16">3120.7556</dst>
      <dst id="14">27703.9022</dst>
      <dst id="20">2201.3333</dst>
      <dst id="11">167863.5556</dst>
      <dst id="9">3425.0667</dst>
      <dst id="17">2114.8089</dst>
      <dst id="21">10579.3333</dst>
      <dst id="15">315.0933</dst>
    </src>
    <src id="21">
      <dst id="12">38392.0711</dst>
      <dst id="13">7947.0756</dst>
      <dst id="19">312.5333</dst>
      <dst id="23">9.8133</dst>
      <dst id="8">266.4267</dst>
      <dst id="18">506.9600</dst>
      <dst id="4">27484.4267</dst>
      <dst id="1">8805.6800</dst>
      <dst id="5">440.8267</dst>
      <dst id="3">2689.7422</dst>
      <dst id="22">2523.0578</dst>
      <dst id="7">8775.7956</dst>
      <dst id="2">36916.0356</dst>
      <dst id="16">514.1600</dst>
      <dst id="14">55.1289</dst>
      <dst id="20">1993.2178</dst>
      <dst id="11">636.8800</dst>
      <dst id="9">2369.0133</dst>
      <dst id="17">8614.1422</dst>
      <dst id="21">3842.3200</dst>
      <dst id="15">5369.0844</dst>
    </src>
    <src id="15">
      <dst id="12">3391.2889</dst>
      <dst id="13">364.3556</dst>
      <dst id="19">1.7244</dst>
      <dst id="23">0.4267</dst>
      <dst id="8">19.8667</dst>
      <dst id="18">350.4356</dst>
      <dst id="4">3540.0978</dst>
      <dst id="1">286.0533</dst>
      <dst id="5">281.4756</dst>
      <dst id="3">47.0844</dst>
      <dst id="7">35.8311</dst>
      <dst id="2">135.1911</dst>
      <dst id="11">589.1111</dst>
      <dst id="9">1253.7689</dst>
      <dst id="17">269.2622</dst>
      <dst id="21">807.7244</dst>
    </src>
  </IntraTM>
</TrafficMatrixFile>
