<?xml version="1.0" encoding="UTF-8" standalone="yes"?>
<TrafficMatrixFile xmlns:xsi="http://www.w3.org/2001/XMLSchema-instance" xsi:noNamespaceSchemaLocation="http://totem.run.montefiore.ulg.ac.be/Schema/TrafficMatrix-v1_2.xsd">
  <info>
    <title>Intradomain traffic matrix generated by geant-TM-all.pl</title>
    <date>2005-01-14T23:00:00</date>
    <duration>900</duration>
    <author>Steve Uhlig</author>
    <units>
        <unit type="bandwidth" value="kbps"/>
    </units>
  </info>
  <IntraTM ASID="20965">
    <src id="12">
      <dst id="12">352703.2356</dst>
      <dst id="13">32781.8578</dst>
      <dst id="19">4726.4356</dst>
      <dst id="23">2030.8533</dst>
      <dst id="8">3075.8044</dst>
      <dst id="18">6953.1289</dst>
      <dst id="4">94449.7778</dst>
      <dst id="1">20353.3244</dst>
      <dst id="5">3259.7511</dst>
      <dst id="3">45919.9733</dst>
      <dst id="22">18599.1467</dst>
      <dst id="7">16843.9467</dst>
      <dst id="2">116791.5378</dst>
      <dst id="16">13207.8489</dst>
      <dst id="14">750.3733</dst>
      <dst id="20">34768.8089</dst>
      <dst id="11">3462.1156</dst>
      <dst id="9">21179.2889</dst>
      <dst id="17">152578.1867</dst>
      <dst id="21">10151.6267</dst>
      <dst id="15">4852.4711</dst>
    </src>
    <src id="13">
      <dst id="12">97716.8089</dst>
      <dst id="19">24929.2889</dst>
      <dst id="23">397.1911</dst>
      <dst id="8">12772.8178</dst>
      <dst id="18">13742.6044</dst>
      <dst id="1">14029.8222</dst>
      <dst id="5">25272.0800</dst>
      <dst id="3">48719.2889</dst>
      <dst id="22">48252.3289</dst>
      <dst id="7">36881.8756</dst>
      <dst id="2">146684.0978</dst>
      <dst id="16">20256.0622</dst>
      <dst id="14">6101.9289</dst>
      <dst id="20">43001.5467</dst>
      <dst id="11">17231.4844</dst>
      <dst id="9">27411.1111</dst>
      <dst id="17">301419.0222</dst>
      <dst id="21">42504.4089</dst>
      <dst id="15">8553.7067</dst>
    </src>
    <src id="19">
      <dst id="12">20064.9511</dst>
      <dst id="13">25623.4044</dst>
      <dst id="23">38.5244</dst>
      <dst id="8">126.4978</dst>
      <dst id="18">75.2889</dst>
      <dst id="4">51269.6089</dst>
      <dst id="1">5026.8356</dst>
      <dst id="5">144.7022</dst>
      <dst id="3">94.0800</dst>
      <dst id="22">970.4533</dst>
      <dst id="7">5945.0933</dst>
      <dst id="2">2749.8933</dst>
      <dst id="16">10310.5867</dst>
      <dst id="14">14.1511</dst>
      <dst id="20">117.6711</dst>
      <dst id="11">397.1200</dst>
      <dst id="9">4472.8978</dst>
      <dst id="17">7042.8533</dst>
      <dst id="21">2667.0400</dst>
      <dst id="15">1.5289</dst>
    </src>
    <src id="23">
      <dst id="12">2023.2267</dst>
      <dst id="13">576.4178</dst>
      <dst id="19">1137.4044</dst>
      <dst id="8">2.0889</dst>
      <dst id="18">426.6667</dst>
      <dst id="4">14.6844</dst>
      <dst id="1">968.7378</dst>
      <dst id="5">3061.4756</dst>
      <dst id="3">2554.2667</dst>
      <dst id="22">316.5600</dst>
      <dst id="7">4356.0000</dst>
      <dst id="2">173.1644</dst>
      <dst id="16">9746.4178</dst>
      <dst id="14">8.2400</dst>
      <dst id="20">86.8356</dst>
      <dst id="11">604.7556</dst>
      <dst id="9">1634.8978</dst>
      <dst id="17">10957.1200</dst>
      <dst id="21">1386.9600</dst>
      <dst id="15">5.6089</dst>
    </src>
    <src id="8">
      <dst id="12">296944.8444</dst>
      <dst id="13">1283.9733</dst>
      <dst id="19">1.8578</dst>
      <dst id="18">432.0978</dst>
      <dst id="4">5771.5467</dst>
      <dst id="1">868.5600</dst>
      <dst id="5">4276.4444</dst>
      <dst id="3">92.0800</dst>
      <dst id="22">2813.9200</dst>
      <dst id="7">263.6356</dst>
      <dst id="2">1735.3956</dst>
      <dst id="16">1115.8489</dst>
      <dst id="14">41.1378</dst>
      <dst id="20">1894.2400</dst>
      <dst id="11">844.7644</dst>
      <dst id="9">175664.8800</dst>
      <dst id="17">151829.8133</dst>
      <dst id="21">397.1378</dst>
      <dst id="15">38.7378</dst>
    </src>
    <src id="18">
      <dst id="12">135585.8133</dst>
      <dst id="13">640.4622</dst>
      <dst id="19">264.5422</dst>
      <dst id="23">8.0178</dst>
      <dst id="8">340.5956</dst>
      <dst id="4">2808.1067</dst>
      <dst id="1">907.6444</dst>
      <dst id="5">731.9200</dst>
      <dst id="3">621.3511</dst>
      <dst id="22">884.9333</dst>
      <dst id="7">444.5689</dst>
      <dst id="2">60793.5822</dst>
      <dst id="16">41.3956</dst>
      <dst id="14">94.0267</dst>
      <dst id="20">1394.0711</dst>
      <dst id="11">865.5644</dst>
      <dst id="9">581.5644</dst>
      <dst id="17">86246.6844</dst>
      <dst id="21">1967.4489</dst>
      <dst id="15">1.5644</dst>
    </src>
    <src id="4">
      <dst id="12">26002.1156</dst>
      <dst id="19">38566.9956</dst>
      <dst id="23">773.2800</dst>
      <dst id="8">3671.0667</dst>
      <dst id="18">1738.3200</dst>
      <dst id="4">3.3244</dst>
      <dst id="1">134925.3867</dst>
      <dst id="5">1988.7200</dst>
      <dst id="3">6297.1467</dst>
      <dst id="22">5756.7289</dst>
      <dst id="7">14405.9111</dst>
      <dst id="2">86885.2089</dst>
      <dst id="16">4236.2489</dst>
      <dst id="14">6902.1067</dst>
      <dst id="20">8447.7956</dst>
      <dst id="11">6549.6444</dst>
      <dst id="9">3902.2400</dst>
      <dst id="17">89877.7244</dst>
      <dst id="21">10779.4222</dst>
      <dst id="15">1445.1022</dst>
    </src>
    <src id="1">
      <dst id="12">62637.6178</dst>
      <dst id="13">6392.4889</dst>
      <dst id="19">2298.2044</dst>
      <dst id="23">209.1200</dst>
      <dst id="8">228276.4889</dst>
      <dst id="18">13518.4089</dst>
      <dst id="4">26043.9378</dst>
      <dst id="1">121887.9200</dst>
      <dst id="5">320330.6400</dst>
      <dst id="3">21028.5067</dst>
      <dst id="22">15730.9067</dst>
      <dst id="7">56819.0844</dst>
      <dst id="2">52269.4489</dst>
      <dst id="16">9253.8756</dst>
      <dst id="14">142.8533</dst>
      <dst id="20">1338.8444</dst>
      <dst id="11">726.8356</dst>
      <dst id="9">431044.1689</dst>
      <dst id="17">25534.0889</dst>
      <dst id="21">22705.7956</dst>
      <dst id="15">908.0444</dst>
    </src>
    <src id="5">
      <dst id="12">334297.6000</dst>
      <dst id="13">9074.6844</dst>
      <dst id="19">978.0622</dst>
      <dst id="23">154.3467</dst>
      <dst id="8">4776.8978</dst>
      <dst id="18">776.3733</dst>
      <dst id="4">8346.2489</dst>
      <dst id="1">1923.8756</dst>
      <dst id="3">556.9511</dst>
      <dst id="22">7200.2756</dst>
      <dst id="7">634.6044</dst>
      <dst id="2">9033.7867</dst>
      <dst id="16">2037.3067</dst>
      <dst id="14">13.3156</dst>
      <dst id="20">4140.0711</dst>
      <dst id="11">719.5911</dst>
      <dst id="9">179299.7867</dst>
      <dst id="17">181084.1689</dst>
      <dst id="21">1405.8311</dst>
      <dst id="15">639.0133</dst>
    </src>
    <src id="3">
      <dst id="12">30305.0222</dst>
      <dst id="13">3854.8800</dst>
      <dst id="19">4138.5156</dst>
      <dst id="23">125.8489</dst>
      <dst id="8">144.9511</dst>
      <dst id="18">238445.6444</dst>
      <dst id="4">46172.4622</dst>
      <dst id="1">18996.7822</dst>
      <dst id="5">1088.5156</dst>
      <dst id="3">18481.1289</dst>
      <dst id="22">1900.6489</dst>
      <dst id="7">4501.6000</dst>
      <dst id="2">17077.0133</dst>
      <dst id="16">2405.3689</dst>
      <dst id="14">72579.4933</dst>
      <dst id="20">17075.6622</dst>
      <dst id="11">301470.0267</dst>
      <dst id="9">5418.8533</dst>
      <dst id="17">45537.5200</dst>
      <dst id="21">27462.7822</dst>
      <dst id="15">3263.0133</dst>
    </src>
    <src id="10">
      <dst id="12">33203.1822</dst>
      <dst id="19">8543.8400</dst>
      <dst id="8">2240.5689</dst>
      <dst id="18">3576.0000</dst>
      <dst id="1">2454.6667</dst>
      <dst id="5">1610.4533</dst>
      <dst id="3">14840.3644</dst>
      <dst id="22">5431.7067</dst>
      <dst id="7">25995.7067</dst>
      <dst id="2">58716.8000</dst>
      <dst id="16">3368.7200</dst>
      <dst id="14">6433.7867</dst>
      <dst id="20">13545.1644</dst>
      <dst id="11">4137.7156</dst>
      <dst id="9">6401.7244</dst>
      <dst id="17">44209.3244</dst>
      <dst id="21">19451.7867</dst>
      <dst id="15">3728.2844</dst>
    </src>
    <src id="22">
      <dst id="12">43386.8000</dst>
      <dst id="13">8435.6711</dst>
      <dst id="19">2219.5467</dst>
      <dst id="23">661.9911</dst>
      <dst id="8">9212.4356</dst>
      <dst id="18">863.1733</dst>
      <dst id="4">17653.2889</dst>
      <dst id="1">3634.9778</dst>
      <dst id="5">5107.5556</dst>
      <dst id="3">4029.2533</dst>
      <dst id="7">6684.8089</dst>
      <dst id="2">5410.6044</dst>
      <dst id="14">51.4222</dst>
      <dst id="11">3824.3911</dst>
      <dst id="9">9973.1289</dst>
      <dst id="17">14388.3733</dst>
      <dst id="21">4676.2489</dst>
    </src>
    <src id="7">
      <dst id="12">12027.1822</dst>
      <dst id="13">2243.8933</dst>
      <dst id="19">12998.9156</dst>
      <dst id="23">311.9022</dst>
      <dst id="8">489.3867</dst>
      <dst id="18">4479.6089</dst>
      <dst id="4">12640.0356</dst>
      <dst id="1">28367.3956</dst>
      <dst id="5">1508.2311</dst>
      <dst id="3">1408.1689</dst>
      <dst id="22">5488.4889</dst>
      <dst id="7">618.3822</dst>
      <dst id="2">71504.6844</dst>
      <dst id="16">4019.4222</dst>
      <dst id="14">582.3822</dst>
      <dst id="20">1484.2667</dst>
      <dst id="11">1761.4578</dst>
      <dst id="9">1616.8800</dst>
      <dst id="17">18939.8400</dst>
      <dst id="21">8055.7511</dst>
      <dst id="15">153.7689</dst>
    </src>
    <src id="2">
      <dst id="12">202215.7244</dst>
      <dst id="13">12561.6000</dst>
      <dst id="19">2668.4533</dst>
      <dst id="23">504.5156</dst>
      <dst id="8">1134.7022</dst>
      <dst id="18">186496.7911</dst>
      <dst id="4">118470.9244</dst>
      <dst id="1">60127.8756</dst>
      <dst id="5">2347.6711</dst>
      <dst id="3">1895.8400</dst>
      <dst id="22">6995.3156</dst>
      <dst id="7">25125.0044</dst>
      <dst id="2">1193.1644</dst>
      <dst id="16">2849.7867</dst>
      <dst id="14">6689.0044</dst>
      <dst id="20">2360.4444</dst>
      <dst id="11">7110.2311</dst>
      <dst id="9">6939.9822</dst>
      <dst id="17">125400.9156</dst>
      <dst id="21">24164.3467</dst>
      <dst id="15">2212.5778</dst>
    </src>
    <src id="6">
      <dst id="12">4967.5289</dst>
      <dst id="13">35.3778</dst>
      <dst id="19">52.6311</dst>
      <dst id="23">5.7422</dst>
      <dst id="8">25.1911</dst>
      <dst id="18">0.4622</dst>
      <dst id="4">97.4489</dst>
      <dst id="1">189.1289</dst>
      <dst id="5">20.7644</dst>
      <dst id="3">1.9111</dst>
      <dst id="22">42.0800</dst>
      <dst id="7">213.0578</dst>
      <dst id="2">2311.8311</dst>
      <dst id="16">1120.8178</dst>
      <dst id="14">1.6978</dst>
      <dst id="20">0.3556</dst>
      <dst id="11">84.5600</dst>
      <dst id="9">40.9600</dst>
      <dst id="17">2652.6756</dst>
      <dst id="21">104.3644</dst>
      <dst id="15">3.2000</dst>
    </src>
    <src id="16">
      <dst id="12">4499.4222</dst>
      <dst id="13">3014.7822</dst>
      <dst id="19">2991.0756</dst>
      <dst id="23">338.3289</dst>
      <dst id="8">15351.4133</dst>
      <dst id="18">392.3022</dst>
      <dst id="4">4491.6000</dst>
      <dst id="1">16236.4089</dst>
      <dst id="5">7495.4133</dst>
      <dst id="3">4741.2800</dst>
      <dst id="22">40.0000</dst>
      <dst id="7">1699.5022</dst>
      <dst id="2">1717.5200</dst>
      <dst id="16">64.5156</dst>
      <dst id="14">432.8533</dst>
      <dst id="11">146.2311</dst>
      <dst id="9">13644.0978</dst>
      <dst id="17">12293.2356</dst>
      <dst id="21">1493.2711</dst>
    </src>
    <src id="14">
      <dst id="12">22890.7467</dst>
      <dst id="13">234.9956</dst>
      <dst id="19">53.0667</dst>
      <dst id="8">28.0889</dst>
      <dst id="18">2.8800</dst>
      <dst id="4">3872.8711</dst>
      <dst id="1">125.8489</dst>
      <dst id="5">26.7733</dst>
      <dst id="3">196.2756</dst>
      <dst id="22">35.2356</dst>
      <dst id="7">256.0444</dst>
      <dst id="2">6098.0356</dst>
      <dst id="16">60.9689</dst>
      <dst id="11">152.0800</dst>
      <dst id="9">145.0222</dst>
      <dst id="17">11217.8222</dst>
      <dst id="21">118.6756</dst>
      <dst id="15">57.2800</dst>
    </src>
    <src id="20">
      <dst id="12">23705.2444</dst>
      <dst id="13">8733.0133</dst>
      <dst id="19">997.6800</dst>
      <dst id="23">129.6533</dst>
      <dst id="8">1891.2000</dst>
      <dst id="18">2354.6400</dst>
      <dst id="4">5571.9289</dst>
      <dst id="1">1357.7600</dst>
      <dst id="5">5141.5644</dst>
      <dst id="3">6847.6444</dst>
      <dst id="7">218.5689</dst>
      <dst id="2">12013.1467</dst>
      <dst id="11">1285.7867</dst>
      <dst id="9">17315.9022</dst>
      <dst id="17">3186.5244</dst>
      <dst id="21">899.5200</dst>
    </src>
    <src id="11">
      <dst id="12">536779.8489</dst>
      <dst id="13">2395.0044</dst>
      <dst id="19">1475.5556</dst>
      <dst id="23">976.6489</dst>
      <dst id="8">1143.6800</dst>
      <dst id="18">924.7200</dst>
      <dst id="4">10423.2889</dst>
      <dst id="1">934.0356</dst>
      <dst id="5">2006.6311</dst>
      <dst id="3">1754.1067</dst>
      <dst id="22">2118.7911</dst>
      <dst id="7">2468.5689</dst>
      <dst id="2">142859.0667</dst>
      <dst id="16">3013.3067</dst>
      <dst id="14">95.8133</dst>
      <dst id="20">642.0000</dst>
      <dst id="11">21971.2533</dst>
      <dst id="9">3220.6756</dst>
      <dst id="17">223763.9467</dst>
      <dst id="21">1397.3689</dst>
      <dst id="15">684.9689</dst>
    </src>
    <src id="9">
      <dst id="12">525238.4978</dst>
      <dst id="13">6127.0578</dst>
      <dst id="19">629.1378</dst>
      <dst id="23">45.8400</dst>
      <dst id="8">228959.8489</dst>
      <dst id="18">1383.9111</dst>
      <dst id="4">15751.2533</dst>
      <dst id="1">4483.9289</dst>
      <dst id="5">3597.6000</dst>
      <dst id="3">231.0400</dst>
      <dst id="22">10046.7467</dst>
      <dst id="7">1266.2489</dst>
      <dst id="2">8062.4089</dst>
      <dst id="16">4671.4756</dst>
      <dst id="14">18.7378</dst>
      <dst id="20">11836.6756</dst>
      <dst id="11">4443.1022</dst>
      <dst id="9">602903.1911</dst>
      <dst id="17">254718.5600</dst>
      <dst id="21">2769.7067</dst>
      <dst id="15">5018.8978</dst>
    </src>
    <src id="17">
      <dst id="12">23454.1867</dst>
      <dst id="13">13812.4889</dst>
      <dst id="19">6830.5778</dst>
      <dst id="23">730.5689</dst>
      <dst id="8">778.6933</dst>
      <dst id="18">2383.8044</dst>
      <dst id="4">48081.9644</dst>
      <dst id="1">7248.1422</dst>
      <dst id="5">291884.9067</dst>
      <dst id="3">55563.1289</dst>
      <dst id="22">9252.7200</dst>
      <dst id="7">27380.9422</dst>
      <dst id="2">53096.9511</dst>
      <dst id="16">21728.3822</dst>
      <dst id="14">39814.0622</dst>
      <dst id="20">6639.0933</dst>
      <dst id="11">258788.3644</dst>
      <dst id="9">8735.2978</dst>
      <dst id="17">790.6133</dst>
      <dst id="21">30129.8844</dst>
      <dst id="15">2234.8089</dst>
    </src>
    <src id="21">
      <dst id="12">36912.2222</dst>
      <dst id="13">5917.4222</dst>
      <dst id="19">630.2400</dst>
      <dst id="23">149.0400</dst>
      <dst id="8">732.5867</dst>
      <dst id="18">1810.9689</dst>
      <dst id="4">23321.5556</dst>
      <dst id="1">3372.5156</dst>
      <dst id="5">1107.3067</dst>
      <dst id="3">15187.9289</dst>
      <dst id="22">2975.7956</dst>
      <dst id="7">5952.2667</dst>
      <dst id="2">25449.3600</dst>
      <dst id="16">1600.5689</dst>
      <dst id="14">147.2622</dst>
      <dst id="20">1535.3778</dst>
      <dst id="11">863.4311</dst>
      <dst id="9">5322.8267</dst>
      <dst id="17">14787.1200</dst>
      <dst id="21">3292.2578</dst>
      <dst id="15">2535.2978</dst>
    </src>
    <src id="15">
      <dst id="12">4920.3733</dst>
      <dst id="13">1193.6533</dst>
      <dst id="19">8.7111</dst>
      <dst id="23">0.7111</dst>
      <dst id="8">32.5511</dst>
      <dst id="18">4.4356</dst>
      <dst id="4">1936.4356</dst>
      <dst id="1">2727.8044</dst>
      <dst id="5">1067.9378</dst>
      <dst id="3">3557.3867</dst>
      <dst id="7">1283.5111</dst>
      <dst id="2">533.5111</dst>
      <dst id="14">186.3022</dst>
      <dst id="11">181.9378</dst>
      <dst id="9">508.2844</dst>
      <dst id="17">1102.9244</dst>
      <dst id="21">2514.2933</dst>
    </src>
  </IntraTM>
</TrafficMatrixFile>
