<?xml version="1.0" encoding="UTF-8" standalone="yes"?>
<TrafficMatrixFile xmlns:xsi="http://www.w3.org/2001/XMLSchema-instance" xsi:noNamespaceSchemaLocation="http://totem.run.montefiore.ulg.ac.be/Schema/TrafficMatrix-v1_2.xsd">
  <info>
    <title>Intradomain traffic matrix generated by geant-TM-all.pl</title>
    <date>2005-04-23T00:45:00</date>
    <duration>900</duration>
    <author>Steve Uhlig</author>
    <units>
        <unit type="bandwidth" value="kbps"/>
    </units>
  </info>
  <IntraTM ASID="20965">
    <src id="12">
      <dst id="12">418095.9200</dst>
      <dst id="13">26781.0933</dst>
      <dst id="19">9715.1733</dst>
      <dst id="23">13235.7511</dst>
      <dst id="8">773.2000</dst>
      <dst id="18">104158.7822</dst>
      <dst id="4">13984.0444</dst>
      <dst id="1">34673.8489</dst>
      <dst id="5">4474.7911</dst>
      <dst id="3">1973.7156</dst>
      <dst id="10">4807.0844</dst>
      <dst id="22">4708.4533</dst>
      <dst id="7">17212.7556</dst>
      <dst id="2">13229.7511</dst>
      <dst id="16">19373.5556</dst>
      <dst id="14">719.8933</dst>
      <dst id="20">4010.7822</dst>
      <dst id="11">673.4489</dst>
      <dst id="9">43899.3156</dst>
      <dst id="17">87575.2267</dst>
      <dst id="21">3837.3156</dst>
      <dst id="15">6223.2444</dst>
    </src>
    <src id="13">
      <dst id="12">22675.2089</dst>
      <dst id="13">475.6000</dst>
      <dst id="19">20817.2622</dst>
      <dst id="23">285.2533</dst>
      <dst id="8">300.1600</dst>
      <dst id="18">2357.0667</dst>
      <dst id="4">1.8489</dst>
      <dst id="1">11773.2178</dst>
      <dst id="5">6605.2622</dst>
      <dst id="3">395.3422</dst>
      <dst id="22">327.0667</dst>
      <dst id="7">1202.2578</dst>
      <dst id="2">16713.6089</dst>
      <dst id="16">3278.0533</dst>
      <dst id="14">1948.2844</dst>
      <dst id="20">2935.4044</dst>
      <dst id="11">133.3600</dst>
      <dst id="9">11172.2489</dst>
      <dst id="17">357675.4400</dst>
      <dst id="21">7971.3422</dst>
      <dst id="15">154.1511</dst>
    </src>
    <src id="19">
      <dst id="12">34241.1467</dst>
      <dst id="13">41975.3778</dst>
      <dst id="23">119.7511</dst>
      <dst id="8">8.8178</dst>
      <dst id="18">1695.0578</dst>
      <dst id="4">277.2267</dst>
      <dst id="1">221.8222</dst>
      <dst id="5">117.2267</dst>
      <dst id="3">26.8444</dst>
      <dst id="10">1045.7867</dst>
      <dst id="22">66.9511</dst>
      <dst id="7">1704.6933</dst>
      <dst id="2">1447.6978</dst>
      <dst id="16">98.7022</dst>
      <dst id="14">11.1822</dst>
      <dst id="20">252.5956</dst>
      <dst id="11">3.0489</dst>
      <dst id="9">93.7156</dst>
      <dst id="17">4967.8222</dst>
      <dst id="21">624.7378</dst>
      <dst id="15">25.4933</dst>
    </src>
    <src id="23">
      <dst id="12">3354.3644</dst>
      <dst id="13">2442.3289</dst>
      <dst id="19">18.7378</dst>
      <dst id="8">54.2044</dst>
      <dst id="18">281.2444</dst>
      <dst id="4">356.4444</dst>
      <dst id="1">397.7778</dst>
      <dst id="5">86.6933</dst>
      <dst id="3">432.2133</dst>
      <dst id="10">292.7733</dst>
      <dst id="22">40.0000</dst>
      <dst id="7">332.0622</dst>
      <dst id="2">28.1333</dst>
      <dst id="14">68.6222</dst>
      <dst id="20">27.5911</dst>
      <dst id="11">28.2667</dst>
      <dst id="9">588.4178</dst>
      <dst id="17">3577.8311</dst>
      <dst id="21">434.2133</dst>
      <dst id="15">14.1156</dst>
    </src>
    <src id="8">
      <dst id="12">12084.7200</dst>
      <dst id="13">568.8178</dst>
      <dst id="19">4.1422</dst>
      <dst id="23">39.5022</dst>
      <dst id="18">188.2222</dst>
      <dst id="4">168.3200</dst>
      <dst id="1">3074.8711</dst>
      <dst id="5">2031.1378</dst>
      <dst id="3">414.2044</dst>
      <dst id="10">35.7600</dst>
      <dst id="2">222.8800</dst>
      <dst id="16">285209.0400</dst>
      <dst id="14">1.0667</dst>
      <dst id="11">1.6889</dst>
      <dst id="9">85543.7778</dst>
      <dst id="17">32839.2533</dst>
      <dst id="21">70.3644</dst>
      <dst id="15">47.3600</dst>
    </src>
    <src id="18">
      <dst id="12">161868.2756</dst>
      <dst id="13">530.0800</dst>
      <dst id="19">63.8311</dst>
      <dst id="23">21.5467</dst>
      <dst id="8">82.3467</dst>
      <dst id="4">57.3156</dst>
      <dst id="1">9482.6756</dst>
      <dst id="5">160.9689</dst>
      <dst id="3">3455.8311</dst>
      <dst id="10">137.8578</dst>
      <dst id="22">13.6889</dst>
      <dst id="7">770.3022</dst>
      <dst id="2">4688.0444</dst>
      <dst id="16">1018.6578</dst>
      <dst id="14">5.1200</dst>
      <dst id="20">64.5689</dst>
      <dst id="11">0.9333</dst>
      <dst id="9">11960.2133</dst>
      <dst id="17">5241.6711</dst>
      <dst id="21">860.9600</dst>
      <dst id="15">40.6400</dst>
    </src>
    <src id="4">
      <dst id="12">35070.7911</dst>
      <dst id="13">164.6933</dst>
      <dst id="19">16941.9111</dst>
      <dst id="23">3727.5022</dst>
      <dst id="8">3177.5733</dst>
      <dst id="18">10398.2222</dst>
      <dst id="4">4519.7333</dst>
      <dst id="1">142653.4311</dst>
      <dst id="5">11521.6356</dst>
      <dst id="3">111.4222</dst>
      <dst id="7">118.9778</dst>
      <dst id="2">254769.4311</dst>
      <dst id="16">323387.9733</dst>
      <dst id="14">24300.8622</dst>
      <dst id="11">3203.6889</dst>
      <dst id="9">48674.2044</dst>
      <dst id="17">220108.0178</dst>
      <dst id="21">30308.0711</dst>
      <dst id="15">2369.7067</dst>
    </src>
    <src id="1">
      <dst id="12">133482.9422</dst>
      <dst id="13">12206.0622</dst>
      <dst id="19">6865.4133</dst>
      <dst id="23">113.8133</dst>
      <dst id="8">1288.6844</dst>
      <dst id="18">22421.0311</dst>
      <dst id="4">3451.6711</dst>
      <dst id="1">28380.9156</dst>
      <dst id="5">573.5556</dst>
      <dst id="3">12583.2711</dst>
      <dst id="10">466.8178</dst>
      <dst id="7">34446.2400</dst>
      <dst id="2">61577.6889</dst>
      <dst id="16">220344.1422</dst>
      <dst id="14">172.8178</dst>
      <dst id="20">486.5422</dst>
      <dst id="11">2159.7422</dst>
      <dst id="9">2417.2444</dst>
      <dst id="17">25839.4400</dst>
      <dst id="21">56608.1867</dst>
      <dst id="15">344.2311</dst>
    </src>
    <src id="5">
      <dst id="12">30463.2000</dst>
      <dst id="13">4977.3689</dst>
      <dst id="19">72.9867</dst>
      <dst id="23">2.9156</dst>
      <dst id="8">3628.4622</dst>
      <dst id="18">351.9644</dst>
      <dst id="4">208.1067</dst>
      <dst id="1">51595.2356</dst>
      <dst id="3">577.2000</dst>
      <dst id="10">3067.3600</dst>
      <dst id="2">1254.9244</dst>
      <dst id="16">423125.3689</dst>
      <dst id="14">0.3556</dst>
      <dst id="11">71.8222</dst>
      <dst id="9">77424.8978</dst>
      <dst id="17">43578.6311</dst>
      <dst id="21">56.4089</dst>
      <dst id="15">1336.6044</dst>
    </src>
    <src id="3">
      <dst id="12">1324.0356</dst>
      <dst id="13">38539.7067</dst>
      <dst id="19">863.6800</dst>
      <dst id="23">46.9956</dst>
      <dst id="8">38.7733</dst>
      <dst id="18">524.9511</dst>
      <dst id="4">2752.5422</dst>
      <dst id="1">64142.7378</dst>
      <dst id="5">402.4178</dst>
      <dst id="3">394.8267</dst>
      <dst id="10">1974.4444</dst>
      <dst id="7">43874.4444</dst>
      <dst id="2">5216.3289</dst>
      <dst id="16">8553.4844</dst>
      <dst id="14">91.2889</dst>
      <dst id="20">20.0267</dst>
      <dst id="11">372.5244</dst>
      <dst id="9">7896.4267</dst>
      <dst id="17">26251.0844</dst>
      <dst id="21">2220.5600</dst>
      <dst id="15">20.8800</dst>
    </src>
    <src id="10">
    </src>
    <src id="22">
      <dst id="12">16693.1111</dst>
      <dst id="13">8076.6044</dst>
      <dst id="19">31.4222</dst>
      <dst id="23">89.3956</dst>
      <dst id="8">1547.1911</dst>
      <dst id="18">393.0756</dst>
      <dst id="4">1372.9511</dst>
      <dst id="1">542.1067</dst>
      <dst id="5">2843.0133</dst>
      <dst id="3">44.1689</dst>
      <dst id="10">472.5244</dst>
      <dst id="7">870.6578</dst>
      <dst id="2">1928.2400</dst>
      <dst id="16">323.3778</dst>
      <dst id="14">32.5956</dst>
      <dst id="11">227.9289</dst>
      <dst id="9">2117.3511</dst>
      <dst id="17">9118.7467</dst>
      <dst id="21">423.1200</dst>
    </src>
    <src id="7">
      <dst id="12">27562.3022</dst>
      <dst id="13">46369.1022</dst>
      <dst id="19">8975.2711</dst>
      <dst id="23">1272.8800</dst>
      <dst id="8">77.9111</dst>
      <dst id="18">305.5733</dst>
      <dst id="4">799.5644</dst>
      <dst id="1">5918.6578</dst>
      <dst id="5">146.1156</dst>
      <dst id="3">941.6178</dst>
      <dst id="10">635.8133</dst>
      <dst id="22">37.7422</dst>
      <dst id="7">15.6800</dst>
      <dst id="2">4347.0933</dst>
      <dst id="16">475.6800</dst>
      <dst id="14">91.3689</dst>
      <dst id="20">187.5822</dst>
      <dst id="11">96.7556</dst>
      <dst id="9">1418.4622</dst>
      <dst id="17">23970.5600</dst>
      <dst id="21">1580.0089</dst>
      <dst id="15">79.6533</dst>
    </src>
    <src id="2">
      <dst id="12">149687.1644</dst>
      <dst id="13">41832.8444</dst>
      <dst id="19">2370.4356</dst>
      <dst id="23">43.8578</dst>
      <dst id="8">792.2667</dst>
      <dst id="18">93805.0489</dst>
      <dst id="4">5050.4533</dst>
      <dst id="1">37327.3156</dst>
      <dst id="5">2521.1467</dst>
      <dst id="3">1012.2311</dst>
      <dst id="10">3209.6000</dst>
      <dst id="22">363.9911</dst>
      <dst id="7">44424.9956</dst>
      <dst id="2">3722.1956</dst>
      <dst id="6">14.2578</dst>
      <dst id="16">315.0756</dst>
      <dst id="14">230.2489</dst>
      <dst id="20">260.1689</dst>
      <dst id="11">819.4933</dst>
      <dst id="9">1483.5822</dst>
      <dst id="17">22800.2667</dst>
      <dst id="21">4956.8267</dst>
      <dst id="15">161.2089</dst>
    </src>
    <src id="6">
      <dst id="12">472.0533</dst>
      <dst id="13">57.4489</dst>
      <dst id="19">38.6756</dst>
      <dst id="23">0.4978</dst>
      <dst id="18">36.4622</dst>
      <dst id="4">2.2222</dst>
      <dst id="1">1858.6844</dst>
      <dst id="5">3.0578</dst>
      <dst id="3">95.9378</dst>
      <dst id="10">23.3956</dst>
      <dst id="22">1.1822</dst>
      <dst id="7">156.2400</dst>
      <dst id="2">786.7111</dst>
      <dst id="16">46.2844</dst>
      <dst id="11">0.3556</dst>
      <dst id="9">1635.6622</dst>
      <dst id="17">28356.2400</dst>
      <dst id="21">2.1333</dst>
    </src>
    <src id="16">
      <dst id="12">202946.9244</dst>
      <dst id="13">2377.9911</dst>
      <dst id="19">4011.8667</dst>
      <dst id="23">84.9956</dst>
      <dst id="8">117493.0311</dst>
      <dst id="18">70.2667</dst>
      <dst id="4">643.2178</dst>
      <dst id="1">27908.9156</dst>
      <dst id="5">342288.7111</dst>
      <dst id="3">7338.2933</dst>
      <dst id="10">246.1600</dst>
      <dst id="2">980.7200</dst>
      <dst id="16">31097.6889</dst>
      <dst id="14">56392.6578</dst>
      <dst id="11">23358.4800</dst>
      <dst id="9">292096.3644</dst>
      <dst id="17">12155.0400</dst>
      <dst id="21">173.4133</dst>
    </src>
    <src id="14">
      <dst id="12">3357.1200</dst>
      <dst id="13">688.9333</dst>
      <dst id="19">1.2978</dst>
      <dst id="23">45.1467</dst>
      <dst id="8">0.8533</dst>
      <dst id="18">0.3556</dst>
      <dst id="4">380.8444</dst>
      <dst id="1">3097.2000</dst>
      <dst id="5">14.2844</dst>
      <dst id="3">1053.4044</dst>
      <dst id="10">140.0178</dst>
      <dst id="7">208.9511</dst>
      <dst id="2">308.6933</dst>
      <dst id="16">2980.4089</dst>
      <dst id="20">26.5422</dst>
      <dst id="11">51.9111</dst>
      <dst id="9">4357.1467</dst>
      <dst id="17">37669.1200</dst>
      <dst id="21">112.7200</dst>
      <dst id="15">1.3956</dst>
    </src>
    <src id="20">
      <dst id="12">356.4533</dst>
      <dst id="13">2396.4800</dst>
      <dst id="19">1684.1067</dst>
      <dst id="23">127.4489</dst>
      <dst id="8">85.9378</dst>
      <dst id="18">231.1911</dst>
      <dst id="4">287.6889</dst>
      <dst id="1">2726.0089</dst>
      <dst id="5">1523.5022</dst>
      <dst id="10">6308.1511</dst>
      <dst id="22">36.7733</dst>
      <dst id="7">748.6222</dst>
      <dst id="2">1486.7556</dst>
      <dst id="16">18664.0978</dst>
      <dst id="14">27.1289</dst>
      <dst id="20">35.8756</dst>
      <dst id="11">13.3333</dst>
      <dst id="9">89.1644</dst>
      <dst id="17">15227.8400</dst>
      <dst id="21">2194.6578</dst>
    </src>
    <src id="11">
      <dst id="12">44881.8933</dst>
      <dst id="13">2862.7733</dst>
      <dst id="19">129.6711</dst>
      <dst id="23">61.1467</dst>
      <dst id="8">530.1422</dst>
      <dst id="18">141.3244</dst>
      <dst id="4">1265.8400</dst>
      <dst id="1">64047.2089</dst>
      <dst id="5">2155.0044</dst>
      <dst id="3">1448.1156</dst>
      <dst id="10">1071.7422</dst>
      <dst id="2">9496.5778</dst>
      <dst id="6">0.3556</dst>
      <dst id="16">16183.9467</dst>
      <dst id="14">132.7111</dst>
      <dst id="20">326.5511</dst>
      <dst id="11">1238.8800</dst>
      <dst id="9">84709.7867</dst>
      <dst id="17">677208.0622</dst>
      <dst id="21">1044.8622</dst>
      <dst id="15">100.2222</dst>
    </src>
    <src id="9">
      <dst id="12">35184.8889</dst>
      <dst id="13">6428.5867</dst>
      <dst id="19">3141.1111</dst>
      <dst id="23">5.3867</dst>
      <dst id="8">134762.5067</dst>
      <dst id="18">155.2356</dst>
      <dst id="4">862.1600</dst>
      <dst id="1">7245.1022</dst>
      <dst id="5">878.1244</dst>
      <dst id="3">633.4311</dst>
      <dst id="10">1600.5689</dst>
      <dst id="2">10133.0044</dst>
      <dst id="16">569262.2756</dst>
      <dst id="14">113.1200</dst>
      <dst id="11">39.0667</dst>
      <dst id="9">417460.6489</dst>
      <dst id="17">59693.4311</dst>
      <dst id="21">167.3067</dst>
      <dst id="15">127.8400</dst>
    </src>
    <src id="17">
      <dst id="12">155024.0978</dst>
      <dst id="13">25628.8800</dst>
      <dst id="19">4658.3644</dst>
      <dst id="23">136.6489</dst>
      <dst id="8">7364.1600</dst>
      <dst id="18">688.8711</dst>
      <dst id="4">7313.0133</dst>
      <dst id="1">28257.8578</dst>
      <dst id="5">264393.3689</dst>
      <dst id="3">8466.0267</dst>
      <dst id="10">7274.4000</dst>
      <dst id="7">12316.3022</dst>
      <dst id="2">23886.0711</dst>
      <dst id="16">73616.3111</dst>
      <dst id="14">24688.8978</dst>
      <dst id="20">2070.8178</dst>
      <dst id="11">25816.9600</dst>
      <dst id="9">11770.4978</dst>
      <dst id="17">40251.4933</dst>
      <dst id="21">8596.2044</dst>
      <dst id="15">552.0533</dst>
    </src>
    <src id="21">
      <dst id="12">1540.6044</dst>
      <dst id="13">2101.0400</dst>
      <dst id="19">499.1822</dst>
      <dst id="23">199.5289</dst>
      <dst id="8">874.7644</dst>
      <dst id="18">1512.3289</dst>
      <dst id="4">714.3822</dst>
      <dst id="1">20352.3289</dst>
      <dst id="5">1052.4356</dst>
      <dst id="3">1975.3333</dst>
      <dst id="10">748.2311</dst>
      <dst id="7">4960.8800</dst>
      <dst id="2">2488.5244</dst>
      <dst id="6">26.6667</dst>
      <dst id="16">7866.4800</dst>
      <dst id="14">221.0489</dst>
      <dst id="20">522.4978</dst>
      <dst id="11">104.3556</dst>
      <dst id="9">2818.8000</dst>
      <dst id="17">40280.6133</dst>
      <dst id="21">4301.6711</dst>
      <dst id="15">177.4489</dst>
    </src>
    <src id="15">
      <dst id="12">542.6489</dst>
      <dst id="13">146.7644</dst>
      <dst id="19">616.9956</dst>
      <dst id="23">0.3378</dst>
      <dst id="8">47.1644</dst>
      <dst id="18">2.7733</dst>
      <dst id="4">83.5022</dst>
      <dst id="1">121.7156</dst>
      <dst id="5">3521.3956</dst>
      <dst id="10">299.8756</dst>
      <dst id="2">287.2533</dst>
      <dst id="16">1364.0000</dst>
      <dst id="14">0.9778</dst>
      <dst id="11">0.4622</dst>
      <dst id="9">1186.3644</dst>
      <dst id="17">3509.2444</dst>
      <dst id="21">639.6444</dst>
    </src>
  </IntraTM>
</TrafficMatrixFile>
