<?xml version="1.0" encoding="UTF-8" standalone="yes"?>
<TrafficMatrixFile xmlns:xsi="http://www.w3.org/2001/XMLSchema-instance" xsi:noNamespaceSchemaLocation="http://totem.run.montefiore.ulg.ac.be/Schema/TrafficMatrix-v1_2.xsd">
  <info>
    <title>Intradomain traffic matrix generated by geant-TM-all.pl</title>
    <date>2005-04-15T07:45:00</date>
    <duration>900</duration>
    <author>Steve Uhlig</author>
    <units>
        <unit type="bandwidth" value="kbps"/>
    </units>
  </info>
  <IntraTM ASID="20965">
    <src id="12">
      <dst id="12">374276.0178</dst>
      <dst id="13">34880.3200</dst>
      <dst id="19">13152.6756</dst>
      <dst id="23">3062.6311</dst>
      <dst id="8">661.4933</dst>
      <dst id="18">65469.3511</dst>
      <dst id="4">5490.1600</dst>
      <dst id="1">35345.3511</dst>
      <dst id="5">2590.1689</dst>
      <dst id="3">344.3911</dst>
      <dst id="10">3571.1911</dst>
      <dst id="22">13880.6044</dst>
      <dst id="7">1249.6711</dst>
      <dst id="2">5234.9333</dst>
      <dst id="16">5764.5422</dst>
      <dst id="14">903.6978</dst>
      <dst id="20">7068.5867</dst>
      <dst id="11">52.7644</dst>
      <dst id="9">31806.0089</dst>
      <dst id="17">50126.7111</dst>
      <dst id="21">2400.0889</dst>
      <dst id="15">107.7956</dst>
    </src>
    <src id="13">
      <dst id="12">19822.4000</dst>
      <dst id="13">165.5289</dst>
      <dst id="19">5875.9556</dst>
      <dst id="23">112.4178</dst>
      <dst id="8">2542.1244</dst>
      <dst id="18">75.1378</dst>
      <dst id="4">3.5911</dst>
      <dst id="1">18431.5289</dst>
      <dst id="5">5913.0667</dst>
      <dst id="3">129.3244</dst>
      <dst id="10">13.1378</dst>
      <dst id="22">1305.6000</dst>
      <dst id="7">325.3600</dst>
      <dst id="2">23088.3822</dst>
      <dst id="16">1121.8933</dst>
      <dst id="14">110.5956</dst>
      <dst id="20">4210.4622</dst>
      <dst id="11">318.0622</dst>
      <dst id="9">480.1422</dst>
      <dst id="17">133593.1289</dst>
      <dst id="21">496.3289</dst>
      <dst id="15">88.2756</dst>
    </src>
    <src id="19">
      <dst id="12">43293.8222</dst>
      <dst id="13">3357.5644</dst>
      <dst id="23">3.6267</dst>
      <dst id="8">164.5156</dst>
      <dst id="18">0.4622</dst>
      <dst id="4">409.8667</dst>
      <dst id="1">10898.6933</dst>
      <dst id="5">131.8756</dst>
      <dst id="3">11.0489</dst>
      <dst id="10">140.5689</dst>
      <dst id="22">1711.8222</dst>
      <dst id="7">1858.2311</dst>
      <dst id="2">4438.4356</dst>
      <dst id="16">232.7556</dst>
      <dst id="14">29.3067</dst>
      <dst id="20">176.8178</dst>
      <dst id="11">14.3822</dst>
      <dst id="9">2.7289</dst>
      <dst id="17">13987.3333</dst>
      <dst id="21">1144.8889</dst>
      <dst id="15">3.3156</dst>
    </src>
    <src id="23">
      <dst id="12">19281.5644</dst>
      <dst id="13">331.7867</dst>
      <dst id="19">26.6667</dst>
      <dst id="8">50.9511</dst>
      <dst id="18">932.0889</dst>
      <dst id="4">923.5022</dst>
      <dst id="1">112.6756</dst>
      <dst id="5">52.6933</dst>
      <dst id="10">139.8222</dst>
      <dst id="22">69.0489</dst>
      <dst id="7">60.0000</dst>
      <dst id="2">827.9644</dst>
      <dst id="16">67.3422</dst>
      <dst id="11">39.9822</dst>
      <dst id="9">47.9467</dst>
      <dst id="17">2202.6222</dst>
      <dst id="21">135.0756</dst>
      <dst id="15">0.3378</dst>
    </src>
    <src id="8">
      <dst id="12">28098.2400</dst>
      <dst id="13">17216.1778</dst>
      <dst id="19">3.9644</dst>
      <dst id="23">5573.3333</dst>
      <dst id="4">129.1467</dst>
      <dst id="1">8181.5911</dst>
      <dst id="5">13298.5867</dst>
      <dst id="3">195.7689</dst>
      <dst id="10">77.9200</dst>
      <dst id="22">91.3778</dst>
      <dst id="2">64.4533</dst>
      <dst id="16">269677.1822</dst>
      <dst id="14">0.7111</dst>
      <dst id="11">16.4889</dst>
      <dst id="9">106870.3911</dst>
      <dst id="17">24896.0711</dst>
      <dst id="21">15.8756</dst>
      <dst id="15">1118.9600</dst>
    </src>
    <src id="18">
      <dst id="12">103415.8400</dst>
      <dst id="13">119.9644</dst>
      <dst id="19">1.6178</dst>
      <dst id="23">18.5244</dst>
      <dst id="8">2.2578</dst>
      <dst id="4">105.9644</dst>
      <dst id="1">13092.0889</dst>
      <dst id="5">77.6178</dst>
      <dst id="3">1404.7733</dst>
      <dst id="10">44.8444</dst>
      <dst id="22">165.5022</dst>
      <dst id="7">3.0489</dst>
      <dst id="2">3346.3822</dst>
      <dst id="16">450.7200</dst>
      <dst id="11">25.9556</dst>
      <dst id="9">9320.7556</dst>
      <dst id="17">6549.0844</dst>
      <dst id="21">840.8978</dst>
      <dst id="15">2.7467</dst>
    </src>
    <src id="4">
      <dst id="12">12035.0933</dst>
      <dst id="13">21.3333</dst>
      <dst id="19">5287.0756</dst>
      <dst id="23">1353.8844</dst>
      <dst id="8">1082.4978</dst>
      <dst id="18">2587.4222</dst>
      <dst id="4">1802.9511</dst>
      <dst id="1">28553.2000</dst>
      <dst id="5">6078.1778</dst>
      <dst id="3">4.6667</dst>
      <dst id="22">4589.4222</dst>
      <dst id="7">82.8089</dst>
      <dst id="2">96445.8578</dst>
      <dst id="16">109392.4267</dst>
      <dst id="14">3256.7111</dst>
      <dst id="11">782.0356</dst>
      <dst id="9">16088.1867</dst>
      <dst id="17">85996.2222</dst>
      <dst id="21">7208.9333</dst>
      <dst id="15">1180.9956</dst>
    </src>
    <src id="1">
      <dst id="12">26992.5689</dst>
      <dst id="13">16131.2800</dst>
      <dst id="19">3715.1733</dst>
      <dst id="23">112.8267</dst>
      <dst id="8">194.1156</dst>
      <dst id="18">13904.6933</dst>
      <dst id="4">300.4178</dst>
      <dst id="1">529285.4578</dst>
      <dst id="5">234.2489</dst>
      <dst id="3">26.0711</dst>
      <dst id="10">752.7822</dst>
      <dst id="22">347.0222</dst>
      <dst id="7">4852.1067</dst>
      <dst id="2">17579.5911</dst>
      <dst id="16">35106.6489</dst>
      <dst id="14">290.4356</dst>
      <dst id="20">45.0400</dst>
      <dst id="11">132.0356</dst>
      <dst id="9">1335.6622</dst>
      <dst id="17">410189.5911</dst>
      <dst id="21">24108.4000</dst>
      <dst id="15">114.3467</dst>
    </src>
    <src id="5">
      <dst id="12">32063.3422</dst>
      <dst id="13">3041.6889</dst>
      <dst id="19">44.1956</dst>
      <dst id="23">15.2178</dst>
      <dst id="8">266.8978</dst>
      <dst id="18">717.6711</dst>
      <dst id="4">1724.6133</dst>
      <dst id="1">31779.3067</dst>
      <dst id="3">509.6356</dst>
      <dst id="10">4184.4356</dst>
      <dst id="22">160.2667</dst>
      <dst id="2">342.7111</dst>
      <dst id="16">340834.8089</dst>
      <dst id="14">16.5956</dst>
      <dst id="9">61603.3156</dst>
      <dst id="17">45686.8000</dst>
      <dst id="21">119.0756</dst>
      <dst id="15">41.9733</dst>
    </src>
    <src id="3">
      <dst id="12">20602.7822</dst>
      <dst id="13">64237.1644</dst>
      <dst id="19">5941.4400</dst>
      <dst id="23">13.0400</dst>
      <dst id="8">3.0844</dst>
      <dst id="18">28.3911</dst>
      <dst id="4">520.7556</dst>
      <dst id="1">31631.2622</dst>
      <dst id="5">143.8933</dst>
      <dst id="3">109.4578</dst>
      <dst id="10">395.7244</dst>
      <dst id="22">30.3289</dst>
      <dst id="7">74617.5022</dst>
      <dst id="2">4229.7067</dst>
      <dst id="16">8853.7867</dst>
      <dst id="14">222.8178</dst>
      <dst id="20">70.9511</dst>
      <dst id="11">1009.6178</dst>
      <dst id="9">1769.9644</dst>
      <dst id="17">39160.5156</dst>
      <dst id="21">582.6222</dst>
      <dst id="15">13.2267</dst>
    </src>
    <src id="10">
      <dst id="12">4381.3956</dst>
      <dst id="13">0.7467</dst>
      <dst id="19">4104.3556</dst>
      <dst id="23">124.2844</dst>
      <dst id="8">206.7022</dst>
      <dst id="18">13798.1422</dst>
      <dst id="1">541.1200</dst>
      <dst id="5">564.5244</dst>
      <dst id="3">22.4711</dst>
      <dst id="22">3651.5022</dst>
      <dst id="2">25950.1244</dst>
      <dst id="16">42995.3333</dst>
      <dst id="14">257.4578</dst>
      <dst id="20">3322.2844</dst>
      <dst id="11">15.6978</dst>
      <dst id="9">5573.3244</dst>
      <dst id="17">36532.9689</dst>
      <dst id="21">10156.5689</dst>
      <dst id="15">93.8133</dst>
    </src>
    <src id="22">
      <dst id="12">36913.7867</dst>
      <dst id="13">5630.1067</dst>
      <dst id="19">81.4667</dst>
      <dst id="23">10.9422</dst>
      <dst id="8">2168.2311</dst>
      <dst id="18">139.4933</dst>
      <dst id="4">1459.6267</dst>
      <dst id="1">89.0933</dst>
      <dst id="5">3279.5733</dst>
      <dst id="3">2.4444</dst>
      <dst id="10">515.0489</dst>
      <dst id="7">185.0311</dst>
      <dst id="2">476.6933</dst>
      <dst id="16">57.0400</dst>
      <dst id="14">38.1956</dst>
      <dst id="11">325.2800</dst>
      <dst id="9">1259.9911</dst>
      <dst id="17">8614.7733</dst>
      <dst id="21">279.4400</dst>
    </src>
    <src id="7">
      <dst id="12">8190.9422</dst>
      <dst id="13">3750.3822</dst>
      <dst id="19">182.1422</dst>
      <dst id="23">30.5067</dst>
      <dst id="8">201.7244</dst>
      <dst id="18">2.2756</dst>
      <dst id="4">3955.8667</dst>
      <dst id="1">2181.3600</dst>
      <dst id="5">52.9956</dst>
      <dst id="3">7.1200</dst>
      <dst id="10">484.9956</dst>
      <dst id="22">117.2178</dst>
      <dst id="7">15.8222</dst>
      <dst id="2">4224.8444</dst>
      <dst id="16">139.8933</dst>
      <dst id="14">45.8222</dst>
      <dst id="20">55.7689</dst>
      <dst id="11">473.0756</dst>
      <dst id="9">87.2978</dst>
      <dst id="17">3764.5156</dst>
      <dst id="21">2379.8222</dst>
      <dst id="15">15.7067</dst>
    </src>
    <src id="2">
      <dst id="12">133197.4756</dst>
      <dst id="13">58104.9422</dst>
      <dst id="19">1982.5333</dst>
      <dst id="23">14.7556</dst>
      <dst id="8">1431.6089</dst>
      <dst id="18">39640.9156</dst>
      <dst id="4">4005.0933</dst>
      <dst id="1">26566.7644</dst>
      <dst id="5">4279.9911</dst>
      <dst id="3">41.5289</dst>
      <dst id="10">3607.0133</dst>
      <dst id="22">316.5956</dst>
      <dst id="7">5847.0667</dst>
      <dst id="2">4198.4889</dst>
      <dst id="6">1.2800</dst>
      <dst id="16">74.2044</dst>
      <dst id="14">2839.4933</dst>
      <dst id="20">519.1200</dst>
      <dst id="11">1626.8978</dst>
      <dst id="9">1269.1111</dst>
      <dst id="17">19673.6000</dst>
      <dst id="21">2100.3111</dst>
      <dst id="15">64.4356</dst>
    </src>
    <src id="6">
      <dst id="12">185.4133</dst>
      <dst id="13">17.6978</dst>
      <dst id="19">0.6489</dst>
      <dst id="23">3.2000</dst>
      <dst id="18">0.5333</dst>
      <dst id="4">16.8978</dst>
      <dst id="1">1133.6889</dst>
      <dst id="5">0.7822</dst>
      <dst id="3">91.6267</dst>
      <dst id="22">2.5600</dst>
      <dst id="7">1.3156</dst>
      <dst id="2">173.3333</dst>
      <dst id="16">70.3911</dst>
      <dst id="20">1.8311</dst>
      <dst id="9">1294.2044</dst>
      <dst id="17">22436.9956</dst>
      <dst id="21">12.8000</dst>
      <dst id="15">0.3378</dst>
    </src>
    <src id="16">
      <dst id="12">101775.2267</dst>
      <dst id="13">2718.6756</dst>
      <dst id="19">4295.7600</dst>
      <dst id="23">81.1644</dst>
      <dst id="8">101476.5600</dst>
      <dst id="18">26.2044</dst>
      <dst id="4">1242.1333</dst>
      <dst id="1">21035.5467</dst>
      <dst id="5">364898.8622</dst>
      <dst id="3">2419.7956</dst>
      <dst id="10">631.8489</dst>
      <dst id="22">226.6667</dst>
      <dst id="2">389.2267</dst>
      <dst id="16">16194.5244</dst>
      <dst id="14">42054.9511</dst>
      <dst id="11">13281.2089</dst>
      <dst id="9">158746.8000</dst>
      <dst id="17">2647.9644</dst>
      <dst id="21">108.7022</dst>
    </src>
    <src id="14">
      <dst id="12">561.3067</dst>
      <dst id="13">549.5111</dst>
      <dst id="19">15.6089</dst>
      <dst id="23">1.3867</dst>
      <dst id="18">0.9244</dst>
      <dst id="4">79.8756</dst>
      <dst id="1">2163.2711</dst>
      <dst id="5">25.1022</dst>
      <dst id="3">348.9333</dst>
      <dst id="10">111.0667</dst>
      <dst id="22">0.4622</dst>
      <dst id="7">74.5600</dst>
      <dst id="2">183.9644</dst>
      <dst id="16">3898.8089</dst>
      <dst id="11">6.7111</dst>
      <dst id="9">1404.0978</dst>
      <dst id="17">28024.2667</dst>
      <dst id="21">171.3244</dst>
    </src>
    <src id="20">
      <dst id="12">3324.9956</dst>
      <dst id="13">7796.9511</dst>
      <dst id="19">3003.6978</dst>
      <dst id="8">153.6444</dst>
      <dst id="18">1.4667</dst>
      <dst id="4">1003.4222</dst>
      <dst id="1">1173.2178</dst>
      <dst id="5">7268.2578</dst>
      <dst id="3">37.3333</dst>
      <dst id="10">182.1600</dst>
      <dst id="7">17.2978</dst>
      <dst id="2">276.8711</dst>
      <dst id="16">8598.0533</dst>
      <dst id="14">13.6889</dst>
      <dst id="11">13.3333</dst>
      <dst id="9">918.5689</dst>
      <dst id="17">9877.1644</dst>
      <dst id="21">2987.7867</dst>
    </src>
    <src id="11">
      <dst id="12">31528.4800</dst>
      <dst id="13">3078.7467</dst>
      <dst id="19">436.6489</dst>
      <dst id="23">242.9867</dst>
      <dst id="8">210.7644</dst>
      <dst id="18">203.3333</dst>
      <dst id="4">301.9289</dst>
      <dst id="1">35101.6444</dst>
      <dst id="5">2194.9156</dst>
      <dst id="3">719.1467</dst>
      <dst id="10">493.6356</dst>
      <dst id="22">164.2133</dst>
      <dst id="2">1982.6933</dst>
      <dst id="16">14200.3911</dst>
      <dst id="14">147.5111</dst>
      <dst id="20">1162.5067</dst>
      <dst id="11">1590.8089</dst>
      <dst id="9">47758.5511</dst>
      <dst id="17">496045.6978</dst>
      <dst id="21">1372.1867</dst>
      <dst id="15">171.5467</dst>
    </src>
    <src id="9">
      <dst id="12">41819.1289</dst>
      <dst id="13">1701.5911</dst>
      <dst id="19">14.8267</dst>
      <dst id="23">143.9644</dst>
      <dst id="8">135103.6089</dst>
      <dst id="18">28.4089</dst>
      <dst id="4">687.1644</dst>
      <dst id="1">3760.4978</dst>
      <dst id="5">933.8667</dst>
      <dst id="3">1141.3600</dst>
      <dst id="10">6025.4844</dst>
      <dst id="22">4323.5111</dst>
      <dst id="2">269.9733</dst>
      <dst id="16">478234.6756</dst>
      <dst id="14">65.0489</dst>
      <dst id="11">31.3422</dst>
      <dst id="9">295533.1911</dst>
      <dst id="17">36845.7778</dst>
      <dst id="21">69.8311</dst>
      <dst id="15">47.8489</dst>
    </src>
    <src id="17">
      <dst id="12">78597.5822</dst>
      <dst id="13">67238.1067</dst>
      <dst id="19">4165.7333</dst>
      <dst id="23">20.8178</dst>
      <dst id="8">931.5911</dst>
      <dst id="18">2838.3644</dst>
      <dst id="4">5487.0133</dst>
      <dst id="1">12302.7911</dst>
      <dst id="5">173498.6489</dst>
      <dst id="3">3882.3822</dst>
      <dst id="10">7742.3200</dst>
      <dst id="22">196.9333</dst>
      <dst id="7">2470.8178</dst>
      <dst id="2">10832.1867</dst>
      <dst id="16">40417.4756</dst>
      <dst id="14">13742.7289</dst>
      <dst id="20">537.4933</dst>
      <dst id="11">13460.2311</dst>
      <dst id="9">12030.0978</dst>
      <dst id="17">24719.2000</dst>
      <dst id="21">1636.0089</dst>
      <dst id="15">9527.6711</dst>
    </src>
    <src id="21">
      <dst id="12">1285.7956</dst>
      <dst id="13">2071.9556</dst>
      <dst id="19">1069.5467</dst>
      <dst id="23">36.7378</dst>
      <dst id="8">113.9378</dst>
      <dst id="18">386.3378</dst>
      <dst id="4">637.3778</dst>
      <dst id="1">3649.5200</dst>
      <dst id="5">1904.4622</dst>
      <dst id="3">1348.2933</dst>
      <dst id="10">499.1911</dst>
      <dst id="22">128.0356</dst>
      <dst id="7">562.5067</dst>
      <dst id="2">2808.5689</dst>
      <dst id="16">10423.0844</dst>
      <dst id="14">228.7911</dst>
      <dst id="20">581.4844</dst>
      <dst id="11">841.6444</dst>
      <dst id="9">2207.5556</dst>
      <dst id="17">11402.6400</dst>
      <dst id="21">3833.1556</dst>
      <dst id="15">320.5511</dst>
    </src>
    <src id="15">
      <dst id="12">109.1289</dst>
      <dst id="13">1290.4267</dst>
      <dst id="19">53.3333</dst>
      <dst id="23">0.9244</dst>
      <dst id="8">46.4444</dst>
      <dst id="18">39.6267</dst>
      <dst id="4">80.0800</dst>
      <dst id="1">79.7956</dst>
      <dst id="5">188.2400</dst>
      <dst id="10">16.6222</dst>
      <dst id="2">74.7911</dst>
      <dst id="16">613.2800</dst>
      <dst id="11">13.4844</dst>
      <dst id="9">352.7733</dst>
      <dst id="17">2233.4756</dst>
      <dst id="21">2.1956</dst>
    </src>
  </IntraTM>
</TrafficMatrixFile>
