<?xml version="1.0" encoding="UTF-8" standalone="yes"?>
<TrafficMatrixFile xmlns:xsi="http://www.w3.org/2001/XMLSchema-instance" xsi:noNamespaceSchemaLocation="http://totem.run.montefiore.ulg.ac.be/Schema/TrafficMatrix-v1_2.xsd">
  <info>
    <title>Intradomain traffic matrix generated by geant-TM-all.pl</title>
    <date>2005-04-09T08:30:00</date>
    <duration>900</duration>
    <author>Steve Uhlig</author>
    <units>
        <unit type="bandwidth" value="kbps"/>
    </units>
  </info>
  <IntraTM ASID="20965">
    <src id="12">
      <dst id="12">338994.8089</dst>
      <dst id="13">25181.4578</dst>
      <dst id="19">5323.4400</dst>
      <dst id="23">8596.1511</dst>
      <dst id="8">341.8933</dst>
      <dst id="18">52846.0444</dst>
      <dst id="4">6658.0889</dst>
      <dst id="1">26398.4178</dst>
      <dst id="5">2707.8311</dst>
      <dst id="3">209.6000</dst>
      <dst id="10">3019.0489</dst>
      <dst id="22">4376.7822</dst>
      <dst id="7">654.5689</dst>
      <dst id="2">31320.7467</dst>
      <dst id="16">2201.1644</dst>
      <dst id="14">114.9422</dst>
      <dst id="20">7927.2089</dst>
      <dst id="11">166.9867</dst>
      <dst id="9">2918.5422</dst>
      <dst id="17">30594.3378</dst>
      <dst id="21">3972.3556</dst>
      <dst id="15">129.5911</dst>
    </src>
    <src id="13">
      <dst id="12">15249.1200</dst>
      <dst id="13">3277.4044</dst>
      <dst id="19">4901.6267</dst>
      <dst id="23">173.3778</dst>
      <dst id="8">99.1200</dst>
      <dst id="18">58.7822</dst>
      <dst id="4">14.4000</dst>
      <dst id="1">20685.1911</dst>
      <dst id="5">1168.2222</dst>
      <dst id="3">19.8578</dst>
      <dst id="10">13.1378</dst>
      <dst id="22">894.0356</dst>
      <dst id="7">5818.0178</dst>
      <dst id="2">5609.3156</dst>
      <dst id="6">0.5333</dst>
      <dst id="16">789.1200</dst>
      <dst id="14">262.6933</dst>
      <dst id="20">803.6800</dst>
      <dst id="11">56.0178</dst>
      <dst id="9">394.6756</dst>
      <dst id="17">7345.4311</dst>
      <dst id="21">208.5778</dst>
      <dst id="15">69.5378</dst>
    </src>
    <src id="19">
      <dst id="12">33784.1956</dst>
      <dst id="13">944.9333</dst>
      <dst id="23">123.8311</dst>
      <dst id="8">16.8800</dst>
      <dst id="18">0.5333</dst>
      <dst id="4">243.7156</dst>
      <dst id="1">13095.5644</dst>
      <dst id="5">15.1200</dst>
      <dst id="3">560.4622</dst>
      <dst id="10">103.4044</dst>
      <dst id="22">5727.9911</dst>
      <dst id="7">950.4267</dst>
      <dst id="2">448.7289</dst>
      <dst id="16">68.2489</dst>
      <dst id="14">3.2711</dst>
      <dst id="20">7.3511</dst>
      <dst id="9">30.4711</dst>
      <dst id="17">1454.5156</dst>
      <dst id="21">1453.3956</dst>
      <dst id="15">1.2356</dst>
    </src>
    <src id="23">
      <dst id="12">1466.8356</dst>
      <dst id="13">2818.5867</dst>
      <dst id="19">2.7733</dst>
      <dst id="8">0.3556</dst>
      <dst id="18">63.9289</dst>
      <dst id="4">124.0800</dst>
      <dst id="1">94.4800</dst>
      <dst id="5">120.0178</dst>
      <dst id="10">3753.1556</dst>
      <dst id="22">18.4711</dst>
      <dst id="7">84.3822</dst>
      <dst id="2">762.3556</dst>
      <dst id="14">30.8444</dst>
      <dst id="20">0.4978</dst>
      <dst id="11">39.0400</dst>
      <dst id="9">137.9200</dst>
      <dst id="17">5664.1600</dst>
      <dst id="21">215.4222</dst>
      <dst id="15">13.7600</dst>
    </src>
    <src id="8">
      <dst id="12">11247.3244</dst>
      <dst id="13">487.0578</dst>
      <dst id="19">6.8978</dst>
      <dst id="18">2.8356</dst>
      <dst id="4">178.7556</dst>
      <dst id="1">3091.6089</dst>
      <dst id="5">811.1378</dst>
      <dst id="3">227.7333</dst>
      <dst id="10">101.0844</dst>
      <dst id="22">0.3556</dst>
      <dst id="2">20.9689</dst>
      <dst id="16">231517.5111</dst>
      <dst id="9">59082.9333</dst>
      <dst id="17">22589.6089</dst>
      <dst id="21">0.5333</dst>
      <dst id="15">98.3733</dst>
    </src>
    <src id="18">
      <dst id="12">133391.1733</dst>
      <dst id="13">457.6000</dst>
      <dst id="19">3.8311</dst>
      <dst id="23">0.9244</dst>
      <dst id="8">0.3556</dst>
      <dst id="4">18.5067</dst>
      <dst id="1">1778.4978</dst>
      <dst id="5">128.0622</dst>
      <dst id="3">2067.9556</dst>
      <dst id="10">48.1067</dst>
      <dst id="22">135.1467</dst>
      <dst id="7">18.3378</dst>
      <dst id="2">10808.3378</dst>
      <dst id="16">781.6356</dst>
      <dst id="20">1.0489</dst>
      <dst id="11">13.3333</dst>
      <dst id="9">540.4889</dst>
      <dst id="17">4794.9244</dst>
      <dst id="21">1844.0533</dst>
      <dst id="15">14.2578</dst>
    </src>
    <src id="4">
      <dst id="12">23599.2711</dst>
      <dst id="13">42.8089</dst>
      <dst id="19">3162.6222</dst>
      <dst id="23">1058.3733</dst>
      <dst id="8">1739.7333</dst>
      <dst id="18">2169.4489</dst>
      <dst id="4">1326.4444</dst>
      <dst id="1">29658.1067</dst>
      <dst id="5">5137.5200</dst>
      <dst id="3">379.2178</dst>
      <dst id="22">3568.8978</dst>
      <dst id="7">96.1333</dst>
      <dst id="2">234254.0267</dst>
      <dst id="16">65435.6267</dst>
      <dst id="14">2688.2489</dst>
      <dst id="11">513.5200</dst>
      <dst id="9">24042.7467</dst>
      <dst id="17">91543.9289</dst>
      <dst id="21">6899.6711</dst>
      <dst id="15">217.0933</dst>
    </src>
    <src id="1">
      <dst id="12">751894.6311</dst>
      <dst id="13">25793.4933</dst>
      <dst id="19">4493.7244</dst>
      <dst id="23">107.0489</dst>
      <dst id="8">389.8933</dst>
      <dst id="18">13674.4622</dst>
      <dst id="4">1144.6222</dst>
      <dst id="1">903396.5600</dst>
      <dst id="5">315.9378</dst>
      <dst id="3">203.7867</dst>
      <dst id="10">392.9600</dst>
      <dst id="22">83.0756</dst>
      <dst id="7">17377.7333</dst>
      <dst id="2">14602.2133</dst>
      <dst id="16">362897.9911</dst>
      <dst id="14">106.4533</dst>
      <dst id="20">1469.6178</dst>
      <dst id="11">81.8756</dst>
      <dst id="9">5367.9644</dst>
      <dst id="17">26063.6978</dst>
      <dst id="21">286564.4800</dst>
      <dst id="15">56.2311</dst>
    </src>
    <src id="5">
      <dst id="12">26409.8578</dst>
      <dst id="13">1899.5644</dst>
      <dst id="19">0.3556</dst>
      <dst id="23">12.9244</dst>
      <dst id="8">158.3733</dst>
      <dst id="18">1201.4578</dst>
      <dst id="4">332.5422</dst>
      <dst id="1">3780.1422</dst>
      <dst id="3">459.6089</dst>
      <dst id="10">539.2089</dst>
      <dst id="22">87.9467</dst>
      <dst id="2">2645.6622</dst>
      <dst id="16">339879.8400</dst>
      <dst id="14">0.8178</dst>
      <dst id="11">2.3644</dst>
      <dst id="9">63200.4000</dst>
      <dst id="17">22928.7378</dst>
      <dst id="21">96.2756</dst>
      <dst id="15">141.1022</dst>
    </src>
    <src id="3">
      <dst id="12">1728.7733</dst>
      <dst id="13">50146.9244</dst>
      <dst id="19">6222.8267</dst>
      <dst id="23">9.6978</dst>
      <dst id="8">439.7600</dst>
      <dst id="18">350.4533</dst>
      <dst id="4">802.3822</dst>
      <dst id="1">30953.3600</dst>
      <dst id="5">293.1200</dst>
      <dst id="3">163.8578</dst>
      <dst id="10">619.2622</dst>
      <dst id="22">30.3111</dst>
      <dst id="7">2168.0711</dst>
      <dst id="2">3963.2889</dst>
      <dst id="16">9592.4178</dst>
      <dst id="14">885.0489</dst>
      <dst id="20">485.6000</dst>
      <dst id="11">902.1333</dst>
      <dst id="9">631.1467</dst>
      <dst id="17">25824.1067</dst>
      <dst id="21">842.9067</dst>
      <dst id="15">5.7422</dst>
    </src>
    <src id="10">
      <dst id="12">14049.6978</dst>
      <dst id="13">933.7867</dst>
      <dst id="19">715.9022</dst>
      <dst id="23">206.4533</dst>
      <dst id="8">309.8489</dst>
      <dst id="18">5206.8000</dst>
      <dst id="1">6067.8667</dst>
      <dst id="5">959.1289</dst>
      <dst id="3">5344.9067</dst>
      <dst id="22">355.3422</dst>
      <dst id="7">1.5644</dst>
      <dst id="2">17805.5911</dst>
      <dst id="16">29372.8356</dst>
      <dst id="14">4381.8578</dst>
      <dst id="20">5478.0267</dst>
      <dst id="11">44.9067</dst>
      <dst id="9">1392.8000</dst>
      <dst id="17">36729.1911</dst>
      <dst id="21">1689.8844</dst>
      <dst id="15">712.2133</dst>
    </src>
    <src id="22">
      <dst id="12">12682.0000</dst>
      <dst id="13">19486.9956</dst>
      <dst id="19">785.2267</dst>
      <dst id="23">11.5911</dst>
      <dst id="8">47.1911</dst>
      <dst id="18">22.4533</dst>
      <dst id="4">1185.3778</dst>
      <dst id="1">423.1911</dst>
      <dst id="5">1860.4622</dst>
      <dst id="3">3.0044</dst>
      <dst id="10">742.0978</dst>
      <dst id="7">35.9378</dst>
      <dst id="2">642.2933</dst>
      <dst id="16">135.5378</dst>
      <dst id="14">16.8000</dst>
      <dst id="11">366.6667</dst>
      <dst id="9">281.3600</dst>
      <dst id="17">4492.1156</dst>
      <dst id="21">197.8756</dst>
    </src>
    <src id="7">
      <dst id="12">11629.9378</dst>
      <dst id="13">4758.8089</dst>
      <dst id="19">117.6089</dst>
      <dst id="23">80.9956</dst>
      <dst id="8">2.2044</dst>
      <dst id="18">158.8267</dst>
      <dst id="4">2938.0711</dst>
      <dst id="1">1005.0222</dst>
      <dst id="5">61.4311</dst>
      <dst id="3">37.6178</dst>
      <dst id="10">663.7067</dst>
      <dst id="22">49.8222</dst>
      <dst id="7">20.8889</dst>
      <dst id="2">1754.0800</dst>
      <dst id="16">121.8578</dst>
      <dst id="14">47.9289</dst>
      <dst id="20">6.1067</dst>
      <dst id="11">1070.3200</dst>
      <dst id="9">11.9733</dst>
      <dst id="17">1454.3911</dst>
      <dst id="21">1326.3111</dst>
      <dst id="15">1.6178</dst>
    </src>
    <src id="2">
      <dst id="12">97965.7778</dst>
      <dst id="13">36450.6844</dst>
      <dst id="19">903.7511</dst>
      <dst id="23">11.9822</dst>
      <dst id="8">11.1467</dst>
      <dst id="18">25529.5289</dst>
      <dst id="4">5038.5600</dst>
      <dst id="1">18529.6089</dst>
      <dst id="5">2005.1289</dst>
      <dst id="3">18.2933</dst>
      <dst id="10">7360.4444</dst>
      <dst id="22">1478.6667</dst>
      <dst id="7">5266.6844</dst>
      <dst id="2">3362.7733</dst>
      <dst id="16">131.5200</dst>
      <dst id="14">3382.5422</dst>
      <dst id="20">215.8844</dst>
      <dst id="11">1484.8356</dst>
      <dst id="9">707.6622</dst>
      <dst id="17">30971.8578</dst>
      <dst id="21">2702.6222</dst>
      <dst id="15">399.4133</dst>
    </src>
    <src id="6">
      <dst id="12">245.3956</dst>
      <dst id="13">21.6356</dst>
      <dst id="19">0.6133</dst>
      <dst id="18">0.9600</dst>
      <dst id="4">11.4667</dst>
      <dst id="1">158.8622</dst>
      <dst id="5">5.7956</dst>
      <dst id="3">31.6889</dst>
      <dst id="10">0.3733</dst>
      <dst id="22">1.0311</dst>
      <dst id="7">1.6711</dst>
      <dst id="2">1054.5156</dst>
      <dst id="16">14.0356</dst>
      <dst id="9">49.7778</dst>
      <dst id="17">18214.4089</dst>
      <dst id="21">0.6667</dst>
    </src>
    <src id="16">
      <dst id="12">108149.4044</dst>
      <dst id="13">519.4667</dst>
      <dst id="19">3723.7689</dst>
      <dst id="23">3.5467</dst>
      <dst id="8">89774.4000</dst>
      <dst id="18">141.9111</dst>
      <dst id="4">429.3067</dst>
      <dst id="1">6159.8844</dst>
      <dst id="5">237731.7333</dst>
      <dst id="3">4068.7200</dst>
      <dst id="10">751.7778</dst>
      <dst id="22">14.8267</dst>
      <dst id="2">355.3778</dst>
      <dst id="16">12408.8533</dst>
      <dst id="14">33555.4933</dst>
      <dst id="11">14054.1156</dst>
      <dst id="9">172503.0933</dst>
      <dst id="17">3497.5111</dst>
      <dst id="21">628.4622</dst>
    </src>
    <src id="14">
      <dst id="12">570.5867</dst>
      <dst id="13">297.9378</dst>
      <dst id="19">135.4489</dst>
      <dst id="23">1.4578</dst>
      <dst id="18">12.6222</dst>
      <dst id="4">166.0711</dst>
      <dst id="1">465.8844</dst>
      <dst id="5">24.7022</dst>
      <dst id="3">2488.5156</dst>
      <dst id="10">82.1956</dst>
      <dst id="7">41.4756</dst>
      <dst id="2">2515.6533</dst>
      <dst id="16">2549.3422</dst>
      <dst id="20">0.3556</dst>
      <dst id="9">184.4444</dst>
      <dst id="17">22619.3867</dst>
      <dst id="21">211.2711</dst>
      <dst id="15">0.4622</dst>
    </src>
    <src id="20">
      <dst id="12">1663.2889</dst>
      <dst id="13">7513.9467</dst>
      <dst id="19">41.9556</dst>
      <dst id="8">40.5333</dst>
      <dst id="18">14.0267</dst>
      <dst id="4">243.0933</dst>
      <dst id="1">69.1556</dst>
      <dst id="5">144.4267</dst>
      <dst id="3">4.5867</dst>
      <dst id="10">107.0844</dst>
      <dst id="7">82.8711</dst>
      <dst id="2">1253.5733</dst>
      <dst id="16">7846.6222</dst>
      <dst id="14">13.3333</dst>
      <dst id="20">89.6000</dst>
      <dst id="11">51.5911</dst>
      <dst id="9">1967.3333</dst>
      <dst id="17">1023.0933</dst>
      <dst id="21">553.8667</dst>
    </src>
    <src id="11">
      <dst id="12">30777.0311</dst>
      <dst id="13">2372.5689</dst>
      <dst id="19">102.6578</dst>
      <dst id="23">8.0533</dst>
      <dst id="8">472.8178</dst>
      <dst id="18">113.8311</dst>
      <dst id="4">972.3911</dst>
      <dst id="1">3360.0267</dst>
      <dst id="5">1579.7511</dst>
      <dst id="3">574.8978</dst>
      <dst id="10">777.1733</dst>
      <dst id="22">406.6756</dst>
      <dst id="2">57720.6844</dst>
      <dst id="16">12382.3822</dst>
      <dst id="14">36.0000</dst>
      <dst id="20">566.4178</dst>
      <dst id="11">1211.2178</dst>
      <dst id="9">4051.2800</dst>
      <dst id="17">584002.9511</dst>
      <dst id="21">1056.0089</dst>
      <dst id="15">17.5644</dst>
    </src>
    <src id="9">
      <dst id="12">25961.6089</dst>
      <dst id="13">1849.0400</dst>
      <dst id="19">76.2756</dst>
      <dst id="23">52.8178</dst>
      <dst id="8">52357.0844</dst>
      <dst id="18">231.4489</dst>
      <dst id="4">2025.6889</dst>
      <dst id="1">4035.4844</dst>
      <dst id="5">1715.4933</dst>
      <dst id="3">675.3689</dst>
      <dst id="10">30.8978</dst>
      <dst id="22">7600.7111</dst>
      <dst id="2">171.6711</dst>
      <dst id="16">508651.8578</dst>
      <dst id="14">12.2844</dst>
      <dst id="11">54.4178</dst>
      <dst id="9">238199.1733</dst>
      <dst id="17">36305.3067</dst>
      <dst id="21">110.8178</dst>
      <dst id="15">743.0311</dst>
    </src>
    <src id="17">
      <dst id="12">76645.3778</dst>
      <dst id="13">62410.5956</dst>
      <dst id="19">382.4978</dst>
      <dst id="23">99.9911</dst>
      <dst id="8">59.8667</dst>
      <dst id="18">1896.1867</dst>
      <dst id="4">2104.7556</dst>
      <dst id="1">1970.3022</dst>
      <dst id="5">147250.7911</dst>
      <dst id="3">2359.9467</dst>
      <dst id="10">35305.4222</dst>
      <dst id="22">774.4978</dst>
      <dst id="7">13655.1289</dst>
      <dst id="2">9151.8400</dst>
      <dst id="16">62583.3867</dst>
      <dst id="14">32306.2311</dst>
      <dst id="20">14738.1244</dst>
      <dst id="11">12409.6267</dst>
      <dst id="9">13767.0578</dst>
      <dst id="17">20610.8622</dst>
      <dst id="21">7036.7378</dst>
      <dst id="15">195.3422</dst>
    </src>
    <src id="21">
      <dst id="12">1400.8089</dst>
      <dst id="13">9510.5244</dst>
      <dst id="19">397.4044</dst>
      <dst id="23">5.8222</dst>
      <dst id="8">162.0267</dst>
      <dst id="18">1017.4400</dst>
      <dst id="4">302.6756</dst>
      <dst id="1">5694.9778</dst>
      <dst id="5">171.9289</dst>
      <dst id="3">845.0578</dst>
      <dst id="10">909.7333</dst>
      <dst id="22">44.5600</dst>
      <dst id="7">569.0667</dst>
      <dst id="2">7625.2356</dst>
      <dst id="16">3858.4978</dst>
      <dst id="14">188.4178</dst>
      <dst id="20">442.8622</dst>
      <dst id="11">366.3467</dst>
      <dst id="9">757.4933</dst>
      <dst id="17">14697.1200</dst>
      <dst id="21">3482.8000</dst>
      <dst id="15">91.3778</dst>
    </src>
    <src id="15">
      <dst id="12">81.2800</dst>
      <dst id="13">131.6178</dst>
      <dst id="19">14.1156</dst>
      <dst id="23">0.4622</dst>
      <dst id="8">1553.2267</dst>
      <dst id="18">131.5911</dst>
      <dst id="4">197.8489</dst>
      <dst id="1">98.2044</dst>
      <dst id="5">89.0222</dst>
      <dst id="10">61.6533</dst>
      <dst id="2">128.3644</dst>
      <dst id="16">490.4444</dst>
      <dst id="11">14.2933</dst>
      <dst id="9">1570.8711</dst>
      <dst id="17">1951.0578</dst>
      <dst id="21">1.6711</dst>
    </src>
  </IntraTM>
</TrafficMatrixFile>
