<?xml version="1.0" encoding="UTF-8" standalone="yes"?>
<TrafficMatrixFile xmlns:xsi="http://www.w3.org/2001/XMLSchema-instance" xsi:noNamespaceSchemaLocation="http://totem.run.montefiore.ulg.ac.be/Schema/TrafficMatrix-v1_2.xsd">
  <info>
    <title>Intradomain traffic matrix generated by geant-TM-all.pl</title>
    <date>2005-03-27T09:30:00</date>
    <duration>900</duration>
    <author>Steve Uhlig</author>
    <units>
        <unit type="bandwidth" value="kbps"/>
    </units>
  </info>
  <IntraTM ASID="20965">
    <src id="12">
      <dst id="12">292602.5867</dst>
      <dst id="13">24062.1600</dst>
      <dst id="19">6010.6489</dst>
      <dst id="23">10738.7111</dst>
      <dst id="8">371.2800</dst>
      <dst id="18">72304.1067</dst>
      <dst id="4">5595.3244</dst>
      <dst id="1">29612.2133</dst>
      <dst id="5">1379.5733</dst>
      <dst id="3">306.3822</dst>
      <dst id="10">894.3467</dst>
      <dst id="22">5246.0889</dst>
      <dst id="7">477.0578</dst>
      <dst id="2">19975.3867</dst>
      <dst id="6">9667.0400</dst>
      <dst id="16">27869.3689</dst>
      <dst id="14">358.2667</dst>
      <dst id="20">2378.8711</dst>
      <dst id="11">45.7156</dst>
      <dst id="9">4185.3244</dst>
      <dst id="17">38913.1644</dst>
      <dst id="21">897.7778</dst>
      <dst id="15">997.6889</dst>
    </src>
    <src id="13">
      <dst id="12">10230.8622</dst>
      <dst id="13">107.8667</dst>
      <dst id="19">9003.7156</dst>
      <dst id="23">19.5733</dst>
      <dst id="8">53.0489</dst>
      <dst id="18">111.5911</dst>
      <dst id="1">480.2222</dst>
      <dst id="5">1094.8267</dst>
      <dst id="3">110.8622</dst>
      <dst id="10">13.4933</dst>
      <dst id="22">3810.4533</dst>
      <dst id="7">1024.7822</dst>
      <dst id="2">3348.8000</dst>
      <dst id="6">29.7600</dst>
      <dst id="16">1195.1911</dst>
      <dst id="14">46.0978</dst>
      <dst id="20">5210.4889</dst>
      <dst id="11">905.9644</dst>
      <dst id="9">1012.2311</dst>
      <dst id="17">6372.4356</dst>
      <dst id="21">211.9378</dst>
      <dst id="15">238.5422</dst>
    </src>
    <src id="19">
      <dst id="12">22983.1644</dst>
      <dst id="13">1323.5467</dst>
      <dst id="23">0.3556</dst>
      <dst id="4">157.6622</dst>
      <dst id="1">106.4533</dst>
      <dst id="5">40.0000</dst>
      <dst id="3">0.7911</dst>
      <dst id="10">383.4667</dst>
      <dst id="22">2815.2089</dst>
      <dst id="7">3029.6178</dst>
      <dst id="2">2393.3511</dst>
      <dst id="6">0.4622</dst>
      <dst id="16">962.4533</dst>
      <dst id="14">17.3600</dst>
      <dst id="20">1.5111</dst>
      <dst id="11">16.0000</dst>
      <dst id="9">1.3333</dst>
      <dst id="17">1140.3733</dst>
      <dst id="21">81.8844</dst>
      <dst id="15">100.7467</dst>
    </src>
    <src id="23">
      <dst id="12">1354.5422</dst>
      <dst id="13">196.6044</dst>
      <dst id="19">12.9778</dst>
      <dst id="8">40.0000</dst>
      <dst id="18">2587.1644</dst>
      <dst id="4">764.9333</dst>
      <dst id="1">115.1200</dst>
      <dst id="10">136.8889</dst>
      <dst id="22">27.2533</dst>
      <dst id="7">893.7689</dst>
      <dst id="2">269.1733</dst>
      <dst id="16">48.5333</dst>
      <dst id="14">26.6667</dst>
      <dst id="20">1151.1111</dst>
      <dst id="11">61.0667</dst>
      <dst id="9">2.2756</dst>
      <dst id="17">2252.6133</dst>
      <dst id="21">984.9867</dst>
    </src>
    <src id="8">
      <dst id="12">5861.3156</dst>
      <dst id="13">261.0933</dst>
      <dst id="19">0.4711</dst>
      <dst id="18">0.3556</dst>
      <dst id="4">59.2089</dst>
      <dst id="1">1834.1778</dst>
      <dst id="5">281.5467</dst>
      <dst id="10">52.1600</dst>
      <dst id="22">0.9244</dst>
      <dst id="7">20.3467</dst>
      <dst id="2">24.7022</dst>
      <dst id="16">221871.4044</dst>
      <dst id="11">13.6889</dst>
      <dst id="9">54852.6756</dst>
      <dst id="17">27129.3511</dst>
      <dst id="21">0.7644</dst>
      <dst id="15">7.5289</dst>
    </src>
    <src id="18">
      <dst id="12">125576.8178</dst>
      <dst id="13">197.3244</dst>
      <dst id="19">0.4622</dst>
      <dst id="23">33.2444</dst>
      <dst id="8">0.7111</dst>
      <dst id="4">244.8889</dst>
      <dst id="1">1689.6978</dst>
      <dst id="5">136.3822</dst>
      <dst id="3">1877.7956</dst>
      <dst id="10">4.9956</dst>
      <dst id="22">357.6356</dst>
      <dst id="7">44.1956</dst>
      <dst id="2">12440.1244</dst>
      <dst id="16">366.1778</dst>
      <dst id="14">13.3333</dst>
      <dst id="20">69.6444</dst>
      <dst id="11">12.6222</dst>
      <dst id="9">1098.9333</dst>
      <dst id="17">4866.2667</dst>
      <dst id="21">419.6178</dst>
      <dst id="15">4.4356</dst>
    </src>
    <src id="4">
      <dst id="12">23067.5111</dst>
      <dst id="13">32.7111</dst>
      <dst id="19">5777.8667</dst>
      <dst id="23">1214.9333</dst>
      <dst id="8">325.5467</dst>
      <dst id="18">2941.6089</dst>
      <dst id="4">419.9467</dst>
      <dst id="1">102738.3111</dst>
      <dst id="5">4335.7600</dst>
      <dst id="3">95.0400</dst>
      <dst id="22">5897.2622</dst>
      <dst id="7">215.4222</dst>
      <dst id="2">83917.3600</dst>
      <dst id="6">174.0800</dst>
      <dst id="16">65251.5289</dst>
      <dst id="14">3844.6578</dst>
      <dst id="11">344.3200</dst>
      <dst id="9">21748.8089</dst>
      <dst id="17">48081.5644</dst>
      <dst id="21">15706.1600</dst>
      <dst id="15">8196.7200</dst>
    </src>
    <src id="1">
      <dst id="12">460223.8489</dst>
      <dst id="13">1279.2178</dst>
      <dst id="19">41.9378</dst>
      <dst id="23">61.4578</dst>
      <dst id="8">4.1156</dst>
      <dst id="18">12788.9778</dst>
      <dst id="4">632.3200</dst>
      <dst id="1">82541.0311</dst>
      <dst id="5">683.9644</dst>
      <dst id="3">185.1200</dst>
      <dst id="10">156.7467</dst>
      <dst id="22">19.3511</dst>
      <dst id="7">85755.5822</dst>
      <dst id="2">8733.3244</dst>
      <dst id="6">1.8133</dst>
      <dst id="16">1032399.1733</dst>
      <dst id="14">41.6267</dst>
      <dst id="20">82.6222</dst>
      <dst id="11">117.1822</dst>
      <dst id="9">9725.0311</dst>
      <dst id="17">1533.5289</dst>
      <dst id="21">2937.6000</dst>
      <dst id="15">6663.7867</dst>
    </src>
    <src id="5">
      <dst id="12">4167.6533</dst>
      <dst id="13">11200.2578</dst>
      <dst id="19">29.5911</dst>
      <dst id="8">25.5289</dst>
      <dst id="18">40.9689</dst>
      <dst id="4">230.3200</dst>
      <dst id="1">3613.6622</dst>
      <dst id="10">30.5511</dst>
      <dst id="22">85.8222</dst>
      <dst id="7">21.8133</dst>
      <dst id="2">84.4889</dst>
      <dst id="16">282490.9422</dst>
      <dst id="14">13.1556</dst>
      <dst id="11">1.6000</dst>
      <dst id="9">38413.0844</dst>
      <dst id="17">33707.2356</dst>
      <dst id="21">159.7333</dst>
      <dst id="15">168.0178</dst>
    </src>
    <src id="3">
      <dst id="12">7778.3556</dst>
      <dst id="13">27363.8667</dst>
      <dst id="19">6438.0356</dst>
      <dst id="23">13.0756</dst>
      <dst id="8">7.2533</dst>
      <dst id="18">31.6622</dst>
      <dst id="4">478.1689</dst>
      <dst id="1">24562.9422</dst>
      <dst id="5">364.7467</dst>
      <dst id="3">517.9911</dst>
      <dst id="10">313.7956</dst>
      <dst id="22">1.4311</dst>
      <dst id="7">591.9911</dst>
      <dst id="2">4892.0889</dst>
      <dst id="6">0.8800</dst>
      <dst id="16">8384.7111</dst>
      <dst id="14">70.6400</dst>
      <dst id="20">257.9733</dst>
      <dst id="11">601.4844</dst>
      <dst id="9">645.2089</dst>
      <dst id="17">36530.6311</dst>
      <dst id="21">8422.3111</dst>
      <dst id="15">6.1511</dst>
    </src>
    <src id="10">
      <dst id="12">4010.3467</dst>
      <dst id="13">1389.1200</dst>
      <dst id="19">174.6133</dst>
      <dst id="23">1500.3556</dst>
      <dst id="8">133.5111</dst>
      <dst id="18">453.0756</dst>
      <dst id="1">430.2933</dst>
      <dst id="5">380.6489</dst>
      <dst id="3">25.4222</dst>
      <dst id="10">1.8222</dst>
      <dst id="22">8.5956</dst>
      <dst id="7">156.1867</dst>
      <dst id="2">17988.7200</dst>
      <dst id="16">26336.5067</dst>
      <dst id="14">3239.7156</dst>
      <dst id="20">887.5733</dst>
      <dst id="11">169.3778</dst>
      <dst id="9">2060.1511</dst>
      <dst id="17">32927.8756</dst>
      <dst id="21">9886.7378</dst>
      <dst id="15">93.3244</dst>
    </src>
    <src id="22">
      <dst id="12">10514.8178</dst>
      <dst id="13">4273.2978</dst>
      <dst id="19">97.1556</dst>
      <dst id="23">10.1600</dst>
      <dst id="8">6.5778</dst>
      <dst id="18">219.2622</dst>
      <dst id="4">1586.0622</dst>
      <dst id="1">215.7067</dst>
      <dst id="5">1579.5022</dst>
      <dst id="3">2.9156</dst>
      <dst id="10">375.3867</dst>
      <dst id="7">387.6800</dst>
      <dst id="2">592.8444</dst>
      <dst id="6">0.9244</dst>
      <dst id="16">4908.6933</dst>
      <dst id="14">42.8356</dst>
      <dst id="11">170.7022</dst>
      <dst id="9">1336.3111</dst>
      <dst id="17">7112.7556</dst>
      <dst id="21">683.0844</dst>
    </src>
    <src id="7">
      <dst id="12">9391.7778</dst>
      <dst id="13">4201.2089</dst>
      <dst id="19">564.0711</dst>
      <dst id="23">13.2444</dst>
      <dst id="8">432.3822</dst>
      <dst id="18">149.8222</dst>
      <dst id="4">1061.1644</dst>
      <dst id="1">4650.3467</dst>
      <dst id="5">700.0267</dst>
      <dst id="3">229.1111</dst>
      <dst id="10">1414.0000</dst>
      <dst id="22">7979.4489</dst>
      <dst id="7">25.8044</dst>
      <dst id="2">2289.2000</dst>
      <dst id="6">51.3689</dst>
      <dst id="16">703.2711</dst>
      <dst id="14">157.6622</dst>
      <dst id="20">302.8889</dst>
      <dst id="11">2508.4800</dst>
      <dst id="9">365.0044</dst>
      <dst id="17">3946.9244</dst>
      <dst id="21">1336.0267</dst>
      <dst id="15">1385.1911</dst>
    </src>
    <src id="2">
      <dst id="12">72530.8267</dst>
      <dst id="13">19124.5600</dst>
      <dst id="19">1046.7911</dst>
      <dst id="23">4.6222</dst>
      <dst id="8">36.4622</dst>
      <dst id="18">43296.5956</dst>
      <dst id="4">8000.3644</dst>
      <dst id="1">15875.7600</dst>
      <dst id="5">267.1733</dst>
      <dst id="3">34.0267</dst>
      <dst id="10">2906.3467</dst>
      <dst id="22">885.5022</dst>
      <dst id="7">4400.0089</dst>
      <dst id="2">2334.4711</dst>
      <dst id="6">9971.2444</dst>
      <dst id="16">433.3867</dst>
      <dst id="14">140.3644</dst>
      <dst id="20">509.8311</dst>
      <dst id="11">2437.9111</dst>
      <dst id="9">2033.2622</dst>
      <dst id="17">22772.3911</dst>
      <dst id="21">2698.0000</dst>
      <dst id="15">202.6667</dst>
    </src>
    <src id="6">
      <dst id="12">100.0089</dst>
      <dst id="13">22.5067</dst>
      <dst id="18">3.2000</dst>
      <dst id="4">1.4400</dst>
      <dst id="1">131.5378</dst>
      <dst id="3">14.2489</dst>
      <dst id="10">31.0933</dst>
      <dst id="22">1.6533</dst>
      <dst id="2">845.2178</dst>
      <dst id="16">13.1022</dst>
      <dst id="20">1.1378</dst>
      <dst id="9">22.4267</dst>
      <dst id="17">13162.5422</dst>
      <dst id="21">50.8978</dst>
      <dst id="15">12.6222</dst>
    </src>
    <src id="16">
      <dst id="12">128398.7289</dst>
      <dst id="13">417.2000</dst>
      <dst id="19">2783.0578</dst>
      <dst id="23">1.6089</dst>
      <dst id="8">60391.9467</dst>
      <dst id="18">43.1556</dst>
      <dst id="4">322.6933</dst>
      <dst id="1">10575.5200</dst>
      <dst id="5">186809.0311</dst>
      <dst id="3">6423.0133</dst>
      <dst id="10">522.0622</dst>
      <dst id="7">102.8444</dst>
      <dst id="2">156.5778</dst>
      <dst id="6">1.1644</dst>
      <dst id="16">14440.9689</dst>
      <dst id="14">27796.2311</dst>
      <dst id="11">16919.9822</dst>
      <dst id="9">167644.3200</dst>
      <dst id="17">1357.9733</dst>
      <dst id="21">1.2533</dst>
    </src>
    <src id="14">
      <dst id="12">460.6044</dst>
      <dst id="13">597.7511</dst>
      <dst id="19">34.7556</dst>
      <dst id="23">2.7733</dst>
      <dst id="8">0.4622</dst>
      <dst id="18">1.7867</dst>
      <dst id="4">107.5289</dst>
      <dst id="1">386.3378</dst>
      <dst id="5">0.4622</dst>
      <dst id="3">570.7111</dst>
      <dst id="10">38.3022</dst>
      <dst id="7">49.0933</dst>
      <dst id="2">1184.5778</dst>
      <dst id="16">1304.4089</dst>
      <dst id="20">1.1289</dst>
      <dst id="11">0.9956</dst>
      <dst id="9">45.1556</dst>
      <dst id="17">20420.5689</dst>
      <dst id="21">61.7600</dst>
    </src>
    <src id="20">
      <dst id="12">1562.4000</dst>
      <dst id="13">37142.9333</dst>
      <dst id="19">13.8667</dst>
      <dst id="23">20.4267</dst>
      <dst id="8">41.3511</dst>
      <dst id="18">1.4222</dst>
      <dst id="4">664.8267</dst>
      <dst id="1">103.2444</dst>
      <dst id="5">1800.6844</dst>
      <dst id="3">3.3422</dst>
      <dst id="10">690.4622</dst>
      <dst id="22">320.5333</dst>
      <dst id="7">80.4889</dst>
      <dst id="2">176.7200</dst>
      <dst id="16">14041.8933</dst>
      <dst id="11">13.3333</dst>
      <dst id="9">188.8000</dst>
      <dst id="17">2852.3556</dst>
      <dst id="21">36.7556</dst>
    </src>
    <src id="11">
      <dst id="12">15907.1911</dst>
      <dst id="13">5390.1867</dst>
      <dst id="19">1158.8889</dst>
      <dst id="23">12.3289</dst>
      <dst id="8">152.7022</dst>
      <dst id="18">257.7778</dst>
      <dst id="4">1742.7733</dst>
      <dst id="1">4982.5600</dst>
      <dst id="5">797.5733</dst>
      <dst id="3">782.4533</dst>
      <dst id="10">394.5956</dst>
      <dst id="22">120.3556</dst>
      <dst id="7">477.1467</dst>
      <dst id="2">63323.9467</dst>
      <dst id="6">29.4933</dst>
      <dst id="16">10099.3511</dst>
      <dst id="14">9.0222</dst>
      <dst id="20">485.7067</dst>
      <dst id="11">1592.0800</dst>
      <dst id="9">8330.6578</dst>
      <dst id="17">646603.7867</dst>
      <dst id="21">487.7067</dst>
      <dst id="15">717.5022</dst>
    </src>
    <src id="9">
      <dst id="12">22049.1200</dst>
      <dst id="13">2316.5422</dst>
      <dst id="19">1.0578</dst>
      <dst id="23">37.7600</dst>
      <dst id="8">67629.6533</dst>
      <dst id="18">193.4578</dst>
      <dst id="4">426.8267</dst>
      <dst id="1">5612.0711</dst>
      <dst id="5">602.1067</dst>
      <dst id="10">690.4267</dst>
      <dst id="22">0.3556</dst>
      <dst id="7">163.3689</dst>
      <dst id="2">533.2978</dst>
      <dst id="16">488088.5156</dst>
      <dst id="14">14.1067</dst>
      <dst id="11">220.0089</dst>
      <dst id="9">214038.9067</dst>
      <dst id="17">73433.9289</dst>
      <dst id="21">341.9378</dst>
      <dst id="15">192.1244</dst>
    </src>
    <src id="17">
      <dst id="12">85041.2889</dst>
      <dst id="13">77589.9467</dst>
      <dst id="19">743.5378</dst>
      <dst id="23">4.2756</dst>
      <dst id="8">141.7511</dst>
      <dst id="18">110.7467</dst>
      <dst id="4">11325.9467</dst>
      <dst id="1">5359.4311</dst>
      <dst id="5">104712.9600</dst>
      <dst id="3">3678.8711</dst>
      <dst id="10">35980.3911</dst>
      <dst id="22">76.4178</dst>
      <dst id="7">23844.5156</dst>
      <dst id="2">28170.9689</dst>
      <dst id="6">100.5067</dst>
      <dst id="16">30716.4356</dst>
      <dst id="14">11520.3467</dst>
      <dst id="20">9592.4444</dst>
      <dst id="11">13650.1422</dst>
      <dst id="9">5187.5733</dst>
      <dst id="17">24796.8356</dst>
      <dst id="21">5263.9200</dst>
      <dst id="15">27.9822</dst>
    </src>
    <src id="21">
      <dst id="12">1292.2400</dst>
      <dst id="13">4788.0089</dst>
      <dst id="19">187.1467</dst>
      <dst id="23">6.2844</dst>
      <dst id="8">137.1911</dst>
      <dst id="18">802.0533</dst>
      <dst id="4">716.8178</dst>
      <dst id="1">4498.7289</dst>
      <dst id="5">768.0000</dst>
      <dst id="3">1339.6889</dst>
      <dst id="10">342.3111</dst>
      <dst id="22">2.3111</dst>
      <dst id="7">1395.8578</dst>
      <dst id="2">4927.1556</dst>
      <dst id="6">55.7511</dst>
      <dst id="16">4223.5733</dst>
      <dst id="14">88.9244</dst>
      <dst id="20">303.6267</dst>
      <dst id="11">465.6978</dst>
      <dst id="9">627.4489</dst>
      <dst id="17">332287.6356</dst>
      <dst id="21">1769.4489</dst>
      <dst id="15">406.4533</dst>
    </src>
    <src id="15">
      <dst id="12">175.7511</dst>
      <dst id="13">200.2044</dst>
      <dst id="19">5041.4400</dst>
      <dst id="23">1.1378</dst>
      <dst id="8">5.6800</dst>
      <dst id="18">68.4800</dst>
      <dst id="4">172.2756</dst>
      <dst id="1">449.7600</dst>
      <dst id="5">147.4667</dst>
      <dst id="10">47.6089</dst>
      <dst id="7">91.6533</dst>
      <dst id="2">1719.0311</dst>
      <dst id="6">1.3867</dst>
      <dst id="16">1087.0667</dst>
      <dst id="14">0.5333</dst>
      <dst id="9">481.0667</dst>
      <dst id="17">284.4000</dst>
      <dst id="21">28.8356</dst>
    </src>
  </IntraTM>
</TrafficMatrixFile>
