<?xml version="1.0" encoding="UTF-8" standalone="yes"?>
<TrafficMatrixFile xmlns:xsi="http://www.w3.org/2001/XMLSchema-instance" xsi:noNamespaceSchemaLocation="http://totem.run.montefiore.ulg.ac.be/Schema/TrafficMatrix-v1_2.xsd">
  <info>
    <title>Intradomain traffic matrix generated by geant-TM-all.pl</title>
    <date>2005-04-02T03:00:00</date>
    <duration>900</duration>
    <author>Steve Uhlig</author>
    <units>
        <unit type="bandwidth" value="kbps"/>
    </units>
  </info>
  <IntraTM ASID="20965">
    <src id="12">
      <dst id="12">402230.3111</dst>
      <dst id="13">36562.4444</dst>
      <dst id="19">1449.5111</dst>
      <dst id="23">7996.3733</dst>
      <dst id="8">205.7600</dst>
      <dst id="18">102021.6889</dst>
      <dst id="4">14890.3911</dst>
      <dst id="1">15666.2311</dst>
      <dst id="5">2896.3733</dst>
      <dst id="3">901.2800</dst>
      <dst id="10">7059.2267</dst>
      <dst id="22">8448.4889</dst>
      <dst id="7">2703.1111</dst>
      <dst id="2">27469.8044</dst>
      <dst id="16">2529.2889</dst>
      <dst id="14">1565.8844</dst>
      <dst id="20">3765.5644</dst>
      <dst id="11">399.3867</dst>
      <dst id="9">4176.3644</dst>
      <dst id="17">61601.3244</dst>
      <dst id="21">1089.0933</dst>
      <dst id="15">1660.8711</dst>
    </src>
    <src id="13">
      <dst id="12">31213.6000</dst>
      <dst id="13">305.7956</dst>
      <dst id="19">2853.0578</dst>
      <dst id="23">40.3022</dst>
      <dst id="8">379.1289</dst>
      <dst id="18">1339.5467</dst>
      <dst id="1">11541.6889</dst>
      <dst id="5">12710.5244</dst>
      <dst id="3">631.0844</dst>
      <dst id="22">2482.5156</dst>
      <dst id="7">331.5111</dst>
      <dst id="2">35103.5467</dst>
      <dst id="16">1818.2844</dst>
      <dst id="14">29.7067</dst>
      <dst id="20">4382.1067</dst>
      <dst id="11">664.5244</dst>
      <dst id="9">1098.2044</dst>
      <dst id="17">19005.6533</dst>
      <dst id="21">1204.8000</dst>
      <dst id="15">413.4489</dst>
    </src>
    <src id="19">
      <dst id="12">35879.8133</dst>
      <dst id="13">7785.5289</dst>
      <dst id="8">5.4933</dst>
      <dst id="18">121.8044</dst>
      <dst id="4">2807.2000</dst>
      <dst id="1">106.3911</dst>
      <dst id="5">79.4311</dst>
      <dst id="3">1.8489</dst>
      <dst id="10">401.1911</dst>
      <dst id="22">141.5200</dst>
      <dst id="7">238.8444</dst>
      <dst id="2">27929.8044</dst>
      <dst id="16">893.9200</dst>
      <dst id="14">80.9244</dst>
      <dst id="20">11.5022</dst>
      <dst id="11">13.3333</dst>
      <dst id="9">10624.7911</dst>
      <dst id="17">4363.8044</dst>
      <dst id="21">313.3511</dst>
      <dst id="15">2.3911</dst>
    </src>
    <src id="23">
      <dst id="12">6267.7956</dst>
      <dst id="13">226.9867</dst>
      <dst id="19">0.3556</dst>
      <dst id="8">53.3333</dst>
      <dst id="18">76.8889</dst>
      <dst id="4">131.4844</dst>
      <dst id="1">117.7333</dst>
      <dst id="5">120.0000</dst>
      <dst id="10">49.6711</dst>
      <dst id="22">14.3289</dst>
      <dst id="7">108.1600</dst>
      <dst id="2">419.4578</dst>
      <dst id="16">2.8089</dst>
      <dst id="20">22275.1822</dst>
      <dst id="11">1.0222</dst>
      <dst id="9">15.9911</dst>
      <dst id="17">1559.2267</dst>
      <dst id="21">4860.6400</dst>
      <dst id="15">0.3200</dst>
    </src>
    <src id="8">
      <dst id="12">15423.1022</dst>
      <dst id="13">184.8978</dst>
      <dst id="19">276.8267</dst>
      <dst id="23">0.7111</dst>
      <dst id="18">1.6356</dst>
      <dst id="4">145.9822</dst>
      <dst id="1">817.3689</dst>
      <dst id="5">1186.0622</dst>
      <dst id="10">47.0400</dst>
      <dst id="22">21.8044</dst>
      <dst id="7">0.3556</dst>
      <dst id="2">109.5644</dst>
      <dst id="16">195283.7244</dst>
      <dst id="14">0.5867</dst>
      <dst id="11">225.5644</dst>
      <dst id="9">66083.7778</dst>
      <dst id="17">18965.7778</dst>
      <dst id="21">4.1244</dst>
      <dst id="15">301.7956</dst>
    </src>
    <src id="18">
      <dst id="12">125090.3644</dst>
      <dst id="13">674.6400</dst>
      <dst id="19">66.4356</dst>
      <dst id="23">2.3289</dst>
      <dst id="8">20.9867</dst>
      <dst id="4">155.6089</dst>
      <dst id="1">976.8889</dst>
      <dst id="5">80.8889</dst>
      <dst id="3">3072.2578</dst>
      <dst id="10">112.2400</dst>
      <dst id="22">52.6578</dst>
      <dst id="7">112.4800</dst>
      <dst id="2">13327.4578</dst>
      <dst id="16">524.0889</dst>
      <dst id="14">2.1422</dst>
      <dst id="20">84.0889</dst>
      <dst id="11">27.0844</dst>
      <dst id="9">262.7644</dst>
      <dst id="17">3746.7111</dst>
      <dst id="21">801.3067</dst>
      <dst id="15">10.7289</dst>
    </src>
    <src id="4">
      <dst id="12">44804.2756</dst>
      <dst id="13">3.1289</dst>
      <dst id="19">6474.8533</dst>
      <dst id="23">9401.6000</dst>
      <dst id="8">1076.2133</dst>
      <dst id="18">2739.2533</dst>
      <dst id="4">1509.1022</dst>
      <dst id="1">79310.8444</dst>
      <dst id="5">8012.2222</dst>
      <dst id="3">83.8933</dst>
      <dst id="22">1478.3556</dst>
      <dst id="7">4007.1022</dst>
      <dst id="2">106594.5244</dst>
      <dst id="6">2.4800</dst>
      <dst id="16">161038.6489</dst>
      <dst id="14">7804.9156</dst>
      <dst id="11">752.1422</dst>
      <dst id="9">25569.7244</dst>
      <dst id="17">76845.1289</dst>
      <dst id="21">5661.8133</dst>
      <dst id="15">5274.5156</dst>
    </src>
    <src id="1">
      <dst id="12">35632.2400</dst>
      <dst id="13">3364.1956</dst>
      <dst id="19">373.9911</dst>
      <dst id="23">133.4133</dst>
      <dst id="8">143.6533</dst>
      <dst id="18">12841.8756</dst>
      <dst id="4">2702.4178</dst>
      <dst id="1">9188.7200</dst>
      <dst id="5">539.2356</dst>
      <dst id="3">82.4622</dst>
      <dst id="10">1414.3644</dst>
      <dst id="22">1.1378</dst>
      <dst id="7">1328.0889</dst>
      <dst id="2">3437.6356</dst>
      <dst id="16">27593.9289</dst>
      <dst id="14">75.3689</dst>
      <dst id="20">135.4933</dst>
      <dst id="11">249.5022</dst>
      <dst id="9">759.7333</dst>
      <dst id="17">580143.5378</dst>
      <dst id="21">130915.9822</dst>
      <dst id="15">180.5067</dst>
    </src>
    <src id="5">
      <dst id="12">22341.4756</dst>
      <dst id="13">4298.3733</dst>
      <dst id="19">28.0711</dst>
      <dst id="23">1.4222</dst>
      <dst id="8">231.2889</dst>
      <dst id="18">158.0800</dst>
      <dst id="4">660.8622</dst>
      <dst id="1">8306.1956</dst>
      <dst id="10">100.8800</dst>
      <dst id="22">115.1911</dst>
      <dst id="2">4475.2178</dst>
      <dst id="16">376603.7244</dst>
      <dst id="14">13.4400</dst>
      <dst id="11">51.0578</dst>
      <dst id="9">83924.3822</dst>
      <dst id="17">48918.4000</dst>
      <dst id="21">195.1556</dst>
      <dst id="15">446.4800</dst>
    </src>
    <src id="3">
      <dst id="12">1416.9156</dst>
      <dst id="13">26420.0889</dst>
      <dst id="19">938.6933</dst>
      <dst id="23">21.6800</dst>
      <dst id="8">107.8311</dst>
      <dst id="18">277.7511</dst>
      <dst id="4">4073.4756</dst>
      <dst id="1">12006.4711</dst>
      <dst id="5">227.5111</dst>
      <dst id="3">76.4267</dst>
      <dst id="10">428.5511</dst>
      <dst id="22">24.9600</dst>
      <dst id="7">231.2444</dst>
      <dst id="2">4980.2044</dst>
      <dst id="16">33215.4133</dst>
      <dst id="14">203.2089</dst>
      <dst id="20">555.6711</dst>
      <dst id="11">417.1289</dst>
      <dst id="9">1283.6267</dst>
      <dst id="17">44222.2133</dst>
      <dst id="21">19176.4089</dst>
      <dst id="15">2.7733</dst>
    </src>
    <src id="10">
      <dst id="12">20505.4133</dst>
      <dst id="13">638.6667</dst>
      <dst id="19">4420.1244</dst>
      <dst id="23">3905.2444</dst>
      <dst id="8">302.8622</dst>
      <dst id="18">6305.4844</dst>
      <dst id="1">6207.6889</dst>
      <dst id="5">1514.2667</dst>
      <dst id="3">2598.1600</dst>
      <dst id="22">83.2356</dst>
      <dst id="7">251.4133</dst>
      <dst id="2">18136.1244</dst>
      <dst id="16">41089.2978</dst>
      <dst id="14">1252.9778</dst>
      <dst id="20">933.2889</dst>
      <dst id="11">21.0844</dst>
      <dst id="9">5803.6711</dst>
      <dst id="17">64983.1822</dst>
      <dst id="21">4237.4933</dst>
      <dst id="15">372.7200</dst>
    </src>
    <src id="22">
      <dst id="12">8613.4222</dst>
      <dst id="13">4752.1067</dst>
      <dst id="19">94.3822</dst>
      <dst id="23">1.4844</dst>
      <dst id="8">60.6933</dst>
      <dst id="18">362.6133</dst>
      <dst id="4">1637.2356</dst>
      <dst id="1">99.8667</dst>
      <dst id="5">1602.1956</dst>
      <dst id="3">354.0622</dst>
      <dst id="10">1399.7333</dst>
      <dst id="7">141.0844</dst>
      <dst id="2">2233.5111</dst>
      <dst id="16">127.9200</dst>
      <dst id="14">227.0756</dst>
      <dst id="11">77.0400</dst>
      <dst id="9">859.3778</dst>
      <dst id="17">11208.0978</dst>
      <dst id="21">374.4089</dst>
    </src>
    <src id="7">
      <dst id="12">18826.4000</dst>
      <dst id="13">44794.0267</dst>
      <dst id="19">289.7600</dst>
      <dst id="23">84.4800</dst>
      <dst id="8">4.9067</dst>
      <dst id="18">191.1467</dst>
      <dst id="4">3358.1333</dst>
      <dst id="1">2175.3778</dst>
      <dst id="5">5.3867</dst>
      <dst id="3">147.5467</dst>
      <dst id="10">1569.6978</dst>
      <dst id="22">272.2578</dst>
      <dst id="7">43.8133</dst>
      <dst id="2">2366.2400</dst>
      <dst id="16">176.2489</dst>
      <dst id="14">147.4756</dst>
      <dst id="20">6.4622</dst>
      <dst id="11">235.2178</dst>
      <dst id="9">316.0889</dst>
      <dst id="17">4153.3689</dst>
      <dst id="21">11070.7911</dst>
      <dst id="15">93.7956</dst>
    </src>
    <src id="2">
      <dst id="12">115933.8667</dst>
      <dst id="13">70558.4089</dst>
      <dst id="19">1800.1067</dst>
      <dst id="23">18.4622</dst>
      <dst id="8">135.4311</dst>
      <dst id="18">60045.2089</dst>
      <dst id="4">12074.4000</dst>
      <dst id="1">6104.2667</dst>
      <dst id="5">1145.6533</dst>
      <dst id="3">41.0311</dst>
      <dst id="10">5549.4311</dst>
      <dst id="22">594.8889</dst>
      <dst id="7">1270.5067</dst>
      <dst id="2">5076.1511</dst>
      <dst id="6">0.7822</dst>
      <dst id="16">16731.1378</dst>
      <dst id="14">198.0267</dst>
      <dst id="20">182.3644</dst>
      <dst id="11">429.1644</dst>
      <dst id="9">1285.4578</dst>
      <dst id="17">24227.9289</dst>
      <dst id="21">8606.6311</dst>
      <dst id="15">114.0800</dst>
    </src>
    <src id="6">
      <dst id="12">278.1600</dst>
      <dst id="13">228.3111</dst>
      <dst id="19">16.4444</dst>
      <dst id="8">0.3556</dst>
      <dst id="18">49.3778</dst>
      <dst id="4">11.5556</dst>
      <dst id="1">290.0089</dst>
      <dst id="5">0.5156</dst>
      <dst id="3">1.2000</dst>
      <dst id="22">0.4711</dst>
      <dst id="7">6.9511</dst>
      <dst id="2">1090.5244</dst>
      <dst id="16">10.5778</dst>
      <dst id="20">19.4222</dst>
      <dst id="9">45.9111</dst>
      <dst id="17">22567.3422</dst>
      <dst id="21">38.6133</dst>
    </src>
    <src id="16">
      <dst id="12">145886.5689</dst>
      <dst id="13">591.0489</dst>
      <dst id="19">4004.5956</dst>
      <dst id="23">2.6311</dst>
      <dst id="8">88811.8844</dst>
      <dst id="18">28.9689</dst>
      <dst id="4">239.0667</dst>
      <dst id="1">13274.2756</dst>
      <dst id="5">298895.6978</dst>
      <dst id="3">6003.5556</dst>
      <dst id="10">208.8711</dst>
      <dst id="22">53.3333</dst>
      <dst id="7">43.7956</dst>
      <dst id="2">915.6622</dst>
      <dst id="16">17820.1156</dst>
      <dst id="14">43634.8444</dst>
      <dst id="11">25152.9156</dst>
      <dst id="9">245480.2844</dst>
      <dst id="17">1768.6933</dst>
      <dst id="21">196.6933</dst>
    </src>
    <src id="14">
      <dst id="12">1309.6178</dst>
      <dst id="13">364.4978</dst>
      <dst id="19">39.2533</dst>
      <dst id="23">1.3867</dst>
      <dst id="8">0.4622</dst>
      <dst id="18">25.2444</dst>
      <dst id="4">351.9556</dst>
      <dst id="1">1628.1244</dst>
      <dst id="5">25.6000</dst>
      <dst id="3">963.0933</dst>
      <dst id="10">150.9689</dst>
      <dst id="7">68.2400</dst>
      <dst id="2">1699.4311</dst>
      <dst id="16">3262.2933</dst>
      <dst id="11">14.3289</dst>
      <dst id="9">124.0800</dst>
      <dst id="17">29299.4400</dst>
      <dst id="21">267.4133</dst>
      <dst id="15">1.0667</dst>
    </src>
    <src id="20">
      <dst id="12">3320.6311</dst>
      <dst id="13">6471.7333</dst>
      <dst id="19">732.4889</dst>
      <dst id="23">651.5733</dst>
      <dst id="8">1386.8089</dst>
      <dst id="18">18.7822</dst>
      <dst id="4">637.2533</dst>
      <dst id="1">43.0044</dst>
      <dst id="5">2349.8756</dst>
      <dst id="10">129.6356</dst>
      <dst id="22">13.3333</dst>
      <dst id="7">10.8711</dst>
      <dst id="2">812.9689</dst>
      <dst id="16">8343.4578</dst>
      <dst id="20">63.4489</dst>
      <dst id="11">16.0000</dst>
      <dst id="9">381.9200</dst>
      <dst id="17">19570.5778</dst>
      <dst id="21">1327.3689</dst>
    </src>
    <src id="11">
      <dst id="12">26989.6178</dst>
      <dst id="13">6560.9956</dst>
      <dst id="19">74.5778</dst>
      <dst id="23">181.3867</dst>
      <dst id="8">149.7689</dst>
      <dst id="18">282.9511</dst>
      <dst id="4">949.4756</dst>
      <dst id="1">12029.2178</dst>
      <dst id="5">1485.6889</dst>
      <dst id="3">1642.3378</dst>
      <dst id="10">1190.4444</dst>
      <dst id="22">22.5067</dst>
      <dst id="7">74.0444</dst>
      <dst id="2">49618.7111</dst>
      <dst id="16">12004.2222</dst>
      <dst id="14">25.4489</dst>
      <dst id="20">1618.2667</dst>
      <dst id="11">1607.5733</dst>
      <dst id="9">7128.4711</dst>
      <dst id="17">534316.2044</dst>
      <dst id="21">547.6622</dst>
      <dst id="15">193.9111</dst>
    </src>
    <src id="9">
      <dst id="12">20580.8267</dst>
      <dst id="13">3725.1556</dst>
      <dst id="19">418.7022</dst>
      <dst id="23">15.5378</dst>
      <dst id="8">68406.8978</dst>
      <dst id="18">236.4178</dst>
      <dst id="4">3283.1289</dst>
      <dst id="1">6511.3956</dst>
      <dst id="5">11292.3733</dst>
      <dst id="10">856.8889</dst>
      <dst id="22">55.0311</dst>
      <dst id="7">174.4178</dst>
      <dst id="2">11292.6400</dst>
      <dst id="16">492681.2533</dst>
      <dst id="14">26.7733</dst>
      <dst id="11">103.5200</dst>
      <dst id="9">340308.4978</dst>
      <dst id="17">45350.8711</dst>
      <dst id="21">252.6667</dst>
      <dst id="15">740.3556</dst>
    </src>
    <src id="17">
      <dst id="12">95981.3511</dst>
      <dst id="13">42642.3289</dst>
      <dst id="19">2794.8889</dst>
      <dst id="23">33.0578</dst>
      <dst id="8">106.9600</dst>
      <dst id="18">175.1022</dst>
      <dst id="4">11230.9156</dst>
      <dst id="1">8941.4578</dst>
      <dst id="5">165524.4978</dst>
      <dst id="3">3934.9956</dst>
      <dst id="10">3359.5911</dst>
      <dst id="22">255.2622</dst>
      <dst id="7">5786.9067</dst>
      <dst id="2">17079.8133</dst>
      <dst id="16">58603.7689</dst>
      <dst id="14">17484.7022</dst>
      <dst id="20">4824.7467</dst>
      <dst id="11">16533.2889</dst>
      <dst id="9">6789.9200</dst>
      <dst id="17">14868.8089</dst>
      <dst id="21">10316.0444</dst>
      <dst id="15">65.6978</dst>
    </src>
    <src id="21">
      <dst id="12">1437.6089</dst>
      <dst id="13">6601.6267</dst>
      <dst id="19">555.8133</dst>
      <dst id="23">86.7111</dst>
      <dst id="8">94.3556</dst>
      <dst id="18">7766.9956</dst>
      <dst id="4">578.5600</dst>
      <dst id="1">6691.7067</dst>
      <dst id="5">397.3867</dst>
      <dst id="3">4003.5200</dst>
      <dst id="10">354.1689</dst>
      <dst id="22">78.6933</dst>
      <dst id="7">838.4533</dst>
      <dst id="2">11612.6933</dst>
      <dst id="6">0.5867</dst>
      <dst id="16">28149.5289</dst>
      <dst id="14">597.6444</dst>
      <dst id="20">881.1022</dst>
      <dst id="11">85.5022</dst>
      <dst id="9">1076.8089</dst>
      <dst id="17">26480.0356</dst>
      <dst id="21">3163.7511</dst>
      <dst id="15">50.5244</dst>
    </src>
    <src id="15">
      <dst id="12">2438.3289</dst>
      <dst id="13">3036.8000</dst>
      <dst id="19">19.0222</dst>
      <dst id="23">0.3556</dst>
      <dst id="8">12.9067</dst>
      <dst id="18">139.7422</dst>
      <dst id="4">196.4711</dst>
      <dst id="1">279.2089</dst>
      <dst id="5">308.5956</dst>
      <dst id="10">134.0089</dst>
      <dst id="7">13.3333</dst>
      <dst id="2">72.4178</dst>
      <dst id="16">823.0222</dst>
      <dst id="14">2.1422</dst>
      <dst id="11">0.8178</dst>
      <dst id="9">564.9956</dst>
      <dst id="17">261.7956</dst>
    </src>
  </IntraTM>
</TrafficMatrixFile>
