<?xml version="1.0" encoding="UTF-8" standalone="yes"?>
<TrafficMatrixFile xmlns:xsi="http://www.w3.org/2001/XMLSchema-instance" xsi:noNamespaceSchemaLocation="http://totem.run.montefiore.ulg.ac.be/Schema/TrafficMatrix-v1_2.xsd">
  <info>
    <title>Intradomain traffic matrix generated by geant-TM-all.pl</title>
    <date>2005-03-09T01:15:00</date>
    <duration>900</duration>
    <author>Steve Uhlig</author>
    <units>
        <unit type="bandwidth" value="kbps"/>
    </units>
  </info>
  <IntraTM ASID="20965">
    <src id="12">
      <dst id="12">199091.9022</dst>
      <dst id="13">25926.0089</dst>
      <dst id="19">1720.2311</dst>
      <dst id="23">2617.6889</dst>
      <dst id="8">531.1111</dst>
      <dst id="18">68916.0889</dst>
      <dst id="4">12261.4844</dst>
      <dst id="1">20951.6444</dst>
      <dst id="5">1019.1644</dst>
      <dst id="3">97.6800</dst>
      <dst id="10">65168.2844</dst>
      <dst id="22">2436.2844</dst>
      <dst id="7">4631.0133</dst>
      <dst id="2">26695.7333</dst>
      <dst id="6">1.6889</dst>
      <dst id="16">7445.6267</dst>
      <dst id="14">2912.6222</dst>
      <dst id="20">19134.2311</dst>
      <dst id="11">299.2000</dst>
      <dst id="9">4541.9378</dst>
      <dst id="17">81804.4000</dst>
      <dst id="21">575.0044</dst>
      <dst id="15">304.6756</dst>
    </src>
    <src id="13">
      <dst id="12">37863.9556</dst>
      <dst id="19">5720.2044</dst>
      <dst id="23">911.5022</dst>
      <dst id="8">1183.5289</dst>
      <dst id="18">3066.5156</dst>
      <dst id="1">3099.9111</dst>
      <dst id="5">2187.9556</dst>
      <dst id="3">199.7600</dst>
      <dst id="22">7353.2444</dst>
      <dst id="7">13213.5467</dst>
      <dst id="2">41960.2844</dst>
      <dst id="6">658.5689</dst>
      <dst id="16">4114.9244</dst>
      <dst id="14">6244.7378</dst>
      <dst id="20">7697.5644</dst>
      <dst id="11">307.6267</dst>
      <dst id="9">4978.5778</dst>
      <dst id="17">67469.8044</dst>
      <dst id="21">4640.6044</dst>
      <dst id="15">2598.1600</dst>
    </src>
    <src id="19">
      <dst id="12">14793.4844</dst>
      <dst id="13">325.8489</dst>
      <dst id="23">0.5244</dst>
      <dst id="18">183.1467</dst>
      <dst id="4">16855.3244</dst>
      <dst id="1">1337.6178</dst>
      <dst id="5">1.1378</dst>
      <dst id="3">27.0933</dst>
      <dst id="10">1273.5644</dst>
      <dst id="22">40.9778</dst>
      <dst id="7">2965.9289</dst>
      <dst id="2">309.9111</dst>
      <dst id="6">0.5244</dst>
      <dst id="16">7942.9600</dst>
      <dst id="14">29.5111</dst>
      <dst id="20">1.0222</dst>
      <dst id="11">0.4978</dst>
      <dst id="9">149.9644</dst>
      <dst id="17">826.0178</dst>
      <dst id="21">132.6933</dst>
    </src>
    <src id="23">
      <dst id="12">1458.1867</dst>
      <dst id="13">56.3733</dst>
      <dst id="19">0.5244</dst>
      <dst id="18">59.4933</dst>
      <dst id="4">162.1156</dst>
      <dst id="1">18.8622</dst>
      <dst id="10">219.2711</dst>
      <dst id="22">19.1289</dst>
      <dst id="7">56.1333</dst>
      <dst id="2">690.3378</dst>
      <dst id="16">82.6133</dst>
      <dst id="20">1288.2133</dst>
      <dst id="11">12.6222</dst>
      <dst id="9">55.3600</dst>
      <dst id="17">26274.8711</dst>
      <dst id="21">14.4356</dst>
    </src>
    <src id="8">
      <dst id="12">16816.6844</dst>
      <dst id="13">1819.6000</dst>
      <dst id="19">2.9956</dst>
      <dst id="18">42.2933</dst>
      <dst id="4">415.0933</dst>
      <dst id="1">5395.1022</dst>
      <dst id="5">537.2356</dst>
      <dst id="3">337.3689</dst>
      <dst id="10">2169.0222</dst>
      <dst id="22">636.9778</dst>
      <dst id="7">46.0267</dst>
      <dst id="2">321.2444</dst>
      <dst id="16">119959.7156</dst>
      <dst id="14">14.1156</dst>
      <dst id="11">12.9422</dst>
      <dst id="9">139546.7022</dst>
      <dst id="17">243886.9244</dst>
      <dst id="21">26.6667</dst>
      <dst id="15">30.5778</dst>
    </src>
    <src id="18">
      <dst id="12">96606.1778</dst>
      <dst id="13">260.2489</dst>
      <dst id="19">16.3200</dst>
      <dst id="23">28.4889</dst>
      <dst id="8">239.9289</dst>
      <dst id="4">312.0000</dst>
      <dst id="1">9451.2444</dst>
      <dst id="5">72.7111</dst>
      <dst id="3">584.3644</dst>
      <dst id="10">431.4311</dst>
      <dst id="22">28.0533</dst>
      <dst id="7">22.9333</dst>
      <dst id="2">20782.3556</dst>
      <dst id="16">645.4222</dst>
      <dst id="14">0.7111</dst>
      <dst id="20">0.3556</dst>
      <dst id="11">0.6222</dst>
      <dst id="9">1039.7244</dst>
      <dst id="17">31785.1200</dst>
      <dst id="21">429.3422</dst>
    </src>
    <src id="4">
      <dst id="12">11448.1156</dst>
      <dst id="19">4575.6711</dst>
      <dst id="23">275.0489</dst>
      <dst id="8">266.5956</dst>
      <dst id="18">535.2711</dst>
      <dst id="4">1508.3733</dst>
      <dst id="1">97558.2133</dst>
      <dst id="5">857.9467</dst>
      <dst id="3">50.2133</dst>
      <dst id="22">1323.2356</dst>
      <dst id="7">89278.5867</dst>
      <dst id="2">30033.8044</dst>
      <dst id="6">14.4356</dst>
      <dst id="16">2433.6089</dst>
      <dst id="14">1285.3067</dst>
      <dst id="11">117.0844</dst>
      <dst id="9">53379.7244</dst>
      <dst id="17">22713.8844</dst>
      <dst id="21">948.4178</dst>
      <dst id="15">394.9956</dst>
    </src>
    <src id="1">
      <dst id="12">326604.8444</dst>
      <dst id="13">393.9378</dst>
      <dst id="19">217.7867</dst>
      <dst id="23">68.2133</dst>
      <dst id="8">52.7289</dst>
      <dst id="18">12173.1022</dst>
      <dst id="4">1999.6978</dst>
      <dst id="1">3342.8533</dst>
      <dst id="5">244.5956</dst>
      <dst id="3">47.6622</dst>
      <dst id="10">2441.4756</dst>
      <dst id="22">2702.4089</dst>
      <dst id="7">1804.2400</dst>
      <dst id="2">7632.7378</dst>
      <dst id="16">11497.0578</dst>
      <dst id="14">124.4533</dst>
      <dst id="20">63.6178</dst>
      <dst id="11">51.8311</dst>
      <dst id="9">613.0756</dst>
      <dst id="17">230465.0578</dst>
      <dst id="21">596979.5467</dst>
      <dst id="15">83.6622</dst>
    </src>
    <src id="5">
      <dst id="12">12996.0089</dst>
      <dst id="13">863.4933</dst>
      <dst id="19">0.7111</dst>
      <dst id="23">1.8489</dst>
      <dst id="8">1100.9956</dst>
      <dst id="18">140.7556</dst>
      <dst id="4">353.0133</dst>
      <dst id="1">24273.9556</dst>
      <dst id="3">363.1200</dst>
      <dst id="10">916.7200</dst>
      <dst id="22">1776.1244</dst>
      <dst id="7">905.8400</dst>
      <dst id="2">269.1911</dst>
      <dst id="6">38.2489</dst>
      <dst id="16">117096.9244</dst>
      <dst id="14">13.9022</dst>
      <dst id="11">10.9156</dst>
      <dst id="9">42624.4622</dst>
      <dst id="17">216298.5511</dst>
      <dst id="21">0.4267</dst>
      <dst id="15">58.4889</dst>
    </src>
    <src id="3">
      <dst id="12">16915.9200</dst>
      <dst id="13">514.9067</dst>
      <dst id="19">920.3733</dst>
      <dst id="23">21.2267</dst>
      <dst id="8">85.1911</dst>
      <dst id="18">58.5600</dst>
      <dst id="4">4809.7956</dst>
      <dst id="1">5072.2400</dst>
      <dst id="5">246.6667</dst>
      <dst id="3">2072.2756</dst>
      <dst id="10">4020.3022</dst>
      <dst id="22">97.5644</dst>
      <dst id="7">656.3822</dst>
      <dst id="2">2029.6533</dst>
      <dst id="16">1547.2178</dst>
      <dst id="14">66.9511</dst>
      <dst id="20">125.0756</dst>
      <dst id="11">149.8844</dst>
      <dst id="9">394.3111</dst>
      <dst id="17">34355.3333</dst>
      <dst id="21">658.8356</dst>
      <dst id="15">2.8800</dst>
    </src>
    <src id="10">
      <dst id="12">18806.0178</dst>
      <dst id="19">2012.3111</dst>
      <dst id="23">9548.9511</dst>
      <dst id="8">734.0000</dst>
      <dst id="18">4849.4044</dst>
      <dst id="1">1112.9867</dst>
      <dst id="5">85.8400</dst>
      <dst id="3">102.1422</dst>
      <dst id="22">1009.4933</dst>
      <dst id="7">2581.4311</dst>
      <dst id="2">13919.3244</dst>
      <dst id="6">28.4444</dst>
      <dst id="16">2952.1244</dst>
      <dst id="14">2793.8222</dst>
      <dst id="20">7046.1422</dst>
      <dst id="11">31.0044</dst>
      <dst id="9">2379.7511</dst>
      <dst id="17">29564.2756</dst>
      <dst id="21">8218.2578</dst>
      <dst id="15">150.9689</dst>
    </src>
    <src id="22">
      <dst id="12">3697.3956</dst>
      <dst id="13">792.7911</dst>
      <dst id="19">18.2844</dst>
      <dst id="23">39.3956</dst>
      <dst id="8">2716.9511</dst>
      <dst id="18">116.3822</dst>
      <dst id="4">3079.2178</dst>
      <dst id="1">139.6444</dst>
      <dst id="5">815.4133</dst>
      <dst id="3">74.1867</dst>
      <dst id="10">1610.1067</dst>
      <dst id="7">463.1289</dst>
      <dst id="2">4723.4578</dst>
      <dst id="6">45.1822</dst>
      <dst id="14">54.7911</dst>
      <dst id="11">76.5867</dst>
      <dst id="9">688.0089</dst>
      <dst id="17">4432.1778</dst>
      <dst id="21">419.5644</dst>
    </src>
    <src id="7">
      <dst id="12">7186.4089</dst>
      <dst id="13">304.3822</dst>
      <dst id="19">304.6578</dst>
      <dst id="23">4.7733</dst>
      <dst id="8">2332.7200</dst>
      <dst id="18">465.6356</dst>
      <dst id="4">39734.1156</dst>
      <dst id="1">3240.0800</dst>
      <dst id="5">953.2267</dst>
      <dst id="3">198.9511</dst>
      <dst id="10">5838.7911</dst>
      <dst id="22">2281.5556</dst>
      <dst id="7">722.8000</dst>
      <dst id="2">18480.3556</dst>
      <dst id="6">119.4400</dst>
      <dst id="16">1578.7556</dst>
      <dst id="14">376.2400</dst>
      <dst id="20">206.2933</dst>
      <dst id="11">63.4489</dst>
      <dst id="9">446.9422</dst>
      <dst id="17">15959.3600</dst>
      <dst id="21">3334.5067</dst>
      <dst id="15">5.0489</dst>
    </src>
    <src id="2">
      <dst id="12">49749.7067</dst>
      <dst id="13">4085.4578</dst>
      <dst id="19">250.4622</dst>
      <dst id="23">4.1600</dst>
      <dst id="8">246.8356</dst>
      <dst id="18">39686.8089</dst>
      <dst id="4">25587.6267</dst>
      <dst id="1">16564.7467</dst>
      <dst id="5">658.6311</dst>
      <dst id="3">109.2178</dst>
      <dst id="10">12171.7422</dst>
      <dst id="22">594.3644</dst>
      <dst id="7">4705.8133</dst>
      <dst id="2">482.0800</dst>
      <dst id="6">31282.2489</dst>
      <dst id="16">230.1867</dst>
      <dst id="14">307.8844</dst>
      <dst id="20">188.0800</dst>
      <dst id="11">191.3956</dst>
      <dst id="9">693.3511</dst>
      <dst id="17">27908.7378</dst>
      <dst id="21">1528.1867</dst>
      <dst id="15">18.4267</dst>
    </src>
    <src id="6">
      <dst id="12">1371.5822</dst>
      <dst id="13">36.8889</dst>
      <dst id="19">15.4222</dst>
      <dst id="4">84.8178</dst>
      <dst id="1">2259.1111</dst>
      <dst id="5">0.3556</dst>
      <dst id="3">14.7378</dst>
      <dst id="10">535.0400</dst>
      <dst id="22">10.0356</dst>
      <dst id="7">9.5289</dst>
      <dst id="2">1032.8533</dst>
      <dst id="16">51.3689</dst>
      <dst id="20">19.3778</dst>
      <dst id="11">0.3556</dst>
      <dst id="9">58.9689</dst>
      <dst id="17">16793.2089</dst>
      <dst id="21">16.8978</dst>
      <dst id="15">0.7111</dst>
    </src>
    <src id="16">
      <dst id="12">120584.4178</dst>
      <dst id="13">2264.0089</dst>
      <dst id="19">6659.3778</dst>
      <dst id="23">29.0133</dst>
      <dst id="8">145752.2133</dst>
      <dst id="18">75.2889</dst>
      <dst id="4">396.4711</dst>
      <dst id="1">16146.5156</dst>
      <dst id="5">224132.1511</dst>
      <dst id="3">6681.1644</dst>
      <dst id="10">1164.9333</dst>
      <dst id="7">58.2400</dst>
      <dst id="2">494.7111</dst>
      <dst id="6">13.0489</dst>
      <dst id="16">263.9556</dst>
      <dst id="14">76116.2933</dst>
      <dst id="11">13902.8978</dst>
      <dst id="9">82344.3111</dst>
      <dst id="17">21447.1822</dst>
    </src>
    <src id="14">
      <dst id="12">6248.4800</dst>
      <dst id="13">77.3867</dst>
      <dst id="19">33.8222</dst>
      <dst id="8">541.5467</dst>
      <dst id="18">1.7067</dst>
      <dst id="4">717.4044</dst>
      <dst id="1">5059.9822</dst>
      <dst id="5">26.6844</dst>
      <dst id="3">742.6578</dst>
      <dst id="10">876.7111</dst>
      <dst id="22">1.2444</dst>
      <dst id="7">166.3911</dst>
      <dst id="2">2852.9867</dst>
      <dst id="16">1313.4933</dst>
      <dst id="11">5.3244</dst>
      <dst id="9">448.3022</dst>
      <dst id="17">40967.2356</dst>
      <dst id="21">128.0444</dst>
      <dst id="15">1.5644</dst>
    </src>
    <src id="20">
      <dst id="12">17310.0089</dst>
      <dst id="13">415.7867</dst>
      <dst id="19">0.8267</dst>
      <dst id="23">25.5467</dst>
      <dst id="8">258.0533</dst>
      <dst id="4">1159.1556</dst>
      <dst id="1">1817.0844</dst>
      <dst id="5">289.8044</dst>
      <dst id="3">527.0578</dst>
      <dst id="10">717.9556</dst>
      <dst id="7">99.0667</dst>
      <dst id="2">1343.2800</dst>
      <dst id="6">0.3556</dst>
      <dst id="14">14.4000</dst>
      <dst id="20">46.2578</dst>
      <dst id="11">13.3333</dst>
      <dst id="9">159.3600</dst>
      <dst id="17">12945.5111</dst>
      <dst id="21">142.6933</dst>
    </src>
    <src id="11">
      <dst id="12">37577.6622</dst>
      <dst id="13">3910.0356</dst>
      <dst id="19">122.0800</dst>
      <dst id="23">0.8000</dst>
      <dst id="8">62.9689</dst>
      <dst id="18">170.6311</dst>
      <dst id="4">4501.1733</dst>
      <dst id="1">43695.5289</dst>
      <dst id="5">638.2400</dst>
      <dst id="3">510.6933</dst>
      <dst id="10">4821.4578</dst>
      <dst id="22">445.1556</dst>
      <dst id="7">623.5822</dst>
      <dst id="2">75115.0044</dst>
      <dst id="16">24861.5556</dst>
      <dst id="14">481.2000</dst>
      <dst id="20">152.4978</dst>
      <dst id="11">1562.3111</dst>
      <dst id="9">3836.8267</dst>
      <dst id="17">648682.6844</dst>
      <dst id="21">304.6667</dst>
      <dst id="15">6.7111</dst>
    </src>
    <src id="9">
      <dst id="12">16457.4133</dst>
      <dst id="13">2189.4844</dst>
      <dst id="19">4.7111</dst>
      <dst id="23">0.9600</dst>
      <dst id="8">92867.0489</dst>
      <dst id="18">26.6667</dst>
      <dst id="4">3878.1156</dst>
      <dst id="1">3943.0311</dst>
      <dst id="5">947.0400</dst>
      <dst id="3">174.0800</dst>
      <dst id="10">4547.3333</dst>
      <dst id="22">997.3600</dst>
      <dst id="7">14.5956</dst>
      <dst id="2">516.1422</dst>
      <dst id="16">72141.7244</dst>
      <dst id="14">13.3333</dst>
      <dst id="11">17.6000</dst>
      <dst id="9">115491.1644</dst>
      <dst id="17">184838.7644</dst>
      <dst id="15">29.5556</dst>
    </src>
    <src id="17">
      <dst id="12">97923.5289</dst>
      <dst id="13">2777.8844</dst>
      <dst id="19">189.3600</dst>
      <dst id="23">74.4889</dst>
      <dst id="8">98.9244</dst>
      <dst id="18">1543.0311</dst>
      <dst id="4">19679.6711</dst>
      <dst id="1">16802.1511</dst>
      <dst id="5">152730.2756</dst>
      <dst id="3">4911.9378</dst>
      <dst id="10">46530.9511</dst>
      <dst id="22">8236.6578</dst>
      <dst id="7">3883.5111</dst>
      <dst id="2">8423.1822</dst>
      <dst id="6">1090.5244</dst>
      <dst id="16">4065.2356</dst>
      <dst id="14">25393.5200</dst>
      <dst id="20">2900.7289</dst>
      <dst id="11">10342.3111</dst>
      <dst id="9">3597.8578</dst>
      <dst id="17">27257.9644</dst>
      <dst id="21">3280.9956</dst>
      <dst id="15">144.7733</dst>
    </src>
    <src id="21">
      <dst id="12">3155.1022</dst>
      <dst id="13">5588.7378</dst>
      <dst id="19">173.9289</dst>
      <dst id="23">0.9600</dst>
      <dst id="8">117.2356</dst>
      <dst id="18">3468.9067</dst>
      <dst id="4">6613.0489</dst>
      <dst id="1">9780.7022</dst>
      <dst id="5">512.1867</dst>
      <dst id="3">681.6622</dst>
      <dst id="10">4827.4844</dst>
      <dst id="22">496.4978</dst>
      <dst id="7">566.9600</dst>
      <dst id="2">4015.1556</dst>
      <dst id="6">6.3911</dst>
      <dst id="16">517.4222</dst>
      <dst id="14">110.0356</dst>
      <dst id="20">5.5289</dst>
      <dst id="11">34.6489</dst>
      <dst id="9">573.1200</dst>
      <dst id="17">31865.0400</dst>
      <dst id="21">448.0356</dst>
      <dst id="15">98.4267</dst>
    </src>
    <src id="15">
      <dst id="12">1385.2622</dst>
      <dst id="13">559.6444</dst>
      <dst id="8">46.1778</dst>
      <dst id="4">14.5422</dst>
      <dst id="1">43.6444</dst>
      <dst id="5">312.9244</dst>
      <dst id="10">166.4444</dst>
      <dst id="7">5.1556</dst>
      <dst id="2">9.5911</dst>
      <dst id="6">13.1556</dst>
      <dst id="11">28.3378</dst>
      <dst id="9">926.1244</dst>
      <dst id="17">3144.8089</dst>
    </src>
  </IntraTM>
</TrafficMatrixFile>
