<?xml version="1.0" encoding="UTF-8" standalone="yes"?>
<TrafficMatrixFile xmlns:xsi="http://www.w3.org/2001/XMLSchema-instance" xsi:noNamespaceSchemaLocation="http://totem.run.montefiore.ulg.ac.be/Schema/TrafficMatrix-v1_2.xsd">
  <info>
    <title>Intradomain traffic matrix generated by geant-TM-all.pl</title>
    <date>2005-02-07T08:00:00</date>
    <duration>900</duration>
    <author>Steve Uhlig</author>
    <units>
        <unit type="bandwidth" value="kbps"/>
    </units>
  </info>
  <IntraTM ASID="20965">
    <src id="12">
      <dst id="12">309874.8800</dst>
      <dst id="13">17492.4089</dst>
      <dst id="19">1582.3822</dst>
      <dst id="23">188.3022</dst>
      <dst id="8">978.6933</dst>
      <dst id="18">83727.8311</dst>
      <dst id="4">106004.8622</dst>
      <dst id="1">6560.6311</dst>
      <dst id="5">4043.3778</dst>
      <dst id="3">8.6933</dst>
      <dst id="10">12243.4311</dst>
      <dst id="22">16187.3244</dst>
      <dst id="7">11816.1867</dst>
      <dst id="2">45856.3111</dst>
      <dst id="6">20.1600</dst>
      <dst id="16">19307.3778</dst>
      <dst id="14">225.4222</dst>
      <dst id="20">4836.3289</dst>
      <dst id="11">105.1289</dst>
      <dst id="9">7084.4622</dst>
      <dst id="17">49966.4800</dst>
      <dst id="21">7905.8667</dst>
      <dst id="15">2791.3422</dst>
    </src>
    <src id="13">
      <dst id="12">51355.6978</dst>
      <dst id="19">9999.2800</dst>
      <dst id="23">775.8844</dst>
      <dst id="8">2727.1556</dst>
      <dst id="18">2543.7333</dst>
      <dst id="1">9736.3556</dst>
      <dst id="5">13296.8711</dst>
      <dst id="3">168.6667</dst>
      <dst id="22">14550.8889</dst>
      <dst id="7">9015.7422</dst>
      <dst id="2">73611.1822</dst>
      <dst id="6">361.5200</dst>
      <dst id="16">10748.6844</dst>
      <dst id="14">3046.8711</dst>
      <dst id="20">5977.0933</dst>
      <dst id="11">605.9556</dst>
      <dst id="9">11128.8444</dst>
      <dst id="17">87374.0533</dst>
      <dst id="21">9900.4533</dst>
      <dst id="15">3411.9022</dst>
    </src>
    <src id="19">
      <dst id="12">11090.6311</dst>
      <dst id="13">281.6267</dst>
      <dst id="8">0.8533</dst>
      <dst id="18">22.5600</dst>
      <dst id="4">25058.9778</dst>
      <dst id="1">44.6933</dst>
      <dst id="5">13.3422</dst>
      <dst id="3">5.3689</dst>
      <dst id="10">340.8178</dst>
      <dst id="22">1849.8133</dst>
      <dst id="7">7663.9822</dst>
      <dst id="2">1124.9511</dst>
      <dst id="16">21116.3556</dst>
      <dst id="14">4.2667</dst>
      <dst id="20">1.6711</dst>
      <dst id="11">12.1600</dst>
      <dst id="9">872.8800</dst>
      <dst id="17">13414.5244</dst>
      <dst id="21">1652.6667</dst>
      <dst id="15">1308.2311</dst>
    </src>
    <src id="23">
      <dst id="12">298.5067</dst>
      <dst id="13">141.1378</dst>
      <dst id="19">0.4711</dst>
      <dst id="8">108.9956</dst>
      <dst id="18">8011.1644</dst>
      <dst id="4">4398.4267</dst>
      <dst id="1">30.1600</dst>
      <dst id="10">108.1333</dst>
      <dst id="22">100.0533</dst>
      <dst id="7">30.2756</dst>
      <dst id="2">221.0222</dst>
      <dst id="16">2.2756</dst>
      <dst id="20">0.6933</dst>
      <dst id="11">0.3378</dst>
      <dst id="17">1428.5511</dst>
      <dst id="21">91.2533</dst>
    </src>
    <src id="8">
      <dst id="12">23708.6667</dst>
      <dst id="13">495.5556</dst>
      <dst id="19">3.5467</dst>
      <dst id="23">5.8311</dst>
      <dst id="18">28.4711</dst>
      <dst id="4">4155.3689</dst>
      <dst id="1">5176.3733</dst>
      <dst id="5">1514.9600</dst>
      <dst id="3">0.9778</dst>
      <dst id="10">835.7600</dst>
      <dst id="22">230.1067</dst>
      <dst id="7">362.1689</dst>
      <dst id="2">533.1911</dst>
      <dst id="6">2.6667</dst>
      <dst id="16">569.2089</dst>
      <dst id="20">207.4578</dst>
      <dst id="11">33.0667</dst>
      <dst id="9">190364.0178</dst>
      <dst id="17">423487.5289</dst>
      <dst id="21">776.6133</dst>
      <dst id="15">64.0711</dst>
    </src>
    <src id="18">
      <dst id="12">181194.0622</dst>
      <dst id="13">125.7600</dst>
      <dst id="19">84.7644</dst>
      <dst id="23">113.6178</dst>
      <dst id="8">6.7911</dst>
      <dst id="4">1888.4889</dst>
      <dst id="1">967.1200</dst>
      <dst id="5">249.9022</dst>
      <dst id="3">887.8133</dst>
      <dst id="10">359.5200</dst>
      <dst id="22">331.8133</dst>
      <dst id="7">81.5822</dst>
      <dst id="2">47307.9467</dst>
      <dst id="16">56.9067</dst>
      <dst id="14">1.4756</dst>
      <dst id="20">62.9244</dst>
      <dst id="11">21.0133</dst>
      <dst id="9">404.7556</dst>
      <dst id="17">18426.7289</dst>
      <dst id="21">663.3689</dst>
      <dst id="15">1.4044</dst>
    </src>
    <src id="4">
      <dst id="12">8529.9378</dst>
      <dst id="19">4028.7022</dst>
      <dst id="23">41.4756</dst>
      <dst id="8">157.4489</dst>
      <dst id="18">2664.7556</dst>
      <dst id="4">473.3333</dst>
      <dst id="1">34873.3600</dst>
      <dst id="5">1465.9822</dst>
      <dst id="3">4895.8844</dst>
      <dst id="22">2517.0489</dst>
      <dst id="7">68271.2089</dst>
      <dst id="2">39089.9556</dst>
      <dst id="6">33.4044</dst>
      <dst id="16">866.3911</dst>
      <dst id="14">884.9867</dst>
      <dst id="20">1103.0400</dst>
      <dst id="11">107.6800</dst>
      <dst id="9">2408.4356</dst>
      <dst id="17">30346.2933</dst>
      <dst id="21">8291.8133</dst>
      <dst id="15">201.9289</dst>
    </src>
    <src id="1">
      <dst id="12">9164.6222</dst>
      <dst id="13">1188.0533</dst>
      <dst id="19">130.9778</dst>
      <dst id="23">56.2400</dst>
      <dst id="8">19.6711</dst>
      <dst id="18">10740.6133</dst>
      <dst id="4">11612.3911</dst>
      <dst id="1">80671.2000</dst>
      <dst id="5">458.2400</dst>
      <dst id="3">834.0089</dst>
      <dst id="10">182.3644</dst>
      <dst id="22">14516.4000</dst>
      <dst id="7">2391.2622</dst>
      <dst id="2">3629.3600</dst>
      <dst id="6">2.8178</dst>
      <dst id="16">25711.5378</dst>
      <dst id="14">135.5289</dst>
      <dst id="20">5591.5733</dst>
      <dst id="11">707.0756</dst>
      <dst id="9">1647.3511</dst>
      <dst id="17">11728.9867</dst>
      <dst id="21">20459.9556</dst>
      <dst id="15">133.6444</dst>
    </src>
    <src id="5">
      <dst id="12">20336.7911</dst>
      <dst id="13">3188.8978</dst>
      <dst id="19">20.3289</dst>
      <dst id="8">5753.8222</dst>
      <dst id="18">581.5822</dst>
      <dst id="4">4313.6178</dst>
      <dst id="1">4692.7022</dst>
      <dst id="3">35.4844</dst>
      <dst id="10">175.5733</dst>
      <dst id="22">2983.3244</dst>
      <dst id="7">272.2578</dst>
      <dst id="2">1734.8711</dst>
      <dst id="6">13.5289</dst>
      <dst id="16">1177.8667</dst>
      <dst id="20">2830.8089</dst>
      <dst id="11">77.0756</dst>
      <dst id="9">71503.0222</dst>
      <dst id="17">380713.9911</dst>
      <dst id="21">121.3956</dst>
      <dst id="15">67.7867</dst>
    </src>
    <src id="3">
      <dst id="12">25645.7333</dst>
      <dst id="13">802.3289</dst>
      <dst id="19">5778.1778</dst>
      <dst id="23">1.4844</dst>
      <dst id="8">165.4489</dst>
      <dst id="18">172.7022</dst>
      <dst id="4">15348.3556</dst>
      <dst id="1">6215.1467</dst>
      <dst id="5">267.2178</dst>
      <dst id="3">24.5244</dst>
      <dst id="10">543.9822</dst>
      <dst id="22">1208.6844</dst>
      <dst id="7">1557.7333</dst>
      <dst id="2">6969.9822</dst>
      <dst id="16">2666.9867</dst>
      <dst id="14">59.1911</dst>
      <dst id="20">329.8400</dst>
      <dst id="11">956.4000</dst>
      <dst id="9">280.3378</dst>
      <dst id="17">49729.7956</dst>
      <dst id="21">13508.8000</dst>
      <dst id="15">46.9956</dst>
    </src>
    <src id="10">
      <dst id="12">189703.1022</dst>
      <dst id="19">2219.2622</dst>
      <dst id="23">94.8089</dst>
      <dst id="8">113913.6978</dst>
      <dst id="18">4465.7778</dst>
      <dst id="1">301.1111</dst>
      <dst id="5">210578.6667</dst>
      <dst id="3">10116.1156</dst>
      <dst id="22">2671.4756</dst>
      <dst id="7">7743.9022</dst>
      <dst id="2">13347.7156</dst>
      <dst id="6">11446.7467</dst>
      <dst id="16">366.6756</dst>
      <dst id="14">25888.1867</dst>
      <dst id="20">1190.8089</dst>
      <dst id="11">16013.6533</dst>
      <dst id="9">262774.5689</dst>
      <dst id="17">46604.3822</dst>
      <dst id="21">15907.7511</dst>
      <dst id="15">673.9022</dst>
    </src>
    <src id="22">
      <dst id="12">9577.0667</dst>
      <dst id="13">4468.1511</dst>
      <dst id="19">175.0311</dst>
      <dst id="23">489.4489</dst>
      <dst id="8">2483.7156</dst>
      <dst id="18">205.0933</dst>
      <dst id="4">16583.5911</dst>
      <dst id="1">430.1511</dst>
      <dst id="5">4557.5556</dst>
      <dst id="3">18.1333</dst>
      <dst id="10">1664.4889</dst>
      <dst id="7">1631.3422</dst>
      <dst id="2">5483.0933</dst>
      <dst id="6">2.2844</dst>
      <dst id="14">179.2711</dst>
      <dst id="11">110.9244</dst>
      <dst id="9">1786.0000</dst>
      <dst id="17">13728.3556</dst>
      <dst id="21">522.6400</dst>
    </src>
    <src id="7">
      <dst id="12">5401.6533</dst>
      <dst id="13">135.9467</dst>
      <dst id="19">5674.8089</dst>
      <dst id="23">15.8489</dst>
      <dst id="8">597.9822</dst>
      <dst id="18">194.9956</dst>
      <dst id="4">95418.2933</dst>
      <dst id="1">6647.3956</dst>
      <dst id="5">1584.6044</dst>
      <dst id="3">1084.3644</dst>
      <dst id="10">519.3511</dst>
      <dst id="22">3714.5422</dst>
      <dst id="7">858.7733</dst>
      <dst id="2">7725.7333</dst>
      <dst id="6">1507.7244</dst>
      <dst id="16">662.8000</dst>
      <dst id="14">925.4844</dst>
      <dst id="20">374.4089</dst>
      <dst id="11">19.4844</dst>
      <dst id="9">800.5956</dst>
      <dst id="17">9363.1022</dst>
      <dst id="21">4399.7156</dst>
      <dst id="15">125.2444</dst>
    </src>
    <src id="2">
      <dst id="12">84534.6756</dst>
      <dst id="13">21363.8933</dst>
      <dst id="19">1184.7289</dst>
      <dst id="23">1.4400</dst>
      <dst id="8">712.3733</dst>
      <dst id="18">51402.0356</dst>
      <dst id="4">105136.6667</dst>
      <dst id="1">12391.5556</dst>
      <dst id="5">1048.8356</dst>
      <dst id="3">37.7244</dst>
      <dst id="10">4244.5511</dst>
      <dst id="22">790.0267</dst>
      <dst id="7">3607.3600</dst>
      <dst id="2">1148.0889</dst>
      <dst id="6">9230.4178</dst>
      <dst id="16">2057.2000</dst>
      <dst id="14">182.9689</dst>
      <dst id="20">8825.1111</dst>
      <dst id="11">1763.8844</dst>
      <dst id="9">1172.1867</dst>
      <dst id="17">25077.0667</dst>
      <dst id="21">15032.4178</dst>
      <dst id="15">4.8178</dst>
    </src>
    <src id="6">
      <dst id="12">7498.7911</dst>
      <dst id="13">4.2044</dst>
      <dst id="19">2.1244</dst>
      <dst id="18">0.3911</dst>
      <dst id="4">1225.7867</dst>
      <dst id="1">286.0711</dst>
      <dst id="5">13.2622</dst>
      <dst id="10">2.2311</dst>
      <dst id="7">19.2000</dst>
      <dst id="2">2604.0178</dst>
      <dst id="16">0.5156</dst>
      <dst id="9">5.5467</dst>
      <dst id="17">12698.2667</dst>
      <dst id="21">46.4000</dst>
      <dst id="15">0.7111</dst>
    </src>
    <src id="16">
      <dst id="12">4954.2578</dst>
      <dst id="13">3892.6756</dst>
      <dst id="19">4078.0444</dst>
      <dst id="23">9.2533</dst>
      <dst id="8">4830.1156</dst>
      <dst id="18">997.3244</dst>
      <dst id="4">7291.7156</dst>
      <dst id="1">4677.4489</dst>
      <dst id="5">3236.2756</dst>
      <dst id="10">314.2756</dst>
      <dst id="7">52.0711</dst>
      <dst id="2">465.9911</dst>
      <dst id="6">1.8311</dst>
      <dst id="16">59.8933</dst>
      <dst id="14">2.0711</dst>
      <dst id="11">1.4133</dst>
      <dst id="9">4410.0444</dst>
      <dst id="17">3078.9689</dst>
      <dst id="21">257.9022</dst>
    </src>
    <src id="14">
      <dst id="12">2944.7022</dst>
      <dst id="13">18.7378</dst>
      <dst id="19">4.1956</dst>
      <dst id="8">0.6400</dst>
      <dst id="4">1208.0444</dst>
      <dst id="1">593.0844</dst>
      <dst id="5">0.9156</dst>
      <dst id="3">366.4089</dst>
      <dst id="10">113.9289</dst>
      <dst id="22">30.2222</dst>
      <dst id="7">28.4267</dst>
      <dst id="2">3680.9956</dst>
      <dst id="11">3.8756</dst>
      <dst id="17">31164.4267</dst>
      <dst id="21">78.8178</dst>
    </src>
    <src id="20">
      <dst id="12">6743.8578</dst>
      <dst id="13">3788.3111</dst>
      <dst id="19">14.4178</dst>
      <dst id="23">0.3733</dst>
      <dst id="8">346.9511</dst>
      <dst id="18">4.6222</dst>
      <dst id="4">8746.1867</dst>
      <dst id="1">287.3156</dst>
      <dst id="5">1415.8844</dst>
      <dst id="3">1160.4622</dst>
      <dst id="10">89.3422</dst>
      <dst id="7">136.7289</dst>
      <dst id="2">1801.0578</dst>
      <dst id="14">0.4889</dst>
      <dst id="11">3.5911</dst>
      <dst id="9">1977.1289</dst>
      <dst id="17">3072.7733</dst>
      <dst id="21">12263.3689</dst>
    </src>
    <src id="11">
      <dst id="12">36522.9689</dst>
      <dst id="13">1453.3244</dst>
      <dst id="19">501.3156</dst>
      <dst id="23">1068.5156</dst>
      <dst id="8">2873.9733</dst>
      <dst id="18">359.3867</dst>
      <dst id="4">5764.8000</dst>
      <dst id="1">955.3689</dst>
      <dst id="5">793.7956</dst>
      <dst id="3">24.8178</dst>
      <dst id="10">2348.0622</dst>
      <dst id="22">1442.6222</dst>
      <dst id="7">488.7733</dst>
      <dst id="2">119676.9956</dst>
      <dst id="6">26.6667</dst>
      <dst id="16">283.0400</dst>
      <dst id="14">72.1956</dst>
      <dst id="20">1202.0622</dst>
      <dst id="11">1286.9333</dst>
      <dst id="9">1461.5911</dst>
      <dst id="17">805827.3422</dst>
      <dst id="21">2414.1156</dst>
      <dst id="15">293.2533</dst>
    </src>
    <src id="9">
      <dst id="12">43213.3778</dst>
      <dst id="13">5546.1778</dst>
      <dst id="19">146.1333</dst>
      <dst id="23">29.6889</dst>
      <dst id="8">129465.3600</dst>
      <dst id="18">172.7200</dst>
      <dst id="4">7044.7467</dst>
      <dst id="1">7015.0133</dst>
      <dst id="5">3616.0000</dst>
      <dst id="3">7.9467</dst>
      <dst id="10">1547.4133</dst>
      <dst id="22">5707.1911</dst>
      <dst id="7">82.5511</dst>
      <dst id="2">954.1511</dst>
      <dst id="6">1.8667</dst>
      <dst id="16">523.6889</dst>
      <dst id="14">6.1067</dst>
      <dst id="20">4437.2267</dst>
      <dst id="11">16.3467</dst>
      <dst id="9">460910.7911</dst>
      <dst id="17">542627.1822</dst>
      <dst id="21">178.7289</dst>
      <dst id="15">5450.3289</dst>
    </src>
    <src id="17">
      <dst id="12">156250.7644</dst>
      <dst id="13">8439.1378</dst>
      <dst id="19">16548.0000</dst>
      <dst id="23">7.2178</dst>
      <dst id="8">91.9200</dst>
      <dst id="18">241.5467</dst>
      <dst id="4">39240.3644</dst>
      <dst id="1">14826.0356</dst>
      <dst id="5">189523.4578</dst>
      <dst id="3">2642.6756</dst>
      <dst id="10">2429.0844</dst>
      <dst id="22">2358.2311</dst>
      <dst id="7">9525.4756</dst>
      <dst id="2">9948.4000</dst>
      <dst id="6">97.3867</dst>
      <dst id="16">5457.6978</dst>
      <dst id="14">12105.4400</dst>
      <dst id="20">2626.6844</dst>
      <dst id="11">19552.3467</dst>
      <dst id="9">3242.8089</dst>
      <dst id="17">28339.4933</dst>
      <dst id="21">15232.8267</dst>
      <dst id="15">185.1733</dst>
    </src>
    <src id="21">
      <dst id="12">6128.7289</dst>
      <dst id="13">422.4622</dst>
      <dst id="19">107.7778</dst>
      <dst id="23">111.4667</dst>
      <dst id="8">45.1644</dst>
      <dst id="18">823.7867</dst>
      <dst id="4">13915.4222</dst>
      <dst id="1">1058.1511</dst>
      <dst id="5">428.2667</dst>
      <dst id="3">13328.5956</dst>
      <dst id="10">1653.5378</dst>
      <dst id="22">1795.1822</dst>
      <dst id="7">2927.6533</dst>
      <dst id="2">5327.1644</dst>
      <dst id="6">15.4400</dst>
      <dst id="16">374.4267</dst>
      <dst id="14">75.2978</dst>
      <dst id="20">2222.5333</dst>
      <dst id="11">115.0844</dst>
      <dst id="9">588.0267</dst>
      <dst id="17">27666.4267</dst>
      <dst id="21">3183.9556</dst>
      <dst id="15">316.6667</dst>
    </src>
    <src id="15">
      <dst id="12">13883.5467</dst>
      <dst id="13">10729.2178</dst>
      <dst id="19">23.8578</dst>
      <dst id="23">0.4267</dst>
      <dst id="8">146.1156</dst>
      <dst id="18">9.9022</dst>
      <dst id="4">866.0000</dst>
      <dst id="1">133.9644</dst>
      <dst id="5">363.8222</dst>
      <dst id="3">1.5911</dst>
      <dst id="10">1008.3378</dst>
      <dst id="7">19.1644</dst>
      <dst id="2">34.0356</dst>
      <dst id="6">41.0400</dst>
      <dst id="14">0.4267</dst>
      <dst id="11">3.7156</dst>
      <dst id="9">5214.7556</dst>
      <dst id="17">1386.8622</dst>
      <dst id="21">85.0756</dst>
    </src>
  </IntraTM>
</TrafficMatrixFile>
