<?xml version="1.0" encoding="UTF-8" standalone="yes"?>
<TrafficMatrixFile xmlns:xsi="http://www.w3.org/2001/XMLSchema-instance" xsi:noNamespaceSchemaLocation="http://totem.run.montefiore.ulg.ac.be/Schema/TrafficMatrix-v1_2.xsd">
  <info>
    <title>Intradomain traffic matrix generated by geant-TM-all.pl</title>
    <date>2005-01-14T15:00:00</date>
    <duration>900</duration>
    <author>Steve Uhlig</author>
    <units>
        <unit type="bandwidth" value="kbps"/>
    </units>
  </info>
  <IntraTM ASID="20965">
    <src id="12">
      <dst id="12">267439.7867</dst>
      <dst id="13">13770.5778</dst>
      <dst id="19">2340.9689</dst>
      <dst id="23">39.3689</dst>
      <dst id="8">315.5289</dst>
      <dst id="18">848.6756</dst>
      <dst id="4">74626.1689</dst>
      <dst id="1">8372.3822</dst>
      <dst id="5">1948.7644</dst>
      <dst id="3">1413.4844</dst>
      <dst id="22">10572.6578</dst>
      <dst id="7">9478.0889</dst>
      <dst id="2">47449.6178</dst>
      <dst id="16">3548.7378</dst>
      <dst id="14">550.0178</dst>
      <dst id="20">5262.4622</dst>
      <dst id="11">3129.7422</dst>
      <dst id="9">10187.5289</dst>
      <dst id="17">86877.5644</dst>
      <dst id="21">8935.4311</dst>
      <dst id="15">274.3378</dst>
    </src>
    <src id="13">
      <dst id="12">29815.0489</dst>
      <dst id="19">5825.1644</dst>
      <dst id="23">34.8267</dst>
      <dst id="8">536.5778</dst>
      <dst id="18">5338.4356</dst>
      <dst id="1">1848.1511</dst>
      <dst id="5">7567.8044</dst>
      <dst id="3">7235.0489</dst>
      <dst id="22">12655.1822</dst>
      <dst id="7">18739.3156</dst>
      <dst id="2">51680.0267</dst>
      <dst id="16">4160.2311</dst>
      <dst id="14">2162.5511</dst>
      <dst id="20">10439.1022</dst>
      <dst id="11">6149.2711</dst>
      <dst id="9">16958.0622</dst>
      <dst id="17">36493.7778</dst>
      <dst id="21">14638.2489</dst>
      <dst id="15">1788.3289</dst>
    </src>
    <src id="19">
      <dst id="12">16921.0667</dst>
      <dst id="13">185.0667</dst>
      <dst id="23">0.4622</dst>
      <dst id="8">3.5289</dst>
      <dst id="18">0.3556</dst>
      <dst id="4">50365.4311</dst>
      <dst id="1">470.0622</dst>
      <dst id="5">220.6222</dst>
      <dst id="3">71.6089</dst>
      <dst id="22">1509.0578</dst>
      <dst id="7">2220.8267</dst>
      <dst id="2">2950.6489</dst>
      <dst id="16">4940.8356</dst>
      <dst id="14">12.9778</dst>
      <dst id="20">0.4622</dst>
      <dst id="11">86.3644</dst>
      <dst id="9">3041.2622</dst>
      <dst id="17">2366.0889</dst>
      <dst id="21">276.1778</dst>
      <dst id="15">1.2622</dst>
    </src>
    <src id="23">
      <dst id="12">527.0844</dst>
      <dst id="13">5.7600</dst>
      <dst id="19">25.5822</dst>
      <dst id="8">13.7600</dst>
      <dst id="18">0.8978</dst>
      <dst id="4">7.4667</dst>
      <dst id="1">4.6222</dst>
      <dst id="5">1789.2178</dst>
      <dst id="3">0.9600</dst>
      <dst id="22">75.0756</dst>
      <dst id="7">174.7022</dst>
      <dst id="2">27.1289</dst>
      <dst id="16">5705.9467</dst>
      <dst id="20">320.0000</dst>
      <dst id="11">14.0800</dst>
      <dst id="9">1002.0622</dst>
      <dst id="17">280.7467</dst>
      <dst id="21">280.2133</dst>
    </src>
    <src id="8">
      <dst id="12">247643.3600</dst>
      <dst id="13">386.3289</dst>
      <dst id="19">40.8444</dst>
      <dst id="18">8.0089</dst>
      <dst id="4">4492.2756</dst>
      <dst id="1">553.3244</dst>
      <dst id="5">1361.0933</dst>
      <dst id="22">1588.7111</dst>
      <dst id="7">45.2622</dst>
      <dst id="2">365.4933</dst>
      <dst id="16">212.5600</dst>
      <dst id="14">0.3556</dst>
      <dst id="20">293.8400</dst>
      <dst id="11">164.2756</dst>
      <dst id="9">94909.2978</dst>
      <dst id="17">104882.9867</dst>
      <dst id="21">243.5822</dst>
      <dst id="15">288.6578</dst>
    </src>
    <src id="18">
      <dst id="12">114098.8089</dst>
      <dst id="13">202.2044</dst>
      <dst id="19">3.1733</dst>
      <dst id="8">41.4933</dst>
      <dst id="4">1786.3022</dst>
      <dst id="1">844.3911</dst>
      <dst id="5">523.5289</dst>
      <dst id="3">309.6444</dst>
      <dst id="22">479.9378</dst>
      <dst id="7">28.6756</dst>
      <dst id="2">38238.0000</dst>
      <dst id="16">98.6578</dst>
      <dst id="14">9.5644</dst>
      <dst id="20">1.8400</dst>
      <dst id="11">16.5511</dst>
      <dst id="9">258.4089</dst>
      <dst id="17">52382.2844</dst>
      <dst id="21">351.0133</dst>
      <dst id="15">72.7733</dst>
    </src>
    <src id="4">
      <dst id="12">8735.8400</dst>
      <dst id="19">34356.9244</dst>
      <dst id="23">1.3600</dst>
      <dst id="8">276.5956</dst>
      <dst id="18">561.1556</dst>
      <dst id="4">0.9600</dst>
      <dst id="1">28095.0222</dst>
      <dst id="5">597.2178</dst>
      <dst id="3">599.9556</dst>
      <dst id="22">4093.1200</dst>
      <dst id="7">50599.2444</dst>
      <dst id="2">43640.3822</dst>
      <dst id="16">995.7422</dst>
      <dst id="14">1847.8489</dst>
      <dst id="20">1013.6089</dst>
      <dst id="11">934.6133</dst>
      <dst id="9">1612.1333</dst>
      <dst id="17">47731.6533</dst>
      <dst id="21">2559.6178</dst>
      <dst id="15">596.7200</dst>
    </src>
    <src id="1">
      <dst id="12">39632.6311</dst>
      <dst id="13">7018.3467</dst>
      <dst id="19">8.7467</dst>
      <dst id="23">60.5956</dst>
      <dst id="8">70091.1289</dst>
      <dst id="18">11852.6578</dst>
      <dst id="4">12834.0533</dst>
      <dst id="1">73313.2711</dst>
      <dst id="5">165711.4578</dst>
      <dst id="3">64.6311</dst>
      <dst id="22">10012.8089</dst>
      <dst id="7">19682.6311</dst>
      <dst id="2">45391.3244</dst>
      <dst id="16">8572.8000</dst>
      <dst id="14">28.8978</dst>
      <dst id="20">81.1200</dst>
      <dst id="11">1178.9600</dst>
      <dst id="9">198459.1644</dst>
      <dst id="17">3653.7689</dst>
      <dst id="21">11681.7867</dst>
      <dst id="15">229.3244</dst>
    </src>
    <src id="5">
      <dst id="12">230499.6089</dst>
      <dst id="13">1323.1289</dst>
      <dst id="19">2259.2889</dst>
      <dst id="23">18.6133</dst>
      <dst id="8">905.2889</dst>
      <dst id="18">258.3822</dst>
      <dst id="4">7247.4311</dst>
      <dst id="1">570.3467</dst>
      <dst id="3">0.9422</dst>
      <dst id="22">2222.5244</dst>
      <dst id="7">149.8578</dst>
      <dst id="2">557.6711</dst>
      <dst id="16">555.3600</dst>
      <dst id="14">11.3778</dst>
      <dst id="20">168.6400</dst>
      <dst id="11">569.1022</dst>
      <dst id="9">116109.2267</dst>
      <dst id="17">114240.3111</dst>
      <dst id="21">188.0267</dst>
      <dst id="15">169.1644</dst>
    </src>
    <src id="3">
      <dst id="12">35682.6489</dst>
      <dst id="13">6401.1378</dst>
      <dst id="19">910.9511</dst>
      <dst id="23">3.9644</dst>
      <dst id="8">136.4800</dst>
      <dst id="18">54443.4756</dst>
      <dst id="4">47552.1600</dst>
      <dst id="1">3343.1111</dst>
      <dst id="5">250.1244</dst>
      <dst id="3">10699.6000</dst>
      <dst id="22">6329.9378</dst>
      <dst id="7">25439.3689</dst>
      <dst id="2">19203.6889</dst>
      <dst id="16">2293.8667</dst>
      <dst id="14">37672.6844</dst>
      <dst id="20">840.7200</dst>
      <dst id="11">127224.3378</dst>
      <dst id="9">463.8756</dst>
      <dst id="17">23595.9022</dst>
      <dst id="21">20052.7200</dst>
      <dst id="15">71.0756</dst>
    </src>
    <src id="10">
      <dst id="12">8895.2000</dst>
      <dst id="19">3793.3778</dst>
      <dst id="8">2085.6711</dst>
      <dst id="18">142.7733</dst>
      <dst id="1">405.4756</dst>
      <dst id="5">644.1156</dst>
      <dst id="3">5595.6978</dst>
      <dst id="22">2619.3689</dst>
      <dst id="7">35200.1333</dst>
      <dst id="2">43484.1600</dst>
      <dst id="16">867.5200</dst>
      <dst id="14">6669.9733</dst>
      <dst id="20">504.5067</dst>
      <dst id="11">519.7778</dst>
      <dst id="9">3363.0044</dst>
      <dst id="17">11838.3378</dst>
      <dst id="21">8817.4400</dst>
      <dst id="15">164.3022</dst>
    </src>
    <src id="22">
      <dst id="12">4306.3911</dst>
      <dst id="13">2804.8889</dst>
      <dst id="19">1299.0756</dst>
      <dst id="23">1.0667</dst>
      <dst id="8">325.9378</dst>
      <dst id="18">392.4889</dst>
      <dst id="4">12076.8622</dst>
      <dst id="1">388.5511</dst>
      <dst id="5">3663.8667</dst>
      <dst id="3">426.7378</dst>
      <dst id="7">497.5111</dst>
      <dst id="2">1195.8667</dst>
      <dst id="14">68.5156</dst>
      <dst id="11">2740.3733</dst>
      <dst id="9">3663.6889</dst>
      <dst id="17">16353.3422</dst>
      <dst id="21">1035.4311</dst>
    </src>
    <src id="7">
      <dst id="12">2959.5022</dst>
      <dst id="13">189.6800</dst>
      <dst id="19">282.3556</dst>
      <dst id="23">62.2222</dst>
      <dst id="8">120.0711</dst>
      <dst id="18">321.0844</dst>
      <dst id="4">13121.3778</dst>
      <dst id="1">14519.5822</dst>
      <dst id="5">1239.7867</dst>
      <dst id="3">140.3200</dst>
      <dst id="22">4919.5644</dst>
      <dst id="7">794.8444</dst>
      <dst id="2">27339.7956</dst>
      <dst id="16">442.3289</dst>
      <dst id="14">131.4578</dst>
      <dst id="20">446.8267</dst>
      <dst id="11">762.8444</dst>
      <dst id="9">1675.5200</dst>
      <dst id="17">4894.0622</dst>
      <dst id="21">1509.2533</dst>
      <dst id="15">1040.1244</dst>
    </src>
    <src id="2">
      <dst id="12">110560.9244</dst>
      <dst id="13">5322.4533</dst>
      <dst id="19">3171.0044</dst>
      <dst id="23">0.6489</dst>
      <dst id="8">317.9822</dst>
      <dst id="18">53817.1911</dst>
      <dst id="4">90401.4489</dst>
      <dst id="1">40507.5822</dst>
      <dst id="5">1099.1467</dst>
      <dst id="3">178.3022</dst>
      <dst id="22">7257.8311</dst>
      <dst id="7">16779.5289</dst>
      <dst id="2">1143.5911</dst>
      <dst id="16">102.3556</dst>
      <dst id="14">5339.6800</dst>
      <dst id="20">483.8667</dst>
      <dst id="11">1904.3200</dst>
      <dst id="9">2645.9200</dst>
      <dst id="17">4733.3689</dst>
      <dst id="21">17365.5911</dst>
      <dst id="15">1448.9067</dst>
    </src>
    <src id="6">
      <dst id="12">1621.6444</dst>
      <dst id="13">3.6622</dst>
      <dst id="19">1.4933</dst>
      <dst id="4">61.7244</dst>
      <dst id="1">1.8133</dst>
      <dst id="5">5.6889</dst>
      <dst id="3">1.2889</dst>
      <dst id="22">35.8222</dst>
      <dst id="7">0.9244</dst>
      <dst id="2">974.0444</dst>
      <dst id="16">0.7111</dst>
      <dst id="14">0.7022</dst>
      <dst id="11">48.2400</dst>
      <dst id="9">0.9422</dst>
      <dst id="17">930.7467</dst>
      <dst id="21">0.6222</dst>
      <dst id="15">0.3378</dst>
    </src>
    <src id="16">
      <dst id="12">1508.6933</dst>
      <dst id="13">1166.3111</dst>
      <dst id="19">2303.7422</dst>
      <dst id="23">188.5956</dst>
      <dst id="8">4178.7467</dst>
      <dst id="18">2414.4978</dst>
      <dst id="4">4917.2533</dst>
      <dst id="1">6400.2400</dst>
      <dst id="5">4103.9378</dst>
      <dst id="3">12.5511</dst>
      <dst id="7">1713.5378</dst>
      <dst id="2">61.3156</dst>
      <dst id="16">25.9556</dst>
      <dst id="14">184.7822</dst>
      <dst id="11">15.1289</dst>
      <dst id="9">7099.1378</dst>
      <dst id="17">3237.5111</dst>
      <dst id="21">184.4533</dst>
    </src>
    <src id="14">
      <dst id="12">18120.7200</dst>
      <dst id="13">45.1644</dst>
      <dst id="19">1.2089</dst>
      <dst id="18">0.7644</dst>
      <dst id="4">1607.3333</dst>
      <dst id="1">56.0089</dst>
      <dst id="5">0.3556</dst>
      <dst id="3">79.7778</dst>
      <dst id="22">35.5289</dst>
      <dst id="7">102.5600</dst>
      <dst id="2">4245.7333</dst>
      <dst id="20">2.4000</dst>
      <dst id="11">46.0622</dst>
      <dst id="9">20.5778</dst>
      <dst id="17">11097.8933</dst>
      <dst id="21">105.5022</dst>
      <dst id="15">1.7067</dst>
    </src>
    <src id="20">
      <dst id="12">3706.8444</dst>
      <dst id="13">2513.4756</dst>
      <dst id="19">1.1111</dst>
      <dst id="23">8.9956</dst>
      <dst id="8">146.1422</dst>
      <dst id="18">27.9022</dst>
      <dst id="4">9066.8533</dst>
      <dst id="1">78.6489</dst>
      <dst id="5">448.5956</dst>
      <dst id="3">992.9156</dst>
      <dst id="7">1833.9111</dst>
      <dst id="2">73.4400</dst>
      <dst id="14">6.1333</dst>
      <dst id="11">277.4578</dst>
      <dst id="9">1612.7289</dst>
      <dst id="17">345.8133</dst>
      <dst id="21">284.0533</dst>
    </src>
    <src id="11">
      <dst id="12">433718.9244</dst>
      <dst id="13">2793.1822</dst>
      <dst id="19">624.7556</dst>
      <dst id="23">1.2444</dst>
      <dst id="8">1009.0400</dst>
      <dst id="18">296.8178</dst>
      <dst id="4">7955.8756</dst>
      <dst id="1">541.4044</dst>
      <dst id="5">1325.6889</dst>
      <dst id="3">780.8089</dst>
      <dst id="22">3215.6711</dst>
      <dst id="7">258.2578</dst>
      <dst id="2">93577.4489</dst>
      <dst id="16">149.3244</dst>
      <dst id="14">74.7289</dst>
      <dst id="20">319.7778</dst>
      <dst id="11">580.5600</dst>
      <dst id="9">935.0311</dst>
      <dst id="17">201487.2178</dst>
      <dst id="21">571.8844</dst>
      <dst id="15">42.3289</dst>
    </src>
    <src id="9">
      <dst id="12">421001.7778</dst>
      <dst id="13">1007.0222</dst>
      <dst id="19">485.1644</dst>
      <dst id="23">32.4267</dst>
      <dst id="8">81520.9511</dst>
      <dst id="18">211.6000</dst>
      <dst id="4">8486.2311</dst>
      <dst id="1">667.7067</dst>
      <dst id="5">1011.3422</dst>
      <dst id="3">921.2622</dst>
      <dst id="22">1123.6089</dst>
      <dst id="7">1099.2889</dst>
      <dst id="2">662.4533</dst>
      <dst id="16">2520.5689</dst>
      <dst id="14">39.0578</dst>
      <dst id="20">2835.1111</dst>
      <dst id="11">1353.5378</dst>
      <dst id="9">320703.7244</dst>
      <dst id="17">200201.1111</dst>
      <dst id="21">1234.8889</dst>
      <dst id="15">1101.6533</dst>
    </src>
    <src id="17">
      <dst id="12">16913.1911</dst>
      <dst id="13">15463.9022</dst>
      <dst id="19">6251.0311</dst>
      <dst id="23">67.4044</dst>
      <dst id="8">102.6044</dst>
      <dst id="18">102.2756</dst>
      <dst id="4">50048.7111</dst>
      <dst id="1">1746.0267</dst>
      <dst id="5">157077.5378</dst>
      <dst id="3">12655.8400</dst>
      <dst id="22">5208.3022</dst>
      <dst id="7">18086.1867</dst>
      <dst id="2">9999.8400</dst>
      <dst id="16">12057.6267</dst>
      <dst id="14">34690.8711</dst>
      <dst id="20">647.8400</dst>
      <dst id="11">128204.3111</dst>
      <dst id="9">1711.4578</dst>
      <dst id="17">539.6978</dst>
      <dst id="21">5064.0622</dst>
      <dst id="15">42.7378</dst>
    </src>
    <src id="21">
      <dst id="12">25251.5022</dst>
      <dst id="13">1716.5156</dst>
      <dst id="19">214.1333</dst>
      <dst id="23">62.0000</dst>
      <dst id="8">83.0756</dst>
      <dst id="18">184.2133</dst>
      <dst id="4">11317.6711</dst>
      <dst id="1">1176.3556</dst>
      <dst id="5">155.3511</dst>
      <dst id="3">3696.6667</dst>
      <dst id="22">555.9378</dst>
      <dst id="7">768.1778</dst>
      <dst id="2">9881.2622</dst>
      <dst id="16">169.5022</dst>
      <dst id="14">150.8889</dst>
      <dst id="20">55.2978</dst>
      <dst id="11">327.5111</dst>
      <dst id="9">1687.8756</dst>
      <dst id="17">5897.2800</dst>
      <dst id="21">622.6133</dst>
      <dst id="15">1294.9956</dst>
    </src>
    <src id="15">
      <dst id="12">225.7156</dst>
      <dst id="13">271.5644</dst>
      <dst id="19">40.0000</dst>
      <dst id="23">1.5644</dst>
      <dst id="8">21.5378</dst>
      <dst id="18">123.0933</dst>
      <dst id="4">1308.8889</dst>
      <dst id="1">124.1067</dst>
      <dst id="5">72.3467</dst>
      <dst id="3">0.3556</dst>
      <dst id="7">2677.6622</dst>
      <dst id="2">241.0222</dst>
      <dst id="14">2.0444</dst>
      <dst id="11">387.7689</dst>
      <dst id="9">433.8222</dst>
      <dst id="17">179.3956</dst>
      <dst id="21">1457.0667</dst>
    </src>
  </IntraTM>
</TrafficMatrixFile>
