<?xml version="1.0" encoding="UTF-8" standalone="yes"?>
<TrafficMatrixFile xmlns:xsi="http://www.w3.org/2001/XMLSchema-instance" xsi:noNamespaceSchemaLocation="http://totem.run.montefiore.ulg.ac.be/Schema/TrafficMatrix-v1_2.xsd">
  <info>
    <title>Intradomain traffic matrix generated by geant-TM-all.pl</title>
    <date>2005-04-09T13:15:00</date>
    <duration>900</duration>
    <author>Steve Uhlig</author>
    <units>
        <unit type="bandwidth" value="kbps"/>
    </units>
  </info>
  <IntraTM ASID="20965">
    <src id="12">
      <dst id="12">284646.2933</dst>
      <dst id="13">14519.8667</dst>
      <dst id="19">4654.0089</dst>
      <dst id="23">946.2933</dst>
      <dst id="8">303.2267</dst>
      <dst id="18">48941.8133</dst>
      <dst id="4">5688.0800</dst>
      <dst id="1">28699.7956</dst>
      <dst id="5">1468.3378</dst>
      <dst id="3">243.8933</dst>
      <dst id="10">2867.0844</dst>
      <dst id="22">2464.2133</dst>
      <dst id="7">5124.9867</dst>
      <dst id="2">17934.3911</dst>
      <dst id="16">4696.0622</dst>
      <dst id="14">187.9644</dst>
      <dst id="20">1141.8400</dst>
      <dst id="11">148.2756</dst>
      <dst id="9">2428.9333</dst>
      <dst id="17">28943.6089</dst>
      <dst id="21">402.6667</dst>
      <dst id="15">130.5422</dst>
    </src>
    <src id="13">
      <dst id="12">4144.8889</dst>
      <dst id="13">4286.1156</dst>
      <dst id="19">2609.9378</dst>
      <dst id="23">102.6044</dst>
      <dst id="8">228.0444</dst>
      <dst id="18">1452.8800</dst>
      <dst id="4">1.2089</dst>
      <dst id="1">36358.2311</dst>
      <dst id="5">1702.6400</dst>
      <dst id="3">12.0000</dst>
      <dst id="22">3140.2756</dst>
      <dst id="7">743.4311</dst>
      <dst id="2">11598.7111</dst>
      <dst id="16">182.2844</dst>
      <dst id="14">179.6444</dst>
      <dst id="20">1419.6444</dst>
      <dst id="11">263.2533</dst>
      <dst id="9">701.3511</dst>
      <dst id="17">8978.5244</dst>
      <dst id="21">222.8000</dst>
      <dst id="15">20.4267</dst>
    </src>
    <src id="19">
      <dst id="12">29789.8400</dst>
      <dst id="13">745.0667</dst>
      <dst id="23">17.5644</dst>
      <dst id="8">0.7822</dst>
      <dst id="18">53.6889</dst>
      <dst id="4">1397.4044</dst>
      <dst id="1">20697.3956</dst>
      <dst id="5">11.6267</dst>
      <dst id="3">1.4933</dst>
      <dst id="10">27.7422</dst>
      <dst id="22">1765.3778</dst>
      <dst id="7">369.0400</dst>
      <dst id="2">54.8800</dst>
      <dst id="16">44.3733</dst>
      <dst id="14">10.0800</dst>
      <dst id="20">6.4000</dst>
      <dst id="11">0.4622</dst>
      <dst id="9">45.3067</dst>
      <dst id="17">361.3244</dst>
      <dst id="21">796.5867</dst>
    </src>
    <src id="23">
      <dst id="12">3809.6978</dst>
      <dst id="13">314.0444</dst>
      <dst id="19">874.3467</dst>
      <dst id="18">15.3244</dst>
      <dst id="4">934.0267</dst>
      <dst id="1">136.9244</dst>
      <dst id="5">13.3333</dst>
      <dst id="3">26.6667</dst>
      <dst id="10">26.8444</dst>
      <dst id="22">189.9022</dst>
      <dst id="7">793.1289</dst>
      <dst id="2">615.2089</dst>
      <dst id="14">14.9956</dst>
      <dst id="11">21.8489</dst>
      <dst id="9">1.0311</dst>
      <dst id="17">1864.8978</dst>
      <dst id="21">857.5644</dst>
    </src>
    <src id="8">
      <dst id="12">6560.8622</dst>
      <dst id="13">273.7689</dst>
      <dst id="19">12.9156</dst>
      <dst id="4">61.4844</dst>
      <dst id="1">2870.0089</dst>
      <dst id="5">31.0400</dst>
      <dst id="3">462.9511</dst>
      <dst id="10">96.0267</dst>
      <dst id="22">82.5422</dst>
      <dst id="2">13.6444</dst>
      <dst id="16">201539.9467</dst>
      <dst id="11">0.5689</dst>
      <dst id="9">42262.1511</dst>
      <dst id="17">20943.0222</dst>
      <dst id="21">474.8800</dst>
      <dst id="15">27.2356</dst>
    </src>
    <src id="18">
      <dst id="12">132932.3022</dst>
      <dst id="13">153.6889</dst>
      <dst id="19">1.4044</dst>
      <dst id="23">0.4622</dst>
      <dst id="8">1.4400</dst>
      <dst id="4">130.8267</dst>
      <dst id="1">883.1022</dst>
      <dst id="5">399.9289</dst>
      <dst id="3">1158.9867</dst>
      <dst id="10">20.4089</dst>
      <dst id="22">25.3778</dst>
      <dst id="7">33.8133</dst>
      <dst id="2">10418.9956</dst>
      <dst id="16">245.9644</dst>
      <dst id="20">919.8311</dst>
      <dst id="11">13.1556</dst>
      <dst id="9">224.9067</dst>
      <dst id="17">4012.2756</dst>
      <dst id="21">104.8533</dst>
      <dst id="15">29.2178</dst>
    </src>
    <src id="4">
      <dst id="12">18804.0978</dst>
      <dst id="13">59.4578</dst>
      <dst id="19">2142.9956</dst>
      <dst id="23">239.5467</dst>
      <dst id="8">1476.9067</dst>
      <dst id="18">1242.6578</dst>
      <dst id="4">526.4000</dst>
      <dst id="1">114392.7200</dst>
      <dst id="5">3414.9689</dst>
      <dst id="3">2.4178</dst>
      <dst id="22">1508.1956</dst>
      <dst id="7">2.1778</dst>
      <dst id="2">262590.3467</dst>
      <dst id="16">110386.7644</dst>
      <dst id="14">2175.0667</dst>
      <dst id="11">271.6889</dst>
      <dst id="9">25135.7244</dst>
      <dst id="17">110514.4978</dst>
      <dst id="21">7024.0089</dst>
      <dst id="15">1391.5289</dst>
    </src>
    <src id="1">
      <dst id="12">473057.0756</dst>
      <dst id="13">24025.3689</dst>
      <dst id="19">4193.1200</dst>
      <dst id="23">117.5022</dst>
      <dst id="8">381.4133</dst>
      <dst id="18">14509.9733</dst>
      <dst id="4">580.2756</dst>
      <dst id="1">1158985.9822</dst>
      <dst id="5">87.0311</dst>
      <dst id="3">149.5644</dst>
      <dst id="10">516.9067</dst>
      <dst id="22">28.0533</dst>
      <dst id="7">13288.6667</dst>
      <dst id="2">8248.9511</dst>
      <dst id="16">453744.1244</dst>
      <dst id="14">20.6133</dst>
      <dst id="20">241.2356</dst>
      <dst id="11">129.6000</dst>
      <dst id="9">7510.6222</dst>
      <dst id="17">21042.4178</dst>
      <dst id="21">4057.8578</dst>
      <dst id="15">84.4622</dst>
    </src>
    <src id="5">
      <dst id="12">9220.0178</dst>
      <dst id="13">7666.9333</dst>
      <dst id="19">14.7200</dst>
      <dst id="23">1.8489</dst>
      <dst id="8">62.0356</dst>
      <dst id="18">166.9778</dst>
      <dst id="4">101.1111</dst>
      <dst id="1">2029.4133</dst>
      <dst id="3">402.5600</dst>
      <dst id="10">34.3911</dst>
      <dst id="22">145.4489</dst>
      <dst id="2">351.3867</dst>
      <dst id="16">255860.1956</dst>
      <dst id="14">28.2844</dst>
      <dst id="9">38690.4089</dst>
      <dst id="17">21545.8933</dst>
      <dst id="21">162.0356</dst>
      <dst id="15">118.4800</dst>
    </src>
    <src id="3">
      <dst id="12">11359.1556</dst>
      <dst id="13">38439.0756</dst>
      <dst id="19">594.3289</dst>
      <dst id="23">8.1244</dst>
      <dst id="8">285.3956</dst>
      <dst id="18">4318.0267</dst>
      <dst id="4">459.8578</dst>
      <dst id="1">22921.1556</dst>
      <dst id="5">50.7022</dst>
      <dst id="3">69.4933</dst>
      <dst id="10">322.3111</dst>
      <dst id="22">17.3778</dst>
      <dst id="7">448.7556</dst>
      <dst id="2">3916.2222</dst>
      <dst id="16">4024.6400</dst>
      <dst id="14">191.7422</dst>
      <dst id="20">206.7467</dst>
      <dst id="11">1066.3111</dst>
      <dst id="9">221.7867</dst>
      <dst id="17">19894.5422</dst>
      <dst id="21">459.5289</dst>
      <dst id="15">5.1556</dst>
    </src>
    <src id="10">
      <dst id="12">8527.9022</dst>
      <dst id="13">18.2844</dst>
      <dst id="19">2670.4356</dst>
      <dst id="23">620.8000</dst>
      <dst id="8">205.7333</dst>
      <dst id="18">4521.1911</dst>
      <dst id="1">5612.9511</dst>
      <dst id="5">351.0133</dst>
      <dst id="3">471.8222</dst>
      <dst id="22">162.7022</dst>
      <dst id="2">9359.6444</dst>
      <dst id="16">22585.7778</dst>
      <dst id="14">928.8711</dst>
      <dst id="20">6644.1867</dst>
      <dst id="11">13.9289</dst>
      <dst id="9">2060.5867</dst>
      <dst id="17">21591.3600</dst>
      <dst id="21">957.4489</dst>
      <dst id="15">105.6889</dst>
    </src>
    <src id="22">
      <dst id="12">9413.3689</dst>
      <dst id="13">8671.7422</dst>
      <dst id="19">212.2222</dst>
      <dst id="23">7.1822</dst>
      <dst id="8">8.3733</dst>
      <dst id="18">75.0578</dst>
      <dst id="4">626.4356</dst>
      <dst id="1">381.4311</dst>
      <dst id="5">2269.6089</dst>
      <dst id="3">52.0711</dst>
      <dst id="10">281.1556</dst>
      <dst id="7">103.6978</dst>
      <dst id="2">3120.3200</dst>
      <dst id="16">16.6044</dst>
      <dst id="14">39.3956</dst>
      <dst id="11">202.7467</dst>
      <dst id="9">166.8444</dst>
      <dst id="17">2388.3556</dst>
      <dst id="21">381.3244</dst>
    </src>
    <src id="7">
      <dst id="12">10310.4800</dst>
      <dst id="13">1495.8578</dst>
      <dst id="19">11.2800</dst>
      <dst id="23">33.8044</dst>
      <dst id="8">2.2311</dst>
      <dst id="18">20.8267</dst>
      <dst id="4">2595.2089</dst>
      <dst id="1">816.5067</dst>
      <dst id="5">15.2622</dst>
      <dst id="3">15.6444</dst>
      <dst id="10">2436.1156</dst>
      <dst id="22">207.5822</dst>
      <dst id="7">19.2711</dst>
      <dst id="2">3194.1067</dst>
      <dst id="16">147.2267</dst>
      <dst id="14">15.4400</dst>
      <dst id="20">94.7200</dst>
      <dst id="11">253.9911</dst>
      <dst id="9">65.0933</dst>
      <dst id="17">912.7644</dst>
      <dst id="21">820.8267</dst>
      <dst id="15">3.0044</dst>
    </src>
    <src id="2">
      <dst id="12">87031.3956</dst>
      <dst id="13">19577.0400</dst>
      <dst id="19">993.7511</dst>
      <dst id="23">11.6267</dst>
      <dst id="8">7.3067</dst>
      <dst id="18">23091.2622</dst>
      <dst id="4">3784.9689</dst>
      <dst id="1">47497.4311</dst>
      <dst id="5">242.8889</dst>
      <dst id="3">49.6000</dst>
      <dst id="10">3744.5244</dst>
      <dst id="22">1060.3822</dst>
      <dst id="7">4830.2044</dst>
      <dst id="2">3066.2667</dst>
      <dst id="16">149.6000</dst>
      <dst id="14">276.8800</dst>
      <dst id="20">231.3689</dst>
      <dst id="11">1282.9689</dst>
      <dst id="9">258.6044</dst>
      <dst id="17">20344.9600</dst>
      <dst id="21">958.3378</dst>
      <dst id="15">18.7556</dst>
    </src>
    <src id="6">
      <dst id="12">142.4711</dst>
      <dst id="13">46.8000</dst>
      <dst id="19">0.6844</dst>
      <dst id="4">1.4667</dst>
      <dst id="1">255.3422</dst>
      <dst id="5">0.3556</dst>
      <dst id="3">51.1467</dst>
      <dst id="22">2.0533</dst>
      <dst id="7">2.1867</dst>
      <dst id="2">569.1911</dst>
      <dst id="16">12.1244</dst>
      <dst id="11">0.3378</dst>
      <dst id="9">29.0933</dst>
      <dst id="17">13036.7111</dst>
      <dst id="21">2.3467</dst>
      <dst id="15">38.2044</dst>
    </src>
    <src id="16">
      <dst id="12">80545.8844</dst>
      <dst id="13">703.2356</dst>
      <dst id="19">2673.3422</dst>
      <dst id="23">2.7111</dst>
      <dst id="8">41996.0000</dst>
      <dst id="18">192.8267</dst>
      <dst id="4">1422.8444</dst>
      <dst id="1">10537.7867</dst>
      <dst id="5">142981.9733</dst>
      <dst id="3">4506.8622</dst>
      <dst id="10">755.5733</dst>
      <dst id="2">67.1644</dst>
      <dst id="16">10525.8844</dst>
      <dst id="14">24560.4356</dst>
      <dst id="11">8354.9067</dst>
      <dst id="9">139144.0978</dst>
      <dst id="17">1467.2000</dst>
      <dst id="21">59.3867</dst>
    </src>
    <src id="14">
      <dst id="12">382.2578</dst>
      <dst id="13">312.8356</dst>
      <dst id="19">44.0889</dst>
      <dst id="23">0.8178</dst>
      <dst id="8">0.3200</dst>
      <dst id="18">0.7111</dst>
      <dst id="4">130.8622</dst>
      <dst id="1">384.7200</dst>
      <dst id="5">1.0667</dst>
      <dst id="3">523.6711</dst>
      <dst id="10">205.0489</dst>
      <dst id="22">1.1733</dst>
      <dst id="7">28.6844</dst>
      <dst id="2">1329.7156</dst>
      <dst id="16">2602.3911</dst>
      <dst id="20">2.9600</dst>
      <dst id="11">0.4622</dst>
      <dst id="9">93.0222</dst>
      <dst id="17">19505.4311</dst>
      <dst id="21">69.4489</dst>
    </src>
    <src id="20">
      <dst id="12">14651.6533</dst>
      <dst id="13">1713.6978</dst>
      <dst id="19">346.6667</dst>
      <dst id="8">3.2178</dst>
      <dst id="18">30.9333</dst>
      <dst id="4">1804.7911</dst>
      <dst id="1">65.4667</dst>
      <dst id="5">87.5022</dst>
      <dst id="3">1.8489</dst>
      <dst id="10">1334.1956</dst>
      <dst id="22">13.3333</dst>
      <dst id="7">1874.0267</dst>
      <dst id="2">32.9333</dst>
      <dst id="16">5513.3156</dst>
      <dst id="14">14.0444</dst>
      <dst id="20">72.7467</dst>
      <dst id="9">2115.5022</dst>
      <dst id="17">14360.0000</dst>
      <dst id="21">137.6000</dst>
    </src>
    <src id="11">
      <dst id="12">15916.9511</dst>
      <dst id="13">2836.5956</dst>
      <dst id="19">15.5822</dst>
      <dst id="23">4.8889</dst>
      <dst id="8">221.4489</dst>
      <dst id="18">88.5511</dst>
      <dst id="4">1285.6178</dst>
      <dst id="1">2172.8267</dst>
      <dst id="5">382.9600</dst>
      <dst id="3">721.2622</dst>
      <dst id="10">379.1111</dst>
      <dst id="22">173.6178</dst>
      <dst id="2">35261.9467</dst>
      <dst id="16">12503.6533</dst>
      <dst id="14">49.1200</dst>
      <dst id="20">838.1511</dst>
      <dst id="11">1210.0711</dst>
      <dst id="9">4643.6267</dst>
      <dst id="17">442329.5733</dst>
      <dst id="21">381.2178</dst>
      <dst id="15">3.5556</dst>
    </src>
    <src id="9">
      <dst id="12">13930.0711</dst>
      <dst id="13">2857.0222</dst>
      <dst id="19">79.4756</dst>
      <dst id="23">29.5289</dst>
      <dst id="8">29203.9467</dst>
      <dst id="18">123.6267</dst>
      <dst id="4">374.8622</dst>
      <dst id="1">6135.1733</dst>
      <dst id="5">936.4444</dst>
      <dst id="3">970.6933</dst>
      <dst id="10">313.9644</dst>
      <dst id="22">2.1156</dst>
      <dst id="2">202.7822</dst>
      <dst id="16">429646.8356</dst>
      <dst id="14">13.1556</dst>
      <dst id="11">46.2311</dst>
      <dst id="9">186529.9822</dst>
      <dst id="17">44361.6267</dst>
      <dst id="21">124.8089</dst>
      <dst id="15">21.0311</dst>
    </src>
    <src id="17">
      <dst id="12">85315.6978</dst>
      <dst id="13">26639.3867</dst>
      <dst id="19">251.2622</dst>
      <dst id="23">18.3911</dst>
      <dst id="8">20.2756</dst>
      <dst id="18">3253.1644</dst>
      <dst id="4">6864.9689</dst>
      <dst id="1">7977.4756</dst>
      <dst id="5">90127.8400</dst>
      <dst id="3">1113.4133</dst>
      <dst id="10">2564.0800</dst>
      <dst id="22">101.5556</dst>
      <dst id="7">2410.4800</dst>
      <dst id="2">1654.6222</dst>
      <dst id="16">46249.2089</dst>
      <dst id="14">7848.1156</dst>
      <dst id="20">5960.7200</dst>
      <dst id="11">7986.4267</dst>
      <dst id="9">7227.2089</dst>
      <dst id="17">24090.8267</dst>
      <dst id="21">11390.7911</dst>
      <dst id="15">26.3022</dst>
    </src>
    <src id="21">
      <dst id="12">1964.5511</dst>
      <dst id="13">4065.7422</dst>
      <dst id="19">175.3244</dst>
      <dst id="23">6.5422</dst>
      <dst id="8">154.7911</dst>
      <dst id="18">1572.8444</dst>
      <dst id="4">750.4800</dst>
      <dst id="1">13613.0311</dst>
      <dst id="5">401.3867</dst>
      <dst id="3">517.9467</dst>
      <dst id="10">183.1289</dst>
      <dst id="22">131.4933</dst>
      <dst id="7">1011.4222</dst>
      <dst id="2">2254.4800</dst>
      <dst id="16">5476.3467</dst>
      <dst id="14">192.5156</dst>
      <dst id="20">453.2711</dst>
      <dst id="11">606.8622</dst>
      <dst id="9">433.5644</dst>
      <dst id="17">11032.1156</dst>
      <dst id="21">1544.3822</dst>
      <dst id="15">4.9422</dst>
    </src>
    <src id="15">
      <dst id="12">20.5333</dst>
      <dst id="13">152.4178</dst>
      <dst id="19">21.8311</dst>
      <dst id="8">1495.3067</dst>
      <dst id="18">61.1556</dst>
      <dst id="4">230.6311</dst>
      <dst id="1">88.3022</dst>
      <dst id="5">99.9378</dst>
      <dst id="10">0.4267</dst>
      <dst id="2">19.8578</dst>
      <dst id="16">320.4622</dst>
      <dst id="14">26.6667</dst>
      <dst id="11">25.2444</dst>
      <dst id="9">260.2222</dst>
      <dst id="17">227.1733</dst>
      <dst id="21">14.1422</dst>
    </src>
  </IntraTM>
</TrafficMatrixFile>
