<?xml version="1.0" encoding="UTF-8" standalone="yes"?>
<TrafficMatrixFile xmlns:xsi="http://www.w3.org/2001/XMLSchema-instance" xsi:noNamespaceSchemaLocation="http://totem.run.montefiore.ulg.ac.be/Schema/TrafficMatrix-v1_2.xsd">
  <info>
    <title>Intradomain traffic matrix generated by geant-TM-all.pl</title>
    <date>2005-02-21T21:30:00</date>
    <duration>900</duration>
    <author>Steve Uhlig</author>
    <units>
        <unit type="bandwidth" value="kbps"/>
    </units>
  </info>
  <IntraTM ASID="20965">
    <src id="12">
      <dst id="12">241477.2089</dst>
      <dst id="13">305819.3333</dst>
      <dst id="19">3991.8400</dst>
      <dst id="23">29.9733</dst>
      <dst id="8">1032.7022</dst>
      <dst id="18">65924.3289</dst>
      <dst id="4">16257.2533</dst>
      <dst id="1">11016.3556</dst>
      <dst id="5">2938.0622</dst>
      <dst id="3">633.2622</dst>
      <dst id="10">3362.2489</dst>
      <dst id="22">15123.3689</dst>
      <dst id="7">2665.9733</dst>
      <dst id="2">57172.1333</dst>
      <dst id="6">26.3733</dst>
      <dst id="16">10609.8489</dst>
      <dst id="14">260.5778</dst>
      <dst id="20">2576.0444</dst>
      <dst id="11">269.4844</dst>
      <dst id="9">16462.8800</dst>
      <dst id="17">106948.6667</dst>
      <dst id="21">470.0800</dst>
      <dst id="15">289.9822</dst>
    </src>
    <src id="13">
      <dst id="12">13447.9378</dst>
      <dst id="19">8106.8000</dst>
      <dst id="23">193.1733</dst>
      <dst id="8">1982.6133</dst>
      <dst id="18">97.5911</dst>
      <dst id="1">624.2667</dst>
      <dst id="5">11851.9378</dst>
      <dst id="3">72.0000</dst>
      <dst id="22">5240.6933</dst>
      <dst id="7">3748.2311</dst>
      <dst id="2">13958.2933</dst>
      <dst id="6">25.2000</dst>
      <dst id="16">298.6400</dst>
      <dst id="14">56.9689</dst>
      <dst id="20">3310.4178</dst>
      <dst id="11">211.5467</dst>
      <dst id="9">5664.1067</dst>
      <dst id="17">24001.7244</dst>
      <dst id="21">329.7956</dst>
      <dst id="15">2612.5778</dst>
    </src>
    <src id="19">
      <dst id="12">19098.9333</dst>
      <dst id="13">11175.4578</dst>
      <dst id="8">48.1778</dst>
      <dst id="18">0.3556</dst>
      <dst id="4">16592.9244</dst>
      <dst id="1">65.3156</dst>
      <dst id="5">25.2267</dst>
      <dst id="3">28.0267</dst>
      <dst id="10">16.4533</dst>
      <dst id="22">139.1644</dst>
      <dst id="7">3023.3244</dst>
      <dst id="2">392.1778</dst>
      <dst id="16">15450.3378</dst>
      <dst id="14">23.9822</dst>
      <dst id="20">38.3911</dst>
      <dst id="11">10.6311</dst>
      <dst id="9">84.9067</dst>
      <dst id="17">368.6044</dst>
      <dst id="21">113.7956</dst>
      <dst id="15">0.9244</dst>
    </src>
    <src id="23">
      <dst id="12">1100.1600</dst>
      <dst id="13">16.6844</dst>
      <dst id="18">355.4844</dst>
      <dst id="4">1600.0178</dst>
      <dst id="1">178.9333</dst>
      <dst id="5">66.6667</dst>
      <dst id="10">58.8800</dst>
      <dst id="22">120.9956</dst>
      <dst id="7">49.1200</dst>
      <dst id="2">18.3733</dst>
      <dst id="6">0.4978</dst>
      <dst id="16">33.8133</dst>
      <dst id="14">39.2889</dst>
      <dst id="20">102.4000</dst>
      <dst id="9">2.1689</dst>
      <dst id="17">21098.4978</dst>
      <dst id="21">57.1556</dst>
    </src>
    <src id="8">
      <dst id="12">17880.0089</dst>
      <dst id="13">1690.7289</dst>
      <dst id="19">2.0800</dst>
      <dst id="18">2.7022</dst>
      <dst id="4">849.9200</dst>
      <dst id="1">3773.2178</dst>
      <dst id="5">1277.0489</dst>
      <dst id="10">220.2044</dst>
      <dst id="22">560.8444</dst>
      <dst id="7">154.8089</dst>
      <dst id="2">88.3644</dst>
      <dst id="16">57603.7156</dst>
      <dst id="14">25.2444</dst>
      <dst id="20">1510.8178</dst>
      <dst id="11">1440.7111</dst>
      <dst id="9">167436.7378</dst>
      <dst id="17">242040.5600</dst>
      <dst id="21">93.3067</dst>
      <dst id="15">16.3911</dst>
    </src>
    <src id="18">
      <dst id="12">114472.8089</dst>
      <dst id="13">281.3867</dst>
      <dst id="19">35.1378</dst>
      <dst id="23">35.4400</dst>
      <dst id="8">1.3067</dst>
      <dst id="4">347.8400</dst>
      <dst id="1">1172.1244</dst>
      <dst id="5">514.7200</dst>
      <dst id="3">731.1911</dst>
      <dst id="10">175.5289</dst>
      <dst id="22">235.3156</dst>
      <dst id="7">123.9378</dst>
      <dst id="2">27498.1422</dst>
      <dst id="16">361.7156</dst>
      <dst id="14">0.6489</dst>
      <dst id="20">81.0133</dst>
      <dst id="11">14.4889</dst>
      <dst id="9">6313.7956</dst>
      <dst id="17">36330.5956</dst>
      <dst id="21">344.7467</dst>
      <dst id="15">19.5556</dst>
    </src>
    <src id="4">
      <dst id="12">36306.6667</dst>
      <dst id="13">4524.8889</dst>
      <dst id="19">5896.5067</dst>
      <dst id="23">381.1733</dst>
      <dst id="8">1933.5911</dst>
      <dst id="18">2490.8089</dst>
      <dst id="4">47.4044</dst>
      <dst id="1">19627.3333</dst>
      <dst id="5">5617.2000</dst>
      <dst id="3">518.3733</dst>
      <dst id="22">8723.2978</dst>
      <dst id="7">37715.4400</dst>
      <dst id="2">61635.8489</dst>
      <dst id="6">25.4933</dst>
      <dst id="16">10188.3111</dst>
      <dst id="14">15291.6267</dst>
      <dst id="20">12816.3378</dst>
      <dst id="11">331.3333</dst>
      <dst id="9">6735.3689</dst>
      <dst id="17">171270.8267</dst>
      <dst id="21">7541.2000</dst>
      <dst id="15">2059.5733</dst>
    </src>
    <src id="1">
      <dst id="12">31671.4044</dst>
      <dst id="13">463.3689</dst>
      <dst id="19">179.5022</dst>
      <dst id="23">35.0933</dst>
      <dst id="8">83.6356</dst>
      <dst id="18">13447.7156</dst>
      <dst id="4">3669.9378</dst>
      <dst id="1">4448.7467</dst>
      <dst id="5">205.7867</dst>
      <dst id="3">193.0222</dst>
      <dst id="10">37.7244</dst>
      <dst id="22">2008.3733</dst>
      <dst id="7">1630.4978</dst>
      <dst id="2">2870.2489</dst>
      <dst id="6">66.0622</dst>
      <dst id="16">27521.8133</dst>
      <dst id="14">110.3822</dst>
      <dst id="20">3027.6000</dst>
      <dst id="11">43.9378</dst>
      <dst id="9">939.2889</dst>
      <dst id="17">33263.9556</dst>
      <dst id="21">22454.6489</dst>
      <dst id="15">67.8044</dst>
    </src>
    <src id="5">
      <dst id="12">16211.8311</dst>
      <dst id="13">1114.3822</dst>
      <dst id="19">17.2267</dst>
      <dst id="23">1.9556</dst>
      <dst id="8">752.6222</dst>
      <dst id="18">73.9378</dst>
      <dst id="4">1581.5733</dst>
      <dst id="1">2410.5867</dst>
      <dst id="3">18.4267</dst>
      <dst id="10">136.3378</dst>
      <dst id="22">3092.2578</dst>
      <dst id="7">82.8267</dst>
      <dst id="2">450.4267</dst>
      <dst id="6">0.5511</dst>
      <dst id="16">93032.7111</dst>
      <dst id="14">1.1467</dst>
      <dst id="20">468.8356</dst>
      <dst id="11">18.0089</dst>
      <dst id="9">93460.9333</dst>
      <dst id="17">375287.8133</dst>
      <dst id="21">53.7156</dst>
      <dst id="15">158.0533</dst>
    </src>
    <src id="3">
      <dst id="12">4363.2444</dst>
      <dst id="13">361.2444</dst>
      <dst id="19">972.5867</dst>
      <dst id="23">5.4400</dst>
      <dst id="8">13.2089</dst>
      <dst id="18">2257.7778</dst>
      <dst id="4">29558.5778</dst>
      <dst id="1">3334.3556</dst>
      <dst id="5">3610.8889</dst>
      <dst id="3">19.8044</dst>
      <dst id="10">364.7111</dst>
      <dst id="22">405.5644</dst>
      <dst id="7">832.5333</dst>
      <dst id="2">1546.6400</dst>
      <dst id="6">0.4978</dst>
      <dst id="16">1102.1244</dst>
      <dst id="14">72.9778</dst>
      <dst id="20">12.1600</dst>
      <dst id="11">116.6400</dst>
      <dst id="9">516.6400</dst>
      <dst id="17">10297.4044</dst>
      <dst id="21">11005.2000</dst>
      <dst id="15">8.1067</dst>
    </src>
    <src id="10">
      <dst id="12">135437.7244</dst>
      <dst id="19">393.4667</dst>
      <dst id="23">9102.9156</dst>
      <dst id="8">82341.4044</dst>
      <dst id="18">1880.8622</dst>
      <dst id="1">1343.3422</dst>
      <dst id="5">144603.6800</dst>
      <dst id="3">14797.5822</dst>
      <dst id="22">6068.9511</dst>
      <dst id="7">3315.9911</dst>
      <dst id="2">12718.1067</dst>
      <dst id="6">18570.4178</dst>
      <dst id="16">407.9200</dst>
      <dst id="14">22159.7778</dst>
      <dst id="20">895.2711</dst>
      <dst id="11">6691.2089</dst>
      <dst id="9">178260.2044</dst>
      <dst id="17">41627.6444</dst>
      <dst id="21">11076.0356</dst>
      <dst id="15">31.5556</dst>
    </src>
    <src id="22">
      <dst id="12">30694.8178</dst>
      <dst id="13">5405.8489</dst>
      <dst id="19">524.7644</dst>
      <dst id="23">0.9244</dst>
      <dst id="8">6894.4800</dst>
      <dst id="18">3583.2000</dst>
      <dst id="4">6483.1911</dst>
      <dst id="1">239.5200</dst>
      <dst id="5">3147.6889</dst>
      <dst id="3">1.4933</dst>
      <dst id="10">848.4800</dst>
      <dst id="7">1593.0044</dst>
      <dst id="2">1870.6578</dst>
      <dst id="6">64.2578</dst>
      <dst id="14">55.3689</dst>
      <dst id="11">175.0133</dst>
      <dst id="9">3227.3867</dst>
      <dst id="17">8299.8667</dst>
      <dst id="21">806.4267</dst>
    </src>
    <src id="7">
      <dst id="12">8841.7956</dst>
      <dst id="13">833.6356</dst>
      <dst id="19">1001.7067</dst>
      <dst id="23">241.5556</dst>
      <dst id="8">350.5244</dst>
      <dst id="18">96.0533</dst>
      <dst id="4">1931.5822</dst>
      <dst id="1">5758.9867</dst>
      <dst id="5">888.4711</dst>
      <dst id="3">984.6489</dst>
      <dst id="10">139.1822</dst>
      <dst id="22">1381.4400</dst>
      <dst id="7">796.9067</dst>
      <dst id="2">5188.6933</dst>
      <dst id="6">24.0178</dst>
      <dst id="16">216.2400</dst>
      <dst id="14">276.0089</dst>
      <dst id="20">282.5956</dst>
      <dst id="11">103.6178</dst>
      <dst id="9">1294.9511</dst>
      <dst id="17">7339.3333</dst>
      <dst id="21">3894.8978</dst>
      <dst id="15">418.5689</dst>
    </src>
    <src id="2">
      <dst id="12">72534.7733</dst>
      <dst id="13">5042.2667</dst>
      <dst id="19">455.8844</dst>
      <dst id="8">606.9422</dst>
      <dst id="18">30387.2800</dst>
      <dst id="4">14035.1556</dst>
      <dst id="1">3536.4444</dst>
      <dst id="5">2367.2000</dst>
      <dst id="3">628.3111</dst>
      <dst id="10">757.3956</dst>
      <dst id="22">355.8844</dst>
      <dst id="7">13648.8622</dst>
      <dst id="2">1159.2267</dst>
      <dst id="6">10172.2044</dst>
      <dst id="16">179.7067</dst>
      <dst id="14">223.3511</dst>
      <dst id="20">201.6622</dst>
      <dst id="11">572.6133</dst>
      <dst id="9">712.8089</dst>
      <dst id="17">30592.1067</dst>
      <dst id="21">3505.6089</dst>
      <dst id="15">15.3778</dst>
    </src>
    <src id="6">
      <dst id="12">375.2356</dst>
      <dst id="13">102.8711</dst>
      <dst id="19">0.8889</dst>
      <dst id="23">11.4667</dst>
      <dst id="8">2.4000</dst>
      <dst id="4">0.4178</dst>
      <dst id="1">31.2178</dst>
      <dst id="10">0.8533</dst>
      <dst id="22">1.0667</dst>
      <dst id="7">0.6933</dst>
      <dst id="2">4323.6089</dst>
      <dst id="16">59.7067</dst>
      <dst id="14">11.4667</dst>
      <dst id="11">0.7822</dst>
      <dst id="9">830.0800</dst>
      <dst id="17">18733.7867</dst>
      <dst id="21">1.0400</dst>
    </src>
    <src id="16">
      <dst id="12">107673.3689</dst>
      <dst id="13">966.6667</dst>
      <dst id="19">4159.5289</dst>
      <dst id="23">22.4089</dst>
      <dst id="8">75398.8000</dst>
      <dst id="18">267.8222</dst>
      <dst id="4">594.7022</dst>
      <dst id="1">22102.5422</dst>
      <dst id="5">129329.5556</dst>
      <dst id="3">4694.8178</dst>
      <dst id="10">57.0222</dst>
      <dst id="22">1.8489</dst>
      <dst id="7">32.3378</dst>
      <dst id="2">194.2578</dst>
      <dst id="6">14.5244</dst>
      <dst id="16">16.9867</dst>
      <dst id="14">12.6222</dst>
      <dst id="11">14643.9822</dst>
      <dst id="9">159728.2222</dst>
      <dst id="17">13718.3378</dst>
      <dst id="21">6591.1733</dst>
    </src>
    <src id="14">
      <dst id="12">1970.9956</dst>
      <dst id="13">86.9067</dst>
      <dst id="19">497.8667</dst>
      <dst id="8">1.0311</dst>
      <dst id="18">1.0756</dst>
      <dst id="4">592.9156</dst>
      <dst id="1">215.9200</dst>
      <dst id="5">50.4889</dst>
      <dst id="3">87.2444</dst>
      <dst id="10">66.8444</dst>
      <dst id="22">31.4756</dst>
      <dst id="7">29.0489</dst>
      <dst id="2">1447.2711</dst>
      <dst id="6">4.3467</dst>
      <dst id="16">2950.6933</dst>
      <dst id="20">401.3600</dst>
      <dst id="11">25.7067</dst>
      <dst id="9">1844.1511</dst>
      <dst id="17">27353.4756</dst>
      <dst id="21">88.0800</dst>
      <dst id="15">1.0489</dst>
    </src>
    <src id="20">
      <dst id="12">2828.4711</dst>
      <dst id="13">16076.2400</dst>
      <dst id="19">66.6667</dst>
      <dst id="23">0.7111</dst>
      <dst id="8">134.8889</dst>
      <dst id="18">23.3956</dst>
      <dst id="4">11350.3733</dst>
      <dst id="1">479.7244</dst>
      <dst id="5">2768.6756</dst>
      <dst id="10">178.3111</dst>
      <dst id="7">25.9822</dst>
      <dst id="2">5717.0578</dst>
      <dst id="14">14.6844</dst>
      <dst id="20">34.1600</dst>
      <dst id="11">4.7644</dst>
      <dst id="9">11803.6178</dst>
      <dst id="17">10802.8889</dst>
      <dst id="21">104.9867</dst>
    </src>
    <src id="11">
      <dst id="12">25200.5244</dst>
      <dst id="13">872.0711</dst>
      <dst id="19">400.9333</dst>
      <dst id="23">25.5822</dst>
      <dst id="8">600.6933</dst>
      <dst id="18">164.7378</dst>
      <dst id="4">912.0978</dst>
      <dst id="1">3017.1911</dst>
      <dst id="5">461.2889</dst>
      <dst id="3">4.3289</dst>
      <dst id="10">2016.3733</dst>
      <dst id="22">762.0889</dst>
      <dst id="7">194.8089</dst>
      <dst id="2">60628.1956</dst>
      <dst id="6">0.7822</dst>
      <dst id="16">51215.4044</dst>
      <dst id="14">77.8933</dst>
      <dst id="20">1506.8356</dst>
      <dst id="11">1203.5911</dst>
      <dst id="9">33777.9733</dst>
      <dst id="17">645994.3378</dst>
      <dst id="21">112.1600</dst>
      <dst id="15">476.9422</dst>
    </src>
    <src id="9">
      <dst id="12">37227.6267</dst>
      <dst id="13">7931.2711</dst>
      <dst id="19">97.1733</dst>
      <dst id="23">28.1600</dst>
      <dst id="8">119874.2578</dst>
      <dst id="18">25.8222</dst>
      <dst id="4">1126.7289</dst>
      <dst id="1">3675.5911</dst>
      <dst id="5">1356.6133</dst>
      <dst id="3">8.5600</dst>
      <dst id="10">588.7467</dst>
      <dst id="22">13476.4178</dst>
      <dst id="7">680.7467</dst>
      <dst id="2">780.8444</dst>
      <dst id="16">92269.4133</dst>
      <dst id="14">22.4178</dst>
      <dst id="20">1606.9422</dst>
      <dst id="11">3.4489</dst>
      <dst id="9">426776.3911</dst>
      <dst id="17">412241.7600</dst>
      <dst id="21">968.2667</dst>
      <dst id="15">1185.5111</dst>
    </src>
    <src id="17">
      <dst id="12">81802.8889</dst>
      <dst id="13">8261.4044</dst>
      <dst id="19">198.0000</dst>
      <dst id="23">417.7867</dst>
      <dst id="8">1173.1911</dst>
      <dst id="18">2295.0222</dst>
      <dst id="4">9270.2756</dst>
      <dst id="1">2273.3511</dst>
      <dst id="5">105277.1378</dst>
      <dst id="3">1790.7289</dst>
      <dst id="10">3158.7200</dst>
      <dst id="22">3423.0667</dst>
      <dst id="7">2330.0978</dst>
      <dst id="2">9163.5644</dst>
      <dst id="6">14.2933</dst>
      <dst id="16">3215.9911</dst>
      <dst id="14">11803.2889</dst>
      <dst id="20">447.3244</dst>
      <dst id="11">6959.2889</dst>
      <dst id="9">1918.0711</dst>
      <dst id="17">17561.1733</dst>
      <dst id="21">8523.3867</dst>
      <dst id="15">27.6444</dst>
    </src>
    <src id="21">
      <dst id="12">5981.9556</dst>
      <dst id="13">458.9067</dst>
      <dst id="19">438.4889</dst>
      <dst id="23">16.0533</dst>
      <dst id="8">115.3067</dst>
      <dst id="18">3248.0178</dst>
      <dst id="4">3778.1511</dst>
      <dst id="1">1305.2000</dst>
      <dst id="5">597.8844</dst>
      <dst id="3">6380.5956</dst>
      <dst id="10">1226.0889</dst>
      <dst id="22">636.0000</dst>
      <dst id="7">640.9867</dst>
      <dst id="2">6691.5022</dst>
      <dst id="16">459.7867</dst>
      <dst id="14">47.1378</dst>
      <dst id="20">469.2978</dst>
      <dst id="11">31.3600</dst>
      <dst id="9">1455.4044</dst>
      <dst id="17">28035.9822</dst>
      <dst id="21">728.7467</dst>
      <dst id="15">57.4044</dst>
    </src>
    <src id="15">
      <dst id="12">3184.4000</dst>
      <dst id="13">169.2000</dst>
      <dst id="19">0.5333</dst>
      <dst id="23">0.4889</dst>
      <dst id="8">105.9911</dst>
      <dst id="18">18.8089</dst>
      <dst id="4">87.9200</dst>
      <dst id="1">35.5467</dst>
      <dst id="5">3632.6756</dst>
      <dst id="10">58.3467</dst>
      <dst id="7">215.2000</dst>
      <dst id="2">44.4622</dst>
      <dst id="14">26.6667</dst>
      <dst id="11">22.6222</dst>
      <dst id="9">3520.5244</dst>
      <dst id="17">495.8044</dst>
      <dst id="21">5.5911</dst>
    </src>
  </IntraTM>
</TrafficMatrixFile>
