<?xml version="1.0" encoding="UTF-8" standalone="yes"?>
<TrafficMatrixFile xmlns:xsi="http://www.w3.org/2001/XMLSchema-instance" xsi:noNamespaceSchemaLocation="http://totem.run.montefiore.ulg.ac.be/Schema/TrafficMatrix-v1_2.xsd">
  <info>
    <title>Intradomain traffic matrix generated by geant-TM-all.pl</title>
    <date>2005-01-29T13:45:00</date>
    <duration>900</duration>
    <author>Steve Uhlig</author>
    <units>
        <unit type="bandwidth" value="kbps"/>
    </units>
  </info>
  <IntraTM ASID="20965">
    <src id="12">
      <dst id="12">223295.4311</dst>
      <dst id="13">21476.5156</dst>
      <dst id="19">5891.9022</dst>
      <dst id="23">31.8044</dst>
      <dst id="8">624.5867</dst>
      <dst id="18">68495.5111</dst>
      <dst id="4">57137.3244</dst>
      <dst id="1">9147.7333</dst>
      <dst id="5">498.8889</dst>
      <dst id="3">4128.7022</dst>
      <dst id="10">5906.1067</dst>
      <dst id="22">2764.8622</dst>
      <dst id="7">8663.5111</dst>
      <dst id="2">34118.1600</dst>
      <dst id="16">6684.7911</dst>
      <dst id="14">449.7333</dst>
      <dst id="20">3619.4667</dst>
      <dst id="11">877.5200</dst>
      <dst id="9">5393.6800</dst>
      <dst id="17">33137.6356</dst>
      <dst id="21">7385.1467</dst>
      <dst id="15">2930.8800</dst>
    </src>
    <src id="13">
      <dst id="12">35015.7778</dst>
      <dst id="19">5654.0978</dst>
      <dst id="23">9276.5511</dst>
      <dst id="8">1413.6711</dst>
      <dst id="18">3721.3867</dst>
      <dst id="4">0.7822</dst>
      <dst id="1">5048.9156</dst>
      <dst id="5">20594.2044</dst>
      <dst id="3">2280.9778</dst>
      <dst id="22">18063.8756</dst>
      <dst id="7">7695.9022</dst>
      <dst id="2">50338.0089</dst>
      <dst id="16">4824.8178</dst>
      <dst id="14">887.0756</dst>
      <dst id="20">7256.9689</dst>
      <dst id="11">3375.5289</dst>
      <dst id="9">4493.0133</dst>
      <dst id="17">49028.3822</dst>
      <dst id="21">13481.9200</dst>
      <dst id="15">3151.6267</dst>
    </src>
    <src id="19">
      <dst id="12">11092.8000</dst>
      <dst id="13">265.5022</dst>
      <dst id="23">0.5956</dst>
      <dst id="8">4.2667</dst>
      <dst id="18">995.9200</dst>
      <dst id="4">30021.9556</dst>
      <dst id="1">101.2267</dst>
      <dst id="5">5.8311</dst>
      <dst id="3">1081.2800</dst>
      <dst id="10">428.0711</dst>
      <dst id="22">33.7422</dst>
      <dst id="7">20039.2089</dst>
      <dst id="2">122.7289</dst>
      <dst id="16">15412.1867</dst>
      <dst id="14">1.3956</dst>
      <dst id="20">86.9956</dst>
      <dst id="11">49.2444</dst>
      <dst id="9">0.4267</dst>
      <dst id="17">7565.0044</dst>
      <dst id="21">175.4311</dst>
    </src>
    <src id="23">
      <dst id="12">93.6978</dst>
      <dst id="13">55.7956</dst>
      <dst id="19">12.6222</dst>
      <dst id="18">152.1422</dst>
      <dst id="4">2436.4267</dst>
      <dst id="1">43.1556</dst>
      <dst id="3">81.5111</dst>
      <dst id="10">183.1822</dst>
      <dst id="22">55.3600</dst>
      <dst id="7">130.0444</dst>
      <dst id="2">14.7822</dst>
      <dst id="16">29.3244</dst>
      <dst id="14">2.8444</dst>
      <dst id="20">1.8222</dst>
      <dst id="11">75.3156</dst>
      <dst id="9">1.3511</dst>
      <dst id="17">132.1778</dst>
      <dst id="21">34.8000</dst>
      <dst id="15">13.3333</dst>
    </src>
    <src id="8">
      <dst id="12">26622.5422</dst>
      <dst id="13">76.2667</dst>
      <dst id="19">77.8844</dst>
      <dst id="18">53.3333</dst>
      <dst id="4">1800.3733</dst>
      <dst id="1">2610.9067</dst>
      <dst id="5">1544.5067</dst>
      <dst id="3">84.2756</dst>
      <dst id="10">704.8889</dst>
      <dst id="22">155.3422</dst>
      <dst id="7">217.2267</dst>
      <dst id="2">396.8800</dst>
      <dst id="16">235.3422</dst>
      <dst id="14">457.6000</dst>
      <dst id="20">94.1067</dst>
      <dst id="11">338.0444</dst>
      <dst id="9">161307.8578</dst>
      <dst id="17">268823.0489</dst>
      <dst id="21">57.4933</dst>
      <dst id="15">1.7333</dst>
    </src>
    <src id="18">
      <dst id="12">145442.0267</dst>
      <dst id="13">237.2711</dst>
      <dst id="19">35.1822</dst>
      <dst id="23">15.4133</dst>
      <dst id="8">1.0667</dst>
      <dst id="4">1448.4089</dst>
      <dst id="1">588.2133</dst>
      <dst id="5">679.2267</dst>
      <dst id="3">1217.4489</dst>
      <dst id="10">64.8000</dst>
      <dst id="22">185.2356</dst>
      <dst id="7">105.3422</dst>
      <dst id="2">45245.4133</dst>
      <dst id="16">84.9333</dst>
      <dst id="14">25.4400</dst>
      <dst id="20">13.7511</dst>
      <dst id="11">29.2889</dst>
      <dst id="9">205.9822</dst>
      <dst id="17">11763.9111</dst>
      <dst id="21">2866.7556</dst>
      <dst id="15">46.5867</dst>
    </src>
    <src id="4">
      <dst id="12">3068.8978</dst>
      <dst id="19">4559.3511</dst>
      <dst id="23">199.8133</dst>
      <dst id="8">759.8578</dst>
      <dst id="18">1615.3867</dst>
      <dst id="4">80.3556</dst>
      <dst id="1">1758.0800</dst>
      <dst id="5">1282.3200</dst>
      <dst id="3">6479.6356</dst>
      <dst id="22">2866.5244</dst>
      <dst id="7">44579.5289</dst>
      <dst id="2">18348.7556</dst>
      <dst id="16">675.6444</dst>
      <dst id="14">12935.5911</dst>
      <dst id="20">619.5111</dst>
      <dst id="11">2033.3156</dst>
      <dst id="9">1458.5067</dst>
      <dst id="17">59533.6711</dst>
      <dst id="21">1503.5644</dst>
      <dst id="15">110.7289</dst>
    </src>
    <src id="1">
      <dst id="12">10788.7200</dst>
      <dst id="13">102.8444</dst>
      <dst id="19">153.9911</dst>
      <dst id="23">5.0667</dst>
      <dst id="8">3.0933</dst>
      <dst id="18">14366.0533</dst>
      <dst id="4">7125.6800</dst>
      <dst id="1">206.7644</dst>
      <dst id="5">173.9467</dst>
      <dst id="3">24340.5067</dst>
      <dst id="10">354.1778</dst>
      <dst id="22">11038.4178</dst>
      <dst id="7">2468.1689</dst>
      <dst id="2">30963.0400</dst>
      <dst id="16">24027.5644</dst>
      <dst id="14">71.0933</dst>
      <dst id="20">2576.3911</dst>
      <dst id="11">101.2444</dst>
      <dst id="9">593.7244</dst>
      <dst id="17">2602.7911</dst>
      <dst id="21">14866.6933</dst>
      <dst id="15">1470.4800</dst>
    </src>
    <src id="5">
      <dst id="12">27530.4800</dst>
      <dst id="13">1217.9467</dst>
      <dst id="19">342.8889</dst>
      <dst id="8">1245.1556</dst>
      <dst id="18">154.1156</dst>
      <dst id="4">7687.7067</dst>
      <dst id="1">1912.1511</dst>
      <dst id="3">806.1422</dst>
      <dst id="10">187.5467</dst>
      <dst id="22">10689.7778</dst>
      <dst id="7">141.9733</dst>
      <dst id="2">512.9600</dst>
      <dst id="16">677.6978</dst>
      <dst id="14">36.9778</dst>
      <dst id="20">572.2133</dst>
      <dst id="11">2235.3333</dst>
      <dst id="9">59088.0622</dst>
      <dst id="17">324146.5422</dst>
      <dst id="21">156.6844</dst>
      <dst id="15">180.3911</dst>
    </src>
    <src id="3">
      <dst id="12">13161.9200</dst>
      <dst id="13">234.7911</dst>
      <dst id="19">885.2267</dst>
      <dst id="23">0.9600</dst>
      <dst id="8">252.3733</dst>
      <dst id="18">539.4933</dst>
      <dst id="4">23160.5244</dst>
      <dst id="1">9194.6133</dst>
      <dst id="5">661.2622</dst>
      <dst id="3">52.5422</dst>
      <dst id="10">1011.3067</dst>
      <dst id="22">639.4933</dst>
      <dst id="7">1426.8178</dst>
      <dst id="2">4843.6444</dst>
      <dst id="16">1641.3778</dst>
      <dst id="14">95.0578</dst>
      <dst id="20">3534.3911</dst>
      <dst id="11">1422.1067</dst>
      <dst id="9">555.2356</dst>
      <dst id="17">39456.3822</dst>
      <dst id="21">14950.8000</dst>
      <dst id="15">386.1422</dst>
    </src>
    <src id="10">
      <dst id="12">14989.3956</dst>
      <dst id="19">2477.2267</dst>
      <dst id="23">245.3244</dst>
      <dst id="8">63161.4489</dst>
      <dst id="18">7811.4044</dst>
      <dst id="1">4164.2133</dst>
      <dst id="5">132560.2756</dst>
      <dst id="3">11442.3467</dst>
      <dst id="22">3097.4044</dst>
      <dst id="7">39693.6978</dst>
      <dst id="2">28019.8133</dst>
      <dst id="16">2471.2000</dst>
      <dst id="14">19872.1867</dst>
      <dst id="20">797.7511</dst>
      <dst id="11">124253.4044</dst>
      <dst id="9">141504.6044</dst>
      <dst id="17">29564.6489</dst>
      <dst id="21">17269.7422</dst>
      <dst id="15">73.4133</dst>
    </src>
    <src id="22">
      <dst id="12">1892.2044</dst>
      <dst id="13">1412.1867</dst>
      <dst id="19">127.5111</dst>
      <dst id="23">56.9156</dst>
      <dst id="8">246.3822</dst>
      <dst id="18">644.6667</dst>
      <dst id="4">11068.6756</dst>
      <dst id="1">255.2711</dst>
      <dst id="5">1544.2222</dst>
      <dst id="3">930.9689</dst>
      <dst id="10">1171.0222</dst>
      <dst id="7">570.1600</dst>
      <dst id="2">1055.5911</dst>
      <dst id="14">0.7467</dst>
      <dst id="11">1202.5867</dst>
      <dst id="9">3161.9378</dst>
      <dst id="17">3454.6400</dst>
      <dst id="21">333.5022</dst>
    </src>
    <src id="7">
      <dst id="12">2438.9244</dst>
      <dst id="13">26.7644</dst>
      <dst id="19">603.2178</dst>
      <dst id="23">18.1333</dst>
      <dst id="8">229.4311</dst>
      <dst id="18">909.5289</dst>
      <dst id="4">29311.5111</dst>
      <dst id="1">17554.0622</dst>
      <dst id="5">875.5822</dst>
      <dst id="3">37166.0800</dst>
      <dst id="10">2777.9556</dst>
      <dst id="22">2372.7289</dst>
      <dst id="7">15.1733</dst>
      <dst id="2">2819.7778</dst>
      <dst id="16">266.7733</dst>
      <dst id="14">81.1911</dst>
      <dst id="20">261.1733</dst>
      <dst id="11">386.9867</dst>
      <dst id="9">3563.6000</dst>
      <dst id="17">2891.5200</dst>
      <dst id="21">1375.6978</dst>
      <dst id="15">58.6489</dst>
    </src>
    <src id="2">
      <dst id="12">64092.6489</dst>
      <dst id="13">2357.5200</dst>
      <dst id="19">366.3644</dst>
      <dst id="23">17.7067</dst>
      <dst id="8">329.9378</dst>
      <dst id="18">51157.2800</dst>
      <dst id="4">67842.0089</dst>
      <dst id="1">27799.2178</dst>
      <dst id="5">1111.8222</dst>
      <dst id="3">1514.3822</dst>
      <dst id="10">4429.3422</dst>
      <dst id="22">1033.6000</dst>
      <dst id="7">5957.0489</dst>
      <dst id="2">2804.1511</dst>
      <dst id="16">118.0889</dst>
      <dst id="14">119.9111</dst>
      <dst id="20">9783.5822</dst>
      <dst id="11">1075.7156</dst>
      <dst id="9">1015.9467</dst>
      <dst id="17">6620.7467</dst>
      <dst id="21">9834.4178</dst>
      <dst id="15">551.9911</dst>
    </src>
    <src id="6">
      <dst id="12">536.8267</dst>
      <dst id="13">7.5467</dst>
      <dst id="8">0.4178</dst>
      <dst id="18">11.9111</dst>
      <dst id="4">55.2889</dst>
      <dst id="1">81.4933</dst>
      <dst id="5">2.2400</dst>
      <dst id="3">0.4622</dst>
      <dst id="10">0.4267</dst>
      <dst id="22">12.1778</dst>
      <dst id="2">1520.8444</dst>
      <dst id="16">0.4889</dst>
      <dst id="20">69.8578</dst>
      <dst id="11">0.8178</dst>
      <dst id="9">39.4133</dst>
      <dst id="17">7063.7600</dst>
      <dst id="21">24.1333</dst>
    </src>
    <src id="16">
      <dst id="12">1908.5067</dst>
      <dst id="13">30.1333</dst>
      <dst id="19">4705.2267</dst>
      <dst id="23">33.9200</dst>
      <dst id="8">1330.6844</dst>
      <dst id="18">80.8444</dst>
      <dst id="4">6346.7378</dst>
      <dst id="1">24082.2756</dst>
      <dst id="5">1455.5111</dst>
      <dst id="3">2392.8089</dst>
      <dst id="10">192.0267</dst>
      <dst id="22">34.9511</dst>
      <dst id="7">28.7200</dst>
      <dst id="2">128.1689</dst>
      <dst id="16">25.0311</dst>
      <dst id="14">0.9422</dst>
      <dst id="11">353.6089</dst>
      <dst id="9">4135.2622</dst>
      <dst id="17">1844.4178</dst>
      <dst id="21">840.2133</dst>
    </src>
    <src id="14">
      <dst id="12">1797.3600</dst>
      <dst id="13">952.4711</dst>
      <dst id="19">1.9200</dst>
      <dst id="8">12.5067</dst>
      <dst id="18">1.5822</dst>
      <dst id="4">1217.0933</dst>
      <dst id="1">971.8222</dst>
      <dst id="5">33.2444</dst>
      <dst id="3">169.4933</dst>
      <dst id="10">23.4667</dst>
      <dst id="22">10.9511</dst>
      <dst id="7">27.1556</dst>
      <dst id="2">7976.2222</dst>
      <dst id="16">1.1022</dst>
      <dst id="20">1.1378</dst>
      <dst id="11">23.2356</dst>
      <dst id="9">0.5333</dst>
      <dst id="17">26707.6533</dst>
      <dst id="21">38.1778</dst>
    </src>
    <src id="20">
      <dst id="12">5455.2978</dst>
      <dst id="13">11556.4444</dst>
      <dst id="19">4721.8133</dst>
      <dst id="23">1.0400</dst>
      <dst id="8">15.1111</dst>
      <dst id="18">280.6489</dst>
      <dst id="4">2133.8933</dst>
      <dst id="1">1125.7067</dst>
      <dst id="5">333.2978</dst>
      <dst id="3">176.8000</dst>
      <dst id="10">44.6489</dst>
      <dst id="22">13.3333</dst>
      <dst id="7">172.4622</dst>
      <dst id="2">7473.0044</dst>
      <dst id="14">13.9822</dst>
      <dst id="11">28.6756</dst>
      <dst id="9">493.0489</dst>
      <dst id="17">11354.2133</dst>
      <dst id="21">9744.0444</dst>
    </src>
    <src id="11">
      <dst id="12">36493.0578</dst>
      <dst id="13">2072.5956</dst>
      <dst id="19">290.7733</dst>
      <dst id="23">8.7822</dst>
      <dst id="8">473.7511</dst>
      <dst id="18">867.4667</dst>
      <dst id="4">6152.6222</dst>
      <dst id="1">320.6756</dst>
      <dst id="5">1015.8489</dst>
      <dst id="3">405.0667</dst>
      <dst id="10">247.7600</dst>
      <dst id="22">5766.5956</dst>
      <dst id="7">553.4844</dst>
      <dst id="2">108158.3911</dst>
      <dst id="16">286.0178</dst>
      <dst id="14">157.3867</dst>
      <dst id="20">2070.5778</dst>
      <dst id="11">945.1733</dst>
      <dst id="9">485.4489</dst>
      <dst id="17">556756.6311</dst>
      <dst id="21">422.7911</dst>
      <dst id="15">93.9289</dst>
    </src>
    <src id="9">
      <dst id="12">36579.8756</dst>
      <dst id="13">1838.5244</dst>
      <dst id="19">0.7556</dst>
      <dst id="23">1.2622</dst>
      <dst id="8">89898.1956</dst>
      <dst id="18">44.1600</dst>
      <dst id="4">6066.9511</dst>
      <dst id="1">7948.8444</dst>
      <dst id="5">678.7467</dst>
      <dst id="3">495.6178</dst>
      <dst id="10">458.2044</dst>
      <dst id="22">4459.1467</dst>
      <dst id="7">1113.0578</dst>
      <dst id="2">1742.0267</dst>
      <dst id="16">504.1867</dst>
      <dst id="14">13.8667</dst>
      <dst id="20">740.0267</dst>
      <dst id="11">306.3289</dst>
      <dst id="9">372961.4311</dst>
      <dst id="17">506559.9467</dst>
      <dst id="21">203.8222</dst>
      <dst id="15">474.5956</dst>
    </src>
    <src id="17">
      <dst id="12">4434.7022</dst>
      <dst id="13">2637.5378</dst>
      <dst id="19">15447.0844</dst>
      <dst id="23">9.8222</dst>
      <dst id="8">317.3422</dst>
      <dst id="18">2686.2578</dst>
      <dst id="4">43212.0889</dst>
      <dst id="1">2477.0933</dst>
      <dst id="5">127040.4000</dst>
      <dst id="3">4507.0311</dst>
      <dst id="10">985.2889</dst>
      <dst id="22">9078.2756</dst>
      <dst id="7">3745.3067</dst>
      <dst id="2">11046.9511</dst>
      <dst id="16">2312.3911</dst>
      <dst id="14">16143.6800</dst>
      <dst id="20">1669.1289</dst>
      <dst id="11">91836.3911</dst>
      <dst id="9">2611.8222</dst>
      <dst id="17">14918.7022</dst>
      <dst id="21">9536.9778</dst>
      <dst id="15">137.9467</dst>
    </src>
    <src id="21">
      <dst id="12">4769.1467</dst>
      <dst id="13">282.2667</dst>
      <dst id="19">225.4756</dst>
      <dst id="23">1923.2267</dst>
      <dst id="8">49.4044</dst>
      <dst id="18">2437.4578</dst>
      <dst id="4">8167.9467</dst>
      <dst id="1">26461.5733</dst>
      <dst id="5">411.9022</dst>
      <dst id="3">1561.6089</dst>
      <dst id="10">1182.4444</dst>
      <dst id="22">559.4756</dst>
      <dst id="7">1930.2311</dst>
      <dst id="2">17550.5600</dst>
      <dst id="16">79.1111</dst>
      <dst id="14">55.8933</dst>
      <dst id="20">4179.5022</dst>
      <dst id="11">480.9422</dst>
      <dst id="9">395.4222</dst>
      <dst id="17">35211.5111</dst>
      <dst id="21">1197.1911</dst>
      <dst id="15">58.9778</dst>
    </src>
    <src id="15">
      <dst id="12">157.3778</dst>
      <dst id="13">111.5556</dst>
      <dst id="19">6.9511</dst>
      <dst id="8">6.5511</dst>
      <dst id="18">9.1378</dst>
      <dst id="4">206.0444</dst>
      <dst id="1">1429.2000</dst>
      <dst id="5">314.2667</dst>
      <dst id="3">56.0978</dst>
      <dst id="10">57.1822</dst>
      <dst id="7">11.0844</dst>
      <dst id="2">32.6667</dst>
      <dst id="11">179.9467</dst>
      <dst id="9">152.2133</dst>
      <dst id="17">170.6844</dst>
      <dst id="21">32.4889</dst>
    </src>
  </IntraTM>
</TrafficMatrixFile>
