<?xml version="1.0" encoding="UTF-8" standalone="yes"?>
<TrafficMatrixFile xmlns:xsi="http://www.w3.org/2001/XMLSchema-instance" xsi:noNamespaceSchemaLocation="http://totem.run.montefiore.ulg.ac.be/Schema/TrafficMatrix-v1_2.xsd">
  <info>
    <title>Intradomain traffic matrix generated by geant-TM-all.pl</title>
    <date>2005-01-13T18:30:00</date>
    <duration>900</duration>
    <author>Steve Uhlig</author>
    <units>
        <unit type="bandwidth" value="kbps"/>
    </units>
  </info>
  <IntraTM ASID="20965">
    <src id="12">
      <dst id="12">348348.4444</dst>
      <dst id="13">30259.3422</dst>
      <dst id="19">13684.3733</dst>
      <dst id="23">5833.9911</dst>
      <dst id="8">5488.1156</dst>
      <dst id="18">4136.9067</dst>
      <dst id="4">79724.3467</dst>
      <dst id="1">13144.5156</dst>
      <dst id="5">6458.1778</dst>
      <dst id="3">10364.6756</dst>
      <dst id="22">22227.3956</dst>
      <dst id="7">28577.6089</dst>
      <dst id="2">71427.4044</dst>
      <dst id="16">3644.1511</dst>
      <dst id="14">1399.7867</dst>
      <dst id="20">19146.3467</dst>
      <dst id="11">13168.1156</dst>
      <dst id="9">15671.7511</dst>
      <dst id="17">145218.8356</dst>
      <dst id="21">32481.8756</dst>
      <dst id="15">3772.5867</dst>
    </src>
    <src id="13">
      <dst id="12">83210.1244</dst>
      <dst id="19">39659.7156</dst>
      <dst id="23">118.8889</dst>
      <dst id="8">6090.9689</dst>
      <dst id="18">7087.1733</dst>
      <dst id="4">0.3556</dst>
      <dst id="1">20273.7689</dst>
      <dst id="5">15943.5822</dst>
      <dst id="3">80433.0133</dst>
      <dst id="22">23196.1600</dst>
      <dst id="7">34562.4978</dst>
      <dst id="2">82696.4267</dst>
      <dst id="16">12498.1067</dst>
      <dst id="14">6643.3244</dst>
      <dst id="20">18905.8044</dst>
      <dst id="11">14947.7244</dst>
      <dst id="9">26641.2622</dst>
      <dst id="17">118319.0489</dst>
      <dst id="21">32696.8800</dst>
      <dst id="15">6844.8267</dst>
    </src>
    <src id="19">
      <dst id="12">20095.0667</dst>
      <dst id="13">3689.3867</dst>
      <dst id="23">43.9911</dst>
      <dst id="8">415.4489</dst>
      <dst id="18">240.7733</dst>
      <dst id="4">49777.0400</dst>
      <dst id="1">1895.4844</dst>
      <dst id="5">64.8178</dst>
      <dst id="3">203.6444</dst>
      <dst id="22">3012.9067</dst>
      <dst id="7">10660.1244</dst>
      <dst id="2">939.7600</dst>
      <dst id="16">5694.7378</dst>
      <dst id="14">25.0311</dst>
      <dst id="20">75.0844</dst>
      <dst id="11">274.6044</dst>
      <dst id="9">8801.8133</dst>
      <dst id="17">5673.2533</dst>
      <dst id="21">4148.0356</dst>
      <dst id="15">179.5733</dst>
    </src>
    <src id="23">
      <dst id="12">1082.2844</dst>
      <dst id="13">2811.5467</dst>
      <dst id="19">503.2533</dst>
      <dst id="8">148.5689</dst>
      <dst id="18">105.7067</dst>
      <dst id="4">754.2044</dst>
      <dst id="1">236.3733</dst>
      <dst id="5">153.7422</dst>
      <dst id="3">3488.5333</dst>
      <dst id="22">552.5067</dst>
      <dst id="7">7030.7111</dst>
      <dst id="2">175.2889</dst>
      <dst id="16">341.5822</dst>
      <dst id="14">39.2889</dst>
      <dst id="20">45.7867</dst>
      <dst id="11">41.5733</dst>
      <dst id="9">292.6933</dst>
      <dst id="17">2524.9244</dst>
      <dst id="21">1104.0089</dst>
      <dst id="15">0.4978</dst>
    </src>
    <src id="8">
      <dst id="12">292508.7289</dst>
      <dst id="13">2981.4844</dst>
      <dst id="19">44.1333</dst>
      <dst id="23">56.9956</dst>
      <dst id="18">673.1822</dst>
      <dst id="4">5026.8800</dst>
      <dst id="1">643.0578</dst>
      <dst id="5">1277.0578</dst>
      <dst id="3">152.8622</dst>
      <dst id="22">2264.5867</dst>
      <dst id="7">537.1467</dst>
      <dst id="2">1061.3956</dst>
      <dst id="16">5065.8222</dst>
      <dst id="14">5.2978</dst>
      <dst id="20">2465.3511</dst>
      <dst id="11">625.8667</dst>
      <dst id="9">137360.3556</dst>
      <dst id="17">139903.3600</dst>
      <dst id="21">347.9200</dst>
      <dst id="15">601.0222</dst>
    </src>
    <src id="18">
      <dst id="12">124652.9156</dst>
      <dst id="13">4799.4578</dst>
      <dst id="19">65.3156</dst>
      <dst id="23">2.3111</dst>
      <dst id="8">402.6578</dst>
      <dst id="4">2160.0889</dst>
      <dst id="1">1450.2489</dst>
      <dst id="5">617.1822</dst>
      <dst id="3">770.0711</dst>
      <dst id="22">1123.9200</dst>
      <dst id="7">252.6578</dst>
      <dst id="2">43304.6222</dst>
      <dst id="16">76.1689</dst>
      <dst id="14">200.8178</dst>
      <dst id="20">411.2800</dst>
      <dst id="11">112.5867</dst>
      <dst id="9">358.0089</dst>
      <dst id="17">56051.3422</dst>
      <dst id="21">1760.6400</dst>
      <dst id="15">29.9733</dst>
    </src>
    <src id="4">
      <dst id="12">23261.0400</dst>
      <dst id="19">39469.0400</dst>
      <dst id="8">2805.9022</dst>
      <dst id="18">2693.0578</dst>
      <dst id="4">3.8044</dst>
      <dst id="1">26639.8667</dst>
      <dst id="5">1652.7378</dst>
      <dst id="3">1737.2089</dst>
      <dst id="22">7545.6533</dst>
      <dst id="7">9973.0044</dst>
      <dst id="2">51365.0578</dst>
      <dst id="16">2935.4044</dst>
      <dst id="14">1753.2267</dst>
      <dst id="20">4579.0133</dst>
      <dst id="11">4694.5600</dst>
      <dst id="9">4367.2356</dst>
      <dst id="17">97643.4222</dst>
      <dst id="21">18561.3244</dst>
      <dst id="15">775.1644</dst>
    </src>
    <src id="1">
      <dst id="12">66015.7511</dst>
      <dst id="13">24508.9422</dst>
      <dst id="19">1426.9600</dst>
      <dst id="23">93.1289</dst>
      <dst id="8">231100.3644</dst>
      <dst id="18">16123.0489</dst>
      <dst id="4">17337.8044</dst>
      <dst id="1">205908.3733</dst>
      <dst id="5">282660.3467</dst>
      <dst id="3">2682.9067</dst>
      <dst id="22">5615.5556</dst>
      <dst id="7">12062.7911</dst>
      <dst id="2">34255.3956</dst>
      <dst id="16">10931.4844</dst>
      <dst id="14">2448.3289</dst>
      <dst id="20">338.4889</dst>
      <dst id="11">653.1467</dst>
      <dst id="9">429941.7956</dst>
      <dst id="17">10323.6000</dst>
      <dst id="21">12311.6444</dst>
      <dst id="15">3553.3333</dst>
    </src>
    <src id="5">
      <dst id="12">290968.3556</dst>
      <dst id="13">4927.6267</dst>
      <dst id="19">65.2978</dst>
      <dst id="23">5.6444</dst>
      <dst id="8">11069.3244</dst>
      <dst id="18">464.5511</dst>
      <dst id="4">8754.8978</dst>
      <dst id="1">1170.3289</dst>
      <dst id="3">126.9689</dst>
      <dst id="22">4287.6533</dst>
      <dst id="7">282.3911</dst>
      <dst id="2">7028.3022</dst>
      <dst id="16">2495.8044</dst>
      <dst id="14">132.9778</dst>
      <dst id="20">948.2667</dst>
      <dst id="11">1087.4311</dst>
      <dst id="9">158547.4578</dst>
      <dst id="17">142945.7511</dst>
      <dst id="21">543.8044</dst>
      <dst id="15">519.2000</dst>
    </src>
    <src id="3">
      <dst id="12">29187.0311</dst>
      <dst id="13">2266.4978</dst>
      <dst id="19">2492.7022</dst>
      <dst id="23">124.8178</dst>
      <dst id="8">2450.5422</dst>
      <dst id="18">181018.6489</dst>
      <dst id="4">28602.7822</dst>
      <dst id="1">10236.8178</dst>
      <dst id="5">550.0000</dst>
      <dst id="3">21455.2356</dst>
      <dst id="22">1764.9956</dst>
      <dst id="7">13950.2667</dst>
      <dst id="2">25346.8444</dst>
      <dst id="16">4311.2267</dst>
      <dst id="14">62231.9289</dst>
      <dst id="20">3832.4444</dst>
      <dst id="11">301800.5956</dst>
      <dst id="9">506.5689</dst>
      <dst id="17">16240.7556</dst>
      <dst id="21">19347.7956</dst>
      <dst id="15">164.6044</dst>
    </src>
    <src id="10">
      <dst id="12">17956.6222</dst>
      <dst id="19">8422.8089</dst>
      <dst id="8">1010.4089</dst>
      <dst id="18">1784.3111</dst>
      <dst id="1">5652.1333</dst>
      <dst id="5">1413.2622</dst>
      <dst id="3">18255.9644</dst>
      <dst id="22">6570.5067</dst>
      <dst id="7">52893.4578</dst>
      <dst id="2">65276.8622</dst>
      <dst id="16">3566.4089</dst>
      <dst id="14">4597.8756</dst>
      <dst id="20">8098.8711</dst>
      <dst id="11">7412.0267</dst>
      <dst id="9">6554.0356</dst>
      <dst id="17">48050.6400</dst>
      <dst id="21">21405.1644</dst>
      <dst id="15">1643.5644</dst>
    </src>
    <src id="22">
      <dst id="12">9958.4000</dst>
      <dst id="13">3700.3733</dst>
      <dst id="19">3300.2222</dst>
      <dst id="23">304.2578</dst>
      <dst id="8">1471.4578</dst>
      <dst id="18">964.7644</dst>
      <dst id="4">20079.4667</dst>
      <dst id="1">2599.9111</dst>
      <dst id="5">2943.7867</dst>
      <dst id="3">1502.3556</dst>
      <dst id="7">2374.4533</dst>
      <dst id="2">2937.7778</dst>
      <dst id="14">155.7600</dst>
      <dst id="11">4405.0311</dst>
      <dst id="9">3253.5911</dst>
      <dst id="17">10506.8356</dst>
      <dst id="21">1262.3467</dst>
    </src>
    <src id="7">
      <dst id="12">6224.0267</dst>
      <dst id="13">2731.4844</dst>
      <dst id="19">4299.7778</dst>
      <dst id="23">400.6133</dst>
      <dst id="8">183.0489</dst>
      <dst id="18">633.7600</dst>
      <dst id="4">12024.8444</dst>
      <dst id="1">21420.7378</dst>
      <dst id="5">1956.9956</dst>
      <dst id="3">4346.7822</dst>
      <dst id="22">4486.6311</dst>
      <dst id="7">827.6889</dst>
      <dst id="2">12197.2000</dst>
      <dst id="16">1021.3778</dst>
      <dst id="14">170.5600</dst>
      <dst id="20">524.8000</dst>
      <dst id="11">2668.9067</dst>
      <dst id="9">4792.7200</dst>
      <dst id="17">31471.9022</dst>
      <dst id="21">8348.4444</dst>
      <dst id="15">878.3200</dst>
    </src>
    <src id="2">
      <dst id="12">181969.3867</dst>
      <dst id="13">6706.1156</dst>
      <dst id="19">7325.8222</dst>
      <dst id="23">28.8356</dst>
      <dst id="8">5185.1022</dst>
      <dst id="18">170534.0356</dst>
      <dst id="4">92139.1733</dst>
      <dst id="1">11120.0622</dst>
      <dst id="5">1384.1333</dst>
      <dst id="3">443.9467</dst>
      <dst id="22">3681.4222</dst>
      <dst id="7">15379.2978</dst>
      <dst id="2">1877.1022</dst>
      <dst id="16">16046.2933</dst>
      <dst id="14">2090.0533</dst>
      <dst id="20">1719.8311</dst>
      <dst id="11">9151.3333</dst>
      <dst id="9">2080.3022</dst>
      <dst id="17">20128.1156</dst>
      <dst id="21">30043.7956</dst>
      <dst id="15">4513.6267</dst>
    </src>
    <src id="6">
      <dst id="12">3639.3156</dst>
      <dst id="13">99.9556</dst>
      <dst id="19">39.5022</dst>
      <dst id="8">11.4667</dst>
      <dst id="18">3.3244</dst>
      <dst id="4">1790.6933</dst>
      <dst id="1">146.9867</dst>
      <dst id="5">12.7289</dst>
      <dst id="3">60.6400</dst>
      <dst id="22">127.7333</dst>
      <dst id="7">493.2622</dst>
      <dst id="2">1923.9467</dst>
      <dst id="16">84.3733</dst>
      <dst id="14">6.1422</dst>
      <dst id="20">36.8533</dst>
      <dst id="11">144.9778</dst>
      <dst id="9">34.3200</dst>
      <dst id="17">1849.5111</dst>
      <dst id="21">73.4578</dst>
      <dst id="15">0.8178</dst>
    </src>
    <src id="16">
      <dst id="12">2298.1422</dst>
      <dst id="13">10090.7467</dst>
      <dst id="19">4067.5289</dst>
      <dst id="23">74.0356</dst>
      <dst id="8">6238.1689</dst>
      <dst id="18">18.3111</dst>
      <dst id="4">4043.3511</dst>
      <dst id="1">24785.7511</dst>
      <dst id="5">10292.1067</dst>
      <dst id="3">85.8133</dst>
      <dst id="22">0.9244</dst>
      <dst id="7">810.0178</dst>
      <dst id="2">1509.0222</dst>
      <dst id="16">29.2889</dst>
      <dst id="14">201.1200</dst>
      <dst id="11">884.8444</dst>
      <dst id="9">11613.5644</dst>
      <dst id="17">6410.8800</dst>
      <dst id="21">3276.6756</dst>
    </src>
    <src id="14">
      <dst id="12">35165.2444</dst>
      <dst id="13">68.4800</dst>
      <dst id="19">75.3333</dst>
      <dst id="23">1.0311</dst>
      <dst id="18">5.8222</dst>
      <dst id="4">2240.2489</dst>
      <dst id="1">140.6756</dst>
      <dst id="5">29.5556</dst>
      <dst id="3">133.5911</dst>
      <dst id="22">68.3911</dst>
      <dst id="7">679.0756</dst>
      <dst id="2">5340.2133</dst>
      <dst id="16">69.0844</dst>
      <dst id="20">168.2933</dst>
      <dst id="11">43.2267</dst>
      <dst id="9">125.7956</dst>
      <dst id="17">12676.9156</dst>
      <dst id="21">222.4356</dst>
      <dst id="15">1.3156</dst>
    </src>
    <src id="20">
      <dst id="12">8651.0489</dst>
      <dst id="13">3893.3867</dst>
      <dst id="19">208.2133</dst>
      <dst id="23">1549.4756</dst>
      <dst id="8">2469.0222</dst>
      <dst id="18">99.3689</dst>
      <dst id="4">8579.5022</dst>
      <dst id="1">444.9867</dst>
      <dst id="5">2975.8756</dst>
      <dst id="3">2420.4978</dst>
      <dst id="7">4402.7733</dst>
      <dst id="2">2679.4489</dst>
      <dst id="14">174.5956</dst>
      <dst id="11">2195.9911</dst>
      <dst id="9">11408.1956</dst>
      <dst id="17">10107.4844</dst>
      <dst id="21">762.2933</dst>
    </src>
    <src id="11">
      <dst id="12">465013.7422</dst>
      <dst id="13">3641.2444</dst>
      <dst id="19">16.0533</dst>
      <dst id="23">29.3333</dst>
      <dst id="8">5178.6578</dst>
      <dst id="18">462.9422</dst>
      <dst id="4">7266.4978</dst>
      <dst id="1">922.5867</dst>
      <dst id="5">2097.0222</dst>
      <dst id="3">11472.2933</dst>
      <dst id="22">2508.2756</dst>
      <dst id="7">438.5867</dst>
      <dst id="2">110750.3556</dst>
      <dst id="16">485.1644</dst>
      <dst id="14">331.8044</dst>
      <dst id="20">2915.3067</dst>
      <dst id="11">5720.6933</dst>
      <dst id="9">3888.4267</dst>
      <dst id="17">197806.4000</dst>
      <dst id="21">1262.3289</dst>
      <dst id="15">109.1644</dst>
    </src>
    <src id="9">
      <dst id="12">460103.0756</dst>
      <dst id="13">12923.0222</dst>
      <dst id="19">611.4222</dst>
      <dst id="23">5.0133</dst>
      <dst id="8">241880.9511</dst>
      <dst id="18">203.2889</dst>
      <dst id="4">8301.4044</dst>
      <dst id="1">1732.4000</dst>
      <dst id="5">2969.7156</dst>
      <dst id="3">39.4311</dst>
      <dst id="22">8218.6756</dst>
      <dst id="7">910.7822</dst>
      <dst id="2">2694.3467</dst>
      <dst id="16">2048.5244</dst>
      <dst id="14">49.6800</dst>
      <dst id="20">3163.4133</dst>
      <dst id="11">3738.7289</dst>
      <dst id="9">570918.7200</dst>
      <dst id="17">244350.9244</dst>
      <dst id="21">2996.3556</dst>
      <dst id="15">12379.6089</dst>
    </src>
    <src id="17">
      <dst id="12">22670.0178</dst>
      <dst id="13">21148.0444</dst>
      <dst id="19">6208.8533</dst>
      <dst id="23">268.8711</dst>
      <dst id="8">3055.5289</dst>
      <dst id="18">2128.7111</dst>
      <dst id="4">42332.4267</dst>
      <dst id="1">18974.4356</dst>
      <dst id="5">292676.4000</dst>
      <dst id="3">78139.7600</dst>
      <dst id="22">15532.2578</dst>
      <dst id="7">28999.2089</dst>
      <dst id="2">24125.9733</dst>
      <dst id="16">15090.9333</dst>
      <dst id="14">45167.2356</dst>
      <dst id="20">4191.3422</dst>
      <dst id="11">270780.4978</dst>
      <dst id="9">9250.5956</dst>
      <dst id="17">5005.2356</dst>
      <dst id="21">24816.2489</dst>
      <dst id="15">2287.8667</dst>
    </src>
    <src id="21">
      <dst id="12">29673.2444</dst>
      <dst id="13">2859.8311</dst>
      <dst id="19">858.1333</dst>
      <dst id="23">99.4133</dst>
      <dst id="8">322.2133</dst>
      <dst id="18">2848.4889</dst>
      <dst id="4">23610.1689</dst>
      <dst id="1">3354.9244</dst>
      <dst id="5">1013.1822</dst>
      <dst id="3">4057.6978</dst>
      <dst id="22">3120.0356</dst>
      <dst id="7">6238.9600</dst>
      <dst id="2">12517.0222</dst>
      <dst id="16">6908.7644</dst>
      <dst id="14">188.1067</dst>
      <dst id="20">1199.4400</dst>
      <dst id="11">1420.2578</dst>
      <dst id="9">2088.9689</dst>
      <dst id="17">73363.4400</dst>
      <dst id="21">4135.5467</dst>
      <dst id="15">144.1156</dst>
    </src>
    <src id="15">
      <dst id="12">1803.1289</dst>
      <dst id="13">1111.1022</dst>
      <dst id="19">133.1556</dst>
      <dst id="23">0.4267</dst>
      <dst id="8">1789.2089</dst>
      <dst id="18">185.9556</dst>
      <dst id="4">1365.8667</dst>
      <dst id="1">942.3644</dst>
      <dst id="5">635.3600</dst>
      <dst id="3">5.8667</dst>
      <dst id="7">110.3111</dst>
      <dst id="2">316.2933</dst>
      <dst id="14">13.6267</dst>
      <dst id="11">1506.6133</dst>
      <dst id="9">7283.5467</dst>
      <dst id="17">3709.5200</dst>
      <dst id="21">238.4800</dst>
    </src>
  </IntraTM>
</TrafficMatrixFile>
