<?xml version="1.0" encoding="UTF-8" standalone="yes"?>
<TrafficMatrixFile xmlns:xsi="http://www.w3.org/2001/XMLSchema-instance" xsi:noNamespaceSchemaLocation="http://totem.run.montefiore.ulg.ac.be/Schema/TrafficMatrix-v1_2.xsd">
  <info>
    <title>Intradomain traffic matrix generated by geant-TM-all.pl</title>
    <date>2005-02-10T11:15:00</date>
    <duration>900</duration>
    <author>Steve Uhlig</author>
    <units>
        <unit type="bandwidth" value="kbps"/>
    </units>
  </info>
  <IntraTM ASID="20965">
    <src id="12">
      <dst id="12">290641.5378</dst>
      <dst id="13">17246.8800</dst>
      <dst id="19">4835.3333</dst>
      <dst id="23">92.4089</dst>
      <dst id="8">162.6311</dst>
      <dst id="18">78183.8311</dst>
      <dst id="4">93301.6978</dst>
      <dst id="1">9220.0978</dst>
      <dst id="5">2637.8667</dst>
      <dst id="3">167.1644</dst>
      <dst id="10">14759.8044</dst>
      <dst id="22">4714.0622</dst>
      <dst id="7">16817.0133</dst>
      <dst id="2">41459.4311</dst>
      <dst id="16">7430.8533</dst>
      <dst id="14">224.0978</dst>
      <dst id="20">4209.3333</dst>
      <dst id="11">110.3200</dst>
      <dst id="9">7181.7333</dst>
      <dst id="17">47455.7867</dst>
      <dst id="21">3148.1511</dst>
      <dst id="15">103.5378</dst>
    </src>
    <src id="13">
      <dst id="12">63504.9067</dst>
      <dst id="19">13030.7289</dst>
      <dst id="23">616.5244</dst>
      <dst id="8">2590.7733</dst>
      <dst id="18">4042.9067</dst>
      <dst id="1">2572.5511</dst>
      <dst id="5">5339.6800</dst>
      <dst id="3">293.2978</dst>
      <dst id="22">8044.4800</dst>
      <dst id="7">33147.6800</dst>
      <dst id="2">35884.3022</dst>
      <dst id="16">7310.8178</dst>
      <dst id="14">1191.8489</dst>
      <dst id="20">2369.1200</dst>
      <dst id="11">188.4267</dst>
      <dst id="9">6078.8000</dst>
      <dst id="17">78410.8178</dst>
      <dst id="21">8096.9422</dst>
      <dst id="15">969.9822</dst>
    </src>
    <src id="19">
      <dst id="12">16672.4533</dst>
      <dst id="13">427.3422</dst>
      <dst id="23">1.1378</dst>
      <dst id="8">33.2800</dst>
      <dst id="18">827.7689</dst>
      <dst id="4">20135.3244</dst>
      <dst id="1">300.9244</dst>
      <dst id="5">97.5022</dst>
      <dst id="3">2.7378</dst>
      <dst id="10">373.7511</dst>
      <dst id="22">297.2622</dst>
      <dst id="7">3396.0800</dst>
      <dst id="2">25526.3378</dst>
      <dst id="16">15758.8178</dst>
      <dst id="14">1.4578</dst>
      <dst id="20">68.9244</dst>
      <dst id="11">0.8178</dst>
      <dst id="9">11.8933</dst>
      <dst id="17">1175.4578</dst>
      <dst id="21">448.8800</dst>
      <dst id="15">63.2533</dst>
    </src>
    <src id="23">
      <dst id="12">160.2044</dst>
      <dst id="13">24.7111</dst>
      <dst id="8">0.3556</dst>
      <dst id="18">3.5733</dst>
      <dst id="4">2375.8044</dst>
      <dst id="1">6.0178</dst>
      <dst id="5">66.8711</dst>
      <dst id="10">249.6089</dst>
      <dst id="22">17.6533</dst>
      <dst id="7">147.6267</dst>
      <dst id="2">239.4844</dst>
      <dst id="16">1.7067</dst>
      <dst id="20">1.7067</dst>
      <dst id="11">13.3333</dst>
      <dst id="9">39.9644</dst>
      <dst id="17">789.2267</dst>
      <dst id="21">53.0844</dst>
    </src>
    <src id="8">
      <dst id="12">19992.1156</dst>
      <dst id="13">498.7911</dst>
      <dst id="19">1.7689</dst>
      <dst id="23">0.3556</dst>
      <dst id="18">84.8889</dst>
      <dst id="4">1594.9956</dst>
      <dst id="1">7461.2533</dst>
      <dst id="5">808.6133</dst>
      <dst id="3">5.6978</dst>
      <dst id="10">103.0756</dst>
      <dst id="22">357.3689</dst>
      <dst id="7">18.4711</dst>
      <dst id="2">262.8978</dst>
      <dst id="16">325.1556</dst>
      <dst id="20">6.9600</dst>
      <dst id="11">0.3556</dst>
      <dst id="9">177847.5911</dst>
      <dst id="17">311413.3067</dst>
      <dst id="21">101.5556</dst>
      <dst id="15">27.5911</dst>
    </src>
    <src id="18">
      <dst id="12">183633.9911</dst>
      <dst id="13">231.8222</dst>
      <dst id="19">13.2711</dst>
      <dst id="23">1.4933</dst>
      <dst id="8">57.4578</dst>
      <dst id="4">2181.0133</dst>
      <dst id="1">618.0978</dst>
      <dst id="5">411.6267</dst>
      <dst id="3">524.5956</dst>
      <dst id="10">149.0311</dst>
      <dst id="22">555.8844</dst>
      <dst id="7">51.3511</dst>
      <dst id="2">47061.8756</dst>
      <dst id="16">10.8444</dst>
      <dst id="14">13.6533</dst>
      <dst id="20">3.2089</dst>
      <dst id="9">235.4222</dst>
      <dst id="17">12382.4622</dst>
      <dst id="21">751.1200</dst>
      <dst id="15">90.9689</dst>
    </src>
    <src id="4">
      <dst id="12">9975.8044</dst>
      <dst id="19">3040.5600</dst>
      <dst id="23">84.2578</dst>
      <dst id="8">385.3600</dst>
      <dst id="18">1314.7733</dst>
      <dst id="4">208.5956</dst>
      <dst id="1">147216.1600</dst>
      <dst id="5">965.9200</dst>
      <dst id="3">155.6978</dst>
      <dst id="22">1075.6800</dst>
      <dst id="7">114379.8044</dst>
      <dst id="2">32411.1378</dst>
      <dst id="16">692.6133</dst>
      <dst id="14">399.5022</dst>
      <dst id="20">646.0178</dst>
      <dst id="11">580.2844</dst>
      <dst id="9">3160.6933</dst>
      <dst id="17">19253.0311</dst>
      <dst id="21">2272.3111</dst>
      <dst id="15">233.6800</dst>
    </src>
    <src id="1">
      <dst id="12">20524.9422</dst>
      <dst id="13">282.6578</dst>
      <dst id="19">93.4578</dst>
      <dst id="23">20.5867</dst>
      <dst id="8">57.3956</dst>
      <dst id="18">13224.3200</dst>
      <dst id="4">6197.3511</dst>
      <dst id="1">114891.6622</dst>
      <dst id="5">818.9067</dst>
      <dst id="3">38.2222</dst>
      <dst id="10">137.4311</dst>
      <dst id="22">97.2533</dst>
      <dst id="7">500.4356</dst>
      <dst id="2">15508.7378</dst>
      <dst id="16">21356.6489</dst>
      <dst id="14">2269.1911</dst>
      <dst id="20">71.2978</dst>
      <dst id="11">76.8711</dst>
      <dst id="9">736.5956</dst>
      <dst id="17">19593.3867</dst>
      <dst id="21">5321.1022</dst>
      <dst id="15">131.6711</dst>
    </src>
    <src id="5">
      <dst id="12">21387.5111</dst>
      <dst id="13">2313.2889</dst>
      <dst id="19">397.6622</dst>
      <dst id="23">43.6711</dst>
      <dst id="8">716.3200</dst>
      <dst id="18">250.3467</dst>
      <dst id="4">11227.2444</dst>
      <dst id="1">7238.9422</dst>
      <dst id="3">31.4844</dst>
      <dst id="10">1462.4978</dst>
      <dst id="22">8998.2311</dst>
      <dst id="7">77.8756</dst>
      <dst id="2">157.6533</dst>
      <dst id="16">287.7156</dst>
      <dst id="14">10.3733</dst>
      <dst id="20">1588.3111</dst>
      <dst id="11">0.4622</dst>
      <dst id="9">84547.6711</dst>
      <dst id="17">430762.6133</dst>
      <dst id="21">322.3200</dst>
      <dst id="15">79.7244</dst>
    </src>
    <src id="3">
      <dst id="12">9555.9289</dst>
      <dst id="13">635.2800</dst>
      <dst id="19">4304.0622</dst>
      <dst id="8">18.8089</dst>
      <dst id="18">99.5822</dst>
      <dst id="4">15796.9689</dst>
      <dst id="1">4109.2089</dst>
      <dst id="5">539.3689</dst>
      <dst id="3">88.1956</dst>
      <dst id="10">848.8800</dst>
      <dst id="22">1109.1556</dst>
      <dst id="7">803.4667</dst>
      <dst id="2">2558.8533</dst>
      <dst id="16">1317.2356</dst>
      <dst id="14">139.1200</dst>
      <dst id="20">70.6044</dst>
      <dst id="11">100.2133</dst>
      <dst id="9">214.0178</dst>
      <dst id="17">30144.4178</dst>
      <dst id="21">955.7600</dst>
      <dst id="15">31.5111</dst>
    </src>
    <src id="10">
      <dst id="12">145538.3022</dst>
      <dst id="19">2108.9867</dst>
      <dst id="23">2118.0800</dst>
      <dst id="8">71145.8667</dst>
      <dst id="18">1305.2267</dst>
      <dst id="1">353.6978</dst>
      <dst id="5">155632.8000</dst>
      <dst id="3">9781.5378</dst>
      <dst id="22">3460.8800</dst>
      <dst id="7">50273.6889</dst>
      <dst id="2">18930.1511</dst>
      <dst id="16">880.1067</dst>
      <dst id="14">24112.5511</dst>
      <dst id="20">518.0978</dst>
      <dst id="11">11926.5244</dst>
      <dst id="9">184708.1689</dst>
      <dst id="17">29572.9778</dst>
      <dst id="21">7968.4444</dst>
      <dst id="15">1384.6133</dst>
    </src>
    <src id="22">
      <dst id="12">6588.3556</dst>
      <dst id="13">5794.6489</dst>
      <dst id="19">116.9689</dst>
      <dst id="23">50.4444</dst>
      <dst id="8">680.9867</dst>
      <dst id="18">377.3511</dst>
      <dst id="4">8113.0311</dst>
      <dst id="1">74.7289</dst>
      <dst id="5">3403.4044</dst>
      <dst id="3">150.5067</dst>
      <dst id="10">961.9200</dst>
      <dst id="7">836.7644</dst>
      <dst id="2">3247.1022</dst>
      <dst id="14">122.6844</dst>
      <dst id="11">82.9867</dst>
      <dst id="9">4229.5289</dst>
      <dst id="17">4455.2089</dst>
      <dst id="21">2192.3556</dst>
    </src>
    <src id="7">
      <dst id="12">2928.5956</dst>
      <dst id="13">468.2133</dst>
      <dst id="19">129.5200</dst>
      <dst id="23">36.6489</dst>
      <dst id="8">406.4800</dst>
      <dst id="18">748.1689</dst>
      <dst id="4">16508.5156</dst>
      <dst id="1">3084.5067</dst>
      <dst id="5">880.9778</dst>
      <dst id="3">140.3822</dst>
      <dst id="10">862.6400</dst>
      <dst id="22">2510.5956</dst>
      <dst id="7">786.2400</dst>
      <dst id="2">7862.2489</dst>
      <dst id="16">547.3956</dst>
      <dst id="14">109.6267</dst>
      <dst id="20">2621.3156</dst>
      <dst id="11">39.2267</dst>
      <dst id="9">452.0267</dst>
      <dst id="17">6420.8533</dst>
      <dst id="21">4119.1911</dst>
      <dst id="15">367.3333</dst>
    </src>
    <src id="2">
      <dst id="12">64033.1467</dst>
      <dst id="13">7154.9867</dst>
      <dst id="19">169.0933</dst>
      <dst id="23">3.6978</dst>
      <dst id="8">95.8844</dst>
      <dst id="18">54427.8311</dst>
      <dst id="4">65270.8533</dst>
      <dst id="1">2539.1111</dst>
      <dst id="5">440.6311</dst>
      <dst id="3">16.9689</dst>
      <dst id="10">6819.3867</dst>
      <dst id="22">1690.3378</dst>
      <dst id="7">9307.6267</dst>
      <dst id="2">1414.5511</dst>
      <dst id="16">163.4133</dst>
      <dst id="14">160.2844</dst>
      <dst id="20">340.3111</dst>
      <dst id="11">60.7289</dst>
      <dst id="9">638.4711</dst>
      <dst id="17">133428.9156</dst>
      <dst id="21">2064.1511</dst>
      <dst id="15">97.5289</dst>
    </src>
    <src id="6">
      <dst id="12">840.9511</dst>
      <dst id="13">15.8311</dst>
      <dst id="19">16.5422</dst>
      <dst id="4">53.3511</dst>
      <dst id="1">41.5111</dst>
      <dst id="5">17.8844</dst>
      <dst id="10">0.4267</dst>
      <dst id="22">19.2267</dst>
      <dst id="7">1.1022</dst>
      <dst id="2">2569.5644</dst>
      <dst id="9">1.1378</dst>
      <dst id="17">8599.8756</dst>
      <dst id="21">13.1556</dst>
      <dst id="15">0.3378</dst>
    </src>
    <src id="16">
      <dst id="12">3328.3556</dst>
      <dst id="13">285.8578</dst>
      <dst id="19">4308.1778</dst>
      <dst id="8">2764.1778</dst>
      <dst id="18">109.5733</dst>
      <dst id="4">3210.6133</dst>
      <dst id="1">24658.1156</dst>
      <dst id="5">575.8844</dst>
      <dst id="3">10.9156</dst>
      <dst id="10">820.5689</dst>
      <dst id="7">796.0800</dst>
      <dst id="2">809.6267</dst>
      <dst id="16">6.7200</dst>
      <dst id="14">1.8311</dst>
      <dst id="11">0.4267</dst>
      <dst id="9">3639.0756</dst>
      <dst id="17">2270.4089</dst>
      <dst id="21">1628.8178</dst>
    </src>
    <src id="14">
      <dst id="12">956.6311</dst>
      <dst id="13">26.3911</dst>
      <dst id="19">3.9822</dst>
      <dst id="23">0.4622</dst>
      <dst id="8">0.3556</dst>
      <dst id="18">1.0844</dst>
      <dst id="4">1472.3644</dst>
      <dst id="1">1130.9600</dst>
      <dst id="5">154.9511</dst>
      <dst id="3">163.8489</dst>
      <dst id="10">301.5111</dst>
      <dst id="22">2.8089</dst>
      <dst id="7">313.6622</dst>
      <dst id="2">2770.6578</dst>
      <dst id="20">2.8267</dst>
      <dst id="11">1.0844</dst>
      <dst id="9">0.3556</dst>
      <dst id="17">21998.1867</dst>
      <dst id="21">69.7067</dst>
      <dst id="15">0.4622</dst>
    </src>
    <src id="20">
      <dst id="12">8774.7556</dst>
      <dst id="13">3620.0978</dst>
      <dst id="19">43.4667</dst>
      <dst id="23">1.2622</dst>
      <dst id="8">138.0533</dst>
      <dst id="18">17.8222</dst>
      <dst id="4">12332.9956</dst>
      <dst id="1">3.8667</dst>
      <dst id="5">13203.0311</dst>
      <dst id="3">0.3556</dst>
      <dst id="10">905.5289</dst>
      <dst id="7">39.0400</dst>
      <dst id="2">1875.5111</dst>
      <dst id="14">267.6622</dst>
      <dst id="20">0.8178</dst>
      <dst id="11">0.8622</dst>
      <dst id="9">827.4222</dst>
      <dst id="17">4972.2400</dst>
      <dst id="21">87.1022</dst>
    </src>
    <src id="11">
      <dst id="12">37603.3867</dst>
      <dst id="13">2426.2844</dst>
      <dst id="19">35.1022</dst>
      <dst id="23">0.4622</dst>
      <dst id="8">1263.5822</dst>
      <dst id="18">632.7111</dst>
      <dst id="4">14025.1022</dst>
      <dst id="1">374.5422</dst>
      <dst id="5">1861.8756</dst>
      <dst id="3">3.8489</dst>
      <dst id="10">320.8089</dst>
      <dst id="22">2245.5289</dst>
      <dst id="7">403.1289</dst>
      <dst id="2">122478.9778</dst>
      <dst id="16">217.6178</dst>
      <dst id="14">72.3111</dst>
      <dst id="20">2210.5778</dst>
      <dst id="11">1182.9422</dst>
      <dst id="9">1458.3467</dst>
      <dst id="17">749731.1644</dst>
      <dst id="21">1319.8400</dst>
      <dst id="15">1536.8356</dst>
    </src>
    <src id="9">
      <dst id="12">32824.6844</dst>
      <dst id="13">3837.4400</dst>
      <dst id="19">5.5733</dst>
      <dst id="23">151.2711</dst>
      <dst id="8">84643.2622</dst>
      <dst id="18">105.8578</dst>
      <dst id="4">10746.0444</dst>
      <dst id="1">15904.1867</dst>
      <dst id="5">1683.4756</dst>
      <dst id="3">5.7778</dst>
      <dst id="10">465.4756</dst>
      <dst id="22">3406.5244</dst>
      <dst id="7">158.9600</dst>
      <dst id="2">1530.2044</dst>
      <dst id="16">304.0978</dst>
      <dst id="14">15.1378</dst>
      <dst id="20">3049.9467</dst>
      <dst id="11">52.1156</dst>
      <dst id="9">417290.7378</dst>
      <dst id="17">494220.8267</dst>
      <dst id="21">69.6089</dst>
      <dst id="15">1365.6533</dst>
    </src>
    <src id="17">
      <dst id="12">121031.8044</dst>
      <dst id="13">1049.6178</dst>
      <dst id="19">9612.1600</dst>
      <dst id="23">3.0933</dst>
      <dst id="8">133.5111</dst>
      <dst id="18">152.6578</dst>
      <dst id="4">49250.5778</dst>
      <dst id="1">901.4844</dst>
      <dst id="5">128855.5200</dst>
      <dst id="3">812.3556</dst>
      <dst id="10">3522.6311</dst>
      <dst id="22">5498.7378</dst>
      <dst id="7">2758.0622</dst>
      <dst id="2">15841.4222</dst>
      <dst id="16">4740.0267</dst>
      <dst id="14">8989.0400</dst>
      <dst id="20">560.3556</dst>
      <dst id="11">14212.3200</dst>
      <dst id="9">1666.3911</dst>
      <dst id="17">21715.6178</dst>
      <dst id="21">6125.8756</dst>
      <dst id="15">494.2400</dst>
    </src>
    <src id="21">
      <dst id="12">5569.8044</dst>
      <dst id="13">440.4800</dst>
      <dst id="19">428.4978</dst>
      <dst id="23">1.0311</dst>
      <dst id="8">124.7289</dst>
      <dst id="18">14372.3378</dst>
      <dst id="4">25252.0089</dst>
      <dst id="1">2779.3778</dst>
      <dst id="5">390.9067</dst>
      <dst id="3">509.1822</dst>
      <dst id="10">675.7244</dst>
      <dst id="22">1046.1956</dst>
      <dst id="7">9807.0756</dst>
      <dst id="2">7530.4800</dst>
      <dst id="16">360.4444</dst>
      <dst id="14">67.7511</dst>
      <dst id="20">209.0489</dst>
      <dst id="11">80.7822</dst>
      <dst id="9">254.1511</dst>
      <dst id="17">21217.6178</dst>
      <dst id="21">1693.5467</dst>
      <dst id="15">408.0267</dst>
    </src>
    <src id="15">
      <dst id="12">1161.2711</dst>
      <dst id="13">630.7378</dst>
      <dst id="19">3260.6489</dst>
      <dst id="8">13.5022</dst>
      <dst id="18">899.7956</dst>
      <dst id="4">570.7556</dst>
      <dst id="1">64.0178</dst>
      <dst id="5">190.1156</dst>
      <dst id="10">332.7822</dst>
      <dst id="7">33.6267</dst>
      <dst id="2">127.5111</dst>
      <dst id="14">13.1733</dst>
      <dst id="11">12.6222</dst>
      <dst id="9">1124.6133</dst>
      <dst id="17">565.6356</dst>
      <dst id="21">62.4889</dst>
    </src>
  </IntraTM>
</TrafficMatrixFile>
