<?xml version="1.0" encoding="UTF-8" standalone="yes"?>
<TrafficMatrixFile xmlns:xsi="http://www.w3.org/2001/XMLSchema-instance" xsi:noNamespaceSchemaLocation="http://totem.run.montefiore.ulg.ac.be/Schema/TrafficMatrix-v1_2.xsd">
  <info>
    <title>Intradomain traffic matrix generated by geant-TM-all.pl</title>
    <date>2005-03-27T00:15:00</date>
    <duration>900</duration>
    <author>Steve Uhlig</author>
    <units>
        <unit type="bandwidth" value="kbps"/>
    </units>
  </info>
  <IntraTM ASID="20965">
    <src id="12">
      <dst id="12">353620.7644</dst>
      <dst id="13">43404.6489</dst>
      <dst id="19">3203.1822</dst>
      <dst id="23">11584.0089</dst>
      <dst id="8">877.7156</dst>
      <dst id="18">174522.8267</dst>
      <dst id="4">9993.8311</dst>
      <dst id="1">33381.7689</dst>
      <dst id="5">7822.4089</dst>
      <dst id="3">5739.8044</dst>
      <dst id="10">3212.4444</dst>
      <dst id="22">11579.2800</dst>
      <dst id="7">10867.9822</dst>
      <dst id="2">32065.3600</dst>
      <dst id="6">25029.6711</dst>
      <dst id="16">23063.9556</dst>
      <dst id="14">636.6044</dst>
      <dst id="20">2712.9156</dst>
      <dst id="11">721.0489</dst>
      <dst id="9">27230.6578</dst>
      <dst id="17">62032.2578</dst>
      <dst id="21">15518.0711</dst>
      <dst id="15">1420.4711</dst>
    </src>
    <src id="13">
      <dst id="12">15492.4800</dst>
      <dst id="13">652.0000</dst>
      <dst id="19">2702.2044</dst>
      <dst id="23">303.8044</dst>
      <dst id="8">1401.2889</dst>
      <dst id="18">953.2533</dst>
      <dst id="1">1199.7956</dst>
      <dst id="5">2887.3956</dst>
      <dst id="3">495.9556</dst>
      <dst id="10">0.7111</dst>
      <dst id="22">2394.4978</dst>
      <dst id="7">3318.6489</dst>
      <dst id="2">29874.3644</dst>
      <dst id="6">247.7600</dst>
      <dst id="16">31812.5511</dst>
      <dst id="14">163.7511</dst>
      <dst id="20">24184.7378</dst>
      <dst id="11">1808.4000</dst>
      <dst id="9">3021.8311</dst>
      <dst id="17">31250.5600</dst>
      <dst id="21">1492.1067</dst>
      <dst id="15">203.4667</dst>
    </src>
    <src id="19">
      <dst id="12">37332.2222</dst>
      <dst id="13">2875.9467</dst>
      <dst id="23">149.7956</dst>
      <dst id="8">14.6044</dst>
      <dst id="18">86.9511</dst>
      <dst id="4">399.2889</dst>
      <dst id="1">357.0756</dst>
      <dst id="5">53.8489</dst>
      <dst id="3">13.6889</dst>
      <dst id="10">393.1022</dst>
      <dst id="22">106.3111</dst>
      <dst id="7">8913.1289</dst>
      <dst id="2">1321.1022</dst>
      <dst id="6">123.2978</dst>
      <dst id="16">903.4222</dst>
      <dst id="14">219.4311</dst>
      <dst id="20">2.8356</dst>
      <dst id="11">13.1200</dst>
      <dst id="9">7.7156</dst>
      <dst id="17">3966.2933</dst>
      <dst id="21">141.4133</dst>
      <dst id="15">145.2444</dst>
    </src>
    <src id="23">
      <dst id="12">7434.0533</dst>
      <dst id="13">681.1644</dst>
      <dst id="19">227.6978</dst>
      <dst id="8">14.8800</dst>
      <dst id="18">8.8889</dst>
      <dst id="4">2327.7600</dst>
      <dst id="1">194.2933</dst>
      <dst id="5">22.4622</dst>
      <dst id="3">39.9378</dst>
      <dst id="10">259.4667</dst>
      <dst id="22">628.5778</dst>
      <dst id="7">521.1911</dst>
      <dst id="2">614.5333</dst>
      <dst id="6">3.5378</dst>
      <dst id="16">50.8089</dst>
      <dst id="14">1.5289</dst>
      <dst id="20">1552.8178</dst>
      <dst id="11">33.4667</dst>
      <dst id="9">348.2400</dst>
      <dst id="17">1910.7467</dst>
      <dst id="21">163.5200</dst>
    </src>
    <src id="8">
      <dst id="12">5203.8311</dst>
      <dst id="13">10170.5333</dst>
      <dst id="19">1.5022</dst>
      <dst id="23">0.3556</dst>
      <dst id="18">2414.2311</dst>
      <dst id="4">864.0800</dst>
      <dst id="1">2708.9956</dst>
      <dst id="5">827.7067</dst>
      <dst id="10">706.3200</dst>
      <dst id="22">108.2844</dst>
      <dst id="7">7.9644</dst>
      <dst id="2">96.6222</dst>
      <dst id="6">3.7244</dst>
      <dst id="16">209556.8711</dst>
      <dst id="11">320.0000</dst>
      <dst id="9">72464.3378</dst>
      <dst id="17">23427.9911</dst>
      <dst id="21">31.4400</dst>
      <dst id="15">3.2000</dst>
    </src>
    <src id="18">
      <dst id="12">142861.5467</dst>
      <dst id="13">257.4844</dst>
      <dst id="19">27.5556</dst>
      <dst id="23">12.6222</dst>
      <dst id="8">52.2133</dst>
      <dst id="4">270.2400</dst>
      <dst id="1">7089.3778</dst>
      <dst id="5">307.9822</dst>
      <dst id="3">5006.0356</dst>
      <dst id="10">63.8933</dst>
      <dst id="22">390.2311</dst>
      <dst id="7">622.0356</dst>
      <dst id="2">15347.2622</dst>
      <dst id="6">4.8622</dst>
      <dst id="16">869.9822</dst>
      <dst id="14">29.9378</dst>
      <dst id="20">3.5733</dst>
      <dst id="9">464.5422</dst>
      <dst id="17">6065.4756</dst>
      <dst id="21">1693.8044</dst>
      <dst id="15">23.2889</dst>
    </src>
    <src id="4">
      <dst id="12">35721.5911</dst>
      <dst id="13">1.8311</dst>
      <dst id="19">16587.1822</dst>
      <dst id="23">3585.4489</dst>
      <dst id="8">3264.1511</dst>
      <dst id="18">6823.7422</dst>
      <dst id="4">722.5244</dst>
      <dst id="1">238161.9289</dst>
      <dst id="5">5696.8622</dst>
      <dst id="3">1430.2489</dst>
      <dst id="22">1991.5644</dst>
      <dst id="7">7212.9778</dst>
      <dst id="2">82076.3556</dst>
      <dst id="6">275.4222</dst>
      <dst id="16">105977.8933</dst>
      <dst id="14">5125.2622</dst>
      <dst id="11">425.3600</dst>
      <dst id="9">36558.7556</dst>
      <dst id="17">88161.3956</dst>
      <dst id="21">17393.7422</dst>
      <dst id="15">2028.2578</dst>
    </src>
    <src id="1">
      <dst id="12">394446.2222</dst>
      <dst id="13">8848.4889</dst>
      <dst id="19">938.9867</dst>
      <dst id="23">232.6400</dst>
      <dst id="8">144.1956</dst>
      <dst id="18">13786.9511</dst>
      <dst id="4">1041.8756</dst>
      <dst id="1">121588.1156</dst>
      <dst id="5">1826.0178</dst>
      <dst id="3">703.2178</dst>
      <dst id="10">333.5911</dst>
      <dst id="22">0.3556</dst>
      <dst id="7">26834.5778</dst>
      <dst id="2">18630.7733</dst>
      <dst id="6">58.6311</dst>
      <dst id="16">847960.7733</dst>
      <dst id="14">159.7778</dst>
      <dst id="20">494.7467</dst>
      <dst id="11">1114.8178</dst>
      <dst id="9">13290.5244</dst>
      <dst id="17">375115.8133</dst>
      <dst id="21">13718.4978</dst>
      <dst id="15">426.6933</dst>
    </src>
    <src id="5">
      <dst id="12">8105.4400</dst>
      <dst id="13">1249.6889</dst>
      <dst id="19">4.3911</dst>
      <dst id="23">5.3778</dst>
      <dst id="8">210.9422</dst>
      <dst id="18">166.4444</dst>
      <dst id="4">2547.7600</dst>
      <dst id="1">3331.9022</dst>
      <dst id="10">58.0178</dst>
      <dst id="22">72.3911</dst>
      <dst id="7">41.2800</dst>
      <dst id="2">3114.8178</dst>
      <dst id="6">2.3467</dst>
      <dst id="16">317601.0311</dst>
      <dst id="14">3.7333</dst>
      <dst id="11">1.9200</dst>
      <dst id="9">45460.0000</dst>
      <dst id="17">59466.4889</dst>
      <dst id="21">113.5911</dst>
      <dst id="15">51.3067</dst>
    </src>
    <src id="3">
      <dst id="12">15162.4533</dst>
      <dst id="13">12247.2178</dst>
      <dst id="19">999.5378</dst>
      <dst id="23">371.9200</dst>
      <dst id="8">434.3289</dst>
      <dst id="18">154.4533</dst>
      <dst id="4">819.3422</dst>
      <dst id="1">6062.0444</dst>
      <dst id="5">1447.3778</dst>
      <dst id="3">391.0578</dst>
      <dst id="10">476.2933</dst>
      <dst id="22">29.4756</dst>
      <dst id="7">6861.2978</dst>
      <dst id="2">7368.5156</dst>
      <dst id="6">56.6133</dst>
      <dst id="16">12796.0000</dst>
      <dst id="14">148.0356</dst>
      <dst id="20">192.9600</dst>
      <dst id="11">395.1022</dst>
      <dst id="9">978.1244</dst>
      <dst id="17">46745.7867</dst>
      <dst id="21">4497.5911</dst>
      <dst id="15">61.0311</dst>
    </src>
    <src id="10">
      <dst id="12">5166.8356</dst>
      <dst id="13">54.3111</dst>
      <dst id="19">2208.1956</dst>
      <dst id="23">1735.6267</dst>
      <dst id="8">127.4133</dst>
      <dst id="18">6390.1778</dst>
      <dst id="1">4524.9156</dst>
      <dst id="5">2647.6622</dst>
      <dst id="3">1804.0533</dst>
      <dst id="10">80.8800</dst>
      <dst id="22">234.7289</dst>
      <dst id="7">209.0489</dst>
      <dst id="2">28456.3111</dst>
      <dst id="6">69.9111</dst>
      <dst id="16">44675.9556</dst>
      <dst id="14">1926.6400</dst>
      <dst id="20">11293.5644</dst>
      <dst id="11">476.5956</dst>
      <dst id="9">5100.3467</dst>
      <dst id="17">55809.2711</dst>
      <dst id="21">20082.5244</dst>
      <dst id="15">827.7067</dst>
    </src>
    <src id="22">
      <dst id="12">11799.9644</dst>
      <dst id="13">5093.2533</dst>
      <dst id="19">130.9156</dst>
      <dst id="23">3836.1689</dst>
      <dst id="8">162.2667</dst>
      <dst id="18">1036.7200</dst>
      <dst id="4">1135.5022</dst>
      <dst id="1">438.6311</dst>
      <dst id="5">1149.4489</dst>
      <dst id="3">6.4622</dst>
      <dst id="10">785.7333</dst>
      <dst id="7">1295.3689</dst>
      <dst id="2">3501.2889</dst>
      <dst id="6">4.1956</dst>
      <dst id="16">1890.7022</dst>
      <dst id="14">985.1200</dst>
      <dst id="11">20.1244</dst>
      <dst id="9">901.8133</dst>
      <dst id="17">19532.7822</dst>
      <dst id="21">2264.1422</dst>
    </src>
    <src id="7">
      <dst id="12">16524.1333</dst>
      <dst id="13">19020.4356</dst>
      <dst id="19">1930.5067</dst>
      <dst id="23">463.3067</dst>
      <dst id="8">180.6311</dst>
      <dst id="18">244.6756</dst>
      <dst id="4">945.3867</dst>
      <dst id="1">17994.8444</dst>
      <dst id="5">1274.6044</dst>
      <dst id="3">1214.4444</dst>
      <dst id="10">488.4444</dst>
      <dst id="22">12736.6044</dst>
      <dst id="7">53.7956</dst>
      <dst id="2">13157.5822</dst>
      <dst id="6">279.3689</dst>
      <dst id="16">2667.4933</dst>
      <dst id="14">258.9778</dst>
      <dst id="20">635.1111</dst>
      <dst id="11">1648.9422</dst>
      <dst id="9">639.2267</dst>
      <dst id="17">19057.4933</dst>
      <dst id="21">2032.2844</dst>
      <dst id="15">142.6133</dst>
    </src>
    <src id="2">
      <dst id="12">126972.9244</dst>
      <dst id="13">35472.3111</dst>
      <dst id="19">6503.9822</dst>
      <dst id="23">8.2489</dst>
      <dst id="8">184.3022</dst>
      <dst id="18">92634.7822</dst>
      <dst id="4">12717.7956</dst>
      <dst id="1">16191.6711</dst>
      <dst id="5">663.6711</dst>
      <dst id="3">465.5644</dst>
      <dst id="10">7029.0844</dst>
      <dst id="22">1029.8222</dst>
      <dst id="7">17238.3467</dst>
      <dst id="2">3401.3511</dst>
      <dst id="6">20950.3467</dst>
      <dst id="16">7847.7156</dst>
      <dst id="14">353.8400</dst>
      <dst id="20">206.6667</dst>
      <dst id="11">3687.3689</dst>
      <dst id="9">3156.3556</dst>
      <dst id="17">32594.7556</dst>
      <dst id="21">2979.2178</dst>
      <dst id="15">195.1556</dst>
    </src>
    <src id="6">
      <dst id="12">935.6978</dst>
      <dst id="13">152.4444</dst>
      <dst id="19">29.4933</dst>
      <dst id="23">23.6444</dst>
      <dst id="18">23.3600</dst>
      <dst id="4">20.2489</dst>
      <dst id="1">482.4622</dst>
      <dst id="5">59.5733</dst>
      <dst id="3">79.6178</dst>
      <dst id="10">0.3556</dst>
      <dst id="22">12.1778</dst>
      <dst id="7">698.4622</dst>
      <dst id="2">1421.2089</dst>
      <dst id="16">114.0178</dst>
      <dst id="20">23.3067</dst>
      <dst id="11">0.3556</dst>
      <dst id="9">65.6444</dst>
      <dst id="17">24599.7422</dst>
      <dst id="21">35.9200</dst>
      <dst id="15">38.4089</dst>
    </src>
    <src id="16">
      <dst id="12">213590.7022</dst>
      <dst id="13">1182.6400</dst>
      <dst id="19">4289.5111</dst>
      <dst id="23">15.2800</dst>
      <dst id="8">92145.0667</dst>
      <dst id="18">35.5467</dst>
      <dst id="4">518.8711</dst>
      <dst id="1">10240.2133</dst>
      <dst id="5">264103.0400</dst>
      <dst id="3">10821.7156</dst>
      <dst id="10">374.1600</dst>
      <dst id="7">109.2356</dst>
      <dst id="2">482.5867</dst>
      <dst id="6">4.2933</dst>
      <dst id="16">35726.4356</dst>
      <dst id="14">76123.9733</dst>
      <dst id="11">32082.5511</dst>
      <dst id="9">272698.8800</dst>
      <dst id="17">5689.9111</dst>
      <dst id="21">78.2222</dst>
    </src>
    <src id="14">
      <dst id="12">745.2889</dst>
      <dst id="13">992.7467</dst>
      <dst id="19">22.9511</dst>
      <dst id="23">1.0489</dst>
      <dst id="8">2.1956</dst>
      <dst id="18">2.9956</dst>
      <dst id="4">209.5644</dst>
      <dst id="1">850.2222</dst>
      <dst id="3">515.6178</dst>
      <dst id="10">159.6356</dst>
      <dst id="22">1.4044</dst>
      <dst id="7">1778.8178</dst>
      <dst id="2">1809.7156</dst>
      <dst id="16">2534.1156</dst>
      <dst id="20">21.3867</dst>
      <dst id="11">57.5289</dst>
      <dst id="9">267.1289</dst>
      <dst id="17">42404.3467</dst>
      <dst id="21">262.9067</dst>
      <dst id="15">3.4400</dst>
    </src>
    <src id="20">
      <dst id="12">10077.6978</dst>
      <dst id="13">9949.8133</dst>
      <dst id="19">2.9511</dst>
      <dst id="23">41.2622</dst>
      <dst id="8">1.5111</dst>
      <dst id="18">56.8533</dst>
      <dst id="4">512.2489</dst>
      <dst id="1">168.2133</dst>
      <dst id="5">194.9244</dst>
      <dst id="3">27.4844</dst>
      <dst id="10">67.3067</dst>
      <dst id="22">173.7956</dst>
      <dst id="7">1278.4622</dst>
      <dst id="2">3527.3511</dst>
      <dst id="6">0.8889</dst>
      <dst id="16">3869.3244</dst>
      <dst id="14">61.5289</dst>
      <dst id="11">0.3556</dst>
      <dst id="9">1976.6044</dst>
      <dst id="17">2794.3111</dst>
      <dst id="21">94.4267</dst>
    </src>
    <src id="11">
      <dst id="12">22929.8133</dst>
      <dst id="13">6424.0889</dst>
      <dst id="19">310.5778</dst>
      <dst id="23">20.2756</dst>
      <dst id="8">106.8622</dst>
      <dst id="18">401.2711</dst>
      <dst id="4">653.5022</dst>
      <dst id="1">3997.2000</dst>
      <dst id="5">2309.6356</dst>
      <dst id="3">832.3467</dst>
      <dst id="10">1272.2578</dst>
      <dst id="22">456.2578</dst>
      <dst id="7">338.7733</dst>
      <dst id="2">75575.9111</dst>
      <dst id="6">138.4800</dst>
      <dst id="16">14571.6089</dst>
      <dst id="14">28.9600</dst>
      <dst id="20">1417.0489</dst>
      <dst id="11">2889.3689</dst>
      <dst id="9">8567.8044</dst>
      <dst id="17">682527.2000</dst>
      <dst id="21">1163.6356</dst>
      <dst id="15">8110.4711</dst>
    </src>
    <src id="9">
      <dst id="12">16379.7956</dst>
      <dst id="13">8588.1422</dst>
      <dst id="19">81.3600</dst>
      <dst id="23">27.9822</dst>
      <dst id="8">76527.5911</dst>
      <dst id="18">90.0711</dst>
      <dst id="4">1506.2933</dst>
      <dst id="1">10571.9289</dst>
      <dst id="5">1146.3378</dst>
      <dst id="10">786.5778</dst>
      <dst id="22">60.2133</dst>
      <dst id="7">5502.7022</dst>
      <dst id="2">2963.0933</dst>
      <dst id="6">10.7111</dst>
      <dst id="16">509232.7022</dst>
      <dst id="14">78.1956</dst>
      <dst id="11">29.3511</dst>
      <dst id="9">339306.2044</dst>
      <dst id="17">75138.7111</dst>
      <dst id="21">317.9467</dst>
      <dst id="15">176.7644</dst>
    </src>
    <src id="17">
      <dst id="12">141737.7867</dst>
      <dst id="13">36130.5689</dst>
      <dst id="19">938.4978</dst>
      <dst id="23">2112.9600</dst>
      <dst id="8">4883.8933</dst>
      <dst id="18">4655.0400</dst>
      <dst id="4">6684.7200</dst>
      <dst id="1">16300.1156</dst>
      <dst id="5">143178.1867</dst>
      <dst id="3">6439.8311</dst>
      <dst id="10">2363.4133</dst>
      <dst id="22">187.9733</dst>
      <dst id="7">31300.5244</dst>
      <dst id="2">43122.3467</dst>
      <dst id="6">188.1956</dst>
      <dst id="16">52991.8489</dst>
      <dst id="14">28585.1111</dst>
      <dst id="20">785.7778</dst>
      <dst id="11">23333.5822</dst>
      <dst id="9">16049.5556</dst>
      <dst id="17">40594.6756</dst>
      <dst id="21">8288.4889</dst>
      <dst id="15">184.3200</dst>
    </src>
    <src id="21">
      <dst id="12">2219.6889</dst>
      <dst id="13">3298.4978</dst>
      <dst id="19">333.3867</dst>
      <dst id="23">167.0222</dst>
      <dst id="8">699.9289</dst>
      <dst id="18">1971.1022</dst>
      <dst id="4">2535.4311</dst>
      <dst id="1">2610.3822</dst>
      <dst id="5">679.0400</dst>
      <dst id="3">4331.7067</dst>
      <dst id="10">536.8178</dst>
      <dst id="22">69.7867</dst>
      <dst id="7">1987.4133</dst>
      <dst id="2">6525.4222</dst>
      <dst id="6">20.8889</dst>
      <dst id="16">6804.7022</dst>
      <dst id="14">210.1422</dst>
      <dst id="20">77.3600</dst>
      <dst id="11">2114.4089</dst>
      <dst id="9">2607.2889</dst>
      <dst id="17">46701.5467</dst>
      <dst id="21">2260.3378</dst>
      <dst id="15">191.2267</dst>
    </src>
    <src id="15">
      <dst id="12">228.5867</dst>
      <dst id="13">895.6444</dst>
      <dst id="19">14.1333</dst>
      <dst id="8">80.3467</dst>
      <dst id="18">1.2178</dst>
      <dst id="4">620.5689</dst>
      <dst id="1">15226.5956</dst>
      <dst id="5">149.2267</dst>
      <dst id="10">16.9600</dst>
      <dst id="7">27.7422</dst>
      <dst id="2">142.6756</dst>
      <dst id="6">60.9778</dst>
      <dst id="16">1950.4889</dst>
      <dst id="14">304.1422</dst>
      <dst id="11">1.8489</dst>
      <dst id="9">2949.1200</dst>
      <dst id="17">501.3867</dst>
      <dst id="21">14.6667</dst>
    </src>
  </IntraTM>
</TrafficMatrixFile>
