<?xml version="1.0" encoding="UTF-8" standalone="yes"?>
<TrafficMatrixFile xmlns:xsi="http://www.w3.org/2001/XMLSchema-instance" xsi:noNamespaceSchemaLocation="http://totem.run.montefiore.ulg.ac.be/Schema/TrafficMatrix-v1_2.xsd">
  <info>
    <title>Intradomain traffic matrix generated by geant-TM-all.pl</title>
    <date>2005-04-15T01:30:00</date>
    <duration>900</duration>
    <author>Steve Uhlig</author>
    <units>
        <unit type="bandwidth" value="kbps"/>
    </units>
  </info>
  <IntraTM ASID="20965">
    <src id="12">
      <dst id="12">446636.0711</dst>
      <dst id="13">34759.7778</dst>
      <dst id="19">2030.6933</dst>
      <dst id="23">20616.6756</dst>
      <dst id="8">159.3689</dst>
      <dst id="18">123583.2356</dst>
      <dst id="4">6075.2356</dst>
      <dst id="1">40064.7467</dst>
      <dst id="5">3535.4222</dst>
      <dst id="3">575.2533</dst>
      <dst id="10">9925.6089</dst>
      <dst id="22">10568.7467</dst>
      <dst id="7">8162.9156</dst>
      <dst id="2">11626.4800</dst>
      <dst id="16">14773.2978</dst>
      <dst id="14">310.0000</dst>
      <dst id="20">7569.1911</dst>
      <dst id="11">217.0667</dst>
      <dst id="9">30578.2667</dst>
      <dst id="17">47698.6667</dst>
      <dst id="21">2976.8444</dst>
      <dst id="15">570.0356</dst>
    </src>
    <src id="13">
      <dst id="12">30098.8622</dst>
      <dst id="13">745.1467</dst>
      <dst id="19">7198.4711</dst>
      <dst id="23">243.1644</dst>
      <dst id="8">1141.0133</dst>
      <dst id="18">2144.1956</dst>
      <dst id="1">28116.0800</dst>
      <dst id="5">1994.1067</dst>
      <dst id="3">41.3956</dst>
      <dst id="10">13.4933</dst>
      <dst id="22">1818.9600</dst>
      <dst id="7">2126.4711</dst>
      <dst id="2">11164.0533</dst>
      <dst id="16">1432.5689</dst>
      <dst id="14">75.5911</dst>
      <dst id="20">44862.3733</dst>
      <dst id="11">81.9733</dst>
      <dst id="9">2252.2667</dst>
      <dst id="17">308790.5067</dst>
      <dst id="21">2854.7733</dst>
      <dst id="15">2106.1067</dst>
    </src>
    <src id="19">
      <dst id="12">49151.5556</dst>
      <dst id="13">5351.5289</dst>
      <dst id="23">126.7556</dst>
      <dst id="8">2.3467</dst>
      <dst id="18">148.3022</dst>
      <dst id="4">120.9244</dst>
      <dst id="1">19760.9778</dst>
      <dst id="5">1643.9733</dst>
      <dst id="3">139.4667</dst>
      <dst id="10">182.6578</dst>
      <dst id="22">11.4222</dst>
      <dst id="7">3215.0311</dst>
      <dst id="2">2943.3067</dst>
      <dst id="16">111.6800</dst>
      <dst id="14">6.7200</dst>
      <dst id="20">118.0444</dst>
      <dst id="11">37.7600</dst>
      <dst id="9">126.3022</dst>
      <dst id="17">1485.1911</dst>
      <dst id="21">371.1467</dst>
      <dst id="15">3.5911</dst>
    </src>
    <src id="23">
      <dst id="12">10515.0044</dst>
      <dst id="13">765.6000</dst>
      <dst id="19">41.3156</dst>
      <dst id="8">13.3333</dst>
      <dst id="18">2.5333</dst>
      <dst id="4">259.5022</dst>
      <dst id="1">104.3644</dst>
      <dst id="5">93.3333</dst>
      <dst id="3">53.3333</dst>
      <dst id="10">3180.5067</dst>
      <dst id="22">334.2844</dst>
      <dst id="7">233.4667</dst>
      <dst id="2">149.6000</dst>
      <dst id="14">47.0667</dst>
      <dst id="20">14.5956</dst>
      <dst id="11">44.0711</dst>
      <dst id="9">42.5511</dst>
      <dst id="17">2938.1156</dst>
      <dst id="21">868.6489</dst>
      <dst id="15">1.8489</dst>
    </src>
    <src id="8">
      <dst id="12">11647.3600</dst>
      <dst id="13">254.0267</dst>
      <dst id="19">2.3733</dst>
      <dst id="18">455.4311</dst>
      <dst id="4">27.6800</dst>
      <dst id="1">1974.0000</dst>
      <dst id="5">959.3511</dst>
      <dst id="3">148.6933</dst>
      <dst id="10">583.4311</dst>
      <dst id="22">2.4889</dst>
      <dst id="2">705.6356</dst>
      <dst id="16">246524.6489</dst>
      <dst id="9">80605.5200</dst>
      <dst id="17">26082.0267</dst>
      <dst id="21">175.0578</dst>
      <dst id="15">32.9600</dst>
    </src>
    <src id="18">
      <dst id="12">113068.9067</dst>
      <dst id="13">831.6889</dst>
      <dst id="19">31.6533</dst>
      <dst id="23">14.2222</dst>
      <dst id="8">40.4000</dst>
      <dst id="4">229.0311</dst>
      <dst id="1">13761.8756</dst>
      <dst id="5">100.2489</dst>
      <dst id="3">2227.9378</dst>
      <dst id="10">78.8356</dst>
      <dst id="22">71.5289</dst>
      <dst id="7">46.1867</dst>
      <dst id="2">2863.9022</dst>
      <dst id="16">525.6800</dst>
      <dst id="20">93.0756</dst>
      <dst id="11">40.0000</dst>
      <dst id="9">9431.8311</dst>
      <dst id="17">5116.0978</dst>
      <dst id="21">1597.1022</dst>
      <dst id="15">0.7111</dst>
    </src>
    <src id="4">
      <dst id="12">19096.2400</dst>
      <dst id="13">156.5956</dst>
      <dst id="19">6916.9689</dst>
      <dst id="23">2646.2044</dst>
      <dst id="8">1387.2889</dst>
      <dst id="18">3470.4622</dst>
      <dst id="4">2983.0222</dst>
      <dst id="1">171039.4222</dst>
      <dst id="5">8142.8267</dst>
      <dst id="3">114.2667</dst>
      <dst id="22">2754.5156</dst>
      <dst id="7">62.2400</dst>
      <dst id="2">115889.7511</dst>
      <dst id="16">141304.0800</dst>
      <dst id="14">6475.5111</dst>
      <dst id="11">317.7778</dst>
      <dst id="9">34213.8133</dst>
      <dst id="17">97048.5956</dst>
      <dst id="21">6997.0044</dst>
      <dst id="15">949.9733</dst>
    </src>
    <src id="1">
      <dst id="12">32176.5778</dst>
      <dst id="13">30710.7022</dst>
      <dst id="19">4143.3067</dst>
      <dst id="23">245.4311</dst>
      <dst id="8">27.7956</dst>
      <dst id="18">11967.7511</dst>
      <dst id="4">3373.1467</dst>
      <dst id="1">676234.5600</dst>
      <dst id="5">195.4400</dst>
      <dst id="3">343.0044</dst>
      <dst id="10">980.2667</dst>
      <dst id="22">314.5333</dst>
      <dst id="7">1486.4000</dst>
      <dst id="2">20326.4089</dst>
      <dst id="16">398854.4178</dst>
      <dst id="14">4656.8356</dst>
      <dst id="20">722.7556</dst>
      <dst id="11">67.8489</dst>
      <dst id="9">4372.1600</dst>
      <dst id="17">480113.8844</dst>
      <dst id="21">7105.0756</dst>
      <dst id="15">187.4667</dst>
    </src>
    <src id="5">
      <dst id="12">28726.6578</dst>
      <dst id="13">10864.3111</dst>
      <dst id="19">20.1244</dst>
      <dst id="23">0.7111</dst>
      <dst id="8">1003.5733</dst>
      <dst id="18">186.0889</dst>
      <dst id="4">478.4356</dst>
      <dst id="1">42187.4756</dst>
      <dst id="3">479.3067</dst>
      <dst id="10">597.6889</dst>
      <dst id="22">342.1511</dst>
      <dst id="2">335.2800</dst>
      <dst id="16">340492.5156</dst>
      <dst id="14">64.5156</dst>
      <dst id="11">14.0622</dst>
      <dst id="9">69413.3156</dst>
      <dst id="17">43493.9822</dst>
      <dst id="21">279.0489</dst>
      <dst id="15">66.4444</dst>
    </src>
    <src id="3">
      <dst id="12">28412.9689</dst>
      <dst id="13">43770.5778</dst>
      <dst id="19">1540.8978</dst>
      <dst id="23">26.0444</dst>
      <dst id="8">8.9778</dst>
      <dst id="18">374.5067</dst>
      <dst id="4">736.6133</dst>
      <dst id="1">29967.3067</dst>
      <dst id="5">145.4667</dst>
      <dst id="3">29.1733</dst>
      <dst id="10">359.4756</dst>
      <dst id="22">189.2711</dst>
      <dst id="7">75644.7378</dst>
      <dst id="2">3777.8222</dst>
      <dst id="16">7816.8533</dst>
      <dst id="14">221.6267</dst>
      <dst id="20">4462.9689</dst>
      <dst id="11">541.2089</dst>
      <dst id="9">7179.4133</dst>
      <dst id="17">26860.8178</dst>
      <dst id="21">2877.0578</dst>
      <dst id="15">35.5289</dst>
    </src>
    <src id="10">
      <dst id="12">6525.5556</dst>
      <dst id="13">216.8711</dst>
      <dst id="19">5232.4444</dst>
      <dst id="23">662.9244</dst>
      <dst id="8">374.4267</dst>
      <dst id="18">4554.4000</dst>
      <dst id="1">6019.5289</dst>
      <dst id="5">1051.8489</dst>
      <dst id="3">2550.9689</dst>
      <dst id="22">38.4889</dst>
      <dst id="2">24686.2400</dst>
      <dst id="16">48254.5778</dst>
      <dst id="14">2057.0222</dst>
      <dst id="20">7252.5867</dst>
      <dst id="11">128.2222</dst>
      <dst id="9">3365.7778</dst>
      <dst id="17">46674.0267</dst>
      <dst id="21">5653.6444</dst>
      <dst id="15">223.6889</dst>
    </src>
    <src id="22">
      <dst id="12">16678.0889</dst>
      <dst id="13">4912.6756</dst>
      <dst id="19">497.1467</dst>
      <dst id="23">29.0667</dst>
      <dst id="8">2156.7289</dst>
      <dst id="18">160.9689</dst>
      <dst id="4">1473.4667</dst>
      <dst id="1">421.4489</dst>
      <dst id="5">1378.2667</dst>
      <dst id="3">1.0133</dst>
      <dst id="10">492.6133</dst>
      <dst id="7">1815.4756</dst>
      <dst id="2">4170.7911</dst>
      <dst id="16">89.3689</dst>
      <dst id="14">192.5600</dst>
      <dst id="11">351.7333</dst>
      <dst id="9">1658.9600</dst>
      <dst id="17">5477.0667</dst>
      <dst id="21">418.6667</dst>
    </src>
    <src id="7">
      <dst id="12">8419.7600</dst>
      <dst id="13">7362.8889</dst>
      <dst id="19">4959.9644</dst>
      <dst id="23">93.4756</dst>
      <dst id="8">151.6089</dst>
      <dst id="18">84.5511</dst>
      <dst id="4">2999.1822</dst>
      <dst id="1">5864.4089</dst>
      <dst id="5">564.3733</dst>
      <dst id="3">572.2667</dst>
      <dst id="10">376.1689</dst>
      <dst id="22">394.5956</dst>
      <dst id="2">4438.8622</dst>
      <dst id="16">847.3689</dst>
      <dst id="14">213.9022</dst>
      <dst id="20">197.3067</dst>
      <dst id="11">153.6178</dst>
      <dst id="9">98.6933</dst>
      <dst id="17">17961.7333</dst>
      <dst id="21">3289.4222</dst>
      <dst id="15">78.4622</dst>
    </src>
    <src id="2">
      <dst id="12">165644.8356</dst>
      <dst id="13">29317.2800</dst>
      <dst id="19">2818.0000</dst>
      <dst id="23">292.1422</dst>
      <dst id="8">872.8178</dst>
      <dst id="18">63397.5467</dst>
      <dst id="4">4110.6044</dst>
      <dst id="1">22424.5956</dst>
      <dst id="5">1231.8844</dst>
      <dst id="3">128.5511</dst>
      <dst id="10">3349.5822</dst>
      <dst id="22">2121.7422</dst>
      <dst id="7">8720.7111</dst>
      <dst id="2">3014.5156</dst>
      <dst id="6">0.8533</dst>
      <dst id="16">862.7378</dst>
      <dst id="14">678.9156</dst>
      <dst id="20">500.8267</dst>
      <dst id="11">4372.9689</dst>
      <dst id="9">490.7111</dst>
      <dst id="17">23794.0800</dst>
      <dst id="21">21609.2000</dst>
      <dst id="15">488.3378</dst>
    </src>
    <src id="6">
      <dst id="12">184.5600</dst>
      <dst id="13">36.4800</dst>
      <dst id="19">51.3600</dst>
      <dst id="18">0.3556</dst>
      <dst id="4">0.6756</dst>
      <dst id="1">1204.8533</dst>
      <dst id="5">2.5156</dst>
      <dst id="3">1.1733</dst>
      <dst id="10">12.6222</dst>
      <dst id="22">4.2222</dst>
      <dst id="7">194.6222</dst>
      <dst id="2">436.4533</dst>
      <dst id="16">71.6800</dst>
      <dst id="14">0.4622</dst>
      <dst id="20">1.0133</dst>
      <dst id="9">1491.1378</dst>
      <dst id="17">19913.1111</dst>
      <dst id="21">98.0444</dst>
    </src>
    <src id="16">
      <dst id="12">128016.6667</dst>
      <dst id="13">1010.1600</dst>
      <dst id="19">4739.4311</dst>
      <dst id="23">36.9867</dst>
      <dst id="8">102864.2933</dst>
      <dst id="18">66.1422</dst>
      <dst id="4">436.1689</dst>
      <dst id="1">24627.8578</dst>
      <dst id="5">352621.6089</dst>
      <dst id="3">7168.6667</dst>
      <dst id="10">1098.6756</dst>
      <dst id="22">14.1600</dst>
      <dst id="2">680.8000</dst>
      <dst id="16">21148.0000</dst>
      <dst id="14">59666.8711</dst>
      <dst id="11">28668.9156</dst>
      <dst id="9">241976.8444</dst>
      <dst id="17">11951.3422</dst>
      <dst id="21">334.6044</dst>
    </src>
    <src id="14">
      <dst id="12">1449.8133</dst>
      <dst id="13">404.1244</dst>
      <dst id="19">67.4844</dst>
      <dst id="23">60.9867</dst>
      <dst id="4">2050.0622</dst>
      <dst id="1">2196.0889</dst>
      <dst id="5">3.3511</dst>
      <dst id="3">1320.3911</dst>
      <dst id="10">52.2844</dst>
      <dst id="7">89.6889</dst>
      <dst id="2">232.6133</dst>
      <dst id="16">2854.5511</dst>
      <dst id="20">8.2578</dst>
      <dst id="11">1.8844</dst>
      <dst id="9">1362.4889</dst>
      <dst id="17">34973.3956</dst>
      <dst id="21">189.7600</dst>
      <dst id="15">19.1378</dst>
    </src>
    <src id="20">
      <dst id="12">2049.3956</dst>
      <dst id="13">5132.7111</dst>
      <dst id="19">404.8622</dst>
      <dst id="23">13.5467</dst>
      <dst id="8">857.8667</dst>
      <dst id="18">833.9289</dst>
      <dst id="4">971.2178</dst>
      <dst id="1">229.7244</dst>
      <dst id="5">1579.0578</dst>
      <dst id="3">111.5289</dst>
      <dst id="10">1265.2978</dst>
      <dst id="7">4991.4044</dst>
      <dst id="2">140.9689</dst>
      <dst id="16">19391.1467</dst>
      <dst id="14">0.3556</dst>
      <dst id="11">58.4533</dst>
      <dst id="9">358.0356</dst>
      <dst id="17">15755.6444</dst>
      <dst id="21">34.5511</dst>
    </src>
    <src id="11">
      <dst id="12">35353.0311</dst>
      <dst id="13">3156.8533</dst>
      <dst id="19">2657.9467</dst>
      <dst id="23">5.8667</dst>
      <dst id="8">212.5778</dst>
      <dst id="18">142.1511</dst>
      <dst id="4">812.3822</dst>
      <dst id="1">39902.3733</dst>
      <dst id="5">1462.4267</dst>
      <dst id="3">715.8933</dst>
      <dst id="10">1782.3022</dst>
      <dst id="22">88.2311</dst>
      <dst id="2">4502.4089</dst>
      <dst id="16">8543.1467</dst>
      <dst id="14">92.9956</dst>
      <dst id="20">850.1067</dst>
      <dst id="11">4381.6178</dst>
      <dst id="9">59552.1511</dst>
      <dst id="17">451309.2800</dst>
      <dst id="21">599.3333</dst>
      <dst id="15">116.4000</dst>
    </src>
    <src id="9">
      <dst id="12">27023.3600</dst>
      <dst id="13">4772.1422</dst>
      <dst id="19">8010.5689</dst>
      <dst id="23">155.9467</dst>
      <dst id="8">91675.9289</dst>
      <dst id="18">469.9289</dst>
      <dst id="4">559.4844</dst>
      <dst id="1">4075.3333</dst>
      <dst id="5">1620.3733</dst>
      <dst id="3">1297.9111</dst>
      <dst id="10">664.9511</dst>
      <dst id="22">24.7289</dst>
      <dst id="2">2012.2667</dst>
      <dst id="16">504083.2000</dst>
      <dst id="14">19.8044</dst>
      <dst id="11">42.2400</dst>
      <dst id="9">285483.5556</dst>
      <dst id="17">48848.8622</dst>
      <dst id="21">600.2578</dst>
      <dst id="15">2857.2889</dst>
    </src>
    <src id="17">
      <dst id="12">86212.3644</dst>
      <dst id="13">31187.4933</dst>
      <dst id="19">505.9378</dst>
      <dst id="23">737.1200</dst>
      <dst id="8">821.3600</dst>
      <dst id="18">2515.0222</dst>
      <dst id="4">6095.2622</dst>
      <dst id="1">22682.5511</dst>
      <dst id="5">220442.1867</dst>
      <dst id="3">5732.5244</dst>
      <dst id="10">5323.3244</dst>
      <dst id="22">146.8533</dst>
      <dst id="7">3037.5378</dst>
      <dst id="2">14035.2711</dst>
      <dst id="16">76711.4667</dst>
      <dst id="14">19703.9733</dst>
      <dst id="20">3130.1422</dst>
      <dst id="11">15119.0933</dst>
      <dst id="9">17696.6489</dst>
      <dst id="17">24046.5333</dst>
      <dst id="21">2913.5911</dst>
      <dst id="15">226.0444</dst>
    </src>
    <src id="21">
      <dst id="12">2958.0089</dst>
      <dst id="13">2206.8533</dst>
      <dst id="19">778.9778</dst>
      <dst id="23">71.2978</dst>
      <dst id="8">158.5333</dst>
      <dst id="18">2986.4356</dst>
      <dst id="4">1338.1422</dst>
      <dst id="1">5005.6178</dst>
      <dst id="5">1515.4489</dst>
      <dst id="3">1322.2489</dst>
      <dst id="10">284.8000</dst>
      <dst id="22">159.6533</dst>
      <dst id="7">1249.0489</dst>
      <dst id="2">4834.9778</dst>
      <dst id="16">8335.0844</dst>
      <dst id="14">155.1822</dst>
      <dst id="20">70.5067</dst>
      <dst id="11">692.0533</dst>
      <dst id="9">2803.3333</dst>
      <dst id="17">16529.7600</dst>
      <dst id="21">4105.6978</dst>
      <dst id="15">47.7689</dst>
    </src>
    <src id="15">
      <dst id="12">198.8978</dst>
      <dst id="13">619.7244</dst>
      <dst id="19">2.1778</dst>
      <dst id="23">81.8844</dst>
      <dst id="8">14.9956</dst>
      <dst id="18">14.4711</dst>
      <dst id="4">138.4267</dst>
      <dst id="1">80.6489</dst>
      <dst id="5">945.4044</dst>
      <dst id="10">132.5511</dst>
      <dst id="2">213.9467</dst>
      <dst id="16">2959.7156</dst>
      <dst id="14">95.0844</dst>
      <dst id="11">20.1422</dst>
      <dst id="9">3785.9822</dst>
      <dst id="17">333.0222</dst>
      <dst id="21">41.4222</dst>
    </src>
  </IntraTM>
</TrafficMatrixFile>
