<?xml version="1.0" encoding="UTF-8" standalone="yes"?>
<TrafficMatrixFile xmlns:xsi="http://www.w3.org/2001/XMLSchema-instance" xsi:noNamespaceSchemaLocation="http://totem.run.montefiore.ulg.ac.be/Schema/TrafficMatrix-v1_2.xsd">
  <info>
    <title>Intradomain traffic matrix generated by geant-TM-all.pl</title>
    <date>2005-04-09T01:15:00</date>
    <duration>900</duration>
    <author>Steve Uhlig</author>
    <units>
        <unit type="bandwidth" value="kbps"/>
    </units>
  </info>
  <IntraTM ASID="20965">
    <src id="12">
      <dst id="12">433775.6800</dst>
      <dst id="13">29453.1911</dst>
      <dst id="19">4082.7911</dst>
      <dst id="23">17465.1556</dst>
      <dst id="8">2072.4978</dst>
      <dst id="18">128155.5556</dst>
      <dst id="4">3856.1778</dst>
      <dst id="1">32630.5156</dst>
      <dst id="5">3531.2711</dst>
      <dst id="3">234.7022</dst>
      <dst id="10">4113.4044</dst>
      <dst id="22">3541.0578</dst>
      <dst id="7">3118.6044</dst>
      <dst id="2">40049.4044</dst>
      <dst id="16">15553.1556</dst>
      <dst id="14">698.7911</dst>
      <dst id="20">6547.3333</dst>
      <dst id="11">87.3244</dst>
      <dst id="9">4648.7200</dst>
      <dst id="17">58674.8356</dst>
      <dst id="21">7692.4089</dst>
      <dst id="15">275.6089</dst>
    </src>
    <src id="13">
      <dst id="12">43556.6933</dst>
      <dst id="13">2081.9467</dst>
      <dst id="19">3417.1022</dst>
      <dst id="23">251.1822</dst>
      <dst id="8">1390.2933</dst>
      <dst id="18">1568.5511</dst>
      <dst id="4">1.7600</dst>
      <dst id="1">33235.9022</dst>
      <dst id="5">1418.5778</dst>
      <dst id="3">3818.2489</dst>
      <dst id="10">0.7467</dst>
      <dst id="22">1085.3333</dst>
      <dst id="7">498.6756</dst>
      <dst id="2">16935.4044</dst>
      <dst id="16">1516.4889</dst>
      <dst id="14">379.0667</dst>
      <dst id="20">5057.0756</dst>
      <dst id="11">799.1200</dst>
      <dst id="9">1377.2889</dst>
      <dst id="17">40971.1289</dst>
      <dst id="21">1095.0578</dst>
      <dst id="15">309.6089</dst>
    </src>
    <src id="19">
      <dst id="12">26636.5778</dst>
      <dst id="13">5474.0889</dst>
      <dst id="23">277.6178</dst>
      <dst id="8">23.6800</dst>
      <dst id="18">39.2178</dst>
      <dst id="4">157.3956</dst>
      <dst id="1">23070.8000</dst>
      <dst id="5">665.6000</dst>
      <dst id="3">0.9244</dst>
      <dst id="10">80.9067</dst>
      <dst id="22">69.8044</dst>
      <dst id="7">1698.8800</dst>
      <dst id="2">609.0222</dst>
      <dst id="16">247.4044</dst>
      <dst id="14">102.1867</dst>
      <dst id="20">14.5511</dst>
      <dst id="9">50.4889</dst>
      <dst id="17">3681.8844</dst>
      <dst id="21">548.8356</dst>
      <dst id="15">21.3422</dst>
    </src>
    <src id="23">
      <dst id="12">2438.7111</dst>
      <dst id="13">2367.2267</dst>
      <dst id="19">34.0978</dst>
      <dst id="8">9.8844</dst>
      <dst id="18">268.0178</dst>
      <dst id="4">616.4622</dst>
      <dst id="1">141.5644</dst>
      <dst id="5">1.7778</dst>
      <dst id="10">73.3600</dst>
      <dst id="22">114.0889</dst>
      <dst id="7">344.3733</dst>
      <dst id="2">190.4356</dst>
      <dst id="16">15.2178</dst>
      <dst id="14">3.7067</dst>
      <dst id="11">79.4311</dst>
      <dst id="9">34.2844</dst>
      <dst id="17">3436.0533</dst>
      <dst id="21">1113.2089</dst>
      <dst id="15">14.4711</dst>
    </src>
    <src id="8">
      <dst id="12">18118.8178</dst>
      <dst id="13">551.0489</dst>
      <dst id="19">463.7156</dst>
      <dst id="23">0.7111</dst>
      <dst id="18">48.4178</dst>
      <dst id="4">37.1378</dst>
      <dst id="1">2129.5733</dst>
      <dst id="5">498.3467</dst>
      <dst id="3">148.5511</dst>
      <dst id="10">142.9422</dst>
      <dst id="22">19.7067</dst>
      <dst id="2">728.2222</dst>
      <dst id="16">232410.2756</dst>
      <dst id="14">25.9556</dst>
      <dst id="11">13.3333</dst>
      <dst id="9">75199.8489</dst>
      <dst id="17">23402.7022</dst>
      <dst id="21">54.2044</dst>
      <dst id="15">21.9733</dst>
    </src>
    <src id="18">
      <dst id="12">154801.5467</dst>
      <dst id="13">318.9867</dst>
      <dst id="19">55.4933</dst>
      <dst id="23">16.5422</dst>
      <dst id="8">57.6711</dst>
      <dst id="4">382.4178</dst>
      <dst id="1">2602.8800</dst>
      <dst id="5">71.3956</dst>
      <dst id="3">2950.8622</dst>
      <dst id="10">40.5244</dst>
      <dst id="22">236.3289</dst>
      <dst id="7">72.8178</dst>
      <dst id="2">15945.6267</dst>
      <dst id="16">524.8889</dst>
      <dst id="14">14.3911</dst>
      <dst id="20">774.7111</dst>
      <dst id="11">3.5911</dst>
      <dst id="9">435.0844</dst>
      <dst id="17">6362.1511</dst>
      <dst id="21">796.3556</dst>
      <dst id="15">12.6222</dst>
    </src>
    <src id="4">
      <dst id="12">40515.6356</dst>
      <dst id="13">58.8000</dst>
      <dst id="19">20793.2800</dst>
      <dst id="23">5278.9244</dst>
      <dst id="8">1283.8489</dst>
      <dst id="18">5516.5244</dst>
      <dst id="4">2330.1511</dst>
      <dst id="1">113044.8444</dst>
      <dst id="5">5373.8933</dst>
      <dst id="3">191.6978</dst>
      <dst id="22">4406.9156</dst>
      <dst id="7">214.9156</dst>
      <dst id="2">254595.7422</dst>
      <dst id="16">126412.2222</dst>
      <dst id="14">6351.9467</dst>
      <dst id="11">747.9911</dst>
      <dst id="9">31388.5600</dst>
      <dst id="17">125541.3067</dst>
      <dst id="21">9136.3289</dst>
      <dst id="15">1063.1733</dst>
    </src>
    <src id="1">
      <dst id="12">730725.9822</dst>
      <dst id="13">33276.0800</dst>
      <dst id="19">8926.2044</dst>
      <dst id="23">153.9911</dst>
      <dst id="8">806.7200</dst>
      <dst id="18">16053.1111</dst>
      <dst id="4">1159.0489</dst>
      <dst id="1">968960.9867</dst>
      <dst id="5">852.1778</dst>
      <dst id="3">272.3111</dst>
      <dst id="10">701.0933</dst>
      <dst id="22">19.8933</dst>
      <dst id="7">5035.7778</dst>
      <dst id="2">12357.7422</dst>
      <dst id="16">382201.8578</dst>
      <dst id="14">584.1422</dst>
      <dst id="20">206.9778</dst>
      <dst id="11">66.6044</dst>
      <dst id="9">14074.7822</dst>
      <dst id="17">357674.6400</dst>
      <dst id="21">289048.5422</dst>
      <dst id="15">184.0267</dst>
    </src>
    <src id="5">
      <dst id="12">27880.9689</dst>
      <dst id="13">2182.0000</dst>
      <dst id="19">99.3067</dst>
      <dst id="8">2514.4711</dst>
      <dst id="18">105.8756</dst>
      <dst id="4">6584.5600</dst>
      <dst id="1">3178.9778</dst>
      <dst id="3">549.1467</dst>
      <dst id="10">143.7333</dst>
      <dst id="22">281.4844</dst>
      <dst id="2">866.1778</dst>
      <dst id="16">364214.1067</dst>
      <dst id="14">13.5556</dst>
      <dst id="11">2.9600</dst>
      <dst id="9">71229.7333</dst>
      <dst id="17">29757.2800</dst>
      <dst id="21">86.1956</dst>
      <dst id="15">210.9244</dst>
    </src>
    <src id="3">
      <dst id="12">3056.9244</dst>
      <dst id="13">44428.3467</dst>
      <dst id="19">7027.6622</dst>
      <dst id="23">24.1511</dst>
      <dst id="8">4.2844</dst>
      <dst id="18">3717.2800</dst>
      <dst id="4">1172.7556</dst>
      <dst id="1">41900.2578</dst>
      <dst id="5">675.7333</dst>
      <dst id="3">282.6489</dst>
      <dst id="10">576.0356</dst>
      <dst id="22">42.5156</dst>
      <dst id="7">2268.4089</dst>
      <dst id="2">4591.4578</dst>
      <dst id="16">11152.6133</dst>
      <dst id="14">298.0089</dst>
      <dst id="20">462.7289</dst>
      <dst id="11">785.7867</dst>
      <dst id="9">512.5867</dst>
      <dst id="17">19485.9733</dst>
      <dst id="21">3161.2356</dst>
      <dst id="15">9.6978</dst>
    </src>
    <src id="10">
      <dst id="12">24241.1556</dst>
      <dst id="13">10.4356</dst>
      <dst id="19">1953.0756</dst>
      <dst id="23">2108.9956</dst>
      <dst id="8">205.2533</dst>
      <dst id="18">5508.0089</dst>
      <dst id="1">9582.8622</dst>
      <dst id="5">599.0667</dst>
      <dst id="3">174.2222</dst>
      <dst id="22">199.0667</dst>
      <dst id="7">0.4622</dst>
      <dst id="2">30828.9689</dst>
      <dst id="16">40938.6222</dst>
      <dst id="14">3569.4133</dst>
      <dst id="20">7467.2267</dst>
      <dst id="11">315.2267</dst>
      <dst id="9">6259.4222</dst>
      <dst id="17">49547.3067</dst>
      <dst id="21">5320.7467</dst>
      <dst id="15">1833.4844</dst>
    </src>
    <src id="22">
      <dst id="12">11138.0178</dst>
      <dst id="13">4715.8756</dst>
      <dst id="19">3283.8400</dst>
      <dst id="23">2288.5956</dst>
      <dst id="8">75.5289</dst>
      <dst id="18">262.2222</dst>
      <dst id="4">346.3378</dst>
      <dst id="1">2243.7956</dst>
      <dst id="5">1286.7733</dst>
      <dst id="3">15.3689</dst>
      <dst id="10">2525.2000</dst>
      <dst id="7">662.5867</dst>
      <dst id="2">2214.0622</dst>
      <dst id="16">838.3556</dst>
      <dst id="14">21.4222</dst>
      <dst id="11">81.5733</dst>
      <dst id="9">1596.6578</dst>
      <dst id="17">12356.9600</dst>
      <dst id="21">7491.5467</dst>
    </src>
    <src id="7">
      <dst id="12">17523.5733</dst>
      <dst id="13">17599.5556</dst>
      <dst id="19">521.2711</dst>
      <dst id="23">283.4667</dst>
      <dst id="8">1.1378</dst>
      <dst id="18">63.4133</dst>
      <dst id="4">910.0000</dst>
      <dst id="1">5132.4711</dst>
      <dst id="5">176.5067</dst>
      <dst id="3">1215.0844</dst>
      <dst id="10">610.9956</dst>
      <dst id="22">348.7378</dst>
      <dst id="7">23.6444</dst>
      <dst id="2">3634.8178</dst>
      <dst id="16">1224.0622</dst>
      <dst id="14">124.1867</dst>
      <dst id="20">72.4800</dst>
      <dst id="11">303.2889</dst>
      <dst id="9">116.9778</dst>
      <dst id="17">5707.3600</dst>
      <dst id="21">4146.0178</dst>
      <dst id="15">43.6622</dst>
    </src>
    <src id="2">
      <dst id="12">136728.3911</dst>
      <dst id="13">26388.7644</dst>
      <dst id="19">1710.6400</dst>
      <dst id="23">3.6622</dst>
      <dst id="8">1369.6089</dst>
      <dst id="18">64198.9778</dst>
      <dst id="4">3489.8311</dst>
      <dst id="1">28340.6222</dst>
      <dst id="5">1108.3378</dst>
      <dst id="3">69.4044</dst>
      <dst id="10">9614.8178</dst>
      <dst id="22">1632.1244</dst>
      <dst id="7">39562.5422</dst>
      <dst id="2">4151.3067</dst>
      <dst id="6">0.4978</dst>
      <dst id="16">573.8756</dst>
      <dst id="14">763.9733</dst>
      <dst id="20">1359.4667</dst>
      <dst id="11">2203.5111</dst>
      <dst id="9">672.2311</dst>
      <dst id="17">34983.7511</dst>
      <dst id="21">2726.4533</dst>
      <dst id="15">77.0578</dst>
    </src>
    <src id="6">
      <dst id="12">295.6711</dst>
      <dst id="13">69.4844</dst>
      <dst id="19">29.4400</dst>
      <dst id="4">12.2844</dst>
      <dst id="1">468.9867</dst>
      <dst id="3">44.6578</dst>
      <dst id="10">0.3556</dst>
      <dst id="22">0.8178</dst>
      <dst id="7">172.4800</dst>
      <dst id="2">1083.0667</dst>
      <dst id="16">52.7733</dst>
      <dst id="9">70.5333</dst>
      <dst id="17">25051.7067</dst>
      <dst id="21">64.1867</dst>
    </src>
    <src id="16">
      <dst id="12">151420.7556</dst>
      <dst id="13">2195.2178</dst>
      <dst id="19">3305.7067</dst>
      <dst id="23">180.0533</dst>
      <dst id="8">90686.2311</dst>
      <dst id="18">188.9956</dst>
      <dst id="4">389.2089</dst>
      <dst id="1">7836.9422</dst>
      <dst id="5">300420.3822</dst>
      <dst id="3">8178.3556</dst>
      <dst id="10">175.4578</dst>
      <dst id="2">1670.3556</dst>
      <dst id="16">23293.2178</dst>
      <dst id="14">65906.8800</dst>
      <dst id="11">25380.9778</dst>
      <dst id="9">246935.7156</dst>
      <dst id="17">5184.9956</dst>
      <dst id="21">315.8044</dst>
    </src>
    <src id="14">
      <dst id="12">489.4044</dst>
      <dst id="13">806.3289</dst>
      <dst id="19">971.8222</dst>
      <dst id="23">1.3867</dst>
      <dst id="18">1.9378</dst>
      <dst id="4">321.3600</dst>
      <dst id="1">530.2667</dst>
      <dst id="5">0.8533</dst>
      <dst id="3">882.7200</dst>
      <dst id="10">69.6800</dst>
      <dst id="22">1.1556</dst>
      <dst id="7">99.2356</dst>
      <dst id="2">2754.6844</dst>
      <dst id="16">2477.0222</dst>
      <dst id="20">17.8844</dst>
      <dst id="11">0.9244</dst>
      <dst id="9">174.3378</dst>
      <dst id="17">32412.9511</dst>
      <dst id="21">147.2356</dst>
      <dst id="15">0.9867</dst>
    </src>
    <src id="20">
      <dst id="12">5871.9644</dst>
      <dst id="13">8632.9956</dst>
      <dst id="19">4.5422</dst>
      <dst id="23">0.6222</dst>
      <dst id="8">9.6533</dst>
      <dst id="18">104.6667</dst>
      <dst id="4">1054.6311</dst>
      <dst id="1">1226.8444</dst>
      <dst id="5">866.9778</dst>
      <dst id="3">1.2800</dst>
      <dst id="10">505.6533</dst>
      <dst id="7">19.2622</dst>
      <dst id="2">498.7467</dst>
      <dst id="16">10365.2711</dst>
      <dst id="14">27.7156</dst>
      <dst id="20">80.3378</dst>
      <dst id="11">1.1200</dst>
      <dst id="9">1200.2578</dst>
      <dst id="17">19802.1956</dst>
      <dst id="21">186.3467</dst>
    </src>
    <src id="11">
      <dst id="12">21646.3822</dst>
      <dst id="13">3164.1067</dst>
      <dst id="19">222.1333</dst>
      <dst id="23">35.7778</dst>
      <dst id="8">62.1778</dst>
      <dst id="18">347.6533</dst>
      <dst id="4">830.8978</dst>
      <dst id="1">2747.3956</dst>
      <dst id="5">521.6000</dst>
      <dst id="3">1360.1422</dst>
      <dst id="10">580.4444</dst>
      <dst id="22">96.9422</dst>
      <dst id="2">65615.8311</dst>
      <dst id="16">12848.0711</dst>
      <dst id="14">206.4000</dst>
      <dst id="20">557.4044</dst>
      <dst id="11">1263.8311</dst>
      <dst id="9">5726.9156</dst>
      <dst id="17">618681.9022</dst>
      <dst id="21">908.2400</dst>
      <dst id="15">332.7022</dst>
    </src>
    <src id="9">
      <dst id="12">31495.3422</dst>
      <dst id="13">5570.2044</dst>
      <dst id="19">1280.9689</dst>
      <dst id="23">2039.4667</dst>
      <dst id="8">67319.1644</dst>
      <dst id="18">198.4000</dst>
      <dst id="4">1563.2533</dst>
      <dst id="1">7051.9022</dst>
      <dst id="5">1877.4222</dst>
      <dst id="3">655.1733</dst>
      <dst id="10">559.7867</dst>
      <dst id="22">27.4400</dst>
      <dst id="2">548.0267</dst>
      <dst id="16">423415.0311</dst>
      <dst id="14">52.6489</dst>
      <dst id="11">41.3600</dst>
      <dst id="9">288352.4889</dst>
      <dst id="17">44221.0756</dst>
      <dst id="21">287.7867</dst>
      <dst id="15">901.5733</dst>
    </src>
    <src id="17">
      <dst id="12">105142.4800</dst>
      <dst id="13">35030.2311</dst>
      <dst id="19">13543.5467</dst>
      <dst id="23">4320.1156</dst>
      <dst id="8">157.4311</dst>
      <dst id="18">1971.5822</dst>
      <dst id="4">15221.9200</dst>
      <dst id="1">10219.9911</dst>
      <dst id="5">164632.7467</dst>
      <dst id="3">5850.8889</dst>
      <dst id="10">3545.5022</dst>
      <dst id="22">415.2889</dst>
      <dst id="7">21024.3911</dst>
      <dst id="2">32746.9067</dst>
      <dst id="16">62569.8667</dst>
      <dst id="14">25891.0667</dst>
      <dst id="20">6596.7644</dst>
      <dst id="11">18126.1778</dst>
      <dst id="9">24287.6800</dst>
      <dst id="17">18979.0133</dst>
      <dst id="21">10941.4489</dst>
      <dst id="15">260.9511</dst>
    </src>
    <src id="21">
      <dst id="12">2824.5778</dst>
      <dst id="13">2237.6267</dst>
      <dst id="19">626.8889</dst>
      <dst id="23">35.1822</dst>
      <dst id="8">230.0533</dst>
      <dst id="18">1328.9778</dst>
      <dst id="4">578.1689</dst>
      <dst id="1">6894.2933</dst>
      <dst id="5">375.7600</dst>
      <dst id="3">4851.7244</dst>
      <dst id="10">1782.4444</dst>
      <dst id="22">56.2222</dst>
      <dst id="7">1199.0489</dst>
      <dst id="2">8177.1200</dst>
      <dst id="16">19245.9022</dst>
      <dst id="14">268.9244</dst>
      <dst id="20">372.3822</dst>
      <dst id="11">695.7156</dst>
      <dst id="9">1166.8178</dst>
      <dst id="17">23808.6400</dst>
      <dst id="21">1808.8444</dst>
      <dst id="15">203.7511</dst>
    </src>
    <src id="15">
      <dst id="12">3120.0889</dst>
      <dst id="13">869.2711</dst>
      <dst id="19">14.0800</dst>
      <dst id="23">0.9244</dst>
      <dst id="8">76.6578</dst>
      <dst id="18">1.9911</dst>
      <dst id="4">20.4800</dst>
      <dst id="1">508.6222</dst>
      <dst id="5">196.0800</dst>
      <dst id="10">394.3556</dst>
      <dst id="2">3999.0578</dst>
      <dst id="16">664.9600</dst>
      <dst id="14">40.0000</dst>
      <dst id="11">48.3467</dst>
      <dst id="9">445.6267</dst>
      <dst id="17">557.1644</dst>
      <dst id="21">98.5689</dst>
    </src>
  </IntraTM>
</TrafficMatrixFile>
