<?xml version="1.0" encoding="UTF-8" standalone="yes"?>
<TrafficMatrixFile xmlns:xsi="http://www.w3.org/2001/XMLSchema-instance" xsi:noNamespaceSchemaLocation="http://totem.run.montefiore.ulg.ac.be/Schema/TrafficMatrix-v1_2.xsd">
  <info>
    <title>Intradomain traffic matrix generated by geant-TM-all.pl</title>
    <date>2005-01-17T05:30:00</date>
    <duration>900</duration>
    <author>Steve Uhlig</author>
    <units>
        <unit type="bandwidth" value="kbps"/>
    </units>
  </info>
  <IntraTM ASID="20965">
    <src id="12">
      <dst id="12">328851.5733</dst>
      <dst id="13">26608.8267</dst>
      <dst id="19">6334.9422</dst>
      <dst id="23">16851.6978</dst>
      <dst id="8">2644.0711</dst>
      <dst id="18">104508.8622</dst>
      <dst id="4">86777.6178</dst>
      <dst id="1">7746.0711</dst>
      <dst id="5">4789.3422</dst>
      <dst id="3">1600.5956</dst>
      <dst id="10">19602.2044</dst>
      <dst id="22">14209.4222</dst>
      <dst id="7">6192.6222</dst>
      <dst id="2">81982.7467</dst>
      <dst id="16">9917.5467</dst>
      <dst id="14">1002.1778</dst>
      <dst id="20">14358.3556</dst>
      <dst id="11">6383.0933</dst>
      <dst id="9">4724.4178</dst>
      <dst id="17">51346.7644</dst>
      <dst id="21">7982.7644</dst>
      <dst id="15">2248.6133</dst>
    </src>
    <src id="13">
      <dst id="12">43970.9244</dst>
      <dst id="19">5157.4933</dst>
      <dst id="23">63.4133</dst>
      <dst id="8">774.2933</dst>
      <dst id="18">905.0667</dst>
      <dst id="1">1229.5111</dst>
      <dst id="5">2413.4756</dst>
      <dst id="3">3842.4444</dst>
      <dst id="22">7049.4844</dst>
      <dst id="7">2448.4000</dst>
      <dst id="2">14934.4889</dst>
      <dst id="16">890.8889</dst>
      <dst id="14">74.1867</dst>
      <dst id="20">6229.9644</dst>
      <dst id="11">1594.5333</dst>
      <dst id="9">3217.8133</dst>
      <dst id="17">43211.6711</dst>
      <dst id="21">5605.2622</dst>
      <dst id="15">305.7422</dst>
    </src>
    <src id="19">
      <dst id="12">12360.9867</dst>
      <dst id="13">982.9867</dst>
      <dst id="23">0.3378</dst>
      <dst id="8">5.2889</dst>
      <dst id="18">4.5067</dst>
      <dst id="4">22630.1422</dst>
      <dst id="1">349.4578</dst>
      <dst id="5">59.8756</dst>
      <dst id="3">37.4400</dst>
      <dst id="10">4446.0711</dst>
      <dst id="22">617.3867</dst>
      <dst id="7">4360.1956</dst>
      <dst id="2">1366.4800</dst>
      <dst id="16">16541.9378</dst>
      <dst id="14">66.5867</dst>
      <dst id="20">178.4178</dst>
      <dst id="11">37.9289</dst>
      <dst id="9">5719.6889</dst>
      <dst id="17">663.9022</dst>
      <dst id="21">2205.7956</dst>
      <dst id="15">2.4178</dst>
    </src>
    <src id="23">
      <dst id="12">534.4533</dst>
      <dst id="13">157.7778</dst>
      <dst id="19">2.0267</dst>
      <dst id="8">14.9689</dst>
      <dst id="18">13.6889</dst>
      <dst id="4">0.4622</dst>
      <dst id="1">22.7911</dst>
      <dst id="5">41.9467</dst>
      <dst id="3">17.3422</dst>
      <dst id="22">16.4533</dst>
      <dst id="7">53.0933</dst>
      <dst id="2">111.6889</dst>
      <dst id="16">238.6311</dst>
      <dst id="20">2.0711</dst>
      <dst id="11">71.6622</dst>
      <dst id="9">516.3822</dst>
      <dst id="17">496.9333</dst>
      <dst id="21">690.1867</dst>
    </src>
    <src id="8">
      <dst id="12">50060.5600</dst>
      <dst id="13">14372.7378</dst>
      <dst id="19">8.4978</dst>
      <dst id="23">1733.3333</dst>
      <dst id="18">3.2800</dst>
      <dst id="4">6255.2356</dst>
      <dst id="1">14419.5022</dst>
      <dst id="5">1634.9867</dst>
      <dst id="3">15.6089</dst>
      <dst id="10">419.1822</dst>
      <dst id="22">1884.2311</dst>
      <dst id="7">277.5911</dst>
      <dst id="2">5126.2667</dst>
      <dst id="16">607.4133</dst>
      <dst id="14">4.8711</dst>
      <dst id="20">795.6533</dst>
      <dst id="11">288.6133</dst>
      <dst id="9">170923.2178</dst>
      <dst id="17">440001.0667</dst>
      <dst id="21">893.2000</dst>
      <dst id="15">76.0089</dst>
    </src>
    <src id="18">
      <dst id="12">185639.6978</dst>
      <dst id="13">133.4044</dst>
      <dst id="19">3.2000</dst>
      <dst id="23">4.3022</dst>
      <dst id="8">20.5422</dst>
      <dst id="4">1963.0133</dst>
      <dst id="1">820.0178</dst>
      <dst id="5">220.0711</dst>
      <dst id="3">1299.5378</dst>
      <dst id="10">240.7467</dst>
      <dst id="22">271.2444</dst>
      <dst id="7">1288.5244</dst>
      <dst id="2">57868.3200</dst>
      <dst id="16">59.9822</dst>
      <dst id="14">1.8133</dst>
      <dst id="20">12.1244</dst>
      <dst id="11">354.3911</dst>
      <dst id="9">2547.3244</dst>
      <dst id="17">25644.9689</dst>
      <dst id="21">1204.1778</dst>
    </src>
    <src id="4">
      <dst id="12">63430.9511</dst>
      <dst id="13">5697.8400</dst>
      <dst id="19">10789.2267</dst>
      <dst id="8">5362.1956</dst>
      <dst id="18">9074.0089</dst>
      <dst id="4">1.8489</dst>
      <dst id="1">62775.5111</dst>
      <dst id="5">4645.0667</dst>
      <dst id="3">536.4089</dst>
      <dst id="22">13009.7511</dst>
      <dst id="7">80167.6356</dst>
      <dst id="2">109489.8667</dst>
      <dst id="16">6815.4933</dst>
      <dst id="14">2458.7378</dst>
      <dst id="20">6864.5422</dst>
      <dst id="11">6901.2089</dst>
      <dst id="9">11313.5644</dst>
      <dst id="17">69151.9822</dst>
      <dst id="21">26338.5422</dst>
      <dst id="15">1378.9956</dst>
    </src>
    <src id="1">
      <dst id="12">13255.3600</dst>
      <dst id="13">2551.7778</dst>
      <dst id="19">7.2800</dst>
      <dst id="23">122.3289</dst>
      <dst id="8">63.4489</dst>
      <dst id="18">15105.0756</dst>
      <dst id="4">37772.1600</dst>
      <dst id="1">73964.9867</dst>
      <dst id="5">412.8800</dst>
      <dst id="3">16215.2089</dst>
      <dst id="10">2523.5378</dst>
      <dst id="22">11114.0267</dst>
      <dst id="7">25837.2000</dst>
      <dst id="2">36175.5822</dst>
      <dst id="16">24483.0311</dst>
      <dst id="14">43.1022</dst>
      <dst id="20">4096.7111</dst>
      <dst id="11">4841.4222</dst>
      <dst id="9">806.3111</dst>
      <dst id="17">7146.0889</dst>
      <dst id="21">25309.3244</dst>
      <dst id="15">9368.2933</dst>
    </src>
    <src id="5">
      <dst id="12">19428.9067</dst>
      <dst id="13">6650.1333</dst>
      <dst id="19">168.7200</dst>
      <dst id="23">37.9911</dst>
      <dst id="8">27586.1156</dst>
      <dst id="18">638.5511</dst>
      <dst id="4">6781.3689</dst>
      <dst id="1">3794.9244</dst>
      <dst id="3">4.3822</dst>
      <dst id="10">1188.2222</dst>
      <dst id="22">8610.4356</dst>
      <dst id="7">132.8000</dst>
      <dst id="2">6209.0044</dst>
      <dst id="16">821.6889</dst>
      <dst id="14">1.1822</dst>
      <dst id="20">711.2711</dst>
      <dst id="11">295.2444</dst>
      <dst id="9">128440.0444</dst>
      <dst id="17">325131.3778</dst>
      <dst id="21">236.5867</dst>
      <dst id="15">594.8267</dst>
    </src>
    <src id="3">
      <dst id="12">7528.1600</dst>
      <dst id="13">10713.1467</dst>
      <dst id="19">1719.8933</dst>
      <dst id="23">7.5911</dst>
      <dst id="8">160.4178</dst>
      <dst id="18">1471.9644</dst>
      <dst id="4">28986.6133</dst>
      <dst id="1">28885.8756</dst>
      <dst id="5">13315.9289</dst>
      <dst id="3">20.4000</dst>
      <dst id="10">5623.6356</dst>
      <dst id="22">5573.8578</dst>
      <dst id="7">73415.9378</dst>
      <dst id="2">2724.8800</dst>
      <dst id="16">1167.3956</dst>
      <dst id="14">169.4133</dst>
      <dst id="20">1526.1333</dst>
      <dst id="11">439.5556</dst>
      <dst id="9">792.0267</dst>
      <dst id="17">14920.0089</dst>
      <dst id="21">27387.3778</dst>
      <dst id="15">166.4178</dst>
    </src>
    <src id="10">
      <dst id="12">24329.7156</dst>
      <dst id="19">5854.7644</dst>
      <dst id="8">134956.4889</dst>
      <dst id="18">2561.3333</dst>
      <dst id="4">0.3556</dst>
      <dst id="1">4020.7733</dst>
      <dst id="5">230524.7911</dst>
      <dst id="3">16469.2711</dst>
      <dst id="22">4540.4000</dst>
      <dst id="7">14864.6844</dst>
      <dst id="2">17712.8711</dst>
      <dst id="16">4111.0933</dst>
      <dst id="14">37505.0756</dst>
      <dst id="20">972.1333</dst>
      <dst id="11">187063.0756</dst>
      <dst id="9">218041.6978</dst>
      <dst id="17">19110.7378</dst>
      <dst id="21">15452.2933</dst>
      <dst id="15">2113.3778</dst>
    </src>
    <src id="22">
      <dst id="12">16765.3600</dst>
      <dst id="13">8393.7333</dst>
      <dst id="19">170.2133</dst>
      <dst id="23">7.8756</dst>
      <dst id="8">4979.5644</dst>
      <dst id="18">597.2978</dst>
      <dst id="4">19627.1911</dst>
      <dst id="1">2930.8889</dst>
      <dst id="5">2844.9867</dst>
      <dst id="3">443.6622</dst>
      <dst id="10">2342.6933</dst>
      <dst id="7">2509.1111</dst>
      <dst id="2">7586.9333</dst>
      <dst id="14">17.2000</dst>
      <dst id="11">5173.2978</dst>
      <dst id="9">10919.0222</dst>
      <dst id="17">13087.8578</dst>
      <dst id="21">3236.8533</dst>
    </src>
    <src id="7">
      <dst id="12">4284.0533</dst>
      <dst id="13">2696.4533</dst>
      <dst id="19">751.7067</dst>
      <dst id="23">62.6044</dst>
      <dst id="8">547.2533</dst>
      <dst id="18">526.8800</dst>
      <dst id="4">35032.5333</dst>
      <dst id="1">8334.6489</dst>
      <dst id="5">1574.9244</dst>
      <dst id="3">544.8622</dst>
      <dst id="10">2641.7067</dst>
      <dst id="22">4394.2222</dst>
      <dst id="7">816.6756</dst>
      <dst id="2">9143.4667</dst>
      <dst id="16">331.2267</dst>
      <dst id="14">55.9467</dst>
      <dst id="20">4376.9511</dst>
      <dst id="11">1471.9022</dst>
      <dst id="9">1436.0711</dst>
      <dst id="17">12899.6622</dst>
      <dst id="21">7664.4533</dst>
      <dst id="15">14.2489</dst>
    </src>
    <src id="2">
      <dst id="12">130448.8444</dst>
      <dst id="13">11862.0267</dst>
      <dst id="19">1706.0622</dst>
      <dst id="23">0.8178</dst>
      <dst id="8">975.6267</dst>
      <dst id="18">118435.4044</dst>
      <dst id="4">106567.9467</dst>
      <dst id="1">7582.4622</dst>
      <dst id="5">1019.2978</dst>
      <dst id="3">169.8489</dst>
      <dst id="10">8288.4711</dst>
      <dst id="22">1331.3600</dst>
      <dst id="7">15815.2000</dst>
      <dst id="2">980.4889</dst>
      <dst id="16">2503.2178</dst>
      <dst id="14">135.1200</dst>
      <dst id="20">8712.5956</dst>
      <dst id="11">6605.9200</dst>
      <dst id="9">736.5067</dst>
      <dst id="17">27742.4267</dst>
      <dst id="21">16338.0000</dst>
      <dst id="15">90.6311</dst>
    </src>
    <src id="6">
      <dst id="12">375.0667</dst>
      <dst id="13">2.6311</dst>
      <dst id="19">2.0622</dst>
      <dst id="8">0.4711</dst>
      <dst id="18">1.9378</dst>
      <dst id="4">76.0000</dst>
      <dst id="1">31.4756</dst>
      <dst id="5">0.8178</dst>
      <dst id="10">0.6933</dst>
      <dst id="22">1.6622</dst>
      <dst id="7">1.5644</dst>
      <dst id="2">1903.7867</dst>
      <dst id="16">25.7778</dst>
      <dst id="11">33.4222</dst>
      <dst id="9">7.7778</dst>
      <dst id="17">4031.3600</dst>
      <dst id="21">14.8711</dst>
    </src>
    <src id="16">
      <dst id="12">3643.1378</dst>
      <dst id="13">335.6356</dst>
      <dst id="19">4123.5200</dst>
      <dst id="23">27.1911</dst>
      <dst id="8">5289.5378</dst>
      <dst id="18">99.8578</dst>
      <dst id="4">5379.9467</dst>
      <dst id="1">21346.6489</dst>
      <dst id="5">4371.0756</dst>
      <dst id="3">13.9911</dst>
      <dst id="10">634.8444</dst>
      <dst id="7">1721.8933</dst>
      <dst id="2">521.7422</dst>
      <dst id="16">39.5022</dst>
      <dst id="14">3.2622</dst>
      <dst id="11">287.8311</dst>
      <dst id="9">7387.1556</dst>
      <dst id="17">6367.4578</dst>
      <dst id="21">334.9689</dst>
    </src>
    <src id="14">
      <dst id="12">3469.5289</dst>
      <dst id="13">92.0978</dst>
      <dst id="19">4.2133</dst>
      <dst id="8">0.3556</dst>
      <dst id="18">27.0222</dst>
      <dst id="4">2288.7644</dst>
      <dst id="1">621.8222</dst>
      <dst id="3">94.5156</dst>
      <dst id="10">142.6578</dst>
      <dst id="22">43.5289</dst>
      <dst id="7">40.3200</dst>
      <dst id="2">3437.9733</dst>
      <dst id="16">0.9333</dst>
      <dst id="14">139.3244</dst>
      <dst id="20">1.9556</dst>
      <dst id="11">13.3422</dst>
      <dst id="9">35.9733</dst>
      <dst id="17">24870.7022</dst>
      <dst id="21">113.4400</dst>
      <dst id="15">0.4622</dst>
    </src>
    <src id="20">
      <dst id="12">20465.6978</dst>
      <dst id="13">18629.3067</dst>
      <dst id="19">2353.7689</dst>
      <dst id="23">50.1244</dst>
      <dst id="8">214.7556</dst>
      <dst id="18">475.8222</dst>
      <dst id="4">14550.8622</dst>
      <dst id="1">6751.3067</dst>
      <dst id="5">4425.0489</dst>
      <dst id="3">70.7378</dst>
      <dst id="10">339.1289</dst>
      <dst id="7">120.0533</dst>
      <dst id="2">6873.9378</dst>
      <dst id="14">80.9333</dst>
      <dst id="11">558.8711</dst>
      <dst id="9">1367.6533</dst>
      <dst id="17">17024.6044</dst>
      <dst id="21">1727.6800</dst>
    </src>
    <src id="11">
      <dst id="12">122416.8622</dst>
      <dst id="13">4058.4711</dst>
      <dst id="19">566.5333</dst>
      <dst id="23">96.1244</dst>
      <dst id="8">140.8889</dst>
      <dst id="18">1593.3956</dst>
      <dst id="4">14220.8622</dst>
      <dst id="1">2313.2622</dst>
      <dst id="5">3117.9556</dst>
      <dst id="3">575.4044</dst>
      <dst id="10">2364.3822</dst>
      <dst id="22">1503.5644</dst>
      <dst id="7">716.7644</dst>
      <dst id="2">134827.9644</dst>
      <dst id="16">739.8489</dst>
      <dst id="14">54.2578</dst>
      <dst id="20">458.7289</dst>
      <dst id="11">3883.3867</dst>
      <dst id="9">5335.9644</dst>
      <dst id="17">682658.7733</dst>
      <dst id="21">927.8489</dst>
      <dst id="15">446.1333</dst>
    </src>
    <src id="9">
      <dst id="12">40940.0889</dst>
      <dst id="13">3375.6978</dst>
      <dst id="19">1869.3244</dst>
      <dst id="23">13.2622</dst>
      <dst id="8">181602.9689</dst>
      <dst id="18">994.2756</dst>
      <dst id="4">12811.3867</dst>
      <dst id="1">7662.7200</dst>
      <dst id="5">1673.4489</dst>
      <dst id="3">43.5022</dst>
      <dst id="10">1537.9111</dst>
      <dst id="22">3095.1733</dst>
      <dst id="7">63.9022</dst>
      <dst id="2">9028.2844</dst>
      <dst id="16">3533.9822</dst>
      <dst id="14">78.0444</dst>
      <dst id="20">3426.3556</dst>
      <dst id="11">1074.7378</dst>
      <dst id="9">475662.3556</dst>
      <dst id="17">606447.1822</dst>
      <dst id="21">1217.4133</dst>
      <dst id="15">174.0800</dst>
    </src>
    <src id="17">
      <dst id="12">20182.6044</dst>
      <dst id="13">8809.2267</dst>
      <dst id="19">230.9689</dst>
      <dst id="23">67.7600</dst>
      <dst id="8">607.4400</dst>
      <dst id="18">2205.1378</dst>
      <dst id="4">56294.1778</dst>
      <dst id="1">13600.5422</dst>
      <dst id="5">217663.9556</dst>
      <dst id="3">7983.8667</dst>
      <dst id="10">5908.3111</dst>
      <dst id="22">8707.4667</dst>
      <dst id="7">27257.8578</dst>
      <dst id="2">9945.6533</dst>
      <dst id="16">2311.4400</dst>
      <dst id="14">24822.6667</dst>
      <dst id="20">3539.1556</dst>
      <dst id="11">175779.1111</dst>
      <dst id="9">5030.6311</dst>
      <dst id="17">1595.9022</dst>
      <dst id="21">7077.6444</dst>
      <dst id="15">3750.6222</dst>
    </src>
    <src id="21">
      <dst id="12">2941.2267</dst>
      <dst id="13">830.1600</dst>
      <dst id="19">319.5200</dst>
      <dst id="23">84.4444</dst>
      <dst id="8">465.1467</dst>
      <dst id="18">1137.3422</dst>
      <dst id="4">39815.8756</dst>
      <dst id="1">2077.2444</dst>
      <dst id="5">611.6267</dst>
      <dst id="3">5960.3911</dst>
      <dst id="10">2189.6889</dst>
      <dst id="22">4916.4267</dst>
      <dst id="7">12321.2356</dst>
      <dst id="2">18869.9911</dst>
      <dst id="16">1163.3956</dst>
      <dst id="14">90.7467</dst>
      <dst id="20">3258.1156</dst>
      <dst id="11">408.3556</dst>
      <dst id="9">2308.9867</dst>
      <dst id="17">25189.2533</dst>
      <dst id="21">2952.5867</dst>
      <dst id="15">74.8533</dst>
    </src>
    <src id="15">
      <dst id="12">1806.3200</dst>
      <dst id="13">191.4667</dst>
      <dst id="19">0.4267</dst>
      <dst id="8">711.2800</dst>
      <dst id="18">30.0800</dst>
      <dst id="4">2810.0000</dst>
      <dst id="1">413.2356</dst>
      <dst id="5">893.6356</dst>
      <dst id="3">1.8489</dst>
      <dst id="10">1913.6267</dst>
      <dst id="7">37.6622</dst>
      <dst id="2">1340.4533</dst>
      <dst id="11">222.8800</dst>
      <dst id="9">456.8800</dst>
      <dst id="17">232.3467</dst>
      <dst id="21">1050.4000</dst>
    </src>
  </IntraTM>
</TrafficMatrixFile>
