<?xml version="1.0" encoding="UTF-8" standalone="yes"?>
<TrafficMatrixFile xmlns:xsi="http://www.w3.org/2001/XMLSchema-instance" xsi:noNamespaceSchemaLocation="http://totem.run.montefiore.ulg.ac.be/Schema/TrafficMatrix-v1_2.xsd">
  <info>
    <title>Intradomain traffic matrix generated by geant-TM-all.pl</title>
    <date>2005-03-12T11:45:00</date>
    <duration>900</duration>
    <author>Steve Uhlig</author>
    <units>
        <unit type="bandwidth" value="kbps"/>
    </units>
  </info>
  <IntraTM ASID="20965">
    <src id="12">
      <dst id="12">189343.7956</dst>
      <dst id="13">19870.5067</dst>
      <dst id="19">1672.6133</dst>
      <dst id="23">1744.2667</dst>
      <dst id="8">4309.1111</dst>
      <dst id="18">91616.6578</dst>
      <dst id="4">6816.0800</dst>
      <dst id="1">12476.2489</dst>
      <dst id="5">1766.6489</dst>
      <dst id="3">24.4000</dst>
      <dst id="10">5772.5333</dst>
      <dst id="22">6820.5422</dst>
      <dst id="7">6669.8667</dst>
      <dst id="2">24631.7956</dst>
      <dst id="6">8653.5200</dst>
      <dst id="16">375.1911</dst>
      <dst id="14">127.0044</dst>
      <dst id="20">7654.1067</dst>
      <dst id="11">218.6311</dst>
      <dst id="9">2008.2933</dst>
      <dst id="17">87235.4844</dst>
      <dst id="21">1212.6578</dst>
      <dst id="15">278.9156</dst>
    </src>
    <src id="13">
      <dst id="12">37193.9644</dst>
      <dst id="13">1.2000</dst>
      <dst id="19">3892.3644</dst>
      <dst id="23">2957.4222</dst>
      <dst id="8">1225.1200</dst>
      <dst id="18">1530.1600</dst>
      <dst id="1">3385.4311</dst>
      <dst id="5">12193.2800</dst>
      <dst id="3">151.9378</dst>
      <dst id="10">0.2578</dst>
      <dst id="22">3454.3467</dst>
      <dst id="7">11471.3422</dst>
      <dst id="2">30256.4978</dst>
      <dst id="6">65.8844</dst>
      <dst id="16">98.2489</dst>
      <dst id="14">2911.4400</dst>
      <dst id="20">7900.2311</dst>
      <dst id="11">307.9733</dst>
      <dst id="9">6460.8000</dst>
      <dst id="17">47689.3422</dst>
      <dst id="21">6237.8844</dst>
      <dst id="15">1191.6000</dst>
    </src>
    <src id="19">
      <dst id="12">10908.8089</dst>
      <dst id="13">1359.7244</dst>
      <dst id="23">6.5600</dst>
      <dst id="8">48.3378</dst>
      <dst id="18">1124.4356</dst>
      <dst id="4">1203.8400</dst>
      <dst id="1">90.6489</dst>
      <dst id="5">0.5511</dst>
      <dst id="3">2.1689</dst>
      <dst id="10">136.3911</dst>
      <dst id="22">115.9644</dst>
      <dst id="7">8261.1644</dst>
      <dst id="2">572.7822</dst>
      <dst id="14">42.1422</dst>
      <dst id="20">5.2622</dst>
      <dst id="11">26.0089</dst>
      <dst id="9">354.8444</dst>
      <dst id="17">485.8400</dst>
      <dst id="21">237.3867</dst>
    </src>
    <src id="23">
      <dst id="12">3553.7689</dst>
      <dst id="13">263.2889</dst>
      <dst id="19">334.1956</dst>
      <dst id="8">26.6667</dst>
      <dst id="4">2248.4711</dst>
      <dst id="1">542.8533</dst>
      <dst id="5">128.9244</dst>
      <dst id="3">25.9556</dst>
      <dst id="10">1068.9422</dst>
      <dst id="22">971.4222</dst>
      <dst id="7">1541.6000</dst>
      <dst id="2">341.3511</dst>
      <dst id="16">161.4044</dst>
      <dst id="20">328.2222</dst>
      <dst id="11">12.6222</dst>
      <dst id="9">133.9733</dst>
      <dst id="17">35083.4311</dst>
      <dst id="21">491.2800</dst>
      <dst id="15">13.6711</dst>
    </src>
    <src id="8">
      <dst id="12">18927.6622</dst>
      <dst id="13">306.8978</dst>
      <dst id="19">25.5556</dst>
      <dst id="18">177.1556</dst>
      <dst id="4">363.7422</dst>
      <dst id="1">2971.8667</dst>
      <dst id="5">640.8800</dst>
      <dst id="3">22.8267</dst>
      <dst id="10">117.8133</dst>
      <dst id="7">126.1778</dst>
      <dst id="2">231.8311</dst>
      <dst id="16">107658.2133</dst>
      <dst id="9">100580.2756</dst>
      <dst id="17">210878.0889</dst>
      <dst id="21">34.5956</dst>
      <dst id="15">1.3689</dst>
    </src>
    <src id="18">
      <dst id="12">113590.9333</dst>
      <dst id="13">164.0178</dst>
      <dst id="19">52.2933</dst>
      <dst id="23">0.8889</dst>
      <dst id="8">95.8400</dst>
      <dst id="4">301.5200</dst>
      <dst id="1">8070.3111</dst>
      <dst id="5">267.4933</dst>
      <dst id="3">326.4089</dst>
      <dst id="10">3608.0711</dst>
      <dst id="22">22.5156</dst>
      <dst id="7">42.8178</dst>
      <dst id="2">21855.6267</dst>
      <dst id="6">0.4267</dst>
      <dst id="16">403.9556</dst>
      <dst id="20">2.0356</dst>
      <dst id="11">1.4222</dst>
      <dst id="9">1654.8444</dst>
      <dst id="17">43562.6933</dst>
      <dst id="21">139.6889</dst>
      <dst id="15">4.9067</dst>
    </src>
    <src id="4">
      <dst id="12">5576.3911</dst>
      <dst id="19">1240.5511</dst>
      <dst id="23">58.3200</dst>
      <dst id="8">841.5911</dst>
      <dst id="18">320.7911</dst>
      <dst id="4">25.2356</dst>
      <dst id="1">64630.8089</dst>
      <dst id="5">223.0489</dst>
      <dst id="3">1196.5511</dst>
      <dst id="7">191705.0044</dst>
      <dst id="2">31112.0800</dst>
      <dst id="6">53.8667</dst>
      <dst id="16">1752.1333</dst>
      <dst id="14">882.0000</dst>
      <dst id="11">35.8756</dst>
      <dst id="9">7835.7689</dst>
      <dst id="17">13282.0444</dst>
      <dst id="21">2582.7289</dst>
      <dst id="15">255.1111</dst>
    </src>
    <src id="1">
      <dst id="12">187514.0000</dst>
      <dst id="13">4046.4000</dst>
      <dst id="19">1210.8622</dst>
      <dst id="23">26.0622</dst>
      <dst id="8">16.2844</dst>
      <dst id="18">11701.0133</dst>
      <dst id="4">15589.6889</dst>
      <dst id="1">141904.7556</dst>
      <dst id="5">200.7733</dst>
      <dst id="3">2243.9289</dst>
      <dst id="10">4141.3511</dst>
      <dst id="7">153549.7511</dst>
      <dst id="2">192312.7378</dst>
      <dst id="6">0.3378</dst>
      <dst id="16">11361.8222</dst>
      <dst id="14">268.8711</dst>
      <dst id="20">1335.2800</dst>
      <dst id="11">69.9378</dst>
      <dst id="9">2299.5467</dst>
      <dst id="17">482571.8222</dst>
      <dst id="21">379941.6089</dst>
      <dst id="15">4068.6489</dst>
    </src>
    <src id="5">
      <dst id="12">12707.9467</dst>
      <dst id="13">845.1022</dst>
      <dst id="19">1.0933</dst>
      <dst id="23">4.2311</dst>
      <dst id="8">705.1200</dst>
      <dst id="18">68.3289</dst>
      <dst id="4">331.1733</dst>
      <dst id="1">19399.7600</dst>
      <dst id="10">2448.4444</dst>
      <dst id="7">145.6978</dst>
      <dst id="2">100.0978</dst>
      <dst id="6">1.6178</dst>
      <dst id="16">105545.8578</dst>
      <dst id="14">17.1556</dst>
      <dst id="11">18.7556</dst>
      <dst id="9">41218.1956</dst>
      <dst id="17">166699.6356</dst>
      <dst id="21">2.5956</dst>
      <dst id="15">0.8000</dst>
    </src>
    <src id="3">
      <dst id="12">34533.6178</dst>
      <dst id="13">191.6533</dst>
      <dst id="19">732.9867</dst>
      <dst id="23">44.6844</dst>
      <dst id="8">30.6667</dst>
      <dst id="18">1592.2667</dst>
      <dst id="4">39581.7867</dst>
      <dst id="1">3081.8578</dst>
      <dst id="5">103.9911</dst>
      <dst id="3">31.3333</dst>
      <dst id="10">676.8267</dst>
      <dst id="7">1123.8489</dst>
      <dst id="2">2782.3644</dst>
      <dst id="6">0.8533</dst>
      <dst id="16">1244.6667</dst>
      <dst id="14">92.6933</dst>
      <dst id="20">149.1644</dst>
      <dst id="11">185.4222</dst>
      <dst id="9">791.5644</dst>
      <dst id="17">21137.1733</dst>
      <dst id="21">2426.2667</dst>
      <dst id="15">26.2578</dst>
    </src>
    <src id="10">
      <dst id="12">15287.6178</dst>
      <dst id="19">3475.1556</dst>
      <dst id="23">480.0533</dst>
      <dst id="8">573.1022</dst>
      <dst id="18">798.4889</dst>
      <dst id="1">435.5111</dst>
      <dst id="5">413.4756</dst>
      <dst id="3">36.4000</dst>
      <dst id="7">2824.2044</dst>
      <dst id="2">11629.6089</dst>
      <dst id="6">1.6533</dst>
      <dst id="16">213.5200</dst>
      <dst id="14">1719.8044</dst>
      <dst id="20">4510.3378</dst>
      <dst id="11">0.2578</dst>
      <dst id="9">5630.8000</dst>
      <dst id="17">29079.3778</dst>
      <dst id="21">6087.4044</dst>
      <dst id="15">271.4756</dst>
    </src>
    <src id="22">
      <dst id="12">5665.6178</dst>
      <dst id="13">1219.9378</dst>
      <dst id="19">126.9956</dst>
      <dst id="23">133.1644</dst>
      <dst id="8">185.7422</dst>
      <dst id="18">622.1067</dst>
      <dst id="4">3648.6844</dst>
      <dst id="1">1073.7778</dst>
      <dst id="5">2361.5289</dst>
      <dst id="3">18.1511</dst>
      <dst id="10">1131.2622</dst>
      <dst id="7">1772.3200</dst>
      <dst id="2">299.5200</dst>
      <dst id="6">15.3333</dst>
      <dst id="16">1.0933</dst>
      <dst id="14">5.1556</dst>
      <dst id="11">17.6000</dst>
      <dst id="9">445.4667</dst>
      <dst id="17">1977.4844</dst>
      <dst id="21">478.8178</dst>
    </src>
    <src id="7">
      <dst id="12">13828.4533</dst>
      <dst id="13">128.7644</dst>
      <dst id="19">810.9778</dst>
      <dst id="23">130.2400</dst>
      <dst id="8">114.8267</dst>
      <dst id="18">411.6356</dst>
      <dst id="4">28005.5378</dst>
      <dst id="1">13856.1600</dst>
      <dst id="5">392.2933</dst>
      <dst id="3">404.3200</dst>
      <dst id="10">2417.7689</dst>
      <dst id="22">1126.7556</dst>
      <dst id="7">910.5956</dst>
      <dst id="2">9586.0178</dst>
      <dst id="6">14.2756</dst>
      <dst id="16">0.4622</dst>
      <dst id="14">78.6756</dst>
      <dst id="20">796.8000</dst>
      <dst id="11">120.9600</dst>
      <dst id="9">921.5733</dst>
      <dst id="17">2368.4000</dst>
      <dst id="21">2826.2400</dst>
      <dst id="15">35.8933</dst>
    </src>
    <src id="2">
      <dst id="12">58164.0089</dst>
      <dst id="13">2718.6578</dst>
      <dst id="19">588.7822</dst>
      <dst id="23">1.8489</dst>
      <dst id="8">266.4622</dst>
      <dst id="18">43086.9067</dst>
      <dst id="4">13790.5867</dst>
      <dst id="1">29516.4711</dst>
      <dst id="5">143.2267</dst>
      <dst id="3">33.8933</dst>
      <dst id="10">4334.5067</dst>
      <dst id="22">263.8400</dst>
      <dst id="7">12164.6400</dst>
      <dst id="2">1063.8844</dst>
      <dst id="6">9535.8933</dst>
      <dst id="16">2.0978</dst>
      <dst id="14">134.8533</dst>
      <dst id="20">81.7244</dst>
      <dst id="11">190.4178</dst>
      <dst id="9">499.0400</dst>
      <dst id="17">30675.5289</dst>
      <dst id="21">2868.4000</dst>
      <dst id="15">1024.3200</dst>
    </src>
    <src id="6">
      <dst id="12">1732.9956</dst>
      <dst id="13">1.7867</dst>
      <dst id="23">0.5244</dst>
      <dst id="4">56.1333</dst>
      <dst id="1">1481.4578</dst>
      <dst id="5">21.2711</dst>
      <dst id="3">0.4978</dst>
      <dst id="10">16.0622</dst>
      <dst id="22">57.7956</dst>
      <dst id="7">2.1689</dst>
      <dst id="2">691.2533</dst>
      <dst id="16">26.4533</dst>
      <dst id="14">11.9111</dst>
      <dst id="9">72.0889</dst>
      <dst id="17">13572.7733</dst>
      <dst id="21">0.3289</dst>
    </src>
    <src id="16">
      <dst id="12">113973.1111</dst>
      <dst id="13">485.0933</dst>
      <dst id="19">4982.5867</dst>
      <dst id="23">16.2489</dst>
      <dst id="8">75267.0044</dst>
      <dst id="18">222.4533</dst>
      <dst id="4">6004.9422</dst>
      <dst id="1">18048.7200</dst>
      <dst id="5">132526.0178</dst>
      <dst id="3">5153.9911</dst>
      <dst id="10">270.4800</dst>
      <dst id="7">47.7156</dst>
      <dst id="2">376.4444</dst>
      <dst id="6">0.3378</dst>
      <dst id="16">580.9689</dst>
      <dst id="14">17714.5244</dst>
      <dst id="11">17596.9600</dst>
      <dst id="9">121585.9733</dst>
      <dst id="17">24783.1733</dst>
    </src>
    <src id="14">
      <dst id="12">3644.6933</dst>
      <dst id="13">62.7911</dst>
      <dst id="19">2.1333</dst>
      <dst id="23">1.0667</dst>
      <dst id="4">218.3467</dst>
      <dst id="1">2064.0089</dst>
      <dst id="3">83.9289</dst>
      <dst id="10">87.1111</dst>
      <dst id="7">921.4756</dst>
      <dst id="2">821.7156</dst>
      <dst id="16">1276.7111</dst>
      <dst id="20">0.5600</dst>
      <dst id="11">0.4622</dst>
      <dst id="9">90.8000</dst>
      <dst id="17">27005.3422</dst>
      <dst id="21">33.3511</dst>
      <dst id="15">2.4267</dst>
    </src>
    <src id="20">
      <dst id="12">4958.6133</dst>
      <dst id="13">9138.4889</dst>
      <dst id="19">82.4178</dst>
      <dst id="23">5.2444</dst>
      <dst id="8">175.6444</dst>
      <dst id="4">2352.8089</dst>
      <dst id="1">113.0756</dst>
      <dst id="5">102.5778</dst>
      <dst id="3">0.6756</dst>
      <dst id="10">226.4356</dst>
      <dst id="7">3220.1689</dst>
      <dst id="2">3183.4133</dst>
      <dst id="6">0.6133</dst>
      <dst id="14">0.5333</dst>
      <dst id="20">21.4400</dst>
      <dst id="9">2864.9600</dst>
      <dst id="17">11397.3511</dst>
      <dst id="21">247.8756</dst>
    </src>
    <src id="11">
      <dst id="12">49235.9556</dst>
      <dst id="13">782.8889</dst>
      <dst id="19">95.9111</dst>
      <dst id="23">37.0311</dst>
      <dst id="8">160.6578</dst>
      <dst id="18">202.1867</dst>
      <dst id="4">1842.9244</dst>
      <dst id="1">35617.0044</dst>
      <dst id="5">1096.6933</dst>
      <dst id="3">16.7911</dst>
      <dst id="10">1630.6756</dst>
      <dst id="7">170.1778</dst>
      <dst id="2">57285.2089</dst>
      <dst id="6">27.7333</dst>
      <dst id="16">29553.2711</dst>
      <dst id="14">5.3867</dst>
      <dst id="20">228.8889</dst>
      <dst id="11">811.2267</dst>
      <dst id="9">3263.4400</dst>
      <dst id="17">546863.0578</dst>
      <dst id="21">548.4622</dst>
      <dst id="15">10.1067</dst>
    </src>
    <src id="9">
      <dst id="12">29998.6133</dst>
      <dst id="13">1750.4978</dst>
      <dst id="19">33.7867</dst>
      <dst id="23">1.4933</dst>
      <dst id="8">82557.4667</dst>
      <dst id="18">127.9111</dst>
      <dst id="4">5996.1511</dst>
      <dst id="1">5704.2133</dst>
      <dst id="5">1251.6800</dst>
      <dst id="3">4.3467</dst>
      <dst id="10">454.4089</dst>
      <dst id="7">266.4533</dst>
      <dst id="2">160.6578</dst>
      <dst id="6">1.4933</dst>
      <dst id="16">155470.5689</dst>
      <dst id="14">18.2756</dst>
      <dst id="11">2.1333</dst>
      <dst id="9">225622.0178</dst>
      <dst id="17">279211.3333</dst>
      <dst id="15">11.2356</dst>
    </src>
    <src id="17">
      <dst id="12">118819.7511</dst>
      <dst id="13">4728.1778</dst>
      <dst id="19">411.1022</dst>
      <dst id="23">605.1200</dst>
      <dst id="8">209.5022</dst>
      <dst id="18">222.1067</dst>
      <dst id="4">15426.0622</dst>
      <dst id="1">6460.4800</dst>
      <dst id="5">115949.7689</dst>
      <dst id="3">2838.7911</dst>
      <dst id="10">3749.3156</dst>
      <dst id="7">17086.9689</dst>
      <dst id="2">4592.2844</dst>
      <dst id="6">49.4044</dst>
      <dst id="16">4394.6756</dst>
      <dst id="14">9956.6044</dst>
      <dst id="20">24180.6933</dst>
      <dst id="11">8432.5244</dst>
      <dst id="9">17428.6133</dst>
      <dst id="17">19085.9556</dst>
      <dst id="21">8899.2000</dst>
      <dst id="15">249.4044</dst>
    </src>
    <src id="21">
      <dst id="12">7294.2222</dst>
      <dst id="13">430.9511</dst>
      <dst id="19">318.5156</dst>
      <dst id="23">81.9644</dst>
      <dst id="8">450.4356</dst>
      <dst id="18">865.2444</dst>
      <dst id="4">7464.1778</dst>
      <dst id="1">9791.9644</dst>
      <dst id="5">414.8533</dst>
      <dst id="3">1150.1244</dst>
      <dst id="10">721.0667</dst>
      <dst id="7">1917.5911</dst>
      <dst id="2">7326.7911</dst>
      <dst id="6">0.8533</dst>
      <dst id="16">1117.1556</dst>
      <dst id="14">100.5067</dst>
      <dst id="20">86.4000</dst>
      <dst id="11">146.0533</dst>
      <dst id="9">890.2756</dst>
      <dst id="17">22967.5644</dst>
      <dst id="21">2978.3644</dst>
      <dst id="15">165.7244</dst>
    </src>
    <src id="15">
      <dst id="12">327.8044</dst>
      <dst id="13">58.6933</dst>
      <dst id="23">0.4622</dst>
      <dst id="8">40.4622</dst>
      <dst id="18">33.5111</dst>
      <dst id="4">45.6444</dst>
      <dst id="1">385.6889</dst>
      <dst id="5">0.7111</dst>
      <dst id="3">0.7467</dst>
      <dst id="10">100.8178</dst>
      <dst id="7">64.2133</dst>
      <dst id="2">57.1022</dst>
      <dst id="14">0.6578</dst>
      <dst id="11">55.5644</dst>
      <dst id="9">415.2978</dst>
      <dst id="17">214.0711</dst>
      <dst id="21">87.9289</dst>
    </src>
  </IntraTM>
</TrafficMatrixFile>
