<?xml version="1.0" encoding="UTF-8" standalone="yes"?>
<TrafficMatrixFile xmlns:xsi="http://www.w3.org/2001/XMLSchema-instance" xsi:noNamespaceSchemaLocation="http://totem.run.montefiore.ulg.ac.be/Schema/TrafficMatrix-v1_2.xsd">
  <info>
    <title>Intradomain traffic matrix generated by geant-TM-all.pl</title>
    <date>2005-04-01T15:45:00</date>
    <duration>900</duration>
    <author>Steve Uhlig</author>
    <units>
        <unit type="bandwidth" value="kbps"/>
    </units>
  </info>
  <IntraTM ASID="20965">
    <src id="12">
      <dst id="12">292590.4444</dst>
      <dst id="13">28314.6400</dst>
      <dst id="19">872.8444</dst>
      <dst id="23">1898.1333</dst>
      <dst id="8">58.9067</dst>
      <dst id="18">36494.7111</dst>
      <dst id="4">2996.9156</dst>
      <dst id="1">16816.0356</dst>
      <dst id="5">411.5378</dst>
      <dst id="3">221.8222</dst>
      <dst id="10">5600.8622</dst>
      <dst id="22">3038.2311</dst>
      <dst id="7">3712.1600</dst>
      <dst id="2">17140.6311</dst>
      <dst id="6">14559.3689</dst>
      <dst id="16">5970.6844</dst>
      <dst id="14">560.2400</dst>
      <dst id="20">1995.3867</dst>
      <dst id="11">79.9111</dst>
      <dst id="9">5285.7956</dst>
      <dst id="17">53500.3556</dst>
      <dst id="21">904.8800</dst>
      <dst id="15">162.0089</dst>
    </src>
    <src id="13">
      <dst id="12">11307.3956</dst>
      <dst id="13">69.4311</dst>
      <dst id="19">1790.4356</dst>
      <dst id="23">7.5733</dst>
      <dst id="8">41.7333</dst>
      <dst id="18">26.9244</dst>
      <dst id="4">1.1378</dst>
      <dst id="1">253.9289</dst>
      <dst id="5">585.2978</dst>
      <dst id="3">19.1200</dst>
      <dst id="10">13.1378</dst>
      <dst id="22">5935.9822</dst>
      <dst id="7">67.0489</dst>
      <dst id="2">1395.5111</dst>
      <dst id="6">36.1778</dst>
      <dst id="16">1357.7867</dst>
      <dst id="14">7510.4089</dst>
      <dst id="20">562.5689</dst>
      <dst id="11">175.9644</dst>
      <dst id="9">1058.9689</dst>
      <dst id="17">19498.3289</dst>
      <dst id="21">306.1600</dst>
      <dst id="15">130.0889</dst>
    </src>
    <src id="19">
      <dst id="12">24662.9067</dst>
      <dst id="13">9893.1378</dst>
      <dst id="23">10.3111</dst>
      <dst id="8">586.5956</dst>
      <dst id="18">0.4267</dst>
      <dst id="4">1495.4667</dst>
      <dst id="1">172.6489</dst>
      <dst id="3">0.7200</dst>
      <dst id="10">33.5911</dst>
      <dst id="22">63.9911</dst>
      <dst id="7">1006.3111</dst>
      <dst id="2">462.3111</dst>
      <dst id="6">49.2178</dst>
      <dst id="16">861.8489</dst>
      <dst id="14">41.1733</dst>
      <dst id="20">128.2578</dst>
      <dst id="11">0.9422</dst>
      <dst id="9">98.6578</dst>
      <dst id="17">619.8044</dst>
      <dst id="21">2401.0044</dst>
      <dst id="15">106.5333</dst>
    </src>
    <src id="23">
      <dst id="12">2947.9111</dst>
      <dst id="13">703.7067</dst>
      <dst id="19">136.9156</dst>
      <dst id="8">0.4622</dst>
      <dst id="18">483.6533</dst>
      <dst id="4">57.8044</dst>
      <dst id="1">201.1022</dst>
      <dst id="10">537.9022</dst>
      <dst id="22">187.1911</dst>
      <dst id="7">70.0978</dst>
      <dst id="2">331.7867</dst>
      <dst id="16">52.9778</dst>
      <dst id="14">45.2622</dst>
      <dst id="20">159.2889</dst>
      <dst id="11">15.5822</dst>
      <dst id="9">246.8889</dst>
      <dst id="17">778.1778</dst>
      <dst id="21">162.1511</dst>
      <dst id="15">0.8356</dst>
    </src>
    <src id="8">
      <dst id="12">4393.8044</dst>
      <dst id="13">304.9867</dst>
      <dst id="19">628.5689</dst>
      <dst id="23">0.8533</dst>
      <dst id="18">0.4089</dst>
      <dst id="4">260.9867</dst>
      <dst id="1">866.2044</dst>
      <dst id="5">110.4267</dst>
      <dst id="10">16.9244</dst>
      <dst id="2">92.4978</dst>
      <dst id="16">132310.3556</dst>
      <dst id="14">13.3333</dst>
      <dst id="11">2.2044</dst>
      <dst id="9">41350.1867</dst>
      <dst id="17">12943.2711</dst>
      <dst id="21">4.2133</dst>
      <dst id="15">24.3556</dst>
    </src>
    <src id="18">
      <dst id="12">85049.1644</dst>
      <dst id="13">233.1022</dst>
      <dst id="19">0.4711</dst>
      <dst id="23">12.3022</dst>
      <dst id="8">0.6756</dst>
      <dst id="4">360.6044</dst>
      <dst id="1">511.2444</dst>
      <dst id="5">227.2622</dst>
      <dst id="3">1437.2533</dst>
      <dst id="10">87.3778</dst>
      <dst id="22">65.4400</dst>
      <dst id="7">0.3556</dst>
      <dst id="2">7598.0444</dst>
      <dst id="16">437.1556</dst>
      <dst id="14">1.1644</dst>
      <dst id="20">2120.2222</dst>
      <dst id="9">729.2444</dst>
      <dst id="17">3040.2489</dst>
      <dst id="21">58.9244</dst>
    </src>
    <src id="4">
      <dst id="12">29634.9156</dst>
      <dst id="13">6.3556</dst>
      <dst id="19">14173.9467</dst>
      <dst id="23">219.7600</dst>
      <dst id="8">736.8533</dst>
      <dst id="18">1062.2400</dst>
      <dst id="4">772.9333</dst>
      <dst id="1">22724.3467</dst>
      <dst id="5">4196.3911</dst>
      <dst id="3">830.8444</dst>
      <dst id="22">1248.5156</dst>
      <dst id="7">89.3156</dst>
      <dst id="2">102866.5244</dst>
      <dst id="6">216.5867</dst>
      <dst id="16">118510.3378</dst>
      <dst id="14">4173.4933</dst>
      <dst id="11">575.6978</dst>
      <dst id="9">24579.1733</dst>
      <dst id="17">65338.1067</dst>
      <dst id="21">4253.2978</dst>
      <dst id="15">1845.0133</dst>
    </src>
    <src id="1">
      <dst id="12">31549.2444</dst>
      <dst id="13">3942.0267</dst>
      <dst id="19">297.6178</dst>
      <dst id="23">162.2844</dst>
      <dst id="8">118.9067</dst>
      <dst id="18">9929.6444</dst>
      <dst id="4">2025.9111</dst>
      <dst id="1">23527.6800</dst>
      <dst id="5">370.8000</dst>
      <dst id="3">19.8489</dst>
      <dst id="10">484.8711</dst>
      <dst id="22">40.0000</dst>
      <dst id="7">2843.9022</dst>
      <dst id="2">902.9156</dst>
      <dst id="6">2.7733</dst>
      <dst id="16">44092.3911</dst>
      <dst id="14">93.8133</dst>
      <dst id="20">93.6267</dst>
      <dst id="11">65.0578</dst>
      <dst id="9">1668.4622</dst>
      <dst id="17">3862.5600</dst>
      <dst id="21">470898.0889</dst>
      <dst id="15">173.9911</dst>
    </src>
    <src id="5">
      <dst id="12">11591.4133</dst>
      <dst id="13">832.7022</dst>
      <dst id="19">0.8178</dst>
      <dst id="8">63.3956</dst>
      <dst id="18">363.9378</dst>
      <dst id="4">571.6267</dst>
      <dst id="1">1663.4844</dst>
      <dst id="10">180.0622</dst>
      <dst id="22">35.8400</dst>
      <dst id="2">95.9822</dst>
      <dst id="6">2.2400</dst>
      <dst id="16">242972.8800</dst>
      <dst id="14">45.2622</dst>
      <dst id="11">58.4533</dst>
      <dst id="9">27898.3378</dst>
      <dst id="17">20802.4089</dst>
      <dst id="21">61.6356</dst>
      <dst id="15">61.2711</dst>
    </src>
    <src id="3">
      <dst id="12">971.1556</dst>
      <dst id="13">10230.8089</dst>
      <dst id="19">905.9733</dst>
      <dst id="23">245.0133</dst>
      <dst id="8">1.6178</dst>
      <dst id="18">60.5333</dst>
      <dst id="4">434.7733</dst>
      <dst id="1">2949.0489</dst>
      <dst id="5">271.7689</dst>
      <dst id="3">292.2756</dst>
      <dst id="10">315.8933</dst>
      <dst id="22">2.9778</dst>
      <dst id="7">203.8489</dst>
      <dst id="2">3565.8667</dst>
      <dst id="6">0.9600</dst>
      <dst id="16">21285.3244</dst>
      <dst id="14">326.0178</dst>
      <dst id="20">339.6178</dst>
      <dst id="11">209.6178</dst>
      <dst id="9">7298.1333</dst>
      <dst id="17">31126.2311</dst>
      <dst id="21">716.2133</dst>
      <dst id="15">3.5111</dst>
    </src>
    <src id="10">
      <dst id="12">6981.9467</dst>
      <dst id="13">19.1111</dst>
      <dst id="19">1648.7556</dst>
      <dst id="23">836.0089</dst>
      <dst id="8">45.6711</dst>
      <dst id="18">1478.1867</dst>
      <dst id="1">1565.3867</dst>
      <dst id="5">196.2933</dst>
      <dst id="3">1918.1778</dst>
      <dst id="22">94.8267</dst>
      <dst id="7">1195.0311</dst>
      <dst id="2">8146.5956</dst>
      <dst id="6">6.0444</dst>
      <dst id="16">23263.2622</dst>
      <dst id="14">2384.0711</dst>
      <dst id="20">1053.3422</dst>
      <dst id="11">76.8800</dst>
      <dst id="9">2056.4356</dst>
      <dst id="17">19616.7022</dst>
      <dst id="21">16110.7378</dst>
      <dst id="15">551.5111</dst>
    </src>
    <src id="22">
      <dst id="12">8236.0356</dst>
      <dst id="13">4494.8711</dst>
      <dst id="19">119.2178</dst>
      <dst id="23">1.4222</dst>
      <dst id="8">6.3289</dst>
      <dst id="18">78.5333</dst>
      <dst id="4">1433.8222</dst>
      <dst id="1">2901.4044</dst>
      <dst id="5">332.6756</dst>
      <dst id="3">2.0444</dst>
      <dst id="10">2531.3867</dst>
      <dst id="7">70.0089</dst>
      <dst id="2">1080.8356</dst>
      <dst id="6">96.4622</dst>
      <dst id="16">123.9556</dst>
      <dst id="14">155.6000</dst>
      <dst id="11">46.6756</dst>
      <dst id="9">311.2533</dst>
      <dst id="17">7266.0622</dst>
      <dst id="21">932.6667</dst>
    </src>
    <src id="7">
      <dst id="12">8111.4044</dst>
      <dst id="13">27841.6711</dst>
      <dst id="19">367.0667</dst>
      <dst id="23">14.0800</dst>
      <dst id="8">14.1511</dst>
      <dst id="18">33.4756</dst>
      <dst id="4">2955.2267</dst>
      <dst id="1">2278.9422</dst>
      <dst id="5">21.3067</dst>
      <dst id="3">45.2800</dst>
      <dst id="10">320.5956</dst>
      <dst id="22">75.6711</dst>
      <dst id="7">19.4578</dst>
      <dst id="2">5379.8667</dst>
      <dst id="6">13.8311</dst>
      <dst id="16">222.7911</dst>
      <dst id="14">158.3289</dst>
      <dst id="20">46.4089</dst>
      <dst id="11">70.6933</dst>
      <dst id="9">91.4489</dst>
      <dst id="17">4022.0000</dst>
      <dst id="21">2571.4489</dst>
      <dst id="15">1.8400</dst>
    </src>
    <src id="2">
      <dst id="12">96725.3867</dst>
      <dst id="13">29814.6667</dst>
      <dst id="19">497.4400</dst>
      <dst id="23">11.3778</dst>
      <dst id="8">620.9956</dst>
      <dst id="18">15820.8444</dst>
      <dst id="4">4689.4222</dst>
      <dst id="1">8712.6133</dst>
      <dst id="5">173.1467</dst>
      <dst id="3">62.1689</dst>
      <dst id="10">1311.8578</dst>
      <dst id="22">6429.2356</dst>
      <dst id="7">255.3956</dst>
      <dst id="2">3049.5644</dst>
      <dst id="6">10166.1778</dst>
      <dst id="16">9246.7467</dst>
      <dst id="14">249.2356</dst>
      <dst id="20">41.3689</dst>
      <dst id="11">330.8978</dst>
      <dst id="9">1925.7067</dst>
      <dst id="17">9883.8667</dst>
      <dst id="21">1626.5333</dst>
      <dst id="15">81.3867</dst>
    </src>
    <src id="6">
      <dst id="12">514.2044</dst>
      <dst id="13">40.2489</dst>
      <dst id="19">1.3867</dst>
      <dst id="18">1.0667</dst>
      <dst id="4">14.0978</dst>
      <dst id="1">125.9111</dst>
      <dst id="3">13.2622</dst>
      <dst id="22">105.4044</dst>
      <dst id="7">12.0000</dst>
      <dst id="2">1285.8756</dst>
      <dst id="16">25.7778</dst>
      <dst id="14">57.3333</dst>
      <dst id="20">12.8800</dst>
      <dst id="11">1.5289</dst>
      <dst id="9">11.0133</dst>
      <dst id="17">25468.4356</dst>
      <dst id="21">73.7600</dst>
      <dst id="15">5.6178</dst>
    </src>
    <src id="16">
      <dst id="12">92185.9289</dst>
      <dst id="13">1169.2711</dst>
      <dst id="19">3808.8000</dst>
      <dst id="23">11.5822</dst>
      <dst id="8">44452.2667</dst>
      <dst id="18">1.5644</dst>
      <dst id="4">362.0178</dst>
      <dst id="1">8449.2356</dst>
      <dst id="5">177950.1244</dst>
      <dst id="3">3314.3911</dst>
      <dst id="10">840.4356</dst>
      <dst id="2">387.7511</dst>
      <dst id="16">15774.2311</dst>
      <dst id="14">56003.1200</dst>
      <dst id="11">18897.8756</dst>
      <dst id="9">192207.7778</dst>
      <dst id="17">1587.5822</dst>
      <dst id="21">93.6533</dst>
    </src>
    <src id="14">
      <dst id="12">766.0533</dst>
      <dst id="13">622.4000</dst>
      <dst id="19">17.5378</dst>
      <dst id="23">7.7511</dst>
      <dst id="8">25.3333</dst>
      <dst id="4">298.2133</dst>
      <dst id="1">242.3111</dst>
      <dst id="5">0.9956</dst>
      <dst id="3">983.0667</dst>
      <dst id="10">146.4800</dst>
      <dst id="7">33.6711</dst>
      <dst id="2">1892.8356</dst>
      <dst id="6">0.4267</dst>
      <dst id="16">1730.7556</dst>
      <dst id="20">3.6889</dst>
      <dst id="11">36.1956</dst>
      <dst id="9">230.4000</dst>
      <dst id="17">28692.4622</dst>
      <dst id="21">49.9022</dst>
      <dst id="15">12.9067</dst>
    </src>
    <src id="20">
      <dst id="12">1980.7556</dst>
      <dst id="13">3551.2711</dst>
      <dst id="19">17.6356</dst>
      <dst id="23">1.7778</dst>
      <dst id="8">26.6667</dst>
      <dst id="18">62.3822</dst>
      <dst id="4">168.5600</dst>
      <dst id="1">541.0578</dst>
      <dst id="5">218.9422</dst>
      <dst id="3">0.7111</dst>
      <dst id="10">491.6978</dst>
      <dst id="22">38.8356</dst>
      <dst id="7">14.9156</dst>
      <dst id="2">252.4622</dst>
      <dst id="16">5692.1333</dst>
      <dst id="14">15.3867</dst>
      <dst id="20">33.7244</dst>
      <dst id="11">39.0578</dst>
      <dst id="9">172.3733</dst>
      <dst id="17">1574.8978</dst>
      <dst id="21">47.5022</dst>
    </src>
    <src id="11">
      <dst id="12">20360.2667</dst>
      <dst id="13">1959.6444</dst>
      <dst id="19">71.9911</dst>
      <dst id="23">82.4800</dst>
      <dst id="8">71.6533</dst>
      <dst id="18">73.6178</dst>
      <dst id="4">716.5956</dst>
      <dst id="1">3298.7822</dst>
      <dst id="5">708.0267</dst>
      <dst id="3">727.3778</dst>
      <dst id="10">2482.2311</dst>
      <dst id="22">2.0089</dst>
      <dst id="7">27.0578</dst>
      <dst id="2">41311.8489</dst>
      <dst id="6">27.1111</dst>
      <dst id="16">6313.8756</dst>
      <dst id="14">81.3600</dst>
      <dst id="20">99.0756</dst>
      <dst id="11">1174.6133</dst>
      <dst id="9">2893.6267</dst>
      <dst id="17">419824.2844</dst>
      <dst id="21">379.6178</dst>
      <dst id="15">108.4889</dst>
    </src>
    <src id="9">
      <dst id="12">21919.3333</dst>
      <dst id="13">2925.4133</dst>
      <dst id="19">1086.4978</dst>
      <dst id="23">88.1778</dst>
      <dst id="8">45575.4756</dst>
      <dst id="18">72.1422</dst>
      <dst id="4">673.1556</dst>
      <dst id="1">2611.8578</dst>
      <dst id="5">1645.0044</dst>
      <dst id="3">520.0000</dst>
      <dst id="10">629.8667</dst>
      <dst id="22">13.3333</dst>
      <dst id="7">13.3333</dst>
      <dst id="2">272.9956</dst>
      <dst id="16">439109.1822</dst>
      <dst id="14">58.7022</dst>
      <dst id="11">21.6889</dst>
      <dst id="9">236410.3733</dst>
      <dst id="17">47136.8178</dst>
      <dst id="21">1.6267</dst>
      <dst id="15">168.3022</dst>
    </src>
    <src id="17">
      <dst id="12">75578.1778</dst>
      <dst id="13">22401.7422</dst>
      <dst id="19">1154.9067</dst>
      <dst id="23">26.1333</dst>
      <dst id="8">51.5822</dst>
      <dst id="18">164.6222</dst>
      <dst id="4">5017.7333</dst>
      <dst id="1">1708.7556</dst>
      <dst id="5">96672.2400</dst>
      <dst id="3">2398.5956</dst>
      <dst id="10">1382.8089</dst>
      <dst id="22">51.6178</dst>
      <dst id="7">8040.1067</dst>
      <dst id="2">1559.1200</dst>
      <dst id="6">103.2267</dst>
      <dst id="16">42169.5289</dst>
      <dst id="14">19411.2533</dst>
      <dst id="20">22214.4622</dst>
      <dst id="11">10958.3733</dst>
      <dst id="9">1857.2978</dst>
      <dst id="17">10677.2267</dst>
      <dst id="21">5279.0311</dst>
      <dst id="15">71.4133</dst>
    </src>
    <src id="21">
      <dst id="12">1362.0356</dst>
      <dst id="13">6366.1333</dst>
      <dst id="19">464.5867</dst>
      <dst id="23">12.1956</dst>
      <dst id="8">104.2311</dst>
      <dst id="18">158.1156</dst>
      <dst id="4">352.0622</dst>
      <dst id="1">7192.7022</dst>
      <dst id="5">489.2356</dst>
      <dst id="3">927.1556</dst>
      <dst id="10">222.1244</dst>
      <dst id="22">438.4889</dst>
      <dst id="7">758.4356</dst>
      <dst id="2">4445.3600</dst>
      <dst id="6">112.8711</dst>
      <dst id="16">3500.0711</dst>
      <dst id="14">176.6222</dst>
      <dst id="20">22.6311</dst>
      <dst id="11">86.0000</dst>
      <dst id="9">1890.2311</dst>
      <dst id="17">14043.0578</dst>
      <dst id="21">766.1333</dst>
      <dst id="15">23.2267</dst>
    </src>
    <src id="15">
      <dst id="12">1201.0756</dst>
      <dst id="13">144.0533</dst>
      <dst id="19">5525.0044</dst>
      <dst id="23">0.4622</dst>
      <dst id="8">11.4133</dst>
      <dst id="18">1.5644</dst>
      <dst id="4">236.2756</dst>
      <dst id="1">353.9378</dst>
      <dst id="5">40.2400</dst>
      <dst id="10">2902.0178</dst>
      <dst id="2">33.0667</dst>
      <dst id="16">546.1689</dst>
      <dst id="14">14.7022</dst>
      <dst id="11">40.5867</dst>
      <dst id="9">333.0400</dst>
      <dst id="17">120.1067</dst>
      <dst id="21">0.7822</dst>
    </src>
  </IntraTM>
</TrafficMatrixFile>
