<?xml version="1.0" encoding="UTF-8" standalone="yes"?>
<TrafficMatrixFile xmlns:xsi="http://www.w3.org/2001/XMLSchema-instance" xsi:noNamespaceSchemaLocation="http://totem.run.montefiore.ulg.ac.be/Schema/TrafficMatrix-v1_2.xsd">
  <info>
    <title>Intradomain traffic matrix generated by geant-TM-all.pl</title>
    <date>2005-04-27T12:15:00</date>
    <duration>900</duration>
    <author>Steve Uhlig</author>
    <units>
        <unit type="bandwidth" value="kbps"/>
    </units>
  </info>
  <IntraTM ASID="20965">
    <src id="12">
      <dst id="12">300759.0311</dst>
      <dst id="13">16324.0178</dst>
      <dst id="19">8053.1644</dst>
      <dst id="23">725.1911</dst>
      <dst id="8">134.9600</dst>
      <dst id="18">27360.2844</dst>
      <dst id="4">5920.5511</dst>
      <dst id="1">12465.4400</dst>
      <dst id="5">805.8667</dst>
      <dst id="3">120.7467</dst>
      <dst id="10">5118.5689</dst>
      <dst id="22">1593.4400</dst>
      <dst id="7">4865.5111</dst>
      <dst id="2">3333.4489</dst>
      <dst id="16">4734.3733</dst>
      <dst id="14">384.0622</dst>
      <dst id="20">82.3200</dst>
      <dst id="11">93.5644</dst>
      <dst id="9">20552.0622</dst>
      <dst id="17">63449.6711</dst>
      <dst id="21">8890.4800</dst>
      <dst id="15">71.4933</dst>
    </src>
    <src id="13">
      <dst id="12">4050.4711</dst>
      <dst id="13">205.8044</dst>
      <dst id="19">1049.7511</dst>
      <dst id="23">16.2844</dst>
      <dst id="8">287.9911</dst>
      <dst id="18">3044.6044</dst>
      <dst id="1">418.5600</dst>
      <dst id="5">469.6711</dst>
      <dst id="3">15.1111</dst>
      <dst id="22">209.0133</dst>
      <dst id="7">129.6267</dst>
      <dst id="2">5599.5556</dst>
      <dst id="16">2018.3022</dst>
      <dst id="14">13.2711</dst>
      <dst id="20">2663.8489</dst>
      <dst id="11">144.4267</dst>
      <dst id="9">3729.5911</dst>
      <dst id="17">5662.6756</dst>
      <dst id="21">389.6178</dst>
      <dst id="15">3.5911</dst>
    </src>
    <src id="19">
      <dst id="12">35978.4800</dst>
      <dst id="13">1235.5911</dst>
      <dst id="23">8.4533</dst>
      <dst id="8">0.8533</dst>
      <dst id="18">18.2222</dst>
      <dst id="4">175.2267</dst>
      <dst id="1">1821.3778</dst>
      <dst id="5">21.3067</dst>
      <dst id="3">9.2533</dst>
      <dst id="10">97.5467</dst>
      <dst id="22">35.1467</dst>
      <dst id="7">24.5156</dst>
      <dst id="2">109.2978</dst>
      <dst id="16">4.5156</dst>
      <dst id="14">23.1822</dst>
      <dst id="20">6.8000</dst>
      <dst id="11">14.0089</dst>
      <dst id="9">5.8667</dst>
      <dst id="17">580.1422</dst>
      <dst id="21">414.3378</dst>
      <dst id="15">0.5867</dst>
    </src>
    <src id="23">
      <dst id="12">8451.5556</dst>
      <dst id="13">758.3200</dst>
      <dst id="19">408.4444</dst>
      <dst id="8">2.2044</dst>
      <dst id="18">5691.9467</dst>
      <dst id="4">931.1822</dst>
      <dst id="1">177.7422</dst>
      <dst id="5">2755.3422</dst>
      <dst id="10">99.8489</dst>
      <dst id="7">669.6711</dst>
      <dst id="2">3.7867</dst>
      <dst id="16">1.5289</dst>
      <dst id="20">13.3333</dst>
      <dst id="11">78.5778</dst>
      <dst id="9">16.6489</dst>
      <dst id="17">1155.9556</dst>
      <dst id="21">5527.4756</dst>
      <dst id="15">133.3333</dst>
    </src>
    <src id="8">
      <dst id="12">4288.4533</dst>
      <dst id="13">203.7156</dst>
      <dst id="19">2.2311</dst>
      <dst id="23">27.6267</dst>
      <dst id="18">11.2356</dst>
      <dst id="4">174.3556</dst>
      <dst id="1">1711.0756</dst>
      <dst id="5">478.4089</dst>
      <dst id="3">258.7200</dst>
      <dst id="10">159.9733</dst>
      <dst id="2">68.0533</dst>
      <dst id="16">233222.1422</dst>
      <dst id="14">14.1333</dst>
      <dst id="11">0.7822</dst>
      <dst id="9">52987.4044</dst>
      <dst id="17">20773.1733</dst>
      <dst id="21">1.8489</dst>
      <dst id="15">15.1822</dst>
    </src>
    <src id="18">
      <dst id="12">122271.9556</dst>
      <dst id="13">641.2000</dst>
      <dst id="19">1.5733</dst>
      <dst id="23">90.1333</dst>
      <dst id="8">272.9778</dst>
      <dst id="4">342.9778</dst>
      <dst id="1">1042.5422</dst>
      <dst id="5">190.8267</dst>
      <dst id="3">1617.1733</dst>
      <dst id="10">18.7378</dst>
      <dst id="22">14.9689</dst>
      <dst id="7">121.3244</dst>
      <dst id="2">2448.2044</dst>
      <dst id="16">90.4622</dst>
      <dst id="11">0.3556</dst>
      <dst id="9">8454.4978</dst>
      <dst id="17">3399.4311</dst>
      <dst id="21">59.8578</dst>
      <dst id="15">50.4533</dst>
    </src>
    <src id="4">
      <dst id="12">10504.4889</dst>
      <dst id="13">10.9422</dst>
      <dst id="19">3130.2844</dst>
      <dst id="23">200.3378</dst>
      <dst id="8">1574.7911</dst>
      <dst id="18">1442.2311</dst>
      <dst id="4">640.4000</dst>
      <dst id="1">18035.7333</dst>
      <dst id="5">4100.1956</dst>
      <dst id="3">594.0533</dst>
      <dst id="7">67.0667</dst>
      <dst id="2">119913.4578</dst>
      <dst id="16">106300.3556</dst>
      <dst id="14">1984.7556</dst>
      <dst id="11">1405.8756</dst>
      <dst id="9">17772.5600</dst>
      <dst id="17">39964.7733</dst>
      <dst id="21">37964.9600</dst>
      <dst id="15">286.5511</dst>
    </src>
    <src id="1">
      <dst id="12">207018.2400</dst>
      <dst id="13">5583.7689</dst>
      <dst id="19">28.9244</dst>
      <dst id="23">88.5778</dst>
      <dst id="8">6.1689</dst>
      <dst id="18">12284.3289</dst>
      <dst id="4">546.7467</dst>
      <dst id="1">1023449.1822</dst>
      <dst id="5">161.7422</dst>
      <dst id="3">73.7511</dst>
      <dst id="10">232.6844</dst>
      <dst id="7">2528.0267</dst>
      <dst id="2">445.7511</dst>
      <dst id="16">111370.4800</dst>
      <dst id="14">16.5244</dst>
      <dst id="20">37.5644</dst>
      <dst id="11">1302.6667</dst>
      <dst id="9">676.6133</dst>
      <dst id="17">1854.0889</dst>
      <dst id="21">320261.3156</dst>
      <dst id="15">103.8578</dst>
    </src>
    <src id="5">
      <dst id="12">6734.0533</dst>
      <dst id="13">1092.8356</dst>
      <dst id="19">2.0444</dst>
      <dst id="23">60.0178</dst>
      <dst id="8">79.3067</dst>
      <dst id="18">2.7378</dst>
      <dst id="4">2137.1111</dst>
      <dst id="1">1904.1422</dst>
      <dst id="3">383.5022</dst>
      <dst id="10">147.0133</dst>
      <dst id="2">158.3556</dst>
      <dst id="16">276671.6800</dst>
      <dst id="14">1.0667</dst>
      <dst id="11">13.6889</dst>
      <dst id="9">61580.7733</dst>
      <dst id="17">26912.2400</dst>
      <dst id="21">71.6800</dst>
      <dst id="15">30.3911</dst>
    </src>
    <src id="3">
      <dst id="12">12645.5289</dst>
      <dst id="13">26276.0356</dst>
      <dst id="19">1117.0844</dst>
      <dst id="23">7.7778</dst>
      <dst id="8">1.9733</dst>
      <dst id="18">108.6489</dst>
      <dst id="4">776.0978</dst>
      <dst id="1">11004.9244</dst>
      <dst id="5">411.6000</dst>
      <dst id="3">241.8844</dst>
      <dst id="10">620.4444</dst>
      <dst id="7">43445.5111</dst>
      <dst id="2">1242.0444</dst>
      <dst id="16">8997.7778</dst>
      <dst id="14">67.9467</dst>
      <dst id="20">6.7556</dst>
      <dst id="11">241.4400</dst>
      <dst id="9">1133.4400</dst>
      <dst id="17">14558.6933</dst>
      <dst id="21">522.7822</dst>
      <dst id="15">5.4756</dst>
    </src>
    <src id="10">
      <dst id="12">3378.0533</dst>
      <dst id="13">6.8533</dst>
      <dst id="19">2822.4978</dst>
      <dst id="23">8067.6000</dst>
      <dst id="8">54.6756</dst>
      <dst id="18">93.9378</dst>
      <dst id="1">1259.5911</dst>
      <dst id="5">1318.1067</dst>
      <dst id="3">2.3200</dst>
      <dst id="2">22933.0933</dst>
      <dst id="16">44330.8533</dst>
      <dst id="14">851.7244</dst>
      <dst id="20">9530.3200</dst>
      <dst id="11">305.4222</dst>
      <dst id="9">7183.3867</dst>
      <dst id="17">18713.4222</dst>
      <dst id="21">5429.3511</dst>
      <dst id="15">49.2889</dst>
    </src>
    <src id="22">
      <dst id="12">8051.7511</dst>
      <dst id="13">2835.4133</dst>
      <dst id="19">2.4533</dst>
      <dst id="23">0.4622</dst>
      <dst id="8">240.8000</dst>
      <dst id="18">33.9111</dst>
      <dst id="4">1352.0089</dst>
      <dst id="1">91.0311</dst>
      <dst id="5">1574.6044</dst>
      <dst id="3">0.7111</dst>
      <dst id="10">6089.2533</dst>
      <dst id="7">11.7689</dst>
      <dst id="2">1342.2222</dst>
      <dst id="16">7.7422</dst>
      <dst id="14">2.6667</dst>
      <dst id="11">13.8667</dst>
      <dst id="9">140.2222</dst>
      <dst id="17">720.9511</dst>
      <dst id="21">22.4533</dst>
    </src>
    <src id="7">
      <dst id="12">16093.7422</dst>
      <dst id="13">10325.9378</dst>
      <dst id="19">516.9244</dst>
      <dst id="23">50.8711</dst>
      <dst id="8">293.5467</dst>
      <dst id="18">11.2000</dst>
      <dst id="4">1222.4978</dst>
      <dst id="1">1319.0044</dst>
      <dst id="5">368.5244</dst>
      <dst id="3">93.6267</dst>
      <dst id="10">284.6578</dst>
      <dst id="22">70.1867</dst>
      <dst id="7">15.2622</dst>
      <dst id="2">365.2000</dst>
      <dst id="16">340.9778</dst>
      <dst id="14">11.1289</dst>
      <dst id="20">150.9156</dst>
      <dst id="11">1166.3022</dst>
      <dst id="9">826.7733</dst>
      <dst id="17">861.2533</dst>
      <dst id="21">6661.2089</dst>
      <dst id="15">1.4222</dst>
    </src>
    <src id="2">
      <dst id="12">106383.6089</dst>
      <dst id="13">23188.8533</dst>
      <dst id="19">194.0267</dst>
      <dst id="8">2099.6444</dst>
      <dst id="18">17383.3067</dst>
      <dst id="4">3248.9778</dst>
      <dst id="1">4144.8533</dst>
      <dst id="5">2098.5156</dst>
      <dst id="3">44.0444</dst>
      <dst id="10">3401.2178</dst>
      <dst id="22">211.7333</dst>
      <dst id="7">14693.6178</dst>
      <dst id="2">2223.5644</dst>
      <dst id="6">0.2489</dst>
      <dst id="16">81.2089</dst>
      <dst id="14">82.9422</dst>
      <dst id="20">78.8267</dst>
      <dst id="11">467.2267</dst>
      <dst id="9">576.0444</dst>
      <dst id="17">3110.6400</dst>
      <dst id="21">3096.6400</dst>
      <dst id="15">8.4622</dst>
    </src>
    <src id="6">
      <dst id="12">1691.9111</dst>
      <dst id="13">2.2756</dst>
      <dst id="19">5.9467</dst>
      <dst id="4">1.4222</dst>
      <dst id="1">44.6044</dst>
      <dst id="5">0.3556</dst>
      <dst id="3">2.0622</dst>
      <dst id="22">2.2133</dst>
      <dst id="7">1.4578</dst>
      <dst id="2">411.3067</dst>
      <dst id="16">49.8489</dst>
      <dst id="9">502.9067</dst>
      <dst id="17">20520.5156</dst>
    </src>
    <src id="16">
      <dst id="12">70542.7822</dst>
      <dst id="13">489.6889</dst>
      <dst id="19">4054.0444</dst>
      <dst id="23">17.0578</dst>
      <dst id="8">64996.2667</dst>
      <dst id="18">3.4489</dst>
      <dst id="4">784.1689</dst>
      <dst id="1">23370.4000</dst>
      <dst id="5">169161.4044</dst>
      <dst id="3">1250.7733</dst>
      <dst id="10">262.4711</dst>
      <dst id="2">12.5422</dst>
      <dst id="16">14679.8844</dst>
      <dst id="14">20783.5378</dst>
      <dst id="11">9179.5556</dst>
      <dst id="9">116993.6089</dst>
      <dst id="17">1277.1111</dst>
      <dst id="21">0.4356</dst>
    </src>
    <src id="14">
      <dst id="12">1224.5067</dst>
      <dst id="13">338.6489</dst>
      <dst id="19">18.3822</dst>
      <dst id="8">0.4267</dst>
      <dst id="4">187.9733</dst>
      <dst id="1">129.8044</dst>
      <dst id="5">14.4622</dst>
      <dst id="3">513.4222</dst>
      <dst id="10">116.2311</dst>
      <dst id="7">17.3333</dst>
      <dst id="2">60.6667</dst>
      <dst id="16">2076.1244</dst>
      <dst id="20">2.5244</dst>
      <dst id="11">13.3333</dst>
      <dst id="9">1194.2933</dst>
      <dst id="17">19427.2089</dst>
      <dst id="21">99.3333</dst>
    </src>
    <src id="20">
      <dst id="12">419.5644</dst>
      <dst id="13">1095.4222</dst>
      <dst id="19">0.3556</dst>
      <dst id="23">0.9244</dst>
      <dst id="8">4.6222</dst>
      <dst id="18">0.9600</dst>
      <dst id="4">652.0622</dst>
      <dst id="1">80.7556</dst>
      <dst id="5">484.7378</dst>
      <dst id="10">1032.1422</dst>
      <dst id="7">30.3911</dst>
      <dst id="2">41.7244</dst>
      <dst id="16">5522.1600</dst>
      <dst id="20">43.3511</dst>
      <dst id="9">109.3156</dst>
      <dst id="17">748.3822</dst>
      <dst id="21">33.4578</dst>
    </src>
    <src id="11">
      <dst id="12">40533.7067</dst>
      <dst id="13">3406.1156</dst>
      <dst id="19">28.3200</dst>
      <dst id="23">4.2667</dst>
      <dst id="8">24.7556</dst>
      <dst id="18">93.9378</dst>
      <dst id="4">507.1644</dst>
      <dst id="1">1464.0800</dst>
      <dst id="5">736.2489</dst>
      <dst id="3">849.6089</dst>
      <dst id="10">2039.9200</dst>
      <dst id="2">2702.5956</dst>
      <dst id="16">27984.1600</dst>
      <dst id="14">10.8800</dst>
      <dst id="20">223.5111</dst>
      <dst id="11">1248.4000</dst>
      <dst id="9">43851.9378</dst>
      <dst id="17">498171.4667</dst>
      <dst id="21">3997.9556</dst>
      <dst id="15">4.5778</dst>
    </src>
    <src id="9">
      <dst id="12">6913.6800</dst>
      <dst id="13">1357.7956</dst>
      <dst id="19">4.7556</dst>
      <dst id="23">27.9822</dst>
      <dst id="8">54366.0267</dst>
      <dst id="18">49.1467</dst>
      <dst id="4">17241.9200</dst>
      <dst id="1">3393.3956</dst>
      <dst id="5">613.2444</dst>
      <dst id="3">1224.1778</dst>
      <dst id="10">585.0311</dst>
      <dst id="2">293.8489</dst>
      <dst id="16">468505.2978</dst>
      <dst id="14">13.3156</dst>
      <dst id="11">4.4978</dst>
      <dst id="9">224264.1422</dst>
      <dst id="17">51864.1067</dst>
      <dst id="21">23.7511</dst>
      <dst id="15">93.0844</dst>
    </src>
    <src id="17">
      <dst id="12">54620.9067</dst>
      <dst id="13">46996.0533</dst>
      <dst id="19">124.4000</dst>
      <dst id="23">3.3244</dst>
      <dst id="8">133.6978</dst>
      <dst id="18">179.7867</dst>
      <dst id="4">6611.3156</dst>
      <dst id="1">729.1822</dst>
      <dst id="5">136890.7289</dst>
      <dst id="3">3593.6889</dst>
      <dst id="10">3368.0089</dst>
      <dst id="7">8102.2222</dst>
      <dst id="2">3177.0222</dst>
      <dst id="16">43749.3511</dst>
      <dst id="14">6067.6889</dst>
      <dst id="20">2057.2356</dst>
      <dst id="11">9470.1333</dst>
      <dst id="9">10534.0711</dst>
      <dst id="17">25483.4044</dst>
      <dst id="21">1091.8756</dst>
      <dst id="15">18.6133</dst>
    </src>
    <src id="21">
      <dst id="12">1270.0089</dst>
      <dst id="13">1583.9911</dst>
      <dst id="19">302.5067</dst>
      <dst id="23">111.3689</dst>
      <dst id="8">2.2400</dst>
      <dst id="18">71.5822</dst>
      <dst id="4">916.9956</dst>
      <dst id="1">7080.7822</dst>
      <dst id="5">652.6311</dst>
      <dst id="3">376.8000</dst>
      <dst id="10">348.7911</dst>
      <dst id="7">929.7600</dst>
      <dst id="2">1161.9733</dst>
      <dst id="16">3326.7022</dst>
      <dst id="14">34.6133</dst>
      <dst id="20">218.9511</dst>
      <dst id="11">103.8133</dst>
      <dst id="9">2314.7378</dst>
      <dst id="17">484173.6444</dst>
      <dst id="21">1670.8622</dst>
      <dst id="15">18.6133</dst>
    </src>
    <src id="15">
      <dst id="12">55.9644</dst>
      <dst id="13">166.4267</dst>
      <dst id="23">2.7733</dst>
      <dst id="8">26.6667</dst>
      <dst id="18">1101.0489</dst>
      <dst id="4">70.0711</dst>
      <dst id="1">113.6267</dst>
      <dst id="5">3.9200</dst>
      <dst id="10">20.9067</dst>
      <dst id="2">32.7556</dst>
      <dst id="16">685.5911</dst>
      <dst id="11">14.7911</dst>
      <dst id="9">3604.6133</dst>
      <dst id="17">202.1333</dst>
      <dst id="21">13.3333</dst>
    </src>
  </IntraTM>
</TrafficMatrixFile>
