<?xml version="1.0" encoding="UTF-8" standalone="yes"?>
<TrafficMatrixFile xmlns:xsi="http://www.w3.org/2001/XMLSchema-instance" xsi:noNamespaceSchemaLocation="http://totem.run.montefiore.ulg.ac.be/Schema/TrafficMatrix-v1_2.xsd">
  <info>
    <title>Intradomain traffic matrix generated by geant-TM-all.pl</title>
    <date>2005-03-11T19:15:00</date>
    <duration>900</duration>
    <author>Steve Uhlig</author>
    <units>
        <unit type="bandwidth" value="kbps"/>
    </units>
  </info>
  <IntraTM ASID="20965">
    <src id="12">
      <dst id="12">287903.2533</dst>
      <dst id="13">23118.9778</dst>
      <dst id="19">594.8000</dst>
      <dst id="23">8257.4489</dst>
      <dst id="8">7573.1111</dst>
      <dst id="18">176802.2222</dst>
      <dst id="4">8376.9156</dst>
      <dst id="1">23709.6622</dst>
      <dst id="5">2930.7467</dst>
      <dst id="3">598.6578</dst>
      <dst id="10">19387.6000</dst>
      <dst id="22">9244.4356</dst>
      <dst id="7">3809.4400</dst>
      <dst id="2">43229.4222</dst>
      <dst id="16">1311.6622</dst>
      <dst id="14">786.3733</dst>
      <dst id="20">19631.7511</dst>
      <dst id="11">154.8356</dst>
      <dst id="9">2660.6844</dst>
      <dst id="17">105489.5644</dst>
      <dst id="21">5736.7911</dst>
      <dst id="15">2796.4800</dst>
    </src>
    <src id="13">
      <dst id="12">78087.6978</dst>
      <dst id="13">6.7556</dst>
      <dst id="19">7474.8267</dst>
      <dst id="23">1070.4000</dst>
      <dst id="8">5563.6533</dst>
      <dst id="18">5969.0400</dst>
      <dst id="1">7482.3022</dst>
      <dst id="5">22908.6489</dst>
      <dst id="3">4966.5067</dst>
      <dst id="22">14780.6311</dst>
      <dst id="7">32176.1156</dst>
      <dst id="2">53020.7200</dst>
      <dst id="16">131.8133</dst>
      <dst id="14">5419.8400</dst>
      <dst id="20">9669.8756</dst>
      <dst id="11">1892.3556</dst>
      <dst id="9">10922.2044</dst>
      <dst id="17">125403.0578</dst>
      <dst id="21">18912.8444</dst>
      <dst id="15">3105.7333</dst>
    </src>
    <src id="19">
      <dst id="12">10629.7333</dst>
      <dst id="13">4759.0489</dst>
      <dst id="23">70.8000</dst>
      <dst id="8">770.0978</dst>
      <dst id="18">144.8178</dst>
      <dst id="4">16587.4578</dst>
      <dst id="1">385.1911</dst>
      <dst id="5">1153.9467</dst>
      <dst id="3">316.1867</dst>
      <dst id="10">901.2622</dst>
      <dst id="22">107.9556</dst>
      <dst id="7">15079.9911</dst>
      <dst id="2">1043.4400</dst>
      <dst id="14">66.2844</dst>
      <dst id="20">37.9644</dst>
      <dst id="11">27.9556</dst>
      <dst id="9">302.5511</dst>
      <dst id="17">14291.9822</dst>
      <dst id="21">778.2933</dst>
      <dst id="15">50.4978</dst>
    </src>
    <src id="23">
      <dst id="12">6661.3689</dst>
      <dst id="13">143.5200</dst>
      <dst id="19">16.4089</dst>
      <dst id="18">2089.1289</dst>
      <dst id="4">2823.4933</dst>
      <dst id="1">152.5689</dst>
      <dst id="5">146.6667</dst>
      <dst id="3">139.5556</dst>
      <dst id="10">1518.6489</dst>
      <dst id="22">714.8000</dst>
      <dst id="7">7059.9022</dst>
      <dst id="2">776.2133</dst>
      <dst id="16">78.8178</dst>
      <dst id="14">25.5289</dst>
      <dst id="20">128.9244</dst>
      <dst id="11">27.6800</dst>
      <dst id="9">228.1067</dst>
      <dst id="17">34087.1200</dst>
      <dst id="21">556.4889</dst>
      <dst id="15">0.3556</dst>
    </src>
    <src id="8">
      <dst id="12">16399.6267</dst>
      <dst id="13">2142.0533</dst>
      <dst id="19">25.5378</dst>
      <dst id="18">112.9867</dst>
      <dst id="4">472.7467</dst>
      <dst id="1">3921.1378</dst>
      <dst id="5">788.0356</dst>
      <dst id="3">125.9733</dst>
      <dst id="10">1453.5822</dst>
      <dst id="7">94.8356</dst>
      <dst id="2">295.9733</dst>
      <dst id="16">123777.0489</dst>
      <dst id="14">13.7956</dst>
      <dst id="11">5.8667</dst>
      <dst id="9">137551.7422</dst>
      <dst id="17">274211.8667</dst>
      <dst id="21">0.4267</dst>
      <dst id="15">256.1956</dst>
    </src>
    <src id="18">
      <dst id="12">115832.0000</dst>
      <dst id="13">524.6222</dst>
      <dst id="19">42.8889</dst>
      <dst id="23">58.4000</dst>
      <dst id="8">109.3244</dst>
      <dst id="4">449.6800</dst>
      <dst id="1">9514.4533</dst>
      <dst id="5">957.4044</dst>
      <dst id="3">1368.3289</dst>
      <dst id="10">297.6800</dst>
      <dst id="22">311.0844</dst>
      <dst id="7">146.1511</dst>
      <dst id="2">27130.7111</dst>
      <dst id="16">1263.1822</dst>
      <dst id="20">80.5867</dst>
      <dst id="11">25.3867</dst>
      <dst id="9">457.2178</dst>
      <dst id="17">42053.7778</dst>
      <dst id="21">1575.9022</dst>
      <dst id="15">14.0978</dst>
    </src>
    <src id="4">
      <dst id="12">14503.6800</dst>
      <dst id="13">0.3556</dst>
      <dst id="19">5990.3378</dst>
      <dst id="23">596.0711</dst>
      <dst id="8">1209.8400</dst>
      <dst id="18">652.9067</dst>
      <dst id="4">2057.2533</dst>
      <dst id="1">140245.5022</dst>
      <dst id="5">1150.9867</dst>
      <dst id="3">2169.6533</dst>
      <dst id="7">22077.2089</dst>
      <dst id="2">39188.3111</dst>
      <dst id="16">2613.5111</dst>
      <dst id="14">5717.5111</dst>
      <dst id="11">273.8400</dst>
      <dst id="9">11876.9067</dst>
      <dst id="17">122263.6800</dst>
      <dst id="21">4091.8400</dst>
      <dst id="15">1259.7422</dst>
    </src>
    <src id="1">
      <dst id="12">785523.9733</dst>
      <dst id="13">1045.9556</dst>
      <dst id="19">408.3111</dst>
      <dst id="23">54.9956</dst>
      <dst id="8">235.6800</dst>
      <dst id="18">19056.5600</dst>
      <dst id="4">8319.9111</dst>
      <dst id="1">638992.5156</dst>
      <dst id="5">233.9289</dst>
      <dst id="3">848.2933</dst>
      <dst id="10">2549.9556</dst>
      <dst id="7">15102.2222</dst>
      <dst id="2">167154.2578</dst>
      <dst id="16">12764.4978</dst>
      <dst id="14">472.7644</dst>
      <dst id="20">305.6622</dst>
      <dst id="11">249.5733</dst>
      <dst id="9">3820.9689</dst>
      <dst id="17">284469.6978</dst>
      <dst id="21">380942.3200</dst>
      <dst id="15">241.9111</dst>
    </src>
    <src id="5">
      <dst id="12">18583.1644</dst>
      <dst id="13">2150.7644</dst>
      <dst id="19">114.3289</dst>
      <dst id="23">29.1200</dst>
      <dst id="8">15288.5422</dst>
      <dst id="18">465.6000</dst>
      <dst id="4">913.3600</dst>
      <dst id="1">33025.9644</dst>
      <dst id="3">4.3022</dst>
      <dst id="10">1066.9867</dst>
      <dst id="7">228.5778</dst>
      <dst id="2">4752.7911</dst>
      <dst id="16">136944.0444</dst>
      <dst id="14">64.3556</dst>
      <dst id="11">3.6356</dst>
      <dst id="9">52435.1200</dst>
      <dst id="17">229459.0489</dst>
      <dst id="15">1156.2756</dst>
    </src>
    <src id="3">
      <dst id="12">12779.2889</dst>
      <dst id="13">2394.1778</dst>
      <dst id="19">1855.6000</dst>
      <dst id="23">146.7911</dst>
      <dst id="8">522.5867</dst>
      <dst id="18">1053.7778</dst>
      <dst id="4">11329.5733</dst>
      <dst id="1">34104.6578</dst>
      <dst id="5">513.4578</dst>
      <dst id="3">146.6667</dst>
      <dst id="10">3516.8000</dst>
      <dst id="7">3417.3333</dst>
      <dst id="2">13292.8622</dst>
      <dst id="16">3272.0800</dst>
      <dst id="14">259.0133</dst>
      <dst id="20">1016.6667</dst>
      <dst id="11">617.0133</dst>
      <dst id="9">1121.7156</dst>
      <dst id="17">37281.6089</dst>
      <dst id="21">7213.1022</dst>
      <dst id="15">175.8844</dst>
    </src>
    <src id="10">
      <dst id="12">24716.2400</dst>
      <dst id="19">2126.9867</dst>
      <dst id="23">1608.4800</dst>
      <dst id="8">1793.7867</dst>
      <dst id="18">6704.7911</dst>
      <dst id="1">2512.7111</dst>
      <dst id="5">620.3467</dst>
      <dst id="3">1690.7911</dst>
      <dst id="7">19048.8356</dst>
      <dst id="2">42096.9333</dst>
      <dst id="16">3234.6222</dst>
      <dst id="14">2350.1067</dst>
      <dst id="20">2116.4444</dst>
      <dst id="11">262.0356</dst>
      <dst id="9">17197.7511</dst>
      <dst id="17">64183.1378</dst>
      <dst id="21">13585.2622</dst>
      <dst id="15">623.9022</dst>
    </src>
    <src id="22">
      <dst id="12">11340.0800</dst>
      <dst id="13">4081.7244</dst>
      <dst id="19">407.8844</dst>
      <dst id="23">74.1600</dst>
      <dst id="8">334.2933</dst>
      <dst id="18">4880.9422</dst>
      <dst id="4">5880.8267</dst>
      <dst id="1">1020.7467</dst>
      <dst id="5">1683.1467</dst>
      <dst id="3">33.7600</dst>
      <dst id="10">1318.2844</dst>
      <dst id="7">734.9689</dst>
      <dst id="2">5394.8800</dst>
      <dst id="16">1.7778</dst>
      <dst id="14">9.0311</dst>
      <dst id="11">60.2933</dst>
      <dst id="9">3164.4800</dst>
      <dst id="17">14993.5022</dst>
      <dst id="21">781.1200</dst>
    </src>
    <src id="7">
      <dst id="12">17486.2044</dst>
      <dst id="13">630.4089</dst>
      <dst id="19">2621.8489</dst>
      <dst id="23">199.7956</dst>
      <dst id="8">248.6044</dst>
      <dst id="18">645.9289</dst>
      <dst id="4">28332.5156</dst>
      <dst id="1">30639.2178</dst>
      <dst id="5">1344.7733</dst>
      <dst id="3">1263.2889</dst>
      <dst id="10">1705.1378</dst>
      <dst id="22">5373.7778</dst>
      <dst id="7">600.9778</dst>
      <dst id="2">19737.6533</dst>
      <dst id="16">58.4000</dst>
      <dst id="14">435.9556</dst>
      <dst id="20">1224.4800</dst>
      <dst id="11">434.4533</dst>
      <dst id="9">2390.2489</dst>
      <dst id="17">12392.6044</dst>
      <dst id="21">18247.1556</dst>
      <dst id="15">124.8978</dst>
    </src>
    <src id="2">
      <dst id="12">117782.3022</dst>
      <dst id="13">12961.9378</dst>
      <dst id="19">2541.3244</dst>
      <dst id="23">1.7422</dst>
      <dst id="8">451.9467</dst>
      <dst id="18">100181.2711</dst>
      <dst id="4">20829.9022</dst>
      <dst id="1">31348.3111</dst>
      <dst id="5">795.6889</dst>
      <dst id="3">3266.7733</dst>
      <dst id="10">12343.7867</dst>
      <dst id="22">5427.8044</dst>
      <dst id="7">9603.3956</dst>
      <dst id="2">2085.7511</dst>
      <dst id="14">1354.1867</dst>
      <dst id="20">1275.6978</dst>
      <dst id="11">251.2444</dst>
      <dst id="9">2816.0356</dst>
      <dst id="17">50583.7156</dst>
      <dst id="21">24473.3867</dst>
      <dst id="15">235.7867</dst>
    </src>
    <src id="6">
      <dst id="12">1472.3378</dst>
      <dst id="13">63.5822</dst>
      <dst id="19">69.7244</dst>
      <dst id="23">0.8800</dst>
      <dst id="8">17.9556</dst>
      <dst id="18">26.2222</dst>
      <dst id="4">1.1556</dst>
      <dst id="1">3289.4933</dst>
      <dst id="3">27.2178</dst>
      <dst id="10">827.6444</dst>
      <dst id="22">35.2000</dst>
      <dst id="7">247.5200</dst>
      <dst id="2">1787.9644</dst>
      <dst id="16">87.5822</dst>
      <dst id="14">0.9067</dst>
      <dst id="20">36.0711</dst>
      <dst id="11">23.2889</dst>
      <dst id="9">102.9689</dst>
      <dst id="17">20290.0622</dst>
      <dst id="21">72.9422</dst>
    </src>
    <src id="16">
      <dst id="12">308162.2489</dst>
      <dst id="13">2012.4000</dst>
      <dst id="19">4513.8578</dst>
      <dst id="23">427.6000</dst>
      <dst id="8">206190.7467</dst>
      <dst id="18">441.3956</dst>
      <dst id="4">566.2311</dst>
      <dst id="1">18812.4267</dst>
      <dst id="5">283182.4000</dst>
      <dst id="3">15134.3644</dst>
      <dst id="10">632.8000</dst>
      <dst id="7">764.3467</dst>
      <dst id="2">1588.2489</dst>
      <dst id="16">2108.9956</dst>
      <dst id="14">85020.6311</dst>
      <dst id="11">44924.7467</dst>
      <dst id="9">309622.4178</dst>
      <dst id="17">44110.9244</dst>
    </src>
    <src id="14">
      <dst id="12">3823.1200</dst>
      <dst id="13">104.3733</dst>
      <dst id="19">119.1822</dst>
      <dst id="23">0.3556</dst>
      <dst id="4">324.0800</dst>
      <dst id="1">4721.9200</dst>
      <dst id="5">14.6311</dst>
      <dst id="3">228.8800</dst>
      <dst id="10">1573.2533</dst>
      <dst id="7">339.1289</dst>
      <dst id="2">2036.9689</dst>
      <dst id="16">1220.0978</dst>
      <dst id="20">26.4889</dst>
      <dst id="11">5.6444</dst>
      <dst id="9">428.9333</dst>
      <dst id="17">31455.5200</dst>
      <dst id="21">137.5289</dst>
      <dst id="15">0.4889</dst>
    </src>
    <src id="20">
      <dst id="12">5329.8311</dst>
      <dst id="13">821.4756</dst>
      <dst id="19">584.0089</dst>
      <dst id="23">2.7733</dst>
      <dst id="8">1295.2622</dst>
      <dst id="18">871.1467</dst>
      <dst id="4">6262.5422</dst>
      <dst id="1">361.2178</dst>
      <dst id="5">2571.6000</dst>
      <dst id="3">27.8400</dst>
      <dst id="10">675.5644</dst>
      <dst id="7">16009.4133</dst>
      <dst id="2">4327.3156</dst>
      <dst id="16">13.3333</dst>
      <dst id="14">25.7600</dst>
      <dst id="20">27.8667</dst>
      <dst id="11">5.7600</dst>
      <dst id="9">429.7244</dst>
      <dst id="17">23314.4444</dst>
      <dst id="21">567.0844</dst>
    </src>
    <src id="11">
      <dst id="12">54041.6178</dst>
      <dst id="13">2908.0089</dst>
      <dst id="19">1004.9956</dst>
      <dst id="23">33.4222</dst>
      <dst id="8">1233.2800</dst>
      <dst id="18">864.2667</dst>
      <dst id="4">2121.5911</dst>
      <dst id="1">61425.3689</dst>
      <dst id="5">2449.6089</dst>
      <dst id="3">760.2222</dst>
      <dst id="10">7203.0044</dst>
      <dst id="7">861.2178</dst>
      <dst id="2">70345.4222</dst>
      <dst id="16">31402.9333</dst>
      <dst id="14">425.0756</dst>
      <dst id="20">634.1333</dst>
      <dst id="11">4293.9022</dst>
      <dst id="9">7862.7822</dst>
      <dst id="17">722635.6444</dst>
      <dst id="21">772.5067</dst>
      <dst id="15">976.8978</dst>
    </src>
    <src id="9">
      <dst id="12">23561.2800</dst>
      <dst id="13">3185.0311</dst>
      <dst id="19">152.3733</dst>
      <dst id="23">9.3333</dst>
      <dst id="8">200753.0756</dst>
      <dst id="18">33.9289</dst>
      <dst id="4">5055.0933</dst>
      <dst id="1">6102.6933</dst>
      <dst id="5">1116.5511</dst>
      <dst id="3">15.7422</dst>
      <dst id="10">1333.3422</dst>
      <dst id="7">812.9778</dst>
      <dst id="2">1415.1733</dst>
      <dst id="16">144064.8444</dst>
      <dst id="14">108.1067</dst>
      <dst id="11">48.3822</dst>
      <dst id="9">376895.7600</dst>
      <dst id="17">312956.7911</dst>
      <dst id="15">2102.2578</dst>
    </src>
    <src id="17">
      <dst id="12">268739.7244</dst>
      <dst id="13">6056.3733</dst>
      <dst id="19">8682.4978</dst>
      <dst id="23">440.5600</dst>
      <dst id="8">5272.1600</dst>
      <dst id="18">741.8756</dst>
      <dst id="4">23038.5956</dst>
      <dst id="1">19056.9778</dst>
      <dst id="5">217875.7067</dst>
      <dst id="3">15489.0756</dst>
      <dst id="10">9848.9511</dst>
      <dst id="7">15948.0178</dst>
      <dst id="2">8145.2533</dst>
      <dst id="16">10971.7067</dst>
      <dst id="14">39439.9111</dst>
      <dst id="20">2719.3778</dst>
      <dst id="11">37485.9644</dst>
      <dst id="9">8516.7111</dst>
      <dst id="17">47447.2978</dst>
      <dst id="21">13376.9067</dst>
      <dst id="15">4235.8578</dst>
    </src>
    <src id="21">
      <dst id="12">6331.1022</dst>
      <dst id="13">671.4489</dst>
      <dst id="19">526.5067</dst>
      <dst id="23">83.2178</dst>
      <dst id="8">448.8356</dst>
      <dst id="18">1703.4133</dst>
      <dst id="4">5387.2622</dst>
      <dst id="1">12605.3689</dst>
      <dst id="5">825.3244</dst>
      <dst id="3">3350.1778</dst>
      <dst id="10">3887.9289</dst>
      <dst id="7">5020.3556</dst>
      <dst id="2">7985.8667</dst>
      <dst id="16">1305.2267</dst>
      <dst id="14">170.6044</dst>
      <dst id="20">1715.0222</dst>
      <dst id="11">2787.7511</dst>
      <dst id="9">1803.6267</dst>
      <dst id="17">39539.0756</dst>
      <dst id="21">2855.5378</dst>
      <dst id="15">107.3600</dst>
    </src>
    <src id="15">
      <dst id="12">1086.4267</dst>
      <dst id="13">9406.8711</dst>
      <dst id="19">3411.6000</dst>
      <dst id="23">3.2533</dst>
      <dst id="8">973.2978</dst>
      <dst id="18">29.7511</dst>
      <dst id="4">1675.8933</dst>
      <dst id="1">128.7022</dst>
      <dst id="5">67.4667</dst>
      <dst id="3">2.0089</dst>
      <dst id="10">219.7867</dst>
      <dst id="7">313.5911</dst>
      <dst id="2">330.4356</dst>
      <dst id="16">4.6933</dst>
      <dst id="11">21.1556</dst>
      <dst id="9">3489.2622</dst>
      <dst id="17">9495.8933</dst>
    </src>
  </IntraTM>
</TrafficMatrixFile>
