<?xml version="1.0" encoding="UTF-8" standalone="yes"?>
<TrafficMatrixFile xmlns:xsi="http://www.w3.org/2001/XMLSchema-instance" xsi:noNamespaceSchemaLocation="http://totem.run.montefiore.ulg.ac.be/Schema/TrafficMatrix-v1_2.xsd">
  <info>
    <title>Intradomain traffic matrix generated by geant-TM-all.pl</title>
    <date>2005-02-22T15:00:00</date>
    <duration>900</duration>
    <author>Steve Uhlig</author>
    <units>
        <unit type="bandwidth" value="kbps"/>
    </units>
  </info>
  <IntraTM ASID="20965">
    <src id="12">
      <dst id="12">171932.8533</dst>
      <dst id="13">353048.0356</dst>
      <dst id="19">2998.8000</dst>
      <dst id="23">40.4978</dst>
      <dst id="8">136.3200</dst>
      <dst id="18">25117.5556</dst>
      <dst id="4">14094.8622</dst>
      <dst id="1">10044.3911</dst>
      <dst id="5">1243.2533</dst>
      <dst id="3">63.2089</dst>
      <dst id="10">1187.6178</dst>
      <dst id="22">1175.9022</dst>
      <dst id="7">803.1289</dst>
      <dst id="2">14934.0444</dst>
      <dst id="6">1.5556</dst>
      <dst id="16">7025.6000</dst>
      <dst id="14">111.9733</dst>
      <dst id="20">488.0089</dst>
      <dst id="11">53.9467</dst>
      <dst id="9">8310.8267</dst>
      <dst id="17">52082.6133</dst>
      <dst id="21">1585.3689</dst>
      <dst id="15">111.7689</dst>
    </src>
    <src id="13">
      <dst id="12">4108.1956</dst>
      <dst id="19">4474.5067</dst>
      <dst id="23">4.2667</dst>
      <dst id="8">738.7644</dst>
      <dst id="18">87.9289</dst>
      <dst id="1">423.0400</dst>
      <dst id="5">368.6400</dst>
      <dst id="3">14.3200</dst>
      <dst id="22">532.2489</dst>
      <dst id="7">868.9778</dst>
      <dst id="2">3524.7289</dst>
      <dst id="6">1.3956</dst>
      <dst id="16">189.8933</dst>
      <dst id="14">59.8667</dst>
      <dst id="20">495.8044</dst>
      <dst id="11">29.2267</dst>
      <dst id="9">1132.5333</dst>
      <dst id="17">5968.8267</dst>
      <dst id="21">974.8444</dst>
      <dst id="15">5.3244</dst>
    </src>
    <src id="19">
      <dst id="12">21227.3956</dst>
      <dst id="13">190.4711</dst>
      <dst id="8">1.6000</dst>
      <dst id="18">0.4267</dst>
      <dst id="4">18043.2533</dst>
      <dst id="1">32.6667</dst>
      <dst id="5">46.6044</dst>
      <dst id="3">1.8222</dst>
      <dst id="10">67.1378</dst>
      <dst id="22">31.4311</dst>
      <dst id="7">2697.0400</dst>
      <dst id="2">55.1200</dst>
      <dst id="6">1.4044</dst>
      <dst id="16">13726.4711</dst>
      <dst id="14">29.2800</dst>
      <dst id="20">221.4667</dst>
      <dst id="11">9.9911</dst>
      <dst id="9">133.6711</dst>
      <dst id="17">584.6667</dst>
      <dst id="21">2433.4400</dst>
    </src>
    <src id="23">
      <dst id="12">1988.4711</dst>
      <dst id="13">5.3067</dst>
      <dst id="19">26.3289</dst>
      <dst id="18">2.4178</dst>
      <dst id="4">1322.1956</dst>
      <dst id="1">58.1867</dst>
      <dst id="5">120.5600</dst>
      <dst id="10">22.6578</dst>
      <dst id="22">12.6222</dst>
      <dst id="7">80.0000</dst>
      <dst id="2">15.2356</dst>
      <dst id="6">1.1378</dst>
      <dst id="16">14.0889</dst>
      <dst id="14">0.4622</dst>
      <dst id="20">2.7733</dst>
      <dst id="9">535.4489</dst>
      <dst id="17">15358.2222</dst>
      <dst id="21">52.8000</dst>
    </src>
    <src id="8">
      <dst id="12">13205.2000</dst>
      <dst id="13">457.1822</dst>
      <dst id="19">2.2578</dst>
      <dst id="18">1.1644</dst>
      <dst id="4">625.0667</dst>
      <dst id="1">1184.9778</dst>
      <dst id="5">121.1111</dst>
      <dst id="10">60.8711</dst>
      <dst id="22">308.2222</dst>
      <dst id="7">2.1867</dst>
      <dst id="2">102.1333</dst>
      <dst id="16">50023.6089</dst>
      <dst id="14">0.3556</dst>
      <dst id="20">109.8489</dst>
      <dst id="11">0.3200</dst>
      <dst id="9">96784.5778</dst>
      <dst id="17">169171.8311</dst>
      <dst id="21">582.3911</dst>
      <dst id="15">0.8800</dst>
    </src>
    <src id="18">
      <dst id="12">97113.6711</dst>
      <dst id="13">22.2844</dst>
      <dst id="19">6.5156</dst>
      <dst id="23">4.9422</dst>
      <dst id="8">3.4844</dst>
      <dst id="4">271.6089</dst>
      <dst id="1">1395.1022</dst>
      <dst id="5">50.2311</dst>
      <dst id="3">176.8889</dst>
      <dst id="10">39.4222</dst>
      <dst id="22">30.4533</dst>
      <dst id="7">75.5111</dst>
      <dst id="2">22690.3644</dst>
      <dst id="6">0.4178</dst>
      <dst id="16">49.4400</dst>
      <dst id="14">4.0178</dst>
      <dst id="20">59.5733</dst>
      <dst id="11">0.8000</dst>
      <dst id="9">5044.1067</dst>
      <dst id="17">24098.3378</dst>
      <dst id="21">39.5289</dst>
    </src>
    <src id="4">
      <dst id="12">20335.4044</dst>
      <dst id="13">636.2489</dst>
      <dst id="19">4647.0133</dst>
      <dst id="23">151.4400</dst>
      <dst id="8">2092.6311</dst>
      <dst id="18">1412.3378</dst>
      <dst id="4">108.1956</dst>
      <dst id="1">38601.0667</dst>
      <dst id="5">1181.5111</dst>
      <dst id="3">1511.3778</dst>
      <dst id="22">3778.2844</dst>
      <dst id="7">33977.4578</dst>
      <dst id="2">52445.8844</dst>
      <dst id="6">99.2978</dst>
      <dst id="16">3295.3156</dst>
      <dst id="14">3682.9067</dst>
      <dst id="20">11344.8444</dst>
      <dst id="11">1979.6178</dst>
      <dst id="9">4482.5333</dst>
      <dst id="17">36015.3956</dst>
      <dst id="21">12324.1333</dst>
      <dst id="15">608.5867</dst>
    </src>
    <src id="1">
      <dst id="12">29106.0089</dst>
      <dst id="13">128.4622</dst>
      <dst id="19">75.9022</dst>
      <dst id="23">20.0267</dst>
      <dst id="8">104.5422</dst>
      <dst id="18">12621.7244</dst>
      <dst id="4">4817.9378</dst>
      <dst id="1">1446.2489</dst>
      <dst id="5">149.2267</dst>
      <dst id="3">31.4578</dst>
      <dst id="10">197.7333</dst>
      <dst id="22">49.3067</dst>
      <dst id="7">590.4000</dst>
      <dst id="2">807.2267</dst>
      <dst id="16">20905.5378</dst>
      <dst id="14">107.3600</dst>
      <dst id="20">50.5067</dst>
      <dst id="11">55.9822</dst>
      <dst id="9">1027.0311</dst>
      <dst id="17">20364.2400</dst>
      <dst id="21">4461.3600</dst>
      <dst id="15">94.5244</dst>
    </src>
    <src id="5">
      <dst id="12">9936.7467</dst>
      <dst id="13">126.3733</dst>
      <dst id="19">4.5333</dst>
      <dst id="23">1.8489</dst>
      <dst id="8">118.6667</dst>
      <dst id="18">60.0000</dst>
      <dst id="4">372.4000</dst>
      <dst id="1">2362.7289</dst>
      <dst id="3">9.2000</dst>
      <dst id="10">99.8933</dst>
      <dst id="22">1397.0844</dst>
      <dst id="7">36.0356</dst>
      <dst id="2">248.1156</dst>
      <dst id="6">51.4489</dst>
      <dst id="16">84711.7333</dst>
      <dst id="14">2.6044</dst>
      <dst id="20">155.3600</dst>
      <dst id="11">1.1022</dst>
      <dst id="9">44909.7422</dst>
      <dst id="17">234988.5689</dst>
      <dst id="21">90.5600</dst>
      <dst id="15">29.1200</dst>
    </src>
    <src id="3">
      <dst id="12">6929.8578</dst>
      <dst id="13">1123.9644</dst>
      <dst id="19">366.9778</dst>
      <dst id="23">0.9600</dst>
      <dst id="8">2.8444</dst>
      <dst id="18">1092.2667</dst>
      <dst id="4">36330.7733</dst>
      <dst id="1">3589.6089</dst>
      <dst id="5">75.5911</dst>
      <dst id="3">42.7378</dst>
      <dst id="10">2108.8089</dst>
      <dst id="22">332.9156</dst>
      <dst id="7">886.6667</dst>
      <dst id="2">1216.8533</dst>
      <dst id="6">0.5156</dst>
      <dst id="16">609.8044</dst>
      <dst id="14">76.8000</dst>
      <dst id="20">17.4933</dst>
      <dst id="11">70.9689</dst>
      <dst id="9">313.7067</dst>
      <dst id="17">6858.1778</dst>
      <dst id="21">589.1822</dst>
      <dst id="15">3.2356</dst>
    </src>
    <src id="10">
      <dst id="12">61299.2889</dst>
      <dst id="19">9133.4667</dst>
      <dst id="23">221.4844</dst>
      <dst id="8">40017.7422</dst>
      <dst id="18">436.3111</dst>
      <dst id="1">175.0756</dst>
      <dst id="5">74624.1867</dst>
      <dst id="3">7713.0756</dst>
      <dst id="22">2553.3156</dst>
      <dst id="7">5154.6133</dst>
      <dst id="2">15602.9244</dst>
      <dst id="6">7412.2400</dst>
      <dst id="16">410.3022</dst>
      <dst id="14">23356.5333</dst>
      <dst id="20">752.7556</dst>
      <dst id="11">5027.2800</dst>
      <dst id="9">81262.4889</dst>
      <dst id="17">32491.7333</dst>
      <dst id="21">5918.6933</dst>
      <dst id="15">63.0578</dst>
    </src>
    <src id="22">
      <dst id="12">11074.2222</dst>
      <dst id="13">1517.2800</dst>
      <dst id="19">21.6356</dst>
      <dst id="23">12.5244</dst>
      <dst id="8">387.8311</dst>
      <dst id="18">525.9022</dst>
      <dst id="4">3464.5333</dst>
      <dst id="1">209.6889</dst>
      <dst id="5">990.6756</dst>
      <dst id="3">15.0578</dst>
      <dst id="10">271.1733</dst>
      <dst id="7">472.4178</dst>
      <dst id="2">656.5067</dst>
      <dst id="6">0.4267</dst>
      <dst id="14">27.4756</dst>
      <dst id="11">47.5378</dst>
      <dst id="9">2787.5822</dst>
      <dst id="17">2920.4889</dst>
      <dst id="21">192.6578</dst>
    </src>
    <src id="7">
      <dst id="12">4209.7333</dst>
      <dst id="13">641.2889</dst>
      <dst id="19">86.8889</dst>
      <dst id="23">2.7556</dst>
      <dst id="8">15.6000</dst>
      <dst id="18">20.8622</dst>
      <dst id="4">11634.2933</dst>
      <dst id="1">1793.0400</dst>
      <dst id="5">278.7289</dst>
      <dst id="3">43.7067</dst>
      <dst id="10">676.6933</dst>
      <dst id="22">739.8222</dst>
      <dst id="7">497.2444</dst>
      <dst id="2">1216.7022</dst>
      <dst id="6">41.1378</dst>
      <dst id="16">159.0844</dst>
      <dst id="14">48.2489</dst>
      <dst id="20">21.3867</dst>
      <dst id="11">56.2489</dst>
      <dst id="9">121.5911</dst>
      <dst id="17">2825.8667</dst>
      <dst id="21">1047.6533</dst>
      <dst id="15">94.4978</dst>
    </src>
    <src id="2">
      <dst id="12">50989.6000</dst>
      <dst id="13">2916.7200</dst>
      <dst id="19">110.2311</dst>
      <dst id="8">92.2489</dst>
      <dst id="18">16627.9022</dst>
      <dst id="4">20473.6444</dst>
      <dst id="1">1912.8622</dst>
      <dst id="5">436.5067</dst>
      <dst id="3">17.8133</dst>
      <dst id="10">7082.7467</dst>
      <dst id="22">300.4533</dst>
      <dst id="7">4125.2000</dst>
      <dst id="2">730.7022</dst>
      <dst id="6">6718.5778</dst>
      <dst id="16">94.8444</dst>
      <dst id="14">113.4844</dst>
      <dst id="20">162.7911</dst>
      <dst id="11">63.2889</dst>
      <dst id="9">613.3244</dst>
      <dst id="17">8647.8489</dst>
      <dst id="21">9757.2889</dst>
      <dst id="15">182.2578</dst>
    </src>
    <src id="6">
      <dst id="12">174.2133</dst>
      <dst id="13">1.1556</dst>
      <dst id="19">1.1733</dst>
      <dst id="4">27.0844</dst>
      <dst id="1">102.3200</dst>
      <dst id="5">0.8178</dst>
      <dst id="10">0.4267</dst>
      <dst id="22">0.3556</dst>
      <dst id="7">73.5911</dst>
      <dst id="2">1849.6444</dst>
      <dst id="14">11.4667</dst>
      <dst id="20">0.4978</dst>
      <dst id="9">197.6533</dst>
      <dst id="17">9198.9867</dst>
      <dst id="21">12.0356</dst>
    </src>
    <src id="16">
      <dst id="12">50750.8267</dst>
      <dst id="13">1748.6489</dst>
      <dst id="19">2499.5111</dst>
      <dst id="23">7.1022</dst>
      <dst id="8">32261.6978</dst>
      <dst id="18">582.6756</dst>
      <dst id="4">666.7467</dst>
      <dst id="1">13318.6311</dst>
      <dst id="5">54715.9822</dst>
      <dst id="3">1653.2889</dst>
      <dst id="10">319.8578</dst>
      <dst id="22">1.4222</dst>
      <dst id="7">40.9067</dst>
      <dst id="2">166.7467</dst>
      <dst id="16">6.6667</dst>
      <dst id="14">2398.5422</dst>
      <dst id="11">6702.0533</dst>
      <dst id="9">66806.8800</dst>
      <dst id="17">5679.5111</dst>
      <dst id="21">2269.1022</dst>
    </src>
    <src id="14">
      <dst id="12">1719.9556</dst>
      <dst id="13">35.4400</dst>
      <dst id="18">1.6444</dst>
      <dst id="4">287.2533</dst>
      <dst id="1">171.3600</dst>
      <dst id="3">33.6178</dst>
      <dst id="10">58.5244</dst>
      <dst id="22">4.8000</dst>
      <dst id="7">43.4489</dst>
      <dst id="2">555.6800</dst>
      <dst id="16">3092.3467</dst>
      <dst id="20">1.7067</dst>
      <dst id="11">1.4933</dst>
      <dst id="9">529.2711</dst>
      <dst id="17">26688.9422</dst>
      <dst id="21">140.9067</dst>
      <dst id="15">0.5244</dst>
    </src>
    <src id="20">
      <dst id="12">4165.3333</dst>
      <dst id="13">201.2533</dst>
      <dst id="19">12117.5733</dst>
      <dst id="23">160.0000</dst>
      <dst id="8">45.4133</dst>
      <dst id="18">46.8178</dst>
      <dst id="4">2181.4933</dst>
      <dst id="1">31.3067</dst>
      <dst id="5">2043.2356</dst>
      <dst id="10">29.5822</dst>
      <dst id="7">154.1867</dst>
      <dst id="2">3266.1956</dst>
      <dst id="14">0.9244</dst>
      <dst id="20">24.6756</dst>
      <dst id="11">27.5556</dst>
      <dst id="9">305.6622</dst>
      <dst id="17">3298.0089</dst>
      <dst id="21">540.3289</dst>
    </src>
    <src id="11">
      <dst id="12">18605.4311</dst>
      <dst id="13">180.5244</dst>
      <dst id="19">605.6000</dst>
      <dst id="23">63.1111</dst>
      <dst id="8">221.8667</dst>
      <dst id="18">124.3378</dst>
      <dst id="4">1405.7422</dst>
      <dst id="1">5509.7422</dst>
      <dst id="5">363.8222</dst>
      <dst id="3">76.8444</dst>
      <dst id="10">3929.6178</dst>
      <dst id="22">260.3911</dst>
      <dst id="7">144.5778</dst>
      <dst id="2">36675.0311</dst>
      <dst id="16">50008.7644</dst>
      <dst id="14">24.0533</dst>
      <dst id="20">279.7422</dst>
      <dst id="11">3877.7689</dst>
      <dst id="9">21615.6711</dst>
      <dst id="17">517519.6178</dst>
      <dst id="21">520.8444</dst>
      <dst id="15">123.6978</dst>
    </src>
    <src id="9">
      <dst id="12">23792.9511</dst>
      <dst id="13">320.5244</dst>
      <dst id="19">19.6267</dst>
      <dst id="23">15.4667</dst>
      <dst id="8">49318.9067</dst>
      <dst id="18">73.6622</dst>
      <dst id="4">1126.1511</dst>
      <dst id="1">3601.5289</dst>
      <dst id="5">344.0978</dst>
      <dst id="3">10.7556</dst>
      <dst id="10">407.4844</dst>
      <dst id="22">551.0756</dst>
      <dst id="7">562.0267</dst>
      <dst id="2">166.9333</dst>
      <dst id="6">72.4267</dst>
      <dst id="16">103050.0711</dst>
      <dst id="14">1.0756</dst>
      <dst id="20">4443.9200</dst>
      <dst id="11">39.7511</dst>
      <dst id="9">260215.1378</dst>
      <dst id="17">326183.8311</dst>
      <dst id="21">1022.4889</dst>
      <dst id="15">107.8311</dst>
    </src>
    <src id="17">
      <dst id="12">50301.2000</dst>
      <dst id="13">9461.3956</dst>
      <dst id="19">395.3156</dst>
      <dst id="23">24.3022</dst>
      <dst id="8">111.3156</dst>
      <dst id="18">71.7156</dst>
      <dst id="4">5750.2489</dst>
      <dst id="1">944.2044</dst>
      <dst id="5">52290.5956</dst>
      <dst id="3">886.3111</dst>
      <dst id="10">925.3511</dst>
      <dst id="22">1046.7556</dst>
      <dst id="7">918.9422</dst>
      <dst id="2">2168.1956</dst>
      <dst id="6">27.0222</dst>
      <dst id="16">1488.2844</dst>
      <dst id="14">12078.2756</dst>
      <dst id="20">330.7911</dst>
      <dst id="11">6079.9911</dst>
      <dst id="9">660.1689</dst>
      <dst id="17">6888.9689</dst>
      <dst id="21">9025.1467</dst>
      <dst id="15">74.7022</dst>
    </src>
    <src id="21">
      <dst id="12">4458.9333</dst>
      <dst id="13">161.6444</dst>
      <dst id="19">150.2578</dst>
      <dst id="23">0.8889</dst>
      <dst id="8">182.5156</dst>
      <dst id="18">390.0711</dst>
      <dst id="4">3874.6844</dst>
      <dst id="1">908.2133</dst>
      <dst id="5">111.2444</dst>
      <dst id="3">291.2267</dst>
      <dst id="10">3277.0400</dst>
      <dst id="22">365.1911</dst>
      <dst id="7">781.1644</dst>
      <dst id="2">9098.3556</dst>
      <dst id="16">143.5911</dst>
      <dst id="14">106.9956</dst>
      <dst id="20">86.7733</dst>
      <dst id="11">31.1911</dst>
      <dst id="9">1304.7733</dst>
      <dst id="17">28796.2844</dst>
      <dst id="21">479.0044</dst>
      <dst id="15">21.5200</dst>
    </src>
    <src id="15">
      <dst id="12">516.0622</dst>
      <dst id="13">12.6133</dst>
      <dst id="23">0.4267</dst>
      <dst id="8">1.8489</dst>
      <dst id="18">0.3556</dst>
      <dst id="4">1413.8578</dst>
      <dst id="1">113.1822</dst>
      <dst id="5">8.6044</dst>
      <dst id="10">4.9422</dst>
      <dst id="7">68.8622</dst>
      <dst id="2">300.8978</dst>
      <dst id="6">0.5244</dst>
      <dst id="16">0.4089</dst>
      <dst id="14">0.5511</dst>
      <dst id="11">1.9200</dst>
      <dst id="9">210.4178</dst>
      <dst id="17">173.9200</dst>
      <dst id="21">17.5022</dst>
    </src>
  </IntraTM>
</TrafficMatrixFile>
