<?xml version="1.0" encoding="UTF-8" standalone="yes"?>
<TrafficMatrixFile xmlns:xsi="http://www.w3.org/2001/XMLSchema-instance" xsi:noNamespaceSchemaLocation="http://totem.run.montefiore.ulg.ac.be/Schema/TrafficMatrix-v1_2.xsd">
  <info>
    <title>Intradomain traffic matrix generated by geant-TM-all.pl</title>
    <date>2005-03-05T19:15:00</date>
    <duration>900</duration>
    <author>Steve Uhlig</author>
    <units>
        <unit type="bandwidth" value="kbps"/>
    </units>
  </info>
  <IntraTM ASID="20965">
    <src id="12">
      <dst id="12">238455.3867</dst>
      <dst id="13">49140.9956</dst>
      <dst id="19">8341.9644</dst>
      <dst id="23">7215.5378</dst>
      <dst id="8">6057.0400</dst>
      <dst id="18">130653.6800</dst>
      <dst id="4">16326.6756</dst>
      <dst id="1">11486.0267</dst>
      <dst id="5">1239.9644</dst>
      <dst id="3">555.4933</dst>
      <dst id="10">1033.9378</dst>
      <dst id="22">17112.6400</dst>
      <dst id="7">14130.9333</dst>
      <dst id="2">29245.0222</dst>
      <dst id="6">98.7556</dst>
      <dst id="16">26502.7822</dst>
      <dst id="14">2254.0089</dst>
      <dst id="20">3494.8533</dst>
      <dst id="11">920.8178</dst>
      <dst id="9">16214.9778</dst>
      <dst id="17">141812.3111</dst>
      <dst id="21">9920.6400</dst>
      <dst id="15">2088.8800</dst>
    </src>
    <src id="13">
      <dst id="12">53443.7867</dst>
      <dst id="19">11432.9067</dst>
      <dst id="23">1246.3111</dst>
      <dst id="8">14086.1156</dst>
      <dst id="18">3078.7467</dst>
      <dst id="1">19372.1689</dst>
      <dst id="5">4264.6044</dst>
      <dst id="3">4661.0756</dst>
      <dst id="22">10839.6800</dst>
      <dst id="7">35704.5156</dst>
      <dst id="2">53415.8489</dst>
      <dst id="6">330.7822</dst>
      <dst id="16">16854.3289</dst>
      <dst id="14">7915.3956</dst>
      <dst id="20">7704.4978</dst>
      <dst id="11">747.3333</dst>
      <dst id="9">10065.0844</dst>
      <dst id="17">155607.9022</dst>
      <dst id="21">12295.6178</dst>
      <dst id="15">3219.2622</dst>
    </src>
    <src id="19">
      <dst id="12">18259.2533</dst>
      <dst id="13">1203.1733</dst>
      <dst id="23">2.0622</dst>
      <dst id="8">26.4711</dst>
      <dst id="18">860.9689</dst>
      <dst id="4">15267.7867</dst>
      <dst id="1">5735.8578</dst>
      <dst id="5">1.4933</dst>
      <dst id="3">47.1644</dst>
      <dst id="10">69.4667</dst>
      <dst id="22">2872.3111</dst>
      <dst id="7">6189.4044</dst>
      <dst id="2">9576.7378</dst>
      <dst id="6">334.5867</dst>
      <dst id="16">10538.2844</dst>
      <dst id="14">1.2089</dst>
      <dst id="20">83.9644</dst>
      <dst id="11">80.5244</dst>
      <dst id="9">1436.6844</dst>
      <dst id="17">9406.8178</dst>
      <dst id="21">1782.4444</dst>
      <dst id="15">52.6222</dst>
    </src>
    <src id="23">
      <dst id="12">3974.5422</dst>
      <dst id="13">804.1778</dst>
      <dst id="19">236.8889</dst>
      <dst id="8">13.7600</dst>
      <dst id="18">192.2933</dst>
      <dst id="4">5678.9600</dst>
      <dst id="1">75.7689</dst>
      <dst id="5">54.2844</dst>
      <dst id="3">7.1556</dst>
      <dst id="10">36.6933</dst>
      <dst id="22">621.0133</dst>
      <dst id="7">18274.5333</dst>
      <dst id="2">334.9333</dst>
      <dst id="6">14.4800</dst>
      <dst id="16">1112.7111</dst>
      <dst id="20">559.1822</dst>
      <dst id="11">13.3333</dst>
      <dst id="9">274.4000</dst>
      <dst id="17">30059.5022</dst>
      <dst id="21">470.5156</dst>
      <dst id="15">37.8667</dst>
    </src>
    <src id="8">
      <dst id="12">34276.2667</dst>
      <dst id="13">1609.1644</dst>
      <dst id="19">180.7378</dst>
      <dst id="23">1.1378</dst>
      <dst id="18">1208.2400</dst>
      <dst id="4">2235.5378</dst>
      <dst id="1">6296.6222</dst>
      <dst id="5">2236.0889</dst>
      <dst id="3">3.2889</dst>
      <dst id="10">101.2178</dst>
      <dst id="22">2439.7778</dst>
      <dst id="7">142.4089</dst>
      <dst id="2">838.1067</dst>
      <dst id="6">0.4622</dst>
      <dst id="16">132034.0800</dst>
      <dst id="14">0.9689</dst>
      <dst id="11">68.0000</dst>
      <dst id="9">170301.9200</dst>
      <dst id="17">327402.5067</dst>
      <dst id="15">256.4978</dst>
    </src>
    <src id="18">
      <dst id="12">100691.4667</dst>
      <dst id="13">239.8933</dst>
      <dst id="19">50.7378</dst>
      <dst id="23">8.7111</dst>
      <dst id="8">158.1244</dst>
      <dst id="4">406.2222</dst>
      <dst id="1">2744.3200</dst>
      <dst id="5">234.8000</dst>
      <dst id="3">250.8444</dst>
      <dst id="10">242.2133</dst>
      <dst id="22">213.1111</dst>
      <dst id="7">126.1511</dst>
      <dst id="2">14579.8222</dst>
      <dst id="6">13.7956</dst>
      <dst id="16">14197.6889</dst>
      <dst id="14">414.0444</dst>
      <dst id="20">63.0044</dst>
      <dst id="11">0.4267</dst>
      <dst id="9">7998.5689</dst>
      <dst id="17">37366.9333</dst>
      <dst id="21">500.9244</dst>
      <dst id="15">522.7378</dst>
    </src>
    <src id="4">
      <dst id="12">22461.5822</dst>
      <dst id="19">17232.3733</dst>
      <dst id="23">1507.7956</dst>
      <dst id="8">3768.6667</dst>
      <dst id="18">1097.0133</dst>
      <dst id="4">2.0444</dst>
      <dst id="1">194436.0444</dst>
      <dst id="5">936.6400</dst>
      <dst id="3">892.6756</dst>
      <dst id="22">4125.0844</dst>
      <dst id="7">53845.6000</dst>
      <dst id="2">44616.5956</dst>
      <dst id="6">8278.4089</dst>
      <dst id="16">4152.8978</dst>
      <dst id="14">12232.1511</dst>
      <dst id="11">1043.0578</dst>
      <dst id="9">5304.2311</dst>
      <dst id="17">34947.8578</dst>
      <dst id="21">4650.1867</dst>
      <dst id="15">2935.3956</dst>
    </src>
    <src id="1">
      <dst id="12">26463.6267</dst>
      <dst id="13">11066.8356</dst>
      <dst id="19">634.7911</dst>
      <dst id="23">285.2356</dst>
      <dst id="8">192.9956</dst>
      <dst id="18">13481.1111</dst>
      <dst id="4">3149.8933</dst>
      <dst id="1">354570.3822</dst>
      <dst id="5">330.4356</dst>
      <dst id="3">2302.7556</dst>
      <dst id="10">305.3867</dst>
      <dst id="22">5131.0933</dst>
      <dst id="7">229722.3200</dst>
      <dst id="2">55032.2222</dst>
      <dst id="6">6.2844</dst>
      <dst id="16">16108.2044</dst>
      <dst id="14">185.5467</dst>
      <dst id="20">1827.7867</dst>
      <dst id="11">288.4889</dst>
      <dst id="9">3385.4667</dst>
      <dst id="17">269184.5778</dst>
      <dst id="21">150251.9289</dst>
      <dst id="15">333.1378</dst>
    </src>
    <src id="5">
      <dst id="12">19010.7378</dst>
      <dst id="13">2832.0000</dst>
      <dst id="19">23.8844</dst>
      <dst id="23">1.5289</dst>
      <dst id="8">66516.2933</dst>
      <dst id="18">1512.4267</dst>
      <dst id="4">1295.4844</dst>
      <dst id="1">4902.3111</dst>
      <dst id="3">32.6667</dst>
      <dst id="10">119.0222</dst>
      <dst id="22">2118.5956</dst>
      <dst id="7">596.5067</dst>
      <dst id="2">1417.5378</dst>
      <dst id="6">27.3067</dst>
      <dst id="16">117081.1378</dst>
      <dst id="14">20.1511</dst>
      <dst id="11">55.9644</dst>
      <dst id="9">80953.2089</dst>
      <dst id="17">240043.1822</dst>
      <dst id="21">0.6667</dst>
      <dst id="15">91.0400</dst>
    </src>
    <src id="3">
      <dst id="12">33595.8400</dst>
      <dst id="13">4644.5422</dst>
      <dst id="19">1734.2311</dst>
      <dst id="23">66.0089</dst>
      <dst id="8">369.7956</dst>
      <dst id="18">717.5556</dst>
      <dst id="4">15161.0400</dst>
      <dst id="1">11706.3022</dst>
      <dst id="5">504.6933</dst>
      <dst id="3">357.6089</dst>
      <dst id="10">743.5111</dst>
      <dst id="22">1539.5556</dst>
      <dst id="7">4651.8489</dst>
      <dst id="2">6107.0222</dst>
      <dst id="6">11.0844</dst>
      <dst id="16">5865.0578</dst>
      <dst id="14">177.2444</dst>
      <dst id="20">848.8533</dst>
      <dst id="11">117.6178</dst>
      <dst id="9">2657.6444</dst>
      <dst id="17">29588.8622</dst>
      <dst id="21">2421.3244</dst>
      <dst id="15">256.5244</dst>
    </src>
    <src id="10">
      <dst id="12">30446.1956</dst>
      <dst id="19">8807.7244</dst>
      <dst id="23">1040.3022</dst>
      <dst id="8">1023.2000</dst>
      <dst id="18">4633.7956</dst>
      <dst id="1">1603.2889</dst>
      <dst id="5">903.4311</dst>
      <dst id="3">807.2089</dst>
      <dst id="22">4880.1956</dst>
      <dst id="7">10937.3156</dst>
      <dst id="2">26212.6489</dst>
      <dst id="6">220.5244</dst>
      <dst id="16">7007.0400</dst>
      <dst id="14">2223.1911</dst>
      <dst id="20">2751.5289</dst>
      <dst id="11">105.8311</dst>
      <dst id="9">8106.3378</dst>
      <dst id="17">66666.9778</dst>
      <dst id="21">8626.3289</dst>
      <dst id="15">1949.1022</dst>
    </src>
    <src id="22">
      <dst id="12">12211.6000</dst>
      <dst id="13">1756.8889</dst>
      <dst id="19">425.1644</dst>
      <dst id="23">163.8578</dst>
      <dst id="8">996.9067</dst>
      <dst id="18">117.3956</dst>
      <dst id="4">4576.0978</dst>
      <dst id="1">904.8800</dst>
      <dst id="5">1756.1956</dst>
      <dst id="3">86.2222</dst>
      <dst id="10">676.8267</dst>
      <dst id="7">1080.0711</dst>
      <dst id="2">1738.4178</dst>
      <dst id="6">27.8133</dst>
      <dst id="16">83.7511</dst>
      <dst id="14">1068.4356</dst>
      <dst id="11">122.5600</dst>
      <dst id="9">3536.1333</dst>
      <dst id="17">9988.5067</dst>
      <dst id="21">483.7422</dst>
    </src>
    <src id="7">
      <dst id="12">15375.3689</dst>
      <dst id="13">883.7333</dst>
      <dst id="19">4995.8489</dst>
      <dst id="23">1041.3244</dst>
      <dst id="8">620.2578</dst>
      <dst id="18">832.3200</dst>
      <dst id="4">4135.6178</dst>
      <dst id="1">40431.6889</dst>
      <dst id="5">1321.6711</dst>
      <dst id="3">2325.2800</dst>
      <dst id="10">3684.8444</dst>
      <dst id="22">2330.5422</dst>
      <dst id="7">761.8044</dst>
      <dst id="2">7208.2222</dst>
      <dst id="6">304.0622</dst>
      <dst id="16">6579.4222</dst>
      <dst id="14">186.8622</dst>
      <dst id="20">413.3778</dst>
      <dst id="11">190.4000</dst>
      <dst id="9">760.8978</dst>
      <dst id="17">19776.6044</dst>
      <dst id="21">4420.0622</dst>
      <dst id="15">109.9378</dst>
    </src>
    <src id="2">
      <dst id="12">128881.6356</dst>
      <dst id="13">17420.4533</dst>
      <dst id="19">1630.5244</dst>
      <dst id="23">98.5778</dst>
      <dst id="8">2025.0933</dst>
      <dst id="18">99022.0889</dst>
      <dst id="4">20247.2800</dst>
      <dst id="1">19667.0400</dst>
      <dst id="5">669.7600</dst>
      <dst id="3">511.0222</dst>
      <dst id="10">1147.8667</dst>
      <dst id="22">1125.7244</dst>
      <dst id="7">10826.4444</dst>
      <dst id="2">1192.4533</dst>
      <dst id="6">79331.4311</dst>
      <dst id="16">965.2800</dst>
      <dst id="14">337.0044</dst>
      <dst id="20">2329.8578</dst>
      <dst id="11">267.6800</dst>
      <dst id="9">1711.2444</dst>
      <dst id="17">33081.4933</dst>
      <dst id="21">9063.2444</dst>
      <dst id="15">2290.0000</dst>
    </src>
    <src id="6">
      <dst id="12">2795.4311</dst>
      <dst id="13">50.6756</dst>
      <dst id="19">48.1689</dst>
      <dst id="23">8.9600</dst>
      <dst id="18">15.9289</dst>
      <dst id="4">172.2222</dst>
      <dst id="1">445.5022</dst>
      <dst id="5">1.7600</dst>
      <dst id="3">17.5467</dst>
      <dst id="10">0.8000</dst>
      <dst id="22">25.8489</dst>
      <dst id="7">284.4889</dst>
      <dst id="2">2325.4400</dst>
      <dst id="16">2555.4311</dst>
      <dst id="14">36.4089</dst>
      <dst id="20">23.2889</dst>
      <dst id="11">12.1778</dst>
      <dst id="9">637.9733</dst>
      <dst id="17">19157.3956</dst>
      <dst id="21">88.5067</dst>
      <dst id="15">33.8489</dst>
    </src>
    <src id="16">
      <dst id="12">268648.4622</dst>
      <dst id="13">1438.1867</dst>
      <dst id="19">4595.7956</dst>
      <dst id="23">76.2133</dst>
      <dst id="8">247493.5200</dst>
      <dst id="18">350.4889</dst>
      <dst id="4">3725.6356</dst>
      <dst id="1">14184.2667</dst>
      <dst id="5">305547.4756</dst>
      <dst id="3">17897.3689</dst>
      <dst id="10">635.3600</dst>
      <dst id="7">1904.3289</dst>
      <dst id="2">1727.9022</dst>
      <dst id="6">22.6133</dst>
      <dst id="16">312.7289</dst>
      <dst id="14">76538.6756</dst>
      <dst id="11">48141.2533</dst>
      <dst id="9">389499.2178</dst>
      <dst id="17">48849.1022</dst>
      <dst id="21">3648.2400</dst>
    </src>
    <src id="14">
      <dst id="12">3499.2622</dst>
      <dst id="13">100.5689</dst>
      <dst id="19">35.7867</dst>
      <dst id="23">0.3556</dst>
      <dst id="8">1.5378</dst>
      <dst id="18">9.3511</dst>
      <dst id="4">756.9956</dst>
      <dst id="1">252.9422</dst>
      <dst id="5">31.5378</dst>
      <dst id="3">333.7067</dst>
      <dst id="10">126.2489</dst>
      <dst id="22">78.6756</dst>
      <dst id="7">113.1378</dst>
      <dst id="2">1828.9689</dst>
      <dst id="6">4.7644</dst>
      <dst id="16">5952.3111</dst>
      <dst id="20">767.4311</dst>
      <dst id="11">25.4222</dst>
      <dst id="9">1182.7378</dst>
      <dst id="17">31637.4578</dst>
      <dst id="21">202.3378</dst>
      <dst id="15">40.9333</dst>
    </src>
    <src id="20">
      <dst id="12">2585.7600</dst>
      <dst id="13">4340.7289</dst>
      <dst id="19">85.7689</dst>
      <dst id="23">55.7511</dst>
      <dst id="8">228.8622</dst>
      <dst id="18">276.9511</dst>
      <dst id="4">624.2400</dst>
      <dst id="1">503.6000</dst>
      <dst id="5">192.2222</dst>
      <dst id="3">128.5778</dst>
      <dst id="10">74.0356</dst>
      <dst id="7">6353.5111</dst>
      <dst id="2">6313.9644</dst>
      <dst id="6">1.5644</dst>
      <dst id="16">12.9778</dst>
      <dst id="14">97.7422</dst>
      <dst id="20">53.0222</dst>
      <dst id="11">13.3333</dst>
      <dst id="9">7984.3111</dst>
      <dst id="17">7927.4400</dst>
      <dst id="21">126.5778</dst>
    </src>
    <src id="11">
      <dst id="12">57018.6489</dst>
      <dst id="13">1974.8533</dst>
      <dst id="19">39.9822</dst>
      <dst id="23">45.3867</dst>
      <dst id="8">2212.8533</dst>
      <dst id="18">1295.4222</dst>
      <dst id="4">2243.3333</dst>
      <dst id="1">6994.4000</dst>
      <dst id="5">1845.2711</dst>
      <dst id="3">306.4533</dst>
      <dst id="10">7066.8978</dst>
      <dst id="22">1787.4578</dst>
      <dst id="7">862.2667</dst>
      <dst id="2">57953.5378</dst>
      <dst id="6">5.4400</dst>
      <dst id="16">107607.8044</dst>
      <dst id="14">243.0844</dst>
      <dst id="20">279.3244</dst>
      <dst id="11">4259.2800</dst>
      <dst id="9">49772.3111</dst>
      <dst id="17">574611.1200</dst>
      <dst id="21">554.5689</dst>
      <dst id="15">55.1378</dst>
    </src>
    <src id="9">
      <dst id="12">44812.7911</dst>
      <dst id="13">316.0267</dst>
      <dst id="19">445.4578</dst>
      <dst id="23">4.3556</dst>
      <dst id="8">184133.8489</dst>
      <dst id="18">139.8578</dst>
      <dst id="4">3205.4756</dst>
      <dst id="1">8981.6711</dst>
      <dst id="5">759.7778</dst>
      <dst id="3">323.2800</dst>
      <dst id="10">476.4356</dst>
      <dst id="22">1690.7556</dst>
      <dst id="7">4470.6578</dst>
      <dst id="2">929.3244</dst>
      <dst id="6">1.5822</dst>
      <dst id="16">146794.9333</dst>
      <dst id="14">22.4000</dst>
      <dst id="11">20.5600</dst>
      <dst id="9">338249.8044</dst>
      <dst id="17">372544.0889</dst>
      <dst id="21">11.0667</dst>
      <dst id="15">1058.4000</dst>
    </src>
    <src id="17">
      <dst id="12">219223.8756</dst>
      <dst id="13">15243.3067</dst>
      <dst id="19">1742.1689</dst>
      <dst id="23">202.2933</dst>
      <dst id="8">8025.9822</dst>
      <dst id="18">566.1600</dst>
      <dst id="4">31683.6089</dst>
      <dst id="1">13727.3422</dst>
      <dst id="5">176098.6756</dst>
      <dst id="3">9013.1378</dst>
      <dst id="10">3724.2489</dst>
      <dst id="22">8189.1289</dst>
      <dst id="7">36249.7067</dst>
      <dst id="2">27427.9289</dst>
      <dst id="6">164.7822</dst>
      <dst id="16">8292.9956</dst>
      <dst id="14">31046.8356</dst>
      <dst id="20">5049.8489</dst>
      <dst id="11">27986.8800</dst>
      <dst id="9">3886.8800</dst>
      <dst id="17">40146.9600</dst>
      <dst id="21">43469.7600</dst>
      <dst id="15">3302.0356</dst>
    </src>
    <src id="21">
      <dst id="12">7706.8178</dst>
      <dst id="13">5170.4089</dst>
      <dst id="19">811.3422</dst>
      <dst id="23">31.3333</dst>
      <dst id="8">325.8311</dst>
      <dst id="18">2532.2933</dst>
      <dst id="4">2539.6444</dst>
      <dst id="1">4493.3067</dst>
      <dst id="5">1165.6444</dst>
      <dst id="3">6315.1200</dst>
      <dst id="10">557.0844</dst>
      <dst id="22">875.6978</dst>
      <dst id="7">1848.0089</dst>
      <dst id="2">14731.4222</dst>
      <dst id="6">483.1111</dst>
      <dst id="16">3013.8578</dst>
      <dst id="14">2660.2844</dst>
      <dst id="20">2828.2400</dst>
      <dst id="11">211.9911</dst>
      <dst id="9">1000.7733</dst>
      <dst id="17">34157.1289</dst>
      <dst id="21">2105.0756</dst>
      <dst id="15">240.1333</dst>
    </src>
    <src id="15">
      <dst id="12">997.8933</dst>
      <dst id="13">3024.3822</dst>
      <dst id="19">1.4311</dst>
      <dst id="23">13.7600</dst>
      <dst id="8">40.6578</dst>
      <dst id="18">100.1244</dst>
      <dst id="4">4424.2933</dst>
      <dst id="1">151.8844</dst>
      <dst id="5">127.3867</dst>
      <dst id="3">4787.9644</dst>
      <dst id="10">98.9956</dst>
      <dst id="7">154.6311</dst>
      <dst id="2">64.8978</dst>
      <dst id="6">0.5244</dst>
      <dst id="16">83.3511</dst>
      <dst id="14">0.5333</dst>
      <dst id="11">1.9200</dst>
      <dst id="9">694.3822</dst>
      <dst id="17">14888.3111</dst>
    </src>
  </IntraTM>
</TrafficMatrixFile>
