<?xml version="1.0" encoding="UTF-8" standalone="yes"?>
<TrafficMatrixFile xmlns:xsi="http://www.w3.org/2001/XMLSchema-instance" xsi:noNamespaceSchemaLocation="http://totem.run.montefiore.ulg.ac.be/Schema/TrafficMatrix-v1_2.xsd">
  <info>
    <title>Intradomain traffic matrix generated by geant-TM-all.pl</title>
    <date>2005-04-01T16:00:00</date>
    <duration>900</duration>
    <author>Steve Uhlig</author>
    <units>
        <unit type="bandwidth" value="kbps"/>
    </units>
  </info>
  <IntraTM ASID="20965">
    <src id="12">
      <dst id="12">311516.2222</dst>
      <dst id="13">20089.2978</dst>
      <dst id="19">1333.9467</dst>
      <dst id="23">1297.6267</dst>
      <dst id="8">112.5244</dst>
      <dst id="18">43776.6844</dst>
      <dst id="4">3915.6800</dst>
      <dst id="1">17746.8800</dst>
      <dst id="5">425.2622</dst>
      <dst id="3">347.5733</dst>
      <dst id="10">4628.6756</dst>
      <dst id="22">11052.2578</dst>
      <dst id="7">5346.4889</dst>
      <dst id="2">17271.0222</dst>
      <dst id="6">17411.6800</dst>
      <dst id="16">8663.8844</dst>
      <dst id="14">688.7022</dst>
      <dst id="20">3529.6356</dst>
      <dst id="11">40.3467</dst>
      <dst id="9">6774.6667</dst>
      <dst id="17">64994.4622</dst>
      <dst id="21">572.8978</dst>
      <dst id="15">294.3733</dst>
    </src>
    <src id="13">
      <dst id="12">11049.3067</dst>
      <dst id="13">184.7289</dst>
      <dst id="19">1677.9911</dst>
      <dst id="23">8.6311</dst>
      <dst id="8">11.0222</dst>
      <dst id="18">19.8578</dst>
      <dst id="4">1.0489</dst>
      <dst id="1">463.3422</dst>
      <dst id="5">948.1600</dst>
      <dst id="3">2.9333</dst>
      <dst id="22">5696.2756</dst>
      <dst id="7">141.2356</dst>
      <dst id="2">1262.8978</dst>
      <dst id="6">2.0622</dst>
      <dst id="16">388.8889</dst>
      <dst id="14">7299.2622</dst>
      <dst id="20">223.4400</dst>
      <dst id="11">96.3289</dst>
      <dst id="9">3085.5733</dst>
      <dst id="17">13553.5289</dst>
      <dst id="21">329.7156</dst>
      <dst id="15">11254.2044</dst>
    </src>
    <src id="19">
      <dst id="12">26786.3644</dst>
      <dst id="13">3555.5200</dst>
      <dst id="23">5.3689</dst>
      <dst id="8">11.0222</dst>
      <dst id="4">1202.4889</dst>
      <dst id="1">360.7733</dst>
      <dst id="5">10.4267</dst>
      <dst id="3">0.9422</dst>
      <dst id="10">68.7200</dst>
      <dst id="22">202.8978</dst>
      <dst id="7">181.2800</dst>
      <dst id="2">680.7644</dst>
      <dst id="6">71.7511</dst>
      <dst id="16">833.3600</dst>
      <dst id="14">3.8756</dst>
      <dst id="20">16.6044</dst>
      <dst id="11">18.7467</dst>
      <dst id="9">895.5022</dst>
      <dst id="17">1053.5200</dst>
      <dst id="21">1675.7600</dst>
      <dst id="15">143.2178</dst>
    </src>
    <src id="23">
      <dst id="12">4935.9111</dst>
      <dst id="13">927.0489</dst>
      <dst id="19">129.1200</dst>
      <dst id="18">445.4044</dst>
      <dst id="4">40.9689</dst>
      <dst id="1">241.5111</dst>
      <dst id="5">2.0889</dst>
      <dst id="10">61.6978</dst>
      <dst id="22">37.8667</dst>
      <dst id="7">273.4400</dst>
      <dst id="2">143.0133</dst>
      <dst id="6">0.3378</dst>
      <dst id="16">4.5867</dst>
      <dst id="14">28.6933</dst>
      <dst id="11">40.2489</dst>
      <dst id="9">225.2000</dst>
      <dst id="17">902.9867</dst>
      <dst id="21">41.3689</dst>
      <dst id="15">0.3378</dst>
    </src>
    <src id="8">
      <dst id="12">3851.1200</dst>
      <dst id="13">193.0844</dst>
      <dst id="19">451.2089</dst>
      <dst id="18">1.8844</dst>
      <dst id="4">242.0356</dst>
      <dst id="1">837.2800</dst>
      <dst id="5">254.1689</dst>
      <dst id="10">57.1733</dst>
      <dst id="22">0.5333</dst>
      <dst id="2">138.0356</dst>
      <dst id="16">139977.5556</dst>
      <dst id="14">91.5200</dst>
      <dst id="9">38689.7511</dst>
      <dst id="17">12178.5422</dst>
      <dst id="21">62.3467</dst>
      <dst id="15">57.4578</dst>
    </src>
    <src id="18">
      <dst id="12">102981.9644</dst>
      <dst id="13">251.9733</dst>
      <dst id="19">0.4711</dst>
      <dst id="23">17.6267</dst>
      <dst id="8">46.1156</dst>
      <dst id="4">610.4178</dst>
      <dst id="1">603.1822</dst>
      <dst id="5">32.5689</dst>
      <dst id="3">1104.3644</dst>
      <dst id="10">139.5911</dst>
      <dst id="22">231.5911</dst>
      <dst id="7">3.1556</dst>
      <dst id="2">10508.7378</dst>
      <dst id="16">266.4889</dst>
      <dst id="14">13.3333</dst>
      <dst id="20">477.9378</dst>
      <dst id="11">13.8667</dst>
      <dst id="9">1766.1156</dst>
      <dst id="17">4361.3422</dst>
      <dst id="21">81.5289</dst>
      <dst id="15">0.6400</dst>
    </src>
    <src id="4">
      <dst id="12">30676.2311</dst>
      <dst id="13">7.9733</dst>
      <dst id="19">14013.1822</dst>
      <dst id="23">314.0533</dst>
      <dst id="8">597.9467</dst>
      <dst id="18">857.7333</dst>
      <dst id="4">648.5244</dst>
      <dst id="1">35286.3289</dst>
      <dst id="5">3935.4133</dst>
      <dst id="3">429.4222</dst>
      <dst id="22">1208.2044</dst>
      <dst id="7">89.8933</dst>
      <dst id="2">110437.0933</dst>
      <dst id="6">422.5600</dst>
      <dst id="16">111174.7467</dst>
      <dst id="14">3055.8667</dst>
      <dst id="11">310.0711</dst>
      <dst id="9">29461.3244</dst>
      <dst id="17">51060.4000</dst>
      <dst id="21">3203.1200</dst>
      <dst id="15">2729.8667</dst>
    </src>
    <src id="1">
      <dst id="12">34186.2222</dst>
      <dst id="13">5744.0889</dst>
      <dst id="19">592.4444</dst>
      <dst id="23">610.2578</dst>
      <dst id="8">209.6889</dst>
      <dst id="18">12463.1644</dst>
      <dst id="4">1647.2267</dst>
      <dst id="1">35133.2711</dst>
      <dst id="5">366.8356</dst>
      <dst id="3">62.6667</dst>
      <dst id="10">646.7111</dst>
      <dst id="22">107.1289</dst>
      <dst id="7">10662.4533</dst>
      <dst id="2">11389.4222</dst>
      <dst id="6">18.3822</dst>
      <dst id="16">53622.8267</dst>
      <dst id="14">240.8978</dst>
      <dst id="20">132.5956</dst>
      <dst id="11">4403.6444</dst>
      <dst id="9">1415.5467</dst>
      <dst id="17">10248.5156</dst>
      <dst id="21">245729.1644</dst>
      <dst id="15">69.2356</dst>
    </src>
    <src id="5">
      <dst id="12">14363.2978</dst>
      <dst id="13">954.2044</dst>
      <dst id="19">26.3111</dst>
      <dst id="8">24.1778</dst>
      <dst id="18">362.0356</dst>
      <dst id="4">406.3111</dst>
      <dst id="1">2128.5689</dst>
      <dst id="10">271.1200</dst>
      <dst id="22">42.6578</dst>
      <dst id="2">123.6444</dst>
      <dst id="6">1.2267</dst>
      <dst id="16">240043.3511</dst>
      <dst id="14">17.3511</dst>
      <dst id="11">6.8089</dst>
      <dst id="9">29535.0578</dst>
      <dst id="17">21550.0800</dst>
      <dst id="21">64.8000</dst>
      <dst id="15">31.0933</dst>
    </src>
    <src id="3">
      <dst id="12">6374.3556</dst>
      <dst id="13">10516.5689</dst>
      <dst id="19">805.0400</dst>
      <dst id="23">258.2578</dst>
      <dst id="8">3.8933</dst>
      <dst id="18">140.8978</dst>
      <dst id="4">400.4356</dst>
      <dst id="1">3510.9956</dst>
      <dst id="5">172.4089</dst>
      <dst id="3">215.1111</dst>
      <dst id="10">329.3333</dst>
      <dst id="22">13.3333</dst>
      <dst id="7">214.5778</dst>
      <dst id="2">4056.4711</dst>
      <dst id="6">10.8444</dst>
      <dst id="16">12571.6533</dst>
      <dst id="14">179.0933</dst>
      <dst id="20">234.0267</dst>
      <dst id="11">158.5244</dst>
      <dst id="9">6392.8000</dst>
      <dst id="17">29975.7867</dst>
      <dst id="21">777.1556</dst>
      <dst id="15">354.9333</dst>
    </src>
    <src id="10">
      <dst id="12">6842.1956</dst>
      <dst id="13">5.5644</dst>
      <dst id="19">1428.2578</dst>
      <dst id="23">610.0889</dst>
      <dst id="8">93.1911</dst>
      <dst id="18">1448.1156</dst>
      <dst id="1">634.6400</dst>
      <dst id="5">1037.3956</dst>
      <dst id="3">1713.8844</dst>
      <dst id="22">87.8489</dst>
      <dst id="7">37.7333</dst>
      <dst id="2">9404.2933</dst>
      <dst id="6">6.4089</dst>
      <dst id="16">20089.1289</dst>
      <dst id="14">4775.5378</dst>
      <dst id="20">1281.3156</dst>
      <dst id="11">63.4756</dst>
      <dst id="9">2377.4933</dst>
      <dst id="17">25959.1200</dst>
      <dst id="21">17071.7244</dst>
      <dst id="15">510.4889</dst>
    </src>
    <src id="22">
      <dst id="12">7939.0667</dst>
      <dst id="13">4167.6800</dst>
      <dst id="19">184.3289</dst>
      <dst id="23">4.7022</dst>
      <dst id="8">72.0533</dst>
      <dst id="18">61.8044</dst>
      <dst id="4">1211.3422</dst>
      <dst id="1">365.0578</dst>
      <dst id="5">691.9200</dst>
      <dst id="3">4.0889</dst>
      <dst id="10">2580.9067</dst>
      <dst id="7">189.4578</dst>
      <dst id="2">4597.4400</dst>
      <dst id="6">5.3422</dst>
      <dst id="16">148.7467</dst>
      <dst id="14">116.1867</dst>
      <dst id="11">751.5822</dst>
      <dst id="9">222.2311</dst>
      <dst id="17">4423.3333</dst>
      <dst id="21">925.3156</dst>
    </src>
    <src id="7">
      <dst id="12">8268.1511</dst>
      <dst id="13">24489.8844</dst>
      <dst id="19">370.5956</dst>
      <dst id="23">17.5111</dst>
      <dst id="8">13.6889</dst>
      <dst id="18">68.1244</dst>
      <dst id="4">4017.9822</dst>
      <dst id="1">2133.5467</dst>
      <dst id="5">2.4533</dst>
      <dst id="3">2.9422</dst>
      <dst id="10">394.8711</dst>
      <dst id="22">82.2933</dst>
      <dst id="7">13.8311</dst>
      <dst id="2">15527.1822</dst>
      <dst id="6">28.9244</dst>
      <dst id="16">262.0889</dst>
      <dst id="14">74.9689</dst>
      <dst id="20">128.0178</dst>
      <dst id="11">57.6444</dst>
      <dst id="9">2639.9733</dst>
      <dst id="17">3871.1822</dst>
      <dst id="21">2974.0533</dst>
      <dst id="15">28.4978</dst>
    </src>
    <src id="2">
      <dst id="12">93065.3867</dst>
      <dst id="13">37451.0222</dst>
      <dst id="19">735.8844</dst>
      <dst id="23">7.1467</dst>
      <dst id="8">840.1600</dst>
      <dst id="18">18001.6089</dst>
      <dst id="4">5009.7067</dst>
      <dst id="1">7093.7511</dst>
      <dst id="5">333.9467</dst>
      <dst id="3">40.8533</dst>
      <dst id="10">1733.4133</dst>
      <dst id="22">7303.8222</dst>
      <dst id="7">699.6533</dst>
      <dst id="2">5020.5956</dst>
      <dst id="6">11015.1022</dst>
      <dst id="16">6670.0178</dst>
      <dst id="14">817.5911</dst>
      <dst id="20">598.9956</dst>
      <dst id="11">545.3422</dst>
      <dst id="9">1078.3467</dst>
      <dst id="17">10086.3378</dst>
      <dst id="21">1422.7378</dst>
      <dst id="15">244.2844</dst>
    </src>
    <src id="6">
      <dst id="12">299.7511</dst>
      <dst id="13">28.0444</dst>
      <dst id="19">2.3111</dst>
      <dst id="23">0.6756</dst>
      <dst id="18">1.7422</dst>
      <dst id="4">13.0222</dst>
      <dst id="1">147.6000</dst>
      <dst id="5">2.1689</dst>
      <dst id="3">112.2489</dst>
      <dst id="10">54.9333</dst>
      <dst id="22">73.7956</dst>
      <dst id="7">4.8356</dst>
      <dst id="2">1703.5378</dst>
      <dst id="16">25.7244</dst>
      <dst id="14">14.5067</dst>
      <dst id="20">1.5289</dst>
      <dst id="11">0.3556</dst>
      <dst id="9">68.1244</dst>
      <dst id="17">27172.5333</dst>
      <dst id="21">43.9644</dst>
      <dst id="15">11.8222</dst>
    </src>
    <src id="16">
      <dst id="12">91088.9600</dst>
      <dst id="13">1359.9378</dst>
      <dst id="19">3130.1067</dst>
      <dst id="23">22.7556</dst>
      <dst id="8">50287.3956</dst>
      <dst id="18">0.9244</dst>
      <dst id="4">301.4133</dst>
      <dst id="1">8164.0000</dst>
      <dst id="5">187249.9556</dst>
      <dst id="3">3702.8089</dst>
      <dst id="10">438.2578</dst>
      <dst id="2">364.7644</dst>
      <dst id="6">1.3067</dst>
      <dst id="16">15851.2800</dst>
      <dst id="14">57900.0533</dst>
      <dst id="11">21229.1822</dst>
      <dst id="9">201393.3600</dst>
      <dst id="17">1620.3733</dst>
      <dst id="21">54.1156</dst>
    </src>
    <src id="14">
      <dst id="12">742.6844</dst>
      <dst id="13">317.6267</dst>
      <dst id="19">3.2711</dst>
      <dst id="23">5.7600</dst>
      <dst id="8">1.6356</dst>
      <dst id="18">1.0756</dst>
      <dst id="4">209.8222</dst>
      <dst id="1">750.2756</dst>
      <dst id="5">1.0667</dst>
      <dst id="3">1802.3022</dst>
      <dst id="10">240.6756</dst>
      <dst id="7">3.3511</dst>
      <dst id="2">1504.3911</dst>
      <dst id="6">1.8489</dst>
      <dst id="16">1816.9333</dst>
      <dst id="20">0.4622</dst>
      <dst id="11">66.5600</dst>
      <dst id="9">246.6844</dst>
      <dst id="17">28982.1867</dst>
      <dst id="21">158.5956</dst>
      <dst id="15">0.4000</dst>
    </src>
    <src id="20">
      <dst id="12">3009.3244</dst>
      <dst id="13">7633.8933</dst>
      <dst id="19">40.1600</dst>
      <dst id="23">16.7822</dst>
      <dst id="8">0.7111</dst>
      <dst id="18">13.4489</dst>
      <dst id="4">208.4000</dst>
      <dst id="1">1330.6578</dst>
      <dst id="5">234.4711</dst>
      <dst id="10">118.7200</dst>
      <dst id="22">40.4622</dst>
      <dst id="7">127.4489</dst>
      <dst id="2">111.2711</dst>
      <dst id="6">0.3556</dst>
      <dst id="16">4408.8711</dst>
      <dst id="14">0.3556</dst>
      <dst id="20">55.9822</dst>
      <dst id="9">1501.1200</dst>
      <dst id="17">2054.5333</dst>
      <dst id="21">153.7867</dst>
    </src>
    <src id="11">
      <dst id="12">22187.7956</dst>
      <dst id="13">3776.6222</dst>
      <dst id="19">241.8400</dst>
      <dst id="23">92.8800</dst>
      <dst id="8">62.1689</dst>
      <dst id="18">103.2000</dst>
      <dst id="4">966.3556</dst>
      <dst id="1">3465.2711</dst>
      <dst id="5">693.3511</dst>
      <dst id="3">864.7200</dst>
      <dst id="10">2488.6489</dst>
      <dst id="22">20.3378</dst>
      <dst id="7">0.9244</dst>
      <dst id="2">46514.0000</dst>
      <dst id="6">117.9378</dst>
      <dst id="16">6839.9111</dst>
      <dst id="14">37.0933</dst>
      <dst id="20">45.7600</dst>
      <dst id="11">1000.9244</dst>
      <dst id="9">3524.0622</dst>
      <dst id="17">459315.0133</dst>
      <dst id="21">287.8844</dst>
      <dst id="15">78.1422</dst>
    </src>
    <src id="9">
      <dst id="12">23086.1333</dst>
      <dst id="13">4175.7067</dst>
      <dst id="19">738.6933</dst>
      <dst id="23">91.5733</dst>
      <dst id="8">41609.4489</dst>
      <dst id="18">74.3822</dst>
      <dst id="4">470.0533</dst>
      <dst id="1">2648.0444</dst>
      <dst id="5">10774.2311</dst>
      <dst id="3">666.6667</dst>
      <dst id="10">1216.4089</dst>
      <dst id="22">0.5333</dst>
      <dst id="7">63.3778</dst>
      <dst id="2">259.9822</dst>
      <dst id="6">0.7822</dst>
      <dst id="16">437102.5333</dst>
      <dst id="14">14.1600</dst>
      <dst id="11">20.4889</dst>
      <dst id="9">248620.4978</dst>
      <dst id="17">46070.8444</dst>
      <dst id="21">47.9644</dst>
      <dst id="15">255.7333</dst>
    </src>
    <src id="17">
      <dst id="12">66094.0089</dst>
      <dst id="13">10422.3467</dst>
      <dst id="19">1393.9644</dst>
      <dst id="23">20.4000</dst>
      <dst id="8">69.6800</dst>
      <dst id="18">67.3956</dst>
      <dst id="4">5907.1644</dst>
      <dst id="1">2498.0267</dst>
      <dst id="5">104451.1111</dst>
      <dst id="3">2898.4444</dst>
      <dst id="10">1002.7733</dst>
      <dst id="22">20.9689</dst>
      <dst id="7">4423.1467</dst>
      <dst id="2">1653.7333</dst>
      <dst id="6">71.1022</dst>
      <dst id="16">44486.6756</dst>
      <dst id="14">18750.3022</dst>
      <dst id="20">22778.6222</dst>
      <dst id="11">16980.5156</dst>
      <dst id="9">3921.0222</dst>
      <dst id="17">13480.5511</dst>
      <dst id="21">4712.4889</dst>
      <dst id="15">172.4533</dst>
    </src>
    <src id="21">
      <dst id="12">895.1022</dst>
      <dst id="13">5875.4756</dst>
      <dst id="19">304.8533</dst>
      <dst id="23">7.7333</dst>
      <dst id="8">50.8622</dst>
      <dst id="18">176.7467</dst>
      <dst id="4">805.5378</dst>
      <dst id="1">5339.1289</dst>
      <dst id="5">1168.1422</dst>
      <dst id="3">648.3200</dst>
      <dst id="10">205.6444</dst>
      <dst id="22">170.3822</dst>
      <dst id="7">371.5022</dst>
      <dst id="2">3583.0311</dst>
      <dst id="6">32.5511</dst>
      <dst id="16">3296.1778</dst>
      <dst id="14">260.3822</dst>
      <dst id="20">7.2267</dst>
      <dst id="11">47.7156</dst>
      <dst id="9">1612.3556</dst>
      <dst id="17">13966.0622</dst>
      <dst id="21">755.0933</dst>
      <dst id="15">127.4489</dst>
    </src>
    <src id="15">
      <dst id="12">3712.9867</dst>
      <dst id="13">546.3467</dst>
      <dst id="19">5244.2044</dst>
      <dst id="23">1.5289</dst>
      <dst id="8">32.1867</dst>
      <dst id="18">12.9778</dst>
      <dst id="4">247.3867</dst>
      <dst id="1">292.9867</dst>
      <dst id="5">141.3067</dst>
      <dst id="10">1049.6000</dst>
      <dst id="7">26.6667</dst>
      <dst id="2">35.0756</dst>
      <dst id="6">0.3378</dst>
      <dst id="16">729.2711</dst>
      <dst id="14">0.4267</dst>
      <dst id="11">0.3378</dst>
      <dst id="9">226.7733</dst>
      <dst id="17">124.0978</dst>
      <dst id="21">0.6578</dst>
    </src>
  </IntraTM>
</TrafficMatrixFile>
