<?xml version="1.0" encoding="UTF-8" standalone="yes"?>
<TrafficMatrixFile xmlns:xsi="http://www.w3.org/2001/XMLSchema-instance" xsi:noNamespaceSchemaLocation="http://totem.run.montefiore.ulg.ac.be/Schema/TrafficMatrix-v1_2.xsd">
  <info>
    <title>Intradomain traffic matrix generated by geant-TM-all.pl</title>
    <date>2005-03-15T20:00:00</date>
    <duration>900</duration>
    <author>Steve Uhlig</author>
    <units>
        <unit type="bandwidth" value="kbps"/>
    </units>
  </info>
  <IntraTM ASID="20965">
    <src id="12">
      <dst id="12">240871.8933</dst>
      <dst id="13">15393.7956</dst>
      <dst id="19">207.9022</dst>
      <dst id="23">1855.2356</dst>
      <dst id="8">167.6444</dst>
      <dst id="18">53822.8622</dst>
      <dst id="4">9989.6533</dst>
      <dst id="1">15468.9067</dst>
      <dst id="5">1920.7733</dst>
      <dst id="3">281.2533</dst>
      <dst id="10">12249.2000</dst>
      <dst id="22">84.6844</dst>
      <dst id="7">1319.2711</dst>
      <dst id="2">18525.2000</dst>
      <dst id="6">14877.2356</dst>
      <dst id="16">940.4000</dst>
      <dst id="14">663.0311</dst>
      <dst id="20">7844.5333</dst>
      <dst id="11">113.1111</dst>
      <dst id="9">8035.2356</dst>
      <dst id="17">30149.7422</dst>
      <dst id="21">8603.0133</dst>
      <dst id="15">5428.5333</dst>
    </src>
    <src id="13">
      <dst id="12">37175.9467</dst>
      <dst id="19">8493.4311</dst>
      <dst id="23">1868.9067</dst>
      <dst id="8">1380.5067</dst>
      <dst id="18">896.8889</dst>
      <dst id="1">6209.8311</dst>
      <dst id="5">2547.6178</dst>
      <dst id="3">295.7511</dst>
      <dst id="22">1669.1022</dst>
      <dst id="7">8752.3556</dst>
      <dst id="2">26316.3644</dst>
      <dst id="6">185.1022</dst>
      <dst id="16">34.2667</dst>
      <dst id="14">4392.6489</dst>
      <dst id="20">5290.6133</dst>
      <dst id="11">233.9822</dst>
      <dst id="9">21787.2889</dst>
      <dst id="17">52440.4978</dst>
      <dst id="21">3113.3511</dst>
      <dst id="15">651.9111</dst>
    </src>
    <src id="19">
      <dst id="12">8103.3867</dst>
      <dst id="13">272.1600</dst>
      <dst id="23">0.4978</dst>
      <dst id="8">1.6000</dst>
      <dst id="18">29.1911</dst>
      <dst id="4">401.3244</dst>
      <dst id="1">59.7511</dst>
      <dst id="5">27.3778</dst>
      <dst id="3">0.3556</dst>
      <dst id="10">970.6756</dst>
      <dst id="22">1.1644</dst>
      <dst id="7">3618.6489</dst>
      <dst id="2">118.1689</dst>
      <dst id="6">1.0844</dst>
      <dst id="14">36.6756</dst>
      <dst id="20">103.1556</dst>
      <dst id="11">15.0044</dst>
      <dst id="9">1106.5778</dst>
      <dst id="17">1784.3644</dst>
      <dst id="21">200.0089</dst>
      <dst id="15">1.2444</dst>
    </src>
    <src id="23">
      <dst id="12">662.1422</dst>
      <dst id="13">12.4711</dst>
      <dst id="19">0.5333</dst>
      <dst id="8">0.3556</dst>
      <dst id="18">0.3556</dst>
      <dst id="4">349.1022</dst>
      <dst id="1">87.0933</dst>
      <dst id="5">27.4489</dst>
      <dst id="10">937.7067</dst>
      <dst id="7">3.9378</dst>
      <dst id="2">8.0089</dst>
      <dst id="14">0.5333</dst>
      <dst id="20">267.8044</dst>
      <dst id="11">14.5244</dst>
      <dst id="9">84.8978</dst>
      <dst id="17">732.4800</dst>
      <dst id="21">13.0844</dst>
    </src>
    <src id="8">
      <dst id="12">7880.2133</dst>
      <dst id="13">162.5600</dst>
      <dst id="18">0.4178</dst>
      <dst id="4">378.3467</dst>
      <dst id="1">1671.3333</dst>
      <dst id="5">1061.4133</dst>
      <dst id="3">12.6222</dst>
      <dst id="10">4009.3778</dst>
      <dst id="7">94.9422</dst>
      <dst id="2">38.2311</dst>
      <dst id="6">0.6044</dst>
      <dst id="16">109904.4622</dst>
      <dst id="9">84102.5689</dst>
      <dst id="17">166596.6489</dst>
      <dst id="21">27.3422</dst>
      <dst id="15">5.9378</dst>
    </src>
    <src id="18">
      <dst id="12">115046.3289</dst>
      <dst id="13">219.7778</dst>
      <dst id="19">20.4089</dst>
      <dst id="23">1.7067</dst>
      <dst id="8">0.3556</dst>
      <dst id="4">656.3556</dst>
      <dst id="1">1324.6044</dst>
      <dst id="5">176.3200</dst>
      <dst id="3">1313.2089</dst>
      <dst id="10">715.0133</dst>
      <dst id="22">0.4178</dst>
      <dst id="7">706.3022</dst>
      <dst id="2">18429.4311</dst>
      <dst id="16">311.2711</dst>
      <dst id="14">37.8667</dst>
      <dst id="11">3.6267</dst>
      <dst id="9">974.0178</dst>
      <dst id="17">5871.8844</dst>
      <dst id="21">508.7378</dst>
      <dst id="15">4.3556</dst>
    </src>
    <src id="4">
      <dst id="12">6661.9911</dst>
      <dst id="19">682.8711</dst>
      <dst id="23">143.1022</dst>
      <dst id="8">974.2311</dst>
      <dst id="18">105.4133</dst>
      <dst id="4">3.9911</dst>
      <dst id="1">29973.7244</dst>
      <dst id="5">495.7156</dst>
      <dst id="3">260.9156</dst>
      <dst id="7">1714.4178</dst>
      <dst id="2">36943.1111</dst>
      <dst id="6">266.2489</dst>
      <dst id="16">12800.0622</dst>
      <dst id="14">2420.8178</dst>
      <dst id="11">89.7600</dst>
      <dst id="9">6662.2311</dst>
      <dst id="17">19324.0089</dst>
      <dst id="21">612.1333</dst>
      <dst id="15">58.8622</dst>
    </src>
    <src id="1">
      <dst id="12">842889.8311</dst>
      <dst id="13">14127.6267</dst>
      <dst id="19">182.3289</dst>
      <dst id="23">29.0133</dst>
      <dst id="8">5.7333</dst>
      <dst id="18">17982.5156</dst>
      <dst id="4">4124.7644</dst>
      <dst id="1">681764.1333</dst>
      <dst id="5">296.3644</dst>
      <dst id="3">427.3244</dst>
      <dst id="10">1416.9333</dst>
      <dst id="7">273198.8000</dst>
      <dst id="2">4370.3556</dst>
      <dst id="6">0.4178</dst>
      <dst id="16">9435.6267</dst>
      <dst id="14">260.5867</dst>
      <dst id="20">1028.6578</dst>
      <dst id="11">76.0978</dst>
      <dst id="9">1646.9156</dst>
      <dst id="17">426277.8578</dst>
      <dst id="21">159939.2711</dst>
      <dst id="15">44.5511</dst>
    </src>
    <src id="5">
      <dst id="12">8688.9867</dst>
      <dst id="13">1503.2622</dst>
      <dst id="23">1.5111</dst>
      <dst id="8">254.6311</dst>
      <dst id="18">162.3822</dst>
      <dst id="4">423.4844</dst>
      <dst id="1">2091.4400</dst>
      <dst id="3">25.6089</dst>
      <dst id="10">1222.2667</dst>
      <dst id="7">35.5911</dst>
      <dst id="2">206.5600</dst>
      <dst id="6">17.9644</dst>
      <dst id="16">146205.2711</dst>
      <dst id="14">7.3511</dst>
      <dst id="11">108.8356</dst>
      <dst id="9">56259.3778</dst>
      <dst id="17">176395.8933</dst>
      <dst id="21">59.7867</dst>
      <dst id="15">15.5289</dst>
    </src>
    <src id="3">
      <dst id="12">8831.7511</dst>
      <dst id="13">621.5644</dst>
      <dst id="19">1048.4533</dst>
      <dst id="23">2.2044</dst>
      <dst id="8">10.1956</dst>
      <dst id="18">351.1289</dst>
      <dst id="4">58062.1333</dst>
      <dst id="1">7700.6933</dst>
      <dst id="5">303.8222</dst>
      <dst id="3">37.1733</dst>
      <dst id="10">1214.0178</dst>
      <dst id="7">296.7467</dst>
      <dst id="2">2681.0933</dst>
      <dst id="6">23.0756</dst>
      <dst id="16">2308.2044</dst>
      <dst id="14">212.1511</dst>
      <dst id="20">32.7467</dst>
      <dst id="11">148.2044</dst>
      <dst id="9">1053.6178</dst>
      <dst id="17">14424.2578</dst>
      <dst id="21">819.3067</dst>
      <dst id="15">9.1378</dst>
    </src>
    <src id="10">
      <dst id="12">9923.5822</dst>
      <dst id="19">7022.8356</dst>
      <dst id="23">235.0133</dst>
      <dst id="8">481.2267</dst>
      <dst id="18">5696.2489</dst>
      <dst id="1">406.7733</dst>
      <dst id="5">3025.8578</dst>
      <dst id="3">186.3733</dst>
      <dst id="7">1367.2711</dst>
      <dst id="2">7763.8311</dst>
      <dst id="6">1.5733</dst>
      <dst id="16">547.6978</dst>
      <dst id="14">5998.3289</dst>
      <dst id="20">192.9689</dst>
      <dst id="11">250.8089</dst>
      <dst id="9">6022.3022</dst>
      <dst id="17">30253.6800</dst>
      <dst id="21">4522.1244</dst>
      <dst id="15">106.0533</dst>
    </src>
    <src id="22">
      <dst id="12">3768.4356</dst>
      <dst id="13">1239.9733</dst>
      <dst id="19">70.1956</dst>
      <dst id="23">12.4444</dst>
      <dst id="8">30.7644</dst>
      <dst id="18">144.5422</dst>
      <dst id="4">2828.9778</dst>
      <dst id="1">78.0000</dst>
      <dst id="5">1190.3644</dst>
      <dst id="3">140.2044</dst>
      <dst id="10">5432.1778</dst>
      <dst id="7">344.3200</dst>
      <dst id="2">2257.0133</dst>
      <dst id="6">21.6000</dst>
      <dst id="16">0.8178</dst>
      <dst id="14">51.9467</dst>
      <dst id="11">52.2578</dst>
      <dst id="9">739.2800</dst>
      <dst id="17">4124.1156</dst>
      <dst id="21">4020.1600</dst>
    </src>
    <src id="7">
      <dst id="12">4834.3289</dst>
      <dst id="13">272.8089</dst>
      <dst id="19">239.1111</dst>
      <dst id="23">43.3867</dst>
      <dst id="8">34.1511</dst>
      <dst id="18">100.3289</dst>
      <dst id="4">9567.5644</dst>
      <dst id="1">4524.7822</dst>
      <dst id="5">433.0844</dst>
      <dst id="3">111.8756</dst>
      <dst id="10">954.1600</dst>
      <dst id="22">76.1333</dst>
      <dst id="7">736.1511</dst>
      <dst id="2">2585.7422</dst>
      <dst id="6">162.1600</dst>
      <dst id="16">24.2844</dst>
      <dst id="14">169.7156</dst>
      <dst id="20">2508.6489</dst>
      <dst id="11">100.4089</dst>
      <dst id="9">632.1600</dst>
      <dst id="17">14922.3733</dst>
      <dst id="21">846.3822</dst>
      <dst id="15">230.8978</dst>
    </src>
    <src id="2">
      <dst id="12">58371.9822</dst>
      <dst id="13">16079.0756</dst>
      <dst id="19">206.7644</dst>
      <dst id="23">0.6489</dst>
      <dst id="8">168.9511</dst>
      <dst id="18">31751.9822</dst>
      <dst id="4">18037.2533</dst>
      <dst id="1">15526.4800</dst>
      <dst id="5">1186.8622</dst>
      <dst id="3">23.7956</dst>
      <dst id="10">11801.0133</dst>
      <dst id="22">660.0356</dst>
      <dst id="7">3391.6889</dst>
      <dst id="2">1811.0844</dst>
      <dst id="6">18377.4400</dst>
      <dst id="14">591.8222</dst>
      <dst id="20">59.5200</dst>
      <dst id="11">432.9156</dst>
      <dst id="9">1756.6311</dst>
      <dst id="17">34010.0533</dst>
      <dst id="21">1572.7111</dst>
      <dst id="15">18.1956</dst>
    </src>
    <src id="6">
      <dst id="12">389.1022</dst>
      <dst id="13">16.2756</dst>
      <dst id="19">0.4444</dst>
      <dst id="4">72.5956</dst>
      <dst id="1">1625.6889</dst>
      <dst id="5">95.5022</dst>
      <dst id="10">15.9911</dst>
      <dst id="22">2.1156</dst>
      <dst id="7">9.3511</dst>
      <dst id="2">1174.1867</dst>
      <dst id="16">92.0711</dst>
      <dst id="14">22.9333</dst>
      <dst id="20">0.3378</dst>
      <dst id="9">101.9022</dst>
      <dst id="17">15118.7911</dst>
      <dst id="21">12.6756</dst>
    </src>
    <src id="16">
      <dst id="12">116257.1822</dst>
      <dst id="13">2576.9333</dst>
      <dst id="19">3388.1156</dst>
      <dst id="23">8.4000</dst>
      <dst id="8">83236.0089</dst>
      <dst id="18">6.3644</dst>
      <dst id="4">523.7956</dst>
      <dst id="1">18997.5378</dst>
      <dst id="5">199923.4489</dst>
      <dst id="3">6238.6844</dst>
      <dst id="10">890.3111</dst>
      <dst id="7">63.2978</dst>
      <dst id="2">3760.6756</dst>
      <dst id="6">40.5956</dst>
      <dst id="16">14192.1244</dst>
      <dst id="14">80466.3111</dst>
      <dst id="11">17337.8756</dst>
      <dst id="9">183298.3822</dst>
      <dst id="17">3238.3556</dst>
      <dst id="21">25.2444</dst>
    </src>
    <src id="14">
      <dst id="12">2476.6844</dst>
      <dst id="13">78.9067</dst>
      <dst id="19">107.6978</dst>
      <dst id="23">0.4978</dst>
      <dst id="8">1.0844</dst>
      <dst id="18">4.3378</dst>
      <dst id="4">446.7733</dst>
      <dst id="1">4241.5378</dst>
      <dst id="5">13.7956</dst>
      <dst id="3">465.2978</dst>
      <dst id="10">318.5422</dst>
      <dst id="7">74.7822</dst>
      <dst id="2">1225.0133</dst>
      <dst id="16">409.6267</dst>
      <dst id="20">23.2889</dst>
      <dst id="11">13.3333</dst>
      <dst id="9">317.3956</dst>
      <dst id="17">29896.6222</dst>
      <dst id="21">139.8311</dst>
      <dst id="15">0.8178</dst>
    </src>
    <src id="20">
      <dst id="12">9752.3111</dst>
      <dst id="13">3009.0933</dst>
      <dst id="19">10.1244</dst>
      <dst id="23">8.3200</dst>
      <dst id="8">8.0800</dst>
      <dst id="18">14.1778</dst>
      <dst id="4">630.8000</dst>
      <dst id="1">84.8444</dst>
      <dst id="5">13778.0800</dst>
      <dst id="10">829.0044</dst>
      <dst id="7">5305.1111</dst>
      <dst id="2">88.3111</dst>
      <dst id="6">0.3556</dst>
      <dst id="14">1546.6311</dst>
      <dst id="20">25.9733</dst>
      <dst id="9">8075.3511</dst>
      <dst id="17">21269.3956</dst>
      <dst id="21">99.7333</dst>
    </src>
    <src id="11">
      <dst id="12">30055.8044</dst>
      <dst id="13">3195.0311</dst>
      <dst id="19">804.2756</dst>
      <dst id="23">5.9200</dst>
      <dst id="8">181.2089</dst>
      <dst id="18">294.3022</dst>
      <dst id="4">703.4133</dst>
      <dst id="1">5273.5378</dst>
      <dst id="5">805.8222</dst>
      <dst id="3">99.2889</dst>
      <dst id="10">2555.0044</dst>
      <dst id="7">375.1022</dst>
      <dst id="2">52006.4800</dst>
      <dst id="16">2463.9911</dst>
      <dst id="14">116.8444</dst>
      <dst id="20">155.0578</dst>
      <dst id="11">706.4089</dst>
      <dst id="9">3003.1911</dst>
      <dst id="17">542052.7022</dst>
      <dst id="21">246.1778</dst>
      <dst id="15">462.8444</dst>
    </src>
    <src id="9">
      <dst id="12">24821.6800</dst>
      <dst id="13">5856.8000</dst>
      <dst id="19">40.9333</dst>
      <dst id="23">2.0622</dst>
      <dst id="8">75815.7778</dst>
      <dst id="18">288.2667</dst>
      <dst id="4">1760.6133</dst>
      <dst id="1">5154.2578</dst>
      <dst id="5">2049.5200</dst>
      <dst id="3">35.8844</dst>
      <dst id="10">2952.9689</dst>
      <dst id="7">35.3244</dst>
      <dst id="2">695.5467</dst>
      <dst id="6">12.9067</dst>
      <dst id="16">203648.3733</dst>
      <dst id="14">732.9244</dst>
      <dst id="11">5.2978</dst>
      <dst id="9">276909.9200</dst>
      <dst id="17">285029.3333</dst>
      <dst id="21">98.1511</dst>
      <dst id="15">20.4800</dst>
    </src>
    <src id="17">
      <dst id="12">82605.1467</dst>
      <dst id="13">2296.2756</dst>
      <dst id="19">662.4978</dst>
      <dst id="23">55.0756</dst>
      <dst id="8">152.8800</dst>
      <dst id="18">82.9778</dst>
      <dst id="4">9346.4356</dst>
      <dst id="1">7678.6489</dst>
      <dst id="5">124257.7778</dst>
      <dst id="3">12805.9822</dst>
      <dst id="10">7531.1644</dst>
      <dst id="7">6309.3867</dst>
      <dst id="2">3986.3289</dst>
      <dst id="6">214.3378</dst>
      <dst id="16">1346.9689</dst>
      <dst id="14">29369.6356</dst>
      <dst id="20">4868.0444</dst>
      <dst id="11">13869.6889</dst>
      <dst id="9">8869.2089</dst>
      <dst id="17">9028.7289</dst>
      <dst id="21">541.7422</dst>
      <dst id="15">55.7156</dst>
    </src>
    <src id="21">
      <dst id="12">3512.5867</dst>
      <dst id="13">1505.5378</dst>
      <dst id="19">59.2178</dst>
      <dst id="8">144.0178</dst>
      <dst id="18">93.9822</dst>
      <dst id="4">1693.9378</dst>
      <dst id="1">5016.5244</dst>
      <dst id="5">639.5111</dst>
      <dst id="3">668.7911</dst>
      <dst id="10">1023.1378</dst>
      <dst id="7">624.1156</dst>
      <dst id="2">2032.9867</dst>
      <dst id="6">2.2578</dst>
      <dst id="16">219.6178</dst>
      <dst id="14">176.0356</dst>
      <dst id="20">1361.6089</dst>
      <dst id="11">97.5111</dst>
      <dst id="9">1187.1200</dst>
      <dst id="17">24468.4000</dst>
      <dst id="21">558.7822</dst>
      <dst id="15">25.8400</dst>
    </src>
    <src id="15">
      <dst id="12">528.3822</dst>
      <dst id="13">252.8622</dst>
      <dst id="19">13.3333</dst>
      <dst id="8">1.2178</dst>
      <dst id="18">5.8933</dst>
      <dst id="4">138.0978</dst>
      <dst id="1">261.6978</dst>
      <dst id="5">378.0178</dst>
      <dst id="10">202.0178</dst>
      <dst id="7">2.4978</dst>
      <dst id="2">15.2444</dst>
      <dst id="14">27.0400</dst>
      <dst id="9">539.0578</dst>
      <dst id="17">637.2711</dst>
    </src>
  </IntraTM>
</TrafficMatrixFile>
