<?xml version="1.0" encoding="UTF-8" standalone="yes"?>
<TrafficMatrixFile xmlns:xsi="http://www.w3.org/2001/XMLSchema-instance" xsi:noNamespaceSchemaLocation="http://totem.run.montefiore.ulg.ac.be/Schema/TrafficMatrix-v1_2.xsd">
  <info>
    <title>Intradomain traffic matrix generated by geant-TM-all.pl</title>
    <date>2005-04-24T16:45:00</date>
    <duration>900</duration>
    <author>Steve Uhlig</author>
    <units>
        <unit type="bandwidth" value="kbps"/>
    </units>
  </info>
  <IntraTM ASID="20965">
    <src id="12">
      <dst id="12">378999.6089</dst>
      <dst id="13">15670.4889</dst>
      <dst id="19">5164.3378</dst>
      <dst id="23">1758.6133</dst>
      <dst id="8">384.7378</dst>
      <dst id="18">37247.3600</dst>
      <dst id="4">6086.8089</dst>
      <dst id="1">34890.4711</dst>
      <dst id="5">3019.4044</dst>
      <dst id="3">307.3600</dst>
      <dst id="10">5593.3156</dst>
      <dst id="22">1493.7956</dst>
      <dst id="7">19369.7067</dst>
      <dst id="2">3102.3822</dst>
      <dst id="16">6925.8133</dst>
      <dst id="14">2407.8311</dst>
      <dst id="20">12851.9733</dst>
      <dst id="11">107.4578</dst>
      <dst id="9">26296.8444</dst>
      <dst id="17">65486.3289</dst>
      <dst id="21">1950.9067</dst>
      <dst id="15">4939.8044</dst>
    </src>
    <src id="13">
      <dst id="12">9813.6178</dst>
      <dst id="13">24.7467</dst>
      <dst id="19">2727.0844</dst>
      <dst id="23">28.8800</dst>
      <dst id="8">1251.2000</dst>
      <dst id="18">304.3556</dst>
      <dst id="4">0.6400</dst>
      <dst id="1">583.1378</dst>
      <dst id="5">3747.8667</dst>
      <dst id="3">34.7733</dst>
      <dst id="22">10828.0089</dst>
      <dst id="7">8063.5289</dst>
      <dst id="2">5106.6222</dst>
      <dst id="16">1990.9244</dst>
      <dst id="14">24.2489</dst>
      <dst id="20">9797.0489</dst>
      <dst id="11">126.2933</dst>
      <dst id="9">5310.3911</dst>
      <dst id="17">13560.8622</dst>
      <dst id="21">1687.8311</dst>
      <dst id="15">118.3467</dst>
    </src>
    <src id="19">
      <dst id="12">53708.4711</dst>
      <dst id="13">1232.3467</dst>
      <dst id="23">2.7022</dst>
      <dst id="8">0.8533</dst>
      <dst id="4">266.6578</dst>
      <dst id="1">204.7289</dst>
      <dst id="5">95.8222</dst>
      <dst id="3">0.3556</dst>
      <dst id="10">68.3733</dst>
      <dst id="22">16.6756</dst>
      <dst id="7">3816.3289</dst>
      <dst id="2">1677.5111</dst>
      <dst id="16">226.7289</dst>
      <dst id="14">43.7333</dst>
      <dst id="20">16.0978</dst>
      <dst id="11">2.9244</dst>
      <dst id="9">751.5022</dst>
      <dst id="17">1065.3956</dst>
      <dst id="21">363.9200</dst>
      <dst id="15">2.6578</dst>
    </src>
    <src id="23">
      <dst id="12">2892.1333</dst>
      <dst id="13">776.3467</dst>
      <dst id="19">1.3511</dst>
      <dst id="8">0.7111</dst>
      <dst id="4">81.0756</dst>
      <dst id="1">148.2133</dst>
      <dst id="5">523.0044</dst>
      <dst id="10">244.6844</dst>
      <dst id="22">93.4044</dst>
      <dst id="7">335.0844</dst>
      <dst id="2">67.0667</dst>
      <dst id="16">13.3333</dst>
      <dst id="14">0.7111</dst>
      <dst id="20">25.9556</dst>
      <dst id="11">14.1511</dst>
      <dst id="9">61.5111</dst>
      <dst id="17">1539.6800</dst>
      <dst id="21">4419.1378</dst>
      <dst id="15">3.2711</dst>
    </src>
    <src id="8">
      <dst id="12">10456.4622</dst>
      <dst id="13">68.4711</dst>
      <dst id="19">47.5911</dst>
      <dst id="18">46.6578</dst>
      <dst id="4">516.2578</dst>
      <dst id="1">1511.2533</dst>
      <dst id="5">744.5867</dst>
      <dst id="3">332.4711</dst>
      <dst id="10">74.8356</dst>
      <dst id="2">233.5822</dst>
      <dst id="16">256143.7333</dst>
      <dst id="11">15.6533</dst>
      <dst id="9">64698.7556</dst>
      <dst id="17">18137.5111</dst>
      <dst id="21">78.0356</dst>
      <dst id="15">37.8756</dst>
    </src>
    <src id="18">
      <dst id="12">127134.3467</dst>
      <dst id="13">225.8667</dst>
      <dst id="19">3.0756</dst>
      <dst id="8">18.9956</dst>
      <dst id="4">388.6400</dst>
      <dst id="1">9244.4800</dst>
      <dst id="5">736.0622</dst>
      <dst id="3">4494.5778</dst>
      <dst id="10">70.5511</dst>
      <dst id="22">53.9733</dst>
      <dst id="7">130.1422</dst>
      <dst id="2">6329.9733</dst>
      <dst id="16">129.2711</dst>
      <dst id="14">1.0222</dst>
      <dst id="20">756.5067</dst>
      <dst id="11">12.6222</dst>
      <dst id="9">16483.5911</dst>
      <dst id="17">3470.9867</dst>
      <dst id="21">92.6222</dst>
      <dst id="15">1.7244</dst>
    </src>
    <src id="4">
      <dst id="12">14843.4311</dst>
      <dst id="13">28.0533</dst>
      <dst id="19">9850.4622</dst>
      <dst id="23">480.6489</dst>
      <dst id="8">1410.4800</dst>
      <dst id="18">3090.7556</dst>
      <dst id="4">1123.8133</dst>
      <dst id="1">29863.0222</dst>
      <dst id="5">4237.3244</dst>
      <dst id="3">136.9778</dst>
      <dst id="7">2.0267</dst>
      <dst id="2">68794.8356</dst>
      <dst id="6">0.4267</dst>
      <dst id="16">143011.2356</dst>
      <dst id="14">3278.3111</dst>
      <dst id="11">557.4933</dst>
      <dst id="9">35969.9911</dst>
      <dst id="17">49023.8489</dst>
      <dst id="21">40429.8133</dst>
      <dst id="15">3917.7422</dst>
    </src>
    <src id="1">
      <dst id="12">287924.2311</dst>
      <dst id="13">22280.6756</dst>
      <dst id="19">456.0444</dst>
      <dst id="23">102.4889</dst>
      <dst id="8">10.9422</dst>
      <dst id="18">12600.1422</dst>
      <dst id="4">497.4044</dst>
      <dst id="1">50411.1200</dst>
      <dst id="5">17538.7644</dst>
      <dst id="3">111.7600</dst>
      <dst id="10">823.1289</dst>
      <dst id="7">23414.8089</dst>
      <dst id="2">20205.2089</dst>
      <dst id="16">451492.9333</dst>
      <dst id="14">6882.6844</dst>
      <dst id="20">1308.9333</dst>
      <dst id="11">1379.9200</dst>
      <dst id="9">24738.3289</dst>
      <dst id="17">46145.6356</dst>
      <dst id="21">312205.4578</dst>
      <dst id="15">188.2489</dst>
    </src>
    <src id="5">
      <dst id="12">18754.9956</dst>
      <dst id="13">679.0222</dst>
      <dst id="19">37.8578</dst>
      <dst id="23">15.6089</dst>
      <dst id="8">4294.6756</dst>
      <dst id="18">201.7600</dst>
      <dst id="4">2115.2622</dst>
      <dst id="1">36460.7733</dst>
      <dst id="3">746.0089</dst>
      <dst id="10">964.4889</dst>
      <dst id="2">520.6222</dst>
      <dst id="16">332122.1156</dst>
      <dst id="14">3.0667</dst>
      <dst id="11">73.4222</dst>
      <dst id="9">48808.9333</dst>
      <dst id="17">30467.1644</dst>
      <dst id="21">102.1600</dst>
      <dst id="15">220.1689</dst>
    </src>
    <src id="3">
      <dst id="12">992.7556</dst>
      <dst id="13">24131.6178</dst>
      <dst id="19">734.6933</dst>
      <dst id="23">16.8889</dst>
      <dst id="8">5.3778</dst>
      <dst id="18">83.6800</dst>
      <dst id="4">1465.0311</dst>
      <dst id="1">4446.0089</dst>
      <dst id="5">4387.5200</dst>
      <dst id="3">274.2400</dst>
      <dst id="10">645.7600</dst>
      <dst id="7">51004.6400</dst>
      <dst id="2">5413.8756</dst>
      <dst id="16">37584.3822</dst>
      <dst id="14">124.5689</dst>
      <dst id="20">5246.9956</dst>
      <dst id="11">372.0178</dst>
      <dst id="9">2338.6133</dst>
      <dst id="17">43959.4222</dst>
      <dst id="21">766.4889</dst>
      <dst id="15">25.4489</dst>
    </src>
    <src id="10">
      <dst id="12">9000.9244</dst>
      <dst id="13">5.1289</dst>
      <dst id="19">6379.0667</dst>
      <dst id="23">257.9644</dst>
      <dst id="8">381.9822</dst>
      <dst id="18">3898.9778</dst>
      <dst id="1">4933.7600</dst>
      <dst id="5">2985.6444</dst>
      <dst id="3">604.0711</dst>
      <dst id="7">1.3867</dst>
      <dst id="2">22085.1822</dst>
      <dst id="16">40006.3822</dst>
      <dst id="14">503.8311</dst>
      <dst id="20">8735.1111</dst>
      <dst id="11">70.1067</dst>
      <dst id="9">4530.3022</dst>
      <dst id="17">32891.7156</dst>
      <dst id="21">6146.6133</dst>
      <dst id="15">255.6089</dst>
    </src>
    <src id="22">
      <dst id="12">9983.6089</dst>
      <dst id="13">2835.8400</dst>
      <dst id="19">117.8933</dst>
      <dst id="23">2.8800</dst>
      <dst id="8">238.6933</dst>
      <dst id="18">121.5200</dst>
      <dst id="4">2545.7511</dst>
      <dst id="1">484.0800</dst>
      <dst id="5">9592.3467</dst>
      <dst id="3">3.6889</dst>
      <dst id="10">1609.2533</dst>
      <dst id="7">316.2844</dst>
      <dst id="2">1282.1778</dst>
      <dst id="16">92.3467</dst>
      <dst id="14">46.0089</dst>
      <dst id="11">1.6444</dst>
      <dst id="9">322.9689</dst>
      <dst id="17">4311.0400</dst>
      <dst id="21">274.9600</dst>
    </src>
    <src id="7">
      <dst id="12">15840.3644</dst>
      <dst id="13">44622.6933</dst>
      <dst id="19">756.8533</dst>
      <dst id="23">8.6933</dst>
      <dst id="8">67.1911</dst>
      <dst id="18">728.7467</dst>
      <dst id="4">842.6667</dst>
      <dst id="1">3579.3422</dst>
      <dst id="5">56.6400</dst>
      <dst id="3">302.6400</dst>
      <dst id="10">328.3289</dst>
      <dst id="22">77.8667</dst>
      <dst id="7">23.8933</dst>
      <dst id="2">1256.9689</dst>
      <dst id="16">134.4089</dst>
      <dst id="14">79.7333</dst>
      <dst id="20">42.0178</dst>
      <dst id="11">126.4267</dst>
      <dst id="9">496.9067</dst>
      <dst id="17">8927.7511</dst>
      <dst id="21">2425.8844</dst>
      <dst id="15">32.7111</dst>
    </src>
    <src id="2">
      <dst id="12">121908.7022</dst>
      <dst id="13">58667.2800</dst>
      <dst id="19">2235.4667</dst>
      <dst id="23">5.9467</dst>
      <dst id="8">684.0444</dst>
      <dst id="18">34473.6622</dst>
      <dst id="4">8384.1333</dst>
      <dst id="1">7509.9200</dst>
      <dst id="5">579.1822</dst>
      <dst id="3">116.2133</dst>
      <dst id="10">3274.4711</dst>
      <dst id="22">168.1511</dst>
      <dst id="7">25378.2222</dst>
      <dst id="2">6598.8178</dst>
      <dst id="6">0.6933</dst>
      <dst id="16">114.8533</dst>
      <dst id="14">640.0533</dst>
      <dst id="20">13336.3022</dst>
      <dst id="11">399.8844</dst>
      <dst id="9">5516.2667</dst>
      <dst id="17">31684.8178</dst>
      <dst id="21">1230.9244</dst>
      <dst id="15">136.9511</dst>
    </src>
    <src id="6">
      <dst id="12">298.8889</dst>
      <dst id="13">17.2267</dst>
      <dst id="19">363.7511</dst>
      <dst id="4">38.9867</dst>
      <dst id="1">991.7956</dst>
      <dst id="5">4.4533</dst>
      <dst id="3">2.2844</dst>
      <dst id="22">2.8444</dst>
      <dst id="7">65.9289</dst>
      <dst id="2">177.5911</dst>
      <dst id="16">39.6533</dst>
      <dst id="20">12.6133</dst>
      <dst id="11">119.6267</dst>
      <dst id="9">1486.9778</dst>
      <dst id="17">23850.9067</dst>
      <dst id="21">26.0711</dst>
    </src>
    <src id="16">
      <dst id="12">149768.6844</dst>
      <dst id="13">1598.7467</dst>
      <dst id="19">4660.2489</dst>
      <dst id="23">32.7378</dst>
      <dst id="8">84518.1600</dst>
      <dst id="18">6.0356</dst>
      <dst id="4">661.7689</dst>
      <dst id="1">28785.4044</dst>
      <dst id="5">273655.0756</dst>
      <dst id="3">10406.5689</dst>
      <dst id="10">190.6489</dst>
      <dst id="2">2859.2000</dst>
      <dst id="16">24964.0711</dst>
      <dst id="14">33772.9600</dst>
      <dst id="11">30875.2444</dst>
      <dst id="9">284214.0356</dst>
      <dst id="17">11724.9067</dst>
      <dst id="21">0.9244</dst>
    </src>
    <src id="14">
      <dst id="12">1645.6711</dst>
      <dst id="13">239.2978</dst>
      <dst id="19">10.0000</dst>
      <dst id="23">3.5733</dst>
      <dst id="4">318.2489</dst>
      <dst id="1">2177.5556</dst>
      <dst id="5">11.5556</dst>
      <dst id="3">989.7956</dst>
      <dst id="10">125.3511</dst>
      <dst id="7">236.4622</dst>
      <dst id="2">117.7689</dst>
      <dst id="16">4166.5067</dst>
      <dst id="20">0.4622</dst>
      <dst id="9">2551.7511</dst>
      <dst id="17">27123.0311</dst>
      <dst id="21">142.0000</dst>
      <dst id="15">1.8933</dst>
    </src>
    <src id="20">
      <dst id="12">304.7289</dst>
      <dst id="13">13686.4089</dst>
      <dst id="19">18.5156</dst>
      <dst id="23">1.1378</dst>
      <dst id="8">271.3778</dst>
      <dst id="18">47.0756</dst>
      <dst id="4">1084.1778</dst>
      <dst id="1">118.2489</dst>
      <dst id="5">6830.9067</dst>
      <dst id="10">1020.4178</dst>
      <dst id="22">1.2533</dst>
      <dst id="7">44.9156</dst>
      <dst id="2">2503.2267</dst>
      <dst id="16">13526.8356</dst>
      <dst id="14">0.8178</dst>
      <dst id="20">41.2089</dst>
      <dst id="11">12.6222</dst>
      <dst id="9">3120.5333</dst>
      <dst id="17">9952.1244</dst>
      <dst id="21">728.1156</dst>
    </src>
    <src id="11">
      <dst id="12">21815.5378</dst>
      <dst id="13">1841.9822</dst>
      <dst id="19">342.4000</dst>
      <dst id="23">37.7867</dst>
      <dst id="8">437.7867</dst>
      <dst id="18">63.9200</dst>
      <dst id="4">1344.6844</dst>
      <dst id="1">37429.5911</dst>
      <dst id="5">788.3556</dst>
      <dst id="3">528.1600</dst>
      <dst id="10">1153.3600</dst>
      <dst id="2">3294.4000</dst>
      <dst id="16">27544.7822</dst>
      <dst id="14">53.9644</dst>
      <dst id="20">516.3022</dst>
      <dst id="11">1523.4400</dst>
      <dst id="9">64704.4089</dst>
      <dst id="17">551688.3556</dst>
      <dst id="21">414.4000</dst>
      <dst id="15">1504.4889</dst>
    </src>
    <src id="9">
      <dst id="12">31040.9067</dst>
      <dst id="13">8476.2578</dst>
      <dst id="19">106.9244</dst>
      <dst id="23">2.4533</dst>
      <dst id="8">86253.5378</dst>
      <dst id="18">24.2311</dst>
      <dst id="4">1490.5600</dst>
      <dst id="1">4697.4667</dst>
      <dst id="5">5440.8444</dst>
      <dst id="3">362.2222</dst>
      <dst id="10">854.7022</dst>
      <dst id="2">456.4000</dst>
      <dst id="16">509569.3422</dst>
      <dst id="14">182.3911</dst>
      <dst id="11">66.0000</dst>
      <dst id="9">344981.4756</dst>
      <dst id="17">35143.0044</dst>
      <dst id="21">47.5911</dst>
      <dst id="15">2016.6667</dst>
    </src>
    <src id="17">
      <dst id="12">114843.0756</dst>
      <dst id="13">16628.1689</dst>
      <dst id="19">3813.1111</dst>
      <dst id="23">66.6489</dst>
      <dst id="8">912.1778</dst>
      <dst id="18">235.5556</dst>
      <dst id="4">15807.8044</dst>
      <dst id="1">14039.0133</dst>
      <dst id="5">179538.3556</dst>
      <dst id="3">13479.5111</dst>
      <dst id="10">5069.6178</dst>
      <dst id="7">36338.7644</dst>
      <dst id="2">6067.7511</dst>
      <dst id="16">34882.9778</dst>
      <dst id="14">11755.8400</dst>
      <dst id="20">2011.8222</dst>
      <dst id="11">24850.8800</dst>
      <dst id="9">4681.4756</dst>
      <dst id="17">23502.6044</dst>
      <dst id="21">818.5689</dst>
      <dst id="15">552.8356</dst>
    </src>
    <src id="21">
      <dst id="12">956.2844</dst>
      <dst id="13">3346.4622</dst>
      <dst id="19">394.3733</dst>
      <dst id="23">66.6311</dst>
      <dst id="8">925.6711</dst>
      <dst id="18">407.9644</dst>
      <dst id="4">1201.6356</dst>
      <dst id="1">7305.0933</dst>
      <dst id="5">833.5822</dst>
      <dst id="3">652.3111</dst>
      <dst id="10">330.4089</dst>
      <dst id="7">565.0489</dst>
      <dst id="2">1305.0844</dst>
      <dst id="16">3942.7378</dst>
      <dst id="14">87.4489</dst>
      <dst id="20">303.0133</dst>
      <dst id="11">63.3778</dst>
      <dst id="9">2804.8533</dst>
      <dst id="17">14472.8800</dst>
      <dst id="21">1131.2622</dst>
      <dst id="15">136.9956</dst>
    </src>
    <src id="15">
      <dst id="12">231.6267</dst>
      <dst id="13">367.8756</dst>
      <dst id="23">0.4622</dst>
      <dst id="8">10.8444</dst>
      <dst id="4">168.0533</dst>
      <dst id="1">147.3067</dst>
      <dst id="5">45.3511</dst>
      <dst id="10">2804.6578</dst>
      <dst id="2">27.9822</dst>
      <dst id="16">1206.4267</dst>
      <dst id="11">28.7822</dst>
      <dst id="9">5462.2400</dst>
      <dst id="17">551.5200</dst>
      <dst id="21">169.1467</dst>
    </src>
  </IntraTM>
</TrafficMatrixFile>
