<?xml version="1.0" encoding="UTF-8" standalone="yes"?>
<TrafficMatrixFile xmlns:xsi="http://www.w3.org/2001/XMLSchema-instance" xsi:noNamespaceSchemaLocation="http://totem.run.montefiore.ulg.ac.be/Schema/TrafficMatrix-v1_2.xsd">
  <info>
    <title>Intradomain traffic matrix generated by geant-TM-all.pl</title>
    <date>2005-03-20T13:30:00</date>
    <duration>900</duration>
    <author>Steve Uhlig</author>
    <units>
        <unit type="bandwidth" value="kbps"/>
    </units>
  </info>
  <IntraTM ASID="20965">
    <src id="12">
      <dst id="12">256855.5822</dst>
      <dst id="13">33894.1333</dst>
      <dst id="19">3113.3867</dst>
      <dst id="23">2133.0578</dst>
      <dst id="8">58.9867</dst>
      <dst id="18">86632.2400</dst>
      <dst id="4">3160.7289</dst>
      <dst id="1">17972.6756</dst>
      <dst id="5">794.7378</dst>
      <dst id="3">274.8978</dst>
      <dst id="10">2435.2622</dst>
      <dst id="22">2273.3867</dst>
      <dst id="7">1507.1111</dst>
      <dst id="2">15302.5956</dst>
      <dst id="6">10489.3244</dst>
      <dst id="16">4012.5067</dst>
      <dst id="14">302.2133</dst>
      <dst id="20">439.5556</dst>
      <dst id="11">205.4756</dst>
      <dst id="9">2423.6178</dst>
      <dst id="17">21647.8044</dst>
      <dst id="21">228.1867</dst>
      <dst id="15">348.7911</dst>
    </src>
    <src id="13">
      <dst id="12">11812.3022</dst>
      <dst id="13">152.7289</dst>
      <dst id="19">1191.5911</dst>
      <dst id="23">4.8000</dst>
      <dst id="8">87.2889</dst>
      <dst id="18">1647.4044</dst>
      <dst id="4">75.7333</dst>
      <dst id="1">225.9911</dst>
      <dst id="5">383.3689</dst>
      <dst id="3">3.5467</dst>
      <dst id="10">14.9778</dst>
      <dst id="22">1440.1956</dst>
      <dst id="7">1789.0844</dst>
      <dst id="2">3368.2311</dst>
      <dst id="6">4.2578</dst>
      <dst id="16">248.1689</dst>
      <dst id="14">6936.3200</dst>
      <dst id="20">392.8533</dst>
      <dst id="11">67.7867</dst>
      <dst id="9">141.7156</dst>
      <dst id="17">7220.6311</dst>
      <dst id="21">106.5422</dst>
      <dst id="15">6.3200</dst>
    </src>
    <src id="19">
      <dst id="12">7803.2178</dst>
      <dst id="13">939.6533</dst>
      <dst id="23">2.2044</dst>
      <dst id="8">0.9956</dst>
      <dst id="4">62.0533</dst>
      <dst id="1">93.8400</dst>
      <dst id="5">16.6044</dst>
      <dst id="3">26.6667</dst>
      <dst id="10">113.2889</dst>
      <dst id="22">29.4667</dst>
      <dst id="7">535.1556</dst>
      <dst id="2">40.1422</dst>
      <dst id="6">1.0044</dst>
      <dst id="16">1368.1778</dst>
      <dst id="14">17.1556</dst>
      <dst id="20">28.9867</dst>
      <dst id="9">4.1778</dst>
      <dst id="17">813.6533</dst>
      <dst id="21">157.2889</dst>
    </src>
    <src id="23">
      <dst id="12">4544.9867</dst>
      <dst id="13">222.0533</dst>
      <dst id="19">27.6267</dst>
      <dst id="18">1052.1244</dst>
      <dst id="4">448.5422</dst>
      <dst id="1">61.7244</dst>
      <dst id="10">267.1289</dst>
      <dst id="22">13.0400</dst>
      <dst id="7">2661.5467</dst>
      <dst id="2">1253.7600</dst>
      <dst id="20">1315.5911</dst>
      <dst id="11">12.6222</dst>
      <dst id="9">3.9467</dst>
      <dst id="17">1448.7200</dst>
      <dst id="21">14.0089</dst>
    </src>
    <src id="8">
      <dst id="12">6271.9111</dst>
      <dst id="13">625.7689</dst>
      <dst id="19">42.0622</dst>
      <dst id="18">0.8178</dst>
      <dst id="4">143.9467</dst>
      <dst id="1">2424.9244</dst>
      <dst id="5">293.6089</dst>
      <dst id="10">14.0800</dst>
      <dst id="7">0.5511</dst>
      <dst id="2">17.9556</dst>
      <dst id="16">227268.7911</dst>
      <dst id="11">14.6400</dst>
      <dst id="9">58634.6311</dst>
      <dst id="17">31239.9289</dst>
      <dst id="21">77.3244</dst>
      <dst id="15">25.1111</dst>
    </src>
    <src id="18">
      <dst id="12">134000.4978</dst>
      <dst id="13">622.2756</dst>
      <dst id="19">0.4711</dst>
      <dst id="23">25.3067</dst>
      <dst id="8">65.7867</dst>
      <dst id="4">263.2533</dst>
      <dst id="1">1635.5200</dst>
      <dst id="5">19.5556</dst>
      <dst id="3">1758.5778</dst>
      <dst id="10">10.0356</dst>
      <dst id="22">37.1911</dst>
      <dst id="7">78.3111</dst>
      <dst id="2">8642.2933</dst>
      <dst id="16">603.5556</dst>
      <dst id="14">26.6667</dst>
      <dst id="20">2.4889</dst>
      <dst id="11">1.1378</dst>
      <dst id="9">91.2089</dst>
      <dst id="17">5797.3333</dst>
      <dst id="21">1471.3511</dst>
      <dst id="15">1.5644</dst>
    </src>
    <src id="4">
      <dst id="12">18739.4489</dst>
      <dst id="13">2.0267</dst>
      <dst id="19">13788.7289</dst>
      <dst id="23">2199.9644</dst>
      <dst id="8">335.2444</dst>
      <dst id="18">2432.2133</dst>
      <dst id="4">40.6222</dst>
      <dst id="1">22591.0756</dst>
      <dst id="5">4288.0978</dst>
      <dst id="3">8.5422</dst>
      <dst id="7">66.7378</dst>
      <dst id="2">33540.2578</dst>
      <dst id="6">221.7333</dst>
      <dst id="16">41284.4622</dst>
      <dst id="14">5155.8311</dst>
      <dst id="11">306.8889</dst>
      <dst id="9">13627.3778</dst>
      <dst id="17">34800.5067</dst>
      <dst id="21">8347.5111</dst>
      <dst id="15">308.0889</dst>
    </src>
    <src id="1">
      <dst id="12">383154.9422</dst>
      <dst id="13">846.8000</dst>
      <dst id="19">59.6889</dst>
      <dst id="23">47.9022</dst>
      <dst id="8">1.9022</dst>
      <dst id="18">12514.8000</dst>
      <dst id="4">454.4889</dst>
      <dst id="1">852053.9556</dst>
      <dst id="5">92.0444</dst>
      <dst id="3">219.8756</dst>
      <dst id="10">260.4711</dst>
      <dst id="7">378531.1022</dst>
      <dst id="2">10183.8667</dst>
      <dst id="6">67.0044</dst>
      <dst id="16">934809.5556</dst>
      <dst id="14">60.0000</dst>
      <dst id="20">70.0089</dst>
      <dst id="11">88.2756</dst>
      <dst id="9">327.7333</dst>
      <dst id="17">107491.7422</dst>
      <dst id="21">549997.1822</dst>
      <dst id="15">487.2800</dst>
    </src>
    <src id="5">
      <dst id="12">7415.8578</dst>
      <dst id="13">2141.1467</dst>
      <dst id="19">79.6978</dst>
      <dst id="23">0.8356</dst>
      <dst id="8">98.7200</dst>
      <dst id="18">6.8622</dst>
      <dst id="4">1518.1333</dst>
      <dst id="1">2181.6622</dst>
      <dst id="10">21.2889</dst>
      <dst id="7">0.4622</dst>
      <dst id="2">217.6622</dst>
      <dst id="16">257597.7244</dst>
      <dst id="14">15.8756</dst>
      <dst id="11">5.3067</dst>
      <dst id="9">28333.3956</dst>
      <dst id="17">33268.6222</dst>
      <dst id="21">66.6311</dst>
      <dst id="15">43.7422</dst>
    </src>
    <src id="3">
      <dst id="12">8520.8978</dst>
      <dst id="13">3547.9911</dst>
      <dst id="19">694.2844</dst>
      <dst id="23">2.3289</dst>
      <dst id="8">128.5689</dst>
      <dst id="18">58.5867</dst>
      <dst id="4">537.5733</dst>
      <dst id="1">13810.7467</dst>
      <dst id="5">352.1333</dst>
      <dst id="3">189.8756</dst>
      <dst id="10">319.5022</dst>
      <dst id="7">583.4667</dst>
      <dst id="2">2885.6444</dst>
      <dst id="6">26.4533</dst>
      <dst id="16">893.8578</dst>
      <dst id="14">120.2400</dst>
      <dst id="20">170.9867</dst>
      <dst id="11">191.5200</dst>
      <dst id="9">350.8978</dst>
      <dst id="17">18768.9333</dst>
      <dst id="21">6142.4711</dst>
      <dst id="15">2.5956</dst>
    </src>
    <src id="10">
      <dst id="12">3696.8444</dst>
      <dst id="13">272.3556</dst>
      <dst id="19">2712.7911</dst>
      <dst id="23">764.5422</dst>
      <dst id="8">1389.2267</dst>
      <dst id="18">3943.5733</dst>
      <dst id="1">1202.8889</dst>
      <dst id="5">310.1867</dst>
      <dst id="3">80.5956</dst>
      <dst id="7">22.8444</dst>
      <dst id="2">9254.9600</dst>
      <dst id="6">3.8044</dst>
      <dst id="16">26881.5022</dst>
      <dst id="14">1774.9600</dst>
      <dst id="20">2080.6756</dst>
      <dst id="11">56.6844</dst>
      <dst id="9">4223.3333</dst>
      <dst id="17">49570.4800</dst>
      <dst id="21">9495.4222</dst>
      <dst id="15">44.3556</dst>
    </src>
    <src id="22">
      <dst id="12">9098.0444</dst>
      <dst id="13">4970.3022</dst>
      <dst id="19">190.1778</dst>
      <dst id="23">1.6711</dst>
      <dst id="8">57.2000</dst>
      <dst id="18">109.6444</dst>
      <dst id="4">667.2444</dst>
      <dst id="1">247.6356</dst>
      <dst id="5">759.8578</dst>
      <dst id="3">1130.3200</dst>
      <dst id="10">346.2578</dst>
      <dst id="7">240.3467</dst>
      <dst id="2">7471.0222</dst>
      <dst id="6">73.1556</dst>
      <dst id="16">460.1511</dst>
      <dst id="14">22.9867</dst>
      <dst id="11">57.6356</dst>
      <dst id="9">530.1778</dst>
      <dst id="17">4459.8133</dst>
      <dst id="21">411.8578</dst>
    </src>
    <src id="7">
      <dst id="12">7779.0667</dst>
      <dst id="13">6606.2489</dst>
      <dst id="19">70.5778</dst>
      <dst id="23">54.8533</dst>
      <dst id="8">0.8178</dst>
      <dst id="18">107.7156</dst>
      <dst id="4">868.9600</dst>
      <dst id="1">8631.8933</dst>
      <dst id="5">110.6222</dst>
      <dst id="3">2.2578</dst>
      <dst id="10">617.5022</dst>
      <dst id="22">23.2978</dst>
      <dst id="7">668.2489</dst>
      <dst id="2">7205.3244</dst>
      <dst id="6">13.1022</dst>
      <dst id="16">113.7156</dst>
      <dst id="14">50.9067</dst>
      <dst id="20">72.7111</dst>
      <dst id="11">93.8400</dst>
      <dst id="9">17.4578</dst>
      <dst id="17">2644.3467</dst>
      <dst id="21">492.8267</dst>
      <dst id="15">24.4178</dst>
    </src>
    <src id="2">
      <dst id="12">52882.7289</dst>
      <dst id="13">16115.4844</dst>
      <dst id="19">122.2311</dst>
      <dst id="23">6.5778</dst>
      <dst id="8">139.2533</dst>
      <dst id="18">33421.8044</dst>
      <dst id="4">4865.7867</dst>
      <dst id="1">19588.6756</dst>
      <dst id="5">74.9422</dst>
      <dst id="3">847.2800</dst>
      <dst id="10">2136.5956</dst>
      <dst id="22">599.7956</dst>
      <dst id="7">510.1778</dst>
      <dst id="2">1659.4222</dst>
      <dst id="6">7793.9289</dst>
      <dst id="16">288.9867</dst>
      <dst id="14">176.5244</dst>
      <dst id="20">17802.8089</dst>
      <dst id="11">205.6889</dst>
      <dst id="9">113.9911</dst>
      <dst id="17">18978.1511</dst>
      <dst id="21">2634.8711</dst>
      <dst id="15">7.8756</dst>
    </src>
    <src id="6">
      <dst id="12">191.9289</dst>
      <dst id="13">128.5333</dst>
      <dst id="19">1.8489</dst>
      <dst id="8">0.4178</dst>
      <dst id="18">0.3378</dst>
      <dst id="4">11.4667</dst>
      <dst id="1">92.9600</dst>
      <dst id="5">0.3556</dst>
      <dst id="10">217.6889</dst>
      <dst id="22">2.1867</dst>
      <dst id="7">0.4622</dst>
      <dst id="2">899.2978</dst>
      <dst id="16">4.8711</dst>
      <dst id="20">3.5733</dst>
      <dst id="9">99.2356</dst>
      <dst id="17">14534.2044</dst>
      <dst id="21">14.6578</dst>
      <dst id="15">0.8000</dst>
    </src>
    <src id="16">
      <dst id="12">104284.2844</dst>
      <dst id="13">702.0800</dst>
      <dst id="19">3445.8667</dst>
      <dst id="23">31.7511</dst>
      <dst id="8">51349.4578</dst>
      <dst id="18">1.2800</dst>
      <dst id="4">2299.3244</dst>
      <dst id="1">8236.2400</dst>
      <dst id="5">133444.3289</dst>
      <dst id="3">3314.2400</dst>
      <dst id="10">923.5200</dst>
      <dst id="7">2.2044</dst>
      <dst id="2">330.7733</dst>
      <dst id="6">36.8356</dst>
      <dst id="16">7326.1956</dst>
      <dst id="14">32474.8711</dst>
      <dst id="11">12937.4133</dst>
      <dst id="9">127090.4444</dst>
      <dst id="17">2441.0756</dst>
      <dst id="21">2.0267</dst>
    </src>
    <src id="14">
      <dst id="12">2906.4267</dst>
      <dst id="13">526.2667</dst>
      <dst id="19">106.6667</dst>
      <dst id="8">0.6400</dst>
      <dst id="4">187.0400</dst>
      <dst id="1">369.0933</dst>
      <dst id="5">24.2133</dst>
      <dst id="3">509.6000</dst>
      <dst id="10">350.1511</dst>
      <dst id="7">22.4178</dst>
      <dst id="2">1502.2222</dst>
      <dst id="16">202.2222</dst>
      <dst id="20">0.5689</dst>
      <dst id="11">13.6978</dst>
      <dst id="9">143.9911</dst>
      <dst id="17">23926.0444</dst>
      <dst id="21">202.2222</dst>
    </src>
    <src id="20">
      <dst id="12">15215.9644</dst>
      <dst id="13">2488.9067</dst>
      <dst id="19">4.8356</dst>
      <dst id="23">29.0489</dst>
      <dst id="8">13.7511</dst>
      <dst id="18">66.8978</dst>
      <dst id="4">334.9778</dst>
      <dst id="1">917.1378</dst>
      <dst id="5">161.4400</dst>
      <dst id="3">21.3333</dst>
      <dst id="10">28.4444</dst>
      <dst id="7">1898.3467</dst>
      <dst id="2">7.0311</dst>
      <dst id="16">5869.8044</dst>
      <dst id="14">1.7778</dst>
      <dst id="20">31.1822</dst>
      <dst id="11">4.9600</dst>
      <dst id="9">2156.7200</dst>
      <dst id="17">5775.9289</dst>
      <dst id="21">134.0000</dst>
    </src>
    <src id="11">
      <dst id="12">22693.2000</dst>
      <dst id="13">4254.0711</dst>
      <dst id="19">34.3289</dst>
      <dst id="23">96.7556</dst>
      <dst id="8">2.6489</dst>
      <dst id="18">189.4044</dst>
      <dst id="4">2161.0044</dst>
      <dst id="1">2153.8844</dst>
      <dst id="5">855.1822</dst>
      <dst id="3">1098.2844</dst>
      <dst id="10">4460.1778</dst>
      <dst id="2">41480.4178</dst>
      <dst id="6">0.9067</dst>
      <dst id="16">3530.5778</dst>
      <dst id="14">55.0578</dst>
      <dst id="20">391.1556</dst>
      <dst id="11">1142.1600</dst>
      <dst id="9">4141.3156</dst>
      <dst id="17">596427.5289</dst>
      <dst id="21">346.0178</dst>
      <dst id="15">168.6756</dst>
    </src>
    <src id="9">
      <dst id="12">9885.2711</dst>
      <dst id="13">1743.2267</dst>
      <dst id="19">0.4711</dst>
      <dst id="23">306.9511</dst>
      <dst id="8">73370.5600</dst>
      <dst id="18">19.5467</dst>
      <dst id="4">303.0578</dst>
      <dst id="1">2974.5511</dst>
      <dst id="5">768.4711</dst>
      <dst id="10">1458.0622</dst>
      <dst id="2">46.2311</dst>
      <dst id="16">425737.8844</dst>
      <dst id="14">15.5467</dst>
      <dst id="11">13.9289</dst>
      <dst id="9">176332.7289</dst>
      <dst id="17">59339.5378</dst>
      <dst id="21">151.7067</dst>
      <dst id="15">1230.3644</dst>
    </src>
    <src id="17">
      <dst id="12">93608.2222</dst>
      <dst id="13">19100.4889</dst>
      <dst id="19">224.4533</dst>
      <dst id="23">7.1111</dst>
      <dst id="8">673.7867</dst>
      <dst id="18">5758.3822</dst>
      <dst id="4">4679.5200</dst>
      <dst id="1">10623.9289</dst>
      <dst id="5">96884.1867</dst>
      <dst id="3">3687.4667</dst>
      <dst id="10">5220.9778</dst>
      <dst id="7">13355.8222</dst>
      <dst id="2">5516.0889</dst>
      <dst id="6">114.7022</dst>
      <dst id="16">9216.4978</dst>
      <dst id="14">10583.3600</dst>
      <dst id="20">22661.8222</dst>
      <dst id="11">8708.5600</dst>
      <dst id="9">2930.5067</dst>
      <dst id="17">25671.0044</dst>
      <dst id="21">3929.0933</dst>
      <dst id="15">40.3200</dst>
    </src>
    <src id="21">
      <dst id="12">4185.6267</dst>
      <dst id="13">5812.0178</dst>
      <dst id="19">50.2667</dst>
      <dst id="23">0.4178</dst>
      <dst id="8">188.0978</dst>
      <dst id="18">1336.3733</dst>
      <dst id="4">1521.2267</dst>
      <dst id="1">8803.6444</dst>
      <dst id="5">251.3244</dst>
      <dst id="3">1098.2311</dst>
      <dst id="10">1416.3289</dst>
      <dst id="7">614.3556</dst>
      <dst id="2">5365.8844</dst>
      <dst id="6">71.4667</dst>
      <dst id="16">1619.1467</dst>
      <dst id="14">258.0356</dst>
      <dst id="20">444.7111</dst>
      <dst id="11">81.6000</dst>
      <dst id="9">1439.8933</dst>
      <dst id="17">63740.8533</dst>
      <dst id="21">695.3956</dst>
      <dst id="15">59.2978</dst>
    </src>
    <src id="15">
      <dst id="12">470.0622</dst>
      <dst id="13">148.3556</dst>
      <dst id="19">34.3467</dst>
      <dst id="8">48.4622</dst>
      <dst id="18">20.4444</dst>
      <dst id="4">105.6356</dst>
      <dst id="1">275.8844</dst>
      <dst id="5">4.7022</dst>
      <dst id="10">38.8267</dst>
      <dst id="2">0.9778</dst>
      <dst id="6">18.9156</dst>
      <dst id="16">994.4889</dst>
      <dst id="11">1.2800</dst>
      <dst id="9">512.6133</dst>
      <dst id="17">222.6222</dst>
      <dst id="21">15.1822</dst>
    </src>
  </IntraTM>
</TrafficMatrixFile>
