<?xml version="1.0" encoding="UTF-8" standalone="yes"?>
<TrafficMatrixFile xmlns:xsi="http://www.w3.org/2001/XMLSchema-instance" xsi:noNamespaceSchemaLocation="http://totem.run.montefiore.ulg.ac.be/Schema/TrafficMatrix-v1_2.xsd">
  <info>
    <title>Intradomain traffic matrix generated by geant-TM-all.pl</title>
    <date>2005-04-11T16:45:00</date>
    <duration>900</duration>
    <author>Steve Uhlig</author>
    <units>
        <unit type="bandwidth" value="kbps"/>
    </units>
  </info>
  <IntraTM ASID="20965">
    <src id="12">
      <dst id="12">286339.6267</dst>
      <dst id="13">19686.1067</dst>
      <dst id="19">3457.4044</dst>
      <dst id="23">1073.4311</dst>
      <dst id="8">41.7778</dst>
      <dst id="18">46870.0711</dst>
      <dst id="4">2272.5067</dst>
      <dst id="1">27405.5733</dst>
      <dst id="5">974.3200</dst>
      <dst id="3">121.7422</dst>
      <dst id="10">3235.7956</dst>
      <dst id="22">992.6667</dst>
      <dst id="7">11669.5644</dst>
      <dst id="2">3951.6267</dst>
      <dst id="16">5652.3200</dst>
      <dst id="14">449.0933</dst>
      <dst id="20">630.4267</dst>
      <dst id="11">97.9111</dst>
      <dst id="9">23717.5556</dst>
      <dst id="17">32377.7778</dst>
      <dst id="21">444.8978</dst>
      <dst id="15">107.4044</dst>
    </src>
    <src id="13">
      <dst id="12">6923.0489</dst>
      <dst id="13">23.2533</dst>
      <dst id="19">1899.7511</dst>
      <dst id="23">19.8311</dst>
      <dst id="8">33.1733</dst>
      <dst id="18">54.9600</dst>
      <dst id="4">0.8000</dst>
      <dst id="1">42023.6800</dst>
      <dst id="5">450.5511</dst>
      <dst id="3">23.5911</dst>
      <dst id="22">2293.7511</dst>
      <dst id="7">117.7244</dst>
      <dst id="2">6384.3200</dst>
      <dst id="16">209.9822</dst>
      <dst id="14">637.1911</dst>
      <dst id="20">1082.3644</dst>
      <dst id="11">577.2267</dst>
      <dst id="9">578.7200</dst>
      <dst id="17">11530.4089</dst>
      <dst id="21">354.3200</dst>
      <dst id="15">61.9644</dst>
    </src>
    <src id="19">
      <dst id="12">26646.4889</dst>
      <dst id="13">878.5689</dst>
      <dst id="23">1.2622</dst>
      <dst id="8">0.8889</dst>
      <dst id="18">0.9956</dst>
      <dst id="4">650.9867</dst>
      <dst id="1">20381.2356</dst>
      <dst id="5">0.4622</dst>
      <dst id="3">0.4622</dst>
      <dst id="10">1002.5956</dst>
      <dst id="22">5.4400</dst>
      <dst id="7">296.5867</dst>
      <dst id="2">124.8000</dst>
      <dst id="16">2374.3467</dst>
      <dst id="14">15.4044</dst>
      <dst id="20">0.6489</dst>
      <dst id="11">4.8089</dst>
      <dst id="9">1.3422</dst>
      <dst id="17">761.0756</dst>
      <dst id="21">6.5244</dst>
    </src>
    <src id="23">
      <dst id="12">1384.7111</dst>
      <dst id="13">1177.5111</dst>
      <dst id="18">0.4622</dst>
      <dst id="4">1615.9289</dst>
      <dst id="1">212.4889</dst>
      <dst id="5">0.4978</dst>
      <dst id="10">324.8533</dst>
      <dst id="22">290.8711</dst>
      <dst id="7">2.0622</dst>
      <dst id="2">436.8267</dst>
      <dst id="14">12.9422</dst>
      <dst id="20">0.8533</dst>
      <dst id="11">39.5911</dst>
      <dst id="9">750.2133</dst>
      <dst id="17">1652.5778</dst>
      <dst id="21">219.5111</dst>
      <dst id="15">0.4622</dst>
    </src>
    <src id="8">
      <dst id="12">4220.7111</dst>
      <dst id="13">607.1911</dst>
      <dst id="19">1.7689</dst>
      <dst id="18">15.2889</dst>
      <dst id="4">96.5244</dst>
      <dst id="1">1096.2222</dst>
      <dst id="5">419.6089</dst>
      <dst id="3">549.9556</dst>
      <dst id="10">93.5022</dst>
      <dst id="22">0.5333</dst>
      <dst id="2">156.2844</dst>
      <dst id="16">188547.6089</dst>
      <dst id="14">13.3333</dst>
      <dst id="11">1.0400</dst>
      <dst id="9">48258.8089</dst>
      <dst id="17">17147.4756</dst>
      <dst id="21">28.1244</dst>
      <dst id="15">1.2000</dst>
    </src>
    <src id="18">
      <dst id="12">85516.5333</dst>
      <dst id="13">200.2044</dst>
      <dst id="19">2.4267</dst>
      <dst id="23">0.9244</dst>
      <dst id="8">10.4267</dst>
      <dst id="4">11.3156</dst>
      <dst id="1">9598.1511</dst>
      <dst id="5">150.0444</dst>
      <dst id="3">1033.4489</dst>
      <dst id="10">66.1244</dst>
      <dst id="22">50.6844</dst>
      <dst id="7">69.2356</dst>
      <dst id="2">1870.4978</dst>
      <dst id="16">424.6489</dst>
      <dst id="14">0.9511</dst>
      <dst id="20">1.3600</dst>
      <dst id="9">6627.1822</dst>
      <dst id="17">3102.7289</dst>
      <dst id="21">53.1289</dst>
      <dst id="15">2.2400</dst>
    </src>
    <src id="4">
      <dst id="12">14741.6000</dst>
      <dst id="13">17.0933</dst>
      <dst id="19">2957.3511</dst>
      <dst id="23">85.3867</dst>
      <dst id="8">712.3289</dst>
      <dst id="18">1649.9644</dst>
      <dst id="4">951.2089</dst>
      <dst id="1">117121.4933</dst>
      <dst id="5">2696.2133</dst>
      <dst id="3">1.1378</dst>
      <dst id="22">1805.2089</dst>
      <dst id="7">31.1733</dst>
      <dst id="2">133538.4889</dst>
      <dst id="16">83027.8044</dst>
      <dst id="14">3398.0622</dst>
      <dst id="11">157.7956</dst>
      <dst id="9">17998.4178</dst>
      <dst id="17">42396.8356</dst>
      <dst id="21">11315.6533</dst>
      <dst id="15">4359.4844</dst>
    </src>
    <src id="1">
      <dst id="12">33861.9911</dst>
      <dst id="13">15992.4000</dst>
      <dst id="19">5681.1822</dst>
      <dst id="23">63.6178</dst>
      <dst id="8">16.8000</dst>
      <dst id="18">11948.8800</dst>
      <dst id="4">267.5467</dst>
      <dst id="1">513434.1689</dst>
      <dst id="5">507.4756</dst>
      <dst id="3">18.7200</dst>
      <dst id="10">124.2044</dst>
      <dst id="22">14.2667</dst>
      <dst id="7">12048.8089</dst>
      <dst id="2">20766.4533</dst>
      <dst id="16">24647.1289</dst>
      <dst id="14">74.7378</dst>
      <dst id="20">92.3556</dst>
      <dst id="11">77.9289</dst>
      <dst id="9">3500.2133</dst>
      <dst id="17">11903.4756</dst>
      <dst id="21">7223.2800</dst>
      <dst id="15">114.8622</dst>
    </src>
    <src id="5">
      <dst id="12">8866.4978</dst>
      <dst id="13">783.3956</dst>
      <dst id="19">0.4622</dst>
      <dst id="8">44.2756</dst>
      <dst id="18">131.8222</dst>
      <dst id="4">741.0044</dst>
      <dst id="1">25846.1422</dst>
      <dst id="3">1982.8089</dst>
      <dst id="10">85.8044</dst>
      <dst id="22">1520.9067</dst>
      <dst id="2">216.2044</dst>
      <dst id="16">239961.1733</dst>
      <dst id="14">49.8667</dst>
      <dst id="11">41.3867</dst>
      <dst id="9">39997.3156</dst>
      <dst id="17">21717.2356</dst>
      <dst id="21">129.3156</dst>
      <dst id="15">48.0356</dst>
    </src>
    <src id="3">
      <dst id="12">684.9244</dst>
      <dst id="13">3004.2044</dst>
      <dst id="19">403.6889</dst>
      <dst id="23">9.9467</dst>
      <dst id="8">46.8711</dst>
      <dst id="18">54.7911</dst>
      <dst id="4">482.3378</dst>
      <dst id="1">21135.4489</dst>
      <dst id="5">152.7556</dst>
      <dst id="3">264.8711</dst>
      <dst id="10">227.1911</dst>
      <dst id="22">27.1289</dst>
      <dst id="7">376.9956</dst>
      <dst id="2">3259.9022</dst>
      <dst id="16">6163.7422</dst>
      <dst id="14">112.9067</dst>
      <dst id="20">883.9111</dst>
      <dst id="11">726.9867</dst>
      <dst id="9">1294.7822</dst>
      <dst id="17">17019.4578</dst>
      <dst id="21">1154.5867</dst>
      <dst id="15">1.9911</dst>
    </src>
    <src id="10">
      <dst id="12">1422.8356</dst>
      <dst id="13">62.5067</dst>
      <dst id="19">350.2578</dst>
      <dst id="23">121.5644</dst>
      <dst id="8">105.2978</dst>
      <dst id="18">4621.2444</dst>
      <dst id="1">708.5511</dst>
      <dst id="5">333.4044</dst>
      <dst id="3">64.7911</dst>
      <dst id="22">99.7422</dst>
      <dst id="2">11799.5733</dst>
      <dst id="16">28681.9200</dst>
      <dst id="14">3315.7867</dst>
      <dst id="20">4071.5911</dst>
      <dst id="11">27.2089</dst>
      <dst id="9">4432.7556</dst>
      <dst id="17">8262.3467</dst>
      <dst id="21">5955.4667</dst>
      <dst id="15">248.1956</dst>
    </src>
    <src id="22">
      <dst id="12">10191.7956</dst>
      <dst id="13">2860.9956</dst>
      <dst id="19">208.9689</dst>
      <dst id="23">12.6667</dst>
      <dst id="8">85.4844</dst>
      <dst id="18">81.0933</dst>
      <dst id="4">597.3511</dst>
      <dst id="1">258.2667</dst>
      <dst id="5">528.0533</dst>
      <dst id="3">26.3733</dst>
      <dst id="10">1260.1511</dst>
      <dst id="7">59.1822</dst>
      <dst id="2">2573.7956</dst>
      <dst id="16">1996.4356</dst>
      <dst id="14">141.0933</dst>
      <dst id="11">2.0444</dst>
      <dst id="9">400.2578</dst>
      <dst id="17">784.4711</dst>
      <dst id="21">307.7067</dst>
    </src>
    <src id="7">
      <dst id="12">10772.6933</dst>
      <dst id="13">1011.1822</dst>
      <dst id="19">70.3378</dst>
      <dst id="23">5.3511</dst>
      <dst id="8">17.1289</dst>
      <dst id="18">10.4444</dst>
      <dst id="4">455.5467</dst>
      <dst id="1">398.1600</dst>
      <dst id="5">27.1289</dst>
      <dst id="3">19.0933</dst>
      <dst id="10">327.8756</dst>
      <dst id="22">112.7378</dst>
      <dst id="7">21.3156</dst>
      <dst id="2">2813.4133</dst>
      <dst id="16">83.2711</dst>
      <dst id="14">28.5244</dst>
      <dst id="20">130.6222</dst>
      <dst id="11">532.3644</dst>
      <dst id="9">87.5733</dst>
      <dst id="17">5657.6622</dst>
      <dst id="21">738.3467</dst>
      <dst id="15">0.4622</dst>
    </src>
    <src id="2">
      <dst id="12">58403.5111</dst>
      <dst id="13">37389.6089</dst>
      <dst id="19">3730.9600</dst>
      <dst id="23">9.2444</dst>
      <dst id="8">243.9644</dst>
      <dst id="18">16610.8089</dst>
      <dst id="4">2185.6711</dst>
      <dst id="1">38628.1244</dst>
      <dst id="5">518.9067</dst>
      <dst id="3">47.0667</dst>
      <dst id="10">3382.9422</dst>
      <dst id="22">405.3689</dst>
      <dst id="7">2794.0178</dst>
      <dst id="2">1689.8667</dst>
      <dst id="6">0.4267</dst>
      <dst id="16">45.0667</dst>
      <dst id="14">318.4356</dst>
      <dst id="20">203.2978</dst>
      <dst id="11">850.5511</dst>
      <dst id="9">930.5067</dst>
      <dst id="17">9453.0400</dst>
      <dst id="21">2915.3778</dst>
      <dst id="15">56.4089</dst>
    </src>
    <src id="6">
      <dst id="12">186.9600</dst>
      <dst id="13">34.5956</dst>
      <dst id="19">3.6444</dst>
      <dst id="4">4.3289</dst>
      <dst id="1">795.4044</dst>
      <dst id="5">0.3556</dst>
      <dst id="3">2.4444</dst>
      <dst id="10">3.8133</dst>
      <dst id="22">1.1111</dst>
      <dst id="7">0.6756</dst>
      <dst id="2">58.8089</dst>
      <dst id="16">8.3644</dst>
      <dst id="9">628.3644</dst>
      <dst id="17">13725.0044</dst>
      <dst id="21">0.8178</dst>
    </src>
    <src id="16">
      <dst id="12">84281.4400</dst>
      <dst id="13">1963.3689</dst>
      <dst id="19">3743.3422</dst>
      <dst id="23">23.5022</dst>
      <dst id="8">39020.9778</dst>
      <dst id="18">64.6044</dst>
      <dst id="4">269.0044</dst>
      <dst id="1">13326.2133</dst>
      <dst id="5">178831.0667</dst>
      <dst id="3">1805.1022</dst>
      <dst id="10">50.8089</dst>
      <dst id="2">267.9111</dst>
      <dst id="16">13960.9511</dst>
      <dst id="14">25746.9867</dst>
      <dst id="11">11174.6133</dst>
      <dst id="9">136529.0311</dst>
      <dst id="17">1363.5022</dst>
    </src>
    <src id="14">
      <dst id="12">538.4889</dst>
      <dst id="13">318.4444</dst>
      <dst id="19">14.2933</dst>
      <dst id="18">13.8667</dst>
      <dst id="4">170.8356</dst>
      <dst id="1">1606.7467</dst>
      <dst id="5">11.6533</dst>
      <dst id="3">816.4622</dst>
      <dst id="10">134.2044</dst>
      <dst id="22">2.4889</dst>
      <dst id="7">24.4800</dst>
      <dst id="2">85.8844</dst>
      <dst id="16">3652.0800</dst>
      <dst id="20">0.4622</dst>
      <dst id="11">13.3333</dst>
      <dst id="9">959.3600</dst>
      <dst id="17">24336.7822</dst>
      <dst id="21">248.7022</dst>
    </src>
    <src id="20">
      <dst id="12">56.4356</dst>
      <dst id="13">11897.8578</dst>
      <dst id="19">0.8711</dst>
      <dst id="8">15.9733</dst>
      <dst id="4">34.6400</dst>
      <dst id="1">1192.0533</dst>
      <dst id="5">498.8800</dst>
      <dst id="3">9.6356</dst>
      <dst id="10">1404.5333</dst>
      <dst id="22">13.3333</dst>
      <dst id="7">2992.7111</dst>
      <dst id="2">37.8489</dst>
      <dst id="16">9499.2178</dst>
      <dst id="14">14.0444</dst>
      <dst id="11">13.3333</dst>
      <dst id="9">1949.1822</dst>
      <dst id="17">7276.6222</dst>
      <dst id="21">16.5333</dst>
    </src>
    <src id="11">
      <dst id="12">15472.5511</dst>
      <dst id="13">1555.6889</dst>
      <dst id="19">43.9200</dst>
      <dst id="23">4.2044</dst>
      <dst id="8">123.0578</dst>
      <dst id="18">232.1600</dst>
      <dst id="4">201.6800</dst>
      <dst id="1">24080.2311</dst>
      <dst id="5">1658.8267</dst>
      <dst id="3">863.6711</dst>
      <dst id="10">665.4756</dst>
      <dst id="22">43.6978</dst>
      <dst id="2">1842.5778</dst>
      <dst id="16">7937.2622</dst>
      <dst id="14">46.5422</dst>
      <dst id="20">17.7689</dst>
      <dst id="11">2399.9644</dst>
      <dst id="9">34967.0044</dst>
      <dst id="17">366440.8978</dst>
      <dst id="21">2264.3289</dst>
      <dst id="15">12.9244</dst>
    </src>
    <src id="9">
      <dst id="12">10619.9733</dst>
      <dst id="13">842.1689</dst>
      <dst id="19">1.8756</dst>
      <dst id="23">17.3511</dst>
      <dst id="8">37877.9289</dst>
      <dst id="18">27.8044</dst>
      <dst id="4">177.4578</dst>
      <dst id="1">5943.1467</dst>
      <dst id="5">653.7956</dst>
      <dst id="3">507.8578</dst>
      <dst id="10">402.2756</dst>
      <dst id="22">263.8489</dst>
      <dst id="2">66.5511</dst>
      <dst id="16">377345.0489</dst>
      <dst id="14">48.1689</dst>
      <dst id="11">3.8578</dst>
      <dst id="9">180247.3422</dst>
      <dst id="17">41119.6444</dst>
      <dst id="21">13.3333</dst>
      <dst id="15">38.7822</dst>
    </src>
    <src id="17">
      <dst id="12">60583.6711</dst>
      <dst id="13">22811.9911</dst>
      <dst id="19">343.9200</dst>
      <dst id="23">20.3111</dst>
      <dst id="8">3.4933</dst>
      <dst id="18">6614.3378</dst>
      <dst id="4">10178.5600</dst>
      <dst id="1">8930.4889</dst>
      <dst id="5">96711.7511</dst>
      <dst id="3">2912.5867</dst>
      <dst id="10">4166.3733</dst>
      <dst id="22">264.6044</dst>
      <dst id="7">959.3956</dst>
      <dst id="2">14549.3067</dst>
      <dst id="16">36192.2311</dst>
      <dst id="14">9753.0489</dst>
      <dst id="20">2774.0622</dst>
      <dst id="11">6369.8933</dst>
      <dst id="9">1625.8756</dst>
      <dst id="17">19403.5378</dst>
      <dst id="21">706.2933</dst>
      <dst id="15">57.1911</dst>
    </src>
    <src id="21">
      <dst id="12">4656.0267</dst>
      <dst id="13">1303.0222</dst>
      <dst id="19">138.5867</dst>
      <dst id="23">18.4444</dst>
      <dst id="8">3.8222</dst>
      <dst id="18">341.7067</dst>
      <dst id="4">931.8489</dst>
      <dst id="1">9538.4356</dst>
      <dst id="5">111.3867</dst>
      <dst id="3">3060.8622</dst>
      <dst id="10">371.0044</dst>
      <dst id="22">187.4133</dst>
      <dst id="7">1122.0978</dst>
      <dst id="2">704.4444</dst>
      <dst id="16">8722.9600</dst>
      <dst id="14">442.2222</dst>
      <dst id="20">5.3067</dst>
      <dst id="11">1174.7644</dst>
      <dst id="9">2353.9467</dst>
      <dst id="17">14432.7644</dst>
      <dst id="21">857.4756</dst>
      <dst id="15">23.4400</dst>
    </src>
    <src id="15">
      <dst id="12">190.7111</dst>
      <dst id="13">278.1333</dst>
      <dst id="19">24.1778</dst>
      <dst id="23">0.4622</dst>
      <dst id="18">0.6400</dst>
      <dst id="4">956.2667</dst>
      <dst id="1">84.0889</dst>
      <dst id="5">216.1511</dst>
      <dst id="10">2220.9511</dst>
      <dst id="2">13.8222</dst>
      <dst id="16">686.2933</dst>
      <dst id="11">13.3333</dst>
      <dst id="9">278.7467</dst>
      <dst id="17">317.4489</dst>
      <dst id="21">0.5600</dst>
    </src>
  </IntraTM>
</TrafficMatrixFile>
