<?xml version="1.0" encoding="UTF-8" standalone="yes"?>
<TrafficMatrixFile xmlns:xsi="http://www.w3.org/2001/XMLSchema-instance" xsi:noNamespaceSchemaLocation="http://totem.run.montefiore.ulg.ac.be/Schema/TrafficMatrix-v1_2.xsd">
  <info>
    <title>Intradomain traffic matrix generated by geant-TM-all.pl</title>
    <date>2005-01-21T02:30:00</date>
    <duration>900</duration>
    <author>Steve Uhlig</author>
    <units>
        <unit type="bandwidth" value="kbps"/>
    </units>
  </info>
  <IntraTM ASID="20965">
    <src id="12">
      <dst id="12">337524.3733</dst>
      <dst id="13">39720.6400</dst>
      <dst id="19">1590.1067</dst>
      <dst id="23">2674.2222</dst>
      <dst id="8">2081.6089</dst>
      <dst id="18">194734.7644</dst>
      <dst id="4">82778.2133</dst>
      <dst id="1">9578.8622</dst>
      <dst id="5">4109.6089</dst>
      <dst id="3">8415.6978</dst>
      <dst id="10">14880.9600</dst>
      <dst id="22">7906.9778</dst>
      <dst id="7">7760.3378</dst>
      <dst id="2">77626.9778</dst>
      <dst id="16">7743.4578</dst>
      <dst id="14">586.7200</dst>
      <dst id="20">4148.0356</dst>
      <dst id="11">3421.6000</dst>
      <dst id="9">13230.4356</dst>
      <dst id="17">85043.9822</dst>
      <dst id="21">21107.7333</dst>
      <dst id="15">8013.3689</dst>
    </src>
    <src id="13">
      <dst id="12">119989.2356</dst>
      <dst id="19">36336.9600</dst>
      <dst id="23">2244.1422</dst>
      <dst id="8">3120.4089</dst>
      <dst id="18">14113.4133</dst>
      <dst id="4">0.7111</dst>
      <dst id="1">12263.2889</dst>
      <dst id="5">7514.7733</dst>
      <dst id="3">21468.6578</dst>
      <dst id="22">18543.7244</dst>
      <dst id="7">33663.9644</dst>
      <dst id="2">100296.2133</dst>
      <dst id="16">10715.8044</dst>
      <dst id="14">6291.1822</dst>
      <dst id="20">16907.8933</dst>
      <dst id="11">13808.1778</dst>
      <dst id="9">32692.0267</dst>
      <dst id="17">117069.8844</dst>
      <dst id="21">30716.6311</dst>
      <dst id="15">3746.6044</dst>
    </src>
    <src id="19">
      <dst id="12">15337.4044</dst>
      <dst id="13">1308.7289</dst>
      <dst id="23">28.7644</dst>
      <dst id="8">1.3511</dst>
      <dst id="18">112.8444</dst>
      <dst id="4">5986.9156</dst>
      <dst id="1">17.0222</dst>
      <dst id="5">1628.5067</dst>
      <dst id="3">2141.1556</dst>
      <dst id="10">2912.0356</dst>
      <dst id="22">2227.6533</dst>
      <dst id="7">3877.6000</dst>
      <dst id="2">12205.9200</dst>
      <dst id="16">10076.5867</dst>
      <dst id="14">0.3556</dst>
      <dst id="20">128.3822</dst>
      <dst id="11">120.5422</dst>
      <dst id="9">1755.5822</dst>
      <dst id="17">795.3511</dst>
      <dst id="21">1954.8267</dst>
      <dst id="15">34.5600</dst>
    </src>
    <src id="23">
      <dst id="12">1538.8267</dst>
      <dst id="13">313.1200</dst>
      <dst id="19">164.4711</dst>
      <dst id="8">289.5022</dst>
      <dst id="18">1024.3378</dst>
      <dst id="4">523.4667</dst>
      <dst id="1">79.8933</dst>
      <dst id="5">213.7067</dst>
      <dst id="3">1184.7911</dst>
      <dst id="22">109.1200</dst>
      <dst id="7">402.8178</dst>
      <dst id="2">27.5644</dst>
      <dst id="16">94.2222</dst>
      <dst id="14">13.2711</dst>
      <dst id="20">40.6844</dst>
      <dst id="11">164.5333</dst>
      <dst id="9">43.1022</dst>
      <dst id="17">1735.2533</dst>
      <dst id="21">1584.3822</dst>
      <dst id="15">66.6667</dst>
    </src>
    <src id="8">
      <dst id="12">24906.4800</dst>
      <dst id="13">1427.6533</dst>
      <dst id="19">17.0933</dst>
      <dst id="23">38.1333</dst>
      <dst id="18">938.2400</dst>
      <dst id="4">8516.3644</dst>
      <dst id="1">2849.2356</dst>
      <dst id="5">6581.2533</dst>
      <dst id="3">909.5467</dst>
      <dst id="10">125.8133</dst>
      <dst id="22">1359.0400</dst>
      <dst id="7">309.7956</dst>
      <dst id="2">871.6622</dst>
      <dst id="16">4154.7822</dst>
      <dst id="14">29.4222</dst>
      <dst id="20">412.4267</dst>
      <dst id="11">387.6000</dst>
      <dst id="9">168144.1422</dst>
      <dst id="17">398234.4444</dst>
      <dst id="21">906.0533</dst>
      <dst id="15">524.9511</dst>
    </src>
    <src id="18">
      <dst id="12">248042.8978</dst>
      <dst id="13">383.8222</dst>
      <dst id="19">211.7867</dst>
      <dst id="23">12199.1200</dst>
      <dst id="8">1109.0844</dst>
      <dst id="4">2716.6044</dst>
      <dst id="1">1642.5511</dst>
      <dst id="5">362.6044</dst>
      <dst id="3">1507.7778</dst>
      <dst id="10">1218.8267</dst>
      <dst id="22">264.1156</dst>
      <dst id="7">376.7200</dst>
      <dst id="2">77610.7467</dst>
      <dst id="16">94.7378</dst>
      <dst id="14">12.0978</dst>
      <dst id="20">301.6622</dst>
      <dst id="11">235.6800</dst>
      <dst id="9">1261.0578</dst>
      <dst id="17">27320.1067</dst>
      <dst id="21">1787.0578</dst>
      <dst id="15">24.0622</dst>
    </src>
    <src id="4">
      <dst id="12">13976.3022</dst>
      <dst id="19">4046.0267</dst>
      <dst id="8">2035.1556</dst>
      <dst id="18">4214.8267</dst>
      <dst id="4">214.0800</dst>
      <dst id="1">2915.8222</dst>
      <dst id="5">4355.1111</dst>
      <dst id="3">37083.1644</dst>
      <dst id="22">4120.8356</dst>
      <dst id="7">34025.2711</dst>
      <dst id="2">55118.3733</dst>
      <dst id="16">2134.9422</dst>
      <dst id="14">1498.6133</dst>
      <dst id="20">5044.7644</dst>
      <dst id="11">4229.3244</dst>
      <dst id="9">5750.8711</dst>
      <dst id="17">57043.1644</dst>
      <dst id="21">13845.2356</dst>
      <dst id="15">435.9467</dst>
    </src>
    <src id="1">
      <dst id="12">30074.0178</dst>
      <dst id="13">13513.9289</dst>
      <dst id="19">276.1778</dst>
      <dst id="23">97.9556</dst>
      <dst id="8">628.7911</dst>
      <dst id="18">14169.4756</dst>
      <dst id="4">14408.2667</dst>
      <dst id="1">120.6756</dst>
      <dst id="5">13732.9156</dst>
      <dst id="3">45006.0889</dst>
      <dst id="10">2963.2000</dst>
      <dst id="22">18792.2844</dst>
      <dst id="7">21728.3022</dst>
      <dst id="2">26402.8444</dst>
      <dst id="16">15833.8222</dst>
      <dst id="14">162.5689</dst>
      <dst id="20">6217.1378</dst>
      <dst id="11">3075.5911</dst>
      <dst id="9">4077.0133</dst>
      <dst id="17">100023.3067</dst>
      <dst id="21">12887.2178</dst>
      <dst id="15">3618.7022</dst>
    </src>
    <src id="5">
      <dst id="12">29081.7689</dst>
      <dst id="13">5368.3111</dst>
      <dst id="19">1098.0178</dst>
      <dst id="23">7.6711</dst>
      <dst id="8">15315.2444</dst>
      <dst id="18">356.2489</dst>
      <dst id="4">8268.7200</dst>
      <dst id="1">4479.5111</dst>
      <dst id="3">6122.7111</dst>
      <dst id="10">1225.6622</dst>
      <dst id="22">3598.6578</dst>
      <dst id="7">301.7867</dst>
      <dst id="2">2794.4711</dst>
      <dst id="16">2318.4089</dst>
      <dst id="14">3.1556</dst>
      <dst id="20">3610.1422</dst>
      <dst id="11">1324.7556</dst>
      <dst id="9">102284.9156</dst>
      <dst id="17">500888.5778</dst>
      <dst id="21">472.6133</dst>
      <dst id="15">2230.9244</dst>
    </src>
    <src id="3">
      <dst id="12">7387.7600</dst>
      <dst id="13">13287.1556</dst>
      <dst id="19">5281.9378</dst>
      <dst id="23">77.9733</dst>
      <dst id="8">414.9956</dst>
      <dst id="18">1263.8667</dst>
      <dst id="4">60103.6000</dst>
      <dst id="1">25972.1600</dst>
      <dst id="5">758.7289</dst>
      <dst id="3">5.3333</dst>
      <dst id="10">2847.9467</dst>
      <dst id="22">5847.3244</dst>
      <dst id="7">9189.7333</dst>
      <dst id="2">7161.6178</dst>
      <dst id="16">854.8089</dst>
      <dst id="14">99.4222</dst>
      <dst id="20">4734.8800</dst>
      <dst id="11">2005.2711</dst>
      <dst id="9">1921.8133</dst>
      <dst id="17">22862.7556</dst>
      <dst id="21">4410.1244</dst>
      <dst id="15">1547.6711</dst>
    </src>
    <src id="10">
      <dst id="12">28091.3333</dst>
      <dst id="19">9752.2667</dst>
      <dst id="8">193456.5511</dst>
      <dst id="18">5545.3244</dst>
      <dst id="4">5.4044</dst>
      <dst id="1">4510.1867</dst>
      <dst id="5">287090.4178</dst>
      <dst id="3">32330.6756</dst>
      <dst id="22">6203.6533</dst>
      <dst id="7">13944.4533</dst>
      <dst id="2">34907.1556</dst>
      <dst id="16">915.1733</dst>
      <dst id="14">50265.4667</dst>
      <dst id="20">1842.6756</dst>
      <dst id="11">308617.2089</dst>
      <dst id="9">340906.2400</dst>
      <dst id="17">39460.5867</dst>
      <dst id="21">26707.3956</dst>
      <dst id="15">897.1822</dst>
    </src>
    <src id="22">
      <dst id="12">12001.5111</dst>
      <dst id="13">5645.4311</dst>
      <dst id="19">554.6489</dst>
      <dst id="23">1498.1956</dst>
      <dst id="8">8405.2444</dst>
      <dst id="18">1020.3200</dst>
      <dst id="4">16333.4489</dst>
      <dst id="1">674.1956</dst>
      <dst id="5">5143.1822</dst>
      <dst id="3">2103.0489</dst>
      <dst id="10">1526.2311</dst>
      <dst id="7">8821.1022</dst>
      <dst id="2">10270.1867</dst>
      <dst id="14">362.6933</dst>
      <dst id="11">4547.0933</dst>
      <dst id="9">4624.4356</dst>
      <dst id="17">18522.1333</dst>
      <dst id="21">1391.6978</dst>
    </src>
    <src id="7">
      <dst id="12">19061.4400</dst>
      <dst id="13">16255.1467</dst>
      <dst id="19">2082.9156</dst>
      <dst id="23">673.4933</dst>
      <dst id="8">1086.9244</dst>
      <dst id="18">3037.7511</dst>
      <dst id="4">37809.2267</dst>
      <dst id="1">14389.2533</dst>
      <dst id="5">2274.8533</dst>
      <dst id="3">28456.8356</dst>
      <dst id="10">999.4578</dst>
      <dst id="22">5206.7822</dst>
      <dst id="7">26.3200</dst>
      <dst id="2">14588.4889</dst>
      <dst id="16">15857.3244</dst>
      <dst id="14">196.0089</dst>
      <dst id="20">11278.0978</dst>
      <dst id="11">2199.1467</dst>
      <dst id="9">1069.0133</dst>
      <dst id="17">15989.7689</dst>
      <dst id="21">14770.9422</dst>
      <dst id="15">1374.6222</dst>
    </src>
    <src id="2">
      <dst id="12">148156.0089</dst>
      <dst id="13">23756.9689</dst>
      <dst id="19">1132.1867</dst>
      <dst id="23">44.3289</dst>
      <dst id="8">1597.7600</dst>
      <dst id="18">183691.3156</dst>
      <dst id="4">120156.9778</dst>
      <dst id="1">39344.8889</dst>
      <dst id="5">1435.6711</dst>
      <dst id="3">13226.0622</dst>
      <dst id="10">9721.0044</dst>
      <dst id="22">4306.0533</dst>
      <dst id="7">23170.2844</dst>
      <dst id="2">2867.0756</dst>
      <dst id="16">3040.4089</dst>
      <dst id="14">1980.0000</dst>
      <dst id="20">646.5778</dst>
      <dst id="11">7680.0089</dst>
      <dst id="9">5479.4400</dst>
      <dst id="17">38291.6711</dst>
      <dst id="21">8838.1689</dst>
      <dst id="15">350.2933</dst>
    </src>
    <src id="6">
      <dst id="12">211.6267</dst>
      <dst id="13">2.7467</dst>
      <dst id="19">21.2356</dst>
      <dst id="23">0.3378</dst>
      <dst id="18">109.8133</dst>
      <dst id="4">65.8844</dst>
      <dst id="1">114.1867</dst>
      <dst id="5">24.5333</dst>
      <dst id="3">49.2622</dst>
      <dst id="10">25.6622</dst>
      <dst id="22">27.2889</dst>
      <dst id="7">74.8978</dst>
      <dst id="2">2687.3867</dst>
      <dst id="16">64.5244</dst>
      <dst id="11">14.3822</dst>
      <dst id="9">38.7556</dst>
      <dst id="17">13262.1511</dst>
      <dst id="21">61.1111</dst>
    </src>
    <src id="16">
      <dst id="12">2466.1778</dst>
      <dst id="13">930.4444</dst>
      <dst id="19">4491.3689</dst>
      <dst id="23">177.5111</dst>
      <dst id="8">6435.1733</dst>
      <dst id="18">555.8489</dst>
      <dst id="4">6683.8133</dst>
      <dst id="1">23293.8578</dst>
      <dst id="5">6541.3422</dst>
      <dst id="3">4918.9956</dst>
      <dst id="10">834.3911</dst>
      <dst id="7">4152.9333</dst>
      <dst id="2">1434.0622</dst>
      <dst id="16">22.8622</dst>
      <dst id="14">16.5156</dst>
      <dst id="11">224.0622</dst>
      <dst id="9">6972.6133</dst>
      <dst id="17">6785.1556</dst>
      <dst id="21">2001.9289</dst>
    </src>
    <src id="14">
      <dst id="12">1505.4844</dst>
      <dst id="13">97.8222</dst>
      <dst id="19">16.3200</dst>
      <dst id="23">1.8756</dst>
      <dst id="8">1.2800</dst>
      <dst id="18">19.8844</dst>
      <dst id="4">2213.4844</dst>
      <dst id="1">743.3511</dst>
      <dst id="5">16.5956</dst>
      <dst id="3">153.3333</dst>
      <dst id="10">371.6622</dst>
      <dst id="22">18.4978</dst>
      <dst id="7">103.7156</dst>
      <dst id="2">6761.4044</dst>
      <dst id="16">15.4578</dst>
      <dst id="20">4.8000</dst>
      <dst id="11">116.4800</dst>
      <dst id="9">67.9289</dst>
      <dst id="17">42374.3111</dst>
      <dst id="21">107.3156</dst>
    </src>
    <src id="20">
      <dst id="12">13604.6844</dst>
      <dst id="13">12876.9867</dst>
      <dst id="19">1006.0267</dst>
      <dst id="23">4.3467</dst>
      <dst id="8">317.2000</dst>
      <dst id="18">432.4711</dst>
      <dst id="4">24717.8844</dst>
      <dst id="1">2464.4889</dst>
      <dst id="5">4499.1822</dst>
      <dst id="3">7232.4533</dst>
      <dst id="10">898.3111</dst>
      <dst id="7">3394.9511</dst>
      <dst id="2">6099.6267</dst>
      <dst id="14">8.5867</dst>
      <dst id="11">1953.5733</dst>
      <dst id="9">9934.1422</dst>
      <dst id="17">24386.7022</dst>
      <dst id="21">4979.1111</dst>
    </src>
    <src id="11">
      <dst id="12">31941.3600</dst>
      <dst id="13">5234.7556</dst>
      <dst id="19">770.3644</dst>
      <dst id="23">21.3511</dst>
      <dst id="8">1649.3689</dst>
      <dst id="18">1294.0356</dst>
      <dst id="4">10203.6978</dst>
      <dst id="1">1609.0756</dst>
      <dst id="5">2063.8133</dst>
      <dst id="3">573.2267</dst>
      <dst id="10">829.7689</dst>
      <dst id="22">1753.1733</dst>
      <dst id="7">2454.3822</dst>
      <dst id="2">145567.4400</dst>
      <dst id="16">1009.7511</dst>
      <dst id="14">37.4667</dst>
      <dst id="20">2733.7244</dst>
      <dst id="11">2868.9956</dst>
      <dst id="9">1804.5511</dst>
      <dst id="17">849526.3467</dst>
      <dst id="21">1382.0178</dst>
      <dst id="15">170.1600</dst>
    </src>
    <src id="9">
      <dst id="12">36883.9467</dst>
      <dst id="13">19287.7067</dst>
      <dst id="19">529.2711</dst>
      <dst id="23">49.6889</dst>
      <dst id="8">210703.7867</dst>
      <dst id="18">651.5822</dst>
      <dst id="4">11336.1422</dst>
      <dst id="1">7237.0044</dst>
      <dst id="5">6030.8444</dst>
      <dst id="3">996.5156</dst>
      <dst id="10">2533.3867</dst>
      <dst id="22">2142.3378</dst>
      <dst id="7">430.7911</dst>
      <dst id="2">3121.3156</dst>
      <dst id="16">1109.8844</dst>
      <dst id="14">13.2444</dst>
      <dst id="20">4940.7111</dst>
      <dst id="11">2617.6800</dst>
      <dst id="9">597668.7111</dst>
      <dst id="17">644803.0222</dst>
      <dst id="21">891.7511</dst>
      <dst id="15">4607.3422</dst>
    </src>
    <src id="17">
      <dst id="12">28593.9200</dst>
      <dst id="13">9027.0400</dst>
      <dst id="19">2509.8933</dst>
      <dst id="23">370.0889</dst>
      <dst id="8">1740.9778</dst>
      <dst id="18">3004.3200</dst>
      <dst id="4">55944.4711</dst>
      <dst id="1">3460.1422</dst>
      <dst id="5">245978.6133</dst>
      <dst id="3">21137.4400</dst>
      <dst id="10">5762.3200</dst>
      <dst id="22">6646.7378</dst>
      <dst id="7">10567.1556</dst>
      <dst id="2">9821.1911</dst>
      <dst id="16">7088.9778</dst>
      <dst id="14">32507.6800</dst>
      <dst id="20">5775.6444</dst>
      <dst id="11">248721.2889</dst>
      <dst id="9">3093.8578</dst>
      <dst id="17">5862.9156</dst>
      <dst id="21">20997.4311</dst>
      <dst id="15">236.6844</dst>
    </src>
    <src id="21">
      <dst id="12">6914.7111</dst>
      <dst id="13">8406.2844</dst>
      <dst id="19">1492.1511</dst>
      <dst id="23">165.4222</dst>
      <dst id="8">326.6133</dst>
      <dst id="18">7314.6222</dst>
      <dst id="4">23919.2889</dst>
      <dst id="1">7632.9778</dst>
      <dst id="5">744.8533</dst>
      <dst id="3">8756.4444</dst>
      <dst id="10">2600.4267</dst>
      <dst id="22">9053.3689</dst>
      <dst id="7">7742.0533</dst>
      <dst id="2">18035.7956</dst>
      <dst id="16">493.6444</dst>
      <dst id="14">98.9956</dst>
      <dst id="20">1360.8000</dst>
      <dst id="11">1384.9067</dst>
      <dst id="9">4715.0933</dst>
      <dst id="17">59140.6489</dst>
      <dst id="21">3654.7378</dst>
      <dst id="15">2704.4978</dst>
    </src>
    <src id="15">
      <dst id="12">1035.8044</dst>
      <dst id="13">614.5067</dst>
      <dst id="19">203.9556</dst>
      <dst id="23">5.9822</dst>
      <dst id="8">54.1156</dst>
      <dst id="18">806.6844</dst>
      <dst id="4">1468.1689</dst>
      <dst id="1">462.4622</dst>
      <dst id="5">1541.5733</dst>
      <dst id="3">1271.6622</dst>
      <dst id="10">65.6267</dst>
      <dst id="7">4380.6222</dst>
      <dst id="2">676.0622</dst>
      <dst id="14">0.4267</dst>
      <dst id="11">68.0444</dst>
      <dst id="9">10610.0089</dst>
      <dst id="17">3558.2222</dst>
      <dst id="21">143.6000</dst>
    </src>
  </IntraTM>
</TrafficMatrixFile>
