<?xml version="1.0" encoding="UTF-8" standalone="yes"?>
<TrafficMatrixFile xmlns:xsi="http://www.w3.org/2001/XMLSchema-instance" xsi:noNamespaceSchemaLocation="http://totem.run.montefiore.ulg.ac.be/Schema/TrafficMatrix-v1_2.xsd">
  <info>
    <title>Intradomain traffic matrix generated by geant-TM-all.pl</title>
    <date>2005-03-27T03:45:00</date>
    <duration>900</duration>
    <author>Steve Uhlig</author>
    <units>
        <unit type="bandwidth" value="kbps"/>
    </units>
  </info>
  <IntraTM ASID="20965">
    <src id="12">
      <dst id="12">310854.9067</dst>
      <dst id="13">25273.2178</dst>
      <dst id="19">1613.4222</dst>
      <dst id="23">5691.6089</dst>
      <dst id="8">1487.4044</dst>
      <dst id="18">118428.1156</dst>
      <dst id="4">8710.7289</dst>
      <dst id="1">30837.3867</dst>
      <dst id="5">1719.6622</dst>
      <dst id="3">151.9733</dst>
      <dst id="10">3144.0711</dst>
      <dst id="22">2526.6844</dst>
      <dst id="7">16666.4711</dst>
      <dst id="2">35809.5822</dst>
      <dst id="6">20981.1822</dst>
      <dst id="16">13547.5022</dst>
      <dst id="14">219.8044</dst>
      <dst id="20">4032.0711</dst>
      <dst id="11">485.8311</dst>
      <dst id="9">3951.9200</dst>
      <dst id="17">49904.3467</dst>
      <dst id="21">12342.0000</dst>
      <dst id="15">8273.7956</dst>
    </src>
    <src id="13">
      <dst id="12">12844.8800</dst>
      <dst id="13">614.3644</dst>
      <dst id="19">2077.1200</dst>
      <dst id="23">203.8489</dst>
      <dst id="8">613.3333</dst>
      <dst id="18">968.0711</dst>
      <dst id="4">4.1244</dst>
      <dst id="1">517.0844</dst>
      <dst id="5">670.6133</dst>
      <dst id="3">98.5689</dst>
      <dst id="10">1.2089</dst>
      <dst id="22">5012.2222</dst>
      <dst id="7">739.3244</dst>
      <dst id="2">7643.8400</dst>
      <dst id="6">3.2267</dst>
      <dst id="16">6715.8400</dst>
      <dst id="14">81.9733</dst>
      <dst id="20">2034.0000</dst>
      <dst id="11">1445.9733</dst>
      <dst id="9">2645.0311</dst>
      <dst id="17">16931.1200</dst>
      <dst id="21">581.1467</dst>
      <dst id="15">29.3867</dst>
    </src>
    <src id="19">
      <dst id="12">21631.5911</dst>
      <dst id="13">1363.7867</dst>
      <dst id="23">0.7111</dst>
      <dst id="8">15.1378</dst>
      <dst id="18">85.7244</dst>
      <dst id="4">1271.8844</dst>
      <dst id="1">134.7200</dst>
      <dst id="5">3.8844</dst>
      <dst id="3">13.7778</dst>
      <dst id="10">344.5422</dst>
      <dst id="22">63.6889</dst>
      <dst id="7">7180.4889</dst>
      <dst id="2">551.1289</dst>
      <dst id="6">0.5600</dst>
      <dst id="16">577.4133</dst>
      <dst id="14">127.9111</dst>
      <dst id="20">15.1111</dst>
      <dst id="11">15.2889</dst>
      <dst id="9">8830.4978</dst>
      <dst id="17">1170.4711</dst>
      <dst id="21">266.8533</dst>
    </src>
    <src id="23">
      <dst id="12">4187.2711</dst>
      <dst id="13">577.4311</dst>
      <dst id="19">14.0978</dst>
      <dst id="18">25.9556</dst>
      <dst id="4">238.9689</dst>
      <dst id="1">156.9600</dst>
      <dst id="5">0.7467</dst>
      <dst id="3">40.6489</dst>
      <dst id="10">411.9289</dst>
      <dst id="22">118.6933</dst>
      <dst id="7">131.7244</dst>
      <dst id="2">1419.8044</dst>
      <dst id="16">1.5289</dst>
      <dst id="20">192.7822</dst>
      <dst id="11">5.2356</dst>
      <dst id="9">97.4489</dst>
      <dst id="17">1698.2222</dst>
      <dst id="21">623.3956</dst>
      <dst id="15">51.9111</dst>
    </src>
    <src id="8">
      <dst id="12">6415.4311</dst>
      <dst id="13">257.2356</dst>
      <dst id="19">41.0489</dst>
      <dst id="18">27.5733</dst>
      <dst id="4">1181.3244</dst>
      <dst id="1">4087.3511</dst>
      <dst id="5">262.2844</dst>
      <dst id="10">32.7200</dst>
      <dst id="22">4.3556</dst>
      <dst id="7">10.1956</dst>
      <dst id="2">36.9778</dst>
      <dst id="6">0.4178</dst>
      <dst id="16">227712.8800</dst>
      <dst id="14">24.4622</dst>
      <dst id="11">10.8444</dst>
      <dst id="9">60217.7867</dst>
      <dst id="17">30914.0356</dst>
      <dst id="21">11.8933</dst>
      <dst id="15">4.0533</dst>
    </src>
    <src id="18">
      <dst id="12">138349.1378</dst>
      <dst id="13">360.5422</dst>
      <dst id="19">6.8889</dst>
      <dst id="23">2.0978</dst>
      <dst id="8">2.8089</dst>
      <dst id="4">110.7467</dst>
      <dst id="1">5726.7200</dst>
      <dst id="5">266.2133</dst>
      <dst id="3">3373.9911</dst>
      <dst id="10">98.3467</dst>
      <dst id="22">251.2978</dst>
      <dst id="7">330.2933</dst>
      <dst id="2">8863.8667</dst>
      <dst id="6">0.3911</dst>
      <dst id="16">610.5778</dst>
      <dst id="14">14.4444</dst>
      <dst id="20">1.0044</dst>
      <dst id="9">520.4622</dst>
      <dst id="17">4996.7022</dst>
      <dst id="21">1889.3067</dst>
      <dst id="15">6.2222</dst>
    </src>
    <src id="4">
      <dst id="12">34375.5644</dst>
      <dst id="13">32.8089</dst>
      <dst id="19">9662.6667</dst>
      <dst id="23">2439.1556</dst>
      <dst id="8">1044.9156</dst>
      <dst id="18">4545.2978</dst>
      <dst id="4">1000.2400</dst>
      <dst id="1">132595.9378</dst>
      <dst id="5">4257.8756</dst>
      <dst id="3">579.0311</dst>
      <dst id="22">412.5689</dst>
      <dst id="7">4881.7600</dst>
      <dst id="2">231466.4000</dst>
      <dst id="6">108.8711</dst>
      <dst id="16">102444.0711</dst>
      <dst id="14">10327.2533</dst>
      <dst id="11">326.9156</dst>
      <dst id="9">28128.0356</dst>
      <dst id="17">98651.5378</dst>
      <dst id="21">13490.2044</dst>
      <dst id="15">6843.3600</dst>
    </src>
    <src id="1">
      <dst id="12">400394.2133</dst>
      <dst id="13">3251.7689</dst>
      <dst id="19">129.0400</dst>
      <dst id="23">558.4178</dst>
      <dst id="8">134.0356</dst>
      <dst id="18">14662.6489</dst>
      <dst id="4">1321.1644</dst>
      <dst id="1">104561.0844</dst>
      <dst id="5">496.1244</dst>
      <dst id="3">129.0489</dst>
      <dst id="10">151.6444</dst>
      <dst id="22">99.5556</dst>
      <dst id="7">118797.0044</dst>
      <dst id="2">21280.5156</dst>
      <dst id="16">908052.4978</dst>
      <dst id="14">2293.7689</dst>
      <dst id="20">2073.4044</dst>
      <dst id="11">255.9733</dst>
      <dst id="9">9688.6489</dst>
      <dst id="17">184463.1911</dst>
      <dst id="21">853398.2844</dst>
      <dst id="15">405.8756</dst>
    </src>
    <src id="5">
      <dst id="12">6902.5867</dst>
      <dst id="13">1537.5022</dst>
      <dst id="19">16.2933</dst>
      <dst id="8">195.6622</dst>
      <dst id="18">120.9956</dst>
      <dst id="4">585.6444</dst>
      <dst id="1">4996.9422</dst>
      <dst id="10">54.4444</dst>
      <dst id="22">35.3333</dst>
      <dst id="7">18.7111</dst>
      <dst id="2">401.3689</dst>
      <dst id="6">1.0667</dst>
      <dst id="16">312346.8178</dst>
      <dst id="14">0.3556</dst>
      <dst id="11">0.7111</dst>
      <dst id="9">55656.6222</dst>
      <dst id="17">33412.2578</dst>
      <dst id="21">83.1289</dst>
      <dst id="15">85.9733</dst>
    </src>
    <src id="3">
      <dst id="12">2154.0978</dst>
      <dst id="13">37798.5333</dst>
      <dst id="19">4525.2711</dst>
      <dst id="23">234.0089</dst>
      <dst id="8">1018.9156</dst>
      <dst id="18">2512.4800</dst>
      <dst id="4">673.4400</dst>
      <dst id="1">10617.1556</dst>
      <dst id="5">304.9156</dst>
      <dst id="3">168.2222</dst>
      <dst id="10">425.7689</dst>
      <dst id="22">0.4622</dst>
      <dst id="7">1074.3822</dst>
      <dst id="2">8475.7067</dst>
      <dst id="6">1.4400</dst>
      <dst id="16">26490.9333</dst>
      <dst id="14">138.4089</dst>
      <dst id="20">570.2311</dst>
      <dst id="11">253.1200</dst>
      <dst id="9">817.2356</dst>
      <dst id="17">29458.4889</dst>
      <dst id="21">2081.7689</dst>
      <dst id="15">5.6978</dst>
    </src>
    <src id="10">
      <dst id="12">4255.4400</dst>
      <dst id="13">14.1156</dst>
      <dst id="19">2256.6133</dst>
      <dst id="23">2017.9822</dst>
      <dst id="8">108.1511</dst>
      <dst id="18">887.2444</dst>
      <dst id="1">1478.2311</dst>
      <dst id="5">696.9422</dst>
      <dst id="3">1679.6000</dst>
      <dst id="10">52.0889</dst>
      <dst id="22">33.6178</dst>
      <dst id="7">792.0533</dst>
      <dst id="2">13961.7956</dst>
      <dst id="6">25.6000</dst>
      <dst id="16">51344.9956</dst>
      <dst id="14">2074.6933</dst>
      <dst id="20">2365.9111</dst>
      <dst id="11">165.6000</dst>
      <dst id="9">4506.5511</dst>
      <dst id="17">42808.4711</dst>
      <dst id="21">15510.6756</dst>
      <dst id="15">571.1289</dst>
    </src>
    <src id="22">
      <dst id="12">11789.0933</dst>
      <dst id="13">10679.3511</dst>
      <dst id="19">471.1733</dst>
      <dst id="23">24.5333</dst>
      <dst id="8">407.2000</dst>
      <dst id="18">639.3422</dst>
      <dst id="4">757.8933</dst>
      <dst id="1">342.9511</dst>
      <dst id="5">1541.7689</dst>
      <dst id="3">5.2444</dst>
      <dst id="10">1301.0667</dst>
      <dst id="7">354.8267</dst>
      <dst id="2">5650.7022</dst>
      <dst id="6">0.4622</dst>
      <dst id="16">2964.6311</dst>
      <dst id="14">133.3600</dst>
      <dst id="11">159.9467</dst>
      <dst id="9">6440.9867</dst>
      <dst id="17">8375.9911</dst>
      <dst id="21">1994.1422</dst>
    </src>
    <src id="7">
      <dst id="12">13925.0311</dst>
      <dst id="13">18421.2267</dst>
      <dst id="19">206.6578</dst>
      <dst id="23">11.5911</dst>
      <dst id="8">483.2356</dst>
      <dst id="18">1975.9378</dst>
      <dst id="4">665.0756</dst>
      <dst id="1">4982.0267</dst>
      <dst id="5">1609.4222</dst>
      <dst id="3">129.5556</dst>
      <dst id="10">509.2622</dst>
      <dst id="22">6950.1689</dst>
      <dst id="7">35.7333</dst>
      <dst id="2">3101.2800</dst>
      <dst id="6">296.0089</dst>
      <dst id="16">2182.0444</dst>
      <dst id="14">1801.3867</dst>
      <dst id="20">159.3867</dst>
      <dst id="11">969.8222</dst>
      <dst id="9">137.4756</dst>
      <dst id="17">7218.0178</dst>
      <dst id="21">3107.6889</dst>
      <dst id="15">351.5378</dst>
    </src>
    <src id="2">
      <dst id="12">139841.4489</dst>
      <dst id="13">40446.2311</dst>
      <dst id="19">1302.1600</dst>
      <dst id="23">1.8489</dst>
      <dst id="8">40.1600</dst>
      <dst id="18">63932.3200</dst>
      <dst id="4">9686.3467</dst>
      <dst id="1">31548.8533</dst>
      <dst id="5">741.7244</dst>
      <dst id="3">157.5200</dst>
      <dst id="10">3634.5244</dst>
      <dst id="22">1067.4133</dst>
      <dst id="7">15528.7022</dst>
      <dst id="2">5756.5689</dst>
      <dst id="6">16618.4356</dst>
      <dst id="16">5059.4400</dst>
      <dst id="14">2243.1111</dst>
      <dst id="20">198.1956</dst>
      <dst id="11">6327.9111</dst>
      <dst id="9">720.2400</dst>
      <dst id="17">55031.5111</dst>
      <dst id="21">2814.1067</dst>
      <dst id="15">1158.8000</dst>
    </src>
    <src id="6">
      <dst id="12">179.7956</dst>
      <dst id="13">47.8844</dst>
      <dst id="19">0.8000</dst>
      <dst id="18">13.3067</dst>
      <dst id="4">1.4311</dst>
      <dst id="1">95.1022</dst>
      <dst id="5">17.2444</dst>
      <dst id="3">0.3556</dst>
      <dst id="22">1.5200</dst>
      <dst id="7">19.6622</dst>
      <dst id="2">1609.7956</dst>
      <dst id="16">59.3422</dst>
      <dst id="9">30.8444</dst>
      <dst id="17">21152.8533</dst>
      <dst id="21">58.2222</dst>
      <dst id="15">25.2444</dst>
    </src>
    <src id="16">
      <dst id="12">187479.2356</dst>
      <dst id="13">1734.9956</dst>
      <dst id="19">2900.7111</dst>
      <dst id="23">0.5689</dst>
      <dst id="8">97854.9867</dst>
      <dst id="18">2.6400</dst>
      <dst id="4">1301.4222</dst>
      <dst id="1">17148.5600</dst>
      <dst id="5">252672.8533</dst>
      <dst id="3">7600.5867</dst>
      <dst id="10">367.1200</dst>
      <dst id="7">120.8444</dst>
      <dst id="2">389.1378</dst>
      <dst id="6">27.3067</dst>
      <dst id="16">24180.5156</dst>
      <dst id="14">44990.4622</dst>
      <dst id="11">24632.7644</dst>
      <dst id="9">242130.1422</dst>
      <dst id="17">1912.9422</dst>
    </src>
    <src id="14">
      <dst id="12">611.2622</dst>
      <dst id="13">3363.6444</dst>
      <dst id="19">25.3778</dst>
      <dst id="23">0.4622</dst>
      <dst id="8">0.4622</dst>
      <dst id="18">0.4622</dst>
      <dst id="4">230.8800</dst>
      <dst id="1">319.0400</dst>
      <dst id="5">13.3333</dst>
      <dst id="3">1024.6933</dst>
      <dst id="10">74.0889</dst>
      <dst id="22">1.5289</dst>
      <dst id="7">2379.4044</dst>
      <dst id="2">2004.0089</dst>
      <dst id="16">4452.8089</dst>
      <dst id="20">1.7956</dst>
      <dst id="11">14.1600</dst>
      <dst id="9">303.1467</dst>
      <dst id="17">36789.9111</dst>
      <dst id="21">449.3156</dst>
    </src>
    <src id="20">
      <dst id="12">484.5867</dst>
      <dst id="13">14168.9778</dst>
      <dst id="19">180.8800</dst>
      <dst id="23">496.5333</dst>
      <dst id="8">2.8622</dst>
      <dst id="18">1.5644</dst>
      <dst id="4">394.3911</dst>
      <dst id="1">247.3511</dst>
      <dst id="5">593.4222</dst>
      <dst id="3">4.5511</dst>
      <dst id="10">2547.6800</dst>
      <dst id="22">164.4800</dst>
      <dst id="7">1137.0667</dst>
      <dst id="2">327.8933</dst>
      <dst id="16">5559.8844</dst>
      <dst id="14">0.6311</dst>
      <dst id="9">1476.5511</dst>
      <dst id="17">3699.0578</dst>
      <dst id="21">52.2133</dst>
    </src>
    <src id="11">
      <dst id="12">17274.1778</dst>
      <dst id="13">3618.4800</dst>
      <dst id="19">813.7244</dst>
      <dst id="23">4.5867</dst>
      <dst id="8">779.2711</dst>
      <dst id="18">215.8578</dst>
      <dst id="4">2034.7556</dst>
      <dst id="1">4468.7022</dst>
      <dst id="5">2174.3911</dst>
      <dst id="3">678.0356</dst>
      <dst id="10">526.3289</dst>
      <dst id="22">87.1378</dst>
      <dst id="7">432.2044</dst>
      <dst id="2">75532.3644</dst>
      <dst id="6">12.6222</dst>
      <dst id="16">14266.7022</dst>
      <dst id="14">27.2356</dst>
      <dst id="20">195.8667</dst>
      <dst id="11">2259.6444</dst>
      <dst id="9">5025.1111</dst>
      <dst id="17">614740.5867</dst>
      <dst id="21">915.5644</dst>
      <dst id="15">680.0267</dst>
    </src>
    <src id="9">
      <dst id="12">15398.5956</dst>
      <dst id="13">2255.4489</dst>
      <dst id="19">234.4444</dst>
      <dst id="23">15.0756</dst>
      <dst id="8">85172.2133</dst>
      <dst id="18">1111.3333</dst>
      <dst id="4">1492.5778</dst>
      <dst id="1">3223.6800</dst>
      <dst id="5">1491.4667</dst>
      <dst id="10">331.5289</dst>
      <dst id="22">128.7822</dst>
      <dst id="7">42.5422</dst>
      <dst id="2">555.2800</dst>
      <dst id="6">0.3378</dst>
      <dst id="16">498598.0533</dst>
      <dst id="14">27.9111</dst>
      <dst id="11">122.0089</dst>
      <dst id="9">284765.1467</dst>
      <dst id="17">66244.5067</dst>
      <dst id="21">106.0711</dst>
      <dst id="15">893.6444</dst>
    </src>
    <src id="17">
      <dst id="12">107633.0311</dst>
      <dst id="13">69835.3867</dst>
      <dst id="19">3346.8889</dst>
      <dst id="23">145.9733</dst>
      <dst id="8">4984.1156</dst>
      <dst id="18">1197.3067</dst>
      <dst id="4">9840.0711</dst>
      <dst id="1">4191.9289</dst>
      <dst id="5">141659.8578</dst>
      <dst id="3">4623.9200</dst>
      <dst id="10">1864.7111</dst>
      <dst id="22">51.2444</dst>
      <dst id="7">18420.8622</dst>
      <dst id="2">48212.4444</dst>
      <dst id="6">23.4044</dst>
      <dst id="16">76998.4000</dst>
      <dst id="14">20111.6089</dst>
      <dst id="20">963.6356</dst>
      <dst id="11">16437.1200</dst>
      <dst id="9">7774.3733</dst>
      <dst id="17">19384.1333</dst>
      <dst id="21">11367.7244</dst>
      <dst id="15">1207.7244</dst>
    </src>
    <src id="21">
      <dst id="12">2201.6622</dst>
      <dst id="13">4752.7111</dst>
      <dst id="19">96.9689</dst>
      <dst id="23">29.7600</dst>
      <dst id="8">130.5333</dst>
      <dst id="18">5016.3111</dst>
      <dst id="4">2439.2356</dst>
      <dst id="1">15439.0311</dst>
      <dst id="5">564.9511</dst>
      <dst id="3">1268.5956</dst>
      <dst id="10">1457.1200</dst>
      <dst id="22">4.2667</dst>
      <dst id="7">1712.5600</dst>
      <dst id="2">4332.2667</dst>
      <dst id="6">52.9156</dst>
      <dst id="16">8366.8267</dst>
      <dst id="14">91.4400</dst>
      <dst id="20">162.7378</dst>
      <dst id="11">1223.4578</dst>
      <dst id="9">1576.6311</dst>
      <dst id="17">49878.4800</dst>
      <dst id="21">3105.0489</dst>
      <dst id="15">220.9333</dst>
    </src>
    <src id="15">
      <dst id="12">1591.6000</dst>
      <dst id="13">259.5200</dst>
      <dst id="19">56.1422</dst>
      <dst id="23">0.4267</dst>
      <dst id="8">0.3556</dst>
      <dst id="18">0.7822</dst>
      <dst id="4">253.8489</dst>
      <dst id="1">292.7467</dst>
      <dst id="5">113.5378</dst>
      <dst id="10">23.9022</dst>
      <dst id="7">13.3333</dst>
      <dst id="2">2094.4089</dst>
      <dst id="6">1.6889</dst>
      <dst id="16">973.8222</dst>
      <dst id="14">13.3333</dst>
      <dst id="11">1.6889</dst>
      <dst id="9">3757.7600</dst>
      <dst id="17">592.3378</dst>
      <dst id="21">51.4133</dst>
    </src>
  </IntraTM>
</TrafficMatrixFile>
