<?xml version="1.0" encoding="UTF-8" standalone="yes"?>
<TrafficMatrixFile xmlns:xsi="http://www.w3.org/2001/XMLSchema-instance" xsi:noNamespaceSchemaLocation="http://totem.run.montefiore.ulg.ac.be/Schema/TrafficMatrix-v1_2.xsd">
  <info>
    <title>Intradomain traffic matrix generated by geant-TM-all.pl</title>
    <date>2005-04-06T03:45:00</date>
    <duration>900</duration>
    <author>Steve Uhlig</author>
    <units>
        <unit type="bandwidth" value="kbps"/>
    </units>
  </info>
  <IntraTM ASID="20965">
    <src id="12">
      <dst id="12">379263.6711</dst>
      <dst id="13">39551.4667</dst>
      <dst id="19">1704.0889</dst>
      <dst id="23">2091.8933</dst>
      <dst id="8">317.7067</dst>
      <dst id="18">41604.4444</dst>
      <dst id="4">2861.4933</dst>
      <dst id="1">19195.5111</dst>
      <dst id="5">7134.1067</dst>
      <dst id="3">387.5111</dst>
      <dst id="10">1905.9467</dst>
      <dst id="22">5035.4667</dst>
      <dst id="7">196.7644</dst>
      <dst id="2">39443.8844</dst>
      <dst id="16">7216.3556</dst>
      <dst id="14">739.0311</dst>
      <dst id="20">25945.2089</dst>
      <dst id="11">155.6178</dst>
      <dst id="9">5893.2000</dst>
      <dst id="17">53887.3156</dst>
      <dst id="21">1181.2622</dst>
      <dst id="15">36.4444</dst>
    </src>
    <src id="13">
      <dst id="12">19094.4711</dst>
      <dst id="13">101.6533</dst>
      <dst id="19">20562.7022</dst>
      <dst id="23">35.6089</dst>
      <dst id="8">228.5422</dst>
      <dst id="18">91.4489</dst>
      <dst id="4">4.1156</dst>
      <dst id="1">379.3067</dst>
      <dst id="5">1875.6267</dst>
      <dst id="3">5.6444</dst>
      <dst id="10">0.9956</dst>
      <dst id="22">3767.3156</dst>
      <dst id="7">142.3733</dst>
      <dst id="2">7721.8133</dst>
      <dst id="16">1132.3022</dst>
      <dst id="14">99.7244</dst>
      <dst id="20">1945.6978</dst>
      <dst id="11">377.1733</dst>
      <dst id="9">8926.4978</dst>
      <dst id="17">18250.3822</dst>
      <dst id="21">608.0533</dst>
      <dst id="15">2768.1422</dst>
    </src>
    <src id="19">
      <dst id="12">29970.4267</dst>
      <dst id="13">2588.6844</dst>
      <dst id="23">150.2933</dst>
      <dst id="18">13.8311</dst>
      <dst id="4">922.1956</dst>
      <dst id="1">102.2400</dst>
      <dst id="5">2.4267</dst>
      <dst id="10">86.0978</dst>
      <dst id="22">72.5867</dst>
      <dst id="7">679.4844</dst>
      <dst id="2">110.4444</dst>
      <dst id="16">386.1422</dst>
      <dst id="14">78.0978</dst>
      <dst id="20">1.8578</dst>
      <dst id="9">478.9067</dst>
      <dst id="17">656.8267</dst>
      <dst id="21">417.1022</dst>
      <dst id="15">7.0844</dst>
    </src>
    <src id="23">
      <dst id="12">6930.3378</dst>
      <dst id="13">451.2889</dst>
      <dst id="19">0.7111</dst>
      <dst id="18">1.7333</dst>
      <dst id="4">47.6622</dst>
      <dst id="1">234.9422</dst>
      <dst id="5">480.0000</dst>
      <dst id="3">0.7467</dst>
      <dst id="10">197.3867</dst>
      <dst id="22">4810.7822</dst>
      <dst id="7">26.7733</dst>
      <dst id="2">268.0800</dst>
      <dst id="16">17.1200</dst>
      <dst id="14">4.4267</dst>
      <dst id="20">18.1244</dst>
      <dst id="11">26.4178</dst>
      <dst id="9">13.6711</dst>
      <dst id="17">825.0578</dst>
      <dst id="21">39.6444</dst>
      <dst id="15">0.3378</dst>
    </src>
    <src id="8">
      <dst id="12">10832.7822</dst>
      <dst id="13">294.5511</dst>
      <dst id="19">2.8978</dst>
      <dst id="18">18.2578</dst>
      <dst id="4">49.5200</dst>
      <dst id="1">949.7511</dst>
      <dst id="5">320.4000</dst>
      <dst id="3">158.4978</dst>
      <dst id="10">5.0489</dst>
      <dst id="22">57.8133</dst>
      <dst id="2">37.7689</dst>
      <dst id="16">171656.5333</dst>
      <dst id="11">1.5733</dst>
      <dst id="9">51214.1422</dst>
      <dst id="17">19664.1867</dst>
      <dst id="21">1.6622</dst>
    </src>
    <src id="18">
      <dst id="12">108671.6000</dst>
      <dst id="13">164.3200</dst>
      <dst id="23">1.2000</dst>
      <dst id="8">19.5644</dst>
      <dst id="4">16.5778</dst>
      <dst id="1">935.0044</dst>
      <dst id="5">272.8444</dst>
      <dst id="3">1400.4356</dst>
      <dst id="10">5.2711</dst>
      <dst id="22">89.7511</dst>
      <dst id="7">2.4089</dst>
      <dst id="2">9149.8489</dst>
      <dst id="16">155.1822</dst>
      <dst id="14">13.0844</dst>
      <dst id="20">1373.7689</dst>
      <dst id="11">13.3333</dst>
      <dst id="9">203.0844</dst>
      <dst id="17">5140.7200</dst>
      <dst id="21">164.9244</dst>
      <dst id="15">0.4622</dst>
    </src>
    <src id="4">
      <dst id="12">37716.9422</dst>
      <dst id="13">5.5467</dst>
      <dst id="19">4999.6356</dst>
      <dst id="23">2379.3511</dst>
      <dst id="8">918.1156</dst>
      <dst id="18">962.1867</dst>
      <dst id="4">2628.1333</dst>
      <dst id="1">81902.3200</dst>
      <dst id="5">5448.3556</dst>
      <dst id="3">13.3333</dst>
      <dst id="22">2946.1511</dst>
      <dst id="7">47.0578</dst>
      <dst id="2">68490.0444</dst>
      <dst id="16">245049.2000</dst>
      <dst id="14">13302.3378</dst>
      <dst id="11">462.5956</dst>
      <dst id="9">13343.1289</dst>
      <dst id="17">76156.3289</dst>
      <dst id="21">3626.8000</dst>
      <dst id="15">328.4978</dst>
    </src>
    <src id="1">
      <dst id="12">472288.0978</dst>
      <dst id="13">1473.1733</dst>
      <dst id="19">176.8622</dst>
      <dst id="23">472.8622</dst>
      <dst id="8">490.1156</dst>
      <dst id="18">13854.9778</dst>
      <dst id="4">306.5244</dst>
      <dst id="1">15211.4489</dst>
      <dst id="5">1017.2800</dst>
      <dst id="3">18341.5467</dst>
      <dst id="10">93.1289</dst>
      <dst id="22">27.4222</dst>
      <dst id="7">641.0844</dst>
      <dst id="2">11542.3378</dst>
      <dst id="16">179193.6711</dst>
      <dst id="14">493.6800</dst>
      <dst id="20">101.1200</dst>
      <dst id="11">1378.0533</dst>
      <dst id="9">2197.6444</dst>
      <dst id="17">174047.4311</dst>
      <dst id="21">9674.6133</dst>
      <dst id="15">416.1600</dst>
    </src>
    <src id="5">
      <dst id="12">18375.8667</dst>
      <dst id="13">2706.3467</dst>
      <dst id="19">3.7867</dst>
      <dst id="23">10.0978</dst>
      <dst id="8">321.2889</dst>
      <dst id="18">194.0444</dst>
      <dst id="4">281.3422</dst>
      <dst id="1">2434.7289</dst>
      <dst id="3">222.0089</dst>
      <dst id="10">1058.5333</dst>
      <dst id="22">154.4711</dst>
      <dst id="2">114.2311</dst>
      <dst id="16">351420.9511</dst>
      <dst id="14">126.0622</dst>
      <dst id="11">88.4622</dst>
      <dst id="9">44103.8222</dst>
      <dst id="17">30084.9333</dst>
      <dst id="21">73.0489</dst>
      <dst id="15">60.7200</dst>
    </src>
    <src id="3">
      <dst id="12">1230.3644</dst>
      <dst id="13">41276.1600</dst>
      <dst id="19">1060.0978</dst>
      <dst id="23">347.5289</dst>
      <dst id="8">34.1333</dst>
      <dst id="18">407.4667</dst>
      <dst id="4">483.1111</dst>
      <dst id="1">27768.4889</dst>
      <dst id="5">66.8889</dst>
      <dst id="3">102.3111</dst>
      <dst id="10">334.2044</dst>
      <dst id="22">0.4267</dst>
      <dst id="7">603.7689</dst>
      <dst id="2">5712.4000</dst>
      <dst id="16">5936.5778</dst>
      <dst id="14">202.1778</dst>
      <dst id="20">104.8533</dst>
      <dst id="11">829.3333</dst>
      <dst id="9">332.8711</dst>
      <dst id="17">14958.2489</dst>
      <dst id="21">733.4933</dst>
      <dst id="15">7.2444</dst>
    </src>
    <src id="10">
      <dst id="12">17804.9600</dst>
      <dst id="13">5.8667</dst>
      <dst id="19">468.1778</dst>
      <dst id="23">5821.3067</dst>
      <dst id="8">442.8711</dst>
      <dst id="18">617.9556</dst>
      <dst id="1">886.0178</dst>
      <dst id="5">2279.8311</dst>
      <dst id="3">1272.0089</dst>
      <dst id="22">104.3378</dst>
      <dst id="7">11.5556</dst>
      <dst id="2">13040.9867</dst>
      <dst id="16">15449.2533</dst>
      <dst id="14">1210.2489</dst>
      <dst id="20">13595.1467</dst>
      <dst id="11">12.6222</dst>
      <dst id="9">3661.3244</dst>
      <dst id="17">21098.2400</dst>
      <dst id="21">3431.1467</dst>
      <dst id="15">206.1156</dst>
    </src>
    <src id="22">
      <dst id="12">5318.6933</dst>
      <dst id="13">1188.8356</dst>
      <dst id="19">156.8089</dst>
      <dst id="23">94.0000</dst>
      <dst id="8">167.6533</dst>
      <dst id="18">88.9244</dst>
      <dst id="4">496.1778</dst>
      <dst id="1">392.9956</dst>
      <dst id="5">1566.0000</dst>
      <dst id="3">0.3556</dst>
      <dst id="10">455.1644</dst>
      <dst id="7">4.1778</dst>
      <dst id="2">250.5778</dst>
      <dst id="16">342.6667</dst>
      <dst id="14">47.2089</dst>
      <dst id="11">280.2044</dst>
      <dst id="9">212.1778</dst>
      <dst id="17">2078.7022</dst>
      <dst id="21">197.2444</dst>
    </src>
    <src id="7">
      <dst id="12">13145.6356</dst>
      <dst id="13">8002.5689</dst>
      <dst id="19">329.3867</dst>
      <dst id="23">57.0133</dst>
      <dst id="8">14.5156</dst>
      <dst id="18">39.6800</dst>
      <dst id="4">220.3733</dst>
      <dst id="1">4030.5956</dst>
      <dst id="5">187.6178</dst>
      <dst id="3">17.9111</dst>
      <dst id="10">118.9067</dst>
      <dst id="22">25.0400</dst>
      <dst id="2">368.2489</dst>
      <dst id="16">195.7067</dst>
      <dst id="14">217.2356</dst>
      <dst id="20">215.4400</dst>
      <dst id="11">494.6578</dst>
      <dst id="9">8.1867</dst>
      <dst id="17">1251.7156</dst>
      <dst id="21">549.9289</dst>
      <dst id="15">1.3244</dst>
    </src>
    <src id="2">
      <dst id="12">112286.3733</dst>
      <dst id="13">64018.6400</dst>
      <dst id="19">4365.8933</dst>
      <dst id="23">4.1600</dst>
      <dst id="8">40.7289</dst>
      <dst id="18">15705.0489</dst>
      <dst id="4">1269.2711</dst>
      <dst id="1">20509.4400</dst>
      <dst id="5">305.1733</dst>
      <dst id="3">26.5778</dst>
      <dst id="10">6085.4044</dst>
      <dst id="22">383.1467</dst>
      <dst id="7">936.8978</dst>
      <dst id="2">4155.6356</dst>
      <dst id="6">0.6933</dst>
      <dst id="16">14756.8000</dst>
      <dst id="14">589.4133</dst>
      <dst id="20">78.8978</dst>
      <dst id="11">459.0578</dst>
      <dst id="9">811.5911</dst>
      <dst id="17">13999.3778</dst>
      <dst id="21">760.9600</dst>
      <dst id="15">258.6489</dst>
    </src>
    <src id="6">
      <dst id="12">240.9244</dst>
      <dst id="13">12.3111</dst>
      <dst id="19">0.3289</dst>
      <dst id="23">1.2533</dst>
      <dst id="8">0.4622</dst>
      <dst id="18">34.4178</dst>
      <dst id="1">88.8356</dst>
      <dst id="5">0.3556</dst>
      <dst id="3">1.2444</dst>
      <dst id="10">0.4622</dst>
      <dst id="22">1.5556</dst>
      <dst id="2">1772.2133</dst>
      <dst id="16">25.0844</dst>
      <dst id="20">91.0222</dst>
      <dst id="9">16.2667</dst>
      <dst id="17">21732.0267</dst>
      <dst id="21">12.5156</dst>
    </src>
    <src id="16">
      <dst id="12">98210.1867</dst>
      <dst id="13">614.3911</dst>
      <dst id="19">2678.9689</dst>
      <dst id="23">6.8267</dst>
      <dst id="8">84757.9822</dst>
      <dst id="18">59.5911</dst>
      <dst id="4">240.1778</dst>
      <dst id="1">7162.5422</dst>
      <dst id="5">269046.3556</dst>
      <dst id="3">2430.2044</dst>
      <dst id="10">63.4933</dst>
      <dst id="22">5.2267</dst>
      <dst id="2">1043.5378</dst>
      <dst id="16">18307.7689</dst>
      <dst id="14">50443.6978</dst>
      <dst id="11">9996.4533</dst>
      <dst id="9">183029.6978</dst>
      <dst id="17">1607.9022</dst>
      <dst id="21">44.5689</dst>
    </src>
    <src id="14">
      <dst id="12">2413.3067</dst>
      <dst id="13">722.5689</dst>
      <dst id="19">19.2889</dst>
      <dst id="23">1.9200</dst>
      <dst id="8">18.4533</dst>
      <dst id="18">1.1733</dst>
      <dst id="4">149.6978</dst>
      <dst id="1">361.8044</dst>
      <dst id="5">122.9778</dst>
      <dst id="3">855.2444</dst>
      <dst id="10">63.9289</dst>
      <dst id="22">0.4711</dst>
      <dst id="7">12.0444</dst>
      <dst id="2">2062.3111</dst>
      <dst id="16">1593.1200</dst>
      <dst id="11">202.9511</dst>
      <dst id="9">229.5911</dst>
      <dst id="17">30263.5467</dst>
      <dst id="21">167.9556</dst>
      <dst id="15">0.4622</dst>
    </src>
    <src id="20">
      <dst id="12">2671.6267</dst>
      <dst id="13">4170.8889</dst>
      <dst id="19">82.0711</dst>
      <dst id="23">0.4622</dst>
      <dst id="8">3.0400</dst>
      <dst id="18">66.8356</dst>
      <dst id="4">74.3733</dst>
      <dst id="1">45.6622</dst>
      <dst id="5">397.4756</dst>
      <dst id="10">81.3333</dst>
      <dst id="7">0.8622</dst>
      <dst id="2">102.2311</dst>
      <dst id="16">6420.9511</dst>
      <dst id="14">3.6889</dst>
      <dst id="20">65.2622</dst>
      <dst id="9">867.9467</dst>
      <dst id="17">1027.0133</dst>
      <dst id="21">67.5022</dst>
    </src>
    <src id="11">
      <dst id="12">27170.4533</dst>
      <dst id="13">2685.0933</dst>
      <dst id="19">44.9067</dst>
      <dst id="23">15.6800</dst>
      <dst id="8">125.1644</dst>
      <dst id="18">95.7778</dst>
      <dst id="4">440.2844</dst>
      <dst id="1">3305.2622</dst>
      <dst id="5">669.8933</dst>
      <dst id="3">768.3822</dst>
      <dst id="10">1086.0800</dst>
      <dst id="22">109.5467</dst>
      <dst id="7">34.0267</dst>
      <dst id="2">85275.9200</dst>
      <dst id="16">12174.6133</dst>
      <dst id="14">72.5511</dst>
      <dst id="20">16665.8667</dst>
      <dst id="11">1456.3733</dst>
      <dst id="9">3260.0889</dst>
      <dst id="17">597652.4978</dst>
      <dst id="21">385.3956</dst>
      <dst id="15">123.2889</dst>
    </src>
    <src id="9">
      <dst id="12">18579.6000</dst>
      <dst id="13">3642.7200</dst>
      <dst id="19">55.1644</dst>
      <dst id="23">1.4489</dst>
      <dst id="8">53237.6533</dst>
      <dst id="18">546.1689</dst>
      <dst id="4">389.3333</dst>
      <dst id="1">7662.0622</dst>
      <dst id="5">1904.4444</dst>
      <dst id="3">887.7956</dst>
      <dst id="10">78.8000</dst>
      <dst id="22">46.0267</dst>
      <dst id="2">5129.2711</dst>
      <dst id="16">477793.1022</dst>
      <dst id="14">27.1289</dst>
      <dst id="11">41.4222</dst>
      <dst id="9">234678.5067</dst>
      <dst id="17">49639.8400</dst>
      <dst id="21">142.6133</dst>
      <dst id="15">67.0133</dst>
    </src>
    <src id="17">
      <dst id="12">60397.0667</dst>
      <dst id="13">33008.5067</dst>
      <dst id="19">257.5822</dst>
      <dst id="23">12.5067</dst>
      <dst id="8">136.1867</dst>
      <dst id="18">1155.3956</dst>
      <dst id="4">3947.7511</dst>
      <dst id="1">9814.9956</dst>
      <dst id="5">142052.3556</dst>
      <dst id="3">2589.6978</dst>
      <dst id="10">4769.1111</dst>
      <dst id="22">335.4844</dst>
      <dst id="7">263.6444</dst>
      <dst id="2">4345.6978</dst>
      <dst id="16">45173.7511</dst>
      <dst id="14">19112.1333</dst>
      <dst id="20">389.9111</dst>
      <dst id="11">8353.9200</dst>
      <dst id="9">2220.2400</dst>
      <dst id="17">13729.1556</dst>
      <dst id="21">1669.4311</dst>
      <dst id="15">46.3644</dst>
    </src>
    <src id="21">
      <dst id="12">2335.3156</dst>
      <dst id="13">1904.9244</dst>
      <dst id="19">366.4889</dst>
      <dst id="23">15.1022</dst>
      <dst id="8">175.0933</dst>
      <dst id="18">168.0444</dst>
      <dst id="4">279.0400</dst>
      <dst id="1">5050.7644</dst>
      <dst id="5">247.9822</dst>
      <dst id="3">798.5244</dst>
      <dst id="10">294.6667</dst>
      <dst id="22">29.6533</dst>
      <dst id="7">864.8533</dst>
      <dst id="2">3118.1067</dst>
      <dst id="16">20181.0222</dst>
      <dst id="14">297.7244</dst>
      <dst id="20">392.9422</dst>
      <dst id="11">251.2978</dst>
      <dst id="9">975.5378</dst>
      <dst id="17">21165.3067</dst>
      <dst id="21">620.5067</dst>
      <dst id="15">26.8089</dst>
    </src>
    <src id="15">
      <dst id="12">162.3022</dst>
      <dst id="13">1823.4044</dst>
      <dst id="19">0.8178</dst>
      <dst id="23">0.4622</dst>
      <dst id="8">0.4622</dst>
      <dst id="18">1.8489</dst>
      <dst id="4">146.9156</dst>
      <dst id="1">35.2889</dst>
      <dst id="5">125.9111</dst>
      <dst id="10">42.2933</dst>
      <dst id="2">51.7244</dst>
      <dst id="16">1602.6756</dst>
      <dst id="11">0.5333</dst>
      <dst id="9">680.4178</dst>
      <dst id="17">418.5689</dst>
      <dst id="21">32.7111</dst>
    </src>
  </IntraTM>
</TrafficMatrixFile>
