<?xml version="1.0" encoding="UTF-8" standalone="yes"?>
<TrafficMatrixFile xmlns:xsi="http://www.w3.org/2001/XMLSchema-instance" xsi:noNamespaceSchemaLocation="http://totem.run.montefiore.ulg.ac.be/Schema/TrafficMatrix-v1_2.xsd">
  <info>
    <title>Intradomain traffic matrix generated by geant-TM-all.pl</title>
    <date>2005-03-20T20:00:00</date>
    <duration>900</duration>
    <author>Steve Uhlig</author>
    <units>
        <unit type="bandwidth" value="kbps"/>
    </units>
  </info>
  <IntraTM ASID="20965">
    <src id="12">
      <dst id="12">339337.2000</dst>
      <dst id="13">34887.0133</dst>
      <dst id="19">2970.7378</dst>
      <dst id="23">7827.7778</dst>
      <dst id="8">377.7600</dst>
      <dst id="18">162239.2089</dst>
      <dst id="4">2370.9333</dst>
      <dst id="1">18133.5289</dst>
      <dst id="5">1259.2622</dst>
      <dst id="3">3273.0489</dst>
      <dst id="10">1805.6267</dst>
      <dst id="22">4240.6933</dst>
      <dst id="7">3978.9689</dst>
      <dst id="2">30734.8356</dst>
      <dst id="6">20477.8667</dst>
      <dst id="16">9552.0000</dst>
      <dst id="14">415.5822</dst>
      <dst id="20">2644.4711</dst>
      <dst id="11">83.1556</dst>
      <dst id="9">11650.3200</dst>
      <dst id="17">83386.9067</dst>
      <dst id="21">10250.9156</dst>
      <dst id="15">3409.5556</dst>
    </src>
    <src id="13">
      <dst id="12">17516.3467</dst>
      <dst id="13">61.5111</dst>
      <dst id="19">2496.3467</dst>
      <dst id="23">93.6089</dst>
      <dst id="8">857.9556</dst>
      <dst id="18">1299.9200</dst>
      <dst id="4">3.2000</dst>
      <dst id="1">781.6978</dst>
      <dst id="5">2588.3200</dst>
      <dst id="3">222.6844</dst>
      <dst id="10">1.6000</dst>
      <dst id="22">7555.7778</dst>
      <dst id="7">1166.4978</dst>
      <dst id="2">3474.8889</dst>
      <dst id="6">48.4178</dst>
      <dst id="16">1765.7867</dst>
      <dst id="14">2232.2044</dst>
      <dst id="20">1963.1200</dst>
      <dst id="11">240.7378</dst>
      <dst id="9">6927.9644</dst>
      <dst id="17">37012.5778</dst>
      <dst id="21">3034.5600</dst>
      <dst id="15">835.8756</dst>
    </src>
    <src id="19">
      <dst id="12">5020.2667</dst>
      <dst id="13">3809.5733</dst>
      <dst id="23">179.7956</dst>
      <dst id="8">1.1733</dst>
      <dst id="18">11.4933</dst>
      <dst id="4">168.3289</dst>
      <dst id="1">433.0044</dst>
      <dst id="5">319.2978</dst>
      <dst id="3">130.2578</dst>
      <dst id="10">34.5600</dst>
      <dst id="22">1483.5556</dst>
      <dst id="7">4898.2756</dst>
      <dst id="2">683.1556</dst>
      <dst id="6">53.9200</dst>
      <dst id="16">1673.4489</dst>
      <dst id="14">319.9289</dst>
      <dst id="20">27.7600</dst>
      <dst id="11">0.3378</dst>
      <dst id="9">190.1956</dst>
      <dst id="17">1488.1422</dst>
      <dst id="21">336.7378</dst>
      <dst id="15">0.4889</dst>
    </src>
    <src id="23">
      <dst id="12">4290.6844</dst>
      <dst id="13">2904.1867</dst>
      <dst id="19">25.4667</dst>
      <dst id="8">40.0000</dst>
      <dst id="18">1958.3467</dst>
      <dst id="4">159.8222</dst>
      <dst id="1">247.2711</dst>
      <dst id="5">1.8667</dst>
      <dst id="3">120.6756</dst>
      <dst id="10">321.8044</dst>
      <dst id="22">282.3289</dst>
      <dst id="7">461.1378</dst>
      <dst id="2">764.5600</dst>
      <dst id="6">1.1378</dst>
      <dst id="16">15.9467</dst>
      <dst id="20">24.1422</dst>
      <dst id="9">234.1067</dst>
      <dst id="17">7689.4667</dst>
      <dst id="21">356.2400</dst>
      <dst id="15">2921.6356</dst>
    </src>
    <src id="8">
      <dst id="12">5063.7156</dst>
      <dst id="13">483.9289</dst>
      <dst id="19">66.6222</dst>
      <dst id="23">2.6489</dst>
      <dst id="18">61.1200</dst>
      <dst id="4">35.5378</dst>
      <dst id="1">2452.8533</dst>
      <dst id="5">463.4933</dst>
      <dst id="10">31.6622</dst>
      <dst id="7">2.7911</dst>
      <dst id="2">106.3200</dst>
      <dst id="16">243753.1111</dst>
      <dst id="11">1.0667</dst>
      <dst id="9">68858.9511</dst>
      <dst id="17">39218.6933</dst>
      <dst id="21">35.5467</dst>
      <dst id="15">462.3200</dst>
    </src>
    <src id="18">
      <dst id="12">160384.3644</dst>
      <dst id="13">832.8267</dst>
      <dst id="19">12.4444</dst>
      <dst id="23">28.1956</dst>
      <dst id="8">113.3244</dst>
      <dst id="4">100.9244</dst>
      <dst id="1">1444.2933</dst>
      <dst id="5">92.5511</dst>
      <dst id="3">4414.1422</dst>
      <dst id="10">51.2178</dst>
      <dst id="22">536.2133</dst>
      <dst id="7">81.8222</dst>
      <dst id="2">10602.8978</dst>
      <dst id="6">3.5822</dst>
      <dst id="16">607.2000</dst>
      <dst id="20">35.1289</dst>
      <dst id="11">14.8089</dst>
      <dst id="9">1127.5378</dst>
      <dst id="17">6235.8844</dst>
      <dst id="21">1223.1467</dst>
      <dst id="15">16.1511</dst>
    </src>
    <src id="4">
      <dst id="12">47442.4267</dst>
      <dst id="13">114.8089</dst>
      <dst id="19">8990.4356</dst>
      <dst id="23">7471.7422</dst>
      <dst id="8">1739.7956</dst>
      <dst id="18">6342.2756</dst>
      <dst id="4">152.1333</dst>
      <dst id="1">96582.5244</dst>
      <dst id="5">5252.0444</dst>
      <dst id="3">327.0133</dst>
      <dst id="22">68.5956</dst>
      <dst id="7">367.7778</dst>
      <dst id="2">72859.2267</dst>
      <dst id="6">293.5289</dst>
      <dst id="16">79745.7778</dst>
      <dst id="14">2867.2800</dst>
      <dst id="11">1453.1467</dst>
      <dst id="9">46934.9778</dst>
      <dst id="17">102590.0800</dst>
      <dst id="21">31815.3244</dst>
      <dst id="15">3218.0267</dst>
    </src>
    <src id="1">
      <dst id="12">334991.4489</dst>
      <dst id="13">13253.0133</dst>
      <dst id="19">5105.9822</dst>
      <dst id="23">32.0444</dst>
      <dst id="8">146.3467</dst>
      <dst id="18">17113.5644</dst>
      <dst id="4">1116.0800</dst>
      <dst id="1">795150.4089</dst>
      <dst id="5">122.3378</dst>
      <dst id="3">17210.2133</dst>
      <dst id="10">117.3067</dst>
      <dst id="7">412378.3467</dst>
      <dst id="2">26224.2667</dst>
      <dst id="6">4.0533</dst>
      <dst id="16">783898.4089</dst>
      <dst id="14">190.9689</dst>
      <dst id="20">1086.1244</dst>
      <dst id="11">145.4578</dst>
      <dst id="9">5605.7689</dst>
      <dst id="17">925266.2044</dst>
      <dst id="21">63848.2756</dst>
      <dst id="15">6318.8978</dst>
    </src>
    <src id="5">
      <dst id="12">8280.4800</dst>
      <dst id="13">2483.4933</dst>
      <dst id="19">3946.1956</dst>
      <dst id="23">1.2444</dst>
      <dst id="8">340.6756</dst>
      <dst id="18">90.4356</dst>
      <dst id="4">267.1378</dst>
      <dst id="1">5452.1956</dst>
      <dst id="10">115.1822</dst>
      <dst id="22">51.8133</dst>
      <dst id="7">157.8133</dst>
      <dst id="2">338.8356</dst>
      <dst id="6">65.4844</dst>
      <dst id="16">299971.2356</dst>
      <dst id="14">24.8444</dst>
      <dst id="11">14.9067</dst>
      <dst id="9">43504.6133</dst>
      <dst id="17">41312.5422</dst>
      <dst id="21">7.5289</dst>
      <dst id="15">83.6711</dst>
    </src>
    <src id="3">
      <dst id="12">5749.3511</dst>
      <dst id="13">9293.8933</dst>
      <dst id="19">1456.7556</dst>
      <dst id="23">47.5467</dst>
      <dst id="8">505.9111</dst>
      <dst id="18">370.0089</dst>
      <dst id="4">936.7378</dst>
      <dst id="1">14646.3467</dst>
      <dst id="5">184.2756</dst>
      <dst id="3">219.7778</dst>
      <dst id="10">359.2356</dst>
      <dst id="7">3647.7067</dst>
      <dst id="2">5269.9733</dst>
      <dst id="6">14.5867</dst>
      <dst id="16">14742.8711</dst>
      <dst id="14">260.7644</dst>
      <dst id="20">216.4356</dst>
      <dst id="11">254.7111</dst>
      <dst id="9">3992.4356</dst>
      <dst id="17">45691.0756</dst>
      <dst id="21">7125.1289</dst>
      <dst id="15">37.1467</dst>
    </src>
    <src id="10">
      <dst id="12">17933.6444</dst>
      <dst id="13">1043.2533</dst>
      <dst id="19">2085.9467</dst>
      <dst id="23">482.1156</dst>
      <dst id="8">219.9200</dst>
      <dst id="18">5171.2444</dst>
      <dst id="1">5108.1333</dst>
      <dst id="5">988.5422</dst>
      <dst id="3">1157.4044</dst>
      <dst id="22">47.5911</dst>
      <dst id="7">1472.9689</dst>
      <dst id="2">19476.2844</dst>
      <dst id="6">37.9378</dst>
      <dst id="16">25362.0000</dst>
      <dst id="14">1481.7511</dst>
      <dst id="20">4328.4089</dst>
      <dst id="11">119.7956</dst>
      <dst id="9">7548.5244</dst>
      <dst id="17">85013.8400</dst>
      <dst id="21">9513.7956</dst>
      <dst id="15">422.1778</dst>
    </src>
    <src id="22">
      <dst id="12">8076.9867</dst>
      <dst id="13">5931.3067</dst>
      <dst id="19">320.8089</dst>
      <dst id="23">11.8044</dst>
      <dst id="8">272.9244</dst>
      <dst id="18">908.8000</dst>
      <dst id="4">563.0044</dst>
      <dst id="1">1225.9111</dst>
      <dst id="5">2813.6978</dst>
      <dst id="3">34.4000</dst>
      <dst id="10">372.2844</dst>
      <dst id="7">964.3733</dst>
      <dst id="2">1321.0933</dst>
      <dst id="6">9.1911</dst>
      <dst id="16">2132.5156</dst>
      <dst id="14">32.9511</dst>
      <dst id="11">46.7378</dst>
      <dst id="9">621.9911</dst>
      <dst id="17">9154.9956</dst>
      <dst id="21">3038.8533</dst>
    </src>
    <src id="7">
      <dst id="12">18564.2044</dst>
      <dst id="13">61064.3822</dst>
      <dst id="19">1051.0756</dst>
      <dst id="23">723.8844</dst>
      <dst id="8">152.9333</dst>
      <dst id="18">761.3511</dst>
      <dst id="4">358.6578</dst>
      <dst id="1">14421.8311</dst>
      <dst id="5">732.8622</dst>
      <dst id="3">2370.9867</dst>
      <dst id="10">1317.6444</dst>
      <dst id="22">1895.8311</dst>
      <dst id="7">741.1556</dst>
      <dst id="2">13775.3689</dst>
      <dst id="6">577.1289</dst>
      <dst id="16">3238.3289</dst>
      <dst id="14">103.3422</dst>
      <dst id="20">1303.9556</dst>
      <dst id="11">173.8222</dst>
      <dst id="9">802.9156</dst>
      <dst id="17">15770.2844</dst>
      <dst id="21">5620.2311</dst>
      <dst id="15">273.1644</dst>
    </src>
    <src id="2">
      <dst id="12">101354.8178</dst>
      <dst id="13">35018.8267</dst>
      <dst id="19">435.5644</dst>
      <dst id="23">28.3822</dst>
      <dst id="8">383.4489</dst>
      <dst id="18">101760.7733</dst>
      <dst id="4">4231.0400</dst>
      <dst id="1">17304.8978</dst>
      <dst id="5">515.1556</dst>
      <dst id="3">1405.8844</dst>
      <dst id="10">1134.0356</dst>
      <dst id="22">1558.4978</dst>
      <dst id="7">30443.5911</dst>
      <dst id="2">3944.3378</dst>
      <dst id="6">16808.2489</dst>
      <dst id="16">4549.2000</dst>
      <dst id="14">295.1733</dst>
      <dst id="20">608.2044</dst>
      <dst id="11">425.9378</dst>
      <dst id="9">2717.9378</dst>
      <dst id="17">37318.5244</dst>
      <dst id="21">4036.3111</dst>
      <dst id="15">194.8178</dst>
    </src>
    <src id="6">
      <dst id="12">306.3822</dst>
      <dst id="13">74.7467</dst>
      <dst id="19">1768.3644</dst>
      <dst id="8">0.4178</dst>
      <dst id="18">2.4178</dst>
      <dst id="4">7.0222</dst>
      <dst id="1">533.2444</dst>
      <dst id="5">1.0667</dst>
      <dst id="3">29.6178</dst>
      <dst id="22">26.1689</dst>
      <dst id="7">279.1111</dst>
      <dst id="2">1792.9422</dst>
      <dst id="16">95.4400</dst>
      <dst id="14">39.5822</dst>
      <dst id="20">0.3556</dst>
      <dst id="11">48.5867</dst>
      <dst id="9">129.9822</dst>
      <dst id="17">23853.1111</dst>
      <dst id="21">65.3333</dst>
      <dst id="15">21.6089</dst>
    </src>
    <src id="16">
      <dst id="12">245149.4933</dst>
      <dst id="13">1717.9911</dst>
      <dst id="19">3109.4133</dst>
      <dst id="23">49.9911</dst>
      <dst id="8">143895.7511</dst>
      <dst id="18">704.6133</dst>
      <dst id="4">206.9156</dst>
      <dst id="1">9275.0222</dst>
      <dst id="5">278786.4089</dst>
      <dst id="3">15120.1511</dst>
      <dst id="10">1078.3822</dst>
      <dst id="7">69.1644</dst>
      <dst id="2">1116.3556</dst>
      <dst id="6">69.6178</dst>
      <dst id="16">37181.5200</dst>
      <dst id="14">46885.8400</dst>
      <dst id="11">41488.3911</dst>
      <dst id="9">348044.9422</dst>
      <dst id="17">4278.2311</dst>
      <dst id="21">0.3556</dst>
    </src>
    <src id="14">
      <dst id="12">2215.5378</dst>
      <dst id="13">312.4444</dst>
      <dst id="19">34.9867</dst>
      <dst id="8">14.5867</dst>
      <dst id="18">14.0978</dst>
      <dst id="4">55.9733</dst>
      <dst id="1">416.5156</dst>
      <dst id="5">22.1956</dst>
      <dst id="3">761.2000</dst>
      <dst id="10">72.9511</dst>
      <dst id="7">281.9022</dst>
      <dst id="2">2141.8222</dst>
      <dst id="16">2396.4356</dst>
      <dst id="20">0.4622</dst>
      <dst id="11">26.7378</dst>
      <dst id="9">516.0267</dst>
      <dst id="17">28016.0622</dst>
      <dst id="21">1520.3733</dst>
    </src>
    <src id="20">
      <dst id="12">4335.6356</dst>
      <dst id="13">5189.5556</dst>
      <dst id="19">16.1778</dst>
      <dst id="23">0.8889</dst>
      <dst id="8">54.5511</dst>
      <dst id="18">145.9644</dst>
      <dst id="4">259.5022</dst>
      <dst id="1">1154.9689</dst>
      <dst id="5">4697.2356</dst>
      <dst id="3">128.6044</dst>
      <dst id="10">93.1467</dst>
      <dst id="22">67.3778</dst>
      <dst id="7">3221.7956</dst>
      <dst id="2">775.4044</dst>
      <dst id="6">0.4978</dst>
      <dst id="16">8190.1067</dst>
      <dst id="14">1.1200</dst>
      <dst id="20">41.5200</dst>
      <dst id="11">97.3422</dst>
      <dst id="9">4958.8178</dst>
      <dst id="17">11900.3111</dst>
      <dst id="21">246.0267</dst>
    </src>
    <src id="11">
      <dst id="12">27923.3600</dst>
      <dst id="13">7883.1644</dst>
      <dst id="19">2562.8711</dst>
      <dst id="23">25.1733</dst>
      <dst id="8">564.5956</dst>
      <dst id="18">236.4800</dst>
      <dst id="4">1605.0844</dst>
      <dst id="1">7204.9689</dst>
      <dst id="5">1867.4844</dst>
      <dst id="3">1633.8400</dst>
      <dst id="10">6910.7822</dst>
      <dst id="22">42.2756</dst>
      <dst id="7">197.7244</dst>
      <dst id="2">59576.5511</dst>
      <dst id="6">92.4800</dst>
      <dst id="16">22258.0533</dst>
      <dst id="14">88.5067</dst>
      <dst id="20">671.5644</dst>
      <dst id="11">3309.8667</dst>
      <dst id="9">5085.2356</dst>
      <dst id="17">672749.4400</dst>
      <dst id="21">305.2267</dst>
      <dst id="15">343.8489</dst>
    </src>
    <src id="9">
      <dst id="12">13782.2311</dst>
      <dst id="13">15132.9422</dst>
      <dst id="19">21.1022</dst>
      <dst id="23">252.6933</dst>
      <dst id="8">114856.5600</dst>
      <dst id="18">160.5422</dst>
      <dst id="4">315.0400</dst>
      <dst id="1">5339.6889</dst>
      <dst id="5">1835.3244</dst>
      <dst id="10">110.8800</dst>
      <dst id="22">1.0667</dst>
      <dst id="7">150.2222</dst>
      <dst id="2">337.5822</dst>
      <dst id="6">5.5111</dst>
      <dst id="16">483136.6489</dst>
      <dst id="14">29.0133</dst>
      <dst id="11">105.7067</dst>
      <dst id="9">306290.3200</dst>
      <dst id="17">72498.0267</dst>
      <dst id="21">186.3200</dst>
      <dst id="15">1542.2489</dst>
    </src>
    <src id="17">
      <dst id="12">145031.9111</dst>
      <dst id="13">32603.0222</dst>
      <dst id="19">1476.3289</dst>
      <dst id="23">165.2889</dst>
      <dst id="8">3575.6889</dst>
      <dst id="18">4142.4800</dst>
      <dst id="4">6781.7511</dst>
      <dst id="1">15096.4178</dst>
      <dst id="5">163381.2622</dst>
      <dst id="3">12092.4800</dst>
      <dst id="10">1088.8889</dst>
      <dst id="22">912.9956</dst>
      <dst id="7">53248.8267</dst>
      <dst id="2">15482.0533</dst>
      <dst id="6">691.2000</dst>
      <dst id="16">66788.9333</dst>
      <dst id="14">23015.4311</dst>
      <dst id="20">5664.0444</dst>
      <dst id="11">27875.5556</dst>
      <dst id="9">28907.4578</dst>
      <dst id="17">35075.5200</dst>
      <dst id="21">56500.1867</dst>
      <dst id="15">680.8267</dst>
    </src>
    <src id="21">
      <dst id="12">3183.2444</dst>
      <dst id="13">4142.1600</dst>
      <dst id="19">473.3067</dst>
      <dst id="23">219.5822</dst>
      <dst id="8">620.9156</dst>
      <dst id="18">1304.1778</dst>
      <dst id="4">3069.0667</dst>
      <dst id="1">2858.9600</dst>
      <dst id="5">955.3511</dst>
      <dst id="3">6156.0622</dst>
      <dst id="10">1009.1733</dst>
      <dst id="22">88.1689</dst>
      <dst id="7">4077.4756</dst>
      <dst id="2">18765.1200</dst>
      <dst id="6">57.2178</dst>
      <dst id="16">6707.5200</dst>
      <dst id="14">204.2756</dst>
      <dst id="20">275.9467</dst>
      <dst id="11">42.0267</dst>
      <dst id="9">1644.1867</dst>
      <dst id="17">21577.6889</dst>
      <dst id="21">2596.2222</dst>
      <dst id="15">117.9111</dst>
    </src>
    <src id="15">
      <dst id="12">1272.7378</dst>
      <dst id="13">417.1911</dst>
      <dst id="19">1.6978</dst>
      <dst id="23">66.3111</dst>
      <dst id="8">201.2622</dst>
      <dst id="18">17.1733</dst>
      <dst id="4">99.1200</dst>
      <dst id="1">744.5156</dst>
      <dst id="5">75.0667</dst>
      <dst id="10">29.5289</dst>
      <dst id="7">28.0356</dst>
      <dst id="2">60.7467</dst>
      <dst id="6">4.8267</dst>
      <dst id="16">4919.7867</dst>
      <dst id="9">6130.1956</dst>
      <dst id="17">1835.8578</dst>
      <dst id="21">6.8267</dst>
    </src>
  </IntraTM>
</TrafficMatrixFile>
