<?xml version="1.0" encoding="UTF-8" standalone="yes"?>
<TrafficMatrixFile xmlns:xsi="http://www.w3.org/2001/XMLSchema-instance" xsi:noNamespaceSchemaLocation="http://totem.run.montefiore.ulg.ac.be/Schema/TrafficMatrix-v1_2.xsd">
  <info>
    <title>Intradomain traffic matrix generated by geant-TM-all.pl</title>
    <date>2005-04-15T20:00:00</date>
    <duration>900</duration>
    <author>Steve Uhlig</author>
    <units>
        <unit type="bandwidth" value="kbps"/>
    </units>
  </info>
  <IntraTM ASID="20965">
    <src id="12">
      <dst id="12">479860.0889</dst>
      <dst id="13">21933.2267</dst>
      <dst id="19">10446.4267</dst>
      <dst id="23">13315.1556</dst>
      <dst id="8">3319.3778</dst>
      <dst id="18">108965.0489</dst>
      <dst id="4">4536.9689</dst>
      <dst id="1">11810.4533</dst>
      <dst id="5">2761.9644</dst>
      <dst id="3">416.0978</dst>
      <dst id="10">1550.7644</dst>
      <dst id="22">58639.0400</dst>
      <dst id="7">22033.4222</dst>
      <dst id="2">5309.1022</dst>
      <dst id="16">9364.3556</dst>
      <dst id="14">550.6400</dst>
      <dst id="20">8586.0178</dst>
      <dst id="11">702.8711</dst>
      <dst id="9">61324.9156</dst>
      <dst id="17">81936.3378</dst>
      <dst id="21">5270.1778</dst>
      <dst id="15">3038.7733</dst>
    </src>
    <src id="13">
      <dst id="12">22817.2978</dst>
      <dst id="13">106.0267</dst>
      <dst id="19">9562.6756</dst>
      <dst id="23">2293.9556</dst>
      <dst id="8">2167.8044</dst>
      <dst id="18">1924.0444</dst>
      <dst id="1">32042.4533</dst>
      <dst id="5">1844.4622</dst>
      <dst id="3">12990.5689</dst>
      <dst id="10">0.7467</dst>
      <dst id="22">2780.0533</dst>
      <dst id="7">1232.6933</dst>
      <dst id="2">13179.6089</dst>
      <dst id="16">1333.9733</dst>
      <dst id="14">64.2133</dst>
      <dst id="20">1921.2800</dst>
      <dst id="11">206.9511</dst>
      <dst id="9">2177.8578</dst>
      <dst id="17">30744.4444</dst>
      <dst id="21">825.8222</dst>
      <dst id="15">758.8889</dst>
    </src>
    <src id="19">
      <dst id="12">42625.9733</dst>
      <dst id="13">1372.5333</dst>
      <dst id="23">109.2267</dst>
      <dst id="8">16.9422</dst>
      <dst id="18">448.6400</dst>
      <dst id="4">160.1511</dst>
      <dst id="1">17312.4000</dst>
      <dst id="5">78.1422</dst>
      <dst id="3">13.7600</dst>
      <dst id="10">70.7467</dst>
      <dst id="22">221.2356</dst>
      <dst id="7">1699.8044</dst>
      <dst id="2">1424.9689</dst>
      <dst id="16">290.2311</dst>
      <dst id="14">46.7200</dst>
      <dst id="20">47.4311</dst>
      <dst id="11">0.7378</dst>
      <dst id="9">3232.1511</dst>
      <dst id="17">5840.5511</dst>
      <dst id="21">356.1689</dst>
      <dst id="15">1.5911</dst>
    </src>
    <src id="23">
      <dst id="12">4179.3689</dst>
      <dst id="13">529.6533</dst>
      <dst id="19">43.3244</dst>
      <dst id="8">26.6667</dst>
      <dst id="18">1568.9956</dst>
      <dst id="4">138.6222</dst>
      <dst id="1">488.5422</dst>
      <dst id="5">347.7422</dst>
      <dst id="3">13.3333</dst>
      <dst id="10">44.4000</dst>
      <dst id="22">1114.3111</dst>
      <dst id="7">160.3111</dst>
      <dst id="2">264.5067</dst>
      <dst id="14">25.2444</dst>
      <dst id="20">561.2089</dst>
      <dst id="11">70.6311</dst>
      <dst id="9">377.9556</dst>
      <dst id="17">1372.4267</dst>
      <dst id="21">216.9600</dst>
    </src>
    <src id="8">
      <dst id="12">6421.3333</dst>
      <dst id="13">295.4756</dst>
      <dst id="19">36.4444</dst>
      <dst id="23">0.5689</dst>
      <dst id="18">17.5289</dst>
      <dst id="4">1094.9333</dst>
      <dst id="1">1300.7289</dst>
      <dst id="5">1104.5244</dst>
      <dst id="3">451.7600</dst>
      <dst id="10">64.2489</dst>
      <dst id="22">0.3911</dst>
      <dst id="2">19.8578</dst>
      <dst id="16">251529.3956</dst>
      <dst id="14">13.3333</dst>
      <dst id="11">40.0000</dst>
      <dst id="9">60768.3556</dst>
      <dst id="17">22135.9289</dst>
      <dst id="21">45.3600</dst>
      <dst id="15">58.1333</dst>
    </src>
    <src id="18">
      <dst id="12">119310.5867</dst>
      <dst id="13">618.8000</dst>
      <dst id="19">17.9289</dst>
      <dst id="23">74.8800</dst>
      <dst id="8">6.6222</dst>
      <dst id="4">455.4133</dst>
      <dst id="1">831.4400</dst>
      <dst id="5">90.6756</dst>
      <dst id="3">1677.2711</dst>
      <dst id="10">38.8444</dst>
      <dst id="22">426.0889</dst>
      <dst id="7">77.4311</dst>
      <dst id="2">3858.5867</dst>
      <dst id="16">348.5600</dst>
      <dst id="14">14.9511</dst>
      <dst id="20">619.0489</dst>
      <dst id="11">13.3333</dst>
      <dst id="9">24245.2267</dst>
      <dst id="17">5179.8400</dst>
      <dst id="21">576.1333</dst>
      <dst id="15">2.0978</dst>
    </src>
    <src id="4">
      <dst id="12">27760.6489</dst>
      <dst id="13">21.5556</dst>
      <dst id="19">6421.6444</dst>
      <dst id="23">8843.8933</dst>
      <dst id="8">7034.0000</dst>
      <dst id="18">6495.7600</dst>
      <dst id="4">1633.0133</dst>
      <dst id="1">111229.6444</dst>
      <dst id="5">9630.9511</dst>
      <dst id="3">1671.6978</dst>
      <dst id="22">5823.7244</dst>
      <dst id="2">153659.2533</dst>
      <dst id="6">13.3333</dst>
      <dst id="16">137367.5556</dst>
      <dst id="14">4964.8267</dst>
      <dst id="11">1545.6000</dst>
      <dst id="9">78589.2089</dst>
      <dst id="17">132763.1911</dst>
      <dst id="21">15312.0000</dst>
      <dst id="15">4621.7689</dst>
    </src>
    <src id="1">
      <dst id="12">33612.7556</dst>
      <dst id="13">23512.0267</dst>
      <dst id="19">5234.1600</dst>
      <dst id="23">103.8400</dst>
      <dst id="8">954.2133</dst>
      <dst id="18">15017.1289</dst>
      <dst id="4">3812.1511</dst>
      <dst id="1">597786.2578</dst>
      <dst id="5">973.6889</dst>
      <dst id="3">217.7778</dst>
      <dst id="10">4567.6711</dst>
      <dst id="22">229.5378</dst>
      <dst id="7">19663.3956</dst>
      <dst id="2">56411.8222</dst>
      <dst id="16">43922.4444</dst>
      <dst id="14">4425.6800</dst>
      <dst id="20">6259.1467</dst>
      <dst id="11">953.1822</dst>
      <dst id="9">9611.3156</dst>
      <dst id="17">30246.6756</dst>
      <dst id="21">16491.9644</dst>
      <dst id="15">5251.6978</dst>
    </src>
    <src id="5">
      <dst id="12">32914.0267</dst>
      <dst id="13">1300.9333</dst>
      <dst id="19">109.7333</dst>
      <dst id="23">26.8978</dst>
      <dst id="8">16721.4400</dst>
      <dst id="18">166.4711</dst>
      <dst id="4">516.4889</dst>
      <dst id="1">21790.4267</dst>
      <dst id="3">419.6978</dst>
      <dst id="10">609.3778</dst>
      <dst id="22">331.8222</dst>
      <dst id="2">152.5067</dst>
      <dst id="16">355706.9600</dst>
      <dst id="14">51.7511</dst>
      <dst id="11">0.9244</dst>
      <dst id="9">98564.2933</dst>
      <dst id="17">34487.7422</dst>
      <dst id="21">67.0489</dst>
      <dst id="15">254.4267</dst>
    </src>
    <src id="3">
      <dst id="12">12561.7600</dst>
      <dst id="13">59282.8533</dst>
      <dst id="19">1327.9467</dst>
      <dst id="23">28.3911</dst>
      <dst id="8">102.1956</dst>
      <dst id="18">45.5733</dst>
      <dst id="4">699.3067</dst>
      <dst id="1">35440.1333</dst>
      <dst id="5">288.6400</dst>
      <dst id="3">329.0933</dst>
      <dst id="10">233.2800</dst>
      <dst id="22">131.2800</dst>
      <dst id="7">94169.2800</dst>
      <dst id="2">4334.4267</dst>
      <dst id="16">6953.8667</dst>
      <dst id="14">200.4356</dst>
      <dst id="20">3336.2756</dst>
      <dst id="11">409.6978</dst>
      <dst id="9">3443.6178</dst>
      <dst id="17">44545.7689</dst>
      <dst id="21">935.9378</dst>
      <dst id="15">173.4489</dst>
    </src>
    <src id="10">
      <dst id="12">17976.4267</dst>
      <dst id="13">653.9822</dst>
      <dst id="19">3953.5733</dst>
      <dst id="23">1056.2933</dst>
      <dst id="8">271.9822</dst>
      <dst id="18">5829.8489</dst>
      <dst id="1">5938.4889</dst>
      <dst id="5">4191.4489</dst>
      <dst id="3">687.2178</dst>
      <dst id="22">92.1956</dst>
      <dst id="2">26655.0222</dst>
      <dst id="16">38990.6133</dst>
      <dst id="14">1289.4578</dst>
      <dst id="20">3408.6044</dst>
      <dst id="11">510.8089</dst>
      <dst id="9">3259.0844</dst>
      <dst id="17">71601.3244</dst>
      <dst id="21">4174.8444</dst>
      <dst id="15">254.7467</dst>
    </src>
    <src id="22">
      <dst id="12">10531.5556</dst>
      <dst id="13">6490.6311</dst>
      <dst id="19">306.1511</dst>
      <dst id="23">38.4711</dst>
      <dst id="8">199.6444</dst>
      <dst id="18">338.1067</dst>
      <dst id="4">859.6622</dst>
      <dst id="1">501.7867</dst>
      <dst id="5">2510.7733</dst>
      <dst id="3">1005.1111</dst>
      <dst id="10">392.7111</dst>
      <dst id="7">1155.2444</dst>
      <dst id="2">1651.7778</dst>
      <dst id="16">291.2889</dst>
      <dst id="14">25.4933</dst>
      <dst id="11">48.8533</dst>
      <dst id="9">880.5867</dst>
      <dst id="17">4981.6889</dst>
      <dst id="21">276.6844</dst>
    </src>
    <src id="7">
      <dst id="12">8962.0000</dst>
      <dst id="13">9538.4889</dst>
      <dst id="19">10995.5111</dst>
      <dst id="23">81.6267</dst>
      <dst id="8">219.0222</dst>
      <dst id="18">1686.1689</dst>
      <dst id="4">560.6400</dst>
      <dst id="1">3545.5378</dst>
      <dst id="5">83.8489</dst>
      <dst id="3">862.0978</dst>
      <dst id="10">131.7867</dst>
      <dst id="22">611.6444</dst>
      <dst id="7">25.0667</dst>
      <dst id="2">10169.4756</dst>
      <dst id="16">474.2311</dst>
      <dst id="14">105.9911</dst>
      <dst id="20">269.0756</dst>
      <dst id="11">67.2000</dst>
      <dst id="9">314.2667</dst>
      <dst id="17">4089.3333</dst>
      <dst id="21">1577.8222</dst>
      <dst id="15">108.6489</dst>
    </src>
    <src id="2">
      <dst id="12">129621.6356</dst>
      <dst id="13">54971.1556</dst>
      <dst id="19">2067.7689</dst>
      <dst id="23">7.7867</dst>
      <dst id="8">431.1467</dst>
      <dst id="18">67051.1733</dst>
      <dst id="4">6554.4711</dst>
      <dst id="1">47670.1156</dst>
      <dst id="5">2565.8044</dst>
      <dst id="3">440.2844</dst>
      <dst id="10">1371.9111</dst>
      <dst id="22">5125.8044</dst>
      <dst id="7">8397.1378</dst>
      <dst id="2">5645.7956</dst>
      <dst id="16">302.4000</dst>
      <dst id="14">799.7867</dst>
      <dst id="20">721.3067</dst>
      <dst id="11">1304.4444</dst>
      <dst id="9">1877.1467</dst>
      <dst id="17">30018.4356</dst>
      <dst id="21">4355.4222</dst>
      <dst id="15">376.5956</dst>
    </src>
    <src id="6">
      <dst id="12">966.2044</dst>
      <dst id="13">189.9644</dst>
      <dst id="19">16.0000</dst>
      <dst id="23">13.3333</dst>
      <dst id="8">52.4889</dst>
      <dst id="18">22.9333</dst>
      <dst id="4">1.2978</dst>
      <dst id="1">768.2489</dst>
      <dst id="5">12.4889</dst>
      <dst id="3">0.8178</dst>
      <dst id="22">17.2356</dst>
      <dst id="7">46.6667</dst>
      <dst id="2">344.2756</dst>
      <dst id="16">499.6089</dst>
      <dst id="20">1.9022</dst>
      <dst id="11">11.4667</dst>
      <dst id="9">1859.9022</dst>
      <dst id="17">28380.8089</dst>
      <dst id="21">46.4178</dst>
      <dst id="15">24.7822</dst>
    </src>
    <src id="16">
      <dst id="12">160553.6178</dst>
      <dst id="13">1642.0889</dst>
      <dst id="19">3262.2933</dst>
      <dst id="23">43.1111</dst>
      <dst id="8">113190.8622</dst>
      <dst id="18">34.5333</dst>
      <dst id="4">934.7822</dst>
      <dst id="1">27491.0044</dst>
      <dst id="5">364615.5822</dst>
      <dst id="3">9936.3733</dst>
      <dst id="10">319.5378</dst>
      <dst id="22">13.3333</dst>
      <dst id="2">1197.6444</dst>
      <dst id="16">30676.4178</dst>
      <dst id="14">66124.1156</dst>
      <dst id="11">25783.3778</dst>
      <dst id="9">327430.5511</dst>
      <dst id="17">6951.6533</dst>
      <dst id="21">40.3644</dst>
    </src>
    <src id="14">
      <dst id="12">693.0044</dst>
      <dst id="13">373.7956</dst>
      <dst id="19">31.0133</dst>
      <dst id="23">1.5111</dst>
      <dst id="18">1.8044</dst>
      <dst id="4">79.6356</dst>
      <dst id="1">984.3378</dst>
      <dst id="5">330.8533</dst>
      <dst id="3">1354.6756</dst>
      <dst id="10">2096.7378</dst>
      <dst id="22">0.3556</dst>
      <dst id="7">62.4533</dst>
      <dst id="2">592.8000</dst>
      <dst id="16">1809.8667</dst>
      <dst id="20">129.6000</dst>
      <dst id="11">0.5333</dst>
      <dst id="9">2179.7778</dst>
      <dst id="17">30384.9333</dst>
      <dst id="21">431.8756</dst>
      <dst id="15">1.8844</dst>
    </src>
    <src id="20">
      <dst id="12">706.7644</dst>
      <dst id="13">4644.2044</dst>
      <dst id="19">231.2089</dst>
      <dst id="23">12.6933</dst>
      <dst id="8">738.7111</dst>
      <dst id="18">30.0267</dst>
      <dst id="4">828.9778</dst>
      <dst id="1">785.6622</dst>
      <dst id="5">510.9689</dst>
      <dst id="3">19.8311</dst>
      <dst id="10">86.1067</dst>
      <dst id="22">13.6889</dst>
      <dst id="7">8193.6533</dst>
      <dst id="2">513.6533</dst>
      <dst id="16">5719.4667</dst>
      <dst id="14">15.0578</dst>
      <dst id="20">49.5289</dst>
      <dst id="11">1.5378</dst>
      <dst id="9">2461.4756</dst>
      <dst id="17">3736.3200</dst>
      <dst id="21">793.7511</dst>
    </src>
    <src id="11">
      <dst id="12">38122.6489</dst>
      <dst id="13">2682.5511</dst>
      <dst id="19">152.2844</dst>
      <dst id="23">16.3467</dst>
      <dst id="8">999.9378</dst>
      <dst id="18">85.9911</dst>
      <dst id="4">1438.9511</dst>
      <dst id="1">2569.9911</dst>
      <dst id="5">1270.4978</dst>
      <dst id="3">1085.6711</dst>
      <dst id="10">302.7822</dst>
      <dst id="22">84.0622</dst>
      <dst id="2">7030.4444</dst>
      <dst id="16">11151.3422</dst>
      <dst id="14">479.1022</dst>
      <dst id="20">2037.6622</dst>
      <dst id="11">1100.5689</dst>
      <dst id="9">83888.0889</dst>
      <dst id="17">464625.1822</dst>
      <dst id="21">425.0667</dst>
      <dst id="15">237.7778</dst>
    </src>
    <src id="9">
      <dst id="12">28614.7733</dst>
      <dst id="13">2970.3733</dst>
      <dst id="19">366.0000</dst>
      <dst id="23">366.4000</dst>
      <dst id="8">119084.3111</dst>
      <dst id="18">577.7600</dst>
      <dst id="4">421.1022</dst>
      <dst id="1">7883.7067</dst>
      <dst id="5">848.6489</dst>
      <dst id="3">500.7111</dst>
      <dst id="10">784.7378</dst>
      <dst id="22">2.0978</dst>
      <dst id="2">412.1244</dst>
      <dst id="16">462455.4578</dst>
      <dst id="14">55.2800</dst>
      <dst id="11">79.4400</dst>
      <dst id="9">341287.2978</dst>
      <dst id="17">44527.6800</dst>
      <dst id="21">0.6400</dst>
      <dst id="15">792.6933</dst>
    </src>
    <src id="17">
      <dst id="12">122911.4400</dst>
      <dst id="13">24015.3600</dst>
      <dst id="19">2481.6267</dst>
      <dst id="23">3145.9733</dst>
      <dst id="8">398.4000</dst>
      <dst id="18">1465.0756</dst>
      <dst id="4">9829.1378</dst>
      <dst id="1">17670.2844</dst>
      <dst id="5">219102.1956</dst>
      <dst id="3">7847.8044</dst>
      <dst id="10">4152.9422</dst>
      <dst id="22">878.3289</dst>
      <dst id="7">19056.1333</dst>
      <dst id="2">8944.1156</dst>
      <dst id="16">68082.8444</dst>
      <dst id="14">22607.5111</dst>
      <dst id="20">999.4756</dst>
      <dst id="11">20171.2178</dst>
      <dst id="9">14654.3467</dst>
      <dst id="17">26111.9467</dst>
      <dst id="21">10743.1467</dst>
      <dst id="15">2364.8356</dst>
    </src>
    <src id="21">
      <dst id="12">1388.0356</dst>
      <dst id="13">1710.2844</dst>
      <dst id="19">1143.3778</dst>
      <dst id="23">2121.1111</dst>
      <dst id="8">82.6044</dst>
      <dst id="18">2086.4800</dst>
      <dst id="4">1189.9467</dst>
      <dst id="1">11390.7467</dst>
      <dst id="5">385.8222</dst>
      <dst id="3">957.5289</dst>
      <dst id="10">336.4978</dst>
      <dst id="22">60.0800</dst>
      <dst id="7">1187.1200</dst>
      <dst id="2">6362.4178</dst>
      <dst id="16">8102.1244</dst>
      <dst id="14">233.2622</dst>
      <dst id="20">105.2444</dst>
      <dst id="11">782.8444</dst>
      <dst id="9">3230.2222</dst>
      <dst id="17">22032.8356</dst>
      <dst id="21">2460.3733</dst>
      <dst id="15">88.4800</dst>
    </src>
    <src id="15">
      <dst id="12">2454.7022</dst>
      <dst id="13">2138.4533</dst>
      <dst id="19">34.8267</dst>
      <dst id="23">3.0044</dst>
      <dst id="8">783.0044</dst>
      <dst id="18">26.4889</dst>
      <dst id="4">310.0089</dst>
      <dst id="1">190.8978</dst>
      <dst id="5">1177.3956</dst>
      <dst id="10">27.6978</dst>
      <dst id="2">3817.2178</dst>
      <dst id="16">852.5244</dst>
      <dst id="14">75.0400</dst>
      <dst id="11">50.2133</dst>
      <dst id="9">3096.9778</dst>
      <dst id="17">1633.7956</dst>
      <dst id="21">82.4444</dst>
    </src>
  </IntraTM>
</TrafficMatrixFile>
