Days,Speed
16/10/2018 00:00,241.1257769
16/10/2018 01:00,244.8702371
16/10/2018 02:00,287.920252
16/10/2018 03:00,184.1742072
16/10/2018 04:00,204.0204663
16/10/2018 05:00,209.7382802
16/10/2018 06:00,158.7254695
16/10/2018 07:00,156.4755146
16/10/2018 08:00,196.8051571
16/10/2018 09:00,191.4461053
16/10/2018 10:00,258.6451252
16/10/2018 11:00,229.8083785
16/10/2018 12:00,261.0958089
16/10/2018 13:00,203.3338378
16/10/2018 14:00,186.8448111
16/10/2018 15:00,135.3467143
16/10/2018 16:00,219.9087788
16/10/2018 17:00,319.3920644
16/10/2018 18:00,214.719032
16/10/2018 19:00,258.0044981
16/10/2018 20:00,293.7784211
16/10/2018 21:00,249.9085183
16/10/2018 22:00,258.2344245
16/10/2018 23:00,274.3797158
17/10/2018 00:00,333.4050285
17/10/2018 01:00,361.6271295
17/10/2018 02:00,346.8243899
17/10/2018 03:00,336.2306896
17/10/2018 04:00,306.3331582
17/10/2018 05:00,139.2119845
17/10/2018 06:00,153.2895918
17/10/2018 07:00,166.0321324
17/10/2018 08:00,125.2236085
17/10/2018 09:00,130.7656928
17/10/2018 10:00,148.9836103
17/10/2018 11:00,123.9462927
17/10/2018 12:00,84.96894416
17/10/2018 13:00,131.0607775
17/10/2018 14:00,112.806234
17/10/2018 15:00,122.0830068
17/10/2018 16:00,147.4778356
17/10/2018 17:00,167.7769398
17/10/2018 18:00,178.5148188
17/10/2018 19:00,198.3979519
17/10/2018 20:00,200.2911418
17/10/2018 21:00,182.9359129
17/10/2018 22:00,163.3809477
17/10/2018 23:00,141.8312626
18/10/2018 00:00,167.3947191
18/10/2018 01:00,235.1758904
18/10/2018 02:00,174.2573035
18/10/2018 03:00,173.8534812
18/10/2018 04:00,213.3822197
18/10/2018 05:00,123.8208102
18/10/2018 06:00,199.8734313
18/10/2018 07:00,191.410992
18/10/2018 08:00,152.1752853
18/10/2018 09:00,144.0586832
18/10/2018 10:00,163.27141
18/10/2018 11:00,181.1224912
18/10/2018 12:00,143.9683982
18/10/2018 13:00,169.6752771
18/10/2018 14:00,104.912021
18/10/2018 15:00,126.4817498
18/10/2018 16:00,159.671907
18/10/2018 17:00,215.1273162
18/10/2018 18:00,143.0205316
18/10/2018 19:00,210.7148087
18/10/2018 20:00,191.0587513
18/10/2018 21:00,171.1951655
18/10/2018 22:00,128.6580246
18/10/2018 23:00,172.710479
19/10/2018 00:00,183.9228572
19/10/2018 01:00,217.3939494
19/10/2018 02:00,218.2279124
19/10/2018 03:00,191.4561212
19/10/2018 04:00,168.6977286
19/10/2018 05:00,162.8419489
19/10/2018 06:00,161.3923812
19/10/2018 07:00,132.7036254
19/10/2018 08:00,115.7305287
19/10/2018 09:00,141.3669462
19/10/2018 10:00,154.0926964
19/10/2018 11:00,171.8812523
19/10/2018 12:00,183.6098788
19/10/2018 13:00,163.0147737
19/10/2018 14:00,160.795958
19/10/2018 15:00,127.0904181
19/10/2018 16:00,129.575852
19/10/2018 17:00,141.4206817
19/10/2018 18:00,166.9783829
19/10/2018 19:00,157.7962933
19/10/2018 20:00,153.6559414
19/10/2018 21:00,166.3083473
19/10/2018 22:00,156.4107376
19/10/2018 23:00,144.7568069
20/10/2018 00:00,135.0655786
20/10/2018 01:00,124.682271
20/10/2018 02:00,117.5178281
20/10/2018 03:00,115.7482033
20/10/2018 04:00,137.4905767
20/10/2018 05:00,170.8610382
20/10/2018 06:00,165.2071304
20/10/2018 07:00,125.7891043
20/10/2018 08:00,133.8922297
20/10/2018 09:00,107.3628394
20/10/2018 10:00,124.4712357
20/10/2018 11:00,110.3042395
20/10/2018 12:00,125.1936721
20/10/2018 13:00,177.663091
20/10/2018 14:00,155.8415652
20/10/2018 15:00,202.4903023
20/10/2018 16:00,161.2302559
20/10/2018 17:00,193.0062177
20/10/2018 18:00,181.7228281
20/10/2018 19:00,172.2076377
20/10/2018 20:00,245.7270834
20/10/2018 21:00,196.3543009
20/10/2018 22:00,171.2489172
20/10/2018 23:00,160.8987324
21/10/2018 00:00,155.0437851
21/10/2018 01:00,124.9619995
21/10/2018 02:00,157.7594404
21/10/2018 03:00,129.2985372
21/10/2018 04:00,203.5107514
21/10/2018 05:00,222.6991873
21/10/2018 06:00,115.6469388
21/10/2018 07:00,256.7593448
21/10/2018 08:00,102.8160484
21/10/2018 09:00,137.3488873
21/10/2018 10:00,205.8564519
21/10/2018 11:00,117.3720475
21/10/2018 12:00,163.2026499
21/10/2018 13:00,133.1810667
21/10/2018 14:00,146.691096
21/10/2018 15:00,173.9414841
21/10/2018 16:00,179.7681148
21/10/2018 17:00,252.8648946
21/10/2018 18:00,195.2200407
21/10/2018 19:00,145.3077918
21/10/2018 20:00,149.8655659
21/10/2018 21:00,130.8802403
21/10/2018 22:00,152.9018043
21/10/2018 23:00,109.060937
22/10/2018 00:00,95.95867847
22/10/2018 01:00,127.0199495
22/10/2018 02:00,98.48863835
22/10/2018 03:00,106.3876083
22/10/2018 04:00,84.08387283
22/10/2018 05:00,128.0730904
22/10/2018 06:00,138.4637153
22/10/2018 07:00,73.31543573
22/10/2018 08:00,100.78108
22/10/2018 09:00,84.30229842
22/10/2018 10:00,92.34526657
22/10/2018 11:00,96.3853837
22/10/2018 12:00,89.08538173
22/10/2018 13:00,83.71332358
22/10/2018 14:00,128.9414384
22/10/2018 15:00,112.6224657
22/10/2018 16:00,99.82760174
22/10/2018 17:00,112.4921684
22/10/2018 18:00,103.3004522
22/10/2018 19:00,109.4156645
22/10/2018 20:00,130.0672666
22/10/2018 21:00,104.5485806
22/10/2018 22:00,111.2424279
22/10/2018 23:00,151.4055694
23/10/2018 00:00,122.5613255
23/10/2018 01:00,130.2203936
23/10/2018 02:00,159.3345568
23/10/2018 03:00,166.5383282
23/10/2018 04:00,125.8490097
23/10/2018 05:00,94.53307324
23/10/2018 06:00,80.3548329
23/10/2018 07:00,70.33103694
23/10/2018 08:00,61.06834386
23/10/2018 09:00,71.45891204
23/10/2018 10:00,81.37841597
23/10/2018 11:00,86.45136905
23/10/2018 12:00,69.47067496
23/10/2018 13:00,77.22901499
23/10/2018 14:00,113.6952925
23/10/2018 15:00,106.2333277
23/10/2018 16:00,99.79552412
23/10/2018 17:00,89.37854535
23/10/2018 18:00,97.39983543
23/10/2018 19:00,94.74033706
23/10/2018 20:00,99.48522372
23/10/2018 21:00,88.43998242
23/10/2018 22:00,80.28483708
23/10/2018 23:00,94.37925892
24/10/2018 00:00,85.84754361
24/10/2018 01:00,107.0024857
24/10/2018 02:00,132.8325306
24/10/2018 03:00,106.1800221
24/10/2018 04:00,135.8640858
24/10/2018 05:00,102.8065712
24/10/2018 06:00,106.9869242
24/10/2018 07:00,120.7835776
24/10/2018 08:00,131.6659741
24/10/2018 09:00,137.8085236
24/10/2018 10:00,153.0572616
24/10/2018 11:00,169.0072534
24/10/2018 12:00,168.2774653
24/10/2018 13:00,188.2259831
24/10/2018 14:00,197.0968569
24/10/2018 15:00,231.7125255
24/10/2018 16:00,215.7528046
24/10/2018 17:00,236.0960772
24/10/2018 18:00,218.753831
24/10/2018 19:00,204.5233389
24/10/2018 20:00,208.6643712
24/10/2018 21:00,232.8173764
24/10/2018 22:00,226.4414212
24/10/2018 23:00,219.9326955
25/10/2018 00:00,292.5580966
25/10/2018 01:00,285.0971948
25/10/2018 02:00,306.9394263
25/10/2018 03:00,236.0905622
25/10/2018 04:00,249.4345039
25/10/2018 05:00,240.066669
25/10/2018 06:00,224.0908848
25/10/2018 07:00,236.5458031
25/10/2018 08:00,220.1310443
25/10/2018 09:00,266.70129
25/10/2018 10:00,256.8449284
25/10/2018 11:00,251.3268884
25/10/2018 12:00,234.8341581
25/10/2018 13:00,245.1197855
25/10/2018 14:00,252.7072642
25/10/2018 15:00,247.9183616
25/10/2018 16:00,268.635489
25/10/2018 17:00,277.2763047
25/10/2018 18:00,283.5648451
25/10/2018 19:00,269.7013546
25/10/2018 20:00,237.8484764
25/10/2018 21:00,170.3833042
25/10/2018 22:00,204.1521572
25/10/2018 23:00,330.103146
26/10/2018 00:00,284.1631857
26/10/2018 01:00,250.571301
26/10/2018 02:00,275.8136756
26/10/2018 03:00,241.2234149
26/10/2018 04:00,283.2536364
26/10/2018 05:00,245.2894498
26/10/2018 06:00,239.2036208
26/10/2018 07:00,199.3258097
26/10/2018 08:00,209.6868682
26/10/2018 09:00,215.1344351
26/10/2018 10:00,182.2676641
26/10/2018 11:00,173.3957219
26/10/2018 12:00,156.8614319
26/10/2018 13:00,193.7961965
26/10/2018 14:00,216.3104007
26/10/2018 15:00,257.3212194
26/10/2018 16:00,204.6370974
26/10/2018 17:00,215.0806779
26/10/2018 18:00,196.0029734
26/10/2018 19:00,214.5486843
26/10/2018 20:00,340.4469228
26/10/2018 21:00,242.7195933
26/10/2018 22:00,204.0546488
26/10/2018 23:00,244.6000116
27/10/2018 00:00,210.090655
27/10/2018 01:00,181.4712858
27/10/2018 02:00,257.9079729
27/10/2018 03:00,256.0232013
27/10/2018 04:00,258.0367972
27/10/2018 05:00,314.8829028
27/10/2018 06:00,304.2259566
27/10/2018 07:00,289.3904581
27/10/2018 08:00,240.9738695
27/10/2018 09:00,240.4569974
27/10/2018 10:00,196.4596042
27/10/2018 11:00,193.7999675
27/10/2018 12:00,213.2594993
27/10/2018 13:00,225.4522746
27/10/2018 14:00,259.6700421
27/10/2018 15:00,193.2671148
27/10/2018 16:00,227.8215758
27/10/2018 17:00,203.8288692
27/10/2018 18:00,186.9757711
27/10/2018 19:00,187.7507774
27/10/2018 20:00,200.3538122
27/10/2018 21:00,192.7169976
27/10/2018 22:00,220.0417353
27/10/2018 23:00,201.694981
28/10/2018 00:00,172.9680276
28/10/2018 01:00,173.267546
28/10/2018 02:00,168.5274109
28/10/2018 03:00,185.6658918
28/10/2018 04:00,194.8411903
28/10/2018 05:00,167.3485218
28/10/2018 06:00,183.5566365
28/10/2018 07:00,186.959923
28/10/2018 08:00,167.5849808
28/10/2018 09:00,197.293864
28/10/2018 10:00,188.7382963
28/10/2018 11:00,206.3330219
28/10/2018 12:00,212.4002313
28/10/2018 13:00,240.6808057
28/10/2018 14:00,198.4695891
28/10/2018 15:00,235.990335
28/10/2018 16:00,230.2357655
28/10/2018 17:00,214.4372559
28/10/2018 18:00,160.7681182
28/10/2018 19:00,137.1773157
28/10/2018 20:00,220.0131781
28/10/2018 21:00,197.5346903
28/10/2018 22:00,172.9653067
28/10/2018 23:00,187.2924039
29/10/2018 00:00,181.7871494
29/10/2018 01:00,175.1306417
29/10/2018 02:00,164.8096545
29/10/2018 03:00,172.9137609
29/10/2018 04:00,165.593423
29/10/2018 05:00,169.5679776
29/10/2018 06:00,234.3981594
29/10/2018 07:00,189.3054976
29/10/2018 08:00,224.9735336
29/10/2018 09:00,255.0714613
29/10/2018 10:00,263.8204518
29/10/2018 11:00,226.7080548
29/10/2018 12:00,206.807046
29/10/2018 13:00,235.4938297
29/10/2018 14:00,261.6527738
29/10/2018 15:00,311.2096973
29/10/2018 16:00,247.911381
29/10/2018 17:00,235.1886969
29/10/2018 18:00,221.8123726
29/10/2018 19:00,222.6724121
29/10/2018 20:00,291.6434921
29/10/2018 21:00,286.3596495
29/10/2018 22:00,242.4575396
29/10/2018 23:00,230.3761043
30/10/2018 00:00,277.6296366
30/10/2018 01:00,213.8129049
30/10/2018 02:00,190.4196659
30/10/2018 03:00,229.9068492
30/10/2018 04:00,253.0210271
30/10/2018 05:00,212.3376409
30/10/2018 06:00,248.3055848
30/10/2018 07:00,155.0733277
30/10/2018 08:00,151.3619625
30/10/2018 09:00,197.9364165
30/10/2018 10:00,153.7683729
30/10/2018 11:00,231.0127097
30/10/2018 12:00,214.2961613
30/10/2018 13:00,203.6737342
30/10/2018 14:00,249.9166319
30/10/2018 15:00,244.4561884
30/10/2018 16:00,237.435046
30/10/2018 17:00,196.9643701
30/10/2018 18:00,202.3566436
30/10/2018 19:00,284.2967052
30/10/2018 20:00,256.5553511
30/10/2018 21:00,230.5065561
30/10/2018 22:00,228.6104065
30/10/2018 23:00,278.9497
31/10/2018 00:00,212.825674
31/10/2018 01:00,206.1682971
31/10/2018 02:00,171.9905294
31/10/2018 03:00,218.0880018
31/10/2018 04:00,274.9901952
31/10/2018 05:00,275.9181159
31/10/2018 06:00,208.1685419
31/10/2018 07:00,200.7446529
31/10/2018 08:00,177.7846639
31/10/2018 09:00,249.9526819
31/10/2018 10:00,290.8405683
31/10/2018 11:00,216.4103966
31/10/2018 12:00,165.8101539
31/10/2018 13:00,215.2726056
31/10/2018 14:00,244.9086584
31/10/2018 15:00,240.1983784
31/10/2018 16:00,301.9441646
31/10/2018 17:00,311.2896779
31/10/2018 18:00,388.5285424
31/10/2018 19:00,334.8166687
31/10/2018 20:00,269.3032262
31/10/2018 21:00,260.1712739
31/10/2018 22:00,243.4686692
31/10/2018 23:00,231.950725
01/11/2018 00:00,248.6130714
01/11/2018 01:00,286.6245092
01/11/2018 02:00,374.1186799
01/11/2018 03:00,321.1433616
01/11/2018 04:00,352.1530728
01/11/2018 05:00,277.7964603
01/11/2018 06:00,277.3146532
01/11/2018 07:00,277.4609857
01/11/2018 08:00,264.1154702
01/11/2018 09:00,278.2640597
01/11/2018 10:00,368.1006024
01/11/2018 11:00,312.0586587
01/11/2018 12:00,273.1806466
01/11/2018 13:00,290.0698955
01/11/2018 14:00,294.2278655
01/11/2018 15:00,333.6856065
01/11/2018 16:00,344.4871911
01/11/2018 17:00,257.8671254
01/11/2018 18:00,300.368499
01/11/2018 19:00,317.6192912
01/11/2018 20:00,326.862916
01/11/2018 21:00,271.4710289
01/11/2018 22:00,284.255832
01/11/2018 23:00,275.1451653
02/11/2018 00:00,241.8852483
02/11/2018 01:00,231.0937514
02/11/2018 02:00,257.9068893
02/11/2018 03:00,257.5575203
02/11/2018 04:00,176.0258647
02/11/2018 05:00,209.5367933
02/11/2018 06:00,215.8026652
02/11/2018 07:00,239.1395644
02/11/2018 08:00,279.0440567
02/11/2018 09:00,229.5262684
02/11/2018 10:00,230.7305353
02/11/2018 11:00,210.2720364
02/11/2018 12:00,224.0743709
02/11/2018 13:00,251.3615769
02/11/2018 14:00,232.1424323
02/11/2018 15:00,208.9963859
02/11/2018 16:00,198.6646426
02/11/2018 17:00,229.1210991
02/11/2018 18:00,211.0913147
02/11/2018 19:00,190.6511149
02/11/2018 20:00,176.1200236
02/11/2018 21:00,176.9510764
02/11/2018 22:00,161.6346237
02/11/2018 23:00,143.1584284
03/11/2018 00:00,142.8403286
03/11/2018 01:00,229.4208646
03/11/2018 02:00,176.7983167
03/11/2018 03:00,153.4410222
03/11/2018 04:00,200.7317548
03/11/2018 05:00,252.9444981
03/11/2018 06:00,220.4763244
03/11/2018 07:00,191.8994206
03/11/2018 08:00,160.0098319
03/11/2018 09:00,175.2754375
03/11/2018 10:00,216.2506172
03/11/2018 11:00,233.478842
03/11/2018 12:00,219.2348384
03/11/2018 13:00,220.2488009
03/11/2018 14:00,200.9938384
03/11/2018 15:00,218.7122966
03/11/2018 16:00,208.9329963
03/11/2018 17:00,224.1272846
03/11/2018 18:00,242.8118742
03/11/2018 19:00,259.123567
03/11/2018 20:00,250.1986013
03/11/2018 21:00,259.1652103
03/11/2018 22:00,289.2113061
03/11/2018 23:00,284.00605
04/11/2018 00:00,232.6763632
04/11/2018 01:00,249.6924633
04/11/2018 02:00,250.0576495
04/11/2018 03:00,288.8710799
04/11/2018 04:00,221.6003767
04/11/2018 05:00,257.6015738
04/11/2018 06:00,253.8277071
04/11/2018 07:00,239.6771399
04/11/2018 08:00,206.0578858
04/11/2018 09:00,202.7779926
04/11/2018 10:00,210.398387
04/11/2018 11:00,234.1324703
04/11/2018 12:00,284.8492847
04/11/2018 13:00,265.3482019
04/11/2018 14:00,236.9702297
04/11/2018 15:00,207.6881702
04/11/2018 16:00,263.7407369
04/11/2018 17:00,261.9335504
04/11/2018 18:00,223.0859548
04/11/2018 19:00,292.2678923
04/11/2018 20:00,281.3223134
04/11/2018 21:00,240.7036764
04/11/2018 22:00,240.8714251
04/11/2018 23:00,273.6822627
05/11/2018 00:00,280.316788
05/11/2018 01:00,261.9455856
05/11/2018 02:00,283.5934386
05/11/2018 03:00,299.5833518
05/11/2018 04:00,247.0222094
05/11/2018 05:00,259.4501631
05/11/2018 06:00,248.9869006
05/11/2018 07:00,220.6482665
05/11/2018 08:00,210.0763714
05/11/2018 09:00,208.2828462
05/11/2018 10:00,278.2721887
05/11/2018 11:00,224.3493972
05/11/2018 12:00,211.0404459
05/11/2018 13:00,245.9066527
05/11/2018 14:00,178.5350928
05/11/2018 15:00,264.1999652
05/11/2018 16:00,299.6128234
05/11/2018 17:00,273.5518813
05/11/2018 18:00,262.2330174
05/11/2018 19:00,366.735643
05/11/2018 20:00,365.5426163
05/11/2018 21:00,299.8714342
05/11/2018 22:00,278.5321827
05/11/2018 23:00,329.0254926
06/11/2018 00:00,265.2087453
06/11/2018 01:00,259.4796462
06/11/2018 02:00,260.8941324
06/11/2018 03:00,299.7944608
06/11/2018 04:00,301.8193869
06/11/2018 05:00,243.6900972
06/11/2018 06:00,202.430546
06/11/2018 07:00,218.9524393
06/11/2018 08:00,135.464742
06/11/2018 09:00,137.7734897
06/11/2018 10:00,155.4206399
06/11/2018 11:00,182.3236589
06/11/2018 12:00,204.0213368
06/11/2018 13:00,198.0323161
06/11/2018 14:00,173.7417869
06/11/2018 15:00,156.7262981
06/11/2018 16:00,209.9199057
06/11/2018 17:00,197.4886619
06/11/2018 18:00,183.2518574
06/11/2018 19:00,174.9434945
06/11/2018 20:00,171.2157458
06/11/2018 21:00,169.4908678
06/11/2018 22:00,163.7789064
06/11/2018 23:00,174.3735905
07/11/2018 00:00,166.0714356
07/11/2018 01:00,163.9301163
07/11/2018 02:00,149.6865666
07/11/2018 03:00,126.5474558
07/11/2018 04:00,123.92486
07/11/2018 05:00,124.2502503
07/11/2018 06:00,136.7333589
07/11/2018 07:00,141.38231
07/11/2018 08:00,127.4920701
07/11/2018 09:00,98.78988555
07/11/2018 10:00,105.2395797
07/11/2018 11:00,120.2540583
07/11/2018 12:00,137.0068382
07/11/2018 13:00,129.5123205
07/11/2018 14:00,133.2326538
07/11/2018 15:00,146.9519245
07/11/2018 16:00,135.4855997
07/11/2018 17:00,164.813402
07/11/2018 18:00,166.5635108
07/11/2018 19:00,186.1645801
07/11/2018 20:00,221.7991063
07/11/2018 21:00,261.0881102
07/11/2018 22:00,290.9809779
07/11/2018 23:00,230.0413262
08/11/2018 00:00,245.4944511
08/11/2018 01:00,319.5117353
08/11/2018 02:00,244.2632866
08/11/2018 03:00,268.925056
08/11/2018 04:00,318.4346961
08/11/2018 05:00,298.0914563
08/11/2018 06:00,236.928702
08/11/2018 07:00,251.4125838
08/11/2018 08:00,226.3907226
08/11/2018 09:00,164.8778882
08/11/2018 10:00,197.2659939
08/11/2018 11:00,184.3838757
08/11/2018 12:00,125.9219732
08/11/2018 13:00,137.6906363
08/11/2018 14:00,136.3044711
08/11/2018 15:00,150.4258619
08/11/2018 16:00,195.4533933
08/11/2018 17:00,181.8611431
08/11/2018 18:00,165.0034968
08/11/2018 19:00,183.1889932
08/11/2018 20:00,179.4899459
08/11/2018 21:00,179.4007116
08/11/2018 22:00,188.4629595
08/11/2018 23:00,233.959104
09/11/2018 00:00,234.9977479
09/11/2018 01:00,170.3916814
09/11/2018 02:00,146.4542636
09/11/2018 03:00,138.2300752
09/11/2018 04:00,138.8658456
09/11/2018 05:00,130.9787924
09/11/2018 06:00,192.1603491
09/11/2018 07:00,211.1398429
09/11/2018 08:00,211.4727882
09/11/2018 09:00,189.4959527
09/11/2018 10:00,149.2283205
09/11/2018 11:00,172.4540085
09/11/2018 12:00,178.6818743
09/11/2018 13:00,160.2256848
09/11/2018 14:00,179.2497912
09/11/2018 15:00,184.6993382
09/11/2018 16:00,155.5696116
09/11/2018 17:00,134.2949016
09/11/2018 18:00,137.4489214
09/11/2018 19:00,198.4357239
09/11/2018 20:00,182.3551302
09/11/2018 21:00,210.0272868
09/11/2018 22:00,218.7228109
09/11/2018 23:00,224.2666847
10/11/2018 00:00,205.9569797
10/11/2018 01:00,191.1185349
10/11/2018 02:00,238.5957697
10/11/2018 03:00,197.0108788
10/11/2018 04:00,225.0630291
10/11/2018 05:00,226.8488074
10/11/2018 06:00,237.8700532
10/11/2018 07:00,217.7939443
10/11/2018 08:00,275.6785594
10/11/2018 09:00,301.8892633
10/11/2018 10:00,238.2434134
10/11/2018 11:00,261.5237285
10/11/2018 12:00,289.5475911
10/11/2018 13:00,303.4457033
10/11/2018 14:00,331.3700331
10/11/2018 15:00,324.6158712
10/11/2018 16:00,315.7479686
10/11/2018 17:00,247.4067769
10/11/2018 18:00,262.8835132
10/11/2018 19:00,263.3583946
10/11/2018 20:00,260.2785273
10/11/2018 21:00,257.9174033
10/11/2018 22:00,240.3898669
10/11/2018 23:00,224.929571
11/11/2018 00:00,224.0378968
11/11/2018 01:00,195.9152628
11/11/2018 02:00,176.4378152
11/11/2018 03:00,181.0151374
11/11/2018 04:00,185.4848978
11/11/2018 05:00,222.931069
11/11/2018 06:00,197.0043246
11/11/2018 07:00,174.4922218
11/11/2018 08:00,182.713264
11/11/2018 09:00,176.1082058
11/11/2018 10:00,171.240846
11/11/2018 11:00,143.6106487
11/11/2018 12:00,201.8084361
11/11/2018 13:00,254.2837982
11/11/2018 14:00,231.1825741
11/11/2018 15:00,265.6079231
11/11/2018 16:00,238.8796697
11/11/2018 17:00,226.0867058
11/11/2018 18:00,187.3858029
11/11/2018 19:00,204.0523983
11/11/2018 20:00,186.2543336
11/11/2018 21:00,198.8451433
11/11/2018 22:00,193.3489223
11/11/2018 23:00,193.9957093
12/11/2018 00:00,200.1008528
12/11/2018 01:00,201.4895892
12/11/2018 02:00,191.2049971
12/11/2018 03:00,213.5616059
12/11/2018 04:00,213.4454944
12/11/2018 05:00,223.3027323
12/11/2018 06:00,219.2162994
12/11/2018 07:00,241.4845221
12/11/2018 08:00,195.6402003
12/11/2018 09:00,195.9413852
12/11/2018 10:00,190.1932074
12/11/2018 11:00,200.2205778
12/11/2018 12:00,151.6923862
12/11/2018 13:00,152.3330558
12/11/2018 14:00,142.3782823
12/11/2018 15:00,138.8833303
12/11/2018 16:00,137.655906
12/11/2018 17:00,144.6726021
12/11/2018 18:00,125.1681382
12/11/2018 19:00,117.6370975
12/11/2018 20:00,128.3221417
12/11/2018 21:00,108.990204
12/11/2018 22:00,116.4646319
12/11/2018 23:00,130.5338074
13/11/2018 00:00,117.0342083
13/11/2018 01:00,142.6391952
13/11/2018 02:00,136.2004251
13/11/2018 03:00,158.3790112
13/11/2018 04:00,141.2686355
13/11/2018 05:00,128.2521686
13/11/2018 06:00,132.4308268
13/11/2018 07:00,144.3387309
13/11/2018 08:00,121.0251388
13/11/2018 09:00,107.2133409
13/11/2018 10:00,117.2555042
13/11/2018 11:00,114.1004029
13/11/2018 12:00,134.766241
13/11/2018 13:00,142.862859
13/11/2018 14:00,165.6440323
13/11/2018 15:00,177.6826826
13/11/2018 16:00,139.1714427
13/11/2018 17:00,202.9400954
13/11/2018 18:00,159.9338019
13/11/2018 19:00,167.5450158
13/11/2018 20:00,183.9036398
13/11/2018 21:00,223.8505366
13/11/2018 22:00,162.1111479
13/11/2018 23:00,180.1995383
14/11/2018 00:00,193.9202646
14/11/2018 01:00,182.9907474
14/11/2018 02:00,172.8956291
14/11/2018 03:00,185.3757394
14/11/2018 04:00,160.0800306
14/11/2018 05:00,161.4980459
14/11/2018 06:00,230.3203929
14/11/2018 07:00,241.6837312
14/11/2018 08:00,270.4599098
14/11/2018 09:00,262.3743078
14/11/2018 10:00,305.8896963
14/11/2018 11:00,255.2781069
14/11/2018 12:00,316.5107358
14/11/2018 13:00,297.7437118
14/11/2018 14:00,368.9231616
14/11/2018 15:00,293.4290177
14/11/2018 16:00,262.3029486
14/11/2018 17:00,260.296994
14/11/2018 18:00,247.8118672
14/11/2018 19:00,245.5258851
14/11/2018 20:00,246.3219078
14/11/2018 21:00,248.4590955
14/11/2018 22:00,217.5224806
14/11/2018 23:00,235.7488417
15/11/2018 00:00,250.2203947
15/11/2018 01:00,237.7835107
15/11/2018 02:00,248.3238108
15/11/2018 03:00,201.9315891
15/11/2018 04:00,224.9884082
15/11/2018 05:00,215.0113427
15/11/2018 06:00,213.0922087
15/11/2018 07:00,169.4728462
15/11/2018 08:00,146.9243503
15/11/2018 09:00,115.4302906
15/11/2018 10:00,164.6580467
15/11/2018 11:00,188.5030134
15/11/2018 12:00,175.6150469
15/11/2018 13:00,214.281985
15/11/2018 14:00,219.7820129
15/11/2018 15:00,215.1411601
15/11/2018 16:00,291.0275108
15/11/2018 17:00,423.0042386
15/11/2018 18:00,388.1482538
15/11/2018 19:00,382.5152737
15/11/2018 20:00,364.8271626
15/11/2018 21:00,360.7478993
15/11/2018 22:00,357.7394448
15/11/2018 23:00,337.1402733
16/11/2018 00:00,317.5193433
16/11/2018 01:00,228.8966474
16/11/2018 02:00,267.3171321
16/11/2018 03:00,287.8210933
16/11/2018 04:00,288.8552588
16/11/2018 05:00,333.1654326
16/11/2018 06:00,330.7527307
16/11/2018 07:00,394.975452
16/11/2018 08:00,404.9358483
16/11/2018 09:00,325.9489863
16/11/2018 10:00,402.467577
16/11/2018 11:00,332.9004782
16/11/2018 12:00,350.017231
16/11/2018 13:00,386.1640329
16/11/2018 14:00,320.701197
16/11/2018 15:00,339.7187804
16/11/2018 16:00,347.5565538
16/11/2018 17:00,412.0053307
16/11/2018 18:00,453.8333648
16/11/2018 19:00,539.7215548
16/11/2018 20:00,583.8893373
16/11/2018 21:00,496.5428955
16/11/2018 22:00,453.1458169
16/11/2018 23:00,366.2855685
17/11/2018 00:00,364.0050291
17/11/2018 01:00,446.4598955
17/11/2018 02:00,401.2880846
17/11/2018 03:00,367.2132572
17/11/2018 04:00,470.838867
17/11/2018 05:00,515.7373744
17/11/2018 06:00,544.1500786
17/11/2018 07:00,490.3901744
17/11/2018 08:00,464.2429041
17/11/2018 09:00,433.9080739
17/11/2018 10:00,329.8023009
17/11/2018 11:00,340.4501409
17/11/2018 12:00,408.7798181
17/11/2018 13:00,438.4000876
17/11/2018 14:00,483.1522839
17/11/2018 15:00,429.0859472
17/11/2018 16:00,401.2099828
17/11/2018 17:00,411.7211896
17/11/2018 18:00,402.9696135
17/11/2018 19:00,400.0752973
17/11/2018 20:00,358.3981681
17/11/2018 21:00,346.2101397
17/11/2018 22:00,297.4483498
17/11/2018 23:00,295.9244456
18/11/2018 00:00,311.4904237
18/11/2018 01:00,349.2643268
18/11/2018 02:00,380.228483
18/11/2018 03:00,260.8917384
18/11/2018 04:00,264.0118737
18/11/2018 05:00,280.7713769
18/11/2018 06:00,246.7022479
18/11/2018 07:00,313.2788669
18/11/2018 08:00,293.3813668
18/11/2018 09:00,277.2557986
18/11/2018 10:00,329.2269666
18/11/2018 11:00,287.5997314
18/11/2018 12:00,345.86278
18/11/2018 13:00,343.9318607
18/11/2018 14:00,327.5747768
18/11/2018 15:00,357.0812805
18/11/2018 16:00,371.8622277
18/11/2018 17:00,370.6500988
18/11/2018 18:00,424.641894
18/11/2018 19:00,359.7169077
18/11/2018 20:00,435.3373012
18/11/2018 21:00,392.9540253
18/11/2018 22:00,292.0934641
18/11/2018 23:00,389.3557582
19/11/2018 00:00,405.9801319
19/11/2018 01:00,369.7972411
19/11/2018 02:00,389.6100033
19/11/2018 03:00,364.9519068
19/11/2018 04:00,392.1322624
19/11/2018 05:00,426.7607403
19/11/2018 06:00,337.9428457
19/11/2018 07:00,337.8355909
19/11/2018 08:00,294.5863457
19/11/2018 09:00,311.6885311
19/11/2018 10:00,298.10876
19/11/2018 11:00,414.1534492
19/11/2018 12:00,372.9664815
19/11/2018 13:00,273.6546188
19/11/2018 14:00,298.0158039
19/11/2018 15:00,369.9746385
19/11/2018 16:00,389.7133755
19/11/2018 17:00,393.3821842
19/11/2018 18:00,361.338756
19/11/2018 19:00,326.0209113
19/11/2018 20:00,353.7667657
19/11/2018 21:00,307.6447548
19/11/2018 22:00,295.3694318
19/11/2018 23:00,341.6695226
20/11/2018 00:00,328.7716159
20/11/2018 01:00,331.9275418
20/11/2018 02:00,343.5203984
20/11/2018 03:00,380.6221369
20/11/2018 04:00,404.7090408
20/11/2018 05:00,350.924461
20/11/2018 06:00,351.7264778
20/11/2018 07:00,345.4826698
20/11/2018 08:00,335.4028468
20/11/2018 09:00,294.1808295
20/11/2018 10:00,317.577876
20/11/2018 11:00,296.3770034
20/11/2018 12:00,309.6794256
20/11/2018 13:00,323.3172784
20/11/2018 14:00,274.4702328
20/11/2018 15:00,333.2548975
20/11/2018 16:00,353.7882157
20/11/2018 17:00,390.734695
20/11/2018 18:00,359.4717808
20/11/2018 19:00,371.6843774
20/11/2018 20:00,268.8919282
20/11/2018 21:00,323.5756454
20/11/2018 22:00,345.7502834
20/11/2018 23:00,326.7601601
21/11/2018 00:00,331.6906879
21/11/2018 01:00,315.9481626
21/11/2018 02:00,353.4371648
21/11/2018 03:00,341.6145696
21/11/2018 04:00,354.2794728
21/11/2018 05:00,362.9363617
21/11/2018 06:00,342.2268258
21/11/2018 07:00,298.192276
21/11/2018 08:00,293.0015365
21/11/2018 09:00,316.099096
21/11/2018 10:00,330.6750801
21/11/2018 11:00,329.5992499
21/11/2018 12:00,346.6066719
21/11/2018 13:00,355.5787601
21/11/2018 14:00,330.4049136
21/11/2018 15:00,475.0535555
21/11/2018 16:00,363.7175851
21/11/2018 17:00,408.3490111
21/11/2018 18:00,371.7772033
21/11/2018 19:00,339.097065
21/11/2018 20:00,333.2896255
21/11/2018 21:00,223.2670713
21/11/2018 22:00,357.4999073
21/11/2018 23:00,410.8615922
22/11/2018 00:00,342.3588075
22/11/2018 01:00,261.5121313
22/11/2018 02:00,316.6973093
22/11/2018 03:00,307.9568228
22/11/2018 04:00,414.0110644
22/11/2018 05:00,366.0119712
22/11/2018 06:00,357.0915588
22/11/2018 07:00,336.5902465
22/11/2018 08:00,311.0764268
22/11/2018 09:00,336.8983258
22/11/2018 10:00,337.49108
22/11/2018 11:00,361.695119
22/11/2018 12:00,283.9358005
22/11/2018 13:00,300.4020751
22/11/2018 14:00,256.3284412
22/11/2018 15:00,287.9120093
22/11/2018 16:00,230.6953933
22/11/2018 17:00,306.3938135
22/11/2018 18:00,292.9225734
22/11/2018 19:00,352.7622607
22/11/2018 20:00,324.3608286
22/11/2018 21:00,269.751677
22/11/2018 22:00,343.0341892
22/11/2018 23:00,365.2916682
23/11/2018 00:00,357.9869684
23/11/2018 01:00,374.2305305
23/11/2018 02:00,351.7544899
23/11/2018 03:00,401.4567192
23/11/2018 04:00,416.5601575
23/11/2018 05:00,251.3342462
23/11/2018 06:00,311.4866384
23/11/2018 07:00,210.0990326
23/11/2018 08:00,254.1261313
23/11/2018 09:00,200.4670341
23/11/2018 10:00,320.1751585
23/11/2018 11:00,272.6689219
23/11/2018 12:00,324.9535222
23/11/2018 13:00,323.3550049
23/11/2018 14:00,404.9216311
23/11/2018 15:00,358.0660936
23/11/2018 16:00,281.0851784
23/11/2018 17:00,286.9631805
23/11/2018 18:00,380.6248888
23/11/2018 19:00,308.7911801
23/11/2018 20:00,288.8984061
23/11/2018 21:00,282.6905036
23/11/2018 22:00,316.5502762
23/11/2018 23:00,339.4606488
24/11/2018 00:00,381.0423022
24/11/2018 01:00,350.1135571
24/11/2018 02:00,390.6404662
24/11/2018 03:00,337.232826
24/11/2018 04:00,323.3884535
24/11/2018 05:00,339.3417939
24/11/2018 06:00,349.4250579
24/11/2018 07:00,326.0564968
24/11/2018 08:00,353.2943203
24/11/2018 09:00,332.2571821
24/11/2018 10:00,294.7024229
24/11/2018 11:00,317.8779341
24/11/2018 12:00,287.8287234
24/11/2018 13:00,293.5011378
24/11/2018 14:00,198.2613785
24/11/2018 15:00,222.5554143
24/11/2018 16:00,259.9130932
24/11/2018 17:00,221.0784354
24/11/2018 18:00,276.2303951
24/11/2018 19:00,317.2738888
24/11/2018 20:00,266.1484132
24/11/2018 21:00,262.7128732
24/11/2018 22:00,300.9375049
24/11/2018 23:00,315.4864406
25/11/2018 00:00,282.9920218
25/11/2018 01:00,273.4853817
25/11/2018 02:00,311.1525887
25/11/2018 03:00,280.7435113
25/11/2018 04:00,338.7185096
25/11/2018 05:00,374.2016844
25/11/2018 06:00,323.6116094
25/11/2018 07:00,375.7589504
25/11/2018 08:00,262.772065
25/11/2018 09:00,279.1592382
25/11/2018 10:00,381.0973238
25/11/2018 11:00,409.037501
25/11/2018 12:00,374.5782604
25/11/2018 13:00,338.6439957
25/11/2018 14:00,373.7380599
25/11/2018 15:00,301.6176212
25/11/2018 16:00,411.3817972
25/11/2018 17:00,355.5333373
25/11/2018 18:00,357.0740612
25/11/2018 19:00,379.1113274
25/11/2018 20:00,341.6411414
25/11/2018 21:00,339.6236279
25/11/2018 22:00,413.2587307
25/11/2018 23:00,474.7928808
26/11/2018 00:00,456.5868749
26/11/2018 01:00,473.8821008
26/11/2018 02:00,510.4193913
26/11/2018 03:00,407.5169047
26/11/2018 04:00,421.5263878
26/11/2018 05:00,422.2331578
26/11/2018 06:00,349.5516801
26/11/2018 07:00,373.8484776
26/11/2018 08:00,326.9172438
26/11/2018 09:00,322.3341681
26/11/2018 10:00,420.2723248
26/11/2018 11:00,403.1147988
26/11/2018 12:00,376.3013892
26/11/2018 13:00,418.155352
26/11/2018 14:00,377.6004467
26/11/2018 15:00,384.7433571
26/11/2018 16:00,375.3893107
26/11/2018 17:00,324.7596407
26/11/2018 18:00,367.7136797
26/11/2018 19:00,406.7288572
26/11/2018 20:00,355.6549209
26/11/2018 21:00,334.6004414
26/11/2018 22:00,267.7538562
26/11/2018 23:00,292.4846925
27/11/2018 00:00,293.2346877
27/11/2018 01:00,285.8186881
27/11/2018 02:00,413.4508624
27/11/2018 03:00,297.9660038
27/11/2018 04:00,359.8921849
27/11/2018 05:00,320.4516828
27/11/2018 06:00,327.046387
27/11/2018 07:00,290.3126956
27/11/2018 08:00,334.4431093
27/11/2018 09:00,264.5623932
27/11/2018 10:00,331.5398927
27/11/2018 11:00,367.0627978
27/11/2018 12:00,318.8101722
27/11/2018 13:00,345.9336261
27/11/2018 14:00,353.9577525
27/11/2018 15:00,378.7282073
27/11/2018 16:00,296.5730962
27/11/2018 17:00,384.4885887
27/11/2018 18:00,358.5450034
27/11/2018 19:00,339.6737648
27/11/2018 20:00,329.5827926
27/11/2018 21:00,328.2835659
27/11/2018 22:00,371.0358499
27/11/2018 23:00,411.4327766
28/11/2018 00:00,409.3685943
28/11/2018 01:00,437.2842075
28/11/2018 02:00,341.5554748
28/11/2018 03:00,318.4370932
28/11/2018 04:00,364.1657619
28/11/2018 05:00,361.5394407
28/11/2018 06:00,383.3651818
28/11/2018 07:00,385.024409
28/11/2018 08:00,434.2679644
28/11/2018 09:00,416.6030653
28/11/2018 10:00,553.9912514
28/11/2018 11:00,518.4146532
28/11/2018 12:00,534.9292233
28/11/2018 13:00,545.4040121
28/11/2018 14:00,429.6316499
28/11/2018 15:00,411.7258785
28/11/2018 16:00,450.3494442
28/11/2018 17:00,490.9560794
28/11/2018 18:00,430.4073652
28/11/2018 19:00,469.5052269
28/11/2018 20:00,402.7748235
28/11/2018 21:00,326.6956266
28/11/2018 22:00,301.1718338
28/11/2018 23:00,427.4318594
29/11/2018 00:00,406.5577078
29/11/2018 01:00,425.8901006
29/11/2018 02:00,486.4202803
29/11/2018 03:00,410.8494649
29/11/2018 04:00,386.3997209
29/11/2018 05:00,396.5181344
29/11/2018 06:00,368.3066255
29/11/2018 07:00,342.9696711
29/11/2018 08:00,365.7057289
29/11/2018 09:00,345.2286604
29/11/2018 10:00,441.1956738
29/11/2018 11:00,405.214378
29/11/2018 12:00,407.2171054
29/11/2018 13:00,492.7597948
29/11/2018 14:00,354.5533066
29/11/2018 15:00,270.0479451
29/11/2018 16:00,251.7153005
29/11/2018 17:00,454.7607429
29/11/2018 18:00,356.0115672
29/11/2018 19:00,476.2566379
29/11/2018 20:00,425.8955288
29/11/2018 21:00,308.5466048
29/11/2018 22:00,485.6747781
29/11/2018 23:00,364.2238091
30/11/2018 00:00,367.3323273
30/11/2018 01:00,328.4246718
30/11/2018 02:00,403.6923528
30/11/2018 03:00,329.6293391
30/11/2018 04:00,263.3450948
30/11/2018 05:00,392.6013977
30/11/2018 06:00,442.3887241
30/11/2018 07:00,326.5877498
30/11/2018 08:00,257.3135017
30/11/2018 09:00,331.498945
30/11/2018 10:00,255.1668144
30/11/2018 11:00,266.7749739
30/11/2018 12:00,247.3262051
30/11/2018 13:00,243.979257
30/11/2018 14:00,241.8881969
30/11/2018 15:00,215.5483705
30/11/2018 16:00,218.0723959
30/11/2018 17:00,229.8065617
30/11/2018 18:00,170.4410438
30/11/2018 19:00,293.7441972
30/11/2018 20:00,229.0604731
30/11/2018 21:00,226.9514501
30/11/2018 22:00,225.2841619
30/11/2018 23:00,222.2007135
01/12/2018 00:00,188.9142647
01/12/2018 01:00,187.7613497
01/12/2018 02:00,235.1351646
01/12/2018 03:00,189.2304975
01/12/2018 04:00,216.1313314
01/12/2018 05:00,210.2640417
01/12/2018 06:00,221.181211
01/12/2018 07:00,193.7551986
01/12/2018 08:00,163.1696328
01/12/2018 09:00,160.7506993
01/12/2018 10:00,169.0826434
01/12/2018 11:00,183.6697487
01/12/2018 12:00,252.7496734
01/12/2018 13:00,229.0570244
01/12/2018 14:00,200.5625183
01/12/2018 15:00,178.3082896
01/12/2018 16:00,184.9905875
01/12/2018 17:00,196.6242609
01/12/2018 18:00,135.4265484
01/12/2018 19:00,166.7256051
01/12/2018 20:00,111.65446
01/12/2018 21:00,135.1213346
01/12/2018 22:00,124.4365441
01/12/2018 23:00,116.8527203
02/12/2018 00:00,121.9393478
02/12/2018 01:00,132.9392113
02/12/2018 02:00,204.5163606
02/12/2018 03:00,183.6419268
02/12/2018 04:00,194.6899645
02/12/2018 05:00,191.6573931
02/12/2018 06:00,143.3844833
02/12/2018 07:00,157.1974611
02/12/2018 08:00,177.8083533
02/12/2018 09:00,186.9243109
02/12/2018 10:00,140.810716
02/12/2018 11:00,138.3298258
02/12/2018 12:00,169.9123917
02/12/2018 13:00,164.4637905
02/12/2018 14:00,209.5289272
02/12/2018 15:00,231.2421455
02/12/2018 16:00,188.150783
02/12/2018 17:00,147.8870475
02/12/2018 18:00,127.3754181
02/12/2018 19:00,150.3690248
02/12/2018 20:00,114.2204576
02/12/2018 21:00,139.3350105
02/12/2018 22:00,113.0722459
02/12/2018 23:00,99.61128277
03/12/2018 00:00,109.104942
03/12/2018 01:00,108.5675975
03/12/2018 02:00,165.2266439
03/12/2018 03:00,153.2525904
03/12/2018 04:00,150.4338974
03/12/2018 05:00,152.9433541
03/12/2018 06:00,154.2909889
03/12/2018 07:00,121.5098161
03/12/2018 08:00,116.411361
03/12/2018 09:00,100.0472512
03/12/2018 10:00,177.2652989
03/12/2018 11:00,197.7531129
03/12/2018 12:00,172.451215
03/12/2018 13:00,101.8159558
03/12/2018 14:00,91.6416921
03/12/2018 15:00,104.8707261
03/12/2018 16:00,147.564254
03/12/2018 17:00,149.1474243
03/12/2018 18:00,193.8483119
03/12/2018 19:00,155.2213593
03/12/2018 20:00,133.9863412
03/12/2018 21:00,155.5841286
03/12/2018 22:00,138.5972187
03/12/2018 23:00,177.0601971
04/12/2018 00:00,122.7434195
04/12/2018 01:00,102.1554472
04/12/2018 02:00,110.674684
04/12/2018 03:00,234.8408203
04/12/2018 04:00,223.8517271
04/12/2018 05:00,243.6013634
04/12/2018 06:00,206.6685919
04/12/2018 07:00,245.6490651
04/12/2018 08:00,231.3272986
04/12/2018 09:00,260.1135184
04/12/2018 10:00,241.2116032
04/12/2018 11:00,220.884424
04/12/2018 12:00,251.6845616
04/12/2018 13:00,229.1574805
04/12/2018 14:00,161.4101088
04/12/2018 15:00,210.1569018
04/12/2018 16:00,236.7106809
04/12/2018 17:00,240.8459605
04/12/2018 18:00,227.8666293
04/12/2018 19:00,266.5433508
04/12/2018 20:00,213.2436329
04/12/2018 21:00,159.9439151
04/12/2018 22:00,193.1981968
04/12/2018 23:00,226.4524785
05/12/2018 00:00,299.1873638
05/12/2018 01:00,252.2940342
05/12/2018 02:00,328.3066935
05/12/2018 03:00,131.8660932
05/12/2018 04:00,218.2286951
05/12/2018 05:00,226.8736102
05/12/2018 06:00,238.2365965
05/12/2018 07:00,233.198223
05/12/2018 08:00,171.4042766
05/12/2018 09:00,174.01699
05/12/2018 10:00,183.8786395
05/12/2018 11:00,280.1418596
05/12/2018 12:00,260.9056469
05/12/2018 13:00,280.0448336
05/12/2018 14:00,177.1135766
05/12/2018 15:00,135.9411308
05/12/2018 16:00,211.6717143
05/12/2018 17:00,247.7560837
05/12/2018 18:00,299.8656682
05/12/2018 19:00,351.8102845
05/12/2018 20:00,312.0354076
05/12/2018 21:00,277.9438794
05/12/2018 22:00,290.7624453
05/12/2018 23:00,309.9912919
06/12/2018 00:00,305.6877459
06/12/2018 01:00,239.8380159
06/12/2018 02:00,248.4496963
06/12/2018 03:00,171.75346
06/12/2018 04:00,214.8072803
06/12/2018 05:00,250.3617898
06/12/2018 06:00,295.680999
06/12/2018 07:00,253.6160222
06/12/2018 08:00,161.0736451
06/12/2018 09:00,169.1964403
06/12/2018 10:00,258.9869419
06/12/2018 11:00,251.0722268
06/12/2018 12:00,240.0705872
06/12/2018 13:00,164.2421717
06/12/2018 14:00,176.5494443
06/12/2018 15:00,196.2581205
06/12/2018 16:00,243.0687605
06/12/2018 17:00,170.843703
06/12/2018 18:00,241.4990157
06/12/2018 19:00,296.0162588
06/12/2018 20:00,310.0518272
06/12/2018 21:00,261.1340515
06/12/2018 22:00,226.1442831
06/12/2018 23:00,215.0550345
07/12/2018 00:00,243.4543407
07/12/2018 01:00,237.2976604
07/12/2018 02:00,243.4044701
07/12/2018 03:00,233.5342314
07/12/2018 04:00,224.7499658
07/12/2018 05:00,230.2315494
07/12/2018 06:00,237.6222887
07/12/2018 07:00,239.3809645
07/12/2018 08:00,213.6783603
07/12/2018 09:00,171.6316213
07/12/2018 10:00,205.5870131
07/12/2018 11:00,292.0289259
07/12/2018 12:00,248.5345935
07/12/2018 13:00,235.6921218
07/12/2018 14:00,213.8829843
07/12/2018 15:00,251.8568793
07/12/2018 16:00,249.3468986
07/12/2018 17:00,257.9162804
07/12/2018 18:00,254.6296533
07/12/2018 19:00,266.7249728
07/12/2018 20:00,221.1351638
07/12/2018 21:00,175.8289858
07/12/2018 22:00,192.2489843
07/12/2018 23:00,216.8882287
08/12/2018 00:00,234.5353226
08/12/2018 01:00,300.1598897
08/12/2018 02:00,354.7758478
08/12/2018 03:00,358.8504735
08/12/2018 04:00,310.7561021
08/12/2018 05:00,395.8703246
08/12/2018 06:00,164.5764785
08/12/2018 07:00,144.4123532
08/12/2018 08:00,127.9003422
08/12/2018 09:00,126.00513
08/12/2018 10:00,140.1995685
08/12/2018 11:00,161.7392673
08/12/2018 12:00,143.3047479
08/12/2018 13:00,135.9016944
08/12/2018 14:00,125.419434
08/12/2018 15:00,133.8064665
08/12/2018 16:00,141.5492195
08/12/2018 17:00,213.6740525
08/12/2018 18:00,168.3063826
08/12/2018 19:00,227.2574102
08/12/2018 20:00,199.3917563
08/12/2018 21:00,215.5079152
08/12/2018 22:00,201.5707835
08/12/2018 23:00,223.4125217
09/12/2018 00:00,184.4008953
09/12/2018 01:00,162.9041766
09/12/2018 02:00,176.7867561
09/12/2018 03:00,184.9946179
09/12/2018 04:00,123.6113168
09/12/2018 05:00,114.1218843
09/12/2018 06:00,103.7048527
09/12/2018 07:00,101.151411
09/12/2018 08:00,109.8158451
09/12/2018 09:00,114.1593862
09/12/2018 10:00,123.7708383
09/12/2018 11:00,132.6069316
09/12/2018 12:00,186.0783004
09/12/2018 13:00,190.0353931
09/12/2018 14:00,184.412937
09/12/2018 15:00,158.4870106
09/12/2018 16:00,161.5750327
09/12/2018 17:00,129.8528605
09/12/2018 18:00,131.9895772
09/12/2018 19:00,171.0325591
09/12/2018 20:00,140.5554155
09/12/2018 21:00,136.5514904
09/12/2018 22:00,158.7818013
09/12/2018 23:00,163.1830158
10/12/2018 00:00,153.6591194
10/12/2018 01:00,145.9522578
10/12/2018 02:00,139.7833584
10/12/2018 03:00,131.6022772
10/12/2018 04:00,155.224165
10/12/2018 05:00,138.7096564
10/12/2018 06:00,165.1198883
10/12/2018 07:00,142.4045189
10/12/2018 08:00,118.6361588
10/12/2018 09:00,114.3107846
10/12/2018 10:00,176.1312702
10/12/2018 11:00,195.6443523
10/12/2018 12:00,185.1674134
10/12/2018 13:00,154.4603697
10/12/2018 14:00,145.9800199
10/12/2018 15:00,144.310114
10/12/2018 16:00,178.5534178
10/12/2018 17:00,195.3931154
10/12/2018 18:00,137.231401
10/12/2018 19:00,181.8341423
10/12/2018 20:00,188.395138
10/12/2018 21:00,187.5415188
10/12/2018 22:00,138.5308855
10/12/2018 23:00,84.10178046
11/12/2018 00:00,117.4639759
11/12/2018 01:00,116.3075513
11/12/2018 02:00,118.4759067
11/12/2018 03:00,162.2653259
11/12/2018 04:00,134.7210937
11/12/2018 05:00,131.8419188
11/12/2018 06:00,152.0714648
11/12/2018 07:00,189.455367
11/12/2018 08:00,224.7923806
11/12/2018 09:00,203.6945053
11/12/2018 10:00,154.3780558
11/12/2018 11:00,161.4065729
11/12/2018 12:00,131.2964281
11/12/2018 13:00,199.3077201
11/12/2018 14:00,209.6095885
11/12/2018 15:00,277.9120203
11/12/2018 16:00,294.6767534
11/12/2018 17:00,247.0812047
11/12/2018 18:00,173.4681933
11/12/2018 19:00,193.9937353
11/12/2018 20:00,155.5381131
11/12/2018 21:00,163.5883557
11/12/2018 22:00,130.2306949
11/12/2018 23:00,117.1925645
12/12/2018 00:00,144.4238974
12/12/2018 01:00,122.1954131
12/12/2018 02:00,132.2284025
12/12/2018 03:00,156.1051111
12/12/2018 04:00,161.0288678
12/12/2018 05:00,183.4045952
12/12/2018 06:00,168.2306484
12/12/2018 07:00,146.5170215
12/12/2018 08:00,132.994468
12/12/2018 09:00,145.0532985
12/12/2018 10:00,195.7946798
12/12/2018 11:00,143.5835605
12/12/2018 12:00,150.2685294
12/12/2018 13:00,118.0966113
12/12/2018 14:00,111.3899943
12/12/2018 15:00,97.95905812
12/12/2018 16:00,108.6396742
12/12/2018 17:00,134.57158
12/12/2018 18:00,133.8722552
12/12/2018 19:00,188.3082444
12/12/2018 20:00,187.6132229
12/12/2018 21:00,139.3043967
12/12/2018 22:00,125.8461742
12/12/2018 23:00,122.2022282
13/12/2018 00:00,112.8643783
13/12/2018 01:00,137.9296324
13/12/2018 02:00,136.2170353
13/12/2018 03:00,142.612072
13/12/2018 04:00,125.0774546
13/12/2018 05:00,107.559878
13/12/2018 06:00,220.5121648
13/12/2018 07:00,131.2732471
13/12/2018 08:00,129.3531495
13/12/2018 09:00,141.7023075
13/12/2018 10:00,113.8812589
13/12/2018 11:00,116.2451899
13/12/2018 12:00,140.978841
13/12/2018 13:00,131.0386592
13/12/2018 14:00,150.5754805
13/12/2018 15:00,196.3236491
13/12/2018 16:00,253.9729892
13/12/2018 17:00,249.3741616
13/12/2018 18:00,248.2533816
13/12/2018 19:00,0
13/12/2018 20:00,0
13/12/2018 21:00,0
13/12/2018 22:00,0
13/12/2018 23:00,0
14/12/2018 00:00,0
14/12/2018 01:00,0
14/12/2018 02:00,0
14/12/2018 03:00,0
14/12/2018 04:00,0
14/12/2018 05:00,0
14/12/2018 06:00,0
14/12/2018 07:00,0
14/12/2018 08:00,0
14/12/2018 09:00,0
14/12/2018 10:00,0
14/12/2018 11:00,0
14/12/2018 12:00,0
14/12/2018 13:00,0
14/12/2018 14:00,0
14/12/2018 15:00,0
14/12/2018 16:00,0
14/12/2018 17:00,0
14/12/2018 18:00,0
14/12/2018 19:00,0
14/12/2018 20:00,0
14/12/2018 21:00,0
14/12/2018 22:00,7.697253388
14/12/2018 23:00,144.3695122
15/12/2018 00:00,137.2474388
15/12/2018 01:00,185.0837608
15/12/2018 02:00,166.1621928
15/12/2018 03:00,116.0582701
15/12/2018 04:00,164.3865415
15/12/2018 05:00,182.3347255
15/12/2018 06:00,154.3129994
15/12/2018 07:00,134.9066214
15/12/2018 08:00,163.4892626
15/12/2018 09:00,159.4894246
15/12/2018 10:00,123.2277539
15/12/2018 11:00,87.77132045
15/12/2018 12:00,121.6121215
15/12/2018 13:00,109.3299491
15/12/2018 14:00,139.585652
15/12/2018 15:00,148.123514
15/12/2018 16:00,116.1696109
15/12/2018 17:00,96.22723259
15/12/2018 18:00,119.5735124
15/12/2018 19:00,141.5928676
15/12/2018 20:00,104.9347963
15/12/2018 21:00,123.6968294
15/12/2018 22:00,99.20152268
15/12/2018 23:00,177.2450188
16/12/2018 00:00,126.8111545
16/12/2018 01:00,112.1754665
16/12/2018 02:00,108.1349665
16/12/2018 03:00,107.5794864
16/12/2018 04:00,98.13202484
16/12/2018 05:00,206.5167732
16/12/2018 06:00,140.4863305
16/12/2018 07:00,129.9118041
16/12/2018 08:00,148.6031259
16/12/2018 09:00,137.8726619
16/12/2018 10:00,127.2335428
16/12/2018 11:00,158.3280999
16/12/2018 12:00,146.7810188
16/12/2018 13:00,147.8039016
16/12/2018 14:00,118.0596897
16/12/2018 15:00,109.2291203
16/12/2018 16:00,108.111418
16/12/2018 17:00,137.0556108
16/12/2018 18:00,117.9094832
16/12/2018 19:00,128.2457453
16/12/2018 20:00,115.5743889
16/12/2018 21:00,110.3665614
16/12/2018 22:00,86.93938559
16/12/2018 23:00,87.95701397
17/12/2018 00:00,87.85512473
17/12/2018 01:00,86.61855246
17/12/2018 02:00,90.75927027
17/12/2018 03:00,94.8747075
17/12/2018 04:00,120.1194695
17/12/2018 05:00,149.6003451
17/12/2018 06:00,83.87099108
17/12/2018 07:00,84.9312766
17/12/2018 08:00,73.77254777
17/12/2018 09:00,112.9147706
17/12/2018 10:00,111.3946208
17/12/2018 11:00,108.4044032
17/12/2018 12:00,112.6758365
17/12/2018 13:00,85.97182756
17/12/2018 14:00,114.2644694
17/12/2018 15:00,129.4631686
17/12/2018 16:00,139.5999124
17/12/2018 17:00,176.6565734
17/12/2018 18:00,129.0380204
17/12/2018 19:00,153.3152812
17/12/2018 20:00,131.4034796
17/12/2018 21:00,158.9875825
17/12/2018 22:00,171.075894
17/12/2018 23:00,133.729356
18/12/2018 00:00,147.4614809
18/12/2018 01:00,139.1704158
18/12/2018 02:00,129.8651749
18/12/2018 03:00,131.6583679
18/12/2018 04:00,120.8185647
18/12/2018 05:00,132.9340413
18/12/2018 06:00,103.6942838
18/12/2018 07:00,107.6036688
18/12/2018 08:00,96.28925095
18/12/2018 09:00,109.3378051
18/12/2018 10:00,133.4647678
18/12/2018 11:00,77.83674322
18/12/2018 12:00,71.37900707
18/12/2018 13:00,84.65092025
18/12/2018 14:00,156.633762
18/12/2018 15:00,116.3260892
18/12/2018 16:00,118.9590284
18/12/2018 17:00,107.0912934
18/12/2018 18:00,99.57525867
18/12/2018 19:00,92.5135167
18/12/2018 20:00,77.61532286
18/12/2018 21:00,135.8600937
18/12/2018 22:00,127.9167848
18/12/2018 23:00,85.37068543
19/12/2018 00:00,104.153364
19/12/2018 01:00,156.2135858
19/12/2018 02:00,77.46570815
19/12/2018 03:00,179.9100342
19/12/2018 04:00,67.81914588
19/12/2018 05:00,104.5760041
19/12/2018 06:00,240.1031685
19/12/2018 07:00,67.02407151
19/12/2018 08:00,153.3656061
19/12/2018 09:00,62.28202855
19/12/2018 10:00,83.68064403
19/12/2018 11:00,93.90832539
19/12/2018 12:00,114.4330172
19/12/2018 13:00,96.9687057
19/12/2018 14:00,93.22053124
19/12/2018 15:00,109.9392112
19/12/2018 16:00,108.5900425
19/12/2018 17:00,108.6596345
19/12/2018 18:00,110.3899064
19/12/2018 19:00,114.6391201
19/12/2018 20:00,93.59450981
19/12/2018 21:00,79.07346712
19/12/2018 22:00,109.8786123
19/12/2018 23:00,92.14025787
20/12/2018 00:00,99.86983108
20/12/2018 01:00,106.3556423
20/12/2018 02:00,98.48738685
20/12/2018 03:00,99.24751817
20/12/2018 04:00,100.0271861
20/12/2018 05:00,74.02509818
20/12/2018 06:00,62.88143979
20/12/2018 07:00,65.77276826
20/12/2018 08:00,53.28184585
20/12/2018 09:00,68.20842245
20/12/2018 10:00,70.1209417
20/12/2018 11:00,185.5678533
20/12/2018 12:00,174.034791
20/12/2018 13:00,197.1735294
20/12/2018 14:00,153.1155237
20/12/2018 15:00,120.0031911
20/12/2018 16:00,71.31694945
20/12/2018 17:00,115.0188386
20/12/2018 18:00,135.1535822
20/12/2018 19:00,123.678488
20/12/2018 20:00,108.1960573
20/12/2018 21:00,99.08727815
20/12/2018 22:00,111.8397332
20/12/2018 23:00,106.7882856
21/12/2018 00:00,92.76880058
21/12/2018 01:00,106.3686263
21/12/2018 02:00,85.01426564
21/12/2018 03:00,102.1371544
21/12/2018 04:00,92.2208852
21/12/2018 05:00,117.3442209
21/12/2018 06:00,111.4641814
21/12/2018 07:00,126.2280111
21/12/2018 08:00,97.85196826
21/12/2018 09:00,89.77732347
21/12/2018 10:00,112.8255402
21/12/2018 11:00,83.60485192
21/12/2018 12:00,99.30947989
21/12/2018 13:00,90.89067049
21/12/2018 14:00,89.97402786
21/12/2018 15:00,122.8674282
21/12/2018 16:00,105.1808739
21/12/2018 17:00,100.7461675
21/12/2018 18:00,102.4220026
21/12/2018 19:00,168.9297618
21/12/2018 20:00,104.7810789
21/12/2018 21:00,103.5842362
21/12/2018 22:00,97.92531915
21/12/2018 23:00,87.63386212
22/12/2018 00:00,103.3445466
22/12/2018 01:00,97.41065754
22/12/2018 02:00,84.94479122
22/12/2018 03:00,86.77413996
22/12/2018 04:00,98.24903384
22/12/2018 05:00,96.85450097
22/12/2018 06:00,69.86699096
22/12/2018 07:00,72.92449609
22/12/2018 08:00,79.57860208
22/12/2018 09:00,90.55228243
22/12/2018 10:00,91.86247642
22/12/2018 11:00,87.22644244
22/12/2018 12:00,86.99728844
22/12/2018 13:00,71.83862057
22/12/2018 14:00,62.01686047
22/12/2018 15:00,91.98198388
22/12/2018 16:00,103.2296304
22/12/2018 17:00,62.14857762
22/12/2018 18:00,69.07994407
22/12/2018 19:00,93.58376531
22/12/2018 20:00,58.2314147
22/12/2018 21:00,69.56226568
22/12/2018 22:00,109.6087726
22/12/2018 23:00,106.2701864
23/12/2018 00:00,98.84926923
23/12/2018 01:00,93.52521474
23/12/2018 02:00,95.87053659
23/12/2018 03:00,82.78879661
23/12/2018 04:00,135.36231
23/12/2018 05:00,123.8133436
23/12/2018 06:00,95.62194801
23/12/2018 07:00,112.5467088
23/12/2018 08:00,96.30919586
23/12/2018 09:00,97.66293392
23/12/2018 10:00,78.7339645
23/12/2018 11:00,112.9120947
23/12/2018 12:00,115.4786842
23/12/2018 13:00,123.06222
23/12/2018 14:00,108.7461707
23/12/2018 15:00,84.86205447
23/12/2018 16:00,84.69778978
23/12/2018 17:00,102.876295
23/12/2018 18:00,158.2065365
23/12/2018 19:00,128.661431
23/12/2018 20:00,132.4813326
23/12/2018 21:00,90.84919009
23/12/2018 22:00,86.2756628
23/12/2018 23:00,64.9131212
24/12/2018 00:00,69.84460656
24/12/2018 01:00,67.71489744
24/12/2018 02:00,66.1670683
24/12/2018 03:00,78.87899489
24/12/2018 04:00,105.2261979
24/12/2018 05:00,110.4497768
24/12/2018 06:00,125.0504307
24/12/2018 07:00,93.01739752
24/12/2018 08:00,125.5675421
24/12/2018 09:00,124.0212785
24/12/2018 10:00,85.52953011
24/12/2018 11:00,107.5889549
24/12/2018 12:00,98.33208775
24/12/2018 13:00,97.57230643
24/12/2018 14:00,87.9615258
24/12/2018 15:00,99.70319048
24/12/2018 16:00,128.3717665
24/12/2018 17:00,147.0329584
24/12/2018 18:00,78.46098521
24/12/2018 19:00,105.599207
24/12/2018 20:00,158.2444717
24/12/2018 21:00,290.2692703
24/12/2018 22:00,144.5520903
24/12/2018 23:00,110.589658
25/12/2018 00:00,125.6606053
25/12/2018 01:00,138.4417285
25/12/2018 02:00,98.24892238
25/12/2018 03:00,77.94167926
25/12/2018 04:00,168.3212991
25/12/2018 05:00,99.12907268
25/12/2018 06:00,88.61703876
25/12/2018 07:00,162.0770973
25/12/2018 08:00,141.274212
25/12/2018 09:00,72.18923887
25/12/2018 10:00,122.028552
25/12/2018 11:00,137.6043306
25/12/2018 12:00,69.42809976
25/12/2018 13:00,111.2931599
25/12/2018 14:00,174.3608308
25/12/2018 15:00,92.52451387
25/12/2018 16:00,161.7877046
25/12/2018 17:00,222.6939079
25/12/2018 18:00,166.3413056
25/12/2018 19:00,106.1960001
25/12/2018 20:00,123.889191
25/12/2018 21:00,115.4083135
25/12/2018 22:00,141.7645531
25/12/2018 23:00,98.55487083
26/12/2018 00:00,121.0803001
26/12/2018 01:00,136.9383295
26/12/2018 02:00,109.7351784
26/12/2018 03:00,99.05688174
26/12/2018 04:00,105.8656773
26/12/2018 05:00,112.5665924
26/12/2018 06:00,104.6845033
26/12/2018 07:00,135.5679313
26/12/2018 08:00,167.9300571
26/12/2018 09:00,146.4602802
26/12/2018 10:00,190.9822689
26/12/2018 11:00,152.5534854
26/12/2018 12:00,145.877726
26/12/2018 13:00,179.9834658
26/12/2018 14:00,168.9385704
26/12/2018 15:00,185.8497173
26/12/2018 16:00,158.6690918
26/12/2018 17:00,150.2915554
26/12/2018 18:00,132.6328953
26/12/2018 19:00,134.2267295
26/12/2018 20:00,113.3795131
26/12/2018 21:00,127.9409144
26/12/2018 22:00,156.2093833
26/12/2018 23:00,131.6953579
27/12/2018 00:00,129.3736374
27/12/2018 01:00,137.0314066
27/12/2018 02:00,151.8148493
27/12/2018 03:00,199.5993498
27/12/2018 04:00,223.2608084
27/12/2018 05:00,215.999343
27/12/2018 06:00,181.6619947
27/12/2018 07:00,173.2630397
27/12/2018 08:00,136.8099954
27/12/2018 09:00,137.9603273
27/12/2018 10:00,154.1354864
27/12/2018 11:00,178.2670867
27/12/2018 12:00,156.1273104
27/12/2018 13:00,162.4422225
27/12/2018 14:00,132.3709806
27/12/2018 15:00,136.0160231
27/12/2018 16:00,147.4041308
27/12/2018 17:00,134.7180793
27/12/2018 18:00,168.8664143
27/12/2018 19:00,118.8980453
27/12/2018 20:00,116.6458963
27/12/2018 21:00,168.1204387
27/12/2018 22:00,127.2366348
27/12/2018 23:00,226.4893787
28/12/2018 00:00,158.5830817
28/12/2018 01:00,172.6679686
28/12/2018 02:00,196.6341309
28/12/2018 03:00,110.6564652
28/12/2018 04:00,124.7341653
28/12/2018 05:00,148.3538137
28/12/2018 06:00,118.2365542
28/12/2018 07:00,99.73022923
28/12/2018 08:00,94.79130562
28/12/2018 09:00,139.5559691
28/12/2018 10:00,115.8815654
28/12/2018 11:00,139.4757164
28/12/2018 12:00,161.9045133
28/12/2018 13:00,126.9340051
28/12/2018 14:00,123.7356768
28/12/2018 15:00,143.6206865
28/12/2018 16:00,152.8790611
28/12/2018 17:00,199.2363544
28/12/2018 18:00,222.1664137
28/12/2018 19:00,172.2152721
28/12/2018 20:00,154.3115073
28/12/2018 21:00,146.0309716
28/12/2018 22:00,164.0271787
28/12/2018 23:00,171.2465733
29/12/2018 00:00,159.9659463
29/12/2018 01:00,164.8145075
29/12/2018 02:00,131.8568449
29/12/2018 03:00,138.8633184
29/12/2018 04:00,148.7087726
29/12/2018 05:00,154.8601313
29/12/2018 06:00,173.003833
29/12/2018 07:00,147.2036982
29/12/2018 08:00,204.9249752
29/12/2018 09:00,175.9625238
29/12/2018 10:00,139.107421
29/12/2018 11:00,123.2691635
29/12/2018 12:00,92.90413901
29/12/2018 13:00,146.4736871
29/12/2018 14:00,171.3234876
29/12/2018 15:00,148.8723871
29/12/2018 16:00,202.324561
29/12/2018 17:00,153.226316
29/12/2018 18:00,193.5028409
29/12/2018 19:00,155.9609002
29/12/2018 20:00,175.2612647
29/12/2018 21:00,204.375794
29/12/2018 22:00,212.68866
29/12/2018 23:00,163.3849878
30/12/2018 00:00,280.444151
30/12/2018 01:00,183.7919824
30/12/2018 02:00,207.3807585
30/12/2018 03:00,237.5126198
30/12/2018 04:00,197.041055
30/12/2018 05:00,127.0318096
30/12/2018 06:00,151.8356337
30/12/2018 07:00,239.5520491
30/12/2018 08:00,216.0103023
30/12/2018 09:00,198.3408863
30/12/2018 10:00,159.5955264
30/12/2018 11:00,162.147686
30/12/2018 12:00,205.0855841
30/12/2018 13:00,260.1914854
30/12/2018 14:00,184.9649922
30/12/2018 15:00,188.1514906
30/12/2018 16:00,137.2849786
30/12/2018 17:00,176.7271592
30/12/2018 18:00,128.2780347
30/12/2018 19:00,134.3260044
30/12/2018 20:00,224.9574255
30/12/2018 21:00,155.9130552
30/12/2018 22:00,130.5578503
30/12/2018 23:00,134.110947
31/12/2018 00:00,110.5332575
31/12/2018 01:00,167.2850709
31/12/2018 02:00,137.5615792
31/12/2018 03:00,159.2728612
31/12/2018 04:00,149.7371228
31/12/2018 05:00,149.6714548
31/12/2018 06:00,166.1239349
31/12/2018 07:00,102.7542575
31/12/2018 08:00,139.566031
31/12/2018 09:00,135.7559492
31/12/2018 10:00,109.8463594
31/12/2018 11:00,112.9453284
31/12/2018 12:00,159.8309903
31/12/2018 13:00,130.5299339
31/12/2018 14:00,151.4626025
31/12/2018 15:00,130.3213305
31/12/2018 16:00,138.1988916
31/12/2018 17:00,109.7422554
31/12/2018 18:00,89.0920311
31/12/2018 19:00,148.6209146
31/12/2018 20:00,106.7498421
31/12/2018 21:00,130.0873365
31/12/2018 22:00,143.3294882
31/12/2018 23:00,103.8651887
01/01/2019 00:00,111.3812154
01/01/2019 01:00,122.6137357
01/01/2019 02:00,138.5549532
01/01/2019 03:00,120.6368554
01/01/2019 04:00,92.9445676
01/01/2019 05:00,94.10281966
01/01/2019 06:00,81.65638782
01/01/2019 07:00,84.81725865
01/01/2019 08:00,101.3590112
01/01/2019 09:00,111.7797855
01/01/2019 10:00,91.03853043
01/01/2019 11:00,127.4599702
01/01/2019 12:00,120.9921645
01/01/2019 13:00,138.2442714
01/01/2019 14:00,130.7591529
01/01/2019 15:00,122.2256642
01/01/2019 16:00,130.2917299
01/01/2019 17:00,158.6466116
01/01/2019 18:00,143.4513345
01/01/2019 19:00,170.6653806
01/01/2019 20:00,190.0491209
01/01/2019 21:00,153.8031279
01/01/2019 22:00,179.1848113
01/01/2019 23:00,192.4108631
02/01/2019 00:00,177.5975056
02/01/2019 01:00,201.350695
02/01/2019 02:00,167.9739379
02/01/2019 03:00,250.2600638
02/01/2019 04:00,241.9320812
02/01/2019 05:00,213.805156
02/01/2019 06:00,199.5381936
02/01/2019 07:00,122.8963297
02/01/2019 08:00,104.8403527
02/01/2019 09:00,135.2577671
02/01/2019 10:00,192.8934368
02/01/2019 11:00,201.2129456
02/01/2019 12:00,254.5623294
02/01/2019 13:00,200.1752265
02/01/2019 14:00,140.7263012
02/01/2019 15:00,140.8441211
02/01/2019 16:00,207.3878644
02/01/2019 17:00,163.5912029
02/01/2019 18:00,169.6821115
02/01/2019 19:00,196.8126713
02/01/2019 20:00,203.1325869
02/01/2019 21:00,167.1155432
02/01/2019 22:00,142.5682908
02/01/2019 23:00,173.3533119
03/01/2019 00:00,213.5983948
03/01/2019 01:00,186.2719893
03/01/2019 02:00,225.2809033
03/01/2019 03:00,215.6003638
03/01/2019 04:00,180.7284956
03/01/2019 05:00,167.9916478
03/01/2019 06:00,255.6753638
03/01/2019 07:00,223.3800129
03/01/2019 08:00,212.244145
03/01/2019 09:00,194.6775296
03/01/2019 10:00,211.9728308
03/01/2019 11:00,201.8412257
03/01/2019 12:00,215.0189723
03/01/2019 13:00,198.2043308
03/01/2019 14:00,205.930433
03/01/2019 15:00,219.3266912
03/01/2019 16:00,252.106685
03/01/2019 17:00,290.5032157
03/01/2019 18:00,335.4784825
03/01/2019 19:00,264.5232327
03/01/2019 20:00,218.4732739
03/01/2019 21:00,202.7655838
03/01/2019 22:00,210.1898306
03/01/2019 23:00,351.5278759
04/01/2019 00:00,366.1967944
04/01/2019 01:00,223.7801269
04/01/2019 02:00,202.0129663
04/01/2019 03:00,180.007933
04/01/2019 04:00,239.2970704
04/01/2019 05:00,253.8334214
04/01/2019 06:00,297.5983937
04/01/2019 07:00,362.343823
04/01/2019 08:00,208.8094095
04/01/2019 09:00,203.2374
04/01/2019 10:00,270.4483573
04/01/2019 11:00,364.3275637
04/01/2019 12:00,442.5838384
04/01/2019 13:00,463.2219284
04/01/2019 14:00,366.1386237
04/01/2019 15:00,282.7902984
04/01/2019 16:00,437.0971456
04/01/2019 17:00,472.8741404
04/01/2019 18:00,316.3369233
04/01/2019 19:00,304.6840325
04/01/2019 20:00,282.1234983
04/01/2019 21:00,311.5299506
04/01/2019 22:00,350.7581671
04/01/2019 23:00,331.4429705
05/01/2019 00:00,401.0818617
05/01/2019 01:00,369.6881739
05/01/2019 02:00,346.9144519
05/01/2019 03:00,354.8161029
05/01/2019 04:00,491.4591605
05/01/2019 05:00,318.2166691
05/01/2019 06:00,503.467487
05/01/2019 07:00,520.5181784
05/01/2019 08:00,533.0187997
05/01/2019 09:00,391.7877747
05/01/2019 10:00,566.4803034
05/01/2019 11:00,335.503442
05/01/2019 12:00,196.1592329
05/01/2019 13:00,257.3520058
05/01/2019 14:00,256.8027607
05/01/2019 15:00,160.192604
05/01/2019 16:00,193.4473015
05/01/2019 17:00,177.4938392
05/01/2019 18:00,151.9927914
05/01/2019 19:00,97.97463193
05/01/2019 20:00,139.6191601
05/01/2019 21:00,164.2500311
05/01/2019 22:00,160.3466791
05/01/2019 23:00,137.1799497
06/01/2019 00:00,182.1497003
06/01/2019 01:00,105.7433023
06/01/2019 02:00,113.1545007
06/01/2019 03:00,107.5899203
06/01/2019 04:00,119.5955879
06/01/2019 05:00,149.374157
06/01/2019 06:00,170.7011729
06/01/2019 07:00,136.6180644
06/01/2019 08:00,99.36813763
06/01/2019 09:00,136.3326999
06/01/2019 10:00,155.0921527
06/01/2019 11:00,139.9788716
06/01/2019 12:00,223.7215201
06/01/2019 13:00,146.5133414
06/01/2019 14:00,198.135588
06/01/2019 15:00,244.1363746
06/01/2019 16:00,204.2214292
06/01/2019 17:00,196.7792693
06/01/2019 18:00,276.013393
06/01/2019 19:00,210.7723785
06/01/2019 20:00,195.322256
06/01/2019 21:00,266.5804718
06/01/2019 22:00,359.3182497
06/01/2019 23:00,188.4908898
07/01/2019 00:00,199.1066514
07/01/2019 01:00,279.0374038
07/01/2019 02:00,274.9539627
07/01/2019 03:00,328.7071976
07/01/2019 04:00,208.108455
07/01/2019 05:00,253.364344
07/01/2019 06:00,263.8809785
07/01/2019 07:00,221.9866524
07/01/2019 08:00,251.1101198
07/01/2019 09:00,236.8576232
07/01/2019 10:00,208.4047538
07/01/2019 11:00,223.4192122
07/01/2019 12:00,184.2498724
07/01/2019 13:00,145.0805325
07/01/2019 14:00,192.725956
07/01/2019 15:00,209.3968278
07/01/2019 16:00,200.2870052
07/01/2019 17:00,308.709163
07/01/2019 18:00,295.0281146
07/01/2019 19:00,269.1807424
07/01/2019 20:00,315.8617676
07/01/2019 21:00,259.4274701
07/01/2019 22:00,288.4673881
07/01/2019 23:00,403.2619513
08/01/2019 00:00,337.7492589
08/01/2019 01:00,314.064298
08/01/2019 02:00,221.8546973
08/01/2019 03:00,200.8376469
08/01/2019 04:00,274.1678378
08/01/2019 05:00,408.5512608
08/01/2019 06:00,405.408122
08/01/2019 07:00,335.7980843
08/01/2019 08:00,405.1842015
08/01/2019 09:00,300.4203976
08/01/2019 10:00,302.2357141
08/01/2019 11:00,228.5053458
08/01/2019 12:00,227.2435916
08/01/2019 13:00,196.9790472
08/01/2019 14:00,266.6683408
08/01/2019 15:00,200.2864131
08/01/2019 16:00,203.8759015
08/01/2019 17:00,192.5055291
08/01/2019 18:00,129.1468045
08/01/2019 19:00,190.9080492
08/01/2019 20:00,222.7283171
08/01/2019 21:00,157.3031389
08/01/2019 22:00,185.667698
08/01/2019 23:00,232.0053103
09/01/2019 00:00,205.0370568
09/01/2019 01:00,237.4918397
09/01/2019 02:00,245.4259244
09/01/2019 03:00,314.2986126
09/01/2019 04:00,318.9901138
09/01/2019 05:00,211.7551403
09/01/2019 06:00,249.4569083
09/01/2019 07:00,251.6141943
09/01/2019 08:00,228.8845023
09/01/2019 09:00,199.8222363
09/01/2019 10:00,279.3498554
09/01/2019 11:00,301.3345853
09/01/2019 12:00,270.9129839
09/01/2019 13:00,238.3489113
09/01/2019 14:00,205.3972323
09/01/2019 15:00,256.8555712
09/01/2019 16:00,284.5158095
09/01/2019 17:00,306.6548277
09/01/2019 18:00,250.8795721
09/01/2019 19:00,187.1908394
09/01/2019 20:00,192.8017732
09/01/2019 21:00,149.9889114
09/01/2019 22:00,118.639413
09/01/2019 23:00,186.6837333
10/01/2019 00:00,96.71307429
10/01/2019 01:00,177.003987
10/01/2019 02:00,109.4975
10/01/2019 03:00,131.7343605
10/01/2019 04:00,145.7526621
10/01/2019 05:00,88.84821679
10/01/2019 06:00,214.7601484
10/01/2019 07:00,152.8100229
10/01/2019 08:00,144.5363601
10/01/2019 09:00,196.9390849
10/01/2019 10:00,133.9031665
10/01/2019 11:00,196.2088753
10/01/2019 12:00,149.1031539
10/01/2019 13:00,135.7011809
10/01/2019 14:00,144.7338977
10/01/2019 15:00,103.8252229
10/01/2019 16:00,107.8377487
10/01/2019 17:00,164.0067948
10/01/2019 18:00,96.96290512
10/01/2019 19:00,115.5768073
10/01/2019 20:00,103.0649462
10/01/2019 21:00,91.70823284
10/01/2019 22:00,74.83110963
10/01/2019 23:00,143.0329542
11/01/2019 00:00,140.228547
11/01/2019 01:00,124.0210528
11/01/2019 02:00,213.3103173
11/01/2019 03:00,168.5486727
11/01/2019 04:00,184.3883316
11/01/2019 05:00,205.2562748
11/01/2019 06:00,138.3151664
11/01/2019 07:00,125.3660123
11/01/2019 08:00,130.2855796
11/01/2019 09:00,132.0830414
11/01/2019 10:00,125.9170035
11/01/2019 11:00,147.7122915
11/01/2019 12:00,121.9522538
11/01/2019 13:00,130.1181459
11/01/2019 14:00,122.6684335
11/01/2019 15:00,181.0291752
11/01/2019 16:00,194.1946324
11/01/2019 17:00,140.8855835
11/01/2019 18:00,109.5619473
11/01/2019 19:00,133.1701506
11/01/2019 20:00,152.8859217
11/01/2019 21:00,199.7045916
11/01/2019 22:00,229.9259123
11/01/2019 23:00,224.8356749
12/01/2019 00:00,204.982577
12/01/2019 01:00,182.7731409
12/01/2019 02:00,144.883981
12/01/2019 03:00,105.0428406
12/01/2019 04:00,128.5745466
12/01/2019 05:00,111.6108826
12/01/2019 06:00,147.1773094
12/01/2019 07:00,128.4849463
12/01/2019 08:00,120.1005116
12/01/2019 09:00,100.2522145
12/01/2019 10:00,112.40843
12/01/2019 11:00,109.9266744
12/01/2019 12:00,164.1098066
12/01/2019 13:00,100.3066492
12/01/2019 14:00,116.7704812
12/01/2019 15:00,161.2868196
12/01/2019 16:00,157.1191269
12/01/2019 17:00,192.242568
12/01/2019 18:00,176.0122333
12/01/2019 19:00,171.187863
12/01/2019 20:00,126.9759064
12/01/2019 21:00,128.0364486
12/01/2019 22:00,114.2283975
12/01/2019 23:00,116.2437259
13/01/2019 00:00,94.82156416
13/01/2019 01:00,97.20825583
13/01/2019 02:00,125.3898307
13/01/2019 03:00,116.8936853
13/01/2019 04:00,152.8519432
13/01/2019 05:00,160.9779477
13/01/2019 06:00,164.1351725
13/01/2019 07:00,181.0331027
13/01/2019 08:00,126.6428364
13/01/2019 09:00,124.9613196
13/01/2019 10:00,157.1150092
13/01/2019 11:00,79.82552579
13/01/2019 12:00,127.6851396
13/01/2019 13:00,166.6386544
13/01/2019 14:00,108.6837127
13/01/2019 15:00,123.8394606
13/01/2019 16:00,131.0519713
13/01/2019 17:00,65.23308457
13/01/2019 18:00,104.7844905
13/01/2019 19:00,91.13189321
13/01/2019 20:00,115.6177858
13/01/2019 21:00,160.5313662
13/01/2019 22:00,122.153071
13/01/2019 23:00,143.3933752